<gpx xmlns:ns3="http://www.garmin.com/xmlschemas/TrackPointExtension/v1" xmlns="http://www.topografix.com/GPX/1/1" xmlns:xsi="http://www.w3.org/2001/XMLSchema-instance" xmlns:ns2="http://www.garmin.com/xmlschemas/GpxExtensions/v3" creator="Garmin Connect" version="1.1" xsi:schemaLocation="http://www.topografix.com/GPX/1/1 http://www.topografix.com/GPX/11.xsd">
  <extensions>
<distance>8203.3</distance>
<average_hr>151.0</average_hr>
<average_speed>3.13100004196167</average_speed>
<start_time>2026-08-07T15:27:05+00:00</start_time>
<end_time>2026-08-07T16:10:45.073000+00:00</end_time>
<moving_time>2605.005</moving_time>
<elapsed_time>3448.921</elapsed_time>
</extensions>
<metadata>
    <link href="connect.garmin.com">
      <text>Garmin Connect</text>
    </link>
    <time>2026-08-07T15:27:05.000Z</time>
  </metadata>
  <trk>
    <name>芜湖市 跑步</name>
    <type>running</type>
    <trkseg>
      <trkpt lat="31.337341256439685821533203125" lon="118.37394453585147857666015625">
        <ele>17.3999996185302734375</ele>
        <time>2026-08-07T15:27:05.000Z</time>
        <extensions>
          <ns3:TrackPointExtension>
            <ns3:hr>101</ns3:hr>
            <ns3:cad>0</ns3:cad>
          </ns3:TrackPointExtension>
        </extensions>
      </trkpt>
      <trkpt lat="31.33743538521230220794677734375" lon="118.37391905486583709716796875">
        <ele>17.3999996185302734375</ele>
        <time>2026-08-07T15:27:06.000Z</time>
        <extensions>
          <ns3:TrackPointExtension>
            <ns3:hr>102</ns3:hr>
            <ns3:cad>0</ns3:cad>
          </ns3:TrackPointExtension>
        </extensions>
      </trkpt>
      <trkpt lat="31.33741132915019989013671875" lon="118.3739195577800273895263671875">
        <ele>17.3999996185302734375</ele>
        <time>2026-08-07T15:27:07.000Z</time>
        <extensions>
          <ns3:TrackPointExtension>
            <ns3:hr>101</ns3:hr>
            <ns3:cad>0</ns3:cad>
          </ns3:TrackPointExtension>
        </extensions>
      </trkpt>
      <trkpt lat="31.33737721480429172515869140625" lon="118.37390656583011150360107421875">
        <ele>17.3999996185302734375</ele>
        <time>2026-08-07T15:27:08.000Z</time>
        <extensions>
          <ns3:TrackPointExtension>
            <ns3:hr>101</ns3:hr>
            <ns3:cad>0</ns3:cad>
          </ns3:TrackPointExtension>
        </extensions>
      </trkpt>
      <trkpt lat="31.33734284900128841400146484375" lon="118.3739076554775238037109375">
        <ele>17.3999996185302734375</ele>
        <time>2026-08-07T15:27:09.000Z</time>
        <extensions>
          <ns3:TrackPointExtension>
            <ns3:hr>101</ns3:hr>
            <ns3:cad>0</ns3:cad>
          </ns3:TrackPointExtension>
        </extensions>
      </trkpt>
      <trkpt lat="31.33730127476155757904052734375" lon="118.3739081583917140960693359375">
        <ele>17.200000762939453125</ele>
        <time>2026-08-07T15:27:10.000Z</time>
        <extensions>
          <ns3:TrackPointExtension>
            <ns3:hr>101</ns3:hr>
            <ns3:cad>0</ns3:cad>
          </ns3:TrackPointExtension>
        </extensions>
      </trkpt>
      <trkpt lat="31.3372710160911083221435546875" lon="118.37390975095331668853759765625">
        <ele>17</ele>
        <time>2026-08-07T15:27:11.000Z</time>
        <extensions>
          <ns3:TrackPointExtension>
            <ns3:hr>101</ns3:hr>
            <ns3:cad>83</ns3:cad>
          </ns3:TrackPointExtension>
        </extensions>
      </trkpt>
      <trkpt lat="31.33723321370780467987060546875" lon="118.37390891276299953460693359375">
        <ele>17</ele>
        <time>2026-08-07T15:27:12.000Z</time>
        <extensions>
          <ns3:TrackPointExtension>
            <ns3:hr>102</ns3:hr>
            <ns3:cad>83</ns3:cad>
          </ns3:TrackPointExtension>
        </extensions>
      </trkpt>
      <trkpt lat="31.3371979258954524993896484375" lon="118.37390723638236522674560546875">
        <ele>16.799999237060546875</ele>
        <time>2026-08-07T15:27:13.000Z</time>
        <extensions>
          <ns3:TrackPointExtension>
            <ns3:hr>102</ns3:hr>
            <ns3:cad>88</ns3:cad>
          </ns3:TrackPointExtension>
        </extensions>
      </trkpt>
      <trkpt lat="31.337160877883434295654296875" lon="118.37391058914363384246826171875">
        <ele>16.799999237060546875</ele>
        <time>2026-08-07T15:27:14.000Z</time>
        <extensions>
          <ns3:TrackPointExtension>
            <ns3:hr>103</ns3:hr>
            <ns3:cad>90</ns3:cad>
          </ns3:TrackPointExtension>
        </extensions>
      </trkpt>
      <trkpt lat="31.33712508715689182281494140625" lon="118.37392400018870830535888671875">
        <ele>16.799999237060546875</ele>
        <time>2026-08-07T15:27:15.000Z</time>
        <extensions>
          <ns3:TrackPointExtension>
            <ns3:hr>104</ns3:hr>
            <ns3:cad>91</ns3:cad>
          </ns3:TrackPointExtension>
        </extensions>
      </trkpt>
      <trkpt lat="31.3370886258780956268310546875" lon="118.37392576038837432861328125">
        <ele>16.799999237060546875</ele>
        <time>2026-08-07T15:27:16.000Z</time>
        <extensions>
          <ns3:TrackPointExtension>
            <ns3:hr>103</ns3:hr>
            <ns3:cad>92</ns3:cad>
          </ns3:TrackPointExtension>
        </extensions>
      </trkpt>
      <trkpt lat="31.337049566209316253662109375" lon="118.37393405847251415252685546875">
        <ele>16.799999237060546875</ele>
        <time>2026-08-07T15:27:17.000Z</time>
        <extensions>
          <ns3:TrackPointExtension>
            <ns3:hr>103</ns3:hr>
            <ns3:cad>92</ns3:cad>
          </ns3:TrackPointExtension>
        </extensions>
      </trkpt>
      <trkpt lat="31.3370158709585666656494140625" lon="118.37393674068152904510498046875">
        <ele>16.6000003814697265625</ele>
        <time>2026-08-07T15:27:18.000Z</time>
        <extensions>
          <ns3:TrackPointExtension>
            <ns3:hr>102</ns3:hr>
            <ns3:cad>92</ns3:cad>
          </ns3:TrackPointExtension>
        </extensions>
      </trkpt>
      <trkpt lat="31.33698058314621448516845703125" lon="118.37394612841308116912841796875">
        <ele>16.6000003814697265625</ele>
        <time>2026-08-07T15:27:19.000Z</time>
        <extensions>
          <ns3:TrackPointExtension>
            <ns3:hr>102</ns3:hr>
            <ns3:cad>92</ns3:cad>
          </ns3:TrackPointExtension>
        </extensions>
      </trkpt>
      <trkpt lat="31.3369468040764331817626953125" lon="118.37395124137401580810546875">
        <ele>16.3999996185302734375</ele>
        <time>2026-08-07T15:27:20.000Z</time>
        <extensions>
          <ns3:TrackPointExtension>
            <ns3:hr>103</ns3:hr>
            <ns3:cad>92</ns3:cad>
          </ns3:TrackPointExtension>
        </extensions>
      </trkpt>
      <trkpt lat="31.33690883405506610870361328125" lon="118.37395451031625270843505859375">
        <ele>16.200000762939453125</ele>
        <time>2026-08-07T15:27:21.000Z</time>
        <extensions>
          <ns3:TrackPointExtension>
            <ns3:hr>103</ns3:hr>
            <ns3:cad>93</ns3:cad>
          </ns3:TrackPointExtension>
        </extensions>
      </trkpt>
      <trkpt lat="31.33687614463269710540771484375" lon="118.37395652197301387786865234375">
        <ele>16.200000762939453125</ele>
        <time>2026-08-07T15:27:22.000Z</time>
        <extensions>
          <ns3:TrackPointExtension>
            <ns3:hr>104</ns3:hr>
            <ns3:cad>93</ns3:cad>
          </ns3:TrackPointExtension>
        </extensions>
      </trkpt>
      <trkpt lat="31.33683641441166400909423828125" lon="118.37395585142076015472412109375">
        <ele>16</ele>
        <time>2026-08-07T15:27:23.000Z</time>
        <extensions>
          <ns3:TrackPointExtension>
            <ns3:hr>105</ns3:hr>
            <ns3:cad>93</ns3:cad>
          </ns3:TrackPointExtension>
        </extensions>
      </trkpt>
      <trkpt lat="31.33680808357894420623779296875" lon="118.37395568378269672393798828125">
        <ele>16</ele>
        <time>2026-08-07T15:27:24.000Z</time>
        <extensions>
          <ns3:TrackPointExtension>
            <ns3:hr>105</ns3:hr>
            <ns3:cad>92</ns3:cad>
          </ns3:TrackPointExtension>
        </extensions>
      </trkpt>
      <trkpt lat="31.33676734752953052520751953125" lon="118.37395132519304752349853515625">
        <ele>15.80000019073486328125</ele>
        <time>2026-08-07T15:27:25.000Z</time>
        <extensions>
          <ns3:TrackPointExtension>
            <ns3:hr>105</ns3:hr>
            <ns3:cad>92</ns3:cad>
          </ns3:TrackPointExtension>
        </extensions>
      </trkpt>
      <trkpt lat="31.3367385976016521453857421875" lon="118.373951576650142669677734375">
        <ele>15.80000019073486328125</ele>
        <time>2026-08-07T15:27:26.000Z</time>
        <extensions>
          <ns3:TrackPointExtension>
            <ns3:hr>106</ns3:hr>
            <ns3:cad>92</ns3:cad>
          </ns3:TrackPointExtension>
        </extensions>
      </trkpt>
      <trkpt lat="31.33670012466609477996826171875" lon="118.37394587695598602294921875">
        <ele>15.6000003814697265625</ele>
        <time>2026-08-07T15:27:27.000Z</time>
        <extensions>
          <ns3:TrackPointExtension>
            <ns3:hr>106</ns3:hr>
            <ns3:cad>92</ns3:cad>
          </ns3:TrackPointExtension>
        </extensions>
      </trkpt>
      <trkpt lat="31.336672715842723846435546875" lon="118.3739453740417957305908203125">
        <ele>15.3999996185302734375</ele>
        <time>2026-08-07T15:27:28.000Z</time>
        <extensions>
          <ns3:TrackPointExtension>
            <ns3:hr>106</ns3:hr>
            <ns3:cad>92</ns3:cad>
          </ns3:TrackPointExtension>
        </extensions>
      </trkpt>
      <trkpt lat="31.33663482964038848876953125" lon="118.3739410154521465301513671875">
        <ele>15.19999980926513671875</ele>
        <time>2026-08-07T15:27:29.000Z</time>
        <extensions>
          <ns3:TrackPointExtension>
            <ns3:hr>107</ns3:hr>
            <ns3:cad>92</ns3:cad>
          </ns3:TrackPointExtension>
        </extensions>
      </trkpt>
      <trkpt lat="31.336602307856082916259765625" lon="118.37393741123378276824951171875">
        <ele>15.19999980926513671875</ele>
        <time>2026-08-07T15:27:30.000Z</time>
        <extensions>
          <ns3:TrackPointExtension>
            <ns3:hr>107</ns3:hr>
            <ns3:cad>92</ns3:cad>
          </ns3:TrackPointExtension>
        </extensions>
      </trkpt>
      <trkpt lat="31.33656349964439868927001953125" lon="118.37394009344279766082763671875">
        <ele>15</ele>
        <time>2026-08-07T15:27:31.000Z</time>
        <extensions>
          <ns3:TrackPointExtension>
            <ns3:hr>107</ns3:hr>
            <ns3:cad>92</ns3:cad>
          </ns3:TrackPointExtension>
        </extensions>
      </trkpt>
      <trkpt lat="31.33653064258396625518798828125" lon="118.37394126690924167633056640625">
        <ele>14.80000019073486328125</ele>
        <time>2026-08-07T15:27:32.000Z</time>
        <extensions>
          <ns3:TrackPointExtension>
            <ns3:hr>109</ns3:hr>
            <ns3:cad>92</ns3:cad>
          </ns3:TrackPointExtension>
        </extensions>
      </trkpt>
      <trkpt lat="31.33649996481835842132568359375" lon="118.37393824942409992218017578125">
        <ele>14.6000003814697265625</ele>
        <time>2026-08-07T15:27:33.000Z</time>
        <extensions>
          <ns3:TrackPointExtension>
            <ns3:hr>109</ns3:hr>
            <ns3:cad>91</ns3:cad>
          </ns3:TrackPointExtension>
        </extensions>
      </trkpt>
      <trkpt lat="31.336472891271114349365234375" lon="118.373943865299224853515625">
        <ele>14.3999996185302734375</ele>
        <time>2026-08-07T15:27:34.000Z</time>
        <extensions>
          <ns3:TrackPointExtension>
            <ns3:hr>110</ns3:hr>
            <ns3:cad>90</ns3:cad>
          </ns3:TrackPointExtension>
        </extensions>
      </trkpt>
      <trkpt lat="31.33644833229482173919677734375" lon="118.37393808178603649139404296875">
        <ele>14.3999996185302734375</ele>
        <time>2026-08-07T15:27:35.000Z</time>
        <extensions>
          <ns3:TrackPointExtension>
            <ns3:hr>111</ns3:hr>
            <ns3:cad>90</ns3:cad>
          </ns3:TrackPointExtension>
        </extensions>
      </trkpt>
      <trkpt lat="31.3364163972437381744384765625" lon="118.37393875233829021453857421875">
        <ele>14.19999980926513671875</ele>
        <time>2026-08-07T15:27:36.000Z</time>
        <extensions>
          <ns3:TrackPointExtension>
            <ns3:hr>112</ns3:hr>
            <ns3:cad>92</ns3:cad>
          </ns3:TrackPointExtension>
        </extensions>
      </trkpt>
      <trkpt lat="31.336385719478130340576171875" lon="118.37394193746149539947509765625">
        <ele>14</ele>
        <time>2026-08-07T15:27:37.000Z</time>
        <extensions>
          <ns3:TrackPointExtension>
            <ns3:hr>112</ns3:hr>
            <ns3:cad>94</ns3:cad>
          </ns3:TrackPointExtension>
        </extensions>
      </trkpt>
      <trkpt lat="31.336349509656429290771484375" lon="118.37394277565181255340576171875">
        <ele>14</ele>
        <time>2026-08-07T15:27:38.000Z</time>
        <extensions>
          <ns3:TrackPointExtension>
            <ns3:hr>113</ns3:hr>
            <ns3:cad>94</ns3:cad>
          </ns3:TrackPointExtension>
        </extensions>
      </trkpt>
      <trkpt lat="31.33632109500467777252197265625" lon="118.37394579313695430755615234375">
        <ele>13.80000019073486328125</ele>
        <time>2026-08-07T15:27:39.000Z</time>
        <extensions>
          <ns3:TrackPointExtension>
            <ns3:hr>114</ns3:hr>
            <ns3:cad>94</ns3:cad>
          </ns3:TrackPointExtension>
        </extensions>
      </trkpt>
      <trkpt lat="31.33628211915493011474609375" lon="118.37394797243177890777587890625">
        <ele>13.80000019073486328125</ele>
        <time>2026-08-07T15:27:40.000Z</time>
        <extensions>
          <ns3:TrackPointExtension>
            <ns3:hr>115</ns3:hr>
            <ns3:cad>94</ns3:cad>
          </ns3:TrackPointExtension>
        </extensions>
      </trkpt>
      <trkpt lat="31.33625437505543231964111328125" lon="118.37395383976399898529052734375">
        <ele>13.80000019073486328125</ele>
        <time>2026-08-07T15:27:41.000Z</time>
        <extensions>
          <ns3:TrackPointExtension>
            <ns3:hr>115</ns3:hr>
            <ns3:cad>93</ns3:cad>
          </ns3:TrackPointExtension>
        </extensions>
      </trkpt>
      <trkpt lat="31.33621782995760440826416015625" lon="118.37395928800106048583984375">
        <ele>13.6000003814697265625</ele>
        <time>2026-08-07T15:27:42.000Z</time>
        <extensions>
          <ns3:TrackPointExtension>
            <ns3:hr>116</ns3:hr>
            <ns3:cad>92</ns3:cad>
          </ns3:TrackPointExtension>
        </extensions>
      </trkpt>
      <trkpt lat="31.336188577115535736083984375" lon="118.37396741844713687896728515625">
        <ele>13.6000003814697265625</ele>
        <time>2026-08-07T15:27:43.000Z</time>
        <extensions>
          <ns3:TrackPointExtension>
            <ns3:hr>117</ns3:hr>
            <ns3:cad>92</ns3:cad>
          </ns3:TrackPointExtension>
        </extensions>
      </trkpt>
      <trkpt lat="31.33615161292254924774169921875" lon="118.37397404015064239501953125">
        <ele>13.6000003814697265625</ele>
        <time>2026-08-07T15:27:44.000Z</time>
        <extensions>
          <ns3:TrackPointExtension>
            <ns3:hr>118</ns3:hr>
            <ns3:cad>92</ns3:cad>
          </ns3:TrackPointExtension>
        </extensions>
      </trkpt>
      <trkpt lat="31.33612386882305145263671875" lon="118.37397512979805469512939453125">
        <ele>13.6000003814697265625</ele>
        <time>2026-08-07T15:27:45.000Z</time>
        <extensions>
          <ns3:TrackPointExtension>
            <ns3:hr>119</ns3:hr>
            <ns3:cad>91</ns3:cad>
          </ns3:TrackPointExtension>
        </extensions>
      </trkpt>
      <trkpt lat="31.33608807809650897979736328125" lon="118.3739825896918773651123046875">
        <ele>13.6000003814697265625</ele>
        <time>2026-08-07T15:27:46.000Z</time>
        <extensions>
          <ns3:TrackPointExtension>
            <ns3:hr>120</ns3:hr>
            <ns3:cad>90</ns3:cad>
          </ns3:TrackPointExtension>
        </extensions>
      </trkpt>
      <trkpt lat="31.33606125600636005401611328125" lon="118.373995162546634674072265625">
        <ele>13.6000003814697265625</ele>
        <time>2026-08-07T15:27:47.000Z</time>
        <extensions>
          <ns3:TrackPointExtension>
            <ns3:hr>121</ns3:hr>
            <ns3:cad>89</ns3:cad>
          </ns3:TrackPointExtension>
        </extensions>
      </trkpt>
      <trkpt lat="31.3360341824591159820556640625" lon="118.3740015327930450439453125">
        <ele>13.6000003814697265625</ele>
        <time>2026-08-07T15:27:48.000Z</time>
        <extensions>
          <ns3:TrackPointExtension>
            <ns3:hr>121</ns3:hr>
            <ns3:cad>89</ns3:cad>
          </ns3:TrackPointExtension>
        </extensions>
      </trkpt>
      <trkpt lat="31.3360097073018550872802734375" lon="118.373998515307903289794921875">
        <ele>13.6000003814697265625</ele>
        <time>2026-08-07T15:27:49.000Z</time>
        <extensions>
          <ns3:TrackPointExtension>
            <ns3:hr>122</ns3:hr>
            <ns3:cad>89</ns3:cad>
          </ns3:TrackPointExtension>
        </extensions>
      </trkpt>
      <trkpt lat="31.33598715998232364654541015625" lon="118.3739923126995563507080078125">
        <ele>13.3999996185302734375</ele>
        <time>2026-08-07T15:27:50.000Z</time>
        <extensions>
          <ns3:TrackPointExtension>
            <ns3:hr>122</ns3:hr>
            <ns3:cad>87</ns3:cad>
          </ns3:TrackPointExtension>
        </extensions>
      </trkpt>
      <trkpt lat="31.335960589349269866943359375" lon="118.37397311814129352569580078125">
        <ele>13.3999996185302734375</ele>
        <time>2026-08-07T15:27:51.000Z</time>
        <extensions>
          <ns3:TrackPointExtension>
            <ns3:hr>123</ns3:hr>
            <ns3:cad>87</ns3:cad>
          </ns3:TrackPointExtension>
        </extensions>
      </trkpt>
      <trkpt lat="31.33593686856329441070556640625" lon="118.37395434267818927764892578125">
        <ele>13.3999996185302734375</ele>
        <time>2026-08-07T15:27:52.000Z</time>
        <extensions>
          <ns3:TrackPointExtension>
            <ns3:hr>123</ns3:hr>
            <ns3:cad>88</ns3:cad>
          </ns3:TrackPointExtension>
        </extensions>
      </trkpt>
      <trkpt lat="31.33591524325311183929443359375" lon="118.373915366828441619873046875">
        <ele>13.3999996185302734375</ele>
        <time>2026-08-07T15:27:53.000Z</time>
        <extensions>
          <ns3:TrackPointExtension>
            <ns3:hr>123</ns3:hr>
            <ns3:cad>89</ns3:cad>
          </ns3:TrackPointExtension>
        </extensions>
      </trkpt>
      <trkpt lat="31.33589311502873897552490234375" lon="118.3738853596150875091552734375">
        <ele>13.3999996185302734375</ele>
        <time>2026-08-07T15:27:54.000Z</time>
        <extensions>
          <ns3:TrackPointExtension>
            <ns3:hr>123</ns3:hr>
            <ns3:cad>88</ns3:cad>
          </ns3:TrackPointExtension>
        </extensions>
      </trkpt>
      <trkpt lat="31.3358665443956851959228515625" lon="118.37383632548153400421142578125">
        <ele>13.3999996185302734375</ele>
        <time>2026-08-07T15:27:55.000Z</time>
        <extensions>
          <ns3:TrackPointExtension>
            <ns3:hr>124</ns3:hr>
            <ns3:cad>87</ns3:cad>
          </ns3:TrackPointExtension>
        </extensions>
      </trkpt>
      <trkpt lat="31.33584357798099517822265625" lon="118.3738045580685138702392578125">
        <ele>13.6000003814697265625</ele>
        <time>2026-08-07T15:27:56.000Z</time>
        <extensions>
          <ns3:TrackPointExtension>
            <ns3:hr>124</ns3:hr>
            <ns3:cad>86</ns3:cad>
          </ns3:TrackPointExtension>
        </extensions>
      </trkpt>
      <trkpt lat="31.3358216173946857452392578125" lon="118.37376088835299015045166015625">
        <ele>13.3999996185302734375</ele>
        <time>2026-08-07T15:27:57.000Z</time>
        <extensions>
          <ns3:TrackPointExtension>
            <ns3:hr>124</ns3:hr>
            <ns3:cad>86</ns3:cad>
          </ns3:TrackPointExtension>
        </extensions>
      </trkpt>
      <trkpt lat="31.3358001597225666046142578125" lon="118.37373138405382633209228515625">
        <ele>13.3999996185302734375</ele>
        <time>2026-08-07T15:27:58.000Z</time>
        <extensions>
          <ns3:TrackPointExtension>
            <ns3:hr>124</ns3:hr>
            <ns3:cad>87</ns3:cad>
          </ns3:TrackPointExtension>
        </extensions>
      </trkpt>
      <trkpt lat="31.3357810489833354949951171875" lon="118.37369333021342754364013671875">
        <ele>13.3999996185302734375</ele>
        <time>2026-08-07T15:27:59.000Z</time>
        <extensions>
          <ns3:TrackPointExtension>
            <ns3:hr>125</ns3:hr>
            <ns3:cad>88</ns3:cad>
          </ns3:TrackPointExtension>
        </extensions>
      </trkpt>
      <trkpt lat="31.33576319552958011627197265625" lon="118.37366851978003978729248046875">
        <ele>13.3999996185302734375</ele>
        <time>2026-08-07T15:28:00.000Z</time>
        <extensions>
          <ns3:TrackPointExtension>
            <ns3:hr>126</ns3:hr>
            <ns3:cad>89</ns3:cad>
          </ns3:TrackPointExtension>
        </extensions>
      </trkpt>
      <trkpt lat="31.33574643172323703765869140625" lon="118.3736335672438144683837890625">
        <ele>13.19999980926513671875</ele>
        <time>2026-08-07T15:28:01.000Z</time>
        <extensions>
          <ns3:TrackPointExtension>
            <ns3:hr>127</ns3:hr>
            <ns3:cad>89</ns3:cad>
          </ns3:TrackPointExtension>
        </extensions>
      </trkpt>
      <trkpt lat="31.335729919373989105224609375" lon="118.3736043982207775115966796875">
        <ele>13.19999980926513671875</ele>
        <time>2026-08-07T15:28:02.000Z</time>
        <extensions>
          <ns3:TrackPointExtension>
            <ns3:hr>127</ns3:hr>
            <ns3:cad>90</ns3:cad>
          </ns3:TrackPointExtension>
        </extensions>
      </trkpt>
      <trkpt lat="31.335714496672153472900390625" lon="118.37356978096067905426025390625">
        <ele>13.19999980926513671875</ele>
        <time>2026-08-07T15:28:03.000Z</time>
        <extensions>
          <ns3:TrackPointExtension>
            <ns3:hr>128</ns3:hr>
            <ns3:cad>90</ns3:cad>
          </ns3:TrackPointExtension>
        </extensions>
      </trkpt>
      <trkpt lat="31.33569865487515926361083984375" lon="118.37354379706084728240966796875">
        <ele>13</ele>
        <time>2026-08-07T15:28:04.000Z</time>
        <extensions>
          <ns3:TrackPointExtension>
            <ns3:hr>128</ns3:hr>
            <ns3:cad>91</ns3:cad>
          </ns3:TrackPointExtension>
        </extensions>
      </trkpt>
      <trkpt lat="31.3356824778020381927490234375" lon="118.373512364923954010009765625">
        <ele>13</ele>
        <time>2026-08-07T15:28:05.000Z</time>
        <extensions>
          <ns3:TrackPointExtension>
            <ns3:hr>128</ns3:hr>
            <ns3:cad>91</ns3:cad>
          </ns3:TrackPointExtension>
        </extensions>
      </trkpt>
      <trkpt lat="31.33566521108150482177734375" lon="118.3734865486621856689453125">
        <ele>12.80000019073486328125</ele>
        <time>2026-08-07T15:28:06.000Z</time>
        <extensions>
          <ns3:TrackPointExtension>
            <ns3:hr>129</ns3:hr>
            <ns3:cad>91</ns3:cad>
          </ns3:TrackPointExtension>
        </extensions>
      </trkpt>
      <trkpt lat="31.33564777672290802001953125" lon="118.37345411069691181182861328125">
        <ele>12.80000019073486328125</ele>
        <time>2026-08-07T15:28:07.000Z</time>
        <extensions>
          <ns3:TrackPointExtension>
            <ns3:hr>129</ns3:hr>
            <ns3:cad>91</ns3:cad>
          </ns3:TrackPointExtension>
        </extensions>
      </trkpt>
      <trkpt lat="31.335628665983676910400390625" lon="118.373422510921955108642578125">
        <ele>12.6000003814697265625</ele>
        <time>2026-08-07T15:28:08.000Z</time>
        <extensions>
          <ns3:TrackPointExtension>
            <ns3:hr>129</ns3:hr>
            <ns3:cad>92</ns3:cad>
          </ns3:TrackPointExtension>
        </extensions>
      </trkpt>
      <trkpt lat="31.33561383001506328582763671875" lon="118.37339091114699840545654296875">
        <ele>12.6000003814697265625</ele>
        <time>2026-08-07T15:28:09.000Z</time>
        <extensions>
          <ns3:TrackPointExtension>
            <ns3:hr>129</ns3:hr>
            <ns3:cad>92</ns3:cad>
          </ns3:TrackPointExtension>
        </extensions>
      </trkpt>
      <trkpt lat="31.335596479475498199462890625" lon="118.37335444986820220947265625">
        <ele>12.3999996185302734375</ele>
        <time>2026-08-07T15:28:10.000Z</time>
        <extensions>
          <ns3:TrackPointExtension>
            <ns3:hr>129</ns3:hr>
            <ns3:cad>93</ns3:cad>
          </ns3:TrackPointExtension>
        </extensions>
      </trkpt>
      <trkpt lat="31.3355862535536289215087890625" lon="118.37332150898873805999755859375">
        <ele>12.3999996185302734375</ele>
        <time>2026-08-07T15:28:11.000Z</time>
        <extensions>
          <ns3:TrackPointExtension>
            <ns3:hr>129</ns3:hr>
            <ns3:cad>93</ns3:cad>
          </ns3:TrackPointExtension>
        </extensions>
      </trkpt>
      <trkpt lat="31.335572339594364166259765625" lon="118.3732785098254680633544921875">
        <ele>12.3999996185302734375</ele>
        <time>2026-08-07T15:28:12.000Z</time>
        <extensions>
          <ns3:TrackPointExtension>
            <ns3:hr>130</ns3:hr>
            <ns3:cad>93</ns3:cad>
          </ns3:TrackPointExtension>
        </extensions>
      </trkpt>
      <trkpt lat="31.33555616252124309539794921875" lon="118.37325277738273143768310546875">
        <ele>12.3999996185302734375</ele>
        <time>2026-08-07T15:28:13.000Z</time>
        <extensions>
          <ns3:TrackPointExtension>
            <ns3:hr>130</ns3:hr>
            <ns3:cad>91</ns3:cad>
          </ns3:TrackPointExtension>
        </extensions>
      </trkpt>
      <trkpt lat="31.33553981781005859375" lon="118.37321137078106403350830078125">
        <ele>12.3999996185302734375</ele>
        <time>2026-08-07T15:28:14.000Z</time>
        <extensions>
          <ns3:TrackPointExtension>
            <ns3:hr>130</ns3:hr>
            <ns3:cad>91</ns3:cad>
          </ns3:TrackPointExtension>
        </extensions>
      </trkpt>
      <trkpt lat="31.3355212099850177764892578125" lon="118.37318756617605686187744140625">
        <ele>12.19999980926513671875</ele>
        <time>2026-08-07T15:28:15.000Z</time>
        <extensions>
          <ns3:TrackPointExtension>
            <ns3:hr>131</ns3:hr>
            <ns3:cad>91</ns3:cad>
          </ns3:TrackPointExtension>
        </extensions>
      </trkpt>
      <trkpt lat="31.3355047814548015594482421875" lon="118.37314481846988201141357421875">
        <ele>12.19999980926513671875</ele>
        <time>2026-08-07T15:28:16.000Z</time>
        <extensions>
          <ns3:TrackPointExtension>
            <ns3:hr>131</ns3:hr>
            <ns3:cad>91</ns3:cad>
          </ns3:TrackPointExtension>
        </extensions>
      </trkpt>
      <trkpt lat="31.33548684418201446533203125" lon="118.3731172420084476470947265625">
        <ele>12.19999980926513671875</ele>
        <time>2026-08-07T15:28:17.000Z</time>
        <extensions>
          <ns3:TrackPointExtension>
            <ns3:hr>131</ns3:hr>
            <ns3:cad>91</ns3:cad>
          </ns3:TrackPointExtension>
        </extensions>
      </trkpt>
      <trkpt lat="31.33546882309019565582275390625" lon="118.37308061309158802032470703125">
        <ele>12.19999980926513671875</ele>
        <time>2026-08-07T15:28:18.000Z</time>
        <extensions>
          <ns3:TrackPointExtension>
            <ns3:hr>131</ns3:hr>
            <ns3:cad>93</ns3:cad>
          </ns3:TrackPointExtension>
        </extensions>
      </trkpt>
      <trkpt lat="31.33545256219804286956787109375" lon="118.3730485104024410247802734375">
        <ele>12</ele>
        <time>2026-08-07T15:28:19.000Z</time>
        <extensions>
          <ns3:TrackPointExtension>
            <ns3:hr>132</ns3:hr>
            <ns3:cad>93</ns3:cad>
          </ns3:TrackPointExtension>
        </extensions>
      </trkpt>
      <trkpt lat="31.3354360498487949371337890625" lon="118.37301313877105712890625">
        <ele>12</ele>
        <time>2026-08-07T15:28:20.000Z</time>
        <extensions>
          <ns3:TrackPointExtension>
            <ns3:hr>132</ns3:hr>
            <ns3:cad>93</ns3:cad>
          </ns3:TrackPointExtension>
        </extensions>
      </trkpt>
      <trkpt lat="31.3354176096618175506591796875" lon="118.37297818623483180999755859375">
        <ele>12.19999980926513671875</ele>
        <time>2026-08-07T15:28:21.000Z</time>
        <extensions>
          <ns3:TrackPointExtension>
            <ns3:hr>132</ns3:hr>
            <ns3:cad>91</ns3:cad>
          </ns3:TrackPointExtension>
        </extensions>
      </trkpt>
      <trkpt lat="31.3354001753032207489013671875" lon="118.372946418821811676025390625">
        <ele>12</ele>
        <time>2026-08-07T15:28:22.000Z</time>
        <extensions>
          <ns3:TrackPointExtension>
            <ns3:hr>133</ns3:hr>
            <ns3:cad>91</ns3:cad>
          </ns3:TrackPointExtension>
        </extensions>
      </trkpt>
      <trkpt lat="31.33538349531590938568115234375" lon="118.37290844880044460296630859375">
        <ele>12</ele>
        <time>2026-08-07T15:28:23.000Z</time>
        <extensions>
          <ns3:TrackPointExtension>
            <ns3:hr>133</ns3:hr>
            <ns3:cad>91</ns3:cad>
          </ns3:TrackPointExtension>
        </extensions>
      </trkpt>
      <trkpt lat="31.335367150604724884033203125" lon="118.37287969887256622314453125">
        <ele>12</ele>
        <time>2026-08-07T15:28:24.000Z</time>
        <extensions>
          <ns3:TrackPointExtension>
            <ns3:hr>133</ns3:hr>
            <ns3:cad>94</ns3:cad>
          </ns3:TrackPointExtension>
        </extensions>
      </trkpt>
      <trkpt lat="31.33534929715096950531005859375" lon="118.37284139357507228851318359375">
        <ele>11.80000019073486328125</ele>
        <time>2026-08-07T15:28:25.000Z</time>
        <extensions>
          <ns3:TrackPointExtension>
            <ns3:hr>133</ns3:hr>
            <ns3:cad>94</ns3:cad>
          </ns3:TrackPointExtension>
        </extensions>
      </trkpt>
      <trkpt lat="31.33533052168786525726318359375" lon="118.372811973094940185546875">
        <ele>11.80000019073486328125</ele>
        <time>2026-08-07T15:28:26.000Z</time>
        <extensions>
          <ns3:TrackPointExtension>
            <ns3:hr>134</ns3:hr>
            <ns3:cad>93</ns3:cad>
          </ns3:TrackPointExtension>
        </extensions>
      </trkpt>
      <trkpt lat="31.3353119976818561553955078125" lon="118.37277886457741260528564453125">
        <ele>11.80000019073486328125</ele>
        <time>2026-08-07T15:28:27.000Z</time>
        <extensions>
          <ns3:TrackPointExtension>
            <ns3:hr>134</ns3:hr>
            <ns3:cad>93</ns3:cad>
          </ns3:TrackPointExtension>
        </extensions>
      </trkpt>
      <trkpt lat="31.3352917134761810302734375" lon="118.37275003083050251007080078125">
        <ele>11.6000003814697265625</ele>
        <time>2026-08-07T15:28:28.000Z</time>
        <extensions>
          <ns3:TrackPointExtension>
            <ns3:hr>134</ns3:hr>
            <ns3:cad>93</ns3:cad>
          </ns3:TrackPointExtension>
        </extensions>
      </trkpt>
      <trkpt lat="31.3352737762033939361572265625" lon="118.37271465919911861419677734375">
        <ele>11.6000003814697265625</ele>
        <time>2026-08-07T15:28:29.000Z</time>
        <extensions>
          <ns3:TrackPointExtension>
            <ns3:hr>135</ns3:hr>
            <ns3:cad>93</ns3:cad>
          </ns3:TrackPointExtension>
        </extensions>
      </trkpt>
      <trkpt lat="31.33525189943611621856689453125" lon="118.37267794646322727203369140625">
        <ele>11.6000003814697265625</ele>
        <time>2026-08-07T15:28:30.000Z</time>
        <extensions>
          <ns3:TrackPointExtension>
            <ns3:hr>135</ns3:hr>
            <ns3:cad>93</ns3:cad>
          </ns3:TrackPointExtension>
        </extensions>
      </trkpt>
      <trkpt lat="31.33523379452526569366455078125" lon="118.37264835834503173828125">
        <ele>11.3999996185302734375</ele>
        <time>2026-08-07T15:28:31.000Z</time>
        <extensions>
          <ns3:TrackPointExtension>
            <ns3:hr>135</ns3:hr>
            <ns3:cad>93</ns3:cad>
          </ns3:TrackPointExtension>
        </extensions>
      </trkpt>
      <trkpt lat="31.3352127559483051300048828125" lon="118.37260502390563488006591796875">
        <ele>11.3999996185302734375</ele>
        <time>2026-08-07T15:28:32.000Z</time>
        <extensions>
          <ns3:TrackPointExtension>
            <ns3:hr>135</ns3:hr>
            <ns3:cad>94</ns3:cad>
          </ns3:TrackPointExtension>
        </extensions>
      </trkpt>
      <trkpt lat="31.33519423194229602813720703125" lon="118.372570574283599853515625">
        <ele>11.19999980926513671875</ele>
        <time>2026-08-07T15:28:33.000Z</time>
        <extensions>
          <ns3:TrackPointExtension>
            <ns3:hr>136</ns3:hr>
            <ns3:cad>94</ns3:cad>
          </ns3:TrackPointExtension>
        </extensions>
      </trkpt>
      <trkpt lat="31.33517495356500148773193359375" lon="118.372528664767742156982421875">
        <ele>11.19999980926513671875</ele>
        <time>2026-08-07T15:28:34.000Z</time>
        <extensions>
          <ns3:TrackPointExtension>
            <ns3:hr>136</ns3:hr>
            <ns3:cad>94</ns3:cad>
          </ns3:TrackPointExtension>
        </extensions>
      </trkpt>
      <trkpt lat="31.33515634573996067047119140625" lon="118.37249874137341976165771484375">
        <ele>11</ele>
        <time>2026-08-07T15:28:35.000Z</time>
        <extensions>
          <ns3:TrackPointExtension>
            <ns3:hr>136</ns3:hr>
            <ns3:cad>94</ns3:cad>
          </ns3:TrackPointExtension>
        </extensions>
      </trkpt>
      <trkpt lat="31.33513589389622211456298828125" lon="118.37245523929595947265625">
        <ele>11</ele>
        <time>2026-08-07T15:28:36.000Z</time>
        <extensions>
          <ns3:TrackPointExtension>
            <ns3:hr>137</ns3:hr>
            <ns3:cad>94</ns3:cad>
          </ns3:TrackPointExtension>
        </extensions>
      </trkpt>
      <trkpt lat="31.33511560969054698944091796875" lon="118.37242682464420795440673828125">
        <ele>11</ele>
        <time>2026-08-07T15:28:37.000Z</time>
        <extensions>
          <ns3:TrackPointExtension>
            <ns3:hr>137</ns3:hr>
            <ns3:cad>92</ns3:cad>
          </ns3:TrackPointExtension>
        </extensions>
      </trkpt>
      <trkpt lat="31.33509733714163303375244140625" lon="118.37238457985222339630126953125">
        <ele>11</ele>
        <time>2026-08-07T15:28:38.000Z</time>
        <extensions>
          <ns3:TrackPointExtension>
            <ns3:hr>137</ns3:hr>
            <ns3:cad>92</ns3:cad>
          </ns3:TrackPointExtension>
        </extensions>
      </trkpt>
      <trkpt lat="31.3350762985646724700927734375" lon="118.37235624901950359344482421875">
        <ele>11</ele>
        <time>2026-08-07T15:28:39.000Z</time>
        <extensions>
          <ns3:TrackPointExtension>
            <ns3:hr>138</ns3:hr>
            <ns3:cad>93</ns3:cad>
          </ns3:TrackPointExtension>
        </extensions>
      </trkpt>
      <trkpt lat="31.33505794219672679901123046875" lon="118.37231417186558246612548828125">
        <ele>11</ele>
        <time>2026-08-07T15:28:40.000Z</time>
        <extensions>
          <ns3:TrackPointExtension>
            <ns3:hr>138</ns3:hr>
            <ns3:cad>93</ns3:cad>
          </ns3:TrackPointExtension>
        </extensions>
      </trkpt>
      <trkpt lat="31.33504134602844715118408203125" lon="118.37228684686124324798583984375">
        <ele>11</ele>
        <time>2026-08-07T15:28:41.000Z</time>
        <extensions>
          <ns3:TrackPointExtension>
            <ns3:hr>138</ns3:hr>
            <ns3:cad>93</ns3:cad>
          </ns3:TrackPointExtension>
        </extensions>
      </trkpt>
      <trkpt lat="31.33502357639372348785400390625" lon="118.3722478710114955902099609375">
        <ele>11</ele>
        <time>2026-08-07T15:28:42.000Z</time>
        <extensions>
          <ns3:TrackPointExtension>
            <ns3:hr>138</ns3:hr>
            <ns3:cad>93</ns3:cad>
          </ns3:TrackPointExtension>
        </extensions>
      </trkpt>
      <trkpt lat="31.33500429801642894744873046875" lon="118.3722200430929660797119140625">
        <ele>11</ele>
        <time>2026-08-07T15:28:43.000Z</time>
        <extensions>
          <ns3:TrackPointExtension>
            <ns3:hr>139</ns3:hr>
            <ns3:cad>92</ns3:cad>
          </ns3:TrackPointExtension>
        </extensions>
      </trkpt>
      <trkpt lat="31.3349874503910541534423828125" lon="118.3721824921667575836181640625">
        <ele>10.80000019073486328125</ele>
        <time>2026-08-07T15:28:44.000Z</time>
        <extensions>
          <ns3:TrackPointExtension>
            <ns3:hr>139</ns3:hr>
            <ns3:cad>92</ns3:cad>
          </ns3:TrackPointExtension>
        </extensions>
      </trkpt>
      <trkpt lat="31.33497060276567935943603515625" lon="118.37214686907827854156494140625">
        <ele>11</ele>
        <time>2026-08-07T15:28:45.000Z</time>
        <extensions>
          <ns3:TrackPointExtension>
            <ns3:hr>139</ns3:hr>
            <ns3:cad>91</ns3:cad>
          </ns3:TrackPointExtension>
        </extensions>
      </trkpt>
      <trkpt lat="31.33495484478771686553955078125" lon="118.37211661040782928466796875">
        <ele>11</ele>
        <time>2026-08-07T15:28:46.000Z</time>
        <extensions>
          <ns3:TrackPointExtension>
            <ns3:hr>139</ns3:hr>
            <ns3:cad>91</ns3:cad>
          </ns3:TrackPointExtension>
        </extensions>
      </trkpt>
      <trkpt lat="31.3349405117332935333251953125" lon="118.37208165787160396575927734375">
        <ele>10.80000019073486328125</ele>
        <time>2026-08-07T15:28:47.000Z</time>
        <extensions>
          <ns3:TrackPointExtension>
            <ns3:hr>140</ns3:hr>
            <ns3:cad>91</ns3:cad>
          </ns3:TrackPointExtension>
        </extensions>
      </trkpt>
      <trkpt lat="31.3349269330501556396484375" lon="118.37205332703888416290283203125">
        <ele>11</ele>
        <time>2026-08-07T15:28:48.000Z</time>
        <extensions>
          <ns3:TrackPointExtension>
            <ns3:hr>140</ns3:hr>
            <ns3:cad>93</ns3:cad>
          </ns3:TrackPointExtension>
        </extensions>
      </trkpt>
      <trkpt lat="31.33490706793963909149169921875" lon="118.3720178715884685516357421875">
        <ele>11</ele>
        <time>2026-08-07T15:28:49.000Z</time>
        <extensions>
          <ns3:TrackPointExtension>
            <ns3:hr>140</ns3:hr>
            <ns3:cad>93</ns3:cad>
          </ns3:TrackPointExtension>
        </extensions>
      </trkpt>
      <trkpt lat="31.3348861970007419586181640625" lon="118.37199113331735134124755859375">
        <ele>10.80000019073486328125</ele>
        <time>2026-08-07T15:28:50.000Z</time>
        <extensions>
          <ns3:TrackPointExtension>
            <ns3:hr>140</ns3:hr>
            <ns3:cad>93</ns3:cad>
          </ns3:TrackPointExtension>
        </extensions>
      </trkpt>
      <trkpt lat="31.33486993610858917236328125" lon="118.37195559404790401458740234375">
        <ele>10.80000019073486328125</ele>
        <time>2026-08-07T15:28:51.000Z</time>
        <extensions>
          <ns3:TrackPointExtension>
            <ns3:hr>141</ns3:hr>
            <ns3:cad>93</ns3:cad>
          </ns3:TrackPointExtension>
        </extensions>
      </trkpt>
      <trkpt lat="31.33485526777803897857666015625" lon="118.37192885577678680419921875">
        <ele>10.80000019073486328125</ele>
        <time>2026-08-07T15:28:52.000Z</time>
        <extensions>
          <ns3:TrackPointExtension>
            <ns3:hr>141</ns3:hr>
            <ns3:cad>92</ns3:cad>
          </ns3:TrackPointExtension>
        </extensions>
      </trkpt>
      <trkpt lat="31.33483699522912502288818359375" lon="118.37188870646059513092041015625">
        <ele>10.80000019073486328125</ele>
        <time>2026-08-07T15:28:53.000Z</time>
        <extensions>
          <ns3:TrackPointExtension>
            <ns3:hr>141</ns3:hr>
            <ns3:cad>92</ns3:cad>
          </ns3:TrackPointExtension>
        </extensions>
      </trkpt>
      <trkpt lat="31.3348248414695262908935546875" lon="118.3718633092939853668212890625">
        <ele>10.80000019073486328125</ele>
        <time>2026-08-07T15:28:54.000Z</time>
        <extensions>
          <ns3:TrackPointExtension>
            <ns3:hr>141</ns3:hr>
            <ns3:cad>92</ns3:cad>
          </ns3:TrackPointExtension>
        </extensions>
      </trkpt>
      <trkpt lat="31.3348084129393100738525390625" lon="118.371818549931049346923828125">
        <ele>10.80000019073486328125</ele>
        <time>2026-08-07T15:28:55.000Z</time>
        <extensions>
          <ns3:TrackPointExtension>
            <ns3:hr>141</ns3:hr>
            <ns3:cad>93</ns3:cad>
          </ns3:TrackPointExtension>
        </extensions>
      </trkpt>
      <trkpt lat="31.33479357697069644927978515625" lon="118.37179063819348812103271484375">
        <ele>10.80000019073486328125</ele>
        <time>2026-08-07T15:28:56.000Z</time>
        <extensions>
          <ns3:TrackPointExtension>
            <ns3:hr>142</ns3:hr>
            <ns3:cad>93</ns3:cad>
          </ns3:TrackPointExtension>
        </extensions>
      </trkpt>
      <trkpt lat="31.33477530442178249359130859375" lon="118.371749818325042724609375">
        <ele>10.80000019073486328125</ele>
        <time>2026-08-07T15:28:57.000Z</time>
        <extensions>
          <ns3:TrackPointExtension>
            <ns3:hr>142</ns3:hr>
            <ns3:cad>93</ns3:cad>
          </ns3:TrackPointExtension>
        </extensions>
      </trkpt>
      <trkpt lat="31.33476172573864459991455078125" lon="118.37172098457813262939453125">
        <ele>10.80000019073486328125</ele>
        <time>2026-08-07T15:28:58.000Z</time>
        <extensions>
          <ns3:TrackPointExtension>
            <ns3:hr>142</ns3:hr>
            <ns3:cad>92</ns3:cad>
          </ns3:TrackPointExtension>
        </extensions>
      </trkpt>
      <trkpt lat="31.33474445901811122894287109375" lon="118.37168066762387752532958984375">
        <ele>10.80000019073486328125</ele>
        <time>2026-08-07T15:28:59.000Z</time>
        <extensions>
          <ns3:TrackPointExtension>
            <ns3:hr>142</ns3:hr>
            <ns3:cad>92</ns3:cad>
          </ns3:TrackPointExtension>
        </extensions>
      </trkpt>
      <trkpt lat="31.33473188616335391998291015625" lon="118.3716534264385700225830078125">
        <ele>10.80000019073486328125</ele>
        <time>2026-08-07T15:29:00.000Z</time>
        <extensions>
          <ns3:TrackPointExtension>
            <ns3:hr>143</ns3:hr>
            <ns3:cad>91</ns3:cad>
          </ns3:TrackPointExtension>
        </extensions>
      </trkpt>
      <trkpt lat="31.3347138650715351104736328125" lon="118.371618054807186126708984375">
        <ele>10.80000019073486328125</ele>
        <time>2026-08-07T15:29:01.000Z</time>
        <extensions>
          <ns3:TrackPointExtension>
            <ns3:hr>143</ns3:hr>
            <ns3:cad>91</ns3:cad>
          </ns3:TrackPointExtension>
        </extensions>
      </trkpt>
      <trkpt lat="31.33469416759908199310302734375" lon="118.37159098125994205474853515625">
        <ele>10.80000019073486328125</ele>
        <time>2026-08-07T15:29:02.000Z</time>
        <extensions>
          <ns3:TrackPointExtension>
            <ns3:hr>143</ns3:hr>
            <ns3:cad>92</ns3:cad>
          </ns3:TrackPointExtension>
        </extensions>
      </trkpt>
      <trkpt lat="31.334679834544658660888671875" lon="118.371554352343082427978515625">
        <ele>10.80000019073486328125</ele>
        <time>2026-08-07T15:29:03.000Z</time>
        <extensions>
          <ns3:TrackPointExtension>
            <ns3:hr>143</ns3:hr>
            <ns3:cad>92</ns3:cad>
          </ns3:TrackPointExtension>
        </extensions>
      </trkpt>
      <trkpt lat="31.33466541767120361328125" lon="118.3715189807116985321044921875">
        <ele>10.80000019073486328125</ele>
        <time>2026-08-07T15:29:04.000Z</time>
        <extensions>
          <ns3:TrackPointExtension>
            <ns3:hr>143</ns3:hr>
            <ns3:cad>93</ns3:cad>
          </ns3:TrackPointExtension>
        </extensions>
      </trkpt>
      <trkpt lat="31.33465267717838287353515625" lon="118.37148226797580718994140625">
        <ele>10.6000003814697265625</ele>
        <time>2026-08-07T15:29:05.000Z</time>
        <extensions>
          <ns3:TrackPointExtension>
            <ns3:hr>143</ns3:hr>
            <ns3:cad>93</ns3:cad>
          </ns3:TrackPointExtension>
        </extensions>
      </trkpt>
      <trkpt lat="31.3346390984952449798583984375" lon="118.3714505843818187713623046875">
        <ele>10.6000003814697265625</ele>
        <time>2026-08-07T15:29:06.000Z</time>
        <extensions>
          <ns3:TrackPointExtension>
            <ns3:hr>143</ns3:hr>
            <ns3:cad>92</ns3:cad>
          </ns3:TrackPointExtension>
        </extensions>
      </trkpt>
      <trkpt lat="31.33462275378406047821044921875" lon="118.37142527103424072265625">
        <ele>10.6000003814697265625</ele>
        <time>2026-08-07T15:29:07.000Z</time>
        <extensions>
          <ns3:TrackPointExtension>
            <ns3:hr>143</ns3:hr>
            <ns3:cad>92</ns3:cad>
          </ns3:TrackPointExtension>
        </extensions>
      </trkpt>
      <trkpt lat="31.33460330776870250701904296875" lon="118.37139082141220569610595703125">
        <ele>10.6000003814697265625</ele>
        <time>2026-08-07T15:29:08.000Z</time>
        <extensions>
          <ns3:TrackPointExtension>
            <ns3:hr>143</ns3:hr>
            <ns3:cad>91</ns3:cad>
          </ns3:TrackPointExtension>
        </extensions>
      </trkpt>
      <trkpt lat="31.334589309990406036376953125" lon="118.37136064656078815460205078125">
        <ele>10.6000003814697265625</ele>
        <time>2026-08-07T15:29:09.000Z</time>
        <extensions>
          <ns3:TrackPointExtension>
            <ns3:hr>143</ns3:hr>
            <ns3:cad>91</ns3:cad>
          </ns3:TrackPointExtension>
        </extensions>
      </trkpt>
      <trkpt lat="31.3345733843743801116943359375" lon="118.37132527492940425872802734375">
        <ele>10.6000003814697265625</ele>
        <time>2026-08-07T15:29:10.000Z</time>
        <extensions>
          <ns3:TrackPointExtension>
            <ns3:hr>142</ns3:hr>
            <ns3:cad>90</ns3:cad>
          </ns3:TrackPointExtension>
        </extensions>
      </trkpt>
      <trkpt lat="31.3345616497099399566650390625" lon="118.37129476480185985565185546875">
        <ele>10.6000003814697265625</ele>
        <time>2026-08-07T15:29:11.000Z</time>
        <extensions>
          <ns3:TrackPointExtension>
            <ns3:hr>142</ns3:hr>
            <ns3:cad>90</ns3:cad>
          </ns3:TrackPointExtension>
        </extensions>
      </trkpt>
      <trkpt lat="31.3345465622842311859130859375" lon="118.37125788442790508270263671875">
        <ele>10.6000003814697265625</ele>
        <time>2026-08-07T15:29:12.000Z</time>
        <extensions>
          <ns3:TrackPointExtension>
            <ns3:hr>142</ns3:hr>
            <ns3:cad>90</ns3:cad>
          </ns3:TrackPointExtension>
        </extensions>
      </trkpt>
      <trkpt lat="31.33453574962913990020751953125" lon="118.3712286315858364105224609375">
        <ele>10.6000003814697265625</ele>
        <time>2026-08-07T15:29:13.000Z</time>
        <extensions>
          <ns3:TrackPointExtension>
            <ns3:hr>141</ns3:hr>
            <ns3:cad>90</ns3:cad>
          </ns3:TrackPointExtension>
        </extensions>
      </trkpt>
      <trkpt lat="31.334519572556018829345703125" lon="118.37119367904961109161376953125">
        <ele>10.6000003814697265625</ele>
        <time>2026-08-07T15:29:14.000Z</time>
        <extensions>
          <ns3:TrackPointExtension>
            <ns3:hr>141</ns3:hr>
            <ns3:cad>90</ns3:cad>
          </ns3:TrackPointExtension>
        </extensions>
      </trkpt>
      <trkpt lat="31.3345013000071048736572265625" lon="118.37116451002657413482666015625">
        <ele>10.6000003814697265625</ele>
        <time>2026-08-07T15:29:15.000Z</time>
        <extensions>
          <ns3:TrackPointExtension>
            <ns3:hr>141</ns3:hr>
            <ns3:cad>90</ns3:cad>
          </ns3:TrackPointExtension>
        </extensions>
      </trkpt>
      <trkpt lat="31.33448277600109577178955078125" lon="118.37112821638584136962890625">
        <ele>10.3999996185302734375</ele>
        <time>2026-08-07T15:29:16.000Z</time>
        <extensions>
          <ns3:TrackPointExtension>
            <ns3:hr>141</ns3:hr>
            <ns3:cad>90</ns3:cad>
          </ns3:TrackPointExtension>
        </extensions>
      </trkpt>
      <trkpt lat="31.334465928375720977783203125" lon="118.37110231630504131317138671875">
        <ele>10.3999996185302734375</ele>
        <time>2026-08-07T15:29:17.000Z</time>
        <extensions>
          <ns3:TrackPointExtension>
            <ns3:hr>140</ns3:hr>
            <ns3:cad>91</ns3:cad>
          </ns3:TrackPointExtension>
        </extensions>
      </trkpt>
      <trkpt lat="31.33444740436971187591552734375" lon="118.37106325663626194000244140625">
        <ele>10.3999996185302734375</ele>
        <time>2026-08-07T15:29:18.000Z</time>
        <extensions>
          <ns3:TrackPointExtension>
            <ns3:hr>141</ns3:hr>
            <ns3:cad>92</ns3:cad>
          </ns3:TrackPointExtension>
        </extensions>
      </trkpt>
      <trkpt lat="31.33443131111562252044677734375" lon="118.37103433907032012939453125">
        <ele>10.3999996185302734375</ele>
        <time>2026-08-07T15:29:19.000Z</time>
        <extensions>
          <ns3:TrackPointExtension>
            <ns3:hr>140</ns3:hr>
            <ns3:cad>92</ns3:cad>
          </ns3:TrackPointExtension>
        </extensions>
      </trkpt>
      <trkpt lat="31.33441387675702571868896484375" lon="118.37099620141088962554931640625">
        <ele>10.3999996185302734375</ele>
        <time>2026-08-07T15:29:20.000Z</time>
        <extensions>
          <ns3:TrackPointExtension>
            <ns3:hr>140</ns3:hr>
            <ns3:cad>92</ns3:cad>
          </ns3:TrackPointExtension>
        </extensions>
      </trkpt>
      <trkpt lat="31.3343990407884120941162109375" lon="118.37096636183559894561767578125">
        <ele>10.3999996185302734375</ele>
        <time>2026-08-07T15:29:21.000Z</time>
        <extensions>
          <ns3:TrackPointExtension>
            <ns3:hr>140</ns3:hr>
            <ns3:cad>92</ns3:cad>
          </ns3:TrackPointExtension>
        </extensions>
      </trkpt>
      <trkpt lat="31.33438537828624248504638671875" lon="118.37093417532742023468017578125">
        <ele>10.3999996185302734375</ele>
        <time>2026-08-07T15:29:22.000Z</time>
        <extensions>
          <ns3:TrackPointExtension>
            <ns3:hr>141</ns3:hr>
            <ns3:cad>91</ns3:cad>
          </ns3:TrackPointExtension>
        </extensions>
      </trkpt>
      <trkpt lat="31.33437104523181915283203125" lon="118.37091020308434963226318359375">
        <ele>10.3999996185302734375</ele>
        <time>2026-08-07T15:29:23.000Z</time>
        <extensions>
          <ns3:TrackPointExtension>
            <ns3:hr>140</ns3:hr>
            <ns3:cad>91</ns3:cad>
          </ns3:TrackPointExtension>
        </extensions>
      </trkpt>
      <trkpt lat="31.33435822091996669769287109375" lon="118.37087734602391719818115234375">
        <ele>10.3999996185302734375</ele>
        <time>2026-08-07T15:29:24.000Z</time>
        <extensions>
          <ns3:TrackPointExtension>
            <ns3:hr>140</ns3:hr>
            <ns3:cad>90</ns3:cad>
          </ns3:TrackPointExtension>
        </extensions>
      </trkpt>
      <trkpt lat="31.3343450613319873809814453125" lon="118.37085463106632232666015625">
        <ele>10.3999996185302734375</ele>
        <time>2026-08-07T15:29:25.000Z</time>
        <extensions>
          <ns3:TrackPointExtension>
            <ns3:hr>140</ns3:hr>
            <ns3:cad>90</ns3:cad>
          </ns3:TrackPointExtension>
        </extensions>
      </trkpt>
      <trkpt lat="31.33433139882981777191162109375" lon="118.37082101963460445404052734375">
        <ele>10.3999996185302734375</ele>
        <time>2026-08-07T15:29:26.000Z</time>
        <extensions>
          <ns3:TrackPointExtension>
            <ns3:hr>141</ns3:hr>
            <ns3:cad>90</ns3:cad>
          </ns3:TrackPointExtension>
        </extensions>
      </trkpt>
      <trkpt lat="31.33431782014667987823486328125" lon="118.370794616639614105224609375">
        <ele>10.3999996185302734375</ele>
        <time>2026-08-07T15:29:27.000Z</time>
        <extensions>
          <ns3:TrackPointExtension>
            <ns3:hr>140</ns3:hr>
            <ns3:cad>90</ns3:cad>
          </ns3:TrackPointExtension>
        </extensions>
      </trkpt>
      <trkpt lat="31.33430139161646366119384765625" lon="118.37075882591307163238525390625">
        <ele>10.6000003814697265625</ele>
        <time>2026-08-07T15:29:28.000Z</time>
        <extensions>
          <ns3:TrackPointExtension>
            <ns3:hr>140</ns3:hr>
            <ns3:cad>89</ns3:cad>
          </ns3:TrackPointExtension>
        </extensions>
      </trkpt>
      <trkpt lat="31.3342847116291522979736328125" lon="118.3707270585000514984130859375">
        <ele>10.6000003814697265625</ele>
        <time>2026-08-07T15:29:29.000Z</time>
        <extensions>
          <ns3:TrackPointExtension>
            <ns3:hr>140</ns3:hr>
            <ns3:cad>89</ns3:cad>
          </ns3:TrackPointExtension>
        </extensions>
      </trkpt>
      <trkpt lat="31.33426249958574771881103515625" lon="118.37069193832576274871826171875">
        <ele>10.6000003814697265625</ele>
        <time>2026-08-07T15:29:30.000Z</time>
        <extensions>
          <ns3:TrackPointExtension>
            <ns3:hr>141</ns3:hr>
            <ns3:cad>89</ns3:cad>
          </ns3:TrackPointExtension>
        </extensions>
      </trkpt>
      <trkpt lat="31.33424674160778522491455078125" lon="118.37066092528402805328369140625">
        <ele>10.6000003814697265625</ele>
        <time>2026-08-07T15:29:31.000Z</time>
        <extensions>
          <ns3:TrackPointExtension>
            <ns3:hr>140</ns3:hr>
            <ns3:cad>89</ns3:cad>
          </ns3:TrackPointExtension>
        </extensions>
      </trkpt>
      <trkpt lat="31.33422779850661754608154296875" lon="118.37062471546232700347900390625">
        <ele>10.6000003814697265625</ele>
        <time>2026-08-07T15:29:32.000Z</time>
        <extensions>
          <ns3:TrackPointExtension>
            <ns3:hr>140</ns3:hr>
            <ns3:cad>89</ns3:cad>
          </ns3:TrackPointExtension>
        </extensions>
      </trkpt>
      <trkpt lat="31.33421220816671848297119140625" lon="118.37059579789638519287109375">
        <ele>10.6000003814697265625</ele>
        <time>2026-08-07T15:29:33.000Z</time>
        <extensions>
          <ns3:TrackPointExtension>
            <ns3:hr>140</ns3:hr>
            <ns3:cad>89</ns3:cad>
          </ns3:TrackPointExtension>
        </extensions>
      </trkpt>
      <trkpt lat="31.33419661782681941986083984375" lon="118.370559923350811004638671875">
        <ele>10.6000003814697265625</ele>
        <time>2026-08-07T15:29:34.000Z</time>
        <extensions>
          <ns3:TrackPointExtension>
            <ns3:hr>140</ns3:hr>
            <ns3:cad>89</ns3:cad>
          </ns3:TrackPointExtension>
        </extensions>
      </trkpt>
      <trkpt lat="31.33418194949626922607421875" lon="118.37053201161324977874755859375">
        <ele>10.6000003814697265625</ele>
        <time>2026-08-07T15:29:35.000Z</time>
        <extensions>
          <ns3:TrackPointExtension>
            <ns3:hr>141</ns3:hr>
            <ns3:cad>90</ns3:cad>
          </ns3:TrackPointExtension>
        </extensions>
      </trkpt>
      <trkpt lat="31.334163509309291839599609375" lon="118.37049521505832672119140625">
        <ele>10.6000003814697265625</ele>
        <time>2026-08-07T15:29:36.000Z</time>
        <extensions>
          <ns3:TrackPointExtension>
            <ns3:hr>141</ns3:hr>
            <ns3:cad>90</ns3:cad>
          </ns3:TrackPointExtension>
        </extensions>
      </trkpt>
      <trkpt lat="31.33414733223617076873779296875" lon="118.37046495638787746429443359375">
        <ele>10.6000003814697265625</ele>
        <time>2026-08-07T15:29:37.000Z</time>
        <extensions>
          <ns3:TrackPointExtension>
            <ns3:hr>141</ns3:hr>
            <ns3:cad>91</ns3:cad>
          </ns3:TrackPointExtension>
        </extensions>
      </trkpt>
      <trkpt lat="31.334132663905620574951171875" lon="118.3704279921948909759521484375">
        <ele>10.6000003814697265625</ele>
        <time>2026-08-07T15:29:38.000Z</time>
        <extensions>
          <ns3:TrackPointExtension>
            <ns3:hr>141</ns3:hr>
            <ns3:cad>91</ns3:cad>
          </ns3:TrackPointExtension>
        </extensions>
      </trkpt>
      <trkpt lat="31.33411782793700695037841796875" lon="118.370403014123439788818359375">
        <ele>10.6000003814697265625</ele>
        <time>2026-08-07T15:29:39.000Z</time>
        <extensions>
          <ns3:TrackPointExtension>
            <ns3:hr>140</ns3:hr>
            <ns3:cad>90</ns3:cad>
          </ns3:TrackPointExtension>
        </extensions>
      </trkpt>
      <trkpt lat="31.33410290814936161041259765625" lon="118.37036504410207271575927734375">
        <ele>10.6000003814697265625</ele>
        <time>2026-08-07T15:29:40.000Z</time>
        <extensions>
          <ns3:TrackPointExtension>
            <ns3:hr>141</ns3:hr>
            <ns3:cad>90</ns3:cad>
          </ns3:TrackPointExtension>
        </extensions>
      </trkpt>
      <trkpt lat="31.334086395800113677978515625" lon="118.37033268995583057403564453125">
        <ele>10.6000003814697265625</ele>
        <time>2026-08-07T15:29:41.000Z</time>
        <extensions>
          <ns3:TrackPointExtension>
            <ns3:hr>141</ns3:hr>
            <ns3:cad>90</ns3:cad>
          </ns3:TrackPointExtension>
        </extensions>
      </trkpt>
      <trkpt lat="31.33407826535403728485107421875" lon="118.37029681541025638580322265625">
        <ele>10.6000003814697265625</ele>
        <time>2026-08-07T15:29:42.000Z</time>
        <extensions>
          <ns3:TrackPointExtension>
            <ns3:hr>140</ns3:hr>
            <ns3:cad>90</ns3:cad>
          </ns3:TrackPointExtension>
        </extensions>
      </trkpt>
      <trkpt lat="31.334064267575740814208984375" lon="118.37026990950107574462890625">
        <ele>10.6000003814697265625</ele>
        <time>2026-08-07T15:29:43.000Z</time>
        <extensions>
          <ns3:TrackPointExtension>
            <ns3:hr>141</ns3:hr>
            <ns3:cad>90</ns3:cad>
          </ns3:TrackPointExtension>
        </extensions>
      </trkpt>
      <trkpt lat="31.3340516947209835052490234375" lon="118.3702315203845500946044921875">
        <ele>10.6000003814697265625</ele>
        <time>2026-08-07T15:29:44.000Z</time>
        <extensions>
          <ns3:TrackPointExtension>
            <ns3:hr>141</ns3:hr>
            <ns3:cad>91</ns3:cad>
          </ns3:TrackPointExtension>
        </extensions>
      </trkpt>
      <trkpt lat="31.334040127694606781005859375" lon="118.37020478211343288421630859375">
        <ele>10.6000003814697265625</ele>
        <time>2026-08-07T15:29:45.000Z</time>
        <extensions>
          <ns3:TrackPointExtension>
            <ns3:hr>141</ns3:hr>
            <ns3:cad>91</ns3:cad>
          </ns3:TrackPointExtension>
        </extensions>
      </trkpt>
      <trkpt lat="31.33402562700212001800537109375" lon="118.37016262114048004150390625">
        <ele>10.6000003814697265625</ele>
        <time>2026-08-07T15:29:46.000Z</time>
        <extensions>
          <ns3:TrackPointExtension>
            <ns3:hr>141</ns3:hr>
            <ns3:cad>91</ns3:cad>
          </ns3:TrackPointExtension>
        </extensions>
      </trkpt>
      <trkpt lat="31.33400894701480865478515625" lon="118.37013621814548969268798828125">
        <ele>10.6000003814697265625</ele>
        <time>2026-08-07T15:29:47.000Z</time>
        <extensions>
          <ns3:TrackPointExtension>
            <ns3:hr>141</ns3:hr>
            <ns3:cad>91</ns3:cad>
          </ns3:TrackPointExtension>
        </extensions>
      </trkpt>
      <trkpt lat="31.33399042300879955291748046875" lon="118.3700943924486637115478515625">
        <ele>10.6000003814697265625</ele>
        <time>2026-08-07T15:29:48.000Z</time>
        <extensions>
          <ns3:TrackPointExtension>
            <ns3:hr>141</ns3:hr>
            <ns3:cad>91</ns3:cad>
          </ns3:TrackPointExtension>
        </extensions>
      </trkpt>
      <trkpt lat="31.333973072469234466552734375" lon="118.3700685761868953704833984375">
        <ele>10.6000003814697265625</ele>
        <time>2026-08-07T15:29:49.000Z</time>
        <extensions>
          <ns3:TrackPointExtension>
            <ns3:hr>140</ns3:hr>
            <ns3:cad>91</ns3:cad>
          </ns3:TrackPointExtension>
        </extensions>
      </trkpt>
      <trkpt lat="31.3339571468532085418701171875" lon="118.37002842687070369720458984375">
        <ele>10.6000003814697265625</ele>
        <time>2026-08-07T15:29:50.000Z</time>
        <extensions>
          <ns3:TrackPointExtension>
            <ns3:hr>141</ns3:hr>
            <ns3:cad>91</ns3:cad>
          </ns3:TrackPointExtension>
        </extensions>
      </trkpt>
      <trkpt lat="31.33393979631364345550537109375" lon="118.37000411935150623321533203125">
        <ele>10.6000003814697265625</ele>
        <time>2026-08-07T15:29:51.000Z</time>
        <extensions>
          <ns3:TrackPointExtension>
            <ns3:hr>141</ns3:hr>
            <ns3:cad>91</ns3:cad>
          </ns3:TrackPointExtension>
        </extensions>
      </trkpt>
      <trkpt lat="31.3339269720017910003662109375" lon="118.3699632994830608367919921875">
        <ele>10.6000003814697265625</ele>
        <time>2026-08-07T15:29:52.000Z</time>
        <extensions>
          <ns3:TrackPointExtension>
            <ns3:hr>141</ns3:hr>
            <ns3:cad>90</ns3:cad>
          </ns3:TrackPointExtension>
        </extensions>
      </trkpt>
      <trkpt lat="31.3339159078896045684814453125" lon="118.3699353039264678955078125">
        <ele>10.6000003814697265625</ele>
        <time>2026-08-07T15:29:53.000Z</time>
        <extensions>
          <ns3:TrackPointExtension>
            <ns3:hr>140</ns3:hr>
            <ns3:cad>89</ns3:cad>
          </ns3:TrackPointExtension>
        </extensions>
      </trkpt>
      <trkpt lat="31.33390475995838642120361328125" lon="118.3698915503919124603271484375">
        <ele>10.6000003814697265625</ele>
        <time>2026-08-07T15:29:54.000Z</time>
        <extensions>
          <ns3:TrackPointExtension>
            <ns3:hr>140</ns3:hr>
            <ns3:cad>89</ns3:cad>
          </ns3:TrackPointExtension>
        </extensions>
      </trkpt>
      <trkpt lat="31.333887912333011627197265625" lon="118.3698623813688755035400390625">
        <ele>10.6000003814697265625</ele>
        <time>2026-08-07T15:29:55.000Z</time>
        <extensions>
          <ns3:TrackPointExtension>
            <ns3:hr>140</ns3:hr>
            <ns3:cad>89</ns3:cad>
          </ns3:TrackPointExtension>
        </extensions>
      </trkpt>
      <trkpt lat="31.33387307636439800262451171875" lon="118.36981921456754207611083984375">
        <ele>10.6000003814697265625</ele>
        <time>2026-08-07T15:29:56.000Z</time>
        <extensions>
          <ns3:TrackPointExtension>
            <ns3:hr>140</ns3:hr>
            <ns3:cad>89</ns3:cad>
          </ns3:TrackPointExtension>
        </extensions>
      </trkpt>
      <trkpt lat="31.333862431347370147705078125" lon="118.36978954263031482696533203125">
        <ele>10.6000003814697265625</ele>
        <time>2026-08-07T15:29:57.000Z</time>
        <extensions>
          <ns3:TrackPointExtension>
            <ns3:hr>140</ns3:hr>
            <ns3:cad>89</ns3:cad>
          </ns3:TrackPointExtension>
        </extensions>
      </trkpt>
      <trkpt lat="31.33385228924453258514404296875" lon="118.36974729783833026885986328125">
        <ele>10.3999996185302734375</ele>
        <time>2026-08-07T15:29:58.000Z</time>
        <extensions>
          <ns3:TrackPointExtension>
            <ns3:hr>140</ns3:hr>
            <ns3:cad>89</ns3:cad>
          </ns3:TrackPointExtension>
        </extensions>
      </trkpt>
      <trkpt lat="31.33383954875171184539794921875" lon="118.3697155304253101348876953125">
        <ele>10.3999996185302734375</ele>
        <time>2026-08-07T15:29:59.000Z</time>
        <extensions>
          <ns3:TrackPointExtension>
            <ns3:hr>140</ns3:hr>
            <ns3:cad>90</ns3:cad>
          </ns3:TrackPointExtension>
        </extensions>
      </trkpt>
      <trkpt lat="31.333832256495952606201171875" lon="118.369668759405612945556640625">
        <ele>10.3999996185302734375</ele>
        <time>2026-08-07T15:30:00.000Z</time>
        <extensions>
          <ns3:TrackPointExtension>
            <ns3:hr>139</ns3:hr>
            <ns3:cad>90</ns3:cad>
          </ns3:TrackPointExtension>
        </extensions>
      </trkpt>
      <trkpt lat="31.333822198212146759033203125" lon="118.3696347288787364959716796875">
        <ele>10.3999996185302734375</ele>
        <time>2026-08-07T15:30:01.000Z</time>
        <extensions>
          <ns3:TrackPointExtension>
            <ns3:hr>140</ns3:hr>
            <ns3:cad>89</ns3:cad>
          </ns3:TrackPointExtension>
        </extensions>
      </trkpt>
      <trkpt lat="31.33382043801248073577880859375" lon="118.3695924840867519378662109375">
        <ele>10.3999996185302734375</ele>
        <time>2026-08-07T15:30:02.000Z</time>
        <extensions>
          <ns3:TrackPointExtension>
            <ns3:hr>140</ns3:hr>
            <ns3:cad>89</ns3:cad>
          </ns3:TrackPointExtension>
        </extensions>
      </trkpt>
      <trkpt lat="31.33381306193768978118896484375" lon="118.36955954320728778839111328125">
        <ele>10.3999996185302734375</ele>
        <time>2026-08-07T15:30:03.000Z</time>
        <extensions>
          <ns3:TrackPointExtension>
            <ns3:hr>140</ns3:hr>
            <ns3:cad>89</ns3:cad>
          </ns3:TrackPointExtension>
        </extensions>
      </trkpt>
      <trkpt lat="31.333811469376087188720703125" lon="118.369515202939510345458984375">
        <ele>10.6000003814697265625</ele>
        <time>2026-08-07T15:30:04.000Z</time>
        <extensions>
          <ns3:TrackPointExtension>
            <ns3:hr>140</ns3:hr>
            <ns3:cad>89</ns3:cad>
          </ns3:TrackPointExtension>
        </extensions>
      </trkpt>
      <trkpt lat="31.33380518294870853424072265625" lon="118.36948310025036334991455078125">
        <ele>10.6000003814697265625</ele>
        <time>2026-08-07T15:30:05.000Z</time>
        <extensions>
          <ns3:TrackPointExtension>
            <ns3:hr>139</ns3:hr>
            <ns3:cad>90</ns3:cad>
          </ns3:TrackPointExtension>
        </extensions>
      </trkpt>
      <trkpt lat="31.3338099606335163116455078125" lon="118.36944001726806163787841796875">
        <ele>10.6000003814697265625</ele>
        <time>2026-08-07T15:30:06.000Z</time>
        <extensions>
          <ns3:TrackPointExtension>
            <ns3:hr>139</ns3:hr>
            <ns3:cad>90</ns3:cad>
          </ns3:TrackPointExtension>
        </extensions>
      </trkpt>
      <trkpt lat="31.33381138555705547332763671875" lon="118.3694104291498661041259765625">
        <ele>10.6000003814697265625</ele>
        <time>2026-08-07T15:30:07.000Z</time>
        <extensions>
          <ns3:TrackPointExtension>
            <ns3:hr>139</ns3:hr>
            <ns3:cad>90</ns3:cad>
          </ns3:TrackPointExtension>
        </extensions>
      </trkpt>
      <trkpt lat="31.33381322957575321197509765625" lon="118.36937514133751392364501953125">
        <ele>10.6000003814697265625</ele>
        <time>2026-08-07T15:30:08.000Z</time>
        <extensions>
          <ns3:TrackPointExtension>
            <ns3:hr>139</ns3:hr>
            <ns3:cad>90</ns3:cad>
          </ns3:TrackPointExtension>
        </extensions>
      </trkpt>
      <trkpt lat="31.333814822137355804443359375" lon="118.36933960206806659698486328125">
        <ele>10.6000003814697265625</ele>
        <time>2026-08-07T15:30:09.000Z</time>
        <extensions>
          <ns3:TrackPointExtension>
            <ns3:hr>140</ns3:hr>
            <ns3:cad>90</ns3:cad>
          </ns3:TrackPointExtension>
        </extensions>
      </trkpt>
      <trkpt lat="31.33382010273635387420654296875" lon="118.36930272169411182403564453125">
        <ele>10.3999996185302734375</ele>
        <time>2026-08-07T15:30:10.000Z</time>
        <extensions>
          <ns3:TrackPointExtension>
            <ns3:hr>139</ns3:hr>
            <ns3:cad>89</ns3:cad>
          </ns3:TrackPointExtension>
        </extensions>
      </trkpt>
      <trkpt lat="31.33382647298276424407958984375" lon="118.36926818825304508209228515625">
        <ele>10.3999996185302734375</ele>
        <time>2026-08-07T15:30:11.000Z</time>
        <extensions>
          <ns3:TrackPointExtension>
            <ns3:hr>139</ns3:hr>
            <ns3:cad>89</ns3:cad>
          </ns3:TrackPointExtension>
        </extensions>
      </trkpt>
      <trkpt lat="31.3338314183056354522705078125" lon="118.3692307211458683013916015625">
        <ele>10.3999996185302734375</ele>
        <time>2026-08-07T15:30:12.000Z</time>
        <extensions>
          <ns3:TrackPointExtension>
            <ns3:hr>140</ns3:hr>
            <ns3:cad>88</ns3:cad>
          </ns3:TrackPointExtension>
        </extensions>
      </trkpt>
      <trkpt lat="31.33384541608393192291259765625" lon="118.3691924996674060821533203125">
        <ele>10.3999996185302734375</ele>
        <time>2026-08-07T15:30:13.000Z</time>
        <extensions>
          <ns3:TrackPointExtension>
            <ns3:hr>139</ns3:hr>
            <ns3:cad>88</ns3:cad>
          </ns3:TrackPointExtension>
        </extensions>
      </trkpt>
      <trkpt lat="31.33385471999645233154296875" lon="118.369158469140529632568359375">
        <ele>10.6000003814697265625</ele>
        <time>2026-08-07T15:30:14.000Z</time>
        <extensions>
          <ns3:TrackPointExtension>
            <ns3:hr>139</ns3:hr>
            <ns3:cad>88</ns3:cad>
          </ns3:TrackPointExtension>
        </extensions>
      </trkpt>
      <trkpt lat="31.333874166011810302734375" lon="118.3691287972033023834228515625">
        <ele>10.6000003814697265625</ele>
        <time>2026-08-07T15:30:15.000Z</time>
        <extensions>
          <ns3:TrackPointExtension>
            <ns3:hr>139</ns3:hr>
            <ns3:cad>88</ns3:cad>
          </ns3:TrackPointExtension>
        </extensions>
      </trkpt>
      <trkpt lat="31.3338820450007915496826171875" lon="118.36910490877926349639892578125">
        <ele>10.6000003814697265625</ele>
        <time>2026-08-07T15:30:16.000Z</time>
        <extensions>
          <ns3:TrackPointExtension>
            <ns3:hr>139</ns3:hr>
            <ns3:cad>89</ns3:cad>
          </ns3:TrackPointExtension>
        </extensions>
      </trkpt>
      <trkpt lat="31.33389738388359546661376953125" lon="118.36907758377492427825927734375">
        <ele>10.6000003814697265625</ele>
        <time>2026-08-07T15:30:17.000Z</time>
        <extensions>
          <ns3:TrackPointExtension>
            <ns3:hr>139</ns3:hr>
            <ns3:cad>88</ns3:cad>
          </ns3:TrackPointExtension>
        </extensions>
      </trkpt>
      <trkpt lat="31.3339102081954479217529296875" lon="118.3690597303211688995361328125">
        <ele>10.6000003814697265625</ele>
        <time>2026-08-07T15:30:18.000Z</time>
        <extensions>
          <ns3:TrackPointExtension>
            <ns3:hr>140</ns3:hr>
            <ns3:cad>88</ns3:cad>
          </ns3:TrackPointExtension>
        </extensions>
      </trkpt>
      <trkpt lat="31.33386804722249507904052734375" lon="118.36906350217759609222412109375">
        <ele>11</ele>
        <time>2026-08-07T15:30:25.000Z</time>
        <extensions>
          <ns3:TrackPointExtension>
            <ns3:hr>141</ns3:hr>
            <ns3:cad>0</ns3:cad>
          </ns3:TrackPointExtension>
        </extensions>
      </trkpt>
      <trkpt lat="31.33385069668292999267578125" lon="118.369038105010986328125">
        <ele>10.80000019073486328125</ele>
        <time>2026-08-07T15:30:26.000Z</time>
        <extensions>
          <ns3:TrackPointExtension>
            <ns3:hr>140</ns3:hr>
            <ns3:cad>0</ns3:cad>
          </ns3:TrackPointExtension>
        </extensions>
      </trkpt>
      <trkpt lat="31.333830915391445159912109375" lon="118.36901597678661346435546875">
        <ele>10.80000019073486328125</ele>
        <time>2026-08-07T15:30:27.000Z</time>
        <extensions>
          <ns3:TrackPointExtension>
            <ns3:hr>140</ns3:hr>
            <ns3:cad>0</ns3:cad>
          </ns3:TrackPointExtension>
        </extensions>
      </trkpt>
      <trkpt lat="31.3338116370141506195068359375" lon="118.3689896576106548309326171875">
        <ele>10.6000003814697265625</ele>
        <time>2026-08-07T15:30:28.000Z</time>
        <extensions>
          <ns3:TrackPointExtension>
            <ns3:hr>139</ns3:hr>
            <ns3:cad>0</ns3:cad>
          </ns3:TrackPointExtension>
        </extensions>
      </trkpt>
      <trkpt lat="31.33379596285521984100341796875" lon="118.368948586285114288330078125">
        <ele>10.6000003814697265625</ele>
        <time>2026-08-07T15:30:29.000Z</time>
        <extensions>
          <ns3:TrackPointExtension>
            <ns3:hr>139</ns3:hr>
            <ns3:cad>0</ns3:cad>
          </ns3:TrackPointExtension>
        </extensions>
      </trkpt>
      <trkpt lat="31.33377685211598873138427734375" lon="118.3689239434897899627685546875">
        <ele>10.80000019073486328125</ele>
        <time>2026-08-07T15:30:30.000Z</time>
        <extensions>
          <ns3:TrackPointExtension>
            <ns3:hr>138</ns3:hr>
            <ns3:cad>83</ns3:cad>
          </ns3:TrackPointExtension>
        </extensions>
      </trkpt>
      <trkpt lat="31.33375547826290130615234375" lon="118.36889049969613552093505859375">
        <ele>10.80000019073486328125</ele>
        <time>2026-08-07T15:30:31.000Z</time>
        <extensions>
          <ns3:TrackPointExtension>
            <ns3:hr>137</ns3:hr>
            <ns3:cad>83</ns3:cad>
          </ns3:TrackPointExtension>
        </extensions>
      </trkpt>
      <trkpt lat="31.3337365351617336273193359375" lon="118.36886283941566944122314453125">
        <ele>10.80000019073486328125</ele>
        <time>2026-08-07T15:30:32.000Z</time>
        <extensions>
          <ns3:TrackPointExtension>
            <ns3:hr>137</ns3:hr>
            <ns3:cad>85</ns3:cad>
          </ns3:TrackPointExtension>
        </extensions>
      </trkpt>
      <trkpt lat="31.3337137363851070404052734375" lon="118.36882176809012889862060546875">
        <ele>10.80000019073486328125</ele>
        <time>2026-08-07T15:30:33.000Z</time>
        <extensions>
          <ns3:TrackPointExtension>
            <ns3:hr>138</ns3:hr>
            <ns3:cad>86</ns3:cad>
          </ns3:TrackPointExtension>
        </extensions>
      </trkpt>
      <trkpt lat="31.33369420655071735382080078125" lon="118.36879880167543888092041015625">
        <ele>10.80000019073486328125</ele>
        <time>2026-08-07T15:30:34.000Z</time>
        <extensions>
          <ns3:TrackPointExtension>
            <ns3:hr>138</ns3:hr>
            <ns3:cad>87</ns3:cad>
          </ns3:TrackPointExtension>
        </extensions>
      </trkpt>
      <trkpt lat="31.33367593400180339813232421875" lon="118.36876259185373783111572265625">
        <ele>10.6000003814697265625</ele>
        <time>2026-08-07T15:30:35.000Z</time>
        <extensions>
          <ns3:TrackPointExtension>
            <ns3:hr>139</ns3:hr>
            <ns3:cad>87</ns3:cad>
          </ns3:TrackPointExtension>
        </extensions>
      </trkpt>
      <trkpt lat="31.33365900255739688873291015625" lon="118.3687355183064937591552734375">
        <ele>10.6000003814697265625</ele>
        <time>2026-08-07T15:30:36.000Z</time>
        <extensions>
          <ns3:TrackPointExtension>
            <ns3:hr>139</ns3:hr>
            <ns3:cad>88</ns3:cad>
          </ns3:TrackPointExtension>
        </extensions>
      </trkpt>
      <trkpt lat="31.3336502015590667724609375" lon="118.36869637481868267059326171875">
        <ele>10.6000003814697265625</ele>
        <time>2026-08-07T15:30:37.000Z</time>
        <extensions>
          <ns3:TrackPointExtension>
            <ns3:hr>139</ns3:hr>
            <ns3:cad>89</ns3:cad>
          </ns3:TrackPointExtension>
        </extensions>
      </trkpt>
      <trkpt lat="31.33364106528460979461669921875" lon="118.36866217665374279022216796875">
        <ele>10.3999996185302734375</ele>
        <time>2026-08-07T15:30:38.000Z</time>
        <extensions>
          <ns3:TrackPointExtension>
            <ns3:hr>139</ns3:hr>
            <ns3:cad>89</ns3:cad>
          </ns3:TrackPointExtension>
        </extensions>
      </trkpt>
      <trkpt lat="31.333632431924343109130859375" lon="118.3686248771846294403076171875">
        <ele>10.3999996185302734375</ele>
        <time>2026-08-07T15:30:39.000Z</time>
        <extensions>
          <ns3:TrackPointExtension>
            <ns3:hr>139</ns3:hr>
            <ns3:cad>88</ns3:cad>
          </ns3:TrackPointExtension>
        </extensions>
      </trkpt>
      <trkpt lat="31.33362530730664730072021484375" lon="118.36858824826776981353759765625">
        <ele>10.3999996185302734375</ele>
        <time>2026-08-07T15:30:40.000Z</time>
        <extensions>
          <ns3:TrackPointExtension>
            <ns3:hr>139</ns3:hr>
            <ns3:cad>87</ns3:cad>
          </ns3:TrackPointExtension>
        </extensions>
      </trkpt>
      <trkpt lat="31.33361734449863433837890625" lon="118.3685521222651004791259765625">
        <ele>10.3999996185302734375</ele>
        <time>2026-08-07T15:30:41.000Z</time>
        <extensions>
          <ns3:TrackPointExtension>
            <ns3:hr>138</ns3:hr>
            <ns3:cad>86</ns3:cad>
          </ns3:TrackPointExtension>
        </extensions>
      </trkpt>
      <trkpt lat="31.33361223153769969940185546875" lon="118.3685149066150188446044921875">
        <ele>10.3999996185302734375</ele>
        <time>2026-08-07T15:30:42.000Z</time>
        <extensions>
          <ns3:TrackPointExtension>
            <ns3:hr>138</ns3:hr>
            <ns3:cad>86</ns3:cad>
          </ns3:TrackPointExtension>
        </extensions>
      </trkpt>
      <trkpt lat="31.33360368199646472930908203125" lon="118.3684770204126834869384765625">
        <ele>10.3999996185302734375</ele>
        <time>2026-08-07T15:30:43.000Z</time>
        <extensions>
          <ns3:TrackPointExtension>
            <ns3:hr>138</ns3:hr>
            <ns3:cad>87</ns3:cad>
          </ns3:TrackPointExtension>
        </extensions>
      </trkpt>
      <trkpt lat="31.33360485546290874481201171875" lon="118.368437625467777252197265625">
        <ele>10.3999996185302734375</ele>
        <time>2026-08-07T15:30:44.000Z</time>
        <extensions>
          <ns3:TrackPointExtension>
            <ns3:hr>138</ns3:hr>
            <ns3:cad>89</ns3:cad>
          </ns3:TrackPointExtension>
        </extensions>
      </trkpt>
      <trkpt lat="31.3336067833006381988525390625" lon="118.36840501986443996429443359375">
        <ele>10.3999996185302734375</ele>
        <time>2026-08-07T15:30:45.000Z</time>
        <extensions>
          <ns3:TrackPointExtension>
            <ns3:hr>139</ns3:hr>
            <ns3:cad>89</ns3:cad>
          </ns3:TrackPointExtension>
        </extensions>
      </trkpt>
      <trkpt lat="31.33360871113836765289306640625" lon="118.36836847476661205291748046875">
        <ele>10.19999980926513671875</ele>
        <time>2026-08-07T15:30:46.000Z</time>
        <extensions>
          <ns3:TrackPointExtension>
            <ns3:hr>139</ns3:hr>
            <ns3:cad>89</ns3:cad>
          </ns3:TrackPointExtension>
        </extensions>
      </trkpt>
      <trkpt lat="31.3336064480245113372802734375" lon="118.36834198795258998870849609375">
        <ele>10.19999980926513671875</ele>
        <time>2026-08-07T15:30:47.000Z</time>
        <extensions>
          <ns3:TrackPointExtension>
            <ns3:hr>139</ns3:hr>
            <ns3:cad>89</ns3:cad>
          </ns3:TrackPointExtension>
        </extensions>
      </trkpt>
      <trkpt lat="31.33361063897609710693359375" lon="118.36830544285476207733154296875">
        <ele>10.19999980926513671875</ele>
        <time>2026-08-07T15:30:48.000Z</time>
        <extensions>
          <ns3:TrackPointExtension>
            <ns3:hr>139</ns3:hr>
            <ns3:cad>89</ns3:cad>
          </ns3:TrackPointExtension>
        </extensions>
      </trkpt>
      <trkpt lat="31.3336064480245113372802734375" lon="118.36827761493623256683349609375">
        <ele>10.19999980926513671875</ele>
        <time>2026-08-07T15:30:49.000Z</time>
        <extensions>
          <ns3:TrackPointExtension>
            <ns3:hr>139</ns3:hr>
            <ns3:cad>88</ns3:cad>
          </ns3:TrackPointExtension>
        </extensions>
      </trkpt>
      <trkpt lat="31.33361407555639743804931640625" lon="118.36823620833456516265869140625">
        <ele>10</ele>
        <time>2026-08-07T15:30:50.000Z</time>
        <extensions>
          <ns3:TrackPointExtension>
            <ns3:hr>139</ns3:hr>
            <ns3:cad>88</ns3:cad>
          </ns3:TrackPointExtension>
        </extensions>
      </trkpt>
      <trkpt lat="31.333607621490955352783203125" lon="118.36820569820702075958251953125">
        <ele>10.19999980926513671875</ele>
        <time>2026-08-07T15:30:51.000Z</time>
        <extensions>
          <ns3:TrackPointExtension>
            <ns3:hr>140</ns3:hr>
            <ns3:cad>88</ns3:cad>
          </ns3:TrackPointExtension>
        </extensions>
      </trkpt>
      <trkpt lat="31.333605609834194183349609375" lon="118.36816043592989444732666015625">
        <ele>10.19999980926513671875</ele>
        <time>2026-08-07T15:30:52.000Z</time>
        <extensions>
          <ns3:TrackPointExtension>
            <ns3:hr>139</ns3:hr>
            <ns3:cad>88</ns3:cad>
          </ns3:TrackPointExtension>
        </extensions>
      </trkpt>
      <trkpt lat="31.33359865285456180572509765625" lon="118.368127159774303436279296875">
        <ele>10.19999980926513671875</ele>
        <time>2026-08-07T15:30:53.000Z</time>
        <extensions>
          <ns3:TrackPointExtension>
            <ns3:hr>139</ns3:hr>
            <ns3:cad>89</ns3:cad>
          </ns3:TrackPointExtension>
        </extensions>
      </trkpt>
      <trkpt lat="31.33359395898878574371337890625" lon="118.36808633990585803985595703125">
        <ele>10.19999980926513671875</ele>
        <time>2026-08-07T15:30:54.000Z</time>
        <extensions>
          <ns3:TrackPointExtension>
            <ns3:hr>139</ns3:hr>
            <ns3:cad>89</ns3:cad>
          </ns3:TrackPointExtension>
        </extensions>
      </trkpt>
      <trkpt lat="31.33358876220881938934326171875" lon="118.368056751787662506103515625">
        <ele>10.19999980926513671875</ele>
        <time>2026-08-07T15:30:55.000Z</time>
        <extensions>
          <ns3:TrackPointExtension>
            <ns3:hr>140</ns3:hr>
            <ns3:cad>89</ns3:cad>
          </ns3:TrackPointExtension>
        </extensions>
      </trkpt>
      <trkpt lat="31.3335813023149967193603515625" lon="118.3680186979472637176513671875">
        <ele>10.3999996185302734375</ele>
        <time>2026-08-07T15:30:56.000Z</time>
        <extensions>
          <ns3:TrackPointExtension>
            <ns3:hr>139</ns3:hr>
            <ns3:cad>89</ns3:cad>
          </ns3:TrackPointExtension>
        </extensions>
      </trkpt>
      <trkpt lat="31.33357216604053974151611328125" lon="118.36799095384776592254638671875">
        <ele>10.3999996185302734375</ele>
        <time>2026-08-07T15:30:57.000Z</time>
        <extensions>
          <ns3:TrackPointExtension>
            <ns3:hr>139</ns3:hr>
            <ns3:cad>87</ns3:cad>
          </ns3:TrackPointExtension>
        </extensions>
      </trkpt>
      <trkpt lat="31.333562023937702178955078125" lon="118.3679573424160480499267578125">
        <ele>10.3999996185302734375</ele>
        <time>2026-08-07T15:30:58.000Z</time>
        <extensions>
          <ns3:TrackPointExtension>
            <ns3:hr>140</ns3:hr>
            <ns3:cad>87</ns3:cad>
          </ns3:TrackPointExtension>
        </extensions>
      </trkpt>
      <trkpt lat="31.3335595093667507171630859375" lon="118.36792297661304473876953125">
        <ele>10.6000003814697265625</ele>
        <time>2026-08-07T15:30:59.000Z</time>
        <extensions>
          <ns3:TrackPointExtension>
            <ns3:hr>139</ns3:hr>
            <ns3:cad>87</ns3:cad>
          </ns3:TrackPointExtension>
        </extensions>
      </trkpt>
      <trkpt lat="31.33355121128261089324951171875" lon="118.36789674125611782073974609375">
        <ele>10.6000003814697265625</ele>
        <time>2026-08-07T15:31:00.000Z</time>
        <extensions>
          <ns3:TrackPointExtension>
            <ns3:hr>139</ns3:hr>
            <ns3:cad>88</ns3:cad>
          </ns3:TrackPointExtension>
        </extensions>
      </trkpt>
      <trkpt lat="31.3335511274635791778564453125" lon="118.36785994470119476318359375">
        <ele>10.6000003814697265625</ele>
        <time>2026-08-07T15:31:01.000Z</time>
        <extensions>
          <ns3:TrackPointExtension>
            <ns3:hr>139</ns3:hr>
            <ns3:cad>88</ns3:cad>
          </ns3:TrackPointExtension>
        </extensions>
      </trkpt>
      <trkpt lat="31.33354358375072479248046875" lon="118.36783722974359989166259765625">
        <ele>10.6000003814697265625</ele>
        <time>2026-08-07T15:31:02.000Z</time>
        <extensions>
          <ns3:TrackPointExtension>
            <ns3:hr>139</ns3:hr>
            <ns3:cad>88</ns3:cad>
          </ns3:TrackPointExtension>
        </extensions>
      </trkpt>
      <trkpt lat="31.3335444219410419464111328125" lon="118.36779783479869365692138671875">
        <ele>10.6000003814697265625</ele>
        <time>2026-08-07T15:31:03.000Z</time>
        <extensions>
          <ns3:TrackPointExtension>
            <ns3:hr>139</ns3:hr>
            <ns3:cad>88</ns3:cad>
          </ns3:TrackPointExtension>
        </extensions>
      </trkpt>
      <trkpt lat="31.3335357047617435455322265625" lon="118.3677729405462741851806640625">
        <ele>10.3999996185302734375</ele>
        <time>2026-08-07T15:31:04.000Z</time>
        <extensions>
          <ns3:TrackPointExtension>
            <ns3:hr>139</ns3:hr>
            <ns3:cad>87</ns3:cad>
          </ns3:TrackPointExtension>
        </extensions>
      </trkpt>
      <trkpt lat="31.33353411220014095306396484375" lon="118.36773027665913105010986328125">
        <ele>10.6000003814697265625</ele>
        <time>2026-08-07T15:31:05.000Z</time>
        <extensions>
          <ns3:TrackPointExtension>
            <ns3:hr>139</ns3:hr>
            <ns3:cad>87</ns3:cad>
          </ns3:TrackPointExtension>
        </extensions>
      </trkpt>
      <trkpt lat="31.333528496325016021728515625" lon="118.3677011914551258087158203125">
        <ele>10.6000003814697265625</ele>
        <time>2026-08-07T15:31:06.000Z</time>
        <extensions>
          <ns3:TrackPointExtension>
            <ns3:hr>139</ns3:hr>
            <ns3:cad>87</ns3:cad>
          </ns3:TrackPointExtension>
        </extensions>
      </trkpt>
      <trkpt lat="31.33352807722985744476318359375" lon="118.36766003631055355072021484375">
        <ele>10.6000003814697265625</ele>
        <time>2026-08-07T15:31:07.000Z</time>
        <extensions>
          <ns3:TrackPointExtension>
            <ns3:hr>138</ns3:hr>
            <ns3:cad>88</ns3:cad>
          </ns3:TrackPointExtension>
        </extensions>
      </trkpt>
      <trkpt lat="31.3335209526121616363525390625" lon="118.36763120256364345550537109375">
        <ele>10.6000003814697265625</ele>
        <time>2026-08-07T15:31:08.000Z</time>
        <extensions>
          <ns3:TrackPointExtension>
            <ns3:hr>138</ns3:hr>
            <ns3:cad>88</ns3:cad>
          </ns3:TrackPointExtension>
        </extensions>
      </trkpt>
      <trkpt lat="31.33351684547960758209228515625" lon="118.3675959147512912750244140625">
        <ele>10.6000003814697265625</ele>
        <time>2026-08-07T15:31:09.000Z</time>
        <extensions>
          <ns3:TrackPointExtension>
            <ns3:hr>138</ns3:hr>
            <ns3:cad>88</ns3:cad>
          </ns3:TrackPointExtension>
        </extensions>
      </trkpt>
      <trkpt lat="31.33351231925189495086669921875" lon="118.367565907537937164306640625">
        <ele>10.80000019073486328125</ele>
        <time>2026-08-07T15:31:10.000Z</time>
        <extensions>
          <ns3:TrackPointExtension>
            <ns3:hr>139</ns3:hr>
            <ns3:cad>88</ns3:cad>
          </ns3:TrackPointExtension>
        </extensions>
      </trkpt>
      <trkpt lat="31.33350846357643604278564453125" lon="118.36753070354461669921875">
        <ele>10.80000019073486328125</ele>
        <time>2026-08-07T15:31:11.000Z</time>
        <extensions>
          <ns3:TrackPointExtension>
            <ns3:hr>138</ns3:hr>
            <ns3:cad>87</ns3:cad>
          </ns3:TrackPointExtension>
        </extensions>
      </trkpt>
      <trkpt lat="31.33350142277777194976806640625" lon="118.36749860085546970367431640625">
        <ele>10.80000019073486328125</ele>
        <time>2026-08-07T15:31:12.000Z</time>
        <extensions>
          <ns3:TrackPointExtension>
            <ns3:hr>138</ns3:hr>
            <ns3:cad>86</ns3:cad>
          </ns3:TrackPointExtension>
        </extensions>
      </trkpt>
      <trkpt lat="31.33349203504621982574462890625" lon="118.3674628101289272308349609375">
        <ele>10.80000019073486328125</ele>
        <time>2026-08-07T15:31:13.000Z</time>
        <extensions>
          <ns3:TrackPointExtension>
            <ns3:hr>138</ns3:hr>
            <ns3:cad>86</ns3:cad>
          </ns3:TrackPointExtension>
        </extensions>
      </trkpt>
      <trkpt lat="31.333487592637538909912109375" lon="118.36742341518402099609375">
        <ele>10.80000019073486328125</ele>
        <time>2026-08-07T15:31:14.000Z</time>
        <extensions>
          <ns3:TrackPointExtension>
            <ns3:hr>138</ns3:hr>
            <ns3:cad>87</ns3:cad>
          </ns3:TrackPointExtension>
        </extensions>
      </trkpt>
      <trkpt lat="31.333481557667255401611328125" lon="118.36738745681941509246826171875">
        <ele>10.80000019073486328125</ele>
        <time>2026-08-07T15:31:15.000Z</time>
        <extensions>
          <ns3:TrackPointExtension>
            <ns3:hr>138</ns3:hr>
            <ns3:cad>88</ns3:cad>
          </ns3:TrackPointExtension>
        </extensions>
      </trkpt>
      <trkpt lat="31.33347979746758937835693359375" lon="118.36734387092292308807373046875">
        <ele>11</ele>
        <time>2026-08-07T15:31:16.000Z</time>
        <extensions>
          <ns3:TrackPointExtension>
            <ns3:hr>138</ns3:hr>
            <ns3:cad>89</ns3:cad>
          </ns3:TrackPointExtension>
        </extensions>
      </trkpt>
      <trkpt lat="31.3334740139544010162353515625" lon="118.3673132769763469696044921875">
        <ele>11</ele>
        <time>2026-08-07T15:31:17.000Z</time>
        <extensions>
          <ns3:TrackPointExtension>
            <ns3:hr>138</ns3:hr>
            <ns3:cad>89</ns3:cad>
          </ns3:TrackPointExtension>
        </extensions>
      </trkpt>
      <trkpt lat="31.33347694762051105499267578125" lon="118.36726994253695011138916015625">
        <ele>11</ele>
        <time>2026-08-07T15:31:18.000Z</time>
        <extensions>
          <ns3:TrackPointExtension>
            <ns3:hr>138</ns3:hr>
            <ns3:cad>89</ns3:cad>
          </ns3:TrackPointExtension>
        </extensions>
      </trkpt>
      <trkpt lat="31.333470158278942108154296875" lon="118.36723658256232738494873046875">
        <ele>11</ele>
        <time>2026-08-07T15:31:19.000Z</time>
        <extensions>
          <ns3:TrackPointExtension>
            <ns3:hr>137</ns3:hr>
            <ns3:cad>88</ns3:cad>
          </ns3:TrackPointExtension>
        </extensions>
      </trkpt>
      <trkpt lat="31.3334763608872890472412109375" lon="118.36719165556132793426513671875">
        <ele>11.19999980926513671875</ele>
        <time>2026-08-07T15:31:20.000Z</time>
        <extensions>
          <ns3:TrackPointExtension>
            <ns3:hr>138</ns3:hr>
            <ns3:cad>87</ns3:cad>
          </ns3:TrackPointExtension>
        </extensions>
      </trkpt>
      <trkpt lat="31.3334713317453861236572265625" lon="118.3671617321670055389404296875">
        <ele>11.19999980926513671875</ele>
        <time>2026-08-07T15:31:21.000Z</time>
        <extensions>
          <ns3:TrackPointExtension>
            <ns3:hr>138</ns3:hr>
            <ns3:cad>87</ns3:cad>
          </ns3:TrackPointExtension>
        </extensions>
      </trkpt>
      <trkpt lat="31.33346772752702236175537109375" lon="118.36711839772760868072509765625">
        <ele>11.19999980926513671875</ele>
        <time>2026-08-07T15:31:22.000Z</time>
        <extensions>
          <ns3:TrackPointExtension>
            <ns3:hr>138</ns3:hr>
            <ns3:cad>87</ns3:cad>
          </ns3:TrackPointExtension>
        </extensions>
      </trkpt>
      <trkpt lat="31.3334595970809459686279296875" lon="118.36709006689488887786865234375">
        <ele>11.19999980926513671875</ele>
        <time>2026-08-07T15:31:23.000Z</time>
        <extensions>
          <ns3:TrackPointExtension>
            <ns3:hr>138</ns3:hr>
            <ns3:cad>88</ns3:cad>
          </ns3:TrackPointExtension>
        </extensions>
      </trkpt>
      <trkpt lat="31.3334565795958042144775390625" lon="118.36704731918871402740478515625">
        <ele>11</ele>
        <time>2026-08-07T15:31:24.000Z</time>
        <extensions>
          <ns3:TrackPointExtension>
            <ns3:hr>138</ns3:hr>
            <ns3:cad>88</ns3:cad>
          </ns3:TrackPointExtension>
        </extensions>
      </trkpt>
      <trkpt lat="31.33345029316842555999755859375" lon="118.36701245047152042388916015625">
        <ele>11</ele>
        <time>2026-08-07T15:31:25.000Z</time>
        <extensions>
          <ns3:TrackPointExtension>
            <ns3:hr>138</ns3:hr>
            <ns3:cad>88</ns3:cad>
          </ns3:TrackPointExtension>
        </extensions>
      </trkpt>
      <trkpt lat="31.33344710804522037506103515625" lon="118.36697221733629703521728515625">
        <ele>10.80000019073486328125</ele>
        <time>2026-08-07T15:31:26.000Z</time>
        <extensions>
          <ns3:TrackPointExtension>
            <ns3:hr>138</ns3:hr>
            <ns3:cad>88</ns3:cad>
          </ns3:TrackPointExtension>
        </extensions>
      </trkpt>
      <trkpt lat="31.33344509638845920562744140625" lon="118.36693500168621540069580078125">
        <ele>10.80000019073486328125</ele>
        <time>2026-08-07T15:31:27.000Z</time>
        <extensions>
          <ns3:TrackPointExtension>
            <ns3:hr>138</ns3:hr>
            <ns3:cad>87</ns3:cad>
          </ns3:TrackPointExtension>
        </extensions>
      </trkpt>
      <trkpt lat="31.33344258181750774383544921875" lon="118.36689409799873828887939453125">
        <ele>10.6000003814697265625</ele>
        <time>2026-08-07T15:31:28.000Z</time>
        <extensions>
          <ns3:TrackPointExtension>
            <ns3:hr>138</ns3:hr>
            <ns3:cad>87</ns3:cad>
          </ns3:TrackPointExtension>
        </extensions>
      </trkpt>
      <trkpt lat="31.33344031870365142822265625" lon="118.36685621179640293121337890625">
        <ele>10.80000019073486328125</ele>
        <time>2026-08-07T15:31:29.000Z</time>
        <extensions>
          <ns3:TrackPointExtension>
            <ns3:hr>138</ns3:hr>
            <ns3:cad>87</ns3:cad>
          </ns3:TrackPointExtension>
        </extensions>
      </trkpt>
      <trkpt lat="31.33343537338078022003173828125" lon="118.366822935640811920166015625">
        <ele>10.80000019073486328125</ele>
        <time>2026-08-07T15:31:30.000Z</time>
        <extensions>
          <ns3:TrackPointExtension>
            <ns3:hr>138</ns3:hr>
            <ns3:cad>87</ns3:cad>
          </ns3:TrackPointExtension>
        </extensions>
      </trkpt>
      <trkpt lat="31.33343839086592197418212890625" lon="118.3667865581810474395751953125">
        <ele>10.80000019073486328125</ele>
        <time>2026-08-07T15:31:31.000Z</time>
        <extensions>
          <ns3:TrackPointExtension>
            <ns3:hr>138</ns3:hr>
            <ns3:cad>89</ns3:cad>
          </ns3:TrackPointExtension>
        </extensions>
      </trkpt>
      <trkpt lat="31.33343302644789218902587890625" lon="118.3667567186057567596435546875">
        <ele>10.80000019073486328125</ele>
        <time>2026-08-07T15:31:32.000Z</time>
        <extensions>
          <ns3:TrackPointExtension>
            <ns3:hr>138</ns3:hr>
            <ns3:cad>89</ns3:cad>
          </ns3:TrackPointExtension>
        </extensions>
      </trkpt>
      <trkpt lat="31.33343436755239963531494140625" lon="118.36671573109924793243408203125">
        <ele>10.80000019073486328125</ele>
        <time>2026-08-07T15:31:33.000Z</time>
        <extensions>
          <ns3:TrackPointExtension>
            <ns3:hr>138</ns3:hr>
            <ns3:cad>89</ns3:cad>
          </ns3:TrackPointExtension>
        </extensions>
      </trkpt>
      <trkpt lat="31.33342565037310123443603515625" lon="118.3666903339326381683349609375">
        <ele>10.80000019073486328125</ele>
        <time>2026-08-07T15:31:34.000Z</time>
        <extensions>
          <ns3:TrackPointExtension>
            <ns3:hr>138</ns3:hr>
            <ns3:cad>88</ns3:cad>
          </ns3:TrackPointExtension>
        </extensions>
      </trkpt>
      <trkpt lat="31.333426572382450103759765625" lon="118.3666484244167804718017578125">
        <ele>10.6000003814697265625</ele>
        <time>2026-08-07T15:31:35.000Z</time>
        <extensions>
          <ns3:TrackPointExtension>
            <ns3:hr>139</ns3:hr>
            <ns3:cad>88</ns3:cad>
          </ns3:TrackPointExtension>
        </extensions>
      </trkpt>
      <trkpt lat="31.33341995067894458770751953125" lon="118.36661799810826778411865234375">
        <ele>10.6000003814697265625</ele>
        <time>2026-08-07T15:31:36.000Z</time>
        <extensions>
          <ns3:TrackPointExtension>
            <ns3:hr>138</ns3:hr>
            <ns3:cad>87</ns3:cad>
          </ns3:TrackPointExtension>
        </extensions>
      </trkpt>
      <trkpt lat="31.33342062123119831085205078125" lon="118.36657407693564891815185546875">
        <ele>10.6000003814697265625</ele>
        <time>2026-08-07T15:31:37.000Z</time>
        <extensions>
          <ns3:TrackPointExtension>
            <ns3:hr>138</ns3:hr>
            <ns3:cad>87</ns3:cad>
          </ns3:TrackPointExtension>
        </extensions>
      </trkpt>
      <trkpt lat="31.33341391570866107940673828125" lon="118.36654390208423137664794921875">
        <ele>10.6000003814697265625</ele>
        <time>2026-08-07T15:31:38.000Z</time>
        <extensions>
          <ns3:TrackPointExtension>
            <ns3:hr>138</ns3:hr>
            <ns3:cad>87</ns3:cad>
          </ns3:TrackPointExtension>
        </extensions>
      </trkpt>
      <trkpt lat="31.3334119878709316253662109375" lon="118.3664998970925807952880859375">
        <ele>10.6000003814697265625</ele>
        <time>2026-08-07T15:31:39.000Z</time>
        <extensions>
          <ns3:TrackPointExtension>
            <ns3:hr>139</ns3:hr>
            <ns3:cad>88</ns3:cad>
          </ns3:TrackPointExtension>
        </extensions>
      </trkpt>
      <trkpt lat="31.33340486325323581695556640625" lon="118.366468213498592376708984375">
        <ele>10.80000019073486328125</ele>
        <time>2026-08-07T15:31:40.000Z</time>
        <extensions>
          <ns3:TrackPointExtension>
            <ns3:hr>138</ns3:hr>
            <ns3:cad>88</ns3:cad>
          </ns3:TrackPointExtension>
        </extensions>
      </trkpt>
      <trkpt lat="31.33340050466358661651611328125" lon="118.36642571724951267242431640625">
        <ele>10.80000019073486328125</ele>
        <time>2026-08-07T15:31:41.000Z</time>
        <extensions>
          <ns3:TrackPointExtension>
            <ns3:hr>138</ns3:hr>
            <ns3:cad>88</ns3:cad>
          </ns3:TrackPointExtension>
        </extensions>
      </trkpt>
      <trkpt lat="31.333391703665256500244140625" lon="118.36639353074133396148681640625">
        <ele>10.80000019073486328125</ele>
        <time>2026-08-07T15:31:42.000Z</time>
        <extensions>
          <ns3:TrackPointExtension>
            <ns3:hr>138</ns3:hr>
            <ns3:cad>88</ns3:cad>
          </ns3:TrackPointExtension>
        </extensions>
      </trkpt>
      <trkpt lat="31.333386003971099853515625" lon="118.36635396815836429595947265625">
        <ele>11</ele>
        <time>2026-08-07T15:31:43.000Z</time>
        <extensions>
          <ns3:TrackPointExtension>
            <ns3:hr>139</ns3:hr>
            <ns3:cad>88</ns3:cad>
          </ns3:TrackPointExtension>
        </extensions>
      </trkpt>
      <trkpt lat="31.3333819806575775146484375" lon="118.366320021450519561767578125">
        <ele>11</ele>
        <time>2026-08-07T15:31:44.000Z</time>
        <extensions>
          <ns3:TrackPointExtension>
            <ns3:hr>139</ns3:hr>
            <ns3:cad>88</ns3:cad>
          </ns3:TrackPointExtension>
        </extensions>
      </trkpt>
      <trkpt lat="31.333381645381450653076171875" lon="118.36627651937305927276611328125">
        <ele>10.80000019073486328125</ele>
        <time>2026-08-07T15:31:45.000Z</time>
        <extensions>
          <ns3:TrackPointExtension>
            <ns3:hr>139</ns3:hr>
            <ns3:cad>89</ns3:cad>
          </ns3:TrackPointExtension>
        </extensions>
      </trkpt>
      <trkpt lat="31.33337887935340404510498046875" lon="118.3662397228181362152099609375">
        <ele>10.80000019073486328125</ele>
        <time>2026-08-07T15:31:46.000Z</time>
        <extensions>
          <ns3:TrackPointExtension>
            <ns3:hr>139</ns3:hr>
            <ns3:cad>89</ns3:cad>
          </ns3:TrackPointExtension>
        </extensions>
      </trkpt>
      <trkpt lat="31.33337301202118396759033203125" lon="118.36619856767356395721435546875">
        <ele>10.80000019073486328125</ele>
        <time>2026-08-07T15:31:47.000Z</time>
        <extensions>
          <ns3:TrackPointExtension>
            <ns3:hr>139</ns3:hr>
            <ns3:cad>89</ns3:cad>
          </ns3:TrackPointExtension>
        </extensions>
      </trkpt>
      <trkpt lat="31.3333710841834545135498046875" lon="118.3661639504134654998779296875">
        <ele>10.6000003814697265625</ele>
        <time>2026-08-07T15:31:48.000Z</time>
        <extensions>
          <ns3:TrackPointExtension>
            <ns3:hr>139</ns3:hr>
            <ns3:cad>89</ns3:cad>
          </ns3:TrackPointExtension>
        </extensions>
      </trkpt>
      <trkpt lat="31.33337535895407199859619140625" lon="118.36611893959343433380126953125">
        <ele>10.6000003814697265625</ele>
        <time>2026-08-07T15:31:49.000Z</time>
        <extensions>
          <ns3:TrackPointExtension>
            <ns3:hr>139</ns3:hr>
            <ns3:cad>90</ns3:cad>
          </ns3:TrackPointExtension>
        </extensions>
      </trkpt>
      <trkpt lat="31.33337418548762798309326171875" lon="118.36607761681079864501953125">
        <ele>10.6000003814697265625</ele>
        <time>2026-08-07T15:31:50.000Z</time>
        <extensions>
          <ns3:TrackPointExtension>
            <ns3:hr>139</ns3:hr>
            <ns3:cad>90</ns3:cad>
          </ns3:TrackPointExtension>
        </extensions>
      </trkpt>
      <trkpt lat="31.333380974829196929931640625" lon="118.36603629402816295623779296875">
        <ele>10.3999996185302734375</ele>
        <time>2026-08-07T15:31:51.000Z</time>
        <extensions>
          <ns3:TrackPointExtension>
            <ns3:hr>138</ns3:hr>
            <ns3:cad>89</ns3:cad>
          </ns3:TrackPointExtension>
        </extensions>
      </trkpt>
      <trkpt lat="31.33338508196175098419189453125" lon="118.36599647998809814453125">
        <ele>10.19999980926513671875</ele>
        <time>2026-08-07T15:31:52.000Z</time>
        <extensions>
          <ns3:TrackPointExtension>
            <ns3:hr>139</ns3:hr>
            <ns3:cad>89</ns3:cad>
          </ns3:TrackPointExtension>
        </extensions>
      </trkpt>
      <trkpt lat="31.33339413441717624664306640625" lon="118.36595515720546245574951171875">
        <ele>10</ele>
        <time>2026-08-07T15:31:53.000Z</time>
        <extensions>
          <ns3:TrackPointExtension>
            <ns3:hr>139</ns3:hr>
            <ns3:cad>89</ns3:cad>
          </ns3:TrackPointExtension>
        </extensions>
      </trkpt>
      <trkpt lat="31.3334061205387115478515625" lon="118.3659175224602222442626953125">
        <ele>9.80000019073486328125</ele>
        <time>2026-08-07T15:31:54.000Z</time>
        <extensions>
          <ns3:TrackPointExtension>
            <ns3:hr>138</ns3:hr>
            <ns3:cad>89</ns3:cad>
          </ns3:TrackPointExtension>
        </extensions>
      </trkpt>
      <trkpt lat="31.3334170170128345489501953125" lon="118.36587586440145969390869140625">
        <ele>9.6000003814697265625</ele>
        <time>2026-08-07T15:31:55.000Z</time>
        <extensions>
          <ns3:TrackPointExtension>
            <ns3:hr>139</ns3:hr>
            <ns3:cad>89</ns3:cad>
          </ns3:TrackPointExtension>
        </extensions>
      </trkpt>
      <trkpt lat="31.33343135006725788116455078125" lon="118.36583898402750492095947265625">
        <ele>9.80000019073486328125</ele>
        <time>2026-08-07T15:31:56.000Z</time>
        <extensions>
          <ns3:TrackPointExtension>
            <ns3:hr>138</ns3:hr>
            <ns3:cad>90</ns3:cad>
          </ns3:TrackPointExtension>
        </extensions>
      </trkpt>
      <trkpt lat="31.3334409892559051513671875" lon="118.36580478586256504058837890625">
        <ele>9.80000019073486328125</ele>
        <time>2026-08-07T15:31:57.000Z</time>
        <extensions>
          <ns3:TrackPointExtension>
            <ns3:hr>138</ns3:hr>
            <ns3:cad>90</ns3:cad>
          </ns3:TrackPointExtension>
        </extensions>
      </trkpt>
      <trkpt lat="31.33345800451934337615966796875" lon="118.365771509706974029541015625">
        <ele>9.80000019073486328125</ele>
        <time>2026-08-07T15:31:58.000Z</time>
        <extensions>
          <ns3:TrackPointExtension>
            <ns3:hr>139</ns3:hr>
            <ns3:cad>89</ns3:cad>
          </ns3:TrackPointExtension>
        </extensions>
      </trkpt>
      <trkpt lat="31.3334686495363712310791015625" lon="118.36573990993201732635498046875">
        <ele>9.80000019073486328125</ele>
        <time>2026-08-07T15:31:59.000Z</time>
        <extensions>
          <ns3:TrackPointExtension>
            <ns3:hr>138</ns3:hr>
            <ns3:cad>89</ns3:cad>
          </ns3:TrackPointExtension>
        </extensions>
      </trkpt>
      <trkpt lat="31.33348750881850719451904296875" lon="118.36570554412901401519775390625">
        <ele>9.6000003814697265625</ele>
        <time>2026-08-07T15:32:00.000Z</time>
        <extensions>
          <ns3:TrackPointExtension>
            <ns3:hr>138</ns3:hr>
            <ns3:cad>88</ns3:cad>
          </ns3:TrackPointExtension>
        </extensions>
      </trkpt>
      <trkpt lat="31.33349664509296417236328125" lon="118.36567469872534275054931640625">
        <ele>9.6000003814697265625</ele>
        <time>2026-08-07T15:32:01.000Z</time>
        <extensions>
          <ns3:TrackPointExtension>
            <ns3:hr>138</ns3:hr>
            <ns3:cad>88</ns3:cad>
          </ns3:TrackPointExtension>
        </extensions>
      </trkpt>
      <trkpt lat="31.3335179351270198822021484375" lon="118.36564184166491031646728515625">
        <ele>9.6000003814697265625</ele>
        <time>2026-08-07T15:32:02.000Z</time>
        <extensions>
          <ns3:TrackPointExtension>
            <ns3:hr>139</ns3:hr>
            <ns3:cad>88</ns3:cad>
          </ns3:TrackPointExtension>
        </extensions>
      </trkpt>
      <trkpt lat="31.33352908305823802947998046875" lon="118.36561585776507854461669921875">
        <ele>9.6000003814697265625</ele>
        <time>2026-08-07T15:32:03.000Z</time>
        <extensions>
          <ns3:TrackPointExtension>
            <ns3:hr>139</ns3:hr>
            <ns3:cad>88</ns3:cad>
          </ns3:TrackPointExtension>
        </extensions>
      </trkpt>
      <trkpt lat="31.33355699479579925537109375" lon="118.36558853276073932647705078125">
        <ele>9.6000003814697265625</ele>
        <time>2026-08-07T15:32:04.000Z</time>
        <extensions>
          <ns3:TrackPointExtension>
            <ns3:hr>139</ns3:hr>
            <ns3:cad>88</ns3:cad>
          </ns3:TrackPointExtension>
        </extensions>
      </trkpt>
      <trkpt lat="31.33356814272701740264892578125" lon="118.36556355468928813934326171875">
        <ele>9.6000003814697265625</ele>
        <time>2026-08-07T15:32:05.000Z</time>
        <extensions>
          <ns3:TrackPointExtension>
            <ns3:hr>140</ns3:hr>
            <ns3:cad>88</ns3:cad>
          </ns3:TrackPointExtension>
        </extensions>
      </trkpt>
      <trkpt lat="31.33359446190297603607177734375" lon="118.3655410073697566986083984375">
        <ele>9.6000003814697265625</ele>
        <time>2026-08-07T15:32:06.000Z</time>
        <extensions>
          <ns3:TrackPointExtension>
            <ns3:hr>141</ns3:hr>
            <ns3:cad>87</ns3:cad>
          </ns3:TrackPointExtension>
        </extensions>
      </trkpt>
      <trkpt lat="31.333615668118000030517578125" lon="118.36552332155406475067138671875">
        <ele>9.6000003814697265625</ele>
        <time>2026-08-07T15:32:07.000Z</time>
        <extensions>
          <ns3:TrackPointExtension>
            <ns3:hr>142</ns3:hr>
            <ns3:cad>87</ns3:cad>
          </ns3:TrackPointExtension>
        </extensions>
      </trkpt>
      <trkpt lat="31.33364274166524410247802734375" lon="118.365506641566753387451171875">
        <ele>9.6000003814697265625</ele>
        <time>2026-08-07T15:32:08.000Z</time>
        <extensions>
          <ns3:TrackPointExtension>
            <ns3:hr>142</ns3:hr>
            <ns3:cad>88</ns3:cad>
          </ns3:TrackPointExtension>
        </extensions>
      </trkpt>
      <trkpt lat="31.33366621099412441253662109375" lon="118.36549079976975917816162109375">
        <ele>9.3999996185302734375</ele>
        <time>2026-08-07T15:32:09.000Z</time>
        <extensions>
          <ns3:TrackPointExtension>
            <ns3:hr>143</ns3:hr>
            <ns3:cad>88</ns3:cad>
          </ns3:TrackPointExtension>
        </extensions>
      </trkpt>
      <trkpt lat="31.333686076104640960693359375" lon="118.36547185666859149932861328125">
        <ele>9.3999996185302734375</ele>
        <time>2026-08-07T15:32:10.000Z</time>
        <extensions>
          <ns3:TrackPointExtension>
            <ns3:hr>143</ns3:hr>
            <ns3:cad>88</ns3:cad>
          </ns3:TrackPointExtension>
        </extensions>
      </trkpt>
      <trkpt lat="31.33371348492801189422607421875" lon="118.36545576341450214385986328125">
        <ele>9.3999996185302734375</ele>
        <time>2026-08-07T15:32:11.000Z</time>
        <extensions>
          <ns3:TrackPointExtension>
            <ns3:hr>143</ns3:hr>
            <ns3:cad>88</ns3:cad>
          </ns3:TrackPointExtension>
        </extensions>
      </trkpt>
      <trkpt lat="31.3337281532585620880126953125" lon="118.3654384128749370574951171875">
        <ele>9.3999996185302734375</ele>
        <time>2026-08-07T15:32:12.000Z</time>
        <extensions>
          <ns3:TrackPointExtension>
            <ns3:hr>143</ns3:hr>
            <ns3:cad>87</ns3:cad>
          </ns3:TrackPointExtension>
        </extensions>
      </trkpt>
      <trkpt lat="31.3337512873113155364990234375" lon="118.3654156140983104705810546875">
        <ele>9.3999996185302734375</ele>
        <time>2026-08-07T15:32:13.000Z</time>
        <extensions>
          <ns3:TrackPointExtension>
            <ns3:hr>144</ns3:hr>
            <ns3:cad>87</ns3:cad>
          </ns3:TrackPointExtension>
        </extensions>
      </trkpt>
      <trkpt lat="31.3337569870054721832275390625" lon="118.3653911389410495758056640625">
        <ele>9.6000003814697265625</ele>
        <time>2026-08-07T15:32:14.000Z</time>
        <extensions>
          <ns3:TrackPointExtension>
            <ns3:hr>144</ns3:hr>
            <ns3:cad>86</ns3:cad>
          </ns3:TrackPointExtension>
        </extensions>
      </trkpt>
      <trkpt lat="31.333764530718326568603515625" lon="118.36535367183387279510498046875">
        <ele>9.6000003814697265625</ele>
        <time>2026-08-07T15:32:15.000Z</time>
        <extensions>
          <ns3:TrackPointExtension>
            <ns3:hr>144</ns3:hr>
            <ns3:cad>86</ns3:cad>
          </ns3:TrackPointExtension>
        </extensions>
      </trkpt>
      <trkpt lat="31.33376964367926120758056640625" lon="118.36532550863921642303466796875">
        <ele>9.80000019073486328125</ele>
        <time>2026-08-07T15:32:16.000Z</time>
        <extensions>
          <ns3:TrackPointExtension>
            <ns3:hr>144</ns3:hr>
            <ns3:cad>86</ns3:cad>
          </ns3:TrackPointExtension>
        </extensions>
      </trkpt>
      <trkpt lat="31.33376930840313434600830078125" lon="118.3652937412261962890625">
        <ele>10</ele>
        <time>2026-08-07T15:32:17.000Z</time>
        <extensions>
          <ns3:TrackPointExtension>
            <ns3:hr>143</ns3:hr>
            <ns3:cad>86</ns3:cad>
          </ns3:TrackPointExtension>
        </extensions>
      </trkpt>
      <trkpt lat="31.33377182297408580780029296875" lon="118.3652573637664318084716796875">
        <ele>10</ele>
        <time>2026-08-07T15:32:18.000Z</time>
        <extensions>
          <ns3:TrackPointExtension>
            <ns3:hr>143</ns3:hr>
            <ns3:cad>86</ns3:cad>
          </ns3:TrackPointExtension>
        </extensions>
      </trkpt>
      <trkpt lat="31.33376712910830974578857421875" lon="118.36522744037210941314697265625">
        <ele>9.80000019073486328125</ele>
        <time>2026-08-07T15:32:19.000Z</time>
        <extensions>
          <ns3:TrackPointExtension>
            <ns3:hr>143</ns3:hr>
            <ns3:cad>86</ns3:cad>
          </ns3:TrackPointExtension>
        </extensions>
      </trkpt>
      <trkpt lat="31.33377215825021266937255859375" lon="118.3651877939701080322265625">
        <ele>9.6000003814697265625</ele>
        <time>2026-08-07T15:32:20.000Z</time>
        <extensions>
          <ns3:TrackPointExtension>
            <ns3:hr>143</ns3:hr>
            <ns3:cad>86</ns3:cad>
          </ns3:TrackPointExtension>
        </extensions>
      </trkpt>
      <trkpt lat="31.33376612327992916107177734375" lon="118.3651577867567539215087890625">
        <ele>9.3999996185302734375</ele>
        <time>2026-08-07T15:32:21.000Z</time>
        <extensions>
          <ns3:TrackPointExtension>
            <ns3:hr>142</ns3:hr>
            <ns3:cad>86</ns3:cad>
          </ns3:TrackPointExtension>
        </extensions>
      </trkpt>
      <trkpt lat="31.3337724097073078155517578125" lon="118.365118391811847686767578125">
        <ele>9.3999996185302734375</ele>
        <time>2026-08-07T15:32:22.000Z</time>
        <extensions>
          <ns3:TrackPointExtension>
            <ns3:hr>142</ns3:hr>
            <ns3:cad>86</ns3:cad>
          </ns3:TrackPointExtension>
        </extensions>
      </trkpt>
      <trkpt lat="31.33377023041248321533203125" lon="118.36508880369365215301513671875">
        <ele>9.3999996185302734375</ele>
        <time>2026-08-07T15:32:23.000Z</time>
        <extensions>
          <ns3:TrackPointExtension>
            <ns3:hr>142</ns3:hr>
            <ns3:cad>87</ns3:cad>
          </ns3:TrackPointExtension>
        </extensions>
      </trkpt>
      <trkpt lat="31.33377701975405216217041015625" lon="118.3650458045303821563720703125">
        <ele>9.3999996185302734375</ele>
        <time>2026-08-07T15:32:24.000Z</time>
        <extensions>
          <ns3:TrackPointExtension>
            <ns3:hr>142</ns3:hr>
            <ns3:cad>87</ns3:cad>
          </ns3:TrackPointExtension>
        </extensions>
      </trkpt>
      <trkpt lat="31.333775259554386138916015625" lon="118.3650166355073451995849609375">
        <ele>9.3999996185302734375</ele>
        <time>2026-08-07T15:32:25.000Z</time>
        <extensions>
          <ns3:TrackPointExtension>
            <ns3:hr>142</ns3:hr>
            <ns3:cad>88</ns3:cad>
          </ns3:TrackPointExtension>
        </extensions>
      </trkpt>
      <trkpt lat="31.33379076607525348663330078125" lon="118.3649785816669464111328125">
        <ele>9.3999996185302734375</ele>
        <time>2026-08-07T15:32:26.000Z</time>
        <extensions>
          <ns3:TrackPointExtension>
            <ns3:hr>142</ns3:hr>
            <ns3:cad>88</ns3:cad>
          </ns3:TrackPointExtension>
        </extensions>
      </trkpt>
      <trkpt lat="31.33379696868360042572021484375" lon="118.3649499155580997467041015625">
        <ele>9.3999996185302734375</ele>
        <time>2026-08-07T15:32:27.000Z</time>
        <extensions>
          <ns3:TrackPointExtension>
            <ns3:hr>141</ns3:hr>
            <ns3:cad>88</ns3:cad>
          </ns3:TrackPointExtension>
        </extensions>
      </trkpt>
      <trkpt lat="31.3338173367083072662353515625" lon="118.36491714231669902801513671875">
        <ele>9.3999996185302734375</ele>
        <time>2026-08-07T15:32:28.000Z</time>
        <extensions>
          <ns3:TrackPointExtension>
            <ns3:hr>141</ns3:hr>
            <ns3:cad>87</ns3:cad>
          </ns3:TrackPointExtension>
        </extensions>
      </trkpt>
      <trkpt lat="31.33382999338209629058837890625" lon="118.3648892305791378021240234375">
        <ele>9.3999996185302734375</ele>
        <time>2026-08-07T15:32:29.000Z</time>
        <extensions>
          <ns3:TrackPointExtension>
            <ns3:hr>141</ns3:hr>
            <ns3:cad>87</ns3:cad>
          </ns3:TrackPointExtension>
        </extensions>
      </trkpt>
      <trkpt lat="31.3338481821119785308837890625" lon="118.36485947482287883758544921875">
        <ele>9.6000003814697265625</ele>
        <time>2026-08-07T15:32:30.000Z</time>
        <extensions>
          <ns3:TrackPointExtension>
            <ns3:hr>141</ns3:hr>
            <ns3:cad>88</ns3:cad>
          </ns3:TrackPointExtension>
        </extensions>
      </trkpt>
      <trkpt lat="31.3338632695376873016357421875" lon="118.3648352511227130889892578125">
        <ele>9.6000003814697265625</ele>
        <time>2026-08-07T15:32:31.000Z</time>
        <extensions>
          <ns3:TrackPointExtension>
            <ns3:hr>141</ns3:hr>
            <ns3:cad>88</ns3:cad>
          </ns3:TrackPointExtension>
        </extensions>
      </trkpt>
      <trkpt lat="31.33387290872633457183837890625" lon="118.3648077584803104400634765625">
        <ele>9.6000003814697265625</ele>
        <time>2026-08-07T15:32:32.000Z</time>
        <extensions>
          <ns3:TrackPointExtension>
            <ns3:hr>141</ns3:hr>
            <ns3:cad>88</ns3:cad>
          </ns3:TrackPointExtension>
        </extensions>
      </trkpt>
      <trkpt lat="31.33388732559978961944580078125" lon="118.36477867327630519866943359375">
        <ele>9.6000003814697265625</ele>
        <time>2026-08-07T15:32:33.000Z</time>
        <extensions>
          <ns3:TrackPointExtension>
            <ns3:hr>141</ns3:hr>
            <ns3:cad>88</ns3:cad>
          </ns3:TrackPointExtension>
        </extensions>
      </trkpt>
      <trkpt lat="31.33389495313167572021484375" lon="118.3647514320909976959228515625">
        <ele>9.6000003814697265625</ele>
        <time>2026-08-07T15:32:34.000Z</time>
        <extensions>
          <ns3:TrackPointExtension>
            <ns3:hr>140</ns3:hr>
            <ns3:cad>88</ns3:cad>
          </ns3:TrackPointExtension>
        </extensions>
      </trkpt>
      <trkpt lat="31.33390995673835277557373046875" lon="118.3647246100008487701416015625">
        <ele>9.6000003814697265625</ele>
        <time>2026-08-07T15:32:35.000Z</time>
        <extensions>
          <ns3:TrackPointExtension>
            <ns3:hr>140</ns3:hr>
            <ns3:cad>88</ns3:cad>
          </ns3:TrackPointExtension>
        </extensions>
      </trkpt>
      <trkpt lat="31.33391951210796833038330078125" lon="118.36469762027263641357421875">
        <ele>9.6000003814697265625</ele>
        <time>2026-08-07T15:32:36.000Z</time>
        <extensions>
          <ns3:TrackPointExtension>
            <ns3:hr>140</ns3:hr>
            <ns3:cad>88</ns3:cad>
          </ns3:TrackPointExtension>
        </extensions>
      </trkpt>
      <trkpt lat="31.3339390419423580169677734375" lon="118.36466551758348941802978515625">
        <ele>9.6000003814697265625</ele>
        <time>2026-08-07T15:32:37.000Z</time>
        <extensions>
          <ns3:TrackPointExtension>
            <ns3:hr>140</ns3:hr>
            <ns3:cad>87</ns3:cad>
          </ns3:TrackPointExtension>
        </extensions>
      </trkpt>
      <trkpt lat="31.33395102806389331817626953125" lon="118.36464271880686283111572265625">
        <ele>9.80000019073486328125</ele>
        <time>2026-08-07T15:32:38.000Z</time>
        <extensions>
          <ns3:TrackPointExtension>
            <ns3:hr>140</ns3:hr>
            <ns3:cad>87</ns3:cad>
          </ns3:TrackPointExtension>
        </extensions>
      </trkpt>
      <trkpt lat="31.3339742459356784820556640625" lon="118.364609777927398681640625">
        <ele>9.80000019073486328125</ele>
        <time>2026-08-07T15:32:39.000Z</time>
        <extensions>
          <ns3:TrackPointExtension>
            <ns3:hr>140</ns3:hr>
            <ns3:cad>87</ns3:cad>
          </ns3:TrackPointExtension>
        </extensions>
      </trkpt>
      <trkpt lat="31.3339886628091335296630859375" lon="118.364575915038585662841796875">
        <ele>10</ele>
        <time>2026-08-07T15:32:40.000Z</time>
        <extensions>
          <ns3:TrackPointExtension>
            <ns3:hr>140</ns3:hr>
            <ns3:cad>88</ns3:cad>
          </ns3:TrackPointExtension>
        </extensions>
      </trkpt>
      <trkpt lat="31.3340040855109691619873046875" lon="118.3645462431013584136962890625">
        <ele>10</ele>
        <time>2026-08-07T15:32:41.000Z</time>
        <extensions>
          <ns3:TrackPointExtension>
            <ns3:hr>140</ns3:hr>
            <ns3:cad>88</ns3:cad>
          </ns3:TrackPointExtension>
        </extensions>
      </trkpt>
      <trkpt lat="31.3340181671082973480224609375" lon="118.364518247544765472412109375">
        <ele>10</ele>
        <time>2026-08-07T15:32:42.000Z</time>
        <extensions>
          <ns3:TrackPointExtension>
            <ns3:hr>139</ns3:hr>
            <ns3:cad>88</ns3:cad>
          </ns3:TrackPointExtension>
        </extensions>
      </trkpt>
      <trkpt lat="31.334039457142353057861328125" lon="118.3644868992269039154052734375">
        <ele>10</ele>
        <time>2026-08-07T15:32:43.000Z</time>
        <extensions>
          <ns3:TrackPointExtension>
            <ns3:hr>139</ns3:hr>
            <ns3:cad>88</ns3:cad>
          </ns3:TrackPointExtension>
        </extensions>
      </trkpt>
      <trkpt lat="31.334055550396442413330078125" lon="118.36445764638483524322509765625">
        <ele>10</ele>
        <time>2026-08-07T15:32:44.000Z</time>
        <extensions>
          <ns3:TrackPointExtension>
            <ns3:hr>139</ns3:hr>
            <ns3:cad>87</ns3:cad>
          </ns3:TrackPointExtension>
        </extensions>
      </trkpt>
      <trkpt lat="31.33407055400311946868896484375" lon="118.36441925726830959320068359375">
        <ele>10</ele>
        <time>2026-08-07T15:32:45.000Z</time>
        <extensions>
          <ns3:TrackPointExtension>
            <ns3:hr>139</ns3:hr>
            <ns3:cad>87</ns3:cad>
          </ns3:TrackPointExtension>
        </extensions>
      </trkpt>
      <trkpt lat="31.33408002555370330810546875" lon="118.36438874714076519012451171875">
        <ele>10.19999980926513671875</ele>
        <time>2026-08-07T15:32:46.000Z</time>
        <extensions>
          <ns3:TrackPointExtension>
            <ns3:hr>140</ns3:hr>
            <ns3:cad>87</ns3:cad>
          </ns3:TrackPointExtension>
        </extensions>
      </trkpt>
      <trkpt lat="31.334094442427158355712890625" lon="118.36435639299452304840087890625">
        <ele>10.19999980926513671875</ele>
        <time>2026-08-07T15:32:47.000Z</time>
        <extensions>
          <ns3:TrackPointExtension>
            <ns3:hr>139</ns3:hr>
            <ns3:cad>89</ns3:cad>
          </ns3:TrackPointExtension>
        </extensions>
      </trkpt>
      <trkpt lat="31.33411330170929431915283203125" lon="118.36432806216180324554443359375">
        <ele>10.19999980926513671875</ele>
        <time>2026-08-07T15:32:48.000Z</time>
        <extensions>
          <ns3:TrackPointExtension>
            <ns3:hr>139</ns3:hr>
            <ns3:cad>89</ns3:cad>
          </ns3:TrackPointExtension>
        </extensions>
      </trkpt>
      <trkpt lat="31.33412428200244903564453125" lon="118.36430199444293975830078125">
        <ele>10.19999980926513671875</ele>
        <time>2026-08-07T15:32:49.000Z</time>
        <extensions>
          <ns3:TrackPointExtension>
            <ns3:hr>139</ns3:hr>
            <ns3:cad>89</ns3:cad>
          </ns3:TrackPointExtension>
        </extensions>
      </trkpt>
      <trkpt lat="31.334142386913299560546875" lon="118.36427374742925167083740234375">
        <ele>10.19999980926513671875</ele>
        <time>2026-08-07T15:32:50.000Z</time>
        <extensions>
          <ns3:TrackPointExtension>
            <ns3:hr>139</ns3:hr>
            <ns3:cad>89</ns3:cad>
          </ns3:TrackPointExtension>
        </extensions>
      </trkpt>
      <trkpt lat="31.33415102027356624603271484375" lon="118.36424809880554676055908203125">
        <ele>10.3999996185302734375</ele>
        <time>2026-08-07T15:32:51.000Z</time>
        <extensions>
          <ns3:TrackPointExtension>
            <ns3:hr>140</ns3:hr>
            <ns3:cad>88</ns3:cad>
          </ns3:TrackPointExtension>
        </extensions>
      </trkpt>
      <trkpt lat="31.3341663591563701629638671875" lon="118.36421616375446319580078125">
        <ele>10.3999996185302734375</ele>
        <time>2026-08-07T15:32:52.000Z</time>
        <extensions>
          <ns3:TrackPointExtension>
            <ns3:hr>139</ns3:hr>
            <ns3:cad>87</ns3:cad>
          </ns3:TrackPointExtension>
        </extensions>
      </trkpt>
      <trkpt lat="31.33417650125920772552490234375" lon="118.36419328115880489349365234375">
        <ele>10.3999996185302734375</ele>
        <time>2026-08-07T15:32:53.000Z</time>
        <extensions>
          <ns3:TrackPointExtension>
            <ns3:hr>139</ns3:hr>
            <ns3:cad>87</ns3:cad>
          </ns3:TrackPointExtension>
        </extensions>
      </trkpt>
      <trkpt lat="31.33419292978942394256591796875" lon="118.364162854850292205810546875">
        <ele>10.3999996185302734375</ele>
        <time>2026-08-07T15:32:54.000Z</time>
        <extensions>
          <ns3:TrackPointExtension>
            <ns3:hr>139</ns3:hr>
            <ns3:cad>87</ns3:cad>
          </ns3:TrackPointExtension>
        </extensions>
      </trkpt>
      <trkpt lat="31.33420399390161037445068359375" lon="118.36413611657917499542236328125">
        <ele>10.6000003814697265625</ele>
        <time>2026-08-07T15:32:55.000Z</time>
        <extensions>
          <ns3:TrackPointExtension>
            <ns3:hr>140</ns3:hr>
            <ns3:cad>87</ns3:cad>
          </ns3:TrackPointExtension>
        </extensions>
      </trkpt>
      <trkpt lat="31.334213800728321075439453125" lon="118.3641110546886920928955078125">
        <ele>10.6000003814697265625</ele>
        <time>2026-08-07T15:32:56.000Z</time>
        <extensions>
          <ns3:TrackPointExtension>
            <ns3:hr>139</ns3:hr>
            <ns3:cad>86</ns3:cad>
          </ns3:TrackPointExtension>
        </extensions>
      </trkpt>
      <trkpt lat="31.334229893982410430908203125" lon="118.36408247239887714385986328125">
        <ele>10.6000003814697265625</ele>
        <time>2026-08-07T15:32:57.000Z</time>
        <extensions>
          <ns3:TrackPointExtension>
            <ns3:hr>139</ns3:hr>
            <ns3:cad>85</ns3:cad>
          </ns3:TrackPointExtension>
        </extensions>
      </trkpt>
      <trkpt lat="31.33424372412264347076416015625" lon="118.36405699141323566436767578125">
        <ele>10.6000003814697265625</ele>
        <time>2026-08-07T15:32:58.000Z</time>
        <extensions>
          <ns3:TrackPointExtension>
            <ns3:hr>140</ns3:hr>
            <ns3:cad>85</ns3:cad>
          </ns3:TrackPointExtension>
        </extensions>
      </trkpt>
      <trkpt lat="31.3342662714421749114990234375" lon="118.36402882821857929229736328125">
        <ele>10.6000003814697265625</ele>
        <time>2026-08-07T15:32:59.000Z</time>
        <extensions>
          <ns3:TrackPointExtension>
            <ns3:hr>139</ns3:hr>
            <ns3:cad>85</ns3:cad>
          </ns3:TrackPointExtension>
        </extensions>
      </trkpt>
      <trkpt lat="31.33428295142948627471923828125" lon="118.36400284431874752044677734375">
        <ele>10.6000003814697265625</ele>
        <time>2026-08-07T15:33:00.000Z</time>
        <extensions>
          <ns3:TrackPointExtension>
            <ns3:hr>139</ns3:hr>
            <ns3:cad>85</ns3:cad>
          </ns3:TrackPointExtension>
        </extensions>
      </trkpt>
      <trkpt lat="31.334297619760036468505859375" lon="118.36397334001958370208740234375">
        <ele>10.6000003814697265625</ele>
        <time>2026-08-07T15:33:01.000Z</time>
        <extensions>
          <ns3:TrackPointExtension>
            <ns3:hr>140</ns3:hr>
            <ns3:cad>85</ns3:cad>
          </ns3:TrackPointExtension>
        </extensions>
      </trkpt>
      <trkpt lat="31.33430860005319118499755859375" lon="118.36394467391073703765869140625">
        <ele>10.6000003814697265625</ele>
        <time>2026-08-07T15:33:02.000Z</time>
        <extensions>
          <ns3:TrackPointExtension>
            <ns3:hr>139</ns3:hr>
            <ns3:cad>86</ns3:cad>
          </ns3:TrackPointExtension>
        </extensions>
      </trkpt>
      <trkpt lat="31.334310360252857208251953125" lon="118.36393243633210659027099609375">
        <ele>10.6000003814697265625</ele>
        <time>2026-08-07T15:33:03.000Z</time>
        <extensions>
          <ns3:TrackPointExtension>
            <ns3:hr>139</ns3:hr>
            <ns3:cad>87</ns3:cad>
          </ns3:TrackPointExtension>
        </extensions>
      </trkpt>
      <trkpt lat="31.334302984178066253662109375" lon="118.36391299031674861907958984375">
        <ele>10.6000003814697265625</ele>
        <time>2026-08-07T15:33:04.000Z</time>
        <extensions>
          <ns3:TrackPointExtension>
            <ns3:hr>139</ns3:hr>
            <ns3:cad>87</ns3:cad>
          </ns3:TrackPointExtension>
        </extensions>
      </trkpt>
      <trkpt lat="31.33428865112364292144775390625" lon="118.363910727202892303466796875">
        <ele>10.6000003814697265625</ele>
        <time>2026-08-07T15:33:05.000Z</time>
        <extensions>
          <ns3:TrackPointExtension>
            <ns3:hr>140</ns3:hr>
            <ns3:cad>86</ns3:cad>
          </ns3:TrackPointExtension>
        </extensions>
      </trkpt>
      <trkpt lat="31.33426618762314319610595703125" lon="118.3639088831841945648193359375">
        <ele>10.6000003814697265625</ele>
        <time>2026-08-07T15:33:06.000Z</time>
        <extensions>
          <ns3:TrackPointExtension>
            <ns3:hr>139</ns3:hr>
            <ns3:cad>86</ns3:cad>
          </ns3:TrackPointExtension>
        </extensions>
      </trkpt>
      <trkpt lat="31.33423559367656707763671875" lon="118.36390209384262561798095703125">
        <ele>10.3999996185302734375</ele>
        <time>2026-08-07T15:33:07.000Z</time>
        <extensions>
          <ns3:TrackPointExtension>
            <ns3:hr>139</ns3:hr>
            <ns3:cad>85</ns3:cad>
          </ns3:TrackPointExtension>
        </extensions>
      </trkpt>
      <trkpt lat="31.33420650847256183624267578125" lon="118.36390578188002109527587890625">
        <ele>10.6000003814697265625</ele>
        <time>2026-08-07T15:33:08.000Z</time>
        <extensions>
          <ns3:TrackPointExtension>
            <ns3:hr>139</ns3:hr>
            <ns3:cad>83</ns3:cad>
          </ns3:TrackPointExtension>
        </extensions>
      </trkpt>
      <trkpt lat="31.33416585624217987060546875" lon="118.36390410549938678741455078125">
        <ele>10.6000003814697265625</ele>
        <time>2026-08-07T15:33:09.000Z</time>
        <extensions>
          <ns3:TrackPointExtension>
            <ns3:hr>139</ns3:hr>
            <ns3:cad>82</ns3:cad>
          </ns3:TrackPointExtension>
        </extensions>
      </trkpt>
      <trkpt lat="31.3341329991817474365234375" lon="118.363912068307399749755859375">
        <ele>10.6000003814697265625</ele>
        <time>2026-08-07T15:33:10.000Z</time>
        <extensions>
          <ns3:TrackPointExtension>
            <ns3:hr>139</ns3:hr>
            <ns3:cad>82</ns3:cad>
          </ns3:TrackPointExtension>
        </extensions>
      </trkpt>
      <trkpt lat="31.3341023214161396026611328125" lon="118.363925479352474212646484375">
        <ele>10.80000019073486328125</ele>
        <time>2026-08-07T15:33:11.000Z</time>
        <extensions>
          <ns3:TrackPointExtension>
            <ns3:hr>138</ns3:hr>
            <ns3:cad>82</ns3:cad>
          </ns3:TrackPointExtension>
        </extensions>
      </trkpt>
      <trkpt lat="31.33407575078308582305908203125" lon="118.36394182406365871429443359375">
        <ele>10.80000019073486328125</ele>
        <time>2026-08-07T15:33:12.000Z</time>
        <extensions>
          <ns3:TrackPointExtension>
            <ns3:hr>138</ns3:hr>
            <ns3:cad>83</ns3:cad>
          </ns3:TrackPointExtension>
        </extensions>
      </trkpt>
      <trkpt lat="31.33404842577874660491943359375" lon="118.36397384293377399444580078125">
        <ele>10.80000019073486328125</ele>
        <time>2026-08-07T15:33:13.000Z</time>
        <extensions>
          <ns3:TrackPointExtension>
            <ns3:hr>138</ns3:hr>
            <ns3:cad>83</ns3:cad>
          </ns3:TrackPointExtension>
        </extensions>
      </trkpt>
      <trkpt lat="31.334027387201786041259765625" lon="118.3640071190893650054931640625">
        <ele>10.6000003814697265625</ele>
        <time>2026-08-07T15:33:14.000Z</time>
        <extensions>
          <ns3:TrackPointExtension>
            <ns3:hr>139</ns3:hr>
            <ns3:cad>86</ns3:cad>
          </ns3:TrackPointExtension>
        </extensions>
      </trkpt>
      <trkpt lat="31.334005929529666900634765625" lon="118.36404575966298580169677734375">
        <ele>10.6000003814697265625</ele>
        <time>2026-08-07T15:33:15.000Z</time>
        <extensions>
          <ns3:TrackPointExtension>
            <ns3:hr>139</ns3:hr>
            <ns3:cad>86</ns3:cad>
          </ns3:TrackPointExtension>
        </extensions>
      </trkpt>
      <trkpt lat="31.333979107439517974853515625" lon="118.36407325230538845062255859375">
        <ele>10.3999996185302734375</ele>
        <time>2026-08-07T15:33:16.000Z</time>
        <extensions>
          <ns3:TrackPointExtension>
            <ns3:hr>139</ns3:hr>
            <ns3:cad>86</ns3:cad>
          </ns3:TrackPointExtension>
        </extensions>
      </trkpt>
      <trkpt lat="31.333949603140354156494140625" lon="118.364091105759143829345703125">
        <ele>10.19999980926513671875</ele>
        <time>2026-08-07T15:33:17.000Z</time>
        <extensions>
          <ns3:TrackPointExtension>
            <ns3:hr>138</ns3:hr>
            <ns3:cad>87</ns3:cad>
          </ns3:TrackPointExtension>
        </extensions>
      </trkpt>
      <trkpt lat="31.3339175842702388763427734375" lon="118.3640885911881923675537109375">
        <ele>10.19999980926513671875</ele>
        <time>2026-08-07T15:33:18.000Z</time>
        <extensions>
          <ns3:TrackPointExtension>
            <ns3:hr>138</ns3:hr>
            <ns3:cad>87</ns3:cad>
          </ns3:TrackPointExtension>
        </extensions>
      </trkpt>
      <trkpt lat="31.33389386348426342010498046875" lon="118.36408599279820919036865234375">
        <ele>10</ele>
        <time>2026-08-07T15:33:19.000Z</time>
        <extensions>
          <ns3:TrackPointExtension>
            <ns3:hr>138</ns3:hr>
            <ns3:cad>88</ns3:cad>
          </ns3:TrackPointExtension>
        </extensions>
      </trkpt>
      <trkpt lat="31.33388020098209381103515625" lon="118.36407576687633991241455078125">
        <ele>10.19999980926513671875</ele>
        <time>2026-08-07T15:33:20.000Z</time>
        <extensions>
          <ns3:TrackPointExtension>
            <ns3:hr>139</ns3:hr>
            <ns3:cad>89</ns3:cad>
          </ns3:TrackPointExtension>
        </extensions>
      </trkpt>
      <trkpt lat="31.3338659517467021942138671875" lon="118.36406034417450428009033203125">
        <ele>10.19999980926513671875</ele>
        <time>2026-08-07T15:33:21.000Z</time>
        <extensions>
          <ns3:TrackPointExtension>
            <ns3:hr>138</ns3:hr>
            <ns3:cad>89</ns3:cad>
          </ns3:TrackPointExtension>
        </extensions>
      </trkpt>
      <trkpt lat="31.33384508080780506134033203125" lon="118.3640389703214168548583984375">
        <ele>10.19999980926513671875</ele>
        <time>2026-08-07T15:33:22.000Z</time>
        <extensions>
          <ns3:TrackPointExtension>
            <ns3:hr>138</ns3:hr>
            <ns3:cad>89</ns3:cad>
          </ns3:TrackPointExtension>
        </extensions>
      </trkpt>
      <trkpt lat="31.3338176719844341278076171875" lon="118.36401692591607570648193359375">
        <ele>10.3999996185302734375</ele>
        <time>2026-08-07T15:33:23.000Z</time>
        <extensions>
          <ns3:TrackPointExtension>
            <ns3:hr>137</ns3:hr>
            <ns3:cad>88</ns3:cad>
          </ns3:TrackPointExtension>
        </extensions>
      </trkpt>
      <trkpt lat="31.333776600658893585205078125" lon="118.3639848232269287109375">
        <ele>10.3999996185302734375</ele>
        <time>2026-08-07T15:33:24.000Z</time>
        <extensions>
          <ns3:TrackPointExtension>
            <ns3:hr>137</ns3:hr>
            <ns3:cad>88</ns3:cad>
          </ns3:TrackPointExtension>
        </extensions>
      </trkpt>
      <trkpt lat="31.33374114520847797393798828125" lon="118.3639700710773468017578125">
        <ele>10.6000003814697265625</ele>
        <time>2026-08-07T15:33:25.000Z</time>
        <extensions>
          <ns3:TrackPointExtension>
            <ns3:hr>136</ns3:hr>
            <ns3:cad>87</ns3:cad>
          </ns3:TrackPointExtension>
        </extensions>
      </trkpt>
      <trkpt lat="31.33369973860681056976318359375" lon="118.363947607576847076416015625">
        <ele>10.6000003814697265625</ele>
        <time>2026-08-07T15:33:26.000Z</time>
        <extensions>
          <ns3:TrackPointExtension>
            <ns3:hr>135</ns3:hr>
            <ns3:cad>87</ns3:cad>
          </ns3:TrackPointExtension>
        </extensions>
      </trkpt>
      <trkpt lat="31.33366235531866550445556640625" lon="118.36393453180789947509765625">
        <ele>10.80000019073486328125</ele>
        <time>2026-08-07T15:33:27.000Z</time>
        <extensions>
          <ns3:TrackPointExtension>
            <ns3:hr>135</ns3:hr>
            <ns3:cad>87</ns3:cad>
          </ns3:TrackPointExtension>
        </extensions>
      </trkpt>
      <trkpt lat="31.33361843414604663848876953125" lon="118.36391768418252468109130859375">
        <ele>10.80000019073486328125</ele>
        <time>2026-08-07T15:33:28.000Z</time>
        <extensions>
          <ns3:TrackPointExtension>
            <ns3:hr>136</ns3:hr>
            <ns3:cad>88</ns3:cad>
          </ns3:TrackPointExtension>
        </extensions>
      </trkpt>
      <trkpt lat="31.3335745967924594879150390625" lon="118.36390192620456218719482421875">
        <ele>10.80000019073486328125</ele>
        <time>2026-08-07T15:33:29.000Z</time>
        <extensions>
          <ns3:TrackPointExtension>
            <ns3:hr>137</ns3:hr>
            <ns3:cad>91</ns3:cad>
          </ns3:TrackPointExtension>
        </extensions>
      </trkpt>
      <trkpt lat="31.33353310637176036834716796875" lon="118.36388499476015567779541015625">
        <ele>10.80000019073486328125</ele>
        <time>2026-08-07T15:33:30.000Z</time>
        <extensions>
          <ns3:TrackPointExtension>
            <ns3:hr>138</ns3:hr>
            <ns3:cad>91</ns3:cad>
          </ns3:TrackPointExtension>
        </extensions>
      </trkpt>
      <trkpt lat="31.333495639264583587646484375" lon="118.3638669736683368682861328125">
        <ele>11</ele>
        <time>2026-08-07T15:33:31.000Z</time>
        <extensions>
          <ns3:TrackPointExtension>
            <ns3:hr>139</ns3:hr>
            <ns3:cad>93</ns3:cad>
          </ns3:TrackPointExtension>
        </extensions>
      </trkpt>
      <trkpt lat="31.33346043527126312255859375" lon="118.36383990012109279632568359375">
        <ele>11</ele>
        <time>2026-08-07T15:33:32.000Z</time>
        <extensions>
          <ns3:TrackPointExtension>
            <ns3:hr>140</ns3:hr>
            <ns3:cad>93</ns3:cad>
          </ns3:TrackPointExtension>
        </extensions>
      </trkpt>
      <trkpt lat="31.33342715911567211151123046875" lon="118.36381777189671993255615234375">
        <ele>11</ele>
        <time>2026-08-07T15:33:33.000Z</time>
        <extensions>
          <ns3:TrackPointExtension>
            <ns3:hr>141</ns3:hr>
            <ns3:cad>93</ns3:cad>
          </ns3:TrackPointExtension>
        </extensions>
      </trkpt>
      <trkpt lat="31.333389692008495330810546875" lon="118.36379547603428363800048828125">
        <ele>11</ele>
        <time>2026-08-07T15:33:34.000Z</time>
        <extensions>
          <ns3:TrackPointExtension>
            <ns3:hr>141</ns3:hr>
            <ns3:cad>90</ns3:cad>
          </ns3:TrackPointExtension>
        </extensions>
      </trkpt>
      <trkpt lat="31.33335323072969913482666015625" lon="118.36377686820924282073974609375">
        <ele>11</ele>
        <time>2026-08-07T15:33:35.000Z</time>
        <extensions>
          <ns3:TrackPointExtension>
            <ns3:hr>142</ns3:hr>
            <ns3:cad>90</ns3:cad>
          </ns3:TrackPointExtension>
        </extensions>
      </trkpt>
      <trkpt lat="31.33331693708896636962890625" lon="118.363753147423267364501953125">
        <ele>11</ele>
        <time>2026-08-07T15:33:36.000Z</time>
        <extensions>
          <ns3:TrackPointExtension>
            <ns3:hr>142</ns3:hr>
            <ns3:cad>89</ns3:cad>
          </ns3:TrackPointExtension>
        </extensions>
      </trkpt>
      <trkpt lat="31.33328550495207309722900390625" lon="118.36373336613178253173828125">
        <ele>11</ele>
        <time>2026-08-07T15:33:37.000Z</time>
        <extensions>
          <ns3:TrackPointExtension>
            <ns3:hr>143</ns3:hr>
            <ns3:cad>89</ns3:cad>
          </ns3:TrackPointExtension>
        </extensions>
      </trkpt>
      <trkpt lat="31.33324812166392803192138671875" lon="118.363715596497058868408203125">
        <ele>11</ele>
        <time>2026-08-07T15:33:38.000Z</time>
        <extensions>
          <ns3:TrackPointExtension>
            <ns3:hr>143</ns3:hr>
            <ns3:cad>89</ns3:cad>
          </ns3:TrackPointExtension>
        </extensions>
      </trkpt>
      <trkpt lat="31.33321501314640045166015625" lon="118.36369908414781093597412109375">
        <ele>11</ele>
        <time>2026-08-07T15:33:39.000Z</time>
        <extensions>
          <ns3:TrackPointExtension>
            <ns3:hr>144</ns3:hr>
            <ns3:cad>89</ns3:cad>
          </ns3:TrackPointExtension>
        </extensions>
      </trkpt>
      <trkpt lat="31.33318274281919002532958984375" lon="118.3636805601418018341064453125">
        <ele>11</ele>
        <time>2026-08-07T15:33:40.000Z</time>
        <extensions>
          <ns3:TrackPointExtension>
            <ns3:hr>145</ns3:hr>
            <ns3:cad>90</ns3:cad>
          </ns3:TrackPointExtension>
        </extensions>
      </trkpt>
      <trkpt lat="31.333150304853916168212890625" lon="118.3636621199548244476318359375">
        <ele>10.80000019073486328125</ele>
        <time>2026-08-07T15:33:41.000Z</time>
        <extensions>
          <ns3:TrackPointExtension>
            <ns3:hr>145</ns3:hr>
            <ns3:cad>90</ns3:cad>
          </ns3:TrackPointExtension>
        </extensions>
      </trkpt>
      <trkpt lat="31.3331186212599277496337890625" lon="118.36364476941525936126708984375">
        <ele>10.80000019073486328125</ele>
        <time>2026-08-07T15:33:42.000Z</time>
        <extensions>
          <ns3:TrackPointExtension>
            <ns3:hr>145</ns3:hr>
            <ns3:cad>91</ns3:cad>
          </ns3:TrackPointExtension>
        </extensions>
      </trkpt>
      <trkpt lat="31.33308886550366878509521484375" lon="118.36362364701926708221435546875">
        <ele>10.80000019073486328125</ele>
        <time>2026-08-07T15:33:43.000Z</time>
        <extensions>
          <ns3:TrackPointExtension>
            <ns3:hr>146</ns3:hr>
            <ns3:cad>91</ns3:cad>
          </ns3:TrackPointExtension>
        </extensions>
      </trkpt>
      <trkpt lat="31.33306103758513927459716796875" lon="118.36360101588070392608642578125">
        <ele>10.6000003814697265625</ele>
        <time>2026-08-07T15:33:44.000Z</time>
        <extensions>
          <ns3:TrackPointExtension>
            <ns3:hr>146</ns3:hr>
            <ns3:cad>91</ns3:cad>
          </ns3:TrackPointExtension>
        </extensions>
      </trkpt>
      <trkpt lat="31.33303153328597545623779296875" lon="118.36358441971242427825927734375">
        <ele>10.6000003814697265625</ele>
        <time>2026-08-07T15:33:45.000Z</time>
        <extensions>
          <ns3:TrackPointExtension>
            <ns3:hr>146</ns3:hr>
            <ns3:cad>91</ns3:cad>
          </ns3:TrackPointExtension>
        </extensions>
      </trkpt>
      <trkpt lat="31.33300135843455791473388671875" lon="118.3635699190199375152587890625">
        <ele>10.6000003814697265625</ele>
        <time>2026-08-07T15:33:46.000Z</time>
        <extensions>
          <ns3:TrackPointExtension>
            <ns3:hr>146</ns3:hr>
            <ns3:cad>90</ns3:cad>
          </ns3:TrackPointExtension>
        </extensions>
      </trkpt>
      <trkpt lat="31.33297227323055267333984375" lon="118.36355843581259250640869140625">
        <ele>10.6000003814697265625</ele>
        <time>2026-08-07T15:33:47.000Z</time>
        <extensions>
          <ns3:TrackPointExtension>
            <ns3:hr>147</ns3:hr>
            <ns3:cad>90</ns3:cad>
          </ns3:TrackPointExtension>
        </extensions>
      </trkpt>
      <trkpt lat="31.3329392485320568084716796875" lon="118.3635447733104228973388671875">
        <ele>10.6000003814697265625</ele>
        <time>2026-08-07T15:33:48.000Z</time>
        <extensions>
          <ns3:TrackPointExtension>
            <ns3:hr>147</ns3:hr>
            <ns3:cad>90</ns3:cad>
          </ns3:TrackPointExtension>
        </extensions>
      </trkpt>
      <trkpt lat="31.33290614001452922821044921875" lon="118.363530524075031280517578125">
        <ele>10.3999996185302734375</ele>
        <time>2026-08-07T15:33:49.000Z</time>
        <extensions>
          <ns3:TrackPointExtension>
            <ns3:hr>147</ns3:hr>
            <ns3:cad>90</ns3:cad>
          </ns3:TrackPointExtension>
        </extensions>
      </trkpt>
      <trkpt lat="31.332874037325382232666015625" lon="118.3635166101157665252685546875">
        <ele>10.3999996185302734375</ele>
        <time>2026-08-07T15:33:50.000Z</time>
        <extensions>
          <ns3:TrackPointExtension>
            <ns3:hr>147</ns3:hr>
            <ns3:cad>90</ns3:cad>
          </ns3:TrackPointExtension>
        </extensions>
      </trkpt>
      <trkpt lat="31.332843862473964691162109375" lon="118.3635102398693561553955078125">
        <ele>10.3999996185302734375</ele>
        <time>2026-08-07T15:33:51.000Z</time>
        <extensions>
          <ns3:TrackPointExtension>
            <ns3:hr>147</ns3:hr>
            <ns3:cad>90</ns3:cad>
          </ns3:TrackPointExtension>
        </extensions>
      </trkpt>
      <trkpt lat="31.3328101672232151031494140625" lon="118.36350060068070888519287109375">
        <ele>10.3999996185302734375</ele>
        <time>2026-08-07T15:33:52.000Z</time>
        <extensions>
          <ns3:TrackPointExtension>
            <ns3:hr>147</ns3:hr>
            <ns3:cad>89</ns3:cad>
          </ns3:TrackPointExtension>
        </extensions>
      </trkpt>
      <trkpt lat="31.33278477005660533905029296875" lon="118.36349523626267910003662109375">
        <ele>10.3999996185302734375</ele>
        <time>2026-08-07T15:33:53.000Z</time>
        <extensions>
          <ns3:TrackPointExtension>
            <ns3:hr>147</ns3:hr>
            <ns3:cad>88</ns3:cad>
          </ns3:TrackPointExtension>
        </extensions>
      </trkpt>
      <trkpt lat="31.3327541761100292205810546875" lon="118.36347813718020915985107421875">
        <ele>10.3999996185302734375</ele>
        <time>2026-08-07T15:33:54.000Z</time>
        <extensions>
          <ns3:TrackPointExtension>
            <ns3:hr>147</ns3:hr>
            <ns3:cad>87</ns3:cad>
          </ns3:TrackPointExtension>
        </extensions>
      </trkpt>
      <trkpt lat="31.3327303715050220489501953125" lon="118.36347109638154506683349609375">
        <ele>10.3999996185302734375</ele>
        <time>2026-08-07T15:33:55.000Z</time>
        <extensions>
          <ns3:TrackPointExtension>
            <ns3:hr>147</ns3:hr>
            <ns3:cad>87</ns3:cad>
          </ns3:TrackPointExtension>
        </extensions>
      </trkpt>
      <trkpt lat="31.3326971791684627532958984375" lon="118.36345265619456768035888671875">
        <ele>10.3999996185302734375</ele>
        <time>2026-08-07T15:33:56.000Z</time>
        <extensions>
          <ns3:TrackPointExtension>
            <ns3:hr>146</ns3:hr>
            <ns3:cad>88</ns3:cad>
          </ns3:TrackPointExtension>
        </extensions>
      </trkpt>
      <trkpt lat="31.3326720334589481353759765625" lon="118.36344410665333271026611328125">
        <ele>10.6000003814697265625</ele>
        <time>2026-08-07T15:33:57.000Z</time>
        <extensions>
          <ns3:TrackPointExtension>
            <ns3:hr>147</ns3:hr>
            <ns3:cad>89</ns3:cad>
          </ns3:TrackPointExtension>
        </extensions>
      </trkpt>
      <trkpt lat="31.33263699710369110107421875" lon="118.36342700757086277008056640625">
        <ele>10.3999996185302734375</ele>
        <time>2026-08-07T15:33:58.000Z</time>
        <extensions>
          <ns3:TrackPointExtension>
            <ns3:hr>147</ns3:hr>
            <ns3:cad>89</ns3:cad>
          </ns3:TrackPointExtension>
        </extensions>
      </trkpt>
      <trkpt lat="31.33261109702289104461669921875" lon="118.363416530191898345947265625">
        <ele>10.6000003814697265625</ele>
        <time>2026-08-07T15:33:59.000Z</time>
        <extensions>
          <ns3:TrackPointExtension>
            <ns3:hr>147</ns3:hr>
            <ns3:cad>89</ns3:cad>
          </ns3:TrackPointExtension>
        </extensions>
      </trkpt>
      <trkpt lat="31.33257723413407802581787109375" lon="118.36339666508138179779052734375">
        <ele>10.6000003814697265625</ele>
        <time>2026-08-07T15:34:00.000Z</time>
        <extensions>
          <ns3:TrackPointExtension>
            <ns3:hr>147</ns3:hr>
            <ns3:cad>87</ns3:cad>
          </ns3:TrackPointExtension>
        </extensions>
      </trkpt>
      <trkpt lat="31.3325523398816585540771484375" lon="118.3633853495121002197265625">
        <ele>10.6000003814697265625</ele>
        <time>2026-08-07T15:34:01.000Z</time>
        <extensions>
          <ns3:TrackPointExtension>
            <ns3:hr>147</ns3:hr>
            <ns3:cad>87</ns3:cad>
          </ns3:TrackPointExtension>
        </extensions>
      </trkpt>
      <trkpt lat="31.332525350153446197509765625" lon="118.3633711002767086029052734375">
        <ele>10.6000003814697265625</ele>
        <time>2026-08-07T15:34:02.000Z</time>
        <extensions>
          <ns3:TrackPointExtension>
            <ns3:hr>147</ns3:hr>
            <ns3:cad>88</ns3:cad>
          </ns3:TrackPointExtension>
        </extensions>
      </trkpt>
      <trkpt lat="31.33250062353909015655517578125" lon="118.3633576892316341400146484375">
        <ele>10.6000003814697265625</ele>
        <time>2026-08-07T15:34:03.000Z</time>
        <extensions>
          <ns3:TrackPointExtension>
            <ns3:hr>146</ns3:hr>
            <ns3:cad>88</ns3:cad>
          </ns3:TrackPointExtension>
        </extensions>
      </trkpt>
      <trkpt lat="31.3324701972305774688720703125" lon="118.36334218271076679229736328125">
        <ele>10.80000019073486328125</ele>
        <time>2026-08-07T15:34:04.000Z</time>
        <extensions>
          <ns3:TrackPointExtension>
            <ns3:hr>147</ns3:hr>
            <ns3:cad>88</ns3:cad>
          </ns3:TrackPointExtension>
        </extensions>
      </trkpt>
      <trkpt lat="31.3324400223791599273681640625" lon="118.3633370697498321533203125">
        <ele>10.6000003814697265625</ele>
        <time>2026-08-07T15:34:05.000Z</time>
        <extensions>
          <ns3:TrackPointExtension>
            <ns3:hr>147</ns3:hr>
            <ns3:cad>88</ns3:cad>
          </ns3:TrackPointExtension>
        </extensions>
      </trkpt>
      <trkpt lat="31.33240305818617343902587890625" lon="118.36333237588405609130859375">
        <ele>10.6000003814697265625</ele>
        <time>2026-08-07T15:34:06.000Z</time>
        <extensions>
          <ns3:TrackPointExtension>
            <ns3:hr>146</ns3:hr>
            <ns3:cad>88</ns3:cad>
          </ns3:TrackPointExtension>
        </extensions>
      </trkpt>
      <trkpt lat="31.33236869238317012786865234375" lon="118.36331955157220363616943359375">
        <ele>10.6000003814697265625</ele>
        <time>2026-08-07T15:34:07.000Z</time>
        <extensions>
          <ns3:TrackPointExtension>
            <ns3:hr>146</ns3:hr>
            <ns3:cad>88</ns3:cad>
          </ns3:TrackPointExtension>
        </extensions>
      </trkpt>
      <trkpt lat="31.33233122527599334716796875" lon="118.36331452243030071258544921875">
        <ele>10.6000003814697265625</ele>
        <time>2026-08-07T15:34:08.000Z</time>
        <extensions>
          <ns3:TrackPointExtension>
            <ns3:hr>146</ns3:hr>
            <ns3:cad>88</ns3:cad>
          </ns3:TrackPointExtension>
        </extensions>
      </trkpt>
      <trkpt lat="31.3322961889207363128662109375" lon="118.36330546997487545013427734375">
        <ele>10.6000003814697265625</ele>
        <time>2026-08-07T15:34:09.000Z</time>
        <extensions>
          <ns3:TrackPointExtension>
            <ns3:hr>146</ns3:hr>
            <ns3:cad>88</ns3:cad>
          </ns3:TrackPointExtension>
        </extensions>
      </trkpt>
      <trkpt lat="31.33226576261222362518310546875" lon="118.36330111138522624969482421875">
        <ele>10.6000003814697265625</ele>
        <time>2026-08-07T15:34:10.000Z</time>
        <extensions>
          <ns3:TrackPointExtension>
            <ns3:hr>146</ns3:hr>
            <ns3:cad>88</ns3:cad>
          </ns3:TrackPointExtension>
        </extensions>
      </trkpt>
      <trkpt lat="31.332235001027584075927734375" lon="118.3632939867675304412841796875">
        <ele>10.6000003814697265625</ele>
        <time>2026-08-07T15:34:11.000Z</time>
        <extensions>
          <ns3:TrackPointExtension>
            <ns3:hr>146</ns3:hr>
            <ns3:cad>89</ns3:cad>
          </ns3:TrackPointExtension>
        </extensions>
      </trkpt>
      <trkpt lat="31.332204826176166534423828125" lon="118.363287113606929779052734375">
        <ele>10.6000003814697265625</ele>
        <time>2026-08-07T15:34:12.000Z</time>
        <extensions>
          <ns3:TrackPointExtension>
            <ns3:hr>146</ns3:hr>
            <ns3:cad>89</ns3:cad>
          </ns3:TrackPointExtension>
        </extensions>
      </trkpt>
      <trkpt lat="31.33217289112508296966552734375" lon="118.36328099481761455535888671875">
        <ele>10.6000003814697265625</ele>
        <time>2026-08-07T15:34:13.000Z</time>
        <extensions>
          <ns3:TrackPointExtension>
            <ns3:hr>146</ns3:hr>
            <ns3:cad>89</ns3:cad>
          </ns3:TrackPointExtension>
        </extensions>
      </trkpt>
      <trkpt lat="31.33215361274778842926025390625" lon="118.36327646858990192413330078125">
        <ele>10.6000003814697265625</ele>
        <time>2026-08-07T15:34:14.000Z</time>
        <extensions>
          <ns3:TrackPointExtension>
            <ns3:hr>145</ns3:hr>
            <ns3:cad>89</ns3:cad>
          </ns3:TrackPointExtension>
        </extensions>
      </trkpt>
      <trkpt lat="31.332121677696704864501953125" lon="118.36326942779123783111572265625">
        <ele>10.6000003814697265625</ele>
        <time>2026-08-07T15:34:15.000Z</time>
        <extensions>
          <ns3:TrackPointExtension>
            <ns3:hr>145</ns3:hr>
            <ns3:cad>89</ns3:cad>
          </ns3:TrackPointExtension>
        </extensions>
      </trkpt>
      <trkpt lat="31.33210114203393459320068359375" lon="118.36326490156352519989013671875">
        <ele>10.6000003814697265625</ele>
        <time>2026-08-07T15:34:16.000Z</time>
        <extensions>
          <ns3:TrackPointExtension>
            <ns3:hr>144</ns3:hr>
            <ns3:cad>88</ns3:cad>
          </ns3:TrackPointExtension>
        </extensions>
      </trkpt>
      <trkpt lat="31.3320668600499629974365234375" lon="118.36325014941394329071044921875">
        <ele>10.6000003814697265625</ele>
        <time>2026-08-07T15:34:17.000Z</time>
        <extensions>
          <ns3:TrackPointExtension>
            <ns3:hr>144</ns3:hr>
            <ns3:cad>88</ns3:cad>
          </ns3:TrackPointExtension>
        </extensions>
      </trkpt>
      <trkpt lat="31.33204615674912929534912109375" lon="118.3632467128336429595947265625">
        <ele>10.6000003814697265625</ele>
        <time>2026-08-07T15:34:18.000Z</time>
        <extensions>
          <ns3:TrackPointExtension>
            <ns3:hr>144</ns3:hr>
            <ns3:cad>88</ns3:cad>
          </ns3:TrackPointExtension>
        </extensions>
      </trkpt>
      <trkpt lat="31.332007348537445068359375" lon="118.36324076168239116668701171875">
        <ele>10.6000003814697265625</ele>
        <time>2026-08-07T15:34:19.000Z</time>
        <extensions>
          <ns3:TrackPointExtension>
            <ns3:hr>144</ns3:hr>
            <ns3:cad>88</ns3:cad>
          </ns3:TrackPointExtension>
        </extensions>
      </trkpt>
      <trkpt lat="31.33198128081858158111572265625" lon="118.3632386662065982818603515625">
        <ele>10.6000003814697265625</ele>
        <time>2026-08-07T15:34:20.000Z</time>
        <extensions>
          <ns3:TrackPointExtension>
            <ns3:hr>143</ns3:hr>
            <ns3:cad>88</ns3:cad>
          </ns3:TrackPointExtension>
        </extensions>
      </trkpt>
      <trkpt lat="31.3319454900920391082763671875" lon="118.363234139978885650634765625">
        <ele>10.6000003814697265625</ele>
        <time>2026-08-07T15:34:21.000Z</time>
        <extensions>
          <ns3:TrackPointExtension>
            <ns3:hr>143</ns3:hr>
            <ns3:cad>88</ns3:cad>
          </ns3:TrackPointExtension>
        </extensions>
      </trkpt>
      <trkpt lat="31.33192193694412708282470703125" lon="118.363232128322124481201171875">
        <ele>10.6000003814697265625</ele>
        <time>2026-08-07T15:34:22.000Z</time>
        <extensions>
          <ns3:TrackPointExtension>
            <ns3:hr>135</ns3:hr>
            <ns3:cad>87</ns3:cad>
          </ns3:TrackPointExtension>
        </extensions>
      </trkpt>
      <trkpt lat="31.3318888284265995025634765625" lon="118.36322366259992122650146484375">
        <ele>10.6000003814697265625</ele>
        <time>2026-08-07T15:34:23.000Z</time>
        <extensions>
          <ns3:TrackPointExtension>
            <ns3:hr>132</ns3:hr>
            <ns3:cad>88</ns3:cad>
          </ns3:TrackPointExtension>
        </extensions>
      </trkpt>
      <trkpt lat="31.33186175487935543060302734375" lon="118.36321678943932056427001953125">
        <ele>10.3999996185302734375</ele>
        <time>2026-08-07T15:34:24.000Z</time>
        <extensions>
          <ns3:TrackPointExtension>
            <ns3:hr>131</ns3:hr>
            <ns3:cad>88</ns3:cad>
          </ns3:TrackPointExtension>
        </extensions>
      </trkpt>
      <trkpt lat="31.3318262994289398193359375" lon="118.363210000097751617431640625">
        <ele>10.3999996185302734375</ele>
        <time>2026-08-07T15:34:25.000Z</time>
        <extensions>
          <ns3:TrackPointExtension>
            <ns3:hr>131</ns3:hr>
            <ns3:cad>88</ns3:cad>
          </ns3:TrackPointExtension>
        </extensions>
      </trkpt>
      <trkpt lat="31.33180341683328151702880859375" lon="118.36320337839424610137939453125">
        <ele>10.3999996185302734375</ele>
        <time>2026-08-07T15:34:26.000Z</time>
        <extensions>
          <ns3:TrackPointExtension>
            <ns3:hr>131</ns3:hr>
            <ns3:cad>89</ns3:cad>
          </ns3:TrackPointExtension>
        </extensions>
      </trkpt>
      <trkpt lat="31.33176796138286590576171875" lon="118.36318627931177616119384765625">
        <ele>10.19999980926513671875</ele>
        <time>2026-08-07T15:34:27.000Z</time>
        <extensions>
          <ns3:TrackPointExtension>
            <ns3:hr>131</ns3:hr>
            <ns3:cad>89</ns3:cad>
          </ns3:TrackPointExtension>
        </extensions>
      </trkpt>
      <trkpt lat="31.331736110150814056396484375" lon="118.3631712757050991058349609375">
        <ele>10.19999980926513671875</ele>
        <time>2026-08-07T15:34:28.000Z</time>
        <extensions>
          <ns3:TrackPointExtension>
            <ns3:hr>131</ns3:hr>
            <ns3:cad>89</ns3:cad>
          </ns3:TrackPointExtension>
        </extensions>
      </trkpt>
      <trkpt lat="31.33169746957719326019287109375" lon="118.36315074004232883453369140625">
        <ele>10.19999980926513671875</ele>
        <time>2026-08-07T15:34:29.000Z</time>
        <extensions>
          <ns3:TrackPointExtension>
            <ns3:hr>131</ns3:hr>
            <ns3:cad>89</ns3:cad>
          </ns3:TrackPointExtension>
        </extensions>
      </trkpt>
      <trkpt lat="31.331666372716426849365234375" lon="118.36313414387404918670654296875">
        <ele>10.19999980926513671875</ele>
        <time>2026-08-07T15:34:30.000Z</time>
        <extensions>
          <ns3:TrackPointExtension>
            <ns3:hr>131</ns3:hr>
            <ns3:cad>89</ns3:cad>
          </ns3:TrackPointExtension>
        </extensions>
      </trkpt>
      <trkpt lat="31.3316333480179309844970703125" lon="118.3631092496216297149658203125">
        <ele>10.19999980926513671875</ele>
        <time>2026-08-07T15:34:31.000Z</time>
        <extensions>
          <ns3:TrackPointExtension>
            <ns3:hr>130</ns3:hr>
            <ns3:cad>89</ns3:cad>
          </ns3:TrackPointExtension>
        </extensions>
      </trkpt>
      <trkpt lat="31.331604011356830596923828125" lon="118.3630877919495105743408203125">
        <ele>10.19999980926513671875</ele>
        <time>2026-08-07T15:34:32.000Z</time>
        <extensions>
          <ns3:TrackPointExtension>
            <ns3:hr>131</ns3:hr>
            <ns3:cad>89</ns3:cad>
          </ns3:TrackPointExtension>
        </extensions>
      </trkpt>
      <trkpt lat="31.3315726630389690399169921875" lon="118.363064825534820556640625">
        <ele>10.19999980926513671875</ele>
        <time>2026-08-07T15:34:33.000Z</time>
        <extensions>
          <ns3:TrackPointExtension>
            <ns3:hr>131</ns3:hr>
            <ns3:cad>89</ns3:cad>
          </ns3:TrackPointExtension>
        </extensions>
      </trkpt>
      <trkpt lat="31.3315446674823760986328125" lon="118.3630435355007648468017578125">
        <ele>10</ele>
        <time>2026-08-07T15:34:34.000Z</time>
        <extensions>
          <ns3:TrackPointExtension>
            <ns3:hr>130</ns3:hr>
            <ns3:cad>89</ns3:cad>
          </ns3:TrackPointExtension>
        </extensions>
      </trkpt>
      <trkpt lat="31.33151524700224399566650390625" lon="118.36302652023732662200927734375">
        <ele>10</ele>
        <time>2026-08-07T15:34:35.000Z</time>
        <extensions>
          <ns3:TrackPointExtension>
            <ns3:hr>130</ns3:hr>
            <ns3:cad>89</ns3:cad>
          </ns3:TrackPointExtension>
        </extensions>
      </trkpt>
      <trkpt lat="31.33148976601660251617431640625" lon="118.36301059462130069732666015625">
        <ele>10</ele>
        <time>2026-08-07T15:34:36.000Z</time>
        <extensions>
          <ns3:TrackPointExtension>
            <ns3:hr>130</ns3:hr>
            <ns3:cad>90</ns3:cad>
          </ns3:TrackPointExtension>
        </extensions>
      </trkpt>
      <trkpt lat="31.3314642012119293212890625" lon="118.36299567483365535736083984375">
        <ele>9.80000019073486328125</ele>
        <time>2026-08-07T15:34:37.000Z</time>
        <extensions>
          <ns3:TrackPointExtension>
            <ns3:hr>130</ns3:hr>
            <ns3:cad>90</ns3:cad>
          </ns3:TrackPointExtension>
        </extensions>
      </trkpt>
      <trkpt lat="31.33142958395183086395263671875" lon="118.36297698318958282470703125">
        <ele>9.80000019073486328125</ele>
        <time>2026-08-07T15:34:38.000Z</time>
        <extensions>
          <ns3:TrackPointExtension>
            <ns3:hr>131</ns3:hr>
            <ns3:cad>90</ns3:cad>
          </ns3:TrackPointExtension>
        </extensions>
      </trkpt>
      <trkpt lat="31.33140024729073047637939453125" lon="118.36296667344868183135986328125">
        <ele>9.80000019073486328125</ele>
        <time>2026-08-07T15:34:39.000Z</time>
        <extensions>
          <ns3:TrackPointExtension>
            <ns3:hr>130</ns3:hr>
            <ns3:cad>87</ns3:cad>
          </ns3:TrackPointExtension>
        </extensions>
      </trkpt>
      <trkpt lat="31.33136537857353687286376953125" lon="118.36294613778591156005859375">
        <ele>9.80000019073486328125</ele>
        <time>2026-08-07T15:34:40.000Z</time>
        <extensions>
          <ns3:TrackPointExtension>
            <ns3:hr>130</ns3:hr>
            <ns3:cad>87</ns3:cad>
          </ns3:TrackPointExtension>
        </extensions>
      </trkpt>
      <trkpt lat="31.33133486844599246978759765625" lon="118.36293406784534454345703125">
        <ele>9.6000003814697265625</ele>
        <time>2026-08-07T15:34:41.000Z</time>
        <extensions>
          <ns3:TrackPointExtension>
            <ns3:hr>130</ns3:hr>
            <ns3:cad>87</ns3:cad>
          </ns3:TrackPointExtension>
        </extensions>
      </trkpt>
      <trkpt lat="31.3313004188239574432373046875" lon="118.36290917359292507171630859375">
        <ele>9.6000003814697265625</ele>
        <time>2026-08-07T15:34:42.000Z</time>
        <extensions>
          <ns3:TrackPointExtension>
            <ns3:hr>130</ns3:hr>
            <ns3:cad>88</ns3:cad>
          </ns3:TrackPointExtension>
        </extensions>
      </trkpt>
      <trkpt lat="31.33127451874315738677978515625" lon="118.36289123632013797760009765625">
        <ele>9.6000003814697265625</ele>
        <time>2026-08-07T15:34:43.000Z</time>
        <extensions>
          <ns3:TrackPointExtension>
            <ns3:hr>130</ns3:hr>
            <ns3:cad>88</ns3:cad>
          </ns3:TrackPointExtension>
        </extensions>
      </trkpt>
      <trkpt lat="31.33123495616018772125244140625" lon="118.36287598125636577606201171875">
        <ele>9.3999996185302734375</ele>
        <time>2026-08-07T15:34:44.000Z</time>
        <extensions>
          <ns3:TrackPointExtension>
            <ns3:hr>129</ns3:hr>
            <ns3:cad>88</ns3:cad>
          </ns3:TrackPointExtension>
        </extensions>
      </trkpt>
      <trkpt lat="31.331205032765865325927734375" lon="118.36286030709743499755859375">
        <ele>9.3999996185302734375</ele>
        <time>2026-08-07T15:34:45.000Z</time>
        <extensions>
          <ns3:TrackPointExtension>
            <ns3:hr>129</ns3:hr>
            <ns3:cad>88</ns3:cad>
          </ns3:TrackPointExtension>
        </extensions>
      </trkpt>
      <trkpt lat="31.331177540123462677001953125" lon="118.362843208014965057373046875">
        <ele>9.3999996185302734375</ele>
        <time>2026-08-07T15:34:46.000Z</time>
        <extensions>
          <ns3:TrackPointExtension>
            <ns3:hr>129</ns3:hr>
            <ns3:cad>88</ns3:cad>
          </ns3:TrackPointExtension>
        </extensions>
      </trkpt>
      <trkpt lat="31.3311475329101085662841796875" lon="118.36282032541930675506591796875">
        <ele>9.6000003814697265625</ele>
        <time>2026-08-07T15:34:47.000Z</time>
        <extensions>
          <ns3:TrackPointExtension>
            <ns3:hr>129</ns3:hr>
            <ns3:cad>87</ns3:cad>
          </ns3:TrackPointExtension>
        </extensions>
      </trkpt>
      <trkpt lat="31.33111559785902500152587890625" lon="118.36281613446772098541259765625">
        <ele>9.6000003814697265625</ele>
        <time>2026-08-07T15:34:48.000Z</time>
        <extensions>
          <ns3:TrackPointExtension>
            <ns3:hr>129</ns3:hr>
            <ns3:cad>87</ns3:cad>
          </ns3:TrackPointExtension>
        </extensions>
      </trkpt>
      <trkpt lat="31.3310885243117809295654296875" lon="118.36279886774718761444091796875">
        <ele>9.6000003814697265625</ele>
        <time>2026-08-07T15:34:49.000Z</time>
        <extensions>
          <ns3:TrackPointExtension>
            <ns3:hr>129</ns3:hr>
            <ns3:cad>88</ns3:cad>
          </ns3:TrackPointExtension>
        </extensions>
      </trkpt>
      <trkpt lat="31.33106212131679058074951171875" lon="118.36279132403433322906494140625">
        <ele>9.6000003814697265625</ele>
        <time>2026-08-07T15:34:50.000Z</time>
        <extensions>
          <ns3:TrackPointExtension>
            <ns3:hr>129</ns3:hr>
            <ns3:cad>88</ns3:cad>
          </ns3:TrackPointExtension>
        </extensions>
      </trkpt>
      <trkpt lat="31.3310315273702144622802734375" lon="118.36276936344802379608154296875">
        <ele>9.6000003814697265625</ele>
        <time>2026-08-07T15:34:51.000Z</time>
        <extensions>
          <ns3:TrackPointExtension>
            <ns3:hr>129</ns3:hr>
            <ns3:cad>88</ns3:cad>
          </ns3:TrackPointExtension>
        </extensions>
      </trkpt>
      <trkpt lat="31.3310124166309833526611328125" lon="118.362750001251697540283203125">
        <ele>9.6000003814697265625</ele>
        <time>2026-08-07T15:34:52.000Z</time>
        <extensions>
          <ns3:TrackPointExtension>
            <ns3:hr>129</ns3:hr>
            <ns3:cad>88</ns3:cad>
          </ns3:TrackPointExtension>
        </extensions>
      </trkpt>
      <trkpt lat="31.3309835828840732574462890625" lon="118.36273281835019588470458984375">
        <ele>9.6000003814697265625</ele>
        <time>2026-08-07T15:34:53.000Z</time>
        <extensions>
          <ns3:TrackPointExtension>
            <ns3:hr>129</ns3:hr>
            <ns3:cad>86</ns3:cad>
          </ns3:TrackPointExtension>
        </extensions>
      </trkpt>
      <trkpt lat="31.33096329867839813232421875" lon="118.3627189882099628448486328125">
        <ele>9.6000003814697265625</ele>
        <time>2026-08-07T15:34:54.000Z</time>
        <extensions>
          <ns3:TrackPointExtension>
            <ns3:hr>129</ns3:hr>
            <ns3:cad>86</ns3:cad>
          </ns3:TrackPointExtension>
        </extensions>
      </trkpt>
      <trkpt lat="31.33092977106571197509765625" lon="118.3627052418887615203857421875">
        <ele>9.6000003814697265625</ele>
        <time>2026-08-07T15:34:55.000Z</time>
        <extensions>
          <ns3:TrackPointExtension>
            <ns3:hr>129</ns3:hr>
            <ns3:cad>87</ns3:cad>
          </ns3:TrackPointExtension>
        </extensions>
      </trkpt>
      <trkpt lat="31.33090269751846790313720703125" lon="118.36269275285303592681884765625">
        <ele>9.6000003814697265625</ele>
        <time>2026-08-07T15:34:56.000Z</time>
        <extensions>
          <ns3:TrackPointExtension>
            <ns3:hr>129</ns3:hr>
            <ns3:cad>88</ns3:cad>
          </ns3:TrackPointExtension>
        </extensions>
      </trkpt>
      <trkpt lat="31.3308739475905895233154296875" lon="118.362674228847026824951171875">
        <ele>9.6000003814697265625</ele>
        <time>2026-08-07T15:34:57.000Z</time>
        <extensions>
          <ns3:TrackPointExtension>
            <ns3:hr>129</ns3:hr>
            <ns3:cad>88</ns3:cad>
          </ns3:TrackPointExtension>
        </extensions>
      </trkpt>
      <trkpt lat="31.33084528148174285888671875" lon="118.36266048252582550048828125">
        <ele>9.6000003814697265625</ele>
        <time>2026-08-07T15:34:58.000Z</time>
        <extensions>
          <ns3:TrackPointExtension>
            <ns3:hr>129</ns3:hr>
            <ns3:cad>88</ns3:cad>
          </ns3:TrackPointExtension>
        </extensions>
      </trkpt>
      <trkpt lat="31.330816112458705902099609375" lon="118.36265335790812969207763671875">
        <ele>9.6000003814697265625</ele>
        <time>2026-08-07T15:34:59.000Z</time>
        <extensions>
          <ns3:TrackPointExtension>
            <ns3:hr>129</ns3:hr>
            <ns3:cad>88</ns3:cad>
          </ns3:TrackPointExtension>
        </extensions>
      </trkpt>
      <trkpt lat="31.330784596502780914306640625" lon="118.3626432158052921295166015625">
        <ele>9.6000003814697265625</ele>
        <time>2026-08-07T15:35:00.000Z</time>
        <extensions>
          <ns3:TrackPointExtension>
            <ns3:hr>129</ns3:hr>
            <ns3:cad>87</ns3:cad>
          </ns3:TrackPointExtension>
        </extensions>
      </trkpt>
      <trkpt lat="31.33075869642198085784912109375" lon="118.362638019025325775146484375">
        <ele>9.80000019073486328125</ele>
        <time>2026-08-07T15:35:01.000Z</time>
        <extensions>
          <ns3:TrackPointExtension>
            <ns3:hr>129</ns3:hr>
            <ns3:cad>86</ns3:cad>
          </ns3:TrackPointExtension>
        </extensions>
      </trkpt>
      <trkpt lat="31.33072600699961185455322265625" lon="118.36262653581798076629638671875">
        <ele>9.80000019073486328125</ele>
        <time>2026-08-07T15:35:02.000Z</time>
        <extensions>
          <ns3:TrackPointExtension>
            <ns3:hr>128</ns3:hr>
            <ns3:cad>86</ns3:cad>
          </ns3:TrackPointExtension>
        </extensions>
      </trkpt>
      <trkpt lat="31.330702789127826690673828125" lon="118.36261882446706295013427734375">
        <ele>9.80000019073486328125</ele>
        <time>2026-08-07T15:35:03.000Z</time>
        <extensions>
          <ns3:TrackPointExtension>
            <ns3:hr>129</ns3:hr>
            <ns3:cad>87</ns3:cad>
          </ns3:TrackPointExtension>
        </extensions>
      </trkpt>
      <trkpt lat="31.33066959679126739501953125" lon="118.3626036532223224639892578125">
        <ele>9.80000019073486328125</ele>
        <time>2026-08-07T15:35:04.000Z</time>
        <extensions>
          <ns3:TrackPointExtension>
            <ns3:hr>129</ns3:hr>
            <ns3:cad>87</ns3:cad>
          </ns3:TrackPointExtension>
        </extensions>
      </trkpt>
      <trkpt lat="31.33064319379627704620361328125" lon="118.3625992946326732635498046875">
        <ele>9.80000019073486328125</ele>
        <time>2026-08-07T15:35:05.000Z</time>
        <extensions>
          <ns3:TrackPointExtension>
            <ns3:hr>128</ns3:hr>
            <ns3:cad>89</ns3:cad>
          </ns3:TrackPointExtension>
        </extensions>
      </trkpt>
      <trkpt lat="31.330609582364559173583984375" lon="118.3625862188637256622314453125">
        <ele>9.80000019073486328125</ele>
        <time>2026-08-07T15:35:06.000Z</time>
        <extensions>
          <ns3:TrackPointExtension>
            <ns3:hr>128</ns3:hr>
            <ns3:cad>89</ns3:cad>
          </ns3:TrackPointExtension>
        </extensions>
      </trkpt>
      <trkpt lat="31.3305765576660633087158203125" lon="118.36257607676088809967041015625">
        <ele>9.80000019073486328125</ele>
        <time>2026-08-07T15:35:07.000Z</time>
        <extensions>
          <ns3:TrackPointExtension>
            <ns3:hr>128</ns3:hr>
            <ns3:cad>89</ns3:cad>
          </ns3:TrackPointExtension>
        </extensions>
      </trkpt>
      <trkpt lat="31.33054110221564769744873046875" lon="118.36256316863000392913818359375">
        <ele>9.80000019073486328125</ele>
        <time>2026-08-07T15:35:08.000Z</time>
        <extensions>
          <ns3:TrackPointExtension>
            <ns3:hr>128</ns3:hr>
            <ns3:cad>88</ns3:cad>
          </ns3:TrackPointExtension>
        </extensions>
      </trkpt>
      <trkpt lat="31.3305118493735790252685546875" lon="118.3625538647174835205078125">
        <ele>9.80000019073486328125</ele>
        <time>2026-08-07T15:35:09.000Z</time>
        <extensions>
          <ns3:TrackPointExtension>
            <ns3:hr>128</ns3:hr>
            <ns3:cad>88</ns3:cad>
          </ns3:TrackPointExtension>
        </extensions>
      </trkpt>
      <trkpt lat="31.33047974668443202972412109375" lon="118.3625419624149799346923828125">
        <ele>9.80000019073486328125</ele>
        <time>2026-08-07T15:35:10.000Z</time>
        <extensions>
          <ns3:TrackPointExtension>
            <ns3:hr>129</ns3:hr>
            <ns3:cad>88</ns3:cad>
          </ns3:TrackPointExtension>
        </extensions>
      </trkpt>
      <trkpt lat="31.3304531760513782501220703125" lon="118.36253039538860321044921875">
        <ele>9.80000019073486328125</ele>
        <time>2026-08-07T15:35:11.000Z</time>
        <extensions>
          <ns3:TrackPointExtension>
            <ns3:hr>128</ns3:hr>
            <ns3:cad>88</ns3:cad>
          </ns3:TrackPointExtension>
        </extensions>
      </trkpt>
      <trkpt lat="31.33042643778026103973388671875" lon="118.362523019313812255859375">
        <ele>9.80000019073486328125</ele>
        <time>2026-08-07T15:35:12.000Z</time>
        <extensions>
          <ns3:TrackPointExtension>
            <ns3:hr>128</ns3:hr>
            <ns3:cad>88</ns3:cad>
          </ns3:TrackPointExtension>
        </extensions>
      </trkpt>
      <trkpt lat="31.33039173670113086700439453125" lon="118.36250625550746917724609375">
        <ele>9.80000019073486328125</ele>
        <time>2026-08-07T15:35:13.000Z</time>
        <extensions>
          <ns3:TrackPointExtension>
            <ns3:hr>128</ns3:hr>
            <ns3:cad>88</ns3:cad>
          </ns3:TrackPointExtension>
        </extensions>
      </trkpt>
      <trkpt lat="31.33036977611482143402099609375" lon="118.3624970354139804840087890625">
        <ele>9.80000019073486328125</ele>
        <time>2026-08-07T15:35:14.000Z</time>
        <extensions>
          <ns3:TrackPointExtension>
            <ns3:hr>128</ns3:hr>
            <ns3:cad>88</ns3:cad>
          </ns3:TrackPointExtension>
        </extensions>
      </trkpt>
      <trkpt lat="31.330335997045040130615234375" lon="118.36247968487441539764404296875">
        <ele>9.80000019073486328125</ele>
        <time>2026-08-07T15:35:15.000Z</time>
        <extensions>
          <ns3:TrackPointExtension>
            <ns3:hr>128</ns3:hr>
            <ns3:cad>88</ns3:cad>
          </ns3:TrackPointExtension>
        </extensions>
      </trkpt>
      <trkpt lat="31.33031093515455722808837890625" lon="118.362473063170909881591796875">
        <ele>9.80000019073486328125</ele>
        <time>2026-08-07T15:35:16.000Z</time>
        <extensions>
          <ns3:TrackPointExtension>
            <ns3:hr>128</ns3:hr>
            <ns3:cad>86</ns3:cad>
          </ns3:TrackPointExtension>
        </extensions>
      </trkpt>
      <trkpt lat="31.3302727974951267242431640625" lon="118.36245571263134479522705078125">
        <ele>9.80000019073486328125</ele>
        <time>2026-08-07T15:35:17.000Z</time>
        <extensions>
          <ns3:TrackPointExtension>
            <ns3:hr>128</ns3:hr>
            <ns3:cad>86</ns3:cad>
          </ns3:TrackPointExtension>
        </extensions>
      </trkpt>
      <trkpt lat="31.330248154699802398681640625" lon="118.36245805956423282623291015625">
        <ele>9.80000019073486328125</ele>
        <time>2026-08-07T15:35:18.000Z</time>
        <extensions>
          <ns3:TrackPointExtension>
            <ns3:hr>128</ns3:hr>
            <ns3:cad>86</ns3:cad>
          </ns3:TrackPointExtension>
        </extensions>
      </trkpt>
      <trkpt lat="31.33021286688745021820068359375" lon="118.36245034821331501007080078125">
        <ele>9.80000019073486328125</ele>
        <time>2026-08-07T15:35:19.000Z</time>
        <extensions>
          <ns3:TrackPointExtension>
            <ns3:hr>128</ns3:hr>
            <ns3:cad>88</ns3:cad>
          </ns3:TrackPointExtension>
        </extensions>
      </trkpt>
      <trkpt lat="31.330184452235698699951171875" lon="118.36244598962366580963134765625">
        <ele>9.80000019073486328125</ele>
        <time>2026-08-07T15:35:20.000Z</time>
        <extensions>
          <ns3:TrackPointExtension>
            <ns3:hr>128</ns3:hr>
            <ns3:cad>88</ns3:cad>
          </ns3:TrackPointExtension>
        </extensions>
      </trkpt>
      <trkpt lat="31.3301564566791057586669921875" lon="118.3624423854053020477294921875">
        <ele>9.6000003814697265625</ele>
        <time>2026-08-07T15:35:21.000Z</time>
        <extensions>
          <ns3:TrackPointExtension>
            <ns3:hr>128</ns3:hr>
            <ns3:cad>88</ns3:cad>
          </ns3:TrackPointExtension>
        </extensions>
      </trkpt>
      <trkpt lat="31.33012603037059307098388671875" lon="118.36243945173919200897216796875">
        <ele>9.6000003814697265625</ele>
        <time>2026-08-07T15:35:22.000Z</time>
        <extensions>
          <ns3:TrackPointExtension>
            <ns3:hr>128</ns3:hr>
            <ns3:cad>88</ns3:cad>
          </ns3:TrackPointExtension>
        </extensions>
      </trkpt>
      <trkpt lat="31.33009049110114574432373046875" lon="118.3624316565692424774169921875">
        <ele>9.6000003814697265625</ele>
        <time>2026-08-07T15:35:23.000Z</time>
        <extensions>
          <ns3:TrackPointExtension>
            <ns3:hr>128</ns3:hr>
            <ns3:cad>87</ns3:cad>
          </ns3:TrackPointExtension>
        </extensions>
      </trkpt>
      <trkpt lat="31.33005428127944469451904296875" lon="118.36242537014186382293701171875">
        <ele>9.6000003814697265625</ele>
        <time>2026-08-07T15:35:24.000Z</time>
        <extensions>
          <ns3:TrackPointExtension>
            <ns3:hr>128</ns3:hr>
            <ns3:cad>87</ns3:cad>
          </ns3:TrackPointExtension>
        </extensions>
      </trkpt>
      <trkpt lat="31.33002310059964656829833984375" lon="118.36241765879094600677490234375">
        <ele>9.6000003814697265625</ele>
        <time>2026-08-07T15:35:25.000Z</time>
        <extensions>
          <ns3:TrackPointExtension>
            <ns3:hr>128</ns3:hr>
            <ns3:cad>87</ns3:cad>
          </ns3:TrackPointExtension>
        </extensions>
      </trkpt>
      <trkpt lat="31.3299958594143390655517578125" lon="118.3624078519642353057861328125">
        <ele>9.3999996185302734375</ele>
        <time>2026-08-07T15:35:26.000Z</time>
        <extensions>
          <ns3:TrackPointExtension>
            <ns3:hr>128</ns3:hr>
            <ns3:cad>87</ns3:cad>
          </ns3:TrackPointExtension>
        </extensions>
      </trkpt>
      <trkpt lat="31.32997482083737850189208984375" lon="118.36240106262266635894775390625">
        <ele>9.3999996185302734375</ele>
        <time>2026-08-07T15:35:27.000Z</time>
        <extensions>
          <ns3:TrackPointExtension>
            <ns3:hr>128</ns3:hr>
            <ns3:cad>87</ns3:cad>
          </ns3:TrackPointExtension>
        </extensions>
      </trkpt>
      <trkpt lat="31.32994783110916614532470703125" lon="118.36239452473819255828857421875">
        <ele>9.3999996185302734375</ele>
        <time>2026-08-07T15:35:28.000Z</time>
        <extensions>
          <ns3:TrackPointExtension>
            <ns3:hr>128</ns3:hr>
            <ns3:cad>89</ns3:cad>
          </ns3:TrackPointExtension>
        </extensions>
      </trkpt>
      <trkpt lat="31.3299247808754444122314453125" lon="118.36239133961498737335205078125">
        <ele>9.19999980926513671875</ele>
        <time>2026-08-07T15:35:29.000Z</time>
        <extensions>
          <ns3:TrackPointExtension>
            <ns3:hr>128</ns3:hr>
            <ns3:cad>89</ns3:cad>
          </ns3:TrackPointExtension>
        </extensions>
      </trkpt>
      <trkpt lat="31.3298956118524074554443359375" lon="118.3623843826353549957275390625">
        <ele>9.19999980926513671875</ele>
        <time>2026-08-07T15:35:30.000Z</time>
        <extensions>
          <ns3:TrackPointExtension>
            <ns3:hr>128</ns3:hr>
            <ns3:cad>89</ns3:cad>
          </ns3:TrackPointExtension>
        </extensions>
      </trkpt>
      <trkpt lat="31.32986585609614849090576171875" lon="118.36238195188343524932861328125">
        <ele>9.3999996185302734375</ele>
        <time>2026-08-07T15:35:31.000Z</time>
        <extensions>
          <ns3:TrackPointExtension>
            <ns3:hr>128</ns3:hr>
            <ns3:cad>88</ns3:cad>
          </ns3:TrackPointExtension>
        </extensions>
      </trkpt>
      <trkpt lat="31.3298292271792888641357421875" lon="118.36237541399896144866943359375">
        <ele>9.19999980926513671875</ele>
        <time>2026-08-07T15:35:32.000Z</time>
        <extensions>
          <ns3:TrackPointExtension>
            <ns3:hr>128</ns3:hr>
            <ns3:cad>87</ns3:cad>
          </ns3:TrackPointExtension>
        </extensions>
      </trkpt>
      <trkpt lat="31.32980265654623508453369140625" lon="118.36236921139061450958251953125">
        <ele>9.19999980926513671875</ele>
        <time>2026-08-07T15:35:33.000Z</time>
        <extensions>
          <ns3:TrackPointExtension>
            <ns3:hr>127</ns3:hr>
            <ns3:cad>87</ns3:cad>
          </ns3:TrackPointExtension>
        </extensions>
      </trkpt>
      <trkpt lat="31.3297675363719463348388671875" lon="118.36235999129712581634521484375">
        <ele>9.19999980926513671875</ele>
        <time>2026-08-07T15:35:34.000Z</time>
        <extensions>
          <ns3:TrackPointExtension>
            <ns3:hr>128</ns3:hr>
            <ns3:cad>87</ns3:cad>
          </ns3:TrackPointExtension>
        </extensions>
      </trkpt>
      <trkpt lat="31.32973845116794109344482421875" lon="118.36235479451715946197509765625">
        <ele>9.19999980926513671875</ele>
        <time>2026-08-07T15:35:35.000Z</time>
        <extensions>
          <ns3:TrackPointExtension>
            <ns3:hr>128</ns3:hr>
            <ns3:cad>87</ns3:cad>
          </ns3:TrackPointExtension>
        </extensions>
      </trkpt>
      <trkpt lat="31.32970693521201610565185546875" lon="118.36234842427074909210205078125">
        <ele>9.19999980926513671875</ele>
        <time>2026-08-07T15:35:36.000Z</time>
        <extensions>
          <ns3:TrackPointExtension>
            <ns3:hr>128</ns3:hr>
            <ns3:cad>87</ns3:cad>
          </ns3:TrackPointExtension>
        </extensions>
      </trkpt>
      <trkpt lat="31.32967575453221797943115234375" lon="118.3623464964330196380615234375">
        <ele>9.19999980926513671875</ele>
        <time>2026-08-07T15:35:37.000Z</time>
        <extensions>
          <ns3:TrackPointExtension>
            <ns3:hr>128</ns3:hr>
            <ns3:cad>87</ns3:cad>
          </ns3:TrackPointExtension>
        </extensions>
      </trkpt>
      <trkpt lat="31.3296491838991641998291015625" lon="118.362338952720165252685546875">
        <ele>9</ele>
        <time>2026-08-07T15:35:38.000Z</time>
        <extensions>
          <ns3:TrackPointExtension>
            <ns3:hr>127</ns3:hr>
            <ns3:cad>87</ns3:cad>
          </ns3:TrackPointExtension>
        </extensions>
      </trkpt>
      <trkpt lat="31.329618506133556365966796875" lon="118.36233065463602542877197265625">
        <ele>9</ele>
        <time>2026-08-07T15:35:39.000Z</time>
        <extensions>
          <ns3:TrackPointExtension>
            <ns3:hr>128</ns3:hr>
            <ns3:cad>86</ns3:cad>
          </ns3:TrackPointExtension>
        </extensions>
      </trkpt>
      <trkpt lat="31.32959277369081974029541015625" lon="118.36233015172183513641357421875">
        <ele>9</ele>
        <time>2026-08-07T15:35:40.000Z</time>
        <extensions>
          <ns3:TrackPointExtension>
            <ns3:hr>128</ns3:hr>
            <ns3:cad>86</ns3:cad>
          </ns3:TrackPointExtension>
        </extensions>
      </trkpt>
      <trkpt lat="31.329561173915863037109375" lon="118.362315483391284942626953125">
        <ele>9</ele>
        <time>2026-08-07T15:35:41.000Z</time>
        <extensions>
          <ns3:TrackPointExtension>
            <ns3:hr>128</ns3:hr>
            <ns3:cad>86</ns3:cad>
          </ns3:TrackPointExtension>
        </extensions>
      </trkpt>
      <trkpt lat="31.32953845895826816558837890625" lon="118.36231104098260402679443359375">
        <ele>9</ele>
        <time>2026-08-07T15:35:42.000Z</time>
        <extensions>
          <ns3:TrackPointExtension>
            <ns3:hr>127</ns3:hr>
            <ns3:cad>87</ns3:cad>
          </ns3:TrackPointExtension>
        </extensions>
      </trkpt>
      <trkpt lat="31.32951146923005580902099609375" lon="118.3623039163649082183837890625">
        <ele>9</ele>
        <time>2026-08-07T15:35:43.000Z</time>
        <extensions>
          <ns3:TrackPointExtension>
            <ns3:hr>128</ns3:hr>
            <ns3:cad>87</ns3:cad>
          </ns3:TrackPointExtension>
        </extensions>
      </trkpt>
      <trkpt lat="31.32948515005409717559814453125" lon="118.3622998930513858795166015625">
        <ele>9</ele>
        <time>2026-08-07T15:35:44.000Z</time>
        <extensions>
          <ns3:TrackPointExtension>
            <ns3:hr>128</ns3:hr>
            <ns3:cad>86</ns3:cad>
          </ns3:TrackPointExtension>
        </extensions>
      </trkpt>
      <trkpt lat="31.32945916615426540374755859375" lon="118.36229704320430755615234375">
        <ele>9</ele>
        <time>2026-08-07T15:35:45.000Z</time>
        <extensions>
          <ns3:TrackPointExtension>
            <ns3:hr>127</ns3:hr>
            <ns3:cad>85</ns3:cad>
          </ns3:TrackPointExtension>
        </extensions>
      </trkpt>
      <trkpt lat="31.32942748256027698516845703125" lon="118.36229159496724605560302734375">
        <ele>9</ele>
        <time>2026-08-07T15:35:46.000Z</time>
        <extensions>
          <ns3:TrackPointExtension>
            <ns3:hr>127</ns3:hr>
            <ns3:cad>85</ns3:cad>
          </ns3:TrackPointExtension>
        </extensions>
      </trkpt>
      <trkpt lat="31.329403258860111236572265625" lon="118.3622883260250091552734375">
        <ele>9</ele>
        <time>2026-08-07T15:35:47.000Z</time>
        <extensions>
          <ns3:TrackPointExtension>
            <ns3:hr>127</ns3:hr>
            <ns3:cad>85</ns3:cad>
          </ns3:TrackPointExtension>
        </extensions>
      </trkpt>
      <trkpt lat="31.32936738431453704833984375" lon="118.36227357387542724609375">
        <ele>9</ele>
        <time>2026-08-07T15:35:48.000Z</time>
        <extensions>
          <ns3:TrackPointExtension>
            <ns3:hr>128</ns3:hr>
            <ns3:cad>85</ns3:cad>
          </ns3:TrackPointExtension>
        </extensions>
      </trkpt>
      <trkpt lat="31.32934114895761013031005859375" lon="118.36226527579128742218017578125">
        <ele>8.80000019073486328125</ele>
        <time>2026-08-07T15:35:49.000Z</time>
        <extensions>
          <ns3:TrackPointExtension>
            <ns3:hr>127</ns3:hr>
            <ns3:cad>85</ns3:cad>
          </ns3:TrackPointExtension>
        </extensions>
      </trkpt>
      <trkpt lat="31.32930695079267024993896484375" lon="118.36225546896457672119140625">
        <ele>8.80000019073486328125</ele>
        <time>2026-08-07T15:35:50.000Z</time>
        <extensions>
          <ns3:TrackPointExtension>
            <ns3:hr>127</ns3:hr>
            <ns3:cad>87</ns3:cad>
          </ns3:TrackPointExtension>
        </extensions>
      </trkpt>
      <trkpt lat="31.32927627302706241607666015625" lon="118.36225186474621295928955078125">
        <ele>8.80000019073486328125</ele>
        <time>2026-08-07T15:35:51.000Z</time>
        <extensions>
          <ns3:TrackPointExtension>
            <ns3:hr>127</ns3:hr>
            <ns3:cad>87</ns3:cad>
          </ns3:TrackPointExtension>
        </extensions>
      </trkpt>
      <trkpt lat="31.32923997938632965087890625" lon="118.36224884726107120513916015625">
        <ele>8.6000003814697265625</ele>
        <time>2026-08-07T15:35:52.000Z</time>
        <extensions>
          <ns3:TrackPointExtension>
            <ns3:hr>127</ns3:hr>
            <ns3:cad>87</ns3:cad>
          </ns3:TrackPointExtension>
        </extensions>
      </trkpt>
      <trkpt lat="31.32920754142105579376220703125" lon="118.36224633269011974334716796875">
        <ele>8.6000003814697265625</ele>
        <time>2026-08-07T15:35:53.000Z</time>
        <extensions>
          <ns3:TrackPointExtension>
            <ns3:hr>127</ns3:hr>
            <ns3:cad>86</ns3:cad>
          </ns3:TrackPointExtension>
        </extensions>
      </trkpt>
      <trkpt lat="31.3291762769222259521484375" lon="118.36224474012851715087890625">
        <ele>8.6000003814697265625</ele>
        <time>2026-08-07T15:35:54.000Z</time>
        <extensions>
          <ns3:TrackPointExtension>
            <ns3:hr>127</ns3:hr>
            <ns3:cad>86</ns3:cad>
          </ns3:TrackPointExtension>
        </extensions>
      </trkpt>
      <trkpt lat="31.32914568297564983367919921875" lon="118.36224180646240711212158203125">
        <ele>8.6000003814697265625</ele>
        <time>2026-08-07T15:35:55.000Z</time>
        <extensions>
          <ns3:TrackPointExtension>
            <ns3:hr>127</ns3:hr>
            <ns3:cad>86</ns3:cad>
          </ns3:TrackPointExtension>
        </extensions>
      </trkpt>
      <trkpt lat="31.3291207887232303619384765625" lon="118.36224650032818317413330078125">
        <ele>8.6000003814697265625</ele>
        <time>2026-08-07T15:35:56.000Z</time>
        <extensions>
          <ns3:TrackPointExtension>
            <ns3:hr>126</ns3:hr>
            <ns3:cad>87</ns3:cad>
          </ns3:TrackPointExtension>
        </extensions>
      </trkpt>
      <trkpt lat="31.32908969186246395111083984375" lon="118.36224784143269062042236328125">
        <ele>8.6000003814697265625</ele>
        <time>2026-08-07T15:35:57.000Z</time>
        <extensions>
          <ns3:TrackPointExtension>
            <ns3:hr>127</ns3:hr>
            <ns3:cad>87</ns3:cad>
          </ns3:TrackPointExtension>
        </extensions>
      </trkpt>
      <trkpt lat="31.32906974293291568756103515625" lon="118.362254463136196136474609375">
        <ele>8.6000003814697265625</ele>
        <time>2026-08-07T15:35:58.000Z</time>
        <extensions>
          <ns3:TrackPointExtension>
            <ns3:hr>127</ns3:hr>
            <ns3:cad>88</ns3:cad>
          </ns3:TrackPointExtension>
        </extensions>
      </trkpt>
      <trkpt lat="31.3290346227586269378662109375" lon="118.36225278675556182861328125">
        <ele>8.6000003814697265625</ele>
        <time>2026-08-07T15:35:59.000Z</time>
        <extensions>
          <ns3:TrackPointExtension>
            <ns3:hr>126</ns3:hr>
            <ns3:cad>88</ns3:cad>
          </ns3:TrackPointExtension>
        </extensions>
      </trkpt>
      <trkpt lat="31.32900855503976345062255859375" lon="118.36225572042167186737060546875">
        <ele>8.6000003814697265625</ele>
        <time>2026-08-07T15:36:00.000Z</time>
        <extensions>
          <ns3:TrackPointExtension>
            <ns3:hr>126</ns3:hr>
            <ns3:cad>87</ns3:cad>
          </ns3:TrackPointExtension>
        </extensions>
      </trkpt>
      <trkpt lat="31.32897703908383846282958984375" lon="118.3622546307742595672607421875">
        <ele>8.6000003814697265625</ele>
        <time>2026-08-07T15:36:01.000Z</time>
        <extensions>
          <ns3:TrackPointExtension>
            <ns3:hr>126</ns3:hr>
            <ns3:cad>86</ns3:cad>
          </ns3:TrackPointExtension>
        </extensions>
      </trkpt>
      <trkpt lat="31.32895105518400669097900390625" lon="118.3622542954981327056884765625">
        <ele>8.6000003814697265625</ele>
        <time>2026-08-07T15:36:02.000Z</time>
        <extensions>
          <ns3:TrackPointExtension>
            <ns3:hr>126</ns3:hr>
            <ns3:cad>86</ns3:cad>
          </ns3:TrackPointExtension>
        </extensions>
      </trkpt>
      <trkpt lat="31.3289243169128894805908203125" lon="118.36225454695522785186767578125">
        <ele>8.6000003814697265625</ele>
        <time>2026-08-07T15:36:03.000Z</time>
        <extensions>
          <ns3:TrackPointExtension>
            <ns3:hr>127</ns3:hr>
            <ns3:cad>86</ns3:cad>
          </ns3:TrackPointExtension>
        </extensions>
      </trkpt>
      <trkpt lat="31.3288901187479496002197265625" lon="118.3622519485652446746826171875">
        <ele>8.6000003814697265625</ele>
        <time>2026-08-07T15:36:04.000Z</time>
        <extensions>
          <ns3:TrackPointExtension>
            <ns3:hr>126</ns3:hr>
            <ns3:cad>87</ns3:cad>
          </ns3:TrackPointExtension>
        </extensions>
      </trkpt>
      <trkpt lat="31.3288606144487857818603515625" lon="118.36225756444036960601806640625">
        <ele>8.6000003814697265625</ele>
        <time>2026-08-07T15:36:05.000Z</time>
        <extensions>
          <ns3:TrackPointExtension>
            <ns3:hr>126</ns3:hr>
            <ns3:cad>87</ns3:cad>
          </ns3:TrackPointExtension>
        </extensions>
      </trkpt>
      <trkpt lat="31.3288220576941967010498046875" lon="118.36225756444036960601806640625">
        <ele>8.6000003814697265625</ele>
        <time>2026-08-07T15:36:06.000Z</time>
        <extensions>
          <ns3:TrackPointExtension>
            <ns3:hr>126</ns3:hr>
            <ns3:cad>87</ns3:cad>
          </ns3:TrackPointExtension>
        </extensions>
      </trkpt>
      <trkpt lat="31.3287942297756671905517578125" lon="118.36226041428744792938232421875">
        <ele>8.6000003814697265625</ele>
        <time>2026-08-07T15:36:07.000Z</time>
        <extensions>
          <ns3:TrackPointExtension>
            <ns3:hr>126</ns3:hr>
            <ns3:cad>87</ns3:cad>
          </ns3:TrackPointExtension>
        </extensions>
      </trkpt>
      <trkpt lat="31.3287620432674884796142578125" lon="118.3622579835355281829833984375">
        <ele>8.6000003814697265625</ele>
        <time>2026-08-07T15:36:08.000Z</time>
        <extensions>
          <ns3:TrackPointExtension>
            <ns3:hr>126</ns3:hr>
            <ns3:cad>87</ns3:cad>
          </ns3:TrackPointExtension>
        </extensions>
      </trkpt>
      <trkpt lat="31.3287291862070560455322265625" lon="118.36224867962300777435302734375">
        <ele>8.6000003814697265625</ele>
        <time>2026-08-07T15:36:09.000Z</time>
        <extensions>
          <ns3:TrackPointExtension>
            <ns3:hr>126</ns3:hr>
            <ns3:cad>86</ns3:cad>
          </ns3:TrackPointExtension>
        </extensions>
      </trkpt>
      <trkpt lat="31.32870295085012912750244140625" lon="118.36224935017526149749755859375">
        <ele>8.6000003814697265625</ele>
        <time>2026-08-07T15:36:10.000Z</time>
        <extensions>
          <ns3:TrackPointExtension>
            <ns3:hr>126</ns3:hr>
            <ns3:cad>86</ns3:cad>
          </ns3:TrackPointExtension>
        </extensions>
      </trkpt>
      <trkpt lat="31.328673698008060455322265625" lon="118.36224633269011974334716796875">
        <ele>8.6000003814697265625</ele>
        <time>2026-08-07T15:36:11.000Z</time>
        <extensions>
          <ns3:TrackPointExtension>
            <ns3:hr>125</ns3:hr>
            <ns3:cad>86</ns3:cad>
          </ns3:TrackPointExtension>
        </extensions>
      </trkpt>
      <trkpt lat="31.3286503963172435760498046875" lon="118.3622425608336925506591796875">
        <ele>8.6000003814697265625</ele>
        <time>2026-08-07T15:36:12.000Z</time>
        <extensions>
          <ns3:TrackPointExtension>
            <ns3:hr>125</ns3:hr>
            <ns3:cad>86</ns3:cad>
          </ns3:TrackPointExtension>
        </extensions>
      </trkpt>
      <trkpt lat="31.3286222331225872039794921875" lon="118.36223593913018703460693359375">
        <ele>8.80000019073486328125</ele>
        <time>2026-08-07T15:36:13.000Z</time>
        <extensions>
          <ns3:TrackPointExtension>
            <ns3:hr>125</ns3:hr>
            <ns3:cad>86</ns3:cad>
          </ns3:TrackPointExtension>
        </extensions>
      </trkpt>
      <trkpt lat="31.3285974226891994476318359375" lon="118.36223535239696502685546875">
        <ele>8.80000019073486328125</ele>
        <time>2026-08-07T15:36:14.000Z</time>
        <extensions>
          <ns3:TrackPointExtension>
            <ns3:hr>125</ns3:hr>
            <ns3:cad>86</ns3:cad>
          </ns3:TrackPointExtension>
        </extensions>
      </trkpt>
      <trkpt lat="31.32856230251491069793701171875" lon="118.36222722195088863372802734375">
        <ele>8.80000019073486328125</ele>
        <time>2026-08-07T15:36:15.000Z</time>
        <extensions>
          <ns3:TrackPointExtension>
            <ns3:hr>125</ns3:hr>
            <ns3:cad>85</ns3:cad>
          </ns3:TrackPointExtension>
        </extensions>
      </trkpt>
      <trkpt lat="31.32853548042476177215576171875" lon="118.36221925914287567138671875">
        <ele>8.80000019073486328125</ele>
        <time>2026-08-07T15:36:16.000Z</time>
        <extensions>
          <ns3:TrackPointExtension>
            <ns3:hr>125</ns3:hr>
            <ns3:cad>85</ns3:cad>
          </ns3:TrackPointExtension>
        </extensions>
      </trkpt>
      <trkpt lat="31.32850580848753452301025390625" lon="118.36221347562968730926513671875">
        <ele>8.6000003814697265625</ele>
        <time>2026-08-07T15:36:17.000Z</time>
        <extensions>
          <ns3:TrackPointExtension>
            <ns3:hr>125</ns3:hr>
            <ns3:cad>86</ns3:cad>
          </ns3:TrackPointExtension>
        </extensions>
      </trkpt>
      <trkpt lat="31.328472532331943511962890625" lon="118.362206518650054931640625">
        <ele>8.80000019073486328125</ele>
        <time>2026-08-07T15:36:18.000Z</time>
        <extensions>
          <ns3:TrackPointExtension>
            <ns3:hr>125</ns3:hr>
            <ns3:cad>86</ns3:cad>
          </ns3:TrackPointExtension>
        </extensions>
      </trkpt>
      <trkpt lat="31.32844336330890655517578125" lon="118.362212218344211578369140625">
        <ele>8.80000019073486328125</ele>
        <time>2026-08-07T15:36:19.000Z</time>
        <extensions>
          <ns3:TrackPointExtension>
            <ns3:hr>124</ns3:hr>
            <ns3:cad>86</ns3:cad>
          </ns3:TrackPointExtension>
        </extensions>
      </trkpt>
      <trkpt lat="31.3284089975059032440185546875" lon="118.36221196688711643218994140625">
        <ele>8.80000019073486328125</ele>
        <time>2026-08-07T15:36:20.000Z</time>
        <extensions>
          <ns3:TrackPointExtension>
            <ns3:hr>124</ns3:hr>
            <ns3:cad>86</ns3:cad>
          </ns3:TrackPointExtension>
        </extensions>
      </trkpt>
      <trkpt lat="31.3283831812441349029541015625" lon="118.3622190915048122406005859375">
        <ele>9</ele>
        <time>2026-08-07T15:36:21.000Z</time>
        <extensions>
          <ns3:TrackPointExtension>
            <ns3:hr>124</ns3:hr>
            <ns3:cad>86</ns3:cad>
          </ns3:TrackPointExtension>
        </extensions>
      </trkpt>
      <trkpt lat="31.32834588177502155303955078125" lon="118.36222219280898571014404296875">
        <ele>9</ele>
        <time>2026-08-07T15:36:22.000Z</time>
        <extensions>
          <ns3:TrackPointExtension>
            <ns3:hr>124</ns3:hr>
            <ns3:cad>86</ns3:cad>
          </ns3:TrackPointExtension>
        </extensions>
      </trkpt>
      <trkpt lat="31.32832157425582408905029296875" lon="118.36222319863736629486083984375">
        <ele>9</ele>
        <time>2026-08-07T15:36:23.000Z</time>
        <extensions>
          <ns3:TrackPointExtension>
            <ns3:hr>124</ns3:hr>
            <ns3:cad>86</ns3:cad>
          </ns3:TrackPointExtension>
        </extensions>
      </trkpt>
      <trkpt lat="31.32828645408153533935546875" lon="118.36221900768578052520751953125">
        <ele>9</ele>
        <time>2026-08-07T15:36:24.000Z</time>
        <extensions>
          <ns3:TrackPointExtension>
            <ns3:hr>124</ns3:hr>
            <ns3:cad>86</ns3:cad>
          </ns3:TrackPointExtension>
        </extensions>
      </trkpt>
      <trkpt lat="31.32825502194464206695556640625" lon="118.362217247486114501953125">
        <ele>9</ele>
        <time>2026-08-07T15:36:25.000Z</time>
        <extensions>
          <ns3:TrackPointExtension>
            <ns3:hr>123</ns3:hr>
            <ns3:cad>86</ns3:cad>
          </ns3:TrackPointExtension>
        </extensions>
      </trkpt>
      <trkpt lat="31.3282240927219390869140625" lon="118.36221716366708278656005859375">
        <ele>9</ele>
        <time>2026-08-07T15:36:26.000Z</time>
        <extensions>
          <ns3:TrackPointExtension>
            <ns3:hr>123</ns3:hr>
            <ns3:cad>86</ns3:cad>
          </ns3:TrackPointExtension>
        </extensions>
      </trkpt>
      <trkpt lat="31.32818813435733318328857421875" lon="118.36221967823803424835205078125">
        <ele>9</ele>
        <time>2026-08-07T15:36:27.000Z</time>
        <extensions>
          <ns3:TrackPointExtension>
            <ns3:hr>123</ns3:hr>
            <ns3:cad>86</ns3:cad>
          </ns3:TrackPointExtension>
        </extensions>
      </trkpt>
      <trkpt lat="31.3281650841236114501953125" lon="118.36222722195088863372802734375">
        <ele>9.19999980926513671875</ele>
        <time>2026-08-07T15:36:28.000Z</time>
        <extensions>
          <ns3:TrackPointExtension>
            <ns3:hr>123</ns3:hr>
            <ns3:cad>86</ns3:cad>
          </ns3:TrackPointExtension>
        </extensions>
      </trkpt>
      <trkpt lat="31.3281253539025783538818359375" lon="118.36223007179796695709228515625">
        <ele>9.19999980926513671875</ele>
        <time>2026-08-07T15:36:29.000Z</time>
        <extensions>
          <ns3:TrackPointExtension>
            <ns3:hr>124</ns3:hr>
            <ns3:cad>86</ns3:cad>
          </ns3:TrackPointExtension>
        </extensions>
      </trkpt>
      <trkpt lat="31.32810280658304691314697265625" lon="118.36222839541733264923095703125">
        <ele>9.19999980926513671875</ele>
        <time>2026-08-07T15:36:30.000Z</time>
        <extensions>
          <ns3:TrackPointExtension>
            <ns3:hr>123</ns3:hr>
            <ns3:cad>86</ns3:cad>
          </ns3:TrackPointExtension>
        </extensions>
      </trkpt>
      <trkpt lat="31.328066848218441009521484375" lon="118.36221984587609767913818359375">
        <ele>9.3999996185302734375</ele>
        <time>2026-08-07T15:36:31.000Z</time>
        <extensions>
          <ns3:TrackPointExtension>
            <ns3:hr>123</ns3:hr>
            <ns3:cad>85</ns3:cad>
          </ns3:TrackPointExtension>
        </extensions>
      </trkpt>
      <trkpt lat="31.3280395232141017913818359375" lon="118.36221464909613132476806640625">
        <ele>9.3999996185302734375</ele>
        <time>2026-08-07T15:36:32.000Z</time>
        <extensions>
          <ns3:TrackPointExtension>
            <ns3:hr>123</ns3:hr>
            <ns3:cad>85</ns3:cad>
          </ns3:TrackPointExtension>
        </extensions>
      </trkpt>
      <trkpt lat="31.32801018655300140380859375" lon="118.36221515201032161712646484375">
        <ele>9.19999980926513671875</ele>
        <time>2026-08-07T15:36:33.000Z</time>
        <extensions>
          <ns3:TrackPointExtension>
            <ns3:hr>123</ns3:hr>
            <ns3:cad>85</ns3:cad>
          </ns3:TrackPointExtension>
        </extensions>
      </trkpt>
      <trkpt lat="31.32797959260642528533935546875" lon="118.3622060157358646392822265625">
        <ele>9.19999980926513671875</ele>
        <time>2026-08-07T15:36:34.000Z</time>
        <extensions>
          <ns3:TrackPointExtension>
            <ns3:hr>123</ns3:hr>
            <ns3:cad>85</ns3:cad>
          </ns3:TrackPointExtension>
        </extensions>
      </trkpt>
      <trkpt lat="31.32795494981110095977783203125" lon="118.36220475845038890838623046875">
        <ele>9.19999980926513671875</ele>
        <time>2026-08-07T15:36:35.000Z</time>
        <extensions>
          <ns3:TrackPointExtension>
            <ns3:hr>123</ns3:hr>
            <ns3:cad>87</ns3:cad>
          </ns3:TrackPointExtension>
        </extensions>
      </trkpt>
      <trkpt lat="31.327922008931636810302734375" lon="118.36219939403235912322998046875">
        <ele>9.19999980926513671875</ele>
        <time>2026-08-07T15:36:36.000Z</time>
        <extensions>
          <ns3:TrackPointExtension>
            <ns3:hr>123</ns3:hr>
            <ns3:cad>87</ns3:cad>
          </ns3:TrackPointExtension>
        </extensions>
      </trkpt>
      <trkpt lat="31.3279003836214542388916015625" lon="118.36220123805105686187744140625">
        <ele>9.19999980926513671875</ele>
        <time>2026-08-07T15:36:37.000Z</time>
        <extensions>
          <ns3:TrackPointExtension>
            <ns3:hr>123</ns3:hr>
            <ns3:cad>87</ns3:cad>
          </ns3:TrackPointExtension>
        </extensions>
      </trkpt>
      <trkpt lat="31.32786408998072147369384765625" lon="118.36220006458461284637451171875">
        <ele>9.3999996185302734375</ele>
        <time>2026-08-07T15:36:38.000Z</time>
        <extensions>
          <ns3:TrackPointExtension>
            <ns3:hr>123</ns3:hr>
            <ns3:cad>85</ns3:cad>
          </ns3:TrackPointExtension>
        </extensions>
      </trkpt>
      <trkpt lat="31.3278323225677013397216796875" lon="118.36220450699329376220703125">
        <ele>9.3999996185302734375</ele>
        <time>2026-08-07T15:36:39.000Z</time>
        <extensions>
          <ns3:TrackPointExtension>
            <ns3:hr>123</ns3:hr>
            <ns3:cad>85</ns3:cad>
          </ns3:TrackPointExtension>
        </extensions>
      </trkpt>
      <trkpt lat="31.32780256681144237518310546875" lon="118.36221833713352680206298828125">
        <ele>9.3999996185302734375</ele>
        <time>2026-08-07T15:36:40.000Z</time>
        <extensions>
          <ns3:TrackPointExtension>
            <ns3:hr>123</ns3:hr>
            <ns3:cad>85</ns3:cad>
          </ns3:TrackPointExtension>
        </extensions>
      </trkpt>
      <trkpt lat="31.327769123017787933349609375" lon="118.36222596466541290283203125">
        <ele>9.3999996185302734375</ele>
        <time>2026-08-07T15:36:41.000Z</time>
        <extensions>
          <ns3:TrackPointExtension>
            <ns3:hr>123</ns3:hr>
            <ns3:cad>85</ns3:cad>
          </ns3:TrackPointExtension>
        </extensions>
      </trkpt>
      <trkpt lat="31.32774137891829013824462890625" lon="118.3622252941131591796875">
        <ele>9.3999996185302734375</ele>
        <time>2026-08-07T15:36:42.000Z</time>
        <extensions>
          <ns3:TrackPointExtension>
            <ns3:hr>124</ns3:hr>
            <ns3:cad>86</ns3:cad>
          </ns3:TrackPointExtension>
        </extensions>
      </trkpt>
      <trkpt lat="31.327702067792415618896484375" lon="118.36221733130514621734619140625">
        <ele>9.3999996185302734375</ele>
        <time>2026-08-07T15:36:43.000Z</time>
        <extensions>
          <ns3:TrackPointExtension>
            <ns3:hr>124</ns3:hr>
            <ns3:cad>86</ns3:cad>
          </ns3:TrackPointExtension>
        </extensions>
      </trkpt>
      <trkpt lat="31.3276755809783935546875" lon="118.362204842269420623779296875">
        <ele>9.6000003814697265625</ele>
        <time>2026-08-07T15:36:44.000Z</time>
        <extensions>
          <ns3:TrackPointExtension>
            <ns3:hr>125</ns3:hr>
            <ns3:cad>86</ns3:cad>
          </ns3:TrackPointExtension>
        </extensions>
      </trkpt>
      <trkpt lat="31.3276381976902484893798828125" lon="118.36219134740531444549560546875">
        <ele>9.6000003814697265625</ele>
        <time>2026-08-07T15:36:45.000Z</time>
        <extensions>
          <ns3:TrackPointExtension>
            <ns3:hr>125</ns3:hr>
            <ns3:cad>85</ns3:cad>
          </ns3:TrackPointExtension>
        </extensions>
      </trkpt>
      <trkpt lat="31.3276076875627040863037109375" lon="118.36217743344604969024658203125">
        <ele>9.6000003814697265625</ele>
        <time>2026-08-07T15:36:46.000Z</time>
        <extensions>
          <ns3:TrackPointExtension>
            <ns3:hr>125</ns3:hr>
            <ns3:cad>85</ns3:cad>
          </ns3:TrackPointExtension>
        </extensions>
      </trkpt>
      <trkpt lat="31.32757340557873249053955078125" lon="118.36216486059129238128662109375">
        <ele>9.6000003814697265625</ele>
        <time>2026-08-07T15:36:47.000Z</time>
        <extensions>
          <ns3:TrackPointExtension>
            <ns3:hr>125</ns3:hr>
            <ns3:cad>85</ns3:cad>
          </ns3:TrackPointExtension>
        </extensions>
      </trkpt>
      <trkpt lat="31.3275402970612049102783203125" lon="118.3621527068316936492919921875">
        <ele>9.6000003814697265625</ele>
        <time>2026-08-07T15:36:48.000Z</time>
        <extensions>
          <ns3:TrackPointExtension>
            <ns3:hr>125</ns3:hr>
            <ns3:cad>85</ns3:cad>
          </ns3:TrackPointExtension>
        </extensions>
      </trkpt>
      <trkpt lat="31.32751422934234142303466796875" lon="118.36215128190815448760986328125">
        <ele>9.6000003814697265625</ele>
        <time>2026-08-07T15:36:49.000Z</time>
        <extensions>
          <ns3:TrackPointExtension>
            <ns3:hr>126</ns3:hr>
            <ns3:cad>86</ns3:cad>
          </ns3:TrackPointExtension>
        </extensions>
      </trkpt>
      <trkpt lat="31.3274824619293212890625" lon="118.36214055307209491729736328125">
        <ele>9.6000003814697265625</ele>
        <time>2026-08-07T15:36:50.000Z</time>
        <extensions>
          <ns3:TrackPointExtension>
            <ns3:hr>126</ns3:hr>
            <ns3:cad>86</ns3:cad>
          </ns3:TrackPointExtension>
        </extensions>
      </trkpt>
      <trkpt lat="31.32745823822915554046630859375" lon="118.36214507929980754852294921875">
        <ele>9.80000019073486328125</ele>
        <time>2026-08-07T15:36:51.000Z</time>
        <extensions>
          <ns3:TrackPointExtension>
            <ns3:hr>126</ns3:hr>
            <ns3:cad>87</ns3:cad>
          </ns3:TrackPointExtension>
        </extensions>
      </trkpt>
      <trkpt lat="31.3274222798645496368408203125" lon="118.36214147508144378662109375">
        <ele>9.80000019073486328125</ele>
        <time>2026-08-07T15:36:52.000Z</time>
        <extensions>
          <ns3:TrackPointExtension>
            <ns3:hr>126</ns3:hr>
            <ns3:cad>86</ns3:cad>
          </ns3:TrackPointExtension>
        </extensions>
      </trkpt>
      <trkpt lat="31.32739889435470104217529296875" lon="118.36214172653853893280029296875">
        <ele>9.80000019073486328125</ele>
        <time>2026-08-07T15:36:53.000Z</time>
        <extensions>
          <ns3:TrackPointExtension>
            <ns3:hr>127</ns3:hr>
            <ns3:cad>86</ns3:cad>
          </ns3:TrackPointExtension>
        </extensions>
      </trkpt>
      <trkpt lat="31.32736519910395145416259765625" lon="118.36213669739663600921630859375">
        <ele>9.80000019073486328125</ele>
        <time>2026-08-07T15:36:54.000Z</time>
        <extensions>
          <ns3:TrackPointExtension>
            <ns3:hr>127</ns3:hr>
            <ns3:cad>86</ns3:cad>
          </ns3:TrackPointExtension>
        </extensions>
      </trkpt>
      <trkpt lat="31.32733435370028018951416015625" lon="118.36212806403636932373046875">
        <ele>9.80000019073486328125</ele>
        <time>2026-08-07T15:36:55.000Z</time>
        <extensions>
          <ns3:TrackPointExtension>
            <ns3:hr>127</ns3:hr>
            <ns3:cad>86</ns3:cad>
          </ns3:TrackPointExtension>
        </extensions>
      </trkpt>
      <trkpt lat="31.32731088437139987945556640625" lon="118.36212269961833953857421875">
        <ele>9.80000019073486328125</ele>
        <time>2026-08-07T15:36:56.000Z</time>
        <extensions>
          <ns3:TrackPointExtension>
            <ns3:hr>127</ns3:hr>
            <ns3:cad>87</ns3:cad>
          </ns3:TrackPointExtension>
        </extensions>
      </trkpt>
      <trkpt lat="31.32728406228125095367431640625" lon="118.362113647162914276123046875">
        <ele>9.80000019073486328125</ele>
        <time>2026-08-07T15:36:57.000Z</time>
        <extensions>
          <ns3:TrackPointExtension>
            <ns3:hr>127</ns3:hr>
            <ns3:cad>87</ns3:cad>
          </ns3:TrackPointExtension>
        </extensions>
      </trkpt>
      <trkpt lat="31.3272663764655590057373046875" lon="118.36210652254521846771240234375">
        <ele>9.80000019073486328125</ele>
        <time>2026-08-07T15:36:58.000Z</time>
        <extensions>
          <ns3:TrackPointExtension>
            <ns3:hr>127</ns3:hr>
            <ns3:cad>87</ns3:cad>
          </ns3:TrackPointExtension>
        </extensions>
      </trkpt>
      <trkpt lat="31.32723502814769744873046875" lon="118.3620933629572391510009765625">
        <ele>9.80000019073486328125</ele>
        <time>2026-08-07T15:36:59.000Z</time>
        <extensions>
          <ns3:TrackPointExtension>
            <ns3:hr>127</ns3:hr>
            <ns3:cad>87</ns3:cad>
          </ns3:TrackPointExtension>
        </extensions>
      </trkpt>
      <trkpt lat="31.32721013389527797698974609375" lon="118.36208372376859188079833984375">
        <ele>9.80000019073486328125</ele>
        <time>2026-08-07T15:37:00.000Z</time>
        <extensions>
          <ns3:TrackPointExtension>
            <ns3:hr>127</ns3:hr>
            <ns3:cad>86</ns3:cad>
          </ns3:TrackPointExtension>
        </extensions>
      </trkpt>
      <trkpt lat="31.32718029431998729705810546875" lon="118.36206997744739055633544921875">
        <ele>9.80000019073486328125</ele>
        <time>2026-08-07T15:37:01.000Z</time>
        <extensions>
          <ns3:TrackPointExtension>
            <ns3:hr>127</ns3:hr>
            <ns3:cad>85</ns3:cad>
          </ns3:TrackPointExtension>
        </extensions>
      </trkpt>
      <trkpt lat="31.32714995183050632476806640625" lon="118.3620595000684261322021484375">
        <ele>9.80000019073486328125</ele>
        <time>2026-08-07T15:37:02.000Z</time>
        <extensions>
          <ns3:TrackPointExtension>
            <ns3:hr>128</ns3:hr>
            <ns3:cad>85</ns3:cad>
          </ns3:TrackPointExtension>
        </extensions>
      </trkpt>
      <trkpt lat="31.32712530903518199920654296875" lon="118.3620598353445529937744140625">
        <ele>9.80000019073486328125</ele>
        <time>2026-08-07T15:37:03.000Z</time>
        <extensions>
          <ns3:TrackPointExtension>
            <ns3:hr>127</ns3:hr>
            <ns3:cad>85</ns3:cad>
          </ns3:TrackPointExtension>
        </extensions>
      </trkpt>
      <trkpt lat="31.32709823548793792724609375" lon="118.36204919032752513885498046875">
        <ele>9.80000019073486328125</ele>
        <time>2026-08-07T15:37:04.000Z</time>
        <extensions>
          <ns3:TrackPointExtension>
            <ns3:hr>127</ns3:hr>
            <ns3:cad>85</ns3:cad>
          </ns3:TrackPointExtension>
        </extensions>
      </trkpt>
      <trkpt lat="31.32707920856773853302001953125" lon="118.3620403893291950225830078125">
        <ele>9.6000003814697265625</ele>
        <time>2026-08-07T15:37:05.000Z</time>
        <extensions>
          <ns3:TrackPointExtension>
            <ns3:hr>127</ns3:hr>
            <ns3:cad>85</ns3:cad>
          </ns3:TrackPointExtension>
        </extensions>
      </trkpt>
      <trkpt lat="31.3270461000502109527587890625" lon="118.3620179258286952972412109375">
        <ele>9.6000003814697265625</ele>
        <time>2026-08-07T15:37:06.000Z</time>
        <extensions>
          <ns3:TrackPointExtension>
            <ns3:hr>127</ns3:hr>
            <ns3:cad>85</ns3:cad>
          </ns3:TrackPointExtension>
        </extensions>
      </trkpt>
      <trkpt lat="31.32701986469328403472900390625" lon="118.362000994384288787841796875">
        <ele>9.6000003814697265625</ele>
        <time>2026-08-07T15:37:07.000Z</time>
        <extensions>
          <ns3:TrackPointExtension>
            <ns3:hr>127</ns3:hr>
            <ns3:cad>85</ns3:cad>
          </ns3:TrackPointExtension>
        </extensions>
      </trkpt>
      <trkpt lat="31.32699497044086456298828125" lon="118.36198314093053340911865234375">
        <ele>9.6000003814697265625</ele>
        <time>2026-08-07T15:37:08.000Z</time>
        <extensions>
          <ns3:TrackPointExtension>
            <ns3:hr>127</ns3:hr>
            <ns3:cad>84</ns3:cad>
          </ns3:TrackPointExtension>
        </extensions>
      </trkpt>
      <trkpt lat="31.3269740156829357147216796875" lon="118.36194542236626148223876953125">
        <ele>9.6000003814697265625</ele>
        <time>2026-08-07T15:37:09.000Z</time>
        <extensions>
          <ns3:TrackPointExtension>
            <ns3:hr>127</ns3:hr>
            <ns3:cad>84</ns3:cad>
          </ns3:TrackPointExtension>
        </extensions>
      </trkpt>
      <trkpt lat="31.32695750333368778228759765625" lon="118.36190753616392612457275390625">
        <ele>9.6000003814697265625</ele>
        <time>2026-08-07T15:37:10.000Z</time>
        <extensions>
          <ns3:TrackPointExtension>
            <ns3:hr>127</ns3:hr>
            <ns3:cad>84</ns3:cad>
          </ns3:TrackPointExtension>
        </extensions>
      </trkpt>
      <trkpt lat="31.32694660685956478118896484375" lon="118.3618606813251972198486328125">
        <ele>9.6000003814697265625</ele>
        <time>2026-08-07T15:37:11.000Z</time>
        <extensions>
          <ns3:TrackPointExtension>
            <ns3:hr>127</ns3:hr>
            <ns3:cad>85</ns3:cad>
          </ns3:TrackPointExtension>
        </extensions>
      </trkpt>
      <trkpt lat="31.3269435055553913116455078125" lon="118.36182296276092529296875">
        <ele>9.6000003814697265625</ele>
        <time>2026-08-07T15:37:12.000Z</time>
        <extensions>
          <ns3:TrackPointExtension>
            <ns3:hr>127</ns3:hr>
            <ns3:cad>86</ns3:cad>
          </ns3:TrackPointExtension>
        </extensions>
      </trkpt>
      <trkpt lat="31.32694191299378871917724609375" lon="118.3617664687335491180419921875">
        <ele>9.6000003814697265625</ele>
        <time>2026-08-07T15:37:13.000Z</time>
        <extensions>
          <ns3:TrackPointExtension>
            <ns3:hr>127</ns3:hr>
            <ns3:cad>86</ns3:cad>
          </ns3:TrackPointExtension>
        </extensions>
      </trkpt>
      <trkpt lat="31.32694023661315441131591796875" lon="118.361724726855754852294921875">
        <ele>9.6000003814697265625</ele>
        <time>2026-08-07T15:37:14.000Z</time>
        <extensions>
          <ns3:TrackPointExtension>
            <ns3:hr>127</ns3:hr>
            <ns3:cad>86</ns3:cad>
          </ns3:TrackPointExtension>
        </extensions>
      </trkpt>
      <trkpt lat="31.32694006897509098052978515625" lon="118.36167569272220134735107421875">
        <ele>9.6000003814697265625</ele>
        <time>2026-08-07T15:37:15.000Z</time>
        <extensions>
          <ns3:TrackPointExtension>
            <ns3:hr>127</ns3:hr>
            <ns3:cad>86</ns3:cad>
          </ns3:TrackPointExtension>
        </extensions>
      </trkpt>
      <trkpt lat="31.32694677449762821197509765625" lon="118.36163319647312164306640625">
        <ele>9.6000003814697265625</ele>
        <time>2026-08-07T15:37:16.000Z</time>
        <extensions>
          <ns3:TrackPointExtension>
            <ns3:hr>126</ns3:hr>
            <ns3:cad>85</ns3:cad>
          </ns3:TrackPointExtension>
        </extensions>
      </trkpt>
      <trkpt lat="31.3269500434398651123046875" lon="118.3616025187075138092041015625">
        <ele>9.6000003814697265625</ele>
        <time>2026-08-07T15:37:17.000Z</time>
        <extensions>
          <ns3:TrackPointExtension>
            <ns3:hr>126</ns3:hr>
            <ns3:cad>85</ns3:cad>
          </ns3:TrackPointExtension>
        </extensions>
      </trkpt>
      <trkpt lat="31.3269559107720851898193359375" lon="118.36155943572521209716796875">
        <ele>9.6000003814697265625</ele>
        <time>2026-08-07T15:37:18.000Z</time>
        <extensions>
          <ns3:TrackPointExtension>
            <ns3:hr>126</ns3:hr>
            <ns3:cad>85</ns3:cad>
          </ns3:TrackPointExtension>
        </extensions>
      </trkpt>
      <trkpt lat="31.326956413686275482177734375" lon="118.36152900941669940948486328125">
        <ele>9.3999996185302734375</ele>
        <time>2026-08-07T15:37:19.000Z</time>
        <extensions>
          <ns3:TrackPointExtension>
            <ns3:hr>126</ns3:hr>
            <ns3:cad>86</ns3:cad>
          </ns3:TrackPointExtension>
        </extensions>
      </trkpt>
      <trkpt lat="31.32696353830397129058837890625" lon="118.361487686634063720703125">
        <ele>9.3999996185302734375</ele>
        <time>2026-08-07T15:37:20.000Z</time>
        <extensions>
          <ns3:TrackPointExtension>
            <ns3:hr>126</ns3:hr>
            <ns3:cad>86</ns3:cad>
          </ns3:TrackPointExtension>
        </extensions>
      </trkpt>
      <trkpt lat="31.32696839980781078338623046875" lon="118.36145189590752124786376953125">
        <ele>9.3999996185302734375</ele>
        <time>2026-08-07T15:37:21.000Z</time>
        <extensions>
          <ns3:TrackPointExtension>
            <ns3:hr>125</ns3:hr>
            <ns3:cad>86</ns3:cad>
          </ns3:TrackPointExtension>
        </extensions>
      </trkpt>
      <trkpt lat="31.32697560824453830718994140625" lon="118.36141568608582019805908203125">
        <ele>9.3999996185302734375</ele>
        <time>2026-08-07T15:37:22.000Z</time>
        <extensions>
          <ns3:TrackPointExtension>
            <ns3:hr>126</ns3:hr>
            <ns3:cad>86</ns3:cad>
          </ns3:TrackPointExtension>
        </extensions>
      </trkpt>
      <trkpt lat="31.32698382250964641571044921875" lon="118.3613792248070240020751953125">
        <ele>9.3999996185302734375</ele>
        <time>2026-08-07T15:37:23.000Z</time>
        <extensions>
          <ns3:TrackPointExtension>
            <ns3:hr>126</ns3:hr>
            <ns3:cad>85</ns3:cad>
          </ns3:TrackPointExtension>
        </extensions>
      </trkpt>
      <trkpt lat="31.3269830681383609771728515625" lon="118.3613527379930019378662109375">
        <ele>9.3999996185302734375</ele>
        <time>2026-08-07T15:37:24.000Z</time>
        <extensions>
          <ns3:TrackPointExtension>
            <ns3:hr>126</ns3:hr>
            <ns3:cad>85</ns3:cad>
          </ns3:TrackPointExtension>
        </extensions>
      </trkpt>
      <trkpt lat="31.32698868401348590850830078125" lon="118.361310660839080810546875">
        <ele>9.3999996185302734375</ele>
        <time>2026-08-07T15:37:25.000Z</time>
        <extensions>
          <ns3:TrackPointExtension>
            <ns3:hr>126</ns3:hr>
            <ns3:cad>85</ns3:cad>
          </ns3:TrackPointExtension>
        </extensions>
      </trkpt>
      <trkpt lat="31.32699555717408657073974609375" lon="118.36128023453056812286376953125">
        <ele>9.3999996185302734375</ele>
        <time>2026-08-07T15:37:26.000Z</time>
        <extensions>
          <ns3:TrackPointExtension>
            <ns3:hr>126</ns3:hr>
            <ns3:cad>85</ns3:cad>
          </ns3:TrackPointExtension>
        </extensions>
      </trkpt>
      <trkpt lat="31.32699790410697460174560546875" lon="118.36124972440302371978759765625">
        <ele>9.3999996185302734375</ele>
        <time>2026-08-07T15:37:27.000Z</time>
        <extensions>
          <ns3:TrackPointExtension>
            <ns3:hr>126</ns3:hr>
            <ns3:cad>85</ns3:cad>
          </ns3:TrackPointExtension>
        </extensions>
      </trkpt>
      <trkpt lat="31.3270098902285099029541015625" lon="118.36121686734259128570556640625">
        <ele>9.19999980926513671875</ele>
        <time>2026-08-07T15:37:28.000Z</time>
        <extensions>
          <ns3:TrackPointExtension>
            <ns3:hr>126</ns3:hr>
            <ns3:cad>85</ns3:cad>
          </ns3:TrackPointExtension>
        </extensions>
      </trkpt>
      <trkpt lat="31.3270182721316814422607421875" lon="118.361192978918552398681640625">
        <ele>9.3999996185302734375</ele>
        <time>2026-08-07T15:37:29.000Z</time>
        <extensions>
          <ns3:TrackPointExtension>
            <ns3:hr>125</ns3:hr>
            <ns3:cad>85</ns3:cad>
          </ns3:TrackPointExtension>
        </extensions>
      </trkpt>
      <trkpt lat="31.32703076116740703582763671875" lon="118.3611537516117095947265625">
        <ele>9.19999980926513671875</ele>
        <time>2026-08-07T15:37:30.000Z</time>
        <extensions>
          <ns3:TrackPointExtension>
            <ns3:hr>126</ns3:hr>
            <ns3:cad>85</ns3:cad>
          </ns3:TrackPointExtension>
        </extensions>
      </trkpt>
      <trkpt lat="31.32703528739511966705322265625" lon="118.36112550459802150726318359375">
        <ele>9.19999980926513671875</ele>
        <time>2026-08-07T15:37:31.000Z</time>
        <extensions>
          <ns3:TrackPointExtension>
            <ns3:hr>126</ns3:hr>
            <ns3:cad>83</ns3:cad>
          </ns3:TrackPointExtension>
        </extensions>
      </trkpt>
      <trkpt lat="31.32704115472733974456787109375" lon="118.36109197698533535003662109375">
        <ele>9.19999980926513671875</ele>
        <time>2026-08-07T15:37:32.000Z</time>
        <extensions>
          <ns3:TrackPointExtension>
            <ns3:hr>125</ns3:hr>
            <ns3:cad>83</ns3:cad>
          </ns3:TrackPointExtension>
        </extensions>
      </trkpt>
      <trkpt lat="31.32705054245889186859130859375" lon="118.3610640652477741241455078125">
        <ele>9.19999980926513671875</ele>
        <time>2026-08-07T15:37:33.000Z</time>
        <extensions>
          <ns3:TrackPointExtension>
            <ns3:hr>125</ns3:hr>
            <ns3:cad>83</ns3:cad>
          </ns3:TrackPointExtension>
        </extensions>
      </trkpt>
      <trkpt lat="31.32705397903919219970703125" lon="118.36104051209986209869384765625">
        <ele>9.19999980926513671875</ele>
        <time>2026-08-07T15:37:34.000Z</time>
        <extensions>
          <ns3:TrackPointExtension>
            <ns3:hr>125</ns3:hr>
            <ns3:cad>84</ns3:cad>
          </ns3:TrackPointExtension>
        </extensions>
      </trkpt>
      <trkpt lat="31.327059678733348846435546875" lon="118.361005894839763641357421875">
        <ele>9.19999980926513671875</ele>
        <time>2026-08-07T15:37:35.000Z</time>
        <extensions>
          <ns3:TrackPointExtension>
            <ns3:hr>125</ns3:hr>
            <ns3:cad>85</ns3:cad>
          </ns3:TrackPointExtension>
        </extensions>
      </trkpt>
      <trkpt lat="31.327055990695953369140625" lon="118.36098033003509044647216796875">
        <ele>9.19999980926513671875</ele>
        <time>2026-08-07T15:37:36.000Z</time>
        <extensions>
          <ns3:TrackPointExtension>
            <ns3:hr>125</ns3:hr>
            <ns3:cad>86</ns3:cad>
          </ns3:TrackPointExtension>
        </extensions>
      </trkpt>
      <trkpt lat="31.32705473341047763824462890625" lon="118.3609410189092159271240234375">
        <ele>9.19999980926513671875</ele>
        <time>2026-08-07T15:37:37.000Z</time>
        <extensions>
          <ns3:TrackPointExtension>
            <ns3:hr>125</ns3:hr>
            <ns3:cad>86</ns3:cad>
          </ns3:TrackPointExtension>
        </extensions>
      </trkpt>
      <trkpt lat="31.32705272175371646881103515625" lon="118.3609081618487834930419921875">
        <ele>9.19999980926513671875</ele>
        <time>2026-08-07T15:37:38.000Z</time>
        <extensions>
          <ns3:TrackPointExtension>
            <ns3:hr>125</ns3:hr>
            <ns3:cad>86</ns3:cad>
          </ns3:TrackPointExtension>
        </extensions>
      </trkpt>
      <trkpt lat="31.3270494528114795684814453125" lon="118.36087010800838470458984375">
        <ele>9.19999980926513671875</ele>
        <time>2026-08-07T15:37:39.000Z</time>
        <extensions>
          <ns3:TrackPointExtension>
            <ns3:hr>125</ns3:hr>
            <ns3:cad>86</ns3:cad>
          </ns3:TrackPointExtension>
        </extensions>
      </trkpt>
      <trkpt lat="31.32704794406890869140625" lon="118.3608344011008739471435546875">
        <ele>9.19999980926513671875</ele>
        <time>2026-08-07T15:37:40.000Z</time>
        <extensions>
          <ns3:TrackPointExtension>
            <ns3:hr>124</ns3:hr>
            <ns3:cad>85</ns3:cad>
          </ns3:TrackPointExtension>
        </extensions>
      </trkpt>
      <trkpt lat="31.32704065181314945220947265625" lon="118.360806070268154144287109375">
        <ele>9.19999980926513671875</ele>
        <time>2026-08-07T15:37:41.000Z</time>
        <extensions>
          <ns3:TrackPointExtension>
            <ns3:hr>124</ns3:hr>
            <ns3:cad>85</ns3:cad>
          </ns3:TrackPointExtension>
        </extensions>
      </trkpt>
      <trkpt lat="31.32703847251832485198974609375" lon="118.36076810024678707122802734375">
        <ele>9.19999980926513671875</ele>
        <time>2026-08-07T15:37:42.000Z</time>
        <extensions>
          <ns3:TrackPointExtension>
            <ns3:hr>124</ns3:hr>
            <ns3:cad>85</ns3:cad>
          </ns3:TrackPointExtension>
        </extensions>
      </trkpt>
      <trkpt lat="31.327023468911647796630859375" lon="118.36074672639369964599609375">
        <ele>9.19999980926513671875</ele>
        <time>2026-08-07T15:37:43.000Z</time>
        <extensions>
          <ns3:TrackPointExtension>
            <ns3:hr>124</ns3:hr>
            <ns3:cad>86</ns3:cad>
          </ns3:TrackPointExtension>
        </extensions>
      </trkpt>
      <trkpt lat="31.32699186913669109344482421875" lon="118.3607331477105617523193359375">
        <ele>9.19999980926513671875</ele>
        <time>2026-08-07T15:37:44.000Z</time>
        <extensions>
          <ns3:TrackPointExtension>
            <ns3:hr>124</ns3:hr>
            <ns3:cad>86</ns3:cad>
          </ns3:TrackPointExtension>
        </extensions>
      </trkpt>
      <trkpt lat="31.32696823216974735260009765625" lon="118.36073909886181354522705078125">
        <ele>9</ele>
        <time>2026-08-07T15:37:45.000Z</time>
        <extensions>
          <ns3:TrackPointExtension>
            <ns3:hr>124</ns3:hr>
            <ns3:cad>85</ns3:cad>
          </ns3:TrackPointExtension>
        </extensions>
      </trkpt>
      <trkpt lat="31.3269634544849395751953125" lon="118.360758461058139801025390625">
        <ele>9</ele>
        <time>2026-08-07T15:37:46.000Z</time>
        <extensions>
          <ns3:TrackPointExtension>
            <ns3:hr>124</ns3:hr>
            <ns3:cad>84</ns3:cad>
          </ns3:TrackPointExtension>
        </extensions>
      </trkpt>
      <trkpt lat="31.32695632986724376678466796875" lon="118.3607918210327625274658203125">
        <ele>9</ele>
        <time>2026-08-07T15:37:47.000Z</time>
        <extensions>
          <ns3:TrackPointExtension>
            <ns3:hr>124</ns3:hr>
            <ns3:cad>84</ns3:cad>
          </ns3:TrackPointExtension>
        </extensions>
      </trkpt>
      <trkpt lat="31.32696286775171756744384765625" lon="118.36082207970321178436279296875">
        <ele>9</ele>
        <time>2026-08-07T15:37:48.000Z</time>
        <extensions>
          <ns3:TrackPointExtension>
            <ns3:hr>124</ns3:hr>
            <ns3:cad>84</ns3:cad>
          </ns3:TrackPointExtension>
        </extensions>
      </trkpt>
      <trkpt lat="31.32696001790463924407958984375" lon="118.36086214520037174224853515625">
        <ele>9</ele>
        <time>2026-08-07T15:37:49.000Z</time>
        <extensions>
          <ns3:TrackPointExtension>
            <ns3:hr>123</ns3:hr>
            <ns3:cad>84</ns3:cad>
          </ns3:TrackPointExtension>
        </extensions>
      </trkpt>
      <trkpt lat="31.32695867680013179779052734375" lon="118.36089558899402618408203125">
        <ele>8.80000019073486328125</ele>
        <time>2026-08-07T15:37:50.000Z</time>
        <extensions>
          <ns3:TrackPointExtension>
            <ns3:hr>123</ns3:hr>
            <ns3:cad>84</ns3:cad>
          </ns3:TrackPointExtension>
        </extensions>
      </trkpt>
      <trkpt lat="31.32695716805756092071533203125" lon="118.36093221791088581085205078125">
        <ele>9</ele>
        <time>2026-08-07T15:37:51.000Z</time>
        <extensions>
          <ns3:TrackPointExtension>
            <ns3:hr>123</ns3:hr>
            <ns3:cad>84</ns3:cad>
          </ns3:TrackPointExtension>
        </extensions>
      </trkpt>
      <trkpt lat="31.32695448584854602813720703125" lon="118.36096792481839656829833984375">
        <ele>9</ele>
        <time>2026-08-07T15:37:52.000Z</time>
        <extensions>
          <ns3:TrackPointExtension>
            <ns3:hr>123</ns3:hr>
            <ns3:cad>85</ns3:cad>
          </ns3:TrackPointExtension>
        </extensions>
      </trkpt>
      <trkpt lat="31.3269569166004657745361328125" lon="118.36099541746079921722412109375">
        <ele>9.19999980926513671875</ele>
        <time>2026-08-07T15:37:53.000Z</time>
        <extensions>
          <ns3:TrackPointExtension>
            <ns3:hr>123</ns3:hr>
            <ns3:cad>85</ns3:cad>
          </ns3:TrackPointExtension>
        </extensions>
      </trkpt>
      <trkpt lat="31.326946355402469635009765625" lon="118.3610328845679759979248046875">
        <ele>9.19999980926513671875</ele>
        <time>2026-08-07T15:37:54.000Z</time>
        <extensions>
          <ns3:TrackPointExtension>
            <ns3:hr>123</ns3:hr>
            <ns3:cad>85</ns3:cad>
          </ns3:TrackPointExtension>
        </extensions>
      </trkpt>
      <trkpt lat="31.3269421644508838653564453125" lon="118.36106649599969387054443359375">
        <ele>9.19999980926513671875</ele>
        <time>2026-08-07T15:37:55.000Z</time>
        <extensions>
          <ns3:TrackPointExtension>
            <ns3:hr>122</ns3:hr>
            <ns3:cad>85</ns3:cad>
          </ns3:TrackPointExtension>
        </extensions>
      </trkpt>
      <trkpt lat="31.32692162878811359405517578125" lon="118.3610895462334156036376953125">
        <ele>9.3999996185302734375</ele>
        <time>2026-08-07T15:37:56.000Z</time>
        <extensions>
          <ns3:TrackPointExtension>
            <ns3:hr>122</ns3:hr>
            <ns3:cad>85</ns3:cad>
          </ns3:TrackPointExtension>
        </extensions>
      </trkpt>
      <trkpt lat="31.32691492326557636260986328125" lon="118.36107437498867511749267578125">
        <ele>9.3999996185302734375</ele>
        <time>2026-08-07T15:37:57.000Z</time>
        <extensions>
          <ns3:TrackPointExtension>
            <ns3:hr>122</ns3:hr>
            <ns3:cad>85</ns3:cad>
          </ns3:TrackPointExtension>
        </extensions>
      </trkpt>
      <trkpt lat="31.3269232213497161865234375" lon="118.3610449545085430145263671875">
        <ele>9.3999996185302734375</ele>
        <time>2026-08-07T15:37:58.000Z</time>
        <extensions>
          <ns3:TrackPointExtension>
            <ns3:hr>122</ns3:hr>
            <ns3:cad>85</ns3:cad>
          </ns3:TrackPointExtension>
        </extensions>
      </trkpt>
      <trkpt lat="31.32692397572100162506103515625" lon="118.36103447712957859039306640625">
        <ele>9.80000019073486328125</ele>
        <time>2026-08-07T15:37:59.000Z</time>
        <extensions>
          <ns3:TrackPointExtension>
            <ns3:hr>122</ns3:hr>
            <ns3:cad>85</ns3:cad>
          </ns3:TrackPointExtension>
        </extensions>
      </trkpt>
      <trkpt lat="31.32691525854170322418212890625" lon="118.361032046377658843994140625">
        <ele>10.3999996185302734375</ele>
        <time>2026-08-07T15:38:00.000Z</time>
        <extensions>
          <ns3:TrackPointExtension>
            <ns3:hr>122</ns3:hr>
            <ns3:cad>85</ns3:cad>
          </ns3:TrackPointExtension>
        </extensions>
      </trkpt>
      <trkpt lat="31.32690771482884883880615234375" lon="118.361014612019062042236328125">
        <ele>11</ele>
        <time>2026-08-07T15:38:01.000Z</time>
        <extensions>
          <ns3:TrackPointExtension>
            <ns3:hr>122</ns3:hr>
            <ns3:cad>75</ns3:cad>
          </ns3:TrackPointExtension>
        </extensions>
      </trkpt>
      <trkpt lat="31.32690352387726306915283203125" lon="118.3609819225966930389404296875">
        <ele>11.6000003814697265625</ele>
        <time>2026-08-07T15:38:02.000Z</time>
        <extensions>
          <ns3:TrackPointExtension>
            <ns3:hr>122</ns3:hr>
            <ns3:cad>73</ns3:cad>
          </ns3:TrackPointExtension>
        </extensions>
      </trkpt>
      <trkpt lat="31.32689748890697956085205078125" lon="118.36095132865011692047119140625">
        <ele>12</ele>
        <time>2026-08-07T15:38:03.000Z</time>
        <extensions>
          <ns3:TrackPointExtension>
            <ns3:hr>122</ns3:hr>
            <ns3:cad>72</ns3:cad>
          </ns3:TrackPointExtension>
        </extensions>
      </trkpt>
      <trkpt lat="31.3268948905169963836669921875" lon="118.36092031560838222503662109375">
        <ele>12.19999980926513671875</ele>
        <time>2026-08-07T15:38:04.000Z</time>
        <extensions>
          <ns3:TrackPointExtension>
            <ns3:hr>121</ns3:hr>
            <ns3:cad>72</ns3:cad>
          </ns3:TrackPointExtension>
        </extensions>
      </trkpt>
      <trkpt lat="31.3268962316215038299560546875" lon="118.3608860336244106292724609375">
        <ele>12.3999996185302734375</ele>
        <time>2026-08-07T15:38:05.000Z</time>
        <extensions>
          <ns3:TrackPointExtension>
            <ns3:hr>122</ns3:hr>
            <ns3:cad>72</ns3:cad>
          </ns3:TrackPointExtension>
        </extensions>
      </trkpt>
      <trkpt lat="31.326894052326679229736328125" lon="118.36085728369653224945068359375">
        <ele>12.19999980926513671875</ele>
        <time>2026-08-07T15:38:06.000Z</time>
        <extensions>
          <ns3:TrackPointExtension>
            <ns3:hr>122</ns3:hr>
            <ns3:cad>72</ns3:cad>
          </ns3:TrackPointExtension>
        </extensions>
      </trkpt>
      <trkpt lat="31.3269012607634067535400390625" lon="118.36081914603710174560546875">
        <ele>12.19999980926513671875</ele>
        <time>2026-08-07T15:38:07.000Z</time>
        <extensions>
          <ns3:TrackPointExtension>
            <ns3:hr>121</ns3:hr>
            <ns3:cad>83</ns3:cad>
          </ns3:TrackPointExtension>
        </extensions>
      </trkpt>
      <trkpt lat="31.32690017111599445343017578125" lon="118.3607955090701580047607421875">
        <ele>12.19999980926513671875</ele>
        <time>2026-08-07T15:38:08.000Z</time>
        <extensions>
          <ns3:TrackPointExtension>
            <ns3:hr>122</ns3:hr>
            <ns3:cad>83</ns3:cad>
          </ns3:TrackPointExtension>
        </extensions>
      </trkpt>
      <trkpt lat="31.32690670900046825408935546875" lon="118.3607542701065540313720703125">
        <ele>12.19999980926513671875</ele>
        <time>2026-08-07T15:38:09.000Z</time>
        <extensions>
          <ns3:TrackPointExtension>
            <ns3:hr>122</ns3:hr>
            <ns3:cad>84</ns3:cad>
          </ns3:TrackPointExtension>
        </extensions>
      </trkpt>
      <trkpt lat="31.32690737955272197723388671875" lon="118.360721580684185028076171875">
        <ele>12.19999980926513671875</ele>
        <time>2026-08-07T15:38:10.000Z</time>
        <extensions>
          <ns3:TrackPointExtension>
            <ns3:hr>123</ns3:hr>
            <ns3:cad>85</ns3:cad>
          </ns3:TrackPointExtension>
        </extensions>
      </trkpt>
      <trkpt lat="31.32691157050430774688720703125" lon="118.36068637669086456298828125">
        <ele>12.19999980926513671875</ele>
        <time>2026-08-07T15:38:11.000Z</time>
        <extensions>
          <ns3:TrackPointExtension>
            <ns3:hr>123</ns3:hr>
            <ns3:cad>85</ns3:cad>
          </ns3:TrackPointExtension>
        </extensions>
      </trkpt>
      <trkpt lat="31.32691944949328899383544921875" lon="118.3606533519923686981201171875">
        <ele>12.3999996185302734375</ele>
        <time>2026-08-07T15:38:12.000Z</time>
        <extensions>
          <ns3:TrackPointExtension>
            <ns3:hr>124</ns3:hr>
            <ns3:cad>86</ns3:cad>
          </ns3:TrackPointExtension>
        </extensions>
      </trkpt>
      <trkpt lat="31.3269217126071453094482421875" lon="118.3606258593499660491943359375">
        <ele>12.3999996185302734375</ele>
        <time>2026-08-07T15:38:13.000Z</time>
        <extensions>
          <ns3:TrackPointExtension>
            <ns3:hr>124</ns3:hr>
            <ns3:cad>86</ns3:cad>
          </ns3:TrackPointExtension>
        </extensions>
      </trkpt>
      <trkpt lat="31.32692934013903141021728515625" lon="118.3605933375656604766845703125">
        <ele>12.3999996185302734375</ele>
        <time>2026-08-07T15:38:14.000Z</time>
        <extensions>
          <ns3:TrackPointExtension>
            <ns3:hr>125</ns3:hr>
            <ns3:cad>86</ns3:cad>
          </ns3:TrackPointExtension>
        </extensions>
      </trkpt>
      <trkpt lat="31.3269311003386974334716796875" lon="118.3605651743710041046142578125">
        <ele>12.3999996185302734375</ele>
        <time>2026-08-07T15:38:15.000Z</time>
        <extensions>
          <ns3:TrackPointExtension>
            <ns3:hr>126</ns3:hr>
            <ns3:cad>86</ns3:cad>
          </ns3:TrackPointExtension>
        </extensions>
      </trkpt>
      <trkpt lat="31.32693939842283725738525390625" lon="118.3605292998254299163818359375">
        <ele>12.3999996185302734375</ele>
        <time>2026-08-07T15:38:16.000Z</time>
        <extensions>
          <ns3:TrackPointExtension>
            <ns3:hr>126</ns3:hr>
            <ns3:cad>85</ns3:cad>
          </ns3:TrackPointExtension>
        </extensions>
      </trkpt>
      <trkpt lat="31.32693939842283725738525390625" lon="118.36050038225948810577392578125">
        <ele>12.3999996185302734375</ele>
        <time>2026-08-07T15:38:17.000Z</time>
        <extensions>
          <ns3:TrackPointExtension>
            <ns3:hr>127</ns3:hr>
            <ns3:cad>85</ns3:cad>
          </ns3:TrackPointExtension>
        </extensions>
      </trkpt>
      <trkpt lat="31.32694275118410587310791015625" lon="118.36046635173261165618896484375">
        <ele>12.3999996185302734375</ele>
        <time>2026-08-07T15:38:18.000Z</time>
        <extensions>
          <ns3:TrackPointExtension>
            <ns3:hr>127</ns3:hr>
            <ns3:cad>85</ns3:cad>
          </ns3:TrackPointExtension>
        </extensions>
      </trkpt>
      <trkpt lat="31.32694560103118419647216796875" lon="118.36043684743344783782958984375">
        <ele>12.19999980926513671875</ele>
        <time>2026-08-07T15:38:19.000Z</time>
        <extensions>
          <ns3:TrackPointExtension>
            <ns3:hr>128</ns3:hr>
            <ns3:cad>85</ns3:cad>
          </ns3:TrackPointExtension>
        </extensions>
      </trkpt>
      <trkpt lat="31.326948367059230804443359375" lon="118.36040818132460117340087890625">
        <ele>12.19999980926513671875</ele>
        <time>2026-08-07T15:38:20.000Z</time>
        <extensions>
          <ns3:TrackPointExtension>
            <ns3:hr>128</ns3:hr>
            <ns3:cad>85</ns3:cad>
          </ns3:TrackPointExtension>
        </extensions>
      </trkpt>
      <trkpt lat="31.3269532285630702972412109375" lon="118.3603777550160884857177734375">
        <ele>12</ele>
        <time>2026-08-07T15:38:21.000Z</time>
        <extensions>
          <ns3:TrackPointExtension>
            <ns3:hr>128</ns3:hr>
            <ns3:cad>85</ns3:cad>
          </ns3:TrackPointExtension>
        </extensions>
      </trkpt>
      <trkpt lat="31.3269532285630702972412109375" lon="118.360350430011749267578125">
        <ele>12</ele>
        <time>2026-08-07T15:38:22.000Z</time>
        <extensions>
          <ns3:TrackPointExtension>
            <ns3:hr>128</ns3:hr>
            <ns3:cad>85</ns3:cad>
          </ns3:TrackPointExtension>
        </extensions>
      </trkpt>
      <trkpt lat="31.3269585929811000823974609375" lon="118.36031530983746051788330078125">
        <ele>12</ele>
        <time>2026-08-07T15:38:23.000Z</time>
        <extensions>
          <ns3:TrackPointExtension>
            <ns3:hr>128</ns3:hr>
            <ns3:cad>85</ns3:cad>
          </ns3:TrackPointExtension>
        </extensions>
      </trkpt>
      <trkpt lat="31.3269595988094806671142578125" lon="118.3602882362902164459228515625">
        <ele>12</ele>
        <time>2026-08-07T15:38:24.000Z</time>
        <extensions>
          <ns3:TrackPointExtension>
            <ns3:hr>129</ns3:hr>
            <ns3:cad>86</ns3:cad>
          </ns3:TrackPointExtension>
        </extensions>
      </trkpt>
      <trkpt lat="31.32696689106523990631103515625" lon="118.360249511897563934326171875">
        <ele>12</ele>
        <time>2026-08-07T15:38:25.000Z</time>
        <extensions>
          <ns3:TrackPointExtension>
            <ns3:hr>128</ns3:hr>
            <ns3:cad>86</ns3:cad>
          </ns3:TrackPointExtension>
        </extensions>
      </trkpt>
      <trkpt lat="31.32697326131165027618408203125" lon="118.36021699011325836181640625">
        <ele>12</ele>
        <time>2026-08-07T15:38:26.000Z</time>
        <extensions>
          <ns3:TrackPointExtension>
            <ns3:hr>128</ns3:hr>
            <ns3:cad>86</ns3:cad>
          </ns3:TrackPointExtension>
        </extensions>
      </trkpt>
      <trkpt lat="31.32697829045355319976806640625" lon="118.36018346250057220458984375">
        <ele>12</ele>
        <time>2026-08-07T15:38:27.000Z</time>
        <extensions>
          <ns3:TrackPointExtension>
            <ns3:hr>129</ns3:hr>
            <ns3:cad>87</ns3:cad>
          </ns3:TrackPointExtension>
        </extensions>
      </trkpt>
      <trkpt lat="31.326987259089946746826171875" lon="118.36014700122177600860595703125">
        <ele>12</ele>
        <time>2026-08-07T15:38:28.000Z</time>
        <extensions>
          <ns3:TrackPointExtension>
            <ns3:hr>131</ns3:hr>
            <ns3:cad>87</ns3:cad>
          </ns3:TrackPointExtension>
        </extensions>
      </trkpt>
      <trkpt lat="31.326985917985439300537109375" lon="118.36011565290391445159912109375">
        <ele>12</ele>
        <time>2026-08-07T15:38:29.000Z</time>
        <extensions>
          <ns3:TrackPointExtension>
            <ns3:hr>132</ns3:hr>
            <ns3:cad>87</ns3:cad>
          </ns3:TrackPointExtension>
        </extensions>
      </trkpt>
      <trkpt lat="31.32699388079345226287841796875" lon="118.36007391102612018585205078125">
        <ele>12</ele>
        <time>2026-08-07T15:38:30.000Z</time>
        <extensions>
          <ns3:TrackPointExtension>
            <ns3:hr>133</ns3:hr>
            <ns3:cad>85</ns3:cad>
          </ns3:TrackPointExtension>
        </extensions>
      </trkpt>
      <trkpt lat="31.32699119858443737030029296875" lon="118.3600451610982418060302734375">
        <ele>11.80000019073486328125</ele>
        <time>2026-08-07T15:38:31.000Z</time>
        <extensions>
          <ns3:TrackPointExtension>
            <ns3:hr>133</ns3:hr>
            <ns3:cad>85</ns3:cad>
          </ns3:TrackPointExtension>
        </extensions>
      </trkpt>
      <trkpt lat="31.326992623507976531982421875" lon="118.36000735871493816375732421875">
        <ele>11.80000019073486328125</ele>
        <time>2026-08-07T15:38:32.000Z</time>
        <extensions>
          <ns3:TrackPointExtension>
            <ns3:hr>133</ns3:hr>
            <ns3:cad>85</ns3:cad>
          </ns3:TrackPointExtension>
        </extensions>
      </trkpt>
      <trkpt lat="31.32699287496507167816162109375" lon="118.3599762618541717529296875">
        <ele>11.80000019073486328125</ele>
        <time>2026-08-07T15:38:33.000Z</time>
        <extensions>
          <ns3:TrackPointExtension>
            <ns3:hr>133</ns3:hr>
            <ns3:cad>85</ns3:cad>
          </ns3:TrackPointExtension>
        </extensions>
      </trkpt>
      <trkpt lat="31.326994635164737701416015625" lon="118.35994415916502475738525390625">
        <ele>11.80000019073486328125</ele>
        <time>2026-08-07T15:38:34.000Z</time>
        <extensions>
          <ns3:TrackPointExtension>
            <ns3:hr>133</ns3:hr>
            <ns3:cad>85</ns3:cad>
          </ns3:TrackPointExtension>
        </extensions>
      </trkpt>
      <trkpt lat="31.327001340687274932861328125" lon="118.35990962572395801544189453125">
        <ele>11.80000019073486328125</ele>
        <time>2026-08-07T15:38:35.000Z</time>
        <extensions>
          <ns3:TrackPointExtension>
            <ns3:hr>133</ns3:hr>
            <ns3:cad>86</ns3:cad>
          </ns3:TrackPointExtension>
        </extensions>
      </trkpt>
      <trkpt lat="31.3269998319447040557861328125" lon="118.35987693630158901214599609375">
        <ele>11.80000019073486328125</ele>
        <time>2026-08-07T15:38:36.000Z</time>
        <extensions>
          <ns3:TrackPointExtension>
            <ns3:hr>132</ns3:hr>
            <ns3:cad>86</ns3:cad>
          </ns3:TrackPointExtension>
        </extensions>
      </trkpt>
      <trkpt lat="31.32699974812567234039306640625" lon="118.35983972065150737762451171875">
        <ele>11.80000019073486328125</ele>
        <time>2026-08-07T15:38:37.000Z</time>
        <extensions>
          <ns3:TrackPointExtension>
            <ns3:hr>132</ns3:hr>
            <ns3:cad>87</ns3:cad>
          </ns3:TrackPointExtension>
        </extensions>
      </trkpt>
      <trkpt lat="31.32699388079345226287841796875" lon="118.359813652932643890380859375">
        <ele>11.80000019073486328125</ele>
        <time>2026-08-07T15:38:38.000Z</time>
        <extensions>
          <ns3:TrackPointExtension>
            <ns3:hr>132</ns3:hr>
            <ns3:cad>87</ns3:cad>
          </ns3:TrackPointExtension>
        </extensions>
      </trkpt>
      <trkpt lat="31.32699538953602313995361328125" lon="118.35977501235902309417724609375">
        <ele>11.80000019073486328125</ele>
        <time>2026-08-07T15:38:39.000Z</time>
        <extensions>
          <ns3:TrackPointExtension>
            <ns3:hr>132</ns3:hr>
            <ns3:cad>87</ns3:cad>
          </ns3:TrackPointExtension>
        </extensions>
      </trkpt>
      <trkpt lat="31.32699354551732540130615234375" lon="118.359745927155017852783203125">
        <ele>11.80000019073486328125</ele>
        <time>2026-08-07T15:38:40.000Z</time>
        <extensions>
          <ns3:TrackPointExtension>
            <ns3:hr>132</ns3:hr>
            <ns3:cad>86</ns3:cad>
          </ns3:TrackPointExtension>
        </extensions>
      </trkpt>
      <trkpt lat="31.32699471898376941680908203125" lon="118.35970778949558734893798828125">
        <ele>11.80000019073486328125</ele>
        <time>2026-08-07T15:38:41.000Z</time>
        <extensions>
          <ns3:TrackPointExtension>
            <ns3:hr>131</ns3:hr>
            <ns3:cad>86</ns3:cad>
          </ns3:TrackPointExtension>
        </extensions>
      </trkpt>
      <trkpt lat="31.326991282403469085693359375" lon="118.35967409424483776092529296875">
        <ele>11.80000019073486328125</ele>
        <time>2026-08-07T15:38:42.000Z</time>
        <extensions>
          <ns3:TrackPointExtension>
            <ns3:hr>131</ns3:hr>
            <ns3:cad>87</ns3:cad>
          </ns3:TrackPointExtension>
        </extensions>
      </trkpt>
      <trkpt lat="31.32698952220380306243896484375" lon="118.3596371300518512725830078125">
        <ele>11.80000019073486328125</ele>
        <time>2026-08-07T15:38:43.000Z</time>
        <extensions>
          <ns3:TrackPointExtension>
            <ns3:hr>131</ns3:hr>
            <ns3:cad>87</ns3:cad>
          </ns3:TrackPointExtension>
        </extensions>
      </trkpt>
      <trkpt lat="31.32699388079345226287841796875" lon="118.35960251279175281524658203125">
        <ele>11.6000003814697265625</ele>
        <time>2026-08-07T15:38:44.000Z</time>
        <extensions>
          <ns3:TrackPointExtension>
            <ns3:hr>131</ns3:hr>
            <ns3:cad>87</ns3:cad>
          </ns3:TrackPointExtension>
        </extensions>
      </trkpt>
      <trkpt lat="31.3269927911460399627685546875" lon="118.3595724217593669891357421875">
        <ele>11.6000003814697265625</ele>
        <time>2026-08-07T15:38:45.000Z</time>
        <extensions>
          <ns3:TrackPointExtension>
            <ns3:hr>131</ns3:hr>
            <ns3:cad>87</ns3:cad>
          </ns3:TrackPointExtension>
        </extensions>
      </trkpt>
      <trkpt lat="31.32700041867792606353759765625" lon="118.35953436791896820068359375">
        <ele>11.6000003814697265625</ele>
        <time>2026-08-07T15:38:46.000Z</time>
        <extensions>
          <ns3:TrackPointExtension>
            <ns3:hr>130</ns3:hr>
            <ns3:cad>87</ns3:cad>
          </ns3:TrackPointExtension>
        </extensions>
      </trkpt>
      <trkpt lat="31.32699522189795970916748046875" lon="118.35950444452464580535888671875">
        <ele>11.6000003814697265625</ele>
        <time>2026-08-07T15:38:47.000Z</time>
        <extensions>
          <ns3:TrackPointExtension>
            <ns3:hr>130</ns3:hr>
            <ns3:cad>86</ns3:cad>
          </ns3:TrackPointExtension>
        </extensions>
      </trkpt>
      <trkpt lat="31.3269983232021331787109375" lon="118.35946152918040752410888671875">
        <ele>11.80000019073486328125</ele>
        <time>2026-08-07T15:38:48.000Z</time>
        <extensions>
          <ns3:TrackPointExtension>
            <ns3:hr>130</ns3:hr>
            <ns3:cad>86</ns3:cad>
          </ns3:TrackPointExtension>
        </extensions>
      </trkpt>
      <trkpt lat="31.3269941322505474090576171875" lon="118.35943110287189483642578125">
        <ele>11.80000019073486328125</ele>
        <time>2026-08-07T15:38:49.000Z</time>
        <extensions>
          <ns3:TrackPointExtension>
            <ns3:hr>130</ns3:hr>
            <ns3:cad>86</ns3:cad>
          </ns3:TrackPointExtension>
        </extensions>
      </trkpt>
      <trkpt lat="31.32699429988861083984375" lon="118.35939262993633747100830078125">
        <ele>11.80000019073486328125</ele>
        <time>2026-08-07T15:38:50.000Z</time>
        <extensions>
          <ns3:TrackPointExtension>
            <ns3:hr>130</ns3:hr>
            <ns3:cad>86</ns3:cad>
          </ns3:TrackPointExtension>
        </extensions>
      </trkpt>
      <trkpt lat="31.32699589245021343231201171875" lon="118.3593605272471904754638671875">
        <ele>11.80000019073486328125</ele>
        <time>2026-08-07T15:38:51.000Z</time>
        <extensions>
          <ns3:TrackPointExtension>
            <ns3:hr>130</ns3:hr>
            <ns3:cad>86</ns3:cad>
          </ns3:TrackPointExtension>
        </extensions>
      </trkpt>
      <trkpt lat="31.32699538953602313995361328125" lon="118.359326161444187164306640625">
        <ele>11.80000019073486328125</ele>
        <time>2026-08-07T15:38:52.000Z</time>
        <extensions>
          <ns3:TrackPointExtension>
            <ns3:hr>129</ns3:hr>
            <ns3:cad>86</ns3:cad>
          </ns3:TrackPointExtension>
        </extensions>
      </trkpt>
      <trkpt lat="31.327002346515655517578125" lon="118.3592857606709003448486328125">
        <ele>11.80000019073486328125</ele>
        <time>2026-08-07T15:38:53.000Z</time>
        <extensions>
          <ns3:TrackPointExtension>
            <ns3:hr>129</ns3:hr>
            <ns3:cad>86</ns3:cad>
          </ns3:TrackPointExtension>
        </extensions>
      </trkpt>
      <trkpt lat="31.32699958048760890960693359375" lon="118.35925566963851451873779296875">
        <ele>11.80000019073486328125</ele>
        <time>2026-08-07T15:38:54.000Z</time>
        <extensions>
          <ns3:TrackPointExtension>
            <ns3:hr>129</ns3:hr>
            <ns3:cad>86</ns3:cad>
          </ns3:TrackPointExtension>
        </extensions>
      </trkpt>
      <trkpt lat="31.3270035199820995330810546875" lon="118.35921694524586200714111328125">
        <ele>11.80000019073486328125</ele>
        <time>2026-08-07T15:38:55.000Z</time>
        <extensions>
          <ns3:TrackPointExtension>
            <ns3:hr>129</ns3:hr>
            <ns3:cad>86</ns3:cad>
          </ns3:TrackPointExtension>
        </extensions>
      </trkpt>
      <trkpt lat="31.3269964791834354400634765625" lon="118.35918978787958621978759765625">
        <ele>11.80000019073486328125</ele>
        <time>2026-08-07T15:38:56.000Z</time>
        <extensions>
          <ns3:TrackPointExtension>
            <ns3:hr>129</ns3:hr>
            <ns3:cad>86</ns3:cad>
          </ns3:TrackPointExtension>
        </extensions>
      </trkpt>
      <trkpt lat="31.3269998319447040557861328125" lon="118.35915257222950458526611328125">
        <ele>12</ele>
        <time>2026-08-07T15:38:57.000Z</time>
        <extensions>
          <ns3:TrackPointExtension>
            <ns3:hr>128</ns3:hr>
            <ns3:cad>86</ns3:cad>
          </ns3:TrackPointExtension>
        </extensions>
      </trkpt>
      <trkpt lat="31.32699388079345226287841796875" lon="118.35912373848259449005126953125">
        <ele>12</ele>
        <time>2026-08-07T15:38:58.000Z</time>
        <extensions>
          <ns3:TrackPointExtension>
            <ns3:hr>128</ns3:hr>
            <ns3:cad>87</ns3:cad>
          </ns3:TrackPointExtension>
        </extensions>
      </trkpt>
      <trkpt lat="31.3269964791834354400634765625" lon="118.35908249951899051666259765625">
        <ele>12</ele>
        <time>2026-08-07T15:38:59.000Z</time>
        <extensions>
          <ns3:TrackPointExtension>
            <ns3:hr>128</ns3:hr>
            <ns3:cad>88</ns3:cad>
          </ns3:TrackPointExtension>
        </extensions>
      </trkpt>
      <trkpt lat="31.32699429988861083984375" lon="118.35905014537274837493896484375">
        <ele>12</ele>
        <time>2026-08-07T15:39:00.000Z</time>
        <extensions>
          <ns3:TrackPointExtension>
            <ns3:hr>128</ns3:hr>
            <ns3:cad>88</ns3:cad>
          </ns3:TrackPointExtension>
        </extensions>
      </trkpt>
      <trkpt lat="31.326993294060230255126953125" lon="118.35901393555104732513427734375">
        <ele>12</ele>
        <time>2026-08-07T15:39:01.000Z</time>
        <extensions>
          <ns3:TrackPointExtension>
            <ns3:hr>128</ns3:hr>
            <ns3:cad>88</ns3:cad>
          </ns3:TrackPointExtension>
        </extensions>
      </trkpt>
      <trkpt lat="31.326993294060230255126953125" lon="118.35897856391966342926025390625">
        <ele>12.19999980926513671875</ele>
        <time>2026-08-07T15:39:02.000Z</time>
        <extensions>
          <ns3:TrackPointExtension>
            <ns3:hr>128</ns3:hr>
            <ns3:cad>87</ns3:cad>
          </ns3:TrackPointExtension>
        </extensions>
      </trkpt>
      <trkpt lat="31.32699354551732540130615234375" lon="118.35894721560180187225341796875">
        <ele>12.19999980926513671875</ele>
        <time>2026-08-07T15:39:03.000Z</time>
        <extensions>
          <ns3:TrackPointExtension>
            <ns3:hr>127</ns3:hr>
            <ns3:cad>86</ns3:cad>
          </ns3:TrackPointExtension>
        </extensions>
      </trkpt>
      <trkpt lat="31.32699823938310146331787109375" lon="118.35891352035105228424072265625">
        <ele>12.19999980926513671875</ele>
        <time>2026-08-07T15:39:04.000Z</time>
        <extensions>
          <ns3:TrackPointExtension>
            <ns3:hr>127</ns3:hr>
            <ns3:cad>86</ns3:cad>
          </ns3:TrackPointExtension>
        </extensions>
      </trkpt>
      <trkpt lat="31.3269917853176593780517578125" lon="118.3588872849941253662109375">
        <ele>12.19999980926513671875</ele>
        <time>2026-08-07T15:39:05.000Z</time>
        <extensions>
          <ns3:TrackPointExtension>
            <ns3:hr>127</ns3:hr>
            <ns3:cad>87</ns3:cad>
          </ns3:TrackPointExtension>
        </extensions>
      </trkpt>
      <trkpt lat="31.32699228823184967041015625" lon="118.35884906351566314697265625">
        <ele>12.19999980926513671875</ele>
        <time>2026-08-07T15:39:06.000Z</time>
        <extensions>
          <ns3:TrackPointExtension>
            <ns3:hr>127</ns3:hr>
            <ns3:cad>88</ns3:cad>
          </ns3:TrackPointExtension>
        </extensions>
      </trkpt>
      <trkpt lat="31.32698533125221729278564453125" lon="118.35882266052067279815673828125">
        <ele>12</ele>
        <time>2026-08-07T15:39:07.000Z</time>
        <extensions>
          <ns3:TrackPointExtension>
            <ns3:hr>126</ns3:hr>
            <ns3:cad>88</ns3:cad>
          </ns3:TrackPointExtension>
        </extensions>
      </trkpt>
      <trkpt lat="31.3269830681383609771728515625" lon="118.3587858639657497406005859375">
        <ele>12</ele>
        <time>2026-08-07T15:39:08.000Z</time>
        <extensions>
          <ns3:TrackPointExtension>
            <ns3:hr>126</ns3:hr>
            <ns3:cad>88</ns3:cad>
          </ns3:TrackPointExtension>
        </extensions>
      </trkpt>
      <trkpt lat="31.326973177492618560791015625" lon="118.3587593771517276763916015625">
        <ele>12</ele>
        <time>2026-08-07T15:39:09.000Z</time>
        <extensions>
          <ns3:TrackPointExtension>
            <ns3:hr>126</ns3:hr>
            <ns3:cad>87</ns3:cad>
          </ns3:TrackPointExtension>
        </extensions>
      </trkpt>
      <trkpt lat="31.3269689865410327911376953125" lon="118.35872526280581951141357421875">
        <ele>12</ele>
        <time>2026-08-07T15:39:10.000Z</time>
        <extensions>
          <ns3:TrackPointExtension>
            <ns3:hr>126</ns3:hr>
            <ns3:cad>87</ns3:cad>
          </ns3:TrackPointExtension>
        </extensions>
      </trkpt>
      <trkpt lat="31.3269612751901149749755859375" lon="118.35868301801383495330810546875">
        <ele>12</ele>
        <time>2026-08-07T15:39:11.000Z</time>
        <extensions>
          <ns3:TrackPointExtension>
            <ns3:hr>126</ns3:hr>
            <ns3:cad>87</ns3:cad>
          </ns3:TrackPointExtension>
        </extensions>
      </trkpt>
      <trkpt lat="31.32695733569562435150146484375" lon="118.35863976739346981048583984375">
        <ele>12</ele>
        <time>2026-08-07T15:39:12.000Z</time>
        <extensions>
          <ns3:TrackPointExtension>
            <ns3:hr>126</ns3:hr>
            <ns3:cad>87</ns3:cad>
          </ns3:TrackPointExtension>
        </extensions>
      </trkpt>
      <trkpt lat="31.326951719820499420166015625" lon="118.35859869606792926788330078125">
        <ele>12</ele>
        <time>2026-08-07T15:39:13.000Z</time>
        <extensions>
          <ns3:TrackPointExtension>
            <ns3:hr>126</ns3:hr>
            <ns3:cad>88</ns3:cad>
          </ns3:TrackPointExtension>
        </extensions>
      </trkpt>
      <trkpt lat="31.326959095895290374755859375" lon="118.3585756458342075347900390625">
        <ele>12</ele>
        <time>2026-08-07T15:39:14.000Z</time>
        <extensions>
          <ns3:TrackPointExtension>
            <ns3:hr>126</ns3:hr>
            <ns3:cad>88</ns3:cad>
          </ns3:TrackPointExtension>
        </extensions>
      </trkpt>
      <trkpt lat="31.3269686512649059295654296875" lon="118.3585561998188495635986328125">
        <ele>12</ele>
        <time>2026-08-07T15:39:15.000Z</time>
        <extensions>
          <ns3:TrackPointExtension>
            <ns3:hr>126</ns3:hr>
            <ns3:cad>88</ns3:cad>
          </ns3:TrackPointExtension>
        </extensions>
      </trkpt>
      <trkpt lat="31.3269743509590625762939453125" lon="118.35853264667093753814697265625">
        <ele>12</ele>
        <time>2026-08-07T15:39:16.000Z</time>
        <extensions>
          <ns3:TrackPointExtension>
            <ns3:hr>126</ns3:hr>
            <ns3:cad>88</ns3:cad>
          </ns3:TrackPointExtension>
        </extensions>
      </trkpt>
      <trkpt lat="31.32697485387325286865234375" lon="118.3585095964372158050537109375">
        <ele>12</ele>
        <time>2026-08-07T15:39:17.000Z</time>
        <extensions>
          <ns3:TrackPointExtension>
            <ns3:hr>126</ns3:hr>
            <ns3:cad>86</ns3:cad>
          </ns3:TrackPointExtension>
        </extensions>
      </trkpt>
      <trkpt lat="31.326975189149379730224609375" lon="118.35848486982285976409912109375">
        <ele>12</ele>
        <time>2026-08-07T15:39:18.000Z</time>
        <extensions>
          <ns3:TrackPointExtension>
            <ns3:hr>126</ns3:hr>
            <ns3:cad>86</ns3:cad>
          </ns3:TrackPointExtension>
        </extensions>
      </trkpt>
      <trkpt lat="31.32696990855038166046142578125" lon="118.358456455171108245849609375">
        <ele>12</ele>
        <time>2026-08-07T15:39:19.000Z</time>
        <extensions>
          <ns3:TrackPointExtension>
            <ns3:hr>126</ns3:hr>
            <ns3:cad>86</ns3:cad>
          </ns3:TrackPointExtension>
        </extensions>
      </trkpt>
      <trkpt lat="31.32696823216974735260009765625" lon="118.3584254421293735504150390625">
        <ele>12</ele>
        <time>2026-08-07T15:39:20.000Z</time>
        <extensions>
          <ns3:TrackPointExtension>
            <ns3:hr>126</ns3:hr>
            <ns3:cad>86</ns3:cad>
          </ns3:TrackPointExtension>
        </extensions>
      </trkpt>
      <trkpt lat="31.326964460313320159912109375" lon="118.3583956025540828704833984375">
        <ele>12</ele>
        <time>2026-08-07T15:39:21.000Z</time>
        <extensions>
          <ns3:TrackPointExtension>
            <ns3:hr>126</ns3:hr>
            <ns3:cad>87</ns3:cad>
          </ns3:TrackPointExtension>
        </extensions>
      </trkpt>
      <trkpt lat="31.32696588523685932159423828125" lon="118.35835796780884265899658203125">
        <ele>12</ele>
        <time>2026-08-07T15:39:22.000Z</time>
        <extensions>
          <ns3:TrackPointExtension>
            <ns3:hr>125</ns3:hr>
            <ns3:cad>87</ns3:cad>
          </ns3:TrackPointExtension>
        </extensions>
      </trkpt>
      <trkpt lat="31.326961778104305267333984375" lon="118.35832963697612285614013671875">
        <ele>12</ele>
        <time>2026-08-07T15:39:23.000Z</time>
        <extensions>
          <ns3:TrackPointExtension>
            <ns3:hr>126</ns3:hr>
            <ns3:cad>87</ns3:cad>
          </ns3:TrackPointExtension>
        </extensions>
      </trkpt>
      <trkpt lat="31.3269602693617343902587890625" lon="118.35829460062086582183837890625">
        <ele>12</ele>
        <time>2026-08-07T15:39:24.000Z</time>
        <extensions>
          <ns3:TrackPointExtension>
            <ns3:hr>125</ns3:hr>
            <ns3:cad>86</ns3:cad>
          </ns3:TrackPointExtension>
        </extensions>
      </trkpt>
      <trkpt lat="31.32696387358009815216064453125" lon="118.35826098918914794921875">
        <ele>12</ele>
        <time>2026-08-07T15:39:25.000Z</time>
        <extensions>
          <ns3:TrackPointExtension>
            <ns3:hr>125</ns3:hr>
            <ns3:cad>86</ns3:cad>
          </ns3:TrackPointExtension>
        </extensions>
      </trkpt>
      <trkpt lat="31.32696588523685932159423828125" lon="118.35821832530200481414794921875">
        <ele>12</ele>
        <time>2026-08-07T15:39:26.000Z</time>
        <extensions>
          <ns3:TrackPointExtension>
            <ns3:hr>125</ns3:hr>
            <ns3:cad>86</ns3:cad>
          </ns3:TrackPointExtension>
        </extensions>
      </trkpt>
      <trkpt lat="31.326984576880931854248046875" lon="118.35819150321185588836669921875">
        <ele>11.80000019073486328125</ele>
        <time>2026-08-07T15:39:27.000Z</time>
        <extensions>
          <ns3:TrackPointExtension>
            <ns3:hr>125</ns3:hr>
            <ns3:cad>86</ns3:cad>
          </ns3:TrackPointExtension>
        </extensions>
      </trkpt>
      <trkpt lat="31.32698399014770984649658203125" lon="118.358160071074962615966796875">
        <ele>11.80000019073486328125</ele>
        <time>2026-08-07T15:39:28.000Z</time>
        <extensions>
          <ns3:TrackPointExtension>
            <ns3:hr>125</ns3:hr>
            <ns3:cad>86</ns3:cad>
          </ns3:TrackPointExtension>
        </extensions>
      </trkpt>
      <trkpt lat="31.3269840739667415618896484375" lon="118.35813903249800205230712890625">
        <ele>11.6000003814697265625</ele>
        <time>2026-08-07T15:39:29.000Z</time>
        <extensions>
          <ns3:TrackPointExtension>
            <ns3:hr>125</ns3:hr>
            <ns3:cad>87</ns3:cad>
          </ns3:TrackPointExtension>
        </extensions>
      </trkpt>
      <trkpt lat="31.32699186913669109344482421875" lon="118.35810952819883823394775390625">
        <ele>11.6000003814697265625</ele>
        <time>2026-08-07T15:39:30.000Z</time>
        <extensions>
          <ns3:TrackPointExtension>
            <ns3:hr>125</ns3:hr>
            <ns3:cad>87</ns3:cad>
          </ns3:TrackPointExtension>
        </extensions>
      </trkpt>
      <trkpt lat="31.32699723355472087860107421875" lon="118.35808589123189449310302734375">
        <ele>11.6000003814697265625</ele>
        <time>2026-08-07T15:39:31.000Z</time>
        <extensions>
          <ns3:TrackPointExtension>
            <ns3:hr>124</ns3:hr>
            <ns3:cad>83</ns3:cad>
          </ns3:TrackPointExtension>
        </extensions>
      </trkpt>
      <trkpt lat="31.32701433263719081878662109375" lon="118.35806275717914104461669921875">
        <ele>11.3999996185302734375</ele>
        <time>2026-08-07T15:39:32.000Z</time>
        <extensions>
          <ns3:TrackPointExtension>
            <ns3:hr>124</ns3:hr>
            <ns3:cad>83</ns3:cad>
          </ns3:TrackPointExtension>
        </extensions>
      </trkpt>
      <trkpt lat="31.32703277282416820526123046875" lon="118.35804465226829051971435546875">
        <ele>11.6000003814697265625</ele>
        <time>2026-08-07T15:39:33.000Z</time>
        <extensions>
          <ns3:TrackPointExtension>
            <ns3:hr>124</ns3:hr>
            <ns3:cad>83</ns3:cad>
          </ns3:TrackPointExtension>
        </extensions>
      </trkpt>
      <trkpt lat="31.32704568095505237579345703125" lon="118.358027637004852294921875">
        <ele>11.6000003814697265625</ele>
        <time>2026-08-07T15:39:34.000Z</time>
        <extensions>
          <ns3:TrackPointExtension>
            <ns3:hr>124</ns3:hr>
            <ns3:cad>83</ns3:cad>
          </ns3:TrackPointExtension>
        </extensions>
      </trkpt>
      <trkpt lat="31.3270642049610614776611328125" lon="118.35799612104892730712890625">
        <ele>11.3999996185302734375</ele>
        <time>2026-08-07T15:39:35.000Z</time>
        <extensions>
          <ns3:TrackPointExtension>
            <ns3:hr>124</ns3:hr>
            <ns3:cad>82</ns3:cad>
          </ns3:TrackPointExtension>
        </extensions>
      </trkpt>
      <trkpt lat="31.32707736454904079437255859375" lon="118.357968963682651519775390625">
        <ele>11.6000003814697265625</ele>
        <time>2026-08-07T15:39:36.000Z</time>
        <extensions>
          <ns3:TrackPointExtension>
            <ns3:hr>125</ns3:hr>
            <ns3:cad>82</ns3:cad>
          </ns3:TrackPointExtension>
        </extensions>
      </trkpt>
      <trkpt lat="31.3270806334912776947021484375" lon="118.3579265512526035308837890625">
        <ele>11.6000003814697265625</ele>
        <time>2026-08-07T15:39:37.000Z</time>
        <extensions>
          <ns3:TrackPointExtension>
            <ns3:hr>126</ns3:hr>
            <ns3:cad>83</ns3:cad>
          </ns3:TrackPointExtension>
        </extensions>
      </trkpt>
      <trkpt lat="31.327082812786102294921875" lon="118.3578948676586151123046875">
        <ele>11.6000003814697265625</ele>
        <time>2026-08-07T15:39:38.000Z</time>
        <extensions>
          <ns3:TrackPointExtension>
            <ns3:hr>127</ns3:hr>
            <ns3:cad>83</ns3:cad>
          </ns3:TrackPointExtension>
        </extensions>
      </trkpt>
      <trkpt lat="31.3270833157002925872802734375" lon="118.35786259733140468597412109375">
        <ele>11.6000003814697265625</ele>
        <time>2026-08-07T15:39:39.000Z</time>
        <extensions>
          <ns3:TrackPointExtension>
            <ns3:hr>127</ns3:hr>
            <ns3:cad>84</ns3:cad>
          </ns3:TrackPointExtension>
        </extensions>
      </trkpt>
      <trkpt lat="31.32708658464252948760986328125" lon="118.357830159366130828857421875">
        <ele>11.6000003814697265625</ele>
        <time>2026-08-07T15:39:40.000Z</time>
        <extensions>
          <ns3:TrackPointExtension>
            <ns3:hr>127</ns3:hr>
            <ns3:cad>84</ns3:cad>
          </ns3:TrackPointExtension>
        </extensions>
      </trkpt>
      <trkpt lat="31.32708708755671977996826171875" lon="118.35780207999050617218017578125">
        <ele>11.6000003814697265625</ele>
        <time>2026-08-07T15:39:41.000Z</time>
        <extensions>
          <ns3:TrackPointExtension>
            <ns3:hr>127</ns3:hr>
            <ns3:cad>84</ns3:cad>
          </ns3:TrackPointExtension>
        </extensions>
      </trkpt>
      <trkpt lat="31.32710519246757030487060546875" lon="118.3577693067491054534912109375">
        <ele>11.6000003814697265625</ele>
        <time>2026-08-07T15:39:42.000Z</time>
        <extensions>
          <ns3:TrackPointExtension>
            <ns3:hr>127</ns3:hr>
            <ns3:cad>85</ns3:cad>
          </ns3:TrackPointExtension>
        </extensions>
      </trkpt>
      <trkpt lat="31.32711005397140979766845703125" lon="118.35774558596312999725341796875">
        <ele>11.6000003814697265625</ele>
        <time>2026-08-07T15:39:43.000Z</time>
        <extensions>
          <ns3:TrackPointExtension>
            <ns3:hr>127</ns3:hr>
            <ns3:cad>87</ns3:cad>
          </ns3:TrackPointExtension>
        </extensions>
      </trkpt>
      <trkpt lat="31.32711323909461498260498046875" lon="118.35771909914910793304443359375">
        <ele>11.6000003814697265625</ele>
        <time>2026-08-07T15:39:44.000Z</time>
        <extensions>
          <ns3:TrackPointExtension>
            <ns3:hr>127</ns3:hr>
            <ns3:cad>87</ns3:cad>
          </ns3:TrackPointExtension>
        </extensions>
      </trkpt>
      <trkpt lat="31.3271238841116428375244140625" lon="118.35769428871572017669677734375">
        <ele>11.6000003814697265625</ele>
        <time>2026-08-07T15:39:45.000Z</time>
        <extensions>
          <ns3:TrackPointExtension>
            <ns3:hr>128</ns3:hr>
            <ns3:cad>87</ns3:cad>
          </ns3:TrackPointExtension>
        </extensions>
      </trkpt>
      <trkpt lat="31.32705842144787311553955078125" lon="118.35742774419486522674560546875">
        <ele>7</ele>
        <time>2026-08-07T15:42:28.000Z</time>
        <extensions>
          <ns3:TrackPointExtension>
            <ns3:hr>128</ns3:hr>
            <ns3:cad>0</ns3:cad>
          </ns3:TrackPointExtension>
        </extensions>
      </trkpt>
      <trkpt lat="31.327070407569408416748046875" lon="118.3574093878269195556640625">
        <ele>7.19999980926513671875</ele>
        <time>2026-08-07T15:42:29.000Z</time>
        <extensions>
          <ns3:TrackPointExtension>
            <ns3:hr>128</ns3:hr>
            <ns3:cad>0</ns3:cad>
          </ns3:TrackPointExtension>
        </extensions>
      </trkpt>
      <trkpt lat="31.32708214223384857177734375" lon="118.35738600231707096099853515625">
        <ele>7</ele>
        <time>2026-08-07T15:42:30.000Z</time>
        <extensions>
          <ns3:TrackPointExtension>
            <ns3:hr>127</ns3:hr>
            <ns3:cad>0</ns3:cad>
          </ns3:TrackPointExtension>
        </extensions>
      </trkpt>
      <trkpt lat="31.32710049860179424285888671875" lon="118.3573555760085582733154296875">
        <ele>7</ele>
        <time>2026-08-07T15:42:31.000Z</time>
        <extensions>
          <ns3:TrackPointExtension>
            <ns3:hr>127</ns3:hr>
            <ns3:cad>0</ns3:cad>
          </ns3:TrackPointExtension>
        </extensions>
      </trkpt>
      <trkpt lat="31.32711424492299556732177734375" lon="118.35732548497617244720458984375">
        <ele>6.80000019073486328125</ele>
        <time>2026-08-07T15:42:32.000Z</time>
        <extensions>
          <ns3:TrackPointExtension>
            <ns3:hr>126</ns3:hr>
            <ns3:cad>0</ns3:cad>
          </ns3:TrackPointExtension>
        </extensions>
      </trkpt>
      <trkpt lat="31.32713285274803638458251953125" lon="118.35729145444929599761962890625">
        <ele>6.80000019073486328125</ele>
        <time>2026-08-07T15:42:33.000Z</time>
        <extensions>
          <ns3:TrackPointExtension>
            <ns3:hr>127</ns3:hr>
            <ns3:cad>0</ns3:cad>
          </ns3:TrackPointExtension>
        </extensions>
      </trkpt>
      <trkpt lat="31.32714643143117427825927734375" lon="118.3572583459317684173583984375">
        <ele>6.599999904632568359375</ele>
        <time>2026-08-07T15:42:34.000Z</time>
        <extensions>
          <ns3:TrackPointExtension>
            <ns3:hr>127</ns3:hr>
            <ns3:cad>88</ns3:cad>
          </ns3:TrackPointExtension>
        </extensions>
      </trkpt>
      <trkpt lat="31.3271631114184856414794921875" lon="118.35722590796649456024169921875">
        <ele>6.599999904632568359375</ele>
        <time>2026-08-07T15:42:35.000Z</time>
        <extensions>
          <ns3:TrackPointExtension>
            <ns3:hr>129</ns3:hr>
            <ns3:cad>88</ns3:cad>
          </ns3:TrackPointExtension>
        </extensions>
      </trkpt>
      <trkpt lat="31.327175013720989227294921875" lon="118.357195816934108734130859375">
        <ele>6.80000019073486328125</ele>
        <time>2026-08-07T15:42:36.000Z</time>
        <extensions>
          <ns3:TrackPointExtension>
            <ns3:hr>131</ns3:hr>
            <ns3:cad>89</ns3:cad>
          </ns3:TrackPointExtension>
        </extensions>
      </trkpt>
      <trkpt lat="31.327193789184093475341796875" lon="118.35715793073177337646484375">
        <ele>6.80000019073486328125</ele>
        <time>2026-08-07T15:42:37.000Z</time>
        <extensions>
          <ns3:TrackPointExtension>
            <ns3:hr>133</ns3:hr>
            <ns3:cad>89</ns3:cad>
          </ns3:TrackPointExtension>
        </extensions>
      </trkpt>
      <trkpt lat="31.32720275782048702239990234375" lon="118.3571269176900386810302734375">
        <ele>7</ele>
        <time>2026-08-07T15:42:38.000Z</time>
        <extensions>
          <ns3:TrackPointExtension>
            <ns3:hr>133</ns3:hr>
            <ns3:cad>89</ns3:cad>
          </ns3:TrackPointExtension>
        </extensions>
      </trkpt>
      <trkpt lat="31.3272204436361789703369140625" lon="118.35709230042994022369384765625">
        <ele>7</ele>
        <time>2026-08-07T15:42:39.000Z</time>
        <extensions>
          <ns3:TrackPointExtension>
            <ns3:hr>134</ns3:hr>
            <ns3:cad>89</ns3:cad>
          </ns3:TrackPointExtension>
        </extensions>
      </trkpt>
      <trkpt lat="31.32723259739577770233154296875" lon="118.35706363432109355926513671875">
        <ele>7</ele>
        <time>2026-08-07T15:42:40.000Z</time>
        <extensions>
          <ns3:TrackPointExtension>
            <ns3:hr>134</ns3:hr>
            <ns3:cad>89</ns3:cad>
          </ns3:TrackPointExtension>
        </extensions>
      </trkpt>
      <trkpt lat="31.327251456677913665771484375" lon="118.35702859796583652496337890625">
        <ele>7</ele>
        <time>2026-08-07T15:42:41.000Z</time>
        <extensions>
          <ns3:TrackPointExtension>
            <ns3:hr>133</ns3:hr>
            <ns3:cad>88</ns3:cad>
          </ns3:TrackPointExtension>
        </extensions>
      </trkpt>
      <trkpt lat="31.3272663764655590057373046875" lon="118.35700026713311672210693359375">
        <ele>7</ele>
        <time>2026-08-07T15:42:42.000Z</time>
        <extensions>
          <ns3:TrackPointExtension>
            <ns3:hr>133</ns3:hr>
            <ns3:cad>88</ns3:cad>
          </ns3:TrackPointExtension>
        </extensions>
      </trkpt>
      <trkpt lat="31.32728724740445613861083984375" lon="118.35696791298687458038330078125">
        <ele>7.19999980926513671875</ele>
        <time>2026-08-07T15:42:43.000Z</time>
        <extensions>
          <ns3:TrackPointExtension>
            <ns3:hr>133</ns3:hr>
            <ns3:cad>89</ns3:cad>
          </ns3:TrackPointExtension>
        </extensions>
      </trkpt>
      <trkpt lat="31.32730635814368724822998046875" lon="118.356938660144805908203125">
        <ele>7.19999980926513671875</ele>
        <time>2026-08-07T15:42:44.000Z</time>
        <extensions>
          <ns3:TrackPointExtension>
            <ns3:hr>134</ns3:hr>
            <ns3:cad>89</ns3:cad>
          </ns3:TrackPointExtension>
        </extensions>
      </trkpt>
      <trkpt lat="31.327333264052867889404296875" lon="118.356914184987545013427734375">
        <ele>7.19999980926513671875</ele>
        <time>2026-08-07T15:42:45.000Z</time>
        <extensions>
          <ns3:TrackPointExtension>
            <ns3:hr>135</ns3:hr>
            <ns3:cad>89</ns3:cad>
          </ns3:TrackPointExtension>
        </extensions>
      </trkpt>
      <trkpt lat="31.327362768352031707763671875" lon="118.3569024503231048583984375">
        <ele>7.400000095367431640625</ele>
        <time>2026-08-07T15:42:46.000Z</time>
        <extensions>
          <ns3:TrackPointExtension>
            <ns3:hr>136</ns3:hr>
            <ns3:cad>90</ns3:cad>
          </ns3:TrackPointExtension>
        </extensions>
      </trkpt>
      <trkpt lat="31.3273914344608783721923828125" lon="118.3568890392780303955078125">
        <ele>7.400000095367431640625</ele>
        <time>2026-08-07T15:42:47.000Z</time>
        <extensions>
          <ns3:TrackPointExtension>
            <ns3:hr>136</ns3:hr>
            <ns3:cad>90</ns3:cad>
          </ns3:TrackPointExtension>
        </extensions>
      </trkpt>
      <trkpt lat="31.32741649635136127471923828125" lon="118.3568687550723552703857421875">
        <ele>7.400000095367431640625</ele>
        <time>2026-08-07T15:42:48.000Z</time>
        <extensions>
          <ns3:TrackPointExtension>
            <ns3:hr>137</ns3:hr>
            <ns3:cad>89</ns3:cad>
          </ns3:TrackPointExtension>
        </extensions>
      </trkpt>
      <trkpt lat="31.3274407200515270233154296875" lon="118.356842100620269775390625">
        <ele>7.599999904632568359375</ele>
        <time>2026-08-07T15:42:49.000Z</time>
        <extensions>
          <ns3:TrackPointExtension>
            <ns3:hr>138</ns3:hr>
            <ns3:cad>89</ns3:cad>
          </ns3:TrackPointExtension>
        </extensions>
      </trkpt>
      <trkpt lat="31.32746293209493160247802734375" lon="118.356814943253993988037109375">
        <ele>7.599999904632568359375</ele>
        <time>2026-08-07T15:42:50.000Z</time>
        <extensions>
          <ns3:TrackPointExtension>
            <ns3:hr>138</ns3:hr>
            <ns3:cad>89</ns3:cad>
          </ns3:TrackPointExtension>
        </extensions>
      </trkpt>
      <trkpt lat="31.3274849765002727508544921875" lon="118.35678887553513050079345703125">
        <ele>7.599999904632568359375</ele>
        <time>2026-08-07T15:42:51.000Z</time>
        <extensions>
          <ns3:TrackPointExtension>
            <ns3:hr>139</ns3:hr>
            <ns3:cad>89</ns3:cad>
          </ns3:TrackPointExtension>
        </extensions>
      </trkpt>
      <trkpt lat="31.32751020602881908416748046875" lon="118.356766998767852783203125">
        <ele>7.599999904632568359375</ele>
        <time>2026-08-07T15:42:52.000Z</time>
        <extensions>
          <ns3:TrackPointExtension>
            <ns3:hr>140</ns3:hr>
            <ns3:cad>89</ns3:cad>
          </ns3:TrackPointExtension>
        </extensions>
      </trkpt>
      <trkpt lat="31.3275332562625408172607421875" lon="118.35674411617219448089599609375">
        <ele>7.599999904632568359375</ele>
        <time>2026-08-07T15:42:53.000Z</time>
        <extensions>
          <ns3:TrackPointExtension>
            <ns3:hr>141</ns3:hr>
            <ns3:cad>89</ns3:cad>
          </ns3:TrackPointExtension>
        </extensions>
      </trkpt>
      <trkpt lat="31.32756100036203861236572265625" lon="118.3567242510616779327392578125">
        <ele>7.599999904632568359375</ele>
        <time>2026-08-07T15:42:54.000Z</time>
        <extensions>
          <ns3:TrackPointExtension>
            <ns3:hr>142</ns3:hr>
            <ns3:cad>89</ns3:cad>
          </ns3:TrackPointExtension>
        </extensions>
      </trkpt>
      <trkpt lat="31.3275884091854095458984375" lon="118.3567061461508274078369140625">
        <ele>7.599999904632568359375</ele>
        <time>2026-08-07T15:42:55.000Z</time>
        <extensions>
          <ns3:TrackPointExtension>
            <ns3:hr>143</ns3:hr>
            <ns3:cad>89</ns3:cad>
          </ns3:TrackPointExtension>
        </extensions>
      </trkpt>
      <trkpt lat="31.32761615328490734100341796875" lon="118.35668452084064483642578125">
        <ele>7.599999904632568359375</ele>
        <time>2026-08-07T15:42:56.000Z</time>
        <extensions>
          <ns3:TrackPointExtension>
            <ns3:hr>144</ns3:hr>
            <ns3:cad>89</ns3:cad>
          </ns3:TrackPointExtension>
        </extensions>
      </trkpt>
      <trkpt lat="31.32764481939375400543212890625" lon="118.35666046477854251861572265625">
        <ele>7.599999904632568359375</ele>
        <time>2026-08-07T15:42:57.000Z</time>
        <extensions>
          <ns3:TrackPointExtension>
            <ns3:hr>145</ns3:hr>
            <ns3:cad>89</ns3:cad>
          </ns3:TrackPointExtension>
        </extensions>
      </trkpt>
      <trkpt lat="31.3276688754558563232421875" lon="118.356634564697742462158203125">
        <ele>7.599999904632568359375</ele>
        <time>2026-08-07T15:42:58.000Z</time>
        <extensions>
          <ns3:TrackPointExtension>
            <ns3:hr>146</ns3:hr>
            <ns3:cad>90</ns3:cad>
          </ns3:TrackPointExtension>
        </extensions>
      </trkpt>
      <trkpt lat="31.3276928476989269256591796875" lon="118.35660665296018123626708984375">
        <ele>7.599999904632568359375</ele>
        <time>2026-08-07T15:42:59.000Z</time>
        <extensions>
          <ns3:TrackPointExtension>
            <ns3:hr>146</ns3:hr>
            <ns3:cad>90</ns3:cad>
          </ns3:TrackPointExtension>
        </extensions>
      </trkpt>
      <trkpt lat="31.3277171552181243896484375" lon="118.35658268071711063385009765625">
        <ele>7.599999904632568359375</ele>
        <time>2026-08-07T15:43:00.000Z</time>
        <extensions>
          <ns3:TrackPointExtension>
            <ns3:hr>147</ns3:hr>
            <ns3:cad>90</ns3:cad>
          </ns3:TrackPointExtension>
        </extensions>
      </trkpt>
      <trkpt lat="31.3277397863566875457763671875" lon="118.3565562777221202850341796875">
        <ele>7.80000019073486328125</ele>
        <time>2026-08-07T15:43:01.000Z</time>
        <extensions>
          <ns3:TrackPointExtension>
            <ns3:hr>148</ns3:hr>
            <ns3:cad>90</ns3:cad>
          </ns3:TrackPointExtension>
        </extensions>
      </trkpt>
      <trkpt lat="31.32776317186653614044189453125" lon="118.35653691552579402923583984375">
        <ele>7.80000019073486328125</ele>
        <time>2026-08-07T15:43:02.000Z</time>
        <extensions>
          <ns3:TrackPointExtension>
            <ns3:hr>149</ns3:hr>
            <ns3:cad>90</ns3:cad>
          </ns3:TrackPointExtension>
        </extensions>
      </trkpt>
      <trkpt lat="31.32778680883347988128662109375" lon="118.35651176981627941131591796875">
        <ele>7.80000019073486328125</ele>
        <time>2026-08-07T15:43:03.000Z</time>
        <extensions>
          <ns3:TrackPointExtension>
            <ns3:hr>150</ns3:hr>
            <ns3:cad>89</ns3:cad>
          </ns3:TrackPointExtension>
        </extensions>
      </trkpt>
      <trkpt lat="31.3278132118284702301025390625" lon="118.3564895577728748321533203125">
        <ele>7.80000019073486328125</ele>
        <time>2026-08-07T15:43:04.000Z</time>
        <extensions>
          <ns3:TrackPointExtension>
            <ns3:hr>151</ns3:hr>
            <ns3:cad>89</ns3:cad>
          </ns3:TrackPointExtension>
        </extensions>
      </trkpt>
      <trkpt lat="31.3278383575379848480224609375" lon="118.35646835155785083770751953125">
        <ele>7.80000019073486328125</ele>
        <time>2026-08-07T15:43:05.000Z</time>
        <extensions>
          <ns3:TrackPointExtension>
            <ns3:hr>152</ns3:hr>
            <ns3:cad>89</ns3:cad>
          </ns3:TrackPointExtension>
        </extensions>
      </trkpt>
      <trkpt lat="31.32786911912262439727783203125" lon="118.3564513362944126129150390625">
        <ele>7.80000019073486328125</ele>
        <time>2026-08-07T15:43:06.000Z</time>
        <extensions>
          <ns3:TrackPointExtension>
            <ns3:hr>152</ns3:hr>
            <ns3:cad>89</ns3:cad>
          </ns3:TrackPointExtension>
        </extensions>
      </trkpt>
      <trkpt lat="31.32789460010826587677001953125" lon="118.3564315550029277801513671875">
        <ele>7.80000019073486328125</ele>
        <time>2026-08-07T15:43:07.000Z</time>
        <extensions>
          <ns3:TrackPointExtension>
            <ns3:hr>153</ns3:hr>
            <ns3:cad>89</ns3:cad>
          </ns3:TrackPointExtension>
        </extensions>
      </trkpt>
      <trkpt lat="31.32792435586452484130859375" lon="118.35641487501561641693115234375">
        <ele>7.80000019073486328125</ele>
        <time>2026-08-07T15:43:08.000Z</time>
        <extensions>
          <ns3:TrackPointExtension>
            <ns3:hr>154</ns3:hr>
            <ns3:cad>89</ns3:cad>
          </ns3:TrackPointExtension>
        </extensions>
      </trkpt>
      <trkpt lat="31.3279478251934051513671875" lon="118.35639693774282932281494140625">
        <ele>7.599999904632568359375</ele>
        <time>2026-08-07T15:43:09.000Z</time>
        <extensions>
          <ns3:TrackPointExtension>
            <ns3:hr>154</ns3:hr>
            <ns3:cad>89</ns3:cad>
          </ns3:TrackPointExtension>
        </extensions>
      </trkpt>
      <trkpt lat="31.32798059843480587005615234375" lon="118.35638654418289661407470703125">
        <ele>7.599999904632568359375</ele>
        <time>2026-08-07T15:43:10.000Z</time>
        <extensions>
          <ns3:TrackPointExtension>
            <ns3:hr>155</ns3:hr>
            <ns3:cad>89</ns3:cad>
          </ns3:TrackPointExtension>
        </extensions>
      </trkpt>
      <trkpt lat="31.32800742052495479583740234375" lon="118.3563722111284732818603515625">
        <ele>7.400000095367431640625</ele>
        <time>2026-08-07T15:43:11.000Z</time>
        <extensions>
          <ns3:TrackPointExtension>
            <ns3:hr>155</ns3:hr>
            <ns3:cad>88</ns3:cad>
          </ns3:TrackPointExtension>
        </extensions>
      </trkpt>
      <trkpt lat="31.32803793065249919891357421875" lon="118.3563584648072719573974609375">
        <ele>7.400000095367431640625</ele>
        <time>2026-08-07T15:43:12.000Z</time>
        <extensions>
          <ns3:TrackPointExtension>
            <ns3:hr>156</ns3:hr>
            <ns3:cad>88</ns3:cad>
          </ns3:TrackPointExtension>
        </extensions>
      </trkpt>
      <trkpt lat="31.32806307636201381683349609375" lon="118.3563370071351528167724609375">
        <ele>7.599999904632568359375</ele>
        <time>2026-08-07T15:43:13.000Z</time>
        <extensions>
          <ns3:TrackPointExtension>
            <ns3:hr>156</ns3:hr>
            <ns3:cad>89</ns3:cad>
          </ns3:TrackPointExtension>
        </extensions>
      </trkpt>
      <trkpt lat="31.328094340860843658447265625" lon="118.356322757899761199951171875">
        <ele>7.599999904632568359375</ele>
        <time>2026-08-07T15:43:14.000Z</time>
        <extensions>
          <ns3:TrackPointExtension>
            <ns3:hr>157</ns3:hr>
            <ns3:cad>89</ns3:cad>
          </ns3:TrackPointExtension>
        </extensions>
      </trkpt>
      <trkpt lat="31.32811839692294597625732421875" lon="118.356300629675388336181640625">
        <ele>7.599999904632568359375</ele>
        <time>2026-08-07T15:43:15.000Z</time>
        <extensions>
          <ns3:TrackPointExtension>
            <ns3:hr>157</ns3:hr>
            <ns3:cad>89</ns3:cad>
          </ns3:TrackPointExtension>
        </extensions>
      </trkpt>
      <trkpt lat="31.3281484879553318023681640625" lon="118.35628612898290157318115234375">
        <ele>7.80000019073486328125</ele>
        <time>2026-08-07T15:43:16.000Z</time>
        <extensions>
          <ns3:TrackPointExtension>
            <ns3:hr>157</ns3:hr>
            <ns3:cad>89</ns3:cad>
          </ns3:TrackPointExtension>
        </extensions>
      </trkpt>
      <trkpt lat="31.3281677663326263427734375" lon="118.35626852698624134063720703125">
        <ele>7.80000019073486328125</ele>
        <time>2026-08-07T15:43:17.000Z</time>
        <extensions>
          <ns3:TrackPointExtension>
            <ns3:hr>157</ns3:hr>
            <ns3:cad>90</ns3:cad>
          </ns3:TrackPointExtension>
        </extensions>
      </trkpt>
      <trkpt lat="31.32819450460374355316162109375" lon="118.35625142790377140045166015625">
        <ele>8</ele>
        <time>2026-08-07T15:43:18.000Z</time>
        <extensions>
          <ns3:TrackPointExtension>
            <ns3:hr>157</ns3:hr>
            <ns3:cad>90</ns3:cad>
          </ns3:TrackPointExtension>
        </extensions>
      </trkpt>
      <trkpt lat="31.32821537554264068603515625" lon="118.3562320657074451446533203125">
        <ele>8</ele>
        <time>2026-08-07T15:43:19.000Z</time>
        <extensions>
          <ns3:TrackPointExtension>
            <ns3:hr>158</ns3:hr>
            <ns3:cad>89</ns3:cad>
          </ns3:TrackPointExtension>
        </extensions>
      </trkpt>
      <trkpt lat="31.328241862356662750244140625" lon="118.3562153019011020660400390625">
        <ele>8</ele>
        <time>2026-08-07T15:43:20.000Z</time>
        <extensions>
          <ns3:TrackPointExtension>
            <ns3:hr>157</ns3:hr>
            <ns3:cad>89</ns3:cad>
          </ns3:TrackPointExtension>
        </extensions>
      </trkpt>
      <trkpt lat="31.32826206274330615997314453125" lon="118.35619459860026836395263671875">
        <ele>8</ele>
        <time>2026-08-07T15:43:21.000Z</time>
        <extensions>
          <ns3:TrackPointExtension>
            <ns3:hr>157</ns3:hr>
            <ns3:cad>89</ns3:cad>
          </ns3:TrackPointExtension>
        </extensions>
      </trkpt>
      <trkpt lat="31.3282893039286136627197265625" lon="118.35618001408874988555908203125">
        <ele>8</ele>
        <time>2026-08-07T15:43:22.000Z</time>
        <extensions>
          <ns3:TrackPointExtension>
            <ns3:hr>157</ns3:hr>
            <ns3:cad>89</ns3:cad>
          </ns3:TrackPointExtension>
        </extensions>
      </trkpt>
      <trkpt lat="31.32831185124814510345458984375" lon="118.356159143149852752685546875">
        <ele>8</ele>
        <time>2026-08-07T15:43:23.000Z</time>
        <extensions>
          <ns3:TrackPointExtension>
            <ns3:hr>157</ns3:hr>
            <ns3:cad>89</ns3:cad>
          </ns3:TrackPointExtension>
        </extensions>
      </trkpt>
      <trkpt lat="31.3283372484147548675537109375" lon="118.35614313371479511260986328125">
        <ele>7.80000019073486328125</ele>
        <time>2026-08-07T15:43:24.000Z</time>
        <extensions>
          <ns3:TrackPointExtension>
            <ns3:hr>158</ns3:hr>
            <ns3:cad>90</ns3:cad>
          </ns3:TrackPointExtension>
        </extensions>
      </trkpt>
      <trkpt lat="31.3283520005643367767333984375" lon="118.356116227805614471435546875">
        <ele>8</ele>
        <time>2026-08-07T15:43:25.000Z</time>
        <extensions>
          <ns3:TrackPointExtension>
            <ns3:hr>158</ns3:hr>
            <ns3:cad>90</ns3:cad>
          </ns3:TrackPointExtension>
        </extensions>
      </trkpt>
      <trkpt lat="31.32837018929421901702880859375" lon="118.35608177818357944488525390625">
        <ele>8</ele>
        <time>2026-08-07T15:43:26.000Z</time>
        <extensions>
          <ns3:TrackPointExtension>
            <ns3:hr>158</ns3:hr>
            <ns3:cad>89</ns3:cad>
          </ns3:TrackPointExtension>
        </extensions>
      </trkpt>
      <trkpt lat="31.328373290598392486572265625" lon="118.35605260916054248809814453125">
        <ele>8</ele>
        <time>2026-08-07T15:43:27.000Z</time>
        <extensions>
          <ns3:TrackPointExtension>
            <ns3:hr>158</ns3:hr>
            <ns3:cad>88</ns3:cad>
          </ns3:TrackPointExtension>
        </extensions>
      </trkpt>
      <trkpt lat="31.3283850252628326416015625" lon="118.35601086728274822235107421875">
        <ele>8.19999980926513671875</ele>
        <time>2026-08-07T15:43:28.000Z</time>
        <extensions>
          <ns3:TrackPointExtension>
            <ns3:hr>158</ns3:hr>
            <ns3:cad>89</ns3:cad>
          </ns3:TrackPointExtension>
        </extensions>
      </trkpt>
      <trkpt lat="31.32838812656700611114501953125" lon="118.35597909986972808837890625">
        <ele>8.19999980926513671875</ele>
        <time>2026-08-07T15:43:29.000Z</time>
        <extensions>
          <ns3:TrackPointExtension>
            <ns3:hr>158</ns3:hr>
            <ns3:cad>89</ns3:cad>
          </ns3:TrackPointExtension>
        </extensions>
      </trkpt>
      <trkpt lat="31.32841050624847412109375" lon="118.35594515316188335418701171875">
        <ele>8.19999980926513671875</ele>
        <time>2026-08-07T15:43:30.000Z</time>
        <extensions>
          <ns3:TrackPointExtension>
            <ns3:hr>159</ns3:hr>
            <ns3:cad>89</ns3:cad>
          </ns3:TrackPointExtension>
        </extensions>
      </trkpt>
      <trkpt lat="31.3284244202077388763427734375" lon="118.3559169061481952667236328125">
        <ele>8.19999980926513671875</ele>
        <time>2026-08-07T15:43:31.000Z</time>
        <extensions>
          <ns3:TrackPointExtension>
            <ns3:hr>159</ns3:hr>
            <ns3:cad>89</ns3:cad>
          </ns3:TrackPointExtension>
        </extensions>
      </trkpt>
      <trkpt lat="31.328453086316585540771484375" lon="118.3558890782296657562255859375">
        <ele>8.19999980926513671875</ele>
        <time>2026-08-07T15:43:32.000Z</time>
        <extensions>
          <ns3:TrackPointExtension>
            <ns3:hr>159</ns3:hr>
            <ns3:cad>89</ns3:cad>
          </ns3:TrackPointExtension>
        </extensions>
      </trkpt>
      <trkpt lat="31.328479237854480743408203125" lon="118.35586535744369029998779296875">
        <ele>8.19999980926513671875</ele>
        <time>2026-08-07T15:43:33.000Z</time>
        <extensions>
          <ns3:TrackPointExtension>
            <ns3:hr>159</ns3:hr>
            <ns3:cad>89</ns3:cad>
          </ns3:TrackPointExtension>
        </extensions>
      </trkpt>
      <trkpt lat="31.3285075686872005462646484375" lon="118.3558572269976139068603515625">
        <ele>8.19999980926513671875</ele>
        <time>2026-08-07T15:43:34.000Z</time>
        <extensions>
          <ns3:TrackPointExtension>
            <ns3:hr>159</ns3:hr>
            <ns3:cad>88</ns3:cad>
          </ns3:TrackPointExtension>
        </extensions>
      </trkpt>
      <trkpt lat="31.328533552587032318115234375" lon="118.35583820007741451263427734375">
        <ele>8.19999980926513671875</ele>
        <time>2026-08-07T15:43:35.000Z</time>
        <extensions>
          <ns3:TrackPointExtension>
            <ns3:hr>159</ns3:hr>
            <ns3:cad>88</ns3:cad>
          </ns3:TrackPointExtension>
        </extensions>
      </trkpt>
      <trkpt lat="31.3285682536661624908447265625" lon="118.3558324165642261505126953125">
        <ele>8.3999996185302734375</ele>
        <time>2026-08-07T15:43:36.000Z</time>
        <extensions>
          <ns3:TrackPointExtension>
            <ns3:hr>159</ns3:hr>
            <ns3:cad>88</ns3:cad>
          </ns3:TrackPointExtension>
        </extensions>
      </trkpt>
      <trkpt lat="31.3285954110324382781982421875" lon="118.3558297343552112579345703125">
        <ele>8.3999996185302734375</ele>
        <time>2026-08-07T15:43:37.000Z</time>
        <extensions>
          <ns3:TrackPointExtension>
            <ns3:hr>160</ns3:hr>
            <ns3:cad>89</ns3:cad>
          </ns3:TrackPointExtension>
        </extensions>
      </trkpt>
      <trkpt lat="31.3286279328167438507080078125" lon="118.35583501495420932769775390625">
        <ele>8.3999996185302734375</ele>
        <time>2026-08-07T15:43:38.000Z</time>
        <extensions>
          <ns3:TrackPointExtension>
            <ns3:hr>160</ns3:hr>
            <ns3:cad>89</ns3:cad>
          </ns3:TrackPointExtension>
        </extensions>
      </trkpt>
      <trkpt lat="31.32865659892559051513671875" lon="118.3558384515345096588134765625">
        <ele>8.19999980926513671875</ele>
        <time>2026-08-07T15:43:39.000Z</time>
        <extensions>
          <ns3:TrackPointExtension>
            <ns3:hr>160</ns3:hr>
            <ns3:cad>89</ns3:cad>
          </ns3:TrackPointExtension>
        </extensions>
      </trkpt>
      <trkpt lat="31.32868719287216663360595703125" lon="118.355831243097782135009765625">
        <ele>8.19999980926513671875</ele>
        <time>2026-08-07T15:43:40.000Z</time>
        <extensions>
          <ns3:TrackPointExtension>
            <ns3:hr>160</ns3:hr>
            <ns3:cad>89</ns3:cad>
          </ns3:TrackPointExtension>
        </extensions>
      </trkpt>
      <trkpt lat="31.32871694862842559814453125" lon="118.3558186702430248260498046875">
        <ele>8.19999980926513671875</ele>
        <time>2026-08-07T15:43:41.000Z</time>
        <extensions>
          <ns3:TrackPointExtension>
            <ns3:hr>160</ns3:hr>
            <ns3:cad>88</ns3:cad>
          </ns3:TrackPointExtension>
        </extensions>
      </trkpt>
      <trkpt lat="31.32874569855630397796630859375" lon="118.35580383427441120147705078125">
        <ele>8.19999980926513671875</ele>
        <time>2026-08-07T15:43:42.000Z</time>
        <extensions>
          <ns3:TrackPointExtension>
            <ns3:hr>160</ns3:hr>
            <ns3:cad>87</ns3:cad>
          </ns3:TrackPointExtension>
        </extensions>
      </trkpt>
      <trkpt lat="31.32877671159803867340087890625" lon="118.3557948656380176544189453125">
        <ele>8.19999980926513671875</ele>
        <time>2026-08-07T15:43:43.000Z</time>
        <extensions>
          <ns3:TrackPointExtension>
            <ns3:hr>160</ns3:hr>
            <ns3:cad>87</ns3:cad>
          </ns3:TrackPointExtension>
        </extensions>
      </trkpt>
      <trkpt lat="31.3288052938878536224365234375" lon="118.35578522644937038421630859375">
        <ele>8.19999980926513671875</ele>
        <time>2026-08-07T15:43:44.000Z</time>
        <extensions>
          <ns3:TrackPointExtension>
            <ns3:hr>161</ns3:hr>
            <ns3:cad>88</ns3:cad>
          </ns3:TrackPointExtension>
        </extensions>
      </trkpt>
      <trkpt lat="31.3288383185863494873046875" lon="118.3557760901749134063720703125">
        <ele>8.19999980926513671875</ele>
        <time>2026-08-07T15:43:45.000Z</time>
        <extensions>
          <ns3:TrackPointExtension>
            <ns3:hr>161</ns3:hr>
            <ns3:cad>89</ns3:cad>
          </ns3:TrackPointExtension>
        </extensions>
      </trkpt>
      <trkpt lat="31.32886187173426151275634765625" lon="118.35576293058693408966064453125">
        <ele>8.19999980926513671875</ele>
        <time>2026-08-07T15:43:46.000Z</time>
        <extensions>
          <ns3:TrackPointExtension>
            <ns3:hr>161</ns3:hr>
            <ns3:cad>89</ns3:cad>
          </ns3:TrackPointExtension>
        </extensions>
      </trkpt>
      <trkpt lat="31.3288914598524570465087890625" lon="118.35574834607541561126708984375">
        <ele>8</ele>
        <time>2026-08-07T15:43:47.000Z</time>
        <extensions>
          <ns3:TrackPointExtension>
            <ns3:hr>162</ns3:hr>
            <ns3:cad>89</ns3:cad>
          </ns3:TrackPointExtension>
        </extensions>
      </trkpt>
      <trkpt lat="31.32891216315329074859619140625" lon="118.355733342468738555908203125">
        <ele>8</ele>
        <time>2026-08-07T15:43:48.000Z</time>
        <extensions>
          <ns3:TrackPointExtension>
            <ns3:hr>162</ns3:hr>
            <ns3:cad>89</ns3:cad>
          </ns3:TrackPointExtension>
        </extensions>
      </trkpt>
      <trkpt lat="31.328942589461803436279296875" lon="118.3557170815765857696533203125">
        <ele>8</ele>
        <time>2026-08-07T15:43:49.000Z</time>
        <extensions>
          <ns3:TrackPointExtension>
            <ns3:hr>162</ns3:hr>
            <ns3:cad>87</ns3:cad>
          </ns3:TrackPointExtension>
        </extensions>
      </trkpt>
      <trkpt lat="31.32896027527749538421630859375" lon="118.35569922812283039093017578125">
        <ele>8</ele>
        <time>2026-08-07T15:43:50.000Z</time>
        <extensions>
          <ns3:TrackPointExtension>
            <ns3:hr>162</ns3:hr>
            <ns3:cad>87</ns3:cad>
          </ns3:TrackPointExtension>
        </extensions>
      </trkpt>
      <trkpt lat="31.328990869224071502685546875" lon="118.3556802012026309967041015625">
        <ele>7.80000019073486328125</ele>
        <time>2026-08-07T15:43:51.000Z</time>
        <extensions>
          <ns3:TrackPointExtension>
            <ns3:hr>162</ns3:hr>
            <ns3:cad>88</ns3:cad>
          </ns3:TrackPointExtension>
        </extensions>
      </trkpt>
      <trkpt lat="31.32901291362941265106201171875" lon="118.3556574024260044097900390625">
        <ele>8</ele>
        <time>2026-08-07T15:43:52.000Z</time>
        <extensions>
          <ns3:TrackPointExtension>
            <ns3:hr>163</ns3:hr>
            <ns3:cad>88</ns3:cad>
          </ns3:TrackPointExtension>
        </extensions>
      </trkpt>
      <trkpt lat="31.32903839461505413055419921875" lon="118.3556349389255046844482421875">
        <ele>8</ele>
        <time>2026-08-07T15:43:53.000Z</time>
        <extensions>
          <ns3:TrackPointExtension>
            <ns3:hr>163</ns3:hr>
            <ns3:cad>89</ns3:cad>
          </ns3:TrackPointExtension>
        </extensions>
      </trkpt>
      <trkpt lat="31.3290527276694774627685546875" lon="118.3556128107011318206787109375">
        <ele>8</ele>
        <time>2026-08-07T15:43:54.000Z</time>
        <extensions>
          <ns3:TrackPointExtension>
            <ns3:hr>163</ns3:hr>
            <ns3:cad>89</ns3:cad>
          </ns3:TrackPointExtension>
        </extensions>
      </trkpt>
      <trkpt lat="31.32908147759735584259033203125" lon="118.35559059865772724151611328125">
        <ele>8</ele>
        <time>2026-08-07T15:43:55.000Z</time>
        <extensions>
          <ns3:TrackPointExtension>
            <ns3:hr>163</ns3:hr>
            <ns3:cad>89</ns3:cad>
          </ns3:TrackPointExtension>
        </extensions>
      </trkpt>
      <trkpt lat="31.32910050451755523681640625" lon="118.3555705659091472625732421875">
        <ele>8</ele>
        <time>2026-08-07T15:43:56.000Z</time>
        <extensions>
          <ns3:TrackPointExtension>
            <ns3:hr>163</ns3:hr>
            <ns3:cad>88</ns3:cad>
          </ns3:TrackPointExtension>
        </extensions>
      </trkpt>
      <trkpt lat="31.3291325233876705169677734375" lon="118.35554935969412326812744140625">
        <ele>8</ele>
        <time>2026-08-07T15:43:57.000Z</time>
        <extensions>
          <ns3:TrackPointExtension>
            <ns3:hr>163</ns3:hr>
            <ns3:cad>88</ns3:cad>
          </ns3:TrackPointExtension>
        </extensions>
      </trkpt>
      <trkpt lat="31.3291509635746479034423828125" lon="118.3555291593074798583984375">
        <ele>7.80000019073486328125</ele>
        <time>2026-08-07T15:43:58.000Z</time>
        <extensions>
          <ns3:TrackPointExtension>
            <ns3:hr>164</ns3:hr>
            <ns3:cad>88</ns3:cad>
          </ns3:TrackPointExtension>
        </extensions>
      </trkpt>
      <trkpt lat="31.32918088696897029876708984375" lon="118.35550342686474323272705078125">
        <ele>7.80000019073486328125</ele>
        <time>2026-08-07T15:43:59.000Z</time>
        <extensions>
          <ns3:TrackPointExtension>
            <ns3:hr>164</ns3:hr>
            <ns3:cad>88</ns3:cad>
          </ns3:TrackPointExtension>
        </extensions>
      </trkpt>
      <trkpt lat="31.3292009197175502777099609375" lon="118.35547660477459430694580078125">
        <ele>7.80000019073486328125</ele>
        <time>2026-08-07T15:44:00.000Z</time>
        <extensions>
          <ns3:TrackPointExtension>
            <ns3:hr>165</ns3:hr>
            <ns3:cad>90</ns3:cad>
          </ns3:TrackPointExtension>
        </extensions>
      </trkpt>
      <trkpt lat="31.32922782562673091888427734375" lon="118.35545330308377742767333984375">
        <ele>7.80000019073486328125</ele>
        <time>2026-08-07T15:44:01.000Z</time>
        <extensions>
          <ns3:TrackPointExtension>
            <ns3:hr>165</ns3:hr>
            <ns3:cad>90</ns3:cad>
          </ns3:TrackPointExtension>
        </extensions>
      </trkpt>
      <trkpt lat="31.32924878038465976715087890625" lon="118.355431258678436279296875">
        <ele>7.80000019073486328125</ele>
        <time>2026-08-07T15:44:02.000Z</time>
        <extensions>
          <ns3:TrackPointExtension>
            <ns3:hr>165</ns3:hr>
            <ns3:cad>90</ns3:cad>
          </ns3:TrackPointExtension>
        </extensions>
      </trkpt>
      <trkpt lat="31.32927459664642810821533203125" lon="118.3554069511592388153076171875">
        <ele>7.80000019073486328125</ele>
        <time>2026-08-07T15:44:03.000Z</time>
        <extensions>
          <ns3:TrackPointExtension>
            <ns3:hr>165</ns3:hr>
            <ns3:cad>89</ns3:cad>
          </ns3:TrackPointExtension>
        </extensions>
      </trkpt>
      <trkpt lat="31.32929027080535888671875" lon="118.3553858287632465362548828125">
        <ele>7.80000019073486328125</ele>
        <time>2026-08-07T15:44:04.000Z</time>
        <extensions>
          <ns3:TrackPointExtension>
            <ns3:hr>166</ns3:hr>
            <ns3:cad>89</ns3:cad>
          </ns3:TrackPointExtension>
        </extensions>
      </trkpt>
      <trkpt lat="31.32932086475193500518798828125" lon="118.35536546073853969573974609375">
        <ele>7.80000019073486328125</ele>
        <time>2026-08-07T15:44:05.000Z</time>
        <extensions>
          <ns3:TrackPointExtension>
            <ns3:hr>166</ns3:hr>
            <ns3:cad>89</ns3:cad>
          </ns3:TrackPointExtension>
        </extensions>
      </trkpt>
      <trkpt lat="31.32934056222438812255859375" lon="118.35534132085740566253662109375">
        <ele>7.80000019073486328125</ele>
        <time>2026-08-07T15:44:06.000Z</time>
        <extensions>
          <ns3:TrackPointExtension>
            <ns3:hr>166</ns3:hr>
            <ns3:cad>89</ns3:cad>
          </ns3:TrackPointExtension>
        </extensions>
      </trkpt>
      <trkpt lat="31.329363696277141571044921875" lon="118.35532019846141338348388671875">
        <ele>7.80000019073486328125</ele>
        <time>2026-08-07T15:44:07.000Z</time>
        <extensions>
          <ns3:TrackPointExtension>
            <ns3:hr>167</ns3:hr>
            <ns3:cad>90</ns3:cad>
          </ns3:TrackPointExtension>
        </extensions>
      </trkpt>
      <trkpt lat="31.32937735877931118011474609375" lon="118.35529915988445281982421875">
        <ele>8</ele>
        <time>2026-08-07T15:44:08.000Z</time>
        <extensions>
          <ns3:TrackPointExtension>
            <ns3:hr>167</ns3:hr>
            <ns3:cad>90</ns3:cad>
          </ns3:TrackPointExtension>
        </extensions>
      </trkpt>
      <trkpt lat="31.32940149866044521331787109375" lon="118.3552792109549045562744140625">
        <ele>8</ele>
        <time>2026-08-07T15:44:09.000Z</time>
        <extensions>
          <ns3:TrackPointExtension>
            <ns3:hr>167</ns3:hr>
            <ns3:cad>90</ns3:cad>
          </ns3:TrackPointExtension>
        </extensions>
      </trkpt>
      <trkpt lat="31.32941826246678829193115234375" lon="118.35525867529213428497314453125">
        <ele>8</ele>
        <time>2026-08-07T15:44:10.000Z</time>
        <extensions>
          <ns3:TrackPointExtension>
            <ns3:hr>168</ns3:hr>
            <ns3:cad>90</ns3:cad>
          </ns3:TrackPointExtension>
        </extensions>
      </trkpt>
      <trkpt lat="31.3294393010437488555908203125" lon="118.35523319430649280548095703125">
        <ele>8</ele>
        <time>2026-08-07T15:44:11.000Z</time>
        <extensions>
          <ns3:TrackPointExtension>
            <ns3:hr>168</ns3:hr>
            <ns3:cad>89</ns3:cad>
          </ns3:TrackPointExtension>
        </extensions>
      </trkpt>
      <trkpt lat="31.32945531047880649566650390625" lon="118.35520871914923191070556640625">
        <ele>8</ele>
        <time>2026-08-07T15:44:12.000Z</time>
        <extensions>
          <ns3:TrackPointExtension>
            <ns3:hr>168</ns3:hr>
            <ns3:cad>87</ns3:cad>
          </ns3:TrackPointExtension>
        </extensions>
      </trkpt>
      <trkpt lat="31.32947333157062530517578125" lon="118.35518089123070240020751953125">
        <ele>8</ele>
        <time>2026-08-07T15:44:13.000Z</time>
        <extensions>
          <ns3:TrackPointExtension>
            <ns3:hr>169</ns3:hr>
            <ns3:cad>87</ns3:cad>
          </ns3:TrackPointExtension>
        </extensions>
      </trkpt>
      <trkpt lat="31.329496800899505615234375" lon="118.35515457205474376678466796875">
        <ele>7.80000019073486328125</ele>
        <time>2026-08-07T15:44:14.000Z</time>
        <extensions>
          <ns3:TrackPointExtension>
            <ns3:hr>169</ns3:hr>
            <ns3:cad>87</ns3:cad>
          </ns3:TrackPointExtension>
        </extensions>
      </trkpt>
      <trkpt lat="31.32951532490551471710205078125" lon="118.35512858815491199493408203125">
        <ele>7.80000019073486328125</ele>
        <time>2026-08-07T15:44:15.000Z</time>
        <extensions>
          <ns3:TrackPointExtension>
            <ns3:hr>169</ns3:hr>
            <ns3:cad>88</ns3:cad>
          </ns3:TrackPointExtension>
        </extensions>
      </trkpt>
      <trkpt lat="31.3295418955385684967041015625" lon="118.35510109551250934600830078125">
        <ele>7.80000019073486328125</ele>
        <time>2026-08-07T15:44:16.000Z</time>
        <extensions>
          <ns3:TrackPointExtension>
            <ns3:hr>169</ns3:hr>
            <ns3:cad>88</ns3:cad>
          </ns3:TrackPointExtension>
        </extensions>
      </trkpt>
      <trkpt lat="31.3295593298971652984619140625" lon="118.35507745854556560516357421875">
        <ele>8</ele>
        <time>2026-08-07T15:44:17.000Z</time>
        <extensions>
          <ns3:TrackPointExtension>
            <ns3:hr>169</ns3:hr>
            <ns3:cad>88</ns3:cad>
          </ns3:TrackPointExtension>
        </extensions>
      </trkpt>
      <trkpt lat="31.32958707399666309356689453125" lon="118.3550490438938140869140625">
        <ele>8</ele>
        <time>2026-08-07T15:44:18.000Z</time>
        <extensions>
          <ns3:TrackPointExtension>
            <ns3:hr>170</ns3:hr>
            <ns3:cad>88</ns3:cad>
          </ns3:TrackPointExtension>
        </extensions>
      </trkpt>
      <trkpt lat="31.32959830574691295623779296875" lon="118.35502129979431629180908203125">
        <ele>8</ele>
        <time>2026-08-07T15:44:19.000Z</time>
        <extensions>
          <ns3:TrackPointExtension>
            <ns3:hr>169</ns3:hr>
            <ns3:cad>87</ns3:cad>
          </ns3:TrackPointExtension>
        </extensions>
      </trkpt>
      <trkpt lat="31.3296220265328884124755859375" lon="118.35499581880867481231689453125">
        <ele>8</ele>
        <time>2026-08-07T15:44:20.000Z</time>
        <extensions>
          <ns3:TrackPointExtension>
            <ns3:hr>170</ns3:hr>
            <ns3:cad>87</ns3:cad>
          </ns3:TrackPointExtension>
        </extensions>
      </trkpt>
      <trkpt lat="31.32963166572153568267822265625" lon="118.35497436113655567169189453125">
        <ele>8</ele>
        <time>2026-08-07T15:44:21.000Z</time>
        <extensions>
          <ns3:TrackPointExtension>
            <ns3:hr>170</ns3:hr>
            <ns3:cad>87</ns3:cad>
          </ns3:TrackPointExtension>
        </extensions>
      </trkpt>
      <trkpt lat="31.32965412922203540802001953125" lon="118.35494150407612323760986328125">
        <ele>8</ele>
        <time>2026-08-07T15:44:22.000Z</time>
        <extensions>
          <ns3:TrackPointExtension>
            <ns3:hr>170</ns3:hr>
            <ns3:cad>87</ns3:cad>
          </ns3:TrackPointExtension>
        </extensions>
      </trkpt>
      <trkpt lat="31.3296729885041713714599609375" lon="118.35492239333689212799072265625">
        <ele>8</ele>
        <time>2026-08-07T15:44:23.000Z</time>
        <extensions>
          <ns3:TrackPointExtension>
            <ns3:hr>170</ns3:hr>
            <ns3:cad>88</ns3:cad>
          </ns3:TrackPointExtension>
        </extensions>
      </trkpt>
      <trkpt lat="31.329689919948577880859375" lon="118.354894816875457763671875">
        <ele>8</ele>
        <time>2026-08-07T15:44:24.000Z</time>
        <extensions>
          <ns3:TrackPointExtension>
            <ns3:hr>170</ns3:hr>
            <ns3:cad>89</ns3:cad>
          </ns3:TrackPointExtension>
        </extensions>
      </trkpt>
      <trkpt lat="31.32971297018229961395263671875" lon="118.3548792265355587005615234375">
        <ele>8</ele>
        <time>2026-08-07T15:44:25.000Z</time>
        <extensions>
          <ns3:TrackPointExtension>
            <ns3:hr>171</ns3:hr>
            <ns3:cad>89</ns3:cad>
          </ns3:TrackPointExtension>
        </extensions>
      </trkpt>
      <trkpt lat="31.3297350145876407623291015625" lon="118.3548587746918201446533203125">
        <ele>8</ele>
        <time>2026-08-07T15:44:26.000Z</time>
        <extensions>
          <ns3:TrackPointExtension>
            <ns3:hr>170</ns3:hr>
            <ns3:cad>89</ns3:cad>
          </ns3:TrackPointExtension>
        </extensions>
      </trkpt>
      <trkpt lat="31.32975689135491847991943359375" lon="118.3548398315906524658203125">
        <ele>7.80000019073486328125</ele>
        <time>2026-08-07T15:44:27.000Z</time>
        <extensions>
          <ns3:TrackPointExtension>
            <ns3:hr>170</ns3:hr>
            <ns3:cad>87</ns3:cad>
          </ns3:TrackPointExtension>
        </extensions>
      </trkpt>
      <trkpt lat="31.32977684028446674346923828125" lon="118.3548168651759624481201171875">
        <ele>8</ele>
        <time>2026-08-07T15:44:28.000Z</time>
        <extensions>
          <ns3:TrackPointExtension>
            <ns3:hr>170</ns3:hr>
            <ns3:cad>86</ns3:cad>
          </ns3:TrackPointExtension>
        </extensions>
      </trkpt>
      <trkpt lat="31.32979947142302989959716796875" lon="118.35479968227446079254150390625">
        <ele>8</ele>
        <time>2026-08-07T15:44:29.000Z</time>
        <extensions>
          <ns3:TrackPointExtension>
            <ns3:hr>170</ns3:hr>
            <ns3:cad>86</ns3:cad>
          </ns3:TrackPointExtension>
        </extensions>
      </trkpt>
      <trkpt lat="31.32981623522937297821044921875" lon="118.3547766320407390594482421875">
        <ele>7.80000019073486328125</ele>
        <time>2026-08-07T15:44:30.000Z</time>
        <extensions>
          <ns3:TrackPointExtension>
            <ns3:hr>171</ns3:hr>
            <ns3:cad>86</ns3:cad>
          </ns3:TrackPointExtension>
        </extensions>
      </trkpt>
      <trkpt lat="31.3298386149108409881591796875" lon="118.3547491393983364105224609375">
        <ele>7.80000019073486328125</ele>
        <time>2026-08-07T15:44:31.000Z</time>
        <extensions>
          <ns3:TrackPointExtension>
            <ns3:hr>170</ns3:hr>
            <ns3:cad>87</ns3:cad>
          </ns3:TrackPointExtension>
        </extensions>
      </trkpt>
      <trkpt lat="31.3298627547919750213623046875" lon="118.35472793318331241607666015625">
        <ele>7.599999904632568359375</ele>
        <time>2026-08-07T15:44:32.000Z</time>
        <extensions>
          <ns3:TrackPointExtension>
            <ns3:hr>170</ns3:hr>
            <ns3:cad>87</ns3:cad>
          </ns3:TrackPointExtension>
        </extensions>
      </trkpt>
      <trkpt lat="31.3298902474343776702880859375" lon="118.35471670143306255340576171875">
        <ele>7.599999904632568359375</ele>
        <time>2026-08-07T15:44:33.000Z</time>
        <extensions>
          <ns3:TrackPointExtension>
            <ns3:hr>170</ns3:hr>
            <ns3:cad>87</ns3:cad>
          </ns3:TrackPointExtension>
        </extensions>
      </trkpt>
      <trkpt lat="31.32991681806743144989013671875" lon="118.3547001890838146209716796875">
        <ele>7.400000095367431640625</ele>
        <time>2026-08-07T15:44:34.000Z</time>
        <extensions>
          <ns3:TrackPointExtension>
            <ns3:hr>170</ns3:hr>
            <ns3:cad>87</ns3:cad>
          </ns3:TrackPointExtension>
        </extensions>
      </trkpt>
      <trkpt lat="31.32994674146175384521484375" lon="118.35468736477196216583251953125">
        <ele>7.400000095367431640625</ele>
        <time>2026-08-07T15:44:35.000Z</time>
        <extensions>
          <ns3:TrackPointExtension>
            <ns3:hr>170</ns3:hr>
            <ns3:cad>87</ns3:cad>
          </ns3:TrackPointExtension>
        </extensions>
      </trkpt>
      <trkpt lat="31.32997381500899791717529296875" lon="118.3546713553369045257568359375">
        <ele>7.400000095367431640625</ele>
        <time>2026-08-07T15:44:36.000Z</time>
        <extensions>
          <ns3:TrackPointExtension>
            <ns3:hr>170</ns3:hr>
            <ns3:cad>87</ns3:cad>
          </ns3:TrackPointExtension>
        </extensions>
      </trkpt>
      <trkpt lat="31.32999946363270282745361328125" lon="118.35465149022638797760009765625">
        <ele>7.599999904632568359375</ele>
        <time>2026-08-07T15:44:37.000Z</time>
        <extensions>
          <ns3:TrackPointExtension>
            <ns3:hr>170</ns3:hr>
            <ns3:cad>87</ns3:cad>
          </ns3:TrackPointExtension>
        </extensions>
      </trkpt>
      <trkpt lat="31.3300290517508983612060546875" lon="118.35464109666645526885986328125">
        <ele>7.599999904632568359375</ele>
        <time>2026-08-07T15:44:38.000Z</time>
        <extensions>
          <ns3:TrackPointExtension>
            <ns3:hr>169</ns3:hr>
            <ns3:cad>88</ns3:cad>
          </ns3:TrackPointExtension>
        </extensions>
      </trkpt>
      <trkpt lat="31.33005863986909389495849609375" lon="118.3546136878430843353271484375">
        <ele>7.599999904632568359375</ele>
        <time>2026-08-07T15:44:39.000Z</time>
        <extensions>
          <ns3:TrackPointExtension>
            <ns3:hr>169</ns3:hr>
            <ns3:cad>88</ns3:cad>
          </ns3:TrackPointExtension>
        </extensions>
      </trkpt>
      <trkpt lat="31.33008889853954315185546875" lon="118.3545957505702972412109375">
        <ele>7.80000019073486328125</ele>
        <time>2026-08-07T15:44:40.000Z</time>
        <extensions>
          <ns3:TrackPointExtension>
            <ns3:hr>169</ns3:hr>
            <ns3:cad>88</ns3:cad>
          </ns3:TrackPointExtension>
        </extensions>
      </trkpt>
      <trkpt lat="31.3301125355064868927001953125" lon="118.3545796573162078857421875">
        <ele>7.80000019073486328125</ele>
        <time>2026-08-07T15:44:41.000Z</time>
        <extensions>
          <ns3:TrackPointExtension>
            <ns3:hr>169</ns3:hr>
            <ns3:cad>87</ns3:cad>
          </ns3:TrackPointExtension>
        </extensions>
      </trkpt>
      <trkpt lat="31.3301453925669193267822265625" lon="118.35456549189984798431396484375">
        <ele>7.80000019073486328125</ele>
        <time>2026-08-07T15:44:42.000Z</time>
        <extensions>
          <ns3:TrackPointExtension>
            <ns3:hr>169</ns3:hr>
            <ns3:cad>87</ns3:cad>
          </ns3:TrackPointExtension>
        </extensions>
      </trkpt>
      <trkpt lat="31.3301675207912921905517578125" lon="118.35455073975026607513427734375">
        <ele>7.80000019073486328125</ele>
        <time>2026-08-07T15:44:43.000Z</time>
        <extensions>
          <ns3:TrackPointExtension>
            <ns3:hr>169</ns3:hr>
            <ns3:cad>87</ns3:cad>
          </ns3:TrackPointExtension>
        </extensions>
      </trkpt>
      <trkpt lat="31.33020213805139064788818359375" lon="118.35454420186579227447509765625">
        <ele>7.80000019073486328125</ele>
        <time>2026-08-07T15:44:44.000Z</time>
        <extensions>
          <ns3:TrackPointExtension>
            <ns3:hr>169</ns3:hr>
            <ns3:cad>87</ns3:cad>
          </ns3:TrackPointExtension>
        </extensions>
      </trkpt>
      <trkpt lat="31.3302325643599033355712890625" lon="118.3545466326177120208740234375">
        <ele>7.80000019073486328125</ele>
        <time>2026-08-07T15:44:45.000Z</time>
        <extensions>
          <ns3:TrackPointExtension>
            <ns3:hr>169</ns3:hr>
            <ns3:cad>87</ns3:cad>
          </ns3:TrackPointExtension>
        </extensions>
      </trkpt>
      <trkpt lat="31.33026458323001861572265625" lon="118.3545355685055255889892578125">
        <ele>8</ele>
        <time>2026-08-07T15:44:46.000Z</time>
        <extensions>
          <ns3:TrackPointExtension>
            <ns3:hr>169</ns3:hr>
            <ns3:cad>88</ns3:cad>
          </ns3:TrackPointExtension>
        </extensions>
      </trkpt>
      <trkpt lat="31.3302845321595668792724609375" lon="118.3545335568487644195556640625">
        <ele>8</ele>
        <time>2026-08-07T15:44:47.000Z</time>
        <extensions>
          <ns3:TrackPointExtension>
            <ns3:hr>169</ns3:hr>
            <ns3:cad>88</ns3:cad>
          </ns3:TrackPointExtension>
        </extensions>
      </trkpt>
      <trkpt lat="31.3303137011826038360595703125" lon="118.35452760569751262664794921875">
        <ele>8</ele>
        <time>2026-08-07T15:44:48.000Z</time>
        <extensions>
          <ns3:TrackPointExtension>
            <ns3:hr>168</ns3:hr>
            <ns3:cad>88</ns3:cad>
          </ns3:TrackPointExtension>
        </extensions>
      </trkpt>
      <trkpt lat="31.3303430378437042236328125" lon="118.35452693514525890350341796875">
        <ele>8.19999980926513671875</ele>
        <time>2026-08-07T15:44:49.000Z</time>
        <extensions>
          <ns3:TrackPointExtension>
            <ns3:hr>169</ns3:hr>
            <ns3:cad>88</ns3:cad>
          </ns3:TrackPointExtension>
        </extensions>
      </trkpt>
      <trkpt lat="31.330367513000965118408203125" lon="118.354520313441753387451171875">
        <ele>8.19999980926513671875</ele>
        <time>2026-08-07T15:44:50.000Z</time>
        <extensions>
          <ns3:TrackPointExtension>
            <ns3:hr>168</ns3:hr>
            <ns3:cad>87</ns3:cad>
          </ns3:TrackPointExtension>
        </extensions>
      </trkpt>
      <trkpt lat="31.33039559237658977508544921875" lon="118.354514949023723602294921875">
        <ele>8.3999996185302734375</ele>
        <time>2026-08-07T15:44:51.000Z</time>
        <extensions>
          <ns3:TrackPointExtension>
            <ns3:hr>168</ns3:hr>
            <ns3:cad>87</ns3:cad>
          </ns3:TrackPointExtension>
        </extensions>
      </trkpt>
      <trkpt lat="31.33041302673518657684326171875" lon="118.35449944250285625457763671875">
        <ele>8.3999996185302734375</ele>
        <time>2026-08-07T15:44:52.000Z</time>
        <extensions>
          <ns3:TrackPointExtension>
            <ns3:hr>168</ns3:hr>
            <ns3:cad>87</ns3:cad>
          </ns3:TrackPointExtension>
        </extensions>
      </trkpt>
      <trkpt lat="31.330440603196620941162109375" lon="118.3544862829148769378662109375">
        <ele>8.3999996185302734375</ele>
        <time>2026-08-07T15:44:53.000Z</time>
        <extensions>
          <ns3:TrackPointExtension>
            <ns3:hr>168</ns3:hr>
            <ns3:cad>87</ns3:cad>
          </ns3:TrackPointExtension>
        </extensions>
      </trkpt>
      <trkpt lat="31.33046013303101062774658203125" lon="118.35446960292756557464599609375">
        <ele>8.19999980926513671875</ele>
        <time>2026-08-07T15:44:54.000Z</time>
        <extensions>
          <ns3:TrackPointExtension>
            <ns3:hr>168</ns3:hr>
            <ns3:cad>86</ns3:cad>
          </ns3:TrackPointExtension>
        </extensions>
      </trkpt>
      <trkpt lat="31.33048712275922298431396484375" lon="118.3544576168060302734375">
        <ele>8.19999980926513671875</ele>
        <time>2026-08-07T15:44:55.000Z</time>
        <extensions>
          <ns3:TrackPointExtension>
            <ns3:hr>167</ns3:hr>
            <ns3:cad>86</ns3:cad>
          </ns3:TrackPointExtension>
        </extensions>
      </trkpt>
      <trkpt lat="31.3305118493735790252685546875" lon="118.354447893798351287841796875">
        <ele>8.19999980926513671875</ele>
        <time>2026-08-07T15:44:56.000Z</time>
        <extensions>
          <ns3:TrackPointExtension>
            <ns3:hr>167</ns3:hr>
            <ns3:cad>86</ns3:cad>
          </ns3:TrackPointExtension>
        </extensions>
      </trkpt>
      <trkpt lat="31.33054261095821857452392578125" lon="118.35443959571421146392822265625">
        <ele>8.19999980926513671875</ele>
        <time>2026-08-07T15:44:57.000Z</time>
        <extensions>
          <ns3:TrackPointExtension>
            <ns3:hr>166</ns3:hr>
            <ns3:cad>86</ns3:cad>
          </ns3:TrackPointExtension>
        </extensions>
      </trkpt>
      <trkpt lat="31.33057110942900180816650390625" lon="118.35443289019167423248291015625">
        <ele>8.19999980926513671875</ele>
        <time>2026-08-07T15:44:58.000Z</time>
        <extensions>
          <ns3:TrackPointExtension>
            <ns3:hr>165</ns3:hr>
            <ns3:cad>86</ns3:cad>
          </ns3:TrackPointExtension>
        </extensions>
      </trkpt>
      <trkpt lat="31.33059591986238956451416015625" lon="118.35442132316529750823974609375">
        <ele>8.19999980926513671875</ele>
        <time>2026-08-07T15:44:59.000Z</time>
        <extensions>
          <ns3:TrackPointExtension>
            <ns3:hr>165</ns3:hr>
            <ns3:cad>86</ns3:cad>
          </ns3:TrackPointExtension>
        </extensions>
      </trkpt>
      <trkpt lat="31.33062106557190418243408203125" lon="118.35440489463508129119873046875">
        <ele>8.19999980926513671875</ele>
        <time>2026-08-07T15:45:00.000Z</time>
        <extensions>
          <ns3:TrackPointExtension>
            <ns3:hr>165</ns3:hr>
            <ns3:cad>87</ns3:cad>
          </ns3:TrackPointExtension>
        </extensions>
      </trkpt>
      <trkpt lat="31.33063732646405696868896484375" lon="118.35438645444810390472412109375">
        <ele>8.19999980926513671875</ele>
        <time>2026-08-07T15:45:01.000Z</time>
        <extensions>
          <ns3:TrackPointExtension>
            <ns3:hr>165</ns3:hr>
            <ns3:cad>87</ns3:cad>
          </ns3:TrackPointExtension>
        </extensions>
      </trkpt>
      <trkpt lat="31.330664567649364471435546875" lon="118.3543716184794902801513671875">
        <ele>8.19999980926513671875</ele>
        <time>2026-08-07T15:45:02.000Z</time>
        <extensions>
          <ns3:TrackPointExtension>
            <ns3:hr>164</ns3:hr>
            <ns3:cad>87</ns3:cad>
          </ns3:TrackPointExtension>
        </extensions>
      </trkpt>
      <trkpt lat="31.33068007417023181915283203125" lon="118.3543481491506099700927734375">
        <ele>8.19999980926513671875</ele>
        <time>2026-08-07T15:45:03.000Z</time>
        <extensions>
          <ns3:TrackPointExtension>
            <ns3:hr>164</ns3:hr>
            <ns3:cad>87</ns3:cad>
          </ns3:TrackPointExtension>
        </extensions>
      </trkpt>
      <trkpt lat="31.3307096622884273529052734375" lon="118.35432576946914196014404296875">
        <ele>8.19999980926513671875</ele>
        <time>2026-08-07T15:45:04.000Z</time>
        <extensions>
          <ns3:TrackPointExtension>
            <ns3:hr>164</ns3:hr>
            <ns3:cad>87</ns3:cad>
          </ns3:TrackPointExtension>
        </extensions>
      </trkpt>
      <trkpt lat="31.3307317905128002166748046875" lon="118.35430598817765712738037109375">
        <ele>8.19999980926513671875</ele>
        <time>2026-08-07T15:45:05.000Z</time>
        <extensions>
          <ns3:TrackPointExtension>
            <ns3:hr>165</ns3:hr>
            <ns3:cad>87</ns3:cad>
          </ns3:TrackPointExtension>
        </extensions>
      </trkpt>
      <trkpt lat="31.330756433308124542236328125" lon="118.35428486578166484832763671875">
        <ele>8.19999980926513671875</ele>
        <time>2026-08-07T15:45:06.000Z</time>
        <extensions>
          <ns3:TrackPointExtension>
            <ns3:hr>164</ns3:hr>
            <ns3:cad>86</ns3:cad>
          </ns3:TrackPointExtension>
        </extensions>
      </trkpt>
      <trkpt lat="31.33078317157924175262451171875" lon="118.354268856346607208251953125">
        <ele>8.19999980926513671875</ele>
        <time>2026-08-07T15:45:07.000Z</time>
        <extensions>
          <ns3:TrackPointExtension>
            <ns3:hr>164</ns3:hr>
            <ns3:cad>86</ns3:cad>
          </ns3:TrackPointExtension>
        </extensions>
      </trkpt>
      <trkpt lat="31.33080278523266315460205078125" lon="118.35425200872123241424560546875">
        <ele>8</ele>
        <time>2026-08-07T15:45:08.000Z</time>
        <extensions>
          <ns3:TrackPointExtension>
            <ns3:hr>164</ns3:hr>
            <ns3:cad>86</ns3:cad>
          </ns3:TrackPointExtension>
        </extensions>
      </trkpt>
      <trkpt lat="31.33083480410277843475341796875" lon="118.354240693151950836181640625">
        <ele>8</ele>
        <time>2026-08-07T15:45:09.000Z</time>
        <extensions>
          <ns3:TrackPointExtension>
            <ns3:hr>164</ns3:hr>
            <ns3:cad>86</ns3:cad>
          </ns3:TrackPointExtension>
        </extensions>
      </trkpt>
      <trkpt lat="31.33085357956588268280029296875" lon="118.354225941002368927001953125">
        <ele>8</ele>
        <time>2026-08-07T15:45:10.000Z</time>
        <extensions>
          <ns3:TrackPointExtension>
            <ns3:hr>165</ns3:hr>
            <ns3:cad>86</ns3:cad>
          </ns3:TrackPointExtension>
        </extensions>
      </trkpt>
      <trkpt lat="31.33088685572147369384765625" lon="118.35421361960470676422119140625">
        <ele>8</ele>
        <time>2026-08-07T15:45:11.000Z</time>
        <extensions>
          <ns3:TrackPointExtension>
            <ns3:hr>164</ns3:hr>
            <ns3:cad>87</ns3:cad>
          </ns3:TrackPointExtension>
        </extensions>
      </trkpt>
      <trkpt lat="31.33091074414551258087158203125" lon="118.3542026393115520477294921875">
        <ele>8</ele>
        <time>2026-08-07T15:45:12.000Z</time>
        <extensions>
          <ns3:TrackPointExtension>
            <ns3:hr>164</ns3:hr>
            <ns3:cad>87</ns3:cad>
          </ns3:TrackPointExtension>
        </extensions>
      </trkpt>
      <trkpt lat="31.3309393264353275299072265625" lon="118.35418730042874813079833984375">
        <ele>8</ele>
        <time>2026-08-07T15:45:13.000Z</time>
        <extensions>
          <ns3:TrackPointExtension>
            <ns3:hr>164</ns3:hr>
            <ns3:cad>86</ns3:cad>
          </ns3:TrackPointExtension>
        </extensions>
      </trkpt>
      <trkpt lat="31.33096522651612758636474609375" lon="118.3541754819452762603759765625">
        <ele>7.80000019073486328125</ele>
        <time>2026-08-07T15:45:14.000Z</time>
        <extensions>
          <ns3:TrackPointExtension>
            <ns3:hr>164</ns3:hr>
            <ns3:cad>86</ns3:cad>
          </ns3:TrackPointExtension>
        </extensions>
      </trkpt>
      <trkpt lat="31.3309867680072784423828125" lon="118.35415679030120372772216796875">
        <ele>7.80000019073486328125</ele>
        <time>2026-08-07T15:45:15.000Z</time>
        <extensions>
          <ns3:TrackPointExtension>
            <ns3:hr>164</ns3:hr>
            <ns3:cad>86</ns3:cad>
          </ns3:TrackPointExtension>
        </extensions>
      </trkpt>
      <trkpt lat="31.33101702667772769927978515625" lon="118.3541451394557952880859375">
        <ele>7.80000019073486328125</ele>
        <time>2026-08-07T15:45:16.000Z</time>
        <extensions>
          <ns3:TrackPointExtension>
            <ns3:hr>164</ns3:hr>
            <ns3:cad>86</ns3:cad>
          </ns3:TrackPointExtension>
        </extensions>
      </trkpt>
      <trkpt lat="31.3310332037508487701416015625" lon="118.3541308902204036712646484375">
        <ele>7.80000019073486328125</ele>
        <time>2026-08-07T15:45:17.000Z</time>
        <extensions>
          <ns3:TrackPointExtension>
            <ns3:hr>164</ns3:hr>
            <ns3:cad>86</ns3:cad>
          </ns3:TrackPointExtension>
        </extensions>
      </trkpt>
      <trkpt lat="31.33106446824967861175537109375" lon="118.354117982089519500732421875">
        <ele>7.80000019073486328125</ele>
        <time>2026-08-07T15:45:18.000Z</time>
        <extensions>
          <ns3:TrackPointExtension>
            <ns3:hr>164</ns3:hr>
            <ns3:cad>86</ns3:cad>
          </ns3:TrackPointExtension>
        </extensions>
      </trkpt>
      <trkpt lat="31.33108844049274921417236328125" lon="118.35410348139703273773193359375">
        <ele>7.80000019073486328125</ele>
        <time>2026-08-07T15:45:19.000Z</time>
        <extensions>
          <ns3:TrackPointExtension>
            <ns3:hr>164</ns3:hr>
            <ns3:cad>86</ns3:cad>
          </ns3:TrackPointExtension>
        </extensions>
      </trkpt>
      <trkpt lat="31.33112020790576934814453125" lon="118.3540963567793369293212890625">
        <ele>7.80000019073486328125</ele>
        <time>2026-08-07T15:45:20.000Z</time>
        <extensions>
          <ns3:TrackPointExtension>
            <ns3:hr>164</ns3:hr>
            <ns3:cad>86</ns3:cad>
          </ns3:TrackPointExtension>
        </extensions>
      </trkpt>
      <trkpt lat="31.3311418332159519195556640625" lon="118.35408101789653301239013671875">
        <ele>7.80000019073486328125</ele>
        <time>2026-08-07T15:45:21.000Z</time>
        <extensions>
          <ns3:TrackPointExtension>
            <ns3:hr>164</ns3:hr>
            <ns3:cad>86</ns3:cad>
          </ns3:TrackPointExtension>
        </extensions>
      </trkpt>
      <trkpt lat="31.33117410354316234588623046875" lon="118.3540695346891880035400390625">
        <ele>7.80000019073486328125</ele>
        <time>2026-08-07T15:45:22.000Z</time>
        <extensions>
          <ns3:TrackPointExtension>
            <ns3:hr>164</ns3:hr>
            <ns3:cad>87</ns3:cad>
          </ns3:TrackPointExtension>
        </extensions>
      </trkpt>
      <trkpt lat="31.331197321414947509765625" lon="118.35405402816832065582275390625">
        <ele>7.80000019073486328125</ele>
        <time>2026-08-07T15:45:23.000Z</time>
        <extensions>
          <ns3:TrackPointExtension>
            <ns3:hr>164</ns3:hr>
            <ns3:cad>87</ns3:cad>
          </ns3:TrackPointExtension>
        </extensions>
      </trkpt>
      <trkpt lat="31.33122657425701618194580078125" lon="118.35403676144778728485107421875">
        <ele>7.80000019073486328125</ele>
        <time>2026-08-07T15:45:24.000Z</time>
        <extensions>
          <ns3:TrackPointExtension>
            <ns3:hr>164</ns3:hr>
            <ns3:cad>87</ns3:cad>
          </ns3:TrackPointExtension>
        </extensions>
      </trkpt>
      <trkpt lat="31.3312481157481670379638671875" lon="118.35402033291757106781005859375">
        <ele>7.80000019073486328125</ele>
        <time>2026-08-07T15:45:25.000Z</time>
        <extensions>
          <ns3:TrackPointExtension>
            <ns3:hr>164</ns3:hr>
            <ns3:cad>87</ns3:cad>
          </ns3:TrackPointExtension>
        </extensions>
      </trkpt>
      <trkpt lat="31.33127577602863311767578125" lon="118.35400105454027652740478515625">
        <ele>7.80000019073486328125</ele>
        <time>2026-08-07T15:45:26.000Z</time>
        <extensions>
          <ns3:TrackPointExtension>
            <ns3:hr>164</ns3:hr>
            <ns3:cad>87</ns3:cad>
          </ns3:TrackPointExtension>
        </extensions>
      </trkpt>
      <trkpt lat="31.3313017599284648895263671875" lon="118.353986553847789764404296875">
        <ele>7.80000019073486328125</ele>
        <time>2026-08-07T15:45:27.000Z</time>
        <extensions>
          <ns3:TrackPointExtension>
            <ns3:hr>164</ns3:hr>
            <ns3:cad>87</ns3:cad>
          </ns3:TrackPointExtension>
        </extensions>
      </trkpt>
      <trkpt lat="31.33132950402796268463134765625" lon="118.35396937094628810882568359375">
        <ele>7.80000019073486328125</ele>
        <time>2026-08-07T15:45:28.000Z</time>
        <extensions>
          <ns3:TrackPointExtension>
            <ns3:hr>164</ns3:hr>
            <ns3:cad>87</ns3:cad>
          </ns3:TrackPointExtension>
        </extensions>
      </trkpt>
      <trkpt lat="31.33135884068906307220458984375" lon="118.35395579226315021514892578125">
        <ele>7.80000019073486328125</ele>
        <time>2026-08-07T15:45:29.000Z</time>
        <extensions>
          <ns3:TrackPointExtension>
            <ns3:hr>165</ns3:hr>
            <ns3:cad>87</ns3:cad>
          </ns3:TrackPointExtension>
        </extensions>
      </trkpt>
      <trkpt lat="31.33138239383697509765625" lon="118.3539387769997119903564453125">
        <ele>7.80000019073486328125</ele>
        <time>2026-08-07T15:45:30.000Z</time>
        <extensions>
          <ns3:TrackPointExtension>
            <ns3:hr>165</ns3:hr>
            <ns3:cad>87</ns3:cad>
          </ns3:TrackPointExtension>
        </extensions>
      </trkpt>
      <trkpt lat="31.33141458034515380859375" lon="118.35392410866916179656982421875">
        <ele>7.80000019073486328125</ele>
        <time>2026-08-07T15:45:31.000Z</time>
        <extensions>
          <ns3:TrackPointExtension>
            <ns3:hr>166</ns3:hr>
            <ns3:cad>87</ns3:cad>
          </ns3:TrackPointExtension>
        </extensions>
      </trkpt>
      <trkpt lat="31.331433691084384918212890625" lon="118.35390575230121612548828125">
        <ele>7.80000019073486328125</ele>
        <time>2026-08-07T15:45:32.000Z</time>
        <extensions>
          <ns3:TrackPointExtension>
            <ns3:hr>166</ns3:hr>
            <ns3:cad>87</ns3:cad>
          </ns3:TrackPointExtension>
        </extensions>
      </trkpt>
      <trkpt lat="31.3314647041261196136474609375" lon="118.3538945205509662628173828125">
        <ele>7.80000019073486328125</ele>
        <time>2026-08-07T15:45:33.000Z</time>
        <extensions>
          <ns3:TrackPointExtension>
            <ns3:hr>166</ns3:hr>
            <ns3:cad>89</ns3:cad>
          </ns3:TrackPointExtension>
        </extensions>
      </trkpt>
      <trkpt lat="31.3314854912459850311279296875" lon="118.35387700237333774566650390625">
        <ele>7.80000019073486328125</ele>
        <time>2026-08-07T15:45:34.000Z</time>
        <extensions>
          <ns3:TrackPointExtension>
            <ns3:hr>166</ns3:hr>
            <ns3:cad>89</ns3:cad>
          </ns3:TrackPointExtension>
        </extensions>
      </trkpt>
      <trkpt lat="31.3315178453922271728515625" lon="118.35386417806148529052734375">
        <ele>7.80000019073486328125</ele>
        <time>2026-08-07T15:45:35.000Z</time>
        <extensions>
          <ns3:TrackPointExtension>
            <ns3:hr>166</ns3:hr>
            <ns3:cad>88</ns3:cad>
          </ns3:TrackPointExtension>
        </extensions>
      </trkpt>
      <trkpt lat="31.3315451703965663909912109375" lon="118.35385135374963283538818359375">
        <ele>7.80000019073486328125</ele>
        <time>2026-08-07T15:45:36.000Z</time>
        <extensions>
          <ns3:TrackPointExtension>
            <ns3:hr>166</ns3:hr>
            <ns3:cad>87</ns3:cad>
          </ns3:TrackPointExtension>
        </extensions>
      </trkpt>
      <trkpt lat="31.331572830677032470703125" lon="118.353838026523590087890625">
        <ele>7.80000019073486328125</ele>
        <time>2026-08-07T15:45:37.000Z</time>
        <extensions>
          <ns3:TrackPointExtension>
            <ns3:hr>167</ns3:hr>
            <ns3:cad>87</ns3:cad>
          </ns3:TrackPointExtension>
        </extensions>
      </trkpt>
      <trkpt lat="31.33159688673913478851318359375" lon="118.353824950754642486572265625">
        <ele>7.80000019073486328125</ele>
        <time>2026-08-07T15:45:38.000Z</time>
        <extensions>
          <ns3:TrackPointExtension>
            <ns3:hr>166</ns3:hr>
            <ns3:cad>87</ns3:cad>
          </ns3:TrackPointExtension>
        </extensions>
      </trkpt>
      <trkpt lat="31.33161767385900020599365234375" lon="118.353806175291538238525390625">
        <ele>7.80000019073486328125</ele>
        <time>2026-08-07T15:45:39.000Z</time>
        <extensions>
          <ns3:TrackPointExtension>
            <ns3:hr>166</ns3:hr>
            <ns3:cad>87</ns3:cad>
          </ns3:TrackPointExtension>
        </extensions>
      </trkpt>
      <trkpt lat="31.33164868690073490142822265625" lon="118.35379041731357574462890625">
        <ele>8</ele>
        <time>2026-08-07T15:45:40.000Z</time>
        <extensions>
          <ns3:TrackPointExtension>
            <ns3:hr>166</ns3:hr>
            <ns3:cad>88</ns3:cad>
          </ns3:TrackPointExtension>
        </extensions>
      </trkpt>
      <trkpt lat="31.33166377432644367218017578125" lon="118.3537723124027252197265625">
        <ele>8</ele>
        <time>2026-08-07T15:45:41.000Z</time>
        <extensions>
          <ns3:TrackPointExtension>
            <ns3:hr>166</ns3:hr>
            <ns3:cad>88</ns3:cad>
          </ns3:TrackPointExtension>
        </extensions>
      </trkpt>
      <trkpt lat="31.33169428445398807525634765625" lon="118.35375932045280933380126953125">
        <ele>8</ele>
        <time>2026-08-07T15:45:42.000Z</time>
        <extensions>
          <ns3:TrackPointExtension>
            <ns3:hr>166</ns3:hr>
            <ns3:cad>87</ns3:cad>
          </ns3:TrackPointExtension>
        </extensions>
      </trkpt>
      <trkpt lat="31.33171708323061466217041015625" lon="118.35374657995998859405517578125">
        <ele>8</ele>
        <time>2026-08-07T15:45:43.000Z</time>
        <extensions>
          <ns3:TrackPointExtension>
            <ns3:hr>166</ns3:hr>
            <ns3:cad>86</ns3:cad>
          </ns3:TrackPointExtension>
        </extensions>
      </trkpt>
      <trkpt lat="31.33174574933946132659912109375" lon="118.3537369407713413238525390625">
        <ele>8</ele>
        <time>2026-08-07T15:45:44.000Z</time>
        <extensions>
          <ns3:TrackPointExtension>
            <ns3:hr>166</ns3:hr>
            <ns3:cad>86</ns3:cad>
          </ns3:TrackPointExtension>
        </extensions>
      </trkpt>
      <trkpt lat="31.3317704759538173675537109375" lon="118.3537248708307743072509765625">
        <ele>8</ele>
        <time>2026-08-07T15:45:45.000Z</time>
        <extensions>
          <ns3:TrackPointExtension>
            <ns3:hr>166</ns3:hr>
            <ns3:cad>86</ns3:cad>
          </ns3:TrackPointExtension>
        </extensions>
      </trkpt>
      <trkpt lat="31.3317929394543170928955078125" lon="118.35370785556733608245849609375">
        <ele>8</ele>
        <time>2026-08-07T15:45:46.000Z</time>
        <extensions>
          <ns3:TrackPointExtension>
            <ns3:hr>166</ns3:hr>
            <ns3:cad>86</ns3:cad>
          </ns3:TrackPointExtension>
        </extensions>
      </trkpt>
      <trkpt lat="31.3318197615444660186767578125" lon="118.35369058884680271148681640625">
        <ele>8</ele>
        <time>2026-08-07T15:45:47.000Z</time>
        <extensions>
          <ns3:TrackPointExtension>
            <ns3:hr>165</ns3:hr>
            <ns3:cad>86</ns3:cad>
          </ns3:TrackPointExtension>
        </extensions>
      </trkpt>
      <trkpt lat="31.3318370282649993896484375" lon="118.3536725677549839019775390625">
        <ele>7.80000019073486328125</ele>
        <time>2026-08-07T15:45:48.000Z</time>
        <extensions>
          <ns3:TrackPointExtension>
            <ns3:hr>166</ns3:hr>
            <ns3:cad>87</ns3:cad>
          </ns3:TrackPointExtension>
        </extensions>
      </trkpt>
      <trkpt lat="31.33186594583094120025634765625" lon="118.35365756414830684661865234375">
        <ele>7.80000019073486328125</ele>
        <time>2026-08-07T15:45:49.000Z</time>
        <extensions>
          <ns3:TrackPointExtension>
            <ns3:hr>166</ns3:hr>
            <ns3:cad>87</ns3:cad>
          </ns3:TrackPointExtension>
        </extensions>
      </trkpt>
      <trkpt lat="31.3318858109414577484130859375" lon="118.35364012978971004486083984375">
        <ele>7.80000019073486328125</ele>
        <time>2026-08-07T15:45:50.000Z</time>
        <extensions>
          <ns3:TrackPointExtension>
            <ns3:hr>165</ns3:hr>
            <ns3:cad>86</ns3:cad>
          </ns3:TrackPointExtension>
        </extensions>
      </trkpt>
      <trkpt lat="31.33191422559320926666259765625" lon="118.3536209352314472198486328125">
        <ele>7.80000019073486328125</ele>
        <time>2026-08-07T15:45:51.000Z</time>
        <extensions>
          <ns3:TrackPointExtension>
            <ns3:hr>166</ns3:hr>
            <ns3:cad>86</ns3:cad>
          </ns3:TrackPointExtension>
        </extensions>
      </trkpt>
      <trkpt lat="31.33193559944629669189453125" lon="118.35360467433929443359375">
        <ele>8</ele>
        <time>2026-08-07T15:45:52.000Z</time>
        <extensions>
          <ns3:TrackPointExtension>
            <ns3:hr>165</ns3:hr>
            <ns3:cad>86</ns3:cad>
          </ns3:TrackPointExtension>
        </extensions>
      </trkpt>
      <trkpt lat="31.33195965550839900970458984375" lon="118.35358631797134876251220703125">
        <ele>8</ele>
        <time>2026-08-07T15:45:53.000Z</time>
        <extensions>
          <ns3:TrackPointExtension>
            <ns3:hr>165</ns3:hr>
            <ns3:cad>86</ns3:cad>
          </ns3:TrackPointExtension>
        </extensions>
      </trkpt>
      <trkpt lat="31.33198664523661136627197265625" lon="118.3535736612975597381591796875">
        <ele>8</ele>
        <time>2026-08-07T15:45:54.000Z</time>
        <extensions>
          <ns3:TrackPointExtension>
            <ns3:hr>165</ns3:hr>
            <ns3:cad>86</ns3:cad>
          </ns3:TrackPointExtension>
        </extensions>
      </trkpt>
      <trkpt lat="31.3320075161755084991455078125" lon="118.353552706539630889892578125">
        <ele>8</ele>
        <time>2026-08-07T15:45:55.000Z</time>
        <extensions>
          <ns3:TrackPointExtension>
            <ns3:hr>166</ns3:hr>
            <ns3:cad>86</ns3:cad>
          </ns3:TrackPointExtension>
        </extensions>
      </trkpt>
      <trkpt lat="31.33203693665564060211181640625" lon="118.3535351045429706573486328125">
        <ele>8</ele>
        <time>2026-08-07T15:45:56.000Z</time>
        <extensions>
          <ns3:TrackPointExtension>
            <ns3:hr>165</ns3:hr>
            <ns3:cad>86</ns3:cad>
          </ns3:TrackPointExtension>
        </extensions>
      </trkpt>
      <trkpt lat="31.33205152116715908050537109375" lon="118.35351272486150264739990234375">
        <ele>8</ele>
        <time>2026-08-07T15:45:57.000Z</time>
        <extensions>
          <ns3:TrackPointExtension>
            <ns3:hr>165</ns3:hr>
            <ns3:cad>86</ns3:cad>
          </ns3:TrackPointExtension>
        </extensions>
      </trkpt>
      <trkpt lat="31.33208035491406917572021484375" lon="118.3534906804561614990234375">
        <ele>8</ele>
        <time>2026-08-07T15:45:58.000Z</time>
        <extensions>
          <ns3:TrackPointExtension>
            <ns3:hr>165</ns3:hr>
            <ns3:cad>86</ns3:cad>
          </ns3:TrackPointExtension>
        </extensions>
      </trkpt>
      <trkpt lat="31.3321010582149028778076171875" lon="118.3534750901162624359130859375">
        <ele>8</ele>
        <time>2026-08-07T15:45:59.000Z</time>
        <extensions>
          <ns3:TrackPointExtension>
            <ns3:hr>165</ns3:hr>
            <ns3:cad>86</ns3:cad>
          </ns3:TrackPointExtension>
        </extensions>
      </trkpt>
      <trkpt lat="31.33212980814278125762939453125" lon="118.35345757193863391876220703125">
        <ele>8</ele>
        <time>2026-08-07T15:46:00.000Z</time>
        <extensions>
          <ns3:TrackPointExtension>
            <ns3:hr>165</ns3:hr>
            <ns3:cad>86</ns3:cad>
          </ns3:TrackPointExtension>
        </extensions>
      </trkpt>
      <trkpt lat="31.33215612731873989105224609375" lon="118.35344307124614715576171875">
        <ele>8</ele>
        <time>2026-08-07T15:46:01.000Z</time>
        <extensions>
          <ns3:TrackPointExtension>
            <ns3:hr>165</ns3:hr>
            <ns3:cad>87</ns3:cad>
          </ns3:TrackPointExtension>
        </extensions>
      </trkpt>
      <trkpt lat="31.33217833936214447021484375" lon="118.353425301611423492431640625">
        <ele>8</ele>
        <time>2026-08-07T15:46:02.000Z</time>
        <extensions>
          <ns3:TrackPointExtension>
            <ns3:hr>165</ns3:hr>
            <ns3:cad>87</ns3:cad>
          </ns3:TrackPointExtension>
        </extensions>
      </trkpt>
      <trkpt lat="31.33220742456614971160888671875" lon="118.35341063328087329864501953125">
        <ele>8</ele>
        <time>2026-08-07T15:46:03.000Z</time>
        <extensions>
          <ns3:TrackPointExtension>
            <ns3:hr>165</ns3:hr>
            <ns3:cad>87</ns3:cad>
          </ns3:TrackPointExtension>
        </extensions>
      </trkpt>
      <trkpt lat="31.33222385309636592864990234375" lon="118.35339454002678394317626953125">
        <ele>8</ele>
        <time>2026-08-07T15:46:04.000Z</time>
        <extensions>
          <ns3:TrackPointExtension>
            <ns3:hr>164</ns3:hr>
            <ns3:cad>87</ns3:cad>
          </ns3:TrackPointExtension>
        </extensions>
      </trkpt>
      <trkpt lat="31.33225486613810062408447265625" lon="118.353381715714931488037109375">
        <ele>8</ele>
        <time>2026-08-07T15:46:05.000Z</time>
        <extensions>
          <ns3:TrackPointExtension>
            <ns3:hr>165</ns3:hr>
            <ns3:cad>87</ns3:cad>
          </ns3:TrackPointExtension>
        </extensions>
      </trkpt>
      <trkpt lat="31.33227598853409290313720703125" lon="118.35336738266050815582275390625">
        <ele>8</ele>
        <time>2026-08-07T15:46:06.000Z</time>
        <extensions>
          <ns3:TrackPointExtension>
            <ns3:hr>164</ns3:hr>
            <ns3:cad>86</ns3:cad>
          </ns3:TrackPointExtension>
        </extensions>
      </trkpt>
      <trkpt lat="31.33230306208133697509765625" lon="118.35335430689156055450439453125">
        <ele>8</ele>
        <time>2026-08-07T15:46:07.000Z</time>
        <extensions>
          <ns3:TrackPointExtension>
            <ns3:hr>164</ns3:hr>
            <ns3:cad>86</ns3:cad>
          </ns3:TrackPointExtension>
        </extensions>
      </trkpt>
      <trkpt lat="31.33232980035245418548583984375" lon="118.35334760136902332305908203125">
        <ele>8</ele>
        <time>2026-08-07T15:46:08.000Z</time>
        <extensions>
          <ns3:TrackPointExtension>
            <ns3:hr>164</ns3:hr>
            <ns3:cad>85</ns3:cad>
          </ns3:TrackPointExtension>
        </extensions>
      </trkpt>
      <trkpt lat="31.33235645480453968048095703125" lon="118.3533366210758686065673828125">
        <ele>8</ele>
        <time>2026-08-07T15:46:09.000Z</time>
        <extensions>
          <ns3:TrackPointExtension>
            <ns3:hr>165</ns3:hr>
            <ns3:cad>86</ns3:cad>
          </ns3:TrackPointExtension>
        </extensions>
      </trkpt>
      <trkpt lat="31.33238461799919605255126953125" lon="118.35333603434264659881591796875">
        <ele>8</ele>
        <time>2026-08-07T15:46:10.000Z</time>
        <extensions>
          <ns3:TrackPointExtension>
            <ns3:hr>164</ns3:hr>
            <ns3:cad>86</ns3:cad>
          </ns3:TrackPointExtension>
        </extensions>
      </trkpt>
      <trkpt lat="31.3324091769754886627197265625" lon="118.35333134047687053680419921875">
        <ele>7.80000019073486328125</ele>
        <time>2026-08-07T15:46:11.000Z</time>
        <extensions>
          <ns3:TrackPointExtension>
            <ns3:hr>164</ns3:hr>
            <ns3:cad>87</ns3:cad>
          </ns3:TrackPointExtension>
        </extensions>
      </trkpt>
      <trkpt lat="31.33243943564593791961669921875" lon="118.35332815535366535186767578125">
        <ele>7.80000019073486328125</ele>
        <time>2026-08-07T15:46:12.000Z</time>
        <extensions>
          <ns3:TrackPointExtension>
            <ns3:hr>164</ns3:hr>
            <ns3:cad>87</ns3:cad>
          </ns3:TrackPointExtension>
        </extensions>
      </trkpt>
      <trkpt lat="31.33245527744293212890625" lon="118.35331373848021030426025390625">
        <ele>8</ele>
        <time>2026-08-07T15:46:13.000Z</time>
        <extensions>
          <ns3:TrackPointExtension>
            <ns3:hr>164</ns3:hr>
            <ns3:cad>87</ns3:cad>
          </ns3:TrackPointExtension>
        </extensions>
      </trkpt>
      <trkpt lat="31.332485117018222808837890625" lon="118.35330217145383358001708984375">
        <ele>8</ele>
        <time>2026-08-07T15:46:14.000Z</time>
        <extensions>
          <ns3:TrackPointExtension>
            <ns3:hr>164</ns3:hr>
            <ns3:cad>86</ns3:cad>
          </ns3:TrackPointExtension>
        </extensions>
      </trkpt>
      <trkpt lat="31.33250548504292964935302734375" lon="118.35329429246485233306884765625">
        <ele>8.19999980926513671875</ele>
        <time>2026-08-07T15:46:15.000Z</time>
        <extensions>
          <ns3:TrackPointExtension>
            <ns3:hr>164</ns3:hr>
            <ns3:cad>86</ns3:cad>
          </ns3:TrackPointExtension>
        </extensions>
      </trkpt>
      <trkpt lat="31.3325261883437633514404296875" lon="118.35328616201877593994140625">
        <ele>8.3999996185302734375</ele>
        <time>2026-08-07T15:46:16.000Z</time>
        <extensions>
          <ns3:TrackPointExtension>
            <ns3:hr>165</ns3:hr>
            <ns3:cad>86</ns3:cad>
          </ns3:TrackPointExtension>
        </extensions>
      </trkpt>
      <trkpt lat="31.33255510590970516204833984375" lon="118.353290855884552001953125">
        <ele>8.6000003814697265625</ele>
        <time>2026-08-07T15:46:17.000Z</time>
        <extensions>
          <ns3:TrackPointExtension>
            <ns3:hr>164</ns3:hr>
            <ns3:cad>87</ns3:cad>
          </ns3:TrackPointExtension>
        </extensions>
      </trkpt>
      <trkpt lat="31.332572959363460540771484375" lon="118.3532836474478244781494140625">
        <ele>9</ele>
        <time>2026-08-07T15:46:18.000Z</time>
        <extensions>
          <ns3:TrackPointExtension>
            <ns3:hr>164</ns3:hr>
            <ns3:cad>87</ns3:cad>
          </ns3:TrackPointExtension>
        </extensions>
      </trkpt>
      <trkpt lat="31.33259584195911884307861328125" lon="118.353280462324619293212890625">
        <ele>9.19999980926513671875</ele>
        <time>2026-08-07T15:46:19.000Z</time>
        <extensions>
          <ns3:TrackPointExtension>
            <ns3:hr>165</ns3:hr>
            <ns3:cad>86</ns3:cad>
          </ns3:TrackPointExtension>
        </extensions>
      </trkpt>
      <trkpt lat="31.3326175510883331298828125" lon="118.35327987559139728546142578125">
        <ele>9.6000003814697265625</ele>
        <time>2026-08-07T15:46:20.000Z</time>
        <extensions>
          <ns3:TrackPointExtension>
            <ns3:hr>165</ns3:hr>
            <ns3:cad>85</ns3:cad>
          </ns3:TrackPointExtension>
        </extensions>
      </trkpt>
      <trkpt lat="31.332639344036579132080078125" lon="118.3532742597162723541259765625">
        <ele>9.80000019073486328125</ele>
        <time>2026-08-07T15:46:21.000Z</time>
        <extensions>
          <ns3:TrackPointExtension>
            <ns3:hr>165</ns3:hr>
            <ns3:cad>82</ns3:cad>
          </ns3:TrackPointExtension>
        </extensions>
      </trkpt>
      <trkpt lat="31.33266909979283809661865234375" lon="118.35326847620308399200439453125">
        <ele>9.80000019073486328125</ele>
        <time>2026-08-07T15:46:22.000Z</time>
        <extensions>
          <ns3:TrackPointExtension>
            <ns3:hr>165</ns3:hr>
            <ns3:cad>82</ns3:cad>
          </ns3:TrackPointExtension>
        </extensions>
      </trkpt>
      <trkpt lat="31.33269206620752811431884765625" lon="118.3532538078725337982177734375">
        <ele>9.6000003814697265625</ele>
        <time>2026-08-07T15:46:23.000Z</time>
        <extensions>
          <ns3:TrackPointExtension>
            <ns3:hr>165</ns3:hr>
            <ns3:cad>82</ns3:cad>
          </ns3:TrackPointExtension>
        </extensions>
      </trkpt>
      <trkpt lat="31.3327152840793132781982421875" lon="118.35323494859039783477783203125">
        <ele>9.3999996185302734375</ele>
        <time>2026-08-07T15:46:24.000Z</time>
        <extensions>
          <ns3:TrackPointExtension>
            <ns3:hr>165</ns3:hr>
            <ns3:cad>83</ns3:cad>
          </ns3:TrackPointExtension>
        </extensions>
      </trkpt>
      <trkpt lat="31.33273649029433727264404296875" lon="118.35321843624114990234375">
        <ele>9</ele>
        <time>2026-08-07T15:46:25.000Z</time>
        <extensions>
          <ns3:TrackPointExtension>
            <ns3:hr>165</ns3:hr>
            <ns3:cad>83</ns3:cad>
          </ns3:TrackPointExtension>
        </extensions>
      </trkpt>
      <trkpt lat="31.33276398293673992156982421875" lon="118.3532075397670269012451171875">
        <ele>8.80000019073486328125</ele>
        <time>2026-08-07T15:46:26.000Z</time>
        <extensions>
          <ns3:TrackPointExtension>
            <ns3:hr>166</ns3:hr>
            <ns3:cad>86</ns3:cad>
          </ns3:TrackPointExtension>
        </extensions>
      </trkpt>
      <trkpt lat="31.33277739398181438446044921875" lon="118.35319220088422298431396484375">
        <ele>8.80000019073486328125</ele>
        <time>2026-08-07T15:46:27.000Z</time>
        <extensions>
          <ns3:TrackPointExtension>
            <ns3:hr>165</ns3:hr>
            <ns3:cad>88</ns3:cad>
          </ns3:TrackPointExtension>
        </extensions>
      </trkpt>
      <trkpt lat="31.33280731737613677978515625" lon="118.35317795164883136749267578125">
        <ele>8.6000003814697265625</ele>
        <time>2026-08-07T15:46:28.000Z</time>
        <extensions>
          <ns3:TrackPointExtension>
            <ns3:hr>165</ns3:hr>
            <ns3:cad>90</ns3:cad>
          </ns3:TrackPointExtension>
        </extensions>
      </trkpt>
      <trkpt lat="31.332827769219875335693359375" lon="118.35316085256636142730712890625">
        <ele>8.6000003814697265625</ele>
        <time>2026-08-07T15:46:29.000Z</time>
        <extensions>
          <ns3:TrackPointExtension>
            <ns3:hr>166</ns3:hr>
            <ns3:cad>90</ns3:cad>
          </ns3:TrackPointExtension>
        </extensions>
      </trkpt>
      <trkpt lat="31.33285718970000743865966796875" lon="118.3531419932842254638671875">
        <ele>8.6000003814697265625</ele>
        <time>2026-08-07T15:46:30.000Z</time>
        <extensions>
          <ns3:TrackPointExtension>
            <ns3:hr>165</ns3:hr>
            <ns3:cad>88</ns3:cad>
          </ns3:TrackPointExtension>
        </extensions>
      </trkpt>
      <trkpt lat="31.3328830897808074951171875" lon="118.35312866605818271636962890625">
        <ele>8.6000003814697265625</ele>
        <time>2026-08-07T15:46:31.000Z</time>
        <extensions>
          <ns3:TrackPointExtension>
            <ns3:hr>165</ns3:hr>
            <ns3:cad>87</ns3:cad>
          </ns3:TrackPointExtension>
        </extensions>
      </trkpt>
      <trkpt lat="31.3329030387103557586669921875" lon="118.35311089642345905303955078125">
        <ele>8.6000003814697265625</ele>
        <time>2026-08-07T15:46:32.000Z</time>
        <extensions>
          <ns3:TrackPointExtension>
            <ns3:hr>166</ns3:hr>
            <ns3:cad>87</ns3:cad>
          </ns3:TrackPointExtension>
        </extensions>
      </trkpt>
      <trkpt lat="31.332931034266948699951171875" lon="118.35309564135968685150146484375">
        <ele>8.6000003814697265625</ele>
        <time>2026-08-07T15:46:33.000Z</time>
        <extensions>
          <ns3:TrackPointExtension>
            <ns3:hr>165</ns3:hr>
            <ns3:cad>86</ns3:cad>
          </ns3:TrackPointExtension>
        </extensions>
      </trkpt>
      <trkpt lat="31.33294721134006977081298828125" lon="118.35307736881077289581298828125">
        <ele>8.6000003814697265625</ele>
        <time>2026-08-07T15:46:34.000Z</time>
        <extensions>
          <ns3:TrackPointExtension>
            <ns3:hr>165</ns3:hr>
            <ns3:cad>86</ns3:cad>
          </ns3:TrackPointExtension>
        </extensions>
      </trkpt>
      <trkpt lat="31.3329771347343921661376953125" lon="118.35306513123214244842529296875">
        <ele>8.6000003814697265625</ele>
        <time>2026-08-07T15:46:35.000Z</time>
        <extensions>
          <ns3:TrackPointExtension>
            <ns3:hr>166</ns3:hr>
            <ns3:cad>86</ns3:cad>
          </ns3:TrackPointExtension>
        </extensions>
      </trkpt>
      <trkpt lat="31.33299616165459156036376953125" lon="118.3530529774725437164306640625">
        <ele>8.6000003814697265625</ele>
        <time>2026-08-07T15:46:36.000Z</time>
        <extensions>
          <ns3:TrackPointExtension>
            <ns3:hr>166</ns3:hr>
            <ns3:cad>85</ns3:cad>
          </ns3:TrackPointExtension>
        </extensions>
      </trkpt>
      <trkpt lat="31.333023570477962493896484375" lon="118.3530400693416595458984375">
        <ele>8.6000003814697265625</ele>
        <time>2026-08-07T15:46:37.000Z</time>
        <extensions>
          <ns3:TrackPointExtension>
            <ns3:hr>166</ns3:hr>
            <ns3:cad>85</ns3:cad>
          </ns3:TrackPointExtension>
        </extensions>
      </trkpt>
      <trkpt lat="31.33305047638714313507080078125" lon="118.35303043015301227569580078125">
        <ele>8.6000003814697265625</ele>
        <time>2026-08-07T15:46:38.000Z</time>
        <extensions>
          <ns3:TrackPointExtension>
            <ns3:hr>166</ns3:hr>
            <ns3:cad>85</ns3:cad>
          </ns3:TrackPointExtension>
        </extensions>
      </trkpt>
      <trkpt lat="31.33307159878313541412353515625" lon="118.35301735438406467437744140625">
        <ele>8.6000003814697265625</ele>
        <time>2026-08-07T15:46:39.000Z</time>
        <extensions>
          <ns3:TrackPointExtension>
            <ns3:hr>165</ns3:hr>
            <ns3:cad>85</ns3:cad>
          </ns3:TrackPointExtension>
        </extensions>
      </trkpt>
      <trkpt lat="31.3331008516252040863037109375" lon="118.35300721228122711181640625">
        <ele>8.6000003814697265625</ele>
        <time>2026-08-07T15:46:40.000Z</time>
        <extensions>
          <ns3:TrackPointExtension>
            <ns3:hr>165</ns3:hr>
            <ns3:cad>86</ns3:cad>
          </ns3:TrackPointExtension>
        </extensions>
      </trkpt>
      <trkpt lat="31.33311803452670574188232421875" lon="118.352995477616786956787109375">
        <ele>8.6000003814697265625</ele>
        <time>2026-08-07T15:46:41.000Z</time>
        <extensions>
          <ns3:TrackPointExtension>
            <ns3:hr>165</ns3:hr>
            <ns3:cad>86</ns3:cad>
          </ns3:TrackPointExtension>
        </extensions>
      </trkpt>
      <trkpt lat="31.3331430964171886444091796875" lon="118.35297661833465099334716796875">
        <ele>8.6000003814697265625</ele>
        <time>2026-08-07T15:46:42.000Z</time>
        <extensions>
          <ns3:TrackPointExtension>
            <ns3:hr>165</ns3:hr>
            <ns3:cad>86</ns3:cad>
          </ns3:TrackPointExtension>
        </extensions>
      </trkpt>
      <trkpt lat="31.333152316510677337646484375" lon="118.352955915033817291259765625">
        <ele>8.6000003814697265625</ele>
        <time>2026-08-07T15:46:43.000Z</time>
        <extensions>
          <ns3:TrackPointExtension>
            <ns3:hr>165</ns3:hr>
            <ns3:cad>86</ns3:cad>
          </ns3:TrackPointExtension>
        </extensions>
      </trkpt>
      <trkpt lat="31.33316329680383205413818359375" lon="118.35292783565819263458251953125">
        <ele>8.6000003814697265625</ele>
        <time>2026-08-07T15:46:44.000Z</time>
        <extensions>
          <ns3:TrackPointExtension>
            <ns3:hr>165</ns3:hr>
            <ns3:cad>85</ns3:cad>
          </ns3:TrackPointExtension>
        </extensions>
      </trkpt>
      <trkpt lat="31.33318123407661914825439453125" lon="118.3529074676334857940673828125">
        <ele>8.6000003814697265625</ele>
        <time>2026-08-07T15:46:45.000Z</time>
        <extensions>
          <ns3:TrackPointExtension>
            <ns3:hr>165</ns3:hr>
            <ns3:cad>85</ns3:cad>
          </ns3:TrackPointExtension>
        </extensions>
      </trkpt>
      <trkpt lat="31.333200931549072265625" lon="118.352892883121967315673828125">
        <ele>8.6000003814697265625</ele>
        <time>2026-08-07T15:46:46.000Z</time>
        <extensions>
          <ns3:TrackPointExtension>
            <ns3:hr>165</ns3:hr>
            <ns3:cad>85</ns3:cad>
          </ns3:TrackPointExtension>
        </extensions>
      </trkpt>
      <trkpt lat="31.3332329504191875457763671875" lon="118.352884836494922637939453125">
        <ele>8.6000003814697265625</ele>
        <time>2026-08-07T15:46:47.000Z</time>
        <extensions>
          <ns3:TrackPointExtension>
            <ns3:hr>164</ns3:hr>
            <ns3:cad>85</ns3:cad>
          </ns3:TrackPointExtension>
        </extensions>
      </trkpt>
      <trkpt lat="31.333254240453243255615234375" lon="118.352870754897594451904296875">
        <ele>8.6000003814697265625</ele>
        <time>2026-08-07T15:46:48.000Z</time>
        <extensions>
          <ns3:TrackPointExtension>
            <ns3:hr>164</ns3:hr>
            <ns3:cad>86</ns3:cad>
          </ns3:TrackPointExtension>
        </extensions>
      </trkpt>
      <trkpt lat="31.3332865945994853973388671875" lon="118.3528618700802326202392578125">
        <ele>8.80000019073486328125</ele>
        <time>2026-08-07T15:46:49.000Z</time>
        <extensions>
          <ns3:TrackPointExtension>
            <ns3:hr>164</ns3:hr>
            <ns3:cad>87</ns3:cad>
          </ns3:TrackPointExtension>
        </extensions>
      </trkpt>
      <trkpt lat="31.33330998010933399200439453125" lon="118.35285088978707790374755859375">
        <ele>8.80000019073486328125</ele>
        <time>2026-08-07T15:46:50.000Z</time>
        <extensions>
          <ns3:TrackPointExtension>
            <ns3:hr>164</ns3:hr>
            <ns3:cad>86</ns3:cad>
          </ns3:TrackPointExtension>
        </extensions>
      </trkpt>
      <trkpt lat="31.3333392329514026641845703125" lon="118.352841250598430633544921875">
        <ele>8.80000019073486328125</ele>
        <time>2026-08-07T15:46:51.000Z</time>
        <extensions>
          <ns3:TrackPointExtension>
            <ns3:hr>164</ns3:hr>
            <ns3:cad>86</ns3:cad>
          </ns3:TrackPointExtension>
        </extensions>
      </trkpt>
      <trkpt lat="31.33336563594639301300048828125" lon="118.35283898748457431793212890625">
        <ele>8.6000003814697265625</ele>
        <time>2026-08-07T15:46:52.000Z</time>
        <extensions>
          <ns3:TrackPointExtension>
            <ns3:hr>164</ns3:hr>
            <ns3:cad>85</ns3:cad>
          </ns3:TrackPointExtension>
        </extensions>
      </trkpt>
      <trkpt lat="31.33339128457009792327880859375" lon="118.35283312015235424041748046875">
        <ele>8.6000003814697265625</ele>
        <time>2026-08-07T15:46:53.000Z</time>
        <extensions>
          <ns3:TrackPointExtension>
            <ns3:hr>164</ns3:hr>
            <ns3:cad>85</ns3:cad>
          </ns3:TrackPointExtension>
        </extensions>
      </trkpt>
      <trkpt lat="31.33342330344021320343017578125" lon="118.35282809101045131683349609375">
        <ele>8.6000003814697265625</ele>
        <time>2026-08-07T15:46:54.000Z</time>
        <extensions>
          <ns3:TrackPointExtension>
            <ns3:hr>164</ns3:hr>
            <ns3:cad>86</ns3:cad>
          </ns3:TrackPointExtension>
        </extensions>
      </trkpt>
      <trkpt lat="31.33344677276909351348876953125" lon="118.35282054729759693145751953125">
        <ele>8.6000003814697265625</ele>
        <time>2026-08-07T15:46:55.000Z</time>
        <extensions>
          <ns3:TrackPointExtension>
            <ns3:hr>163</ns3:hr>
            <ns3:cad>86</ns3:cad>
          </ns3:TrackPointExtension>
        </extensions>
      </trkpt>
      <trkpt lat="31.33347778581082820892333984375" lon="118.35280227474868297576904296875">
        <ele>8.6000003814697265625</ele>
        <time>2026-08-07T15:46:56.000Z</time>
        <extensions>
          <ns3:TrackPointExtension>
            <ns3:hr>163</ns3:hr>
            <ns3:cad>86</ns3:cad>
          </ns3:TrackPointExtension>
        </extensions>
      </trkpt>
      <trkpt lat="31.33349421434104442596435546875" lon="118.35277914069592952728271484375">
        <ele>8.6000003814697265625</ele>
        <time>2026-08-07T15:46:57.000Z</time>
        <extensions>
          <ns3:TrackPointExtension>
            <ns3:hr>163</ns3:hr>
            <ns3:cad>87</ns3:cad>
          </ns3:TrackPointExtension>
        </extensions>
      </trkpt>
      <trkpt lat="31.33352086879312992095947265625" lon="118.3527503907680511474609375">
        <ele>8.6000003814697265625</ele>
        <time>2026-08-07T15:46:58.000Z</time>
        <extensions>
          <ns3:TrackPointExtension>
            <ns3:hr>163</ns3:hr>
            <ns3:cad>87</ns3:cad>
          </ns3:TrackPointExtension>
        </extensions>
      </trkpt>
      <trkpt lat="31.33354316465556621551513671875" lon="118.3527287654578685760498046875">
        <ele>8.80000019073486328125</ele>
        <time>2026-08-07T15:46:59.000Z</time>
        <extensions>
          <ns3:TrackPointExtension>
            <ns3:hr>162</ns3:hr>
            <ns3:cad>87</ns3:cad>
          </ns3:TrackPointExtension>
        </extensions>
      </trkpt>
      <trkpt lat="31.333564706146717071533203125" lon="118.352707810699939727783203125">
        <ele>8.80000019073486328125</ele>
        <time>2026-08-07T15:47:00.000Z</time>
        <extensions>
          <ns3:TrackPointExtension>
            <ns3:hr>162</ns3:hr>
            <ns3:cad>86</ns3:cad>
          </ns3:TrackPointExtension>
        </extensions>
      </trkpt>
      <trkpt lat="31.33359144441783428192138671875" lon="118.35269213654100894927978515625">
        <ele>8.80000019073486328125</ele>
        <time>2026-08-07T15:47:01.000Z</time>
        <extensions>
          <ns3:TrackPointExtension>
            <ns3:hr>162</ns3:hr>
            <ns3:cad>86</ns3:cad>
          </ns3:TrackPointExtension>
        </extensions>
      </trkpt>
      <trkpt lat="31.3336118124425411224365234375" lon="118.35267621092498302459716796875">
        <ele>9</ele>
        <time>2026-08-07T15:47:02.000Z</time>
        <extensions>
          <ns3:TrackPointExtension>
            <ns3:hr>163</ns3:hr>
            <ns3:cad>86</ns3:cad>
          </ns3:TrackPointExtension>
        </extensions>
      </trkpt>
      <trkpt lat="31.333639137446880340576171875" lon="118.3526650629937648773193359375">
        <ele>9</ele>
        <time>2026-08-07T15:47:03.000Z</time>
        <extensions>
          <ns3:TrackPointExtension>
            <ns3:hr>163</ns3:hr>
            <ns3:cad>86</ns3:cad>
          </ns3:TrackPointExtension>
        </extensions>
      </trkpt>
      <trkpt lat="31.33366151712834835052490234375" lon="118.35265425033867359161376953125">
        <ele>9</ele>
        <time>2026-08-07T15:47:04.000Z</time>
        <extensions>
          <ns3:TrackPointExtension>
            <ns3:hr>162</ns3:hr>
            <ns3:cad>86</ns3:cad>
          </ns3:TrackPointExtension>
        </extensions>
      </trkpt>
      <trkpt lat="31.33368699811398983001708984375" lon="118.3526506461203098297119140625">
        <ele>9</ele>
        <time>2026-08-07T15:47:05.000Z</time>
        <extensions>
          <ns3:TrackPointExtension>
            <ns3:hr>162</ns3:hr>
            <ns3:cad>86</ns3:cad>
          </ns3:TrackPointExtension>
        </extensions>
      </trkpt>
      <trkpt lat="31.333709545433521270751953125" lon="118.35263916291296482086181640625">
        <ele>9</ele>
        <time>2026-08-07T15:47:06.000Z</time>
        <extensions>
          <ns3:TrackPointExtension>
            <ns3:hr>162</ns3:hr>
            <ns3:cad>85</ns3:cad>
          </ns3:TrackPointExtension>
        </extensions>
      </trkpt>
      <trkpt lat="31.33371968753635883331298828125" lon="118.35262659005820751190185546875">
        <ele>8.80000019073486328125</ele>
        <time>2026-08-07T15:47:07.000Z</time>
        <extensions>
          <ns3:TrackPointExtension>
            <ns3:hr>162</ns3:hr>
            <ns3:cad>85</ns3:cad>
          </ns3:TrackPointExtension>
        </extensions>
      </trkpt>
      <trkpt lat="31.33371834643185138702392578125" lon="118.352616615593433380126953125">
        <ele>8.80000019073486328125</ele>
        <time>2026-08-07T15:47:08.000Z</time>
        <extensions>
          <ns3:TrackPointExtension>
            <ns3:hr>162</ns3:hr>
            <ns3:cad>86</ns3:cad>
          </ns3:TrackPointExtension>
        </extensions>
      </trkpt>
      <trkpt lat="31.33372337557375431060791015625" lon="118.352597840130329132080078125">
        <ele>8.6000003814697265625</ele>
        <time>2026-08-07T15:47:09.000Z</time>
        <extensions>
          <ns3:TrackPointExtension>
            <ns3:hr>162</ns3:hr>
            <ns3:cad>86</ns3:cad>
          </ns3:TrackPointExtension>
        </extensions>
      </trkpt>
      <trkpt lat="31.3337180949747562408447265625" lon="118.35258266888558864593505859375">
        <ele>8.3999996185302734375</ele>
        <time>2026-08-07T15:47:10.000Z</time>
        <extensions>
          <ns3:TrackPointExtension>
            <ns3:hr>163</ns3:hr>
            <ns3:cad>86</ns3:cad>
          </ns3:TrackPointExtension>
        </extensions>
      </trkpt>
      <trkpt lat="31.3337241299450397491455078125" lon="118.352548889815807342529296875">
        <ele>8.19999980926513671875</ele>
        <time>2026-08-07T15:47:11.000Z</time>
        <extensions>
          <ns3:TrackPointExtension>
            <ns3:hr>162</ns3:hr>
            <ns3:cad>86</ns3:cad>
          </ns3:TrackPointExtension>
        </extensions>
      </trkpt>
      <trkpt lat="31.33372538723051548004150390625" lon="118.3525205589830875396728515625">
        <ele>8</ele>
        <time>2026-08-07T15:47:12.000Z</time>
        <extensions>
          <ns3:TrackPointExtension>
            <ns3:hr>162</ns3:hr>
            <ns3:cad>86</ns3:cad>
          </ns3:TrackPointExtension>
        </extensions>
      </trkpt>
      <trkpt lat="31.333740390837192535400390625" lon="118.3524848520755767822265625">
        <ele>7.599999904632568359375</ele>
        <time>2026-08-07T15:47:13.000Z</time>
        <extensions>
          <ns3:TrackPointExtension>
            <ns3:hr>163</ns3:hr>
            <ns3:cad>86</ns3:cad>
          </ns3:TrackPointExtension>
        </extensions>
      </trkpt>
      <trkpt lat="31.3337462581694126129150390625" lon="118.35245895199477672576904296875">
        <ele>7.400000095367431640625</ele>
        <time>2026-08-07T15:47:14.000Z</time>
        <extensions>
          <ns3:TrackPointExtension>
            <ns3:hr>162</ns3:hr>
            <ns3:cad>0</ns3:cad>
          </ns3:TrackPointExtension>
        </extensions>
      </trkpt>
      <trkpt lat="31.333769895136356353759765625" lon="118.35243053734302520751953125">
        <ele>7.400000095367431640625</ele>
        <time>2026-08-07T15:47:15.000Z</time>
        <extensions>
          <ns3:TrackPointExtension>
            <ns3:hr>162</ns3:hr>
            <ns3:cad>0</ns3:cad>
          </ns3:TrackPointExtension>
        </extensions>
      </trkpt>
      <trkpt lat="31.33378657512366771697998046875" lon="118.35240799002349376678466796875">
        <ele>7.400000095367431640625</ele>
        <time>2026-08-07T15:47:16.000Z</time>
        <extensions>
          <ns3:TrackPointExtension>
            <ns3:hr>162</ns3:hr>
            <ns3:cad>0</ns3:cad>
          </ns3:TrackPointExtension>
        </extensions>
      </trkpt>
      <trkpt lat="31.33381406776607036590576171875" lon="118.3523882925510406494140625">
        <ele>7.400000095367431640625</ele>
        <time>2026-08-07T15:47:17.000Z</time>
        <extensions>
          <ns3:TrackPointExtension>
            <ns3:hr>162</ns3:hr>
            <ns3:cad>88</ns3:cad>
          </ns3:TrackPointExtension>
        </extensions>
      </trkpt>
      <trkpt lat="31.33384172804653644561767578125" lon="118.3523784019052982330322265625">
        <ele>7.400000095367431640625</ele>
        <time>2026-08-07T15:47:18.000Z</time>
        <extensions>
          <ns3:TrackPointExtension>
            <ns3:hr>162</ns3:hr>
            <ns3:cad>88</ns3:cad>
          </ns3:TrackPointExtension>
        </extensions>
      </trkpt>
      <trkpt lat="31.33386502973735332489013671875" lon="118.352362811565399169921875">
        <ele>7.400000095367431640625</ele>
        <time>2026-08-07T15:47:19.000Z</time>
        <extensions>
          <ns3:TrackPointExtension>
            <ns3:hr>162</ns3:hr>
            <ns3:cad>88</ns3:cad>
          </ns3:TrackPointExtension>
        </extensions>
      </trkpt>
      <trkpt lat="31.33389361202716827392578125" lon="118.35235719569027423858642578125">
        <ele>7.400000095367431640625</ele>
        <time>2026-08-07T15:47:20.000Z</time>
        <extensions>
          <ns3:TrackPointExtension>
            <ns3:hr>161</ns3:hr>
            <ns3:cad>87</ns3:cad>
          </ns3:TrackPointExtension>
        </extensions>
      </trkpt>
      <trkpt lat="31.333914734423160552978515625" lon="118.35234914906322956085205078125">
        <ele>7.400000095367431640625</ele>
        <time>2026-08-07T15:47:21.000Z</time>
        <extensions>
          <ns3:TrackPointExtension>
            <ns3:hr>162</ns3:hr>
            <ns3:cad>86</ns3:cad>
          </ns3:TrackPointExtension>
        </extensions>
      </trkpt>
      <trkpt lat="31.33394700475037097930908203125" lon="118.35235602222383022308349609375">
        <ele>7.400000095367431640625</ele>
        <time>2026-08-07T15:47:22.000Z</time>
        <extensions>
          <ns3:TrackPointExtension>
            <ns3:hr>162</ns3:hr>
            <ns3:cad>85</ns3:cad>
          </ns3:TrackPointExtension>
        </extensions>
      </trkpt>
      <trkpt lat="31.3339712284505367279052734375" lon="118.35235853679478168487548828125">
        <ele>7.400000095367431640625</ele>
        <time>2026-08-07T15:47:23.000Z</time>
        <extensions>
          <ns3:TrackPointExtension>
            <ns3:hr>162</ns3:hr>
            <ns3:cad>85</ns3:cad>
          </ns3:TrackPointExtension>
        </extensions>
      </trkpt>
      <trkpt lat="31.3339988887310028076171875" lon="118.3523676730692386627197265625">
        <ele>7.400000095367431640625</ele>
        <time>2026-08-07T15:47:24.000Z</time>
        <extensions>
          <ns3:TrackPointExtension>
            <ns3:hr>161</ns3:hr>
            <ns3:cad>85</ns3:cad>
          </ns3:TrackPointExtension>
        </extensions>
      </trkpt>
      <trkpt lat="31.33402646519243717193603515625" lon="118.35238602943718433380126953125">
        <ele>7.19999980926513671875</ele>
        <time>2026-08-07T15:47:25.000Z</time>
        <extensions>
          <ns3:TrackPointExtension>
            <ns3:hr>161</ns3:hr>
            <ns3:cad>86</ns3:cad>
          </ns3:TrackPointExtension>
        </extensions>
      </trkpt>
      <trkpt lat="31.33404423482716083526611328125" lon="118.35239273495972156524658203125">
        <ele>7.19999980926513671875</ele>
        <time>2026-08-07T15:47:26.000Z</time>
        <extensions>
          <ns3:TrackPointExtension>
            <ns3:hr>161</ns3:hr>
            <ns3:cad>86</ns3:cad>
          </ns3:TrackPointExtension>
        </extensions>
      </trkpt>
      <trkpt lat="31.334059573709964752197265625" lon="118.3524070680141448974609375">
        <ele>7.400000095367431640625</ele>
        <time>2026-08-07T15:47:27.000Z</time>
        <extensions>
          <ns3:TrackPointExtension>
            <ns3:hr>161</ns3:hr>
            <ns3:cad>86</ns3:cad>
          </ns3:TrackPointExtension>
        </extensions>
      </trkpt>
      <trkpt lat="31.33407457731664180755615234375" lon="118.35243280045688152313232421875">
        <ele>7.400000095367431640625</ele>
        <time>2026-08-07T15:47:28.000Z</time>
        <extensions>
          <ns3:TrackPointExtension>
            <ns3:hr>161</ns3:hr>
            <ns3:cad>85</ns3:cad>
          </ns3:TrackPointExtension>
        </extensions>
      </trkpt>
      <trkpt lat="31.334094442427158355712890625" lon="118.35244235582649707794189453125">
        <ele>7.80000019073486328125</ele>
        <time>2026-08-07T15:47:29.000Z</time>
        <extensions>
          <ns3:TrackPointExtension>
            <ns3:hr>160</ns3:hr>
            <ns3:cad>85</ns3:cad>
          </ns3:TrackPointExtension>
        </extensions>
      </trkpt>
      <trkpt lat="31.3341169059276580810546875" lon="118.35244017653167247772216796875">
        <ele>8.19999980926513671875</ele>
        <time>2026-08-07T15:47:30.000Z</time>
        <extensions>
          <ns3:TrackPointExtension>
            <ns3:hr>160</ns3:hr>
            <ns3:cad>85</ns3:cad>
          </ns3:TrackPointExtension>
        </extensions>
      </trkpt>
      <trkpt lat="31.33413970470428466796875" lon="118.35242995060980319976806640625">
        <ele>8.3999996185302734375</ele>
        <time>2026-08-07T15:47:31.000Z</time>
        <extensions>
          <ns3:TrackPointExtension>
            <ns3:hr>160</ns3:hr>
            <ns3:cad>85</ns3:cad>
          </ns3:TrackPointExtension>
        </extensions>
      </trkpt>
      <trkpt lat="31.33416376076638698577880859375" lon="118.35241704247891902923583984375">
        <ele>8.6000003814697265625</ele>
        <time>2026-08-07T15:47:32.000Z</time>
        <extensions>
          <ns3:TrackPointExtension>
            <ns3:hr>160</ns3:hr>
            <ns3:cad>83</ns3:cad>
          </ns3:TrackPointExtension>
        </extensions>
      </trkpt>
      <trkpt lat="31.33417901583015918731689453125" lon="118.35240094922482967376708984375">
        <ele>8.80000019073486328125</ele>
        <time>2026-08-07T15:47:33.000Z</time>
        <extensions>
          <ns3:TrackPointExtension>
            <ns3:hr>160</ns3:hr>
            <ns3:cad>80</ns3:cad>
          </ns3:TrackPointExtension>
        </extensions>
      </trkpt>
      <trkpt lat="31.3342055864632129669189453125" lon="118.35238720290362834930419921875">
        <ele>8.6000003814697265625</ele>
        <time>2026-08-07T15:47:34.000Z</time>
        <extensions>
          <ns3:TrackPointExtension>
            <ns3:hr>159</ns3:hr>
            <ns3:cad>80</ns3:cad>
          </ns3:TrackPointExtension>
        </extensions>
      </trkpt>
      <trkpt lat="31.33422444574534893035888671875" lon="118.35237379185855388641357421875">
        <ele>8.6000003814697265625</ele>
        <time>2026-08-07T15:47:35.000Z</time>
        <extensions>
          <ns3:TrackPointExtension>
            <ns3:hr>159</ns3:hr>
            <ns3:cad>81</ns3:cad>
          </ns3:TrackPointExtension>
        </extensions>
      </trkpt>
      <trkpt lat="31.33424489758908748626708984375" lon="118.352362476289272308349609375">
        <ele>8.6000003814697265625</ele>
        <time>2026-08-07T15:47:36.000Z</time>
        <extensions>
          <ns3:TrackPointExtension>
            <ns3:hr>159</ns3:hr>
            <ns3:cad>83</ns3:cad>
          </ns3:TrackPointExtension>
        </extensions>
      </trkpt>
      <trkpt lat="31.3342642597854137420654296875" lon="118.352350406348705291748046875">
        <ele>8.6000003814697265625</ele>
        <time>2026-08-07T15:47:37.000Z</time>
        <extensions>
          <ns3:TrackPointExtension>
            <ns3:hr>159</ns3:hr>
            <ns3:cad>83</ns3:cad>
          </ns3:TrackPointExtension>
        </extensions>
      </trkpt>
      <trkpt lat="31.33427674882113933563232421875" lon="118.352339006960391998291015625">
        <ele>8.6000003814697265625</ele>
        <time>2026-08-07T15:47:38.000Z</time>
        <extensions>
          <ns3:TrackPointExtension>
            <ns3:hr>159</ns3:hr>
            <ns3:cad>85</ns3:cad>
          </ns3:TrackPointExtension>
        </extensions>
      </trkpt>
      <trkpt lat="31.3343038223683834075927734375" lon="118.35232794284820556640625">
        <ele>8.80000019073486328125</ele>
        <time>2026-08-07T15:47:39.000Z</time>
        <extensions>
          <ns3:TrackPointExtension>
            <ns3:hr>159</ns3:hr>
            <ns3:cad>85</ns3:cad>
          </ns3:TrackPointExtension>
        </extensions>
      </trkpt>
      <trkpt lat="31.3343202508985996246337890625" lon="118.35231310687959194183349609375">
        <ele>8.80000019073486328125</ele>
        <time>2026-08-07T15:47:40.000Z</time>
        <extensions>
          <ns3:TrackPointExtension>
            <ns3:hr>158</ns3:hr>
            <ns3:cad>84</ns3:cad>
          </ns3:TrackPointExtension>
        </extensions>
      </trkpt>
      <trkpt lat="31.3343457318842411041259765625" lon="118.352298773825168609619140625">
        <ele>8.80000019073486328125</ele>
        <time>2026-08-07T15:47:41.000Z</time>
        <extensions>
          <ns3:TrackPointExtension>
            <ns3:hr>158</ns3:hr>
            <ns3:cad>84</ns3:cad>
          </ns3:TrackPointExtension>
        </extensions>
      </trkpt>
      <trkpt lat="31.33437179960310459136962890625" lon="118.35229014046490192413330078125">
        <ele>8.6000003814697265625</ele>
        <time>2026-08-07T15:47:42.000Z</time>
        <extensions>
          <ns3:TrackPointExtension>
            <ns3:hr>157</ns3:hr>
            <ns3:cad>84</ns3:cad>
          </ns3:TrackPointExtension>
        </extensions>
      </trkpt>
      <trkpt lat="31.33438839577138423919677734375" lon="118.35227253846824169158935546875">
        <ele>8.80000019073486328125</ele>
        <time>2026-08-07T15:47:43.000Z</time>
        <extensions>
          <ns3:TrackPointExtension>
            <ns3:hr>157</ns3:hr>
            <ns3:cad>84</ns3:cad>
          </ns3:TrackPointExtension>
        </extensions>
      </trkpt>
      <trkpt lat="31.3344050757586956024169921875" lon="118.35226147435605525970458984375">
        <ele>9</ele>
        <time>2026-08-07T15:47:44.000Z</time>
        <extensions>
          <ns3:TrackPointExtension>
            <ns3:hr>156</ns3:hr>
            <ns3:cad>84</ns3:cad>
          </ns3:TrackPointExtension>
        </extensions>
      </trkpt>
      <trkpt lat="31.3344282098114490509033203125" lon="118.35224806331098079681396484375">
        <ele>9.19999980926513671875</ele>
        <time>2026-08-07T15:47:45.000Z</time>
        <extensions>
          <ns3:TrackPointExtension>
            <ns3:hr>156</ns3:hr>
            <ns3:cad>84</ns3:cad>
          </ns3:TrackPointExtension>
        </extensions>
      </trkpt>
      <trkpt lat="31.33443944156169891357421875" lon="118.35222995840013027191162109375">
        <ele>9.3999996185302734375</ele>
        <time>2026-08-07T15:47:46.000Z</time>
        <extensions>
          <ns3:TrackPointExtension>
            <ns3:hr>156</ns3:hr>
            <ns3:cad>83</ns3:cad>
          </ns3:TrackPointExtension>
        </extensions>
      </trkpt>
      <trkpt lat="31.334461905062198638916015625" lon="118.352209590375423431396484375">
        <ele>9.6000003814697265625</ele>
        <time>2026-08-07T15:47:47.000Z</time>
        <extensions>
          <ns3:TrackPointExtension>
            <ns3:hr>156</ns3:hr>
            <ns3:cad>83</ns3:cad>
          </ns3:TrackPointExtension>
        </extensions>
      </trkpt>
      <trkpt lat="31.33448294363915920257568359375" lon="118.3521953411400318145751953125">
        <ele>9.80000019073486328125</ele>
        <time>2026-08-07T15:47:48.000Z</time>
        <extensions>
          <ns3:TrackPointExtension>
            <ns3:hr>156</ns3:hr>
            <ns3:cad>81</ns3:cad>
          </ns3:TrackPointExtension>
        </extensions>
      </trkpt>
      <trkpt lat="31.334501802921295166015625" lon="118.35217564366757869720458984375">
        <ele>9.80000019073486328125</ele>
        <time>2026-08-07T15:47:49.000Z</time>
        <extensions>
          <ns3:TrackPointExtension>
            <ns3:hr>155</ns3:hr>
            <ns3:cad>81</ns3:cad>
          </ns3:TrackPointExtension>
        </extensions>
      </trkpt>
      <trkpt lat="31.33452636189758777618408203125" lon="118.3521567843854427337646484375">
        <ele>9.80000019073486328125</ele>
        <time>2026-08-07T15:47:50.000Z</time>
        <extensions>
          <ns3:TrackPointExtension>
            <ns3:hr>155</ns3:hr>
            <ns3:cad>81</ns3:cad>
          </ns3:TrackPointExtension>
        </extensions>
      </trkpt>
      <trkpt lat="31.33454010821878910064697265625" lon="118.35213758982717990875244140625">
        <ele>9.80000019073486328125</ele>
        <time>2026-08-07T15:47:51.000Z</time>
        <extensions>
          <ns3:TrackPointExtension>
            <ns3:hr>155</ns3:hr>
            <ns3:cad>81</ns3:cad>
          </ns3:TrackPointExtension>
        </extensions>
      </trkpt>
      <trkpt lat="31.33456290699541568756103515625" lon="118.35211914964020252227783203125">
        <ele>9.80000019073486328125</ele>
        <time>2026-08-07T15:47:52.000Z</time>
        <extensions>
          <ns3:TrackPointExtension>
            <ns3:hr>155</ns3:hr>
            <ns3:cad>83</ns3:cad>
          </ns3:TrackPointExtension>
        </extensions>
      </trkpt>
      <trkpt lat="31.3345723785459995269775390625" lon="118.35210355930030345916748046875">
        <ele>9.80000019073486328125</ele>
        <time>2026-08-07T15:47:53.000Z</time>
        <extensions>
          <ns3:TrackPointExtension>
            <ns3:hr>156</ns3:hr>
            <ns3:cad>84</ns3:cad>
          </ns3:TrackPointExtension>
        </extensions>
      </trkpt>
      <trkpt lat="31.33458486758172512054443359375" lon="118.35208562202751636505126953125">
        <ele>9.6000003814697265625</ele>
        <time>2026-08-07T15:47:54.000Z</time>
        <extensions>
          <ns3:TrackPointExtension>
            <ns3:hr>155</ns3:hr>
            <ns3:cad>85</ns3:cad>
          </ns3:TrackPointExtension>
        </extensions>
      </trkpt>
      <trkpt lat="31.33460163138806819915771484375" lon="118.35207103751599788665771484375">
        <ele>9.3999996185302734375</ele>
        <time>2026-08-07T15:47:55.000Z</time>
        <extensions>
          <ns3:TrackPointExtension>
            <ns3:hr>155</ns3:hr>
            <ns3:cad>85</ns3:cad>
          </ns3:TrackPointExtension>
        </extensions>
      </trkpt>
      <trkpt lat="31.334630548954010009765625" lon="118.35205175913870334625244140625">
        <ele>9.19999980926513671875</ele>
        <time>2026-08-07T15:47:56.000Z</time>
        <extensions>
          <ns3:TrackPointExtension>
            <ns3:hr>156</ns3:hr>
            <ns3:cad>85</ns3:cad>
          </ns3:TrackPointExtension>
        </extensions>
      </trkpt>
      <trkpt lat="31.33464731276035308837890625" lon="118.3520330674946308135986328125">
        <ele>9</ele>
        <time>2026-08-07T15:47:57.000Z</time>
        <extensions>
          <ns3:TrackPointExtension>
            <ns3:hr>156</ns3:hr>
            <ns3:cad>87</ns3:cad>
          </ns3:TrackPointExtension>
        </extensions>
      </trkpt>
      <trkpt lat="31.33467773906886577606201171875" lon="118.352013118565082550048828125">
        <ele>9</ele>
        <time>2026-08-07T15:47:58.000Z</time>
        <extensions>
          <ns3:TrackPointExtension>
            <ns3:hr>156</ns3:hr>
            <ns3:cad>87</ns3:cad>
          </ns3:TrackPointExtension>
        </extensions>
      </trkpt>
      <trkpt lat="31.33469969965517520904541015625" lon="118.35199694149196147918701171875">
        <ele>8.80000019073486328125</ele>
        <time>2026-08-07T15:47:59.000Z</time>
        <extensions>
          <ns3:TrackPointExtension>
            <ns3:hr>156</ns3:hr>
            <ns3:cad>87</ns3:cad>
          </ns3:TrackPointExtension>
        </extensions>
      </trkpt>
      <trkpt lat="31.33472752757370471954345703125" lon="118.35198252461850643157958984375">
        <ele>9</ele>
        <time>2026-08-07T15:48:00.000Z</time>
        <extensions>
          <ns3:TrackPointExtension>
            <ns3:hr>155</ns3:hr>
            <ns3:cad>87</ns3:cad>
          </ns3:TrackPointExtension>
        </extensions>
      </trkpt>
      <trkpt lat="31.33475166745483875274658203125" lon="118.35197280161082744598388671875">
        <ele>9</ele>
        <time>2026-08-07T15:48:01.000Z</time>
        <extensions>
          <ns3:TrackPointExtension>
            <ns3:hr>156</ns3:hr>
            <ns3:cad>87</ns3:cad>
          </ns3:TrackPointExtension>
        </extensions>
      </trkpt>
      <trkpt lat="31.33476692251861095428466796875" lon="118.35195436142385005950927734375">
        <ele>8.80000019073486328125</ele>
        <time>2026-08-07T15:48:02.000Z</time>
        <extensions>
          <ns3:TrackPointExtension>
            <ns3:hr>156</ns3:hr>
            <ns3:cad>85</ns3:cad>
          </ns3:TrackPointExtension>
        </extensions>
      </trkpt>
      <trkpt lat="31.3347939960658550262451171875" lon="118.35194245912134647369384765625">
        <ele>8.80000019073486328125</ele>
        <time>2026-08-07T15:48:03.000Z</time>
        <extensions>
          <ns3:TrackPointExtension>
            <ns3:hr>155</ns3:hr>
            <ns3:cad>85</ns3:cad>
          </ns3:TrackPointExtension>
        </extensions>
      </trkpt>
      <trkpt lat="31.33481268770992755889892578125" lon="118.3519324846565723419189453125">
        <ele>8.80000019073486328125</ele>
        <time>2026-08-07T15:48:04.000Z</time>
        <extensions>
          <ns3:TrackPointExtension>
            <ns3:hr>156</ns3:hr>
            <ns3:cad>85</ns3:cad>
          </ns3:TrackPointExtension>
        </extensions>
      </trkpt>
      <trkpt lat="31.334831379354000091552734375" lon="118.351920582354068756103515625">
        <ele>9</ele>
        <time>2026-08-07T15:48:05.000Z</time>
        <extensions>
          <ns3:TrackPointExtension>
            <ns3:hr>156</ns3:hr>
            <ns3:cad>85</ns3:cad>
          </ns3:TrackPointExtension>
        </extensions>
      </trkpt>
      <trkpt lat="31.33485375903546810150146484375" lon="118.35190926678478717803955078125">
        <ele>9</ele>
        <time>2026-08-07T15:48:06.000Z</time>
        <extensions>
          <ns3:TrackPointExtension>
            <ns3:hr>156</ns3:hr>
            <ns3:cad>84</ns3:cad>
          </ns3:TrackPointExtension>
        </extensions>
      </trkpt>
      <trkpt lat="31.334868259727954864501953125" lon="118.3518949337303638458251953125">
        <ele>9</ele>
        <time>2026-08-07T15:48:07.000Z</time>
        <extensions>
          <ns3:TrackPointExtension>
            <ns3:hr>155</ns3:hr>
            <ns3:cad>84</ns3:cad>
          </ns3:TrackPointExtension>
        </extensions>
      </trkpt>
      <trkpt lat="31.33489332161843776702880859375" lon="118.35188998840749263763427734375">
        <ele>9.19999980926513671875</ele>
        <time>2026-08-07T15:48:08.000Z</time>
        <extensions>
          <ns3:TrackPointExtension>
            <ns3:hr>155</ns3:hr>
            <ns3:cad>83</ns3:cad>
          </ns3:TrackPointExtension>
        </extensions>
      </trkpt>
      <trkpt lat="31.334914863109588623046875" lon="118.351889736950397491455078125">
        <ele>9.19999980926513671875</ele>
        <time>2026-08-07T15:48:09.000Z</time>
        <extensions>
          <ns3:TrackPointExtension>
            <ns3:hr>155</ns3:hr>
            <ns3:cad>83</ns3:cad>
          </ns3:TrackPointExtension>
        </extensions>
      </trkpt>
      <trkpt lat="31.33493003435432910919189453125" lon="118.35187800228595733642578125">
        <ele>9.19999980926513671875</ele>
        <time>2026-08-07T15:48:10.000Z</time>
        <extensions>
          <ns3:TrackPointExtension>
            <ns3:hr>156</ns3:hr>
            <ns3:cad>81</ns3:cad>
          </ns3:TrackPointExtension>
        </extensions>
      </trkpt>
      <trkpt lat="31.334952414035797119140625" lon="118.35188462398946285247802734375">
        <ele>9.3999996185302734375</ele>
        <time>2026-08-07T15:48:11.000Z</time>
        <extensions>
          <ns3:TrackPointExtension>
            <ns3:hr>155</ns3:hr>
            <ns3:cad>81</ns3:cad>
          </ns3:TrackPointExtension>
        </extensions>
      </trkpt>
      <trkpt lat="31.33496783673763275146484375" lon="118.35189149715006351470947265625">
        <ele>9.6000003814697265625</ele>
        <time>2026-08-07T15:48:12.000Z</time>
        <extensions>
          <ns3:TrackPointExtension>
            <ns3:hr>155</ns3:hr>
            <ns3:cad>81</ns3:cad>
          </ns3:TrackPointExtension>
        </extensions>
      </trkpt>
      <trkpt lat="31.334978230297565460205078125" lon="118.35188806056976318359375">
        <ele>9.80000019073486328125</ele>
        <time>2026-08-07T15:48:13.000Z</time>
        <extensions>
          <ns3:TrackPointExtension>
            <ns3:hr>156</ns3:hr>
            <ns3:cad>83</ns3:cad>
          </ns3:TrackPointExtension>
        </extensions>
      </trkpt>
      <trkpt lat="31.3349993526935577392578125" lon="118.35187490098178386688232421875">
        <ele>10</ele>
        <time>2026-08-07T15:48:14.000Z</time>
        <extensions>
          <ns3:TrackPointExtension>
            <ns3:hr>155</ns3:hr>
            <ns3:cad>83</ns3:cad>
          </ns3:TrackPointExtension>
        </extensions>
      </trkpt>
      <trkpt lat="31.33501620031893253326416015625" lon="118.3518572151660919189453125">
        <ele>10.3999996185302734375</ele>
        <time>2026-08-07T15:48:15.000Z</time>
        <extensions>
          <ns3:TrackPointExtension>
            <ns3:hr>155</ns3:hr>
            <ns3:cad>82</ns3:cad>
          </ns3:TrackPointExtension>
        </extensions>
      </trkpt>
      <trkpt lat="31.33503631688654422760009765625" lon="118.35183986462652683258056640625">
        <ele>10.80000019073486328125</ele>
        <time>2026-08-07T15:48:16.000Z</time>
        <extensions>
          <ns3:TrackPointExtension>
            <ns3:hr>155</ns3:hr>
            <ns3:cad>81</ns3:cad>
          </ns3:TrackPointExtension>
        </extensions>
      </trkpt>
      <trkpt lat="31.33505827747285366058349609375" lon="118.35182393901050090789794921875">
        <ele>10.80000019073486328125</ele>
        <time>2026-08-07T15:48:17.000Z</time>
        <extensions>
          <ns3:TrackPointExtension>
            <ns3:hr>155</ns3:hr>
            <ns3:cad>81</ns3:cad>
          </ns3:TrackPointExtension>
        </extensions>
      </trkpt>
      <trkpt lat="31.3350806571543216705322265625" lon="118.35180667228996753692626953125">
        <ele>11</ele>
        <time>2026-08-07T15:48:18.000Z</time>
        <extensions>
          <ns3:TrackPointExtension>
            <ns3:hr>155</ns3:hr>
            <ns3:cad>81</ns3:cad>
          </ns3:TrackPointExtension>
        </extensions>
      </trkpt>
      <trkpt lat="31.3351024501025676727294921875" lon="118.351792506873607635498046875">
        <ele>11</ele>
        <time>2026-08-07T15:48:19.000Z</time>
        <extensions>
          <ns3:TrackPointExtension>
            <ns3:hr>154</ns3:hr>
            <ns3:cad>81</ns3:cad>
          </ns3:TrackPointExtension>
        </extensions>
      </trkpt>
      <trkpt lat="31.3351208902895450592041015625" lon="118.35177607834339141845703125">
        <ele>10.80000019073486328125</ele>
        <time>2026-08-07T15:48:20.000Z</time>
        <extensions>
          <ns3:TrackPointExtension>
            <ns3:hr>155</ns3:hr>
            <ns3:cad>81</ns3:cad>
          </ns3:TrackPointExtension>
        </extensions>
      </trkpt>
      <trkpt lat="31.3351517356932163238525390625" lon="118.35175721906125545501708984375">
        <ele>10.80000019073486328125</ele>
        <time>2026-08-07T15:48:21.000Z</time>
        <extensions>
          <ns3:TrackPointExtension>
            <ns3:hr>155</ns3:hr>
            <ns3:cad>87</ns3:cad>
          </ns3:TrackPointExtension>
        </extensions>
      </trkpt>
      <trkpt lat="31.3351735286414623260498046875" lon="118.35174045525491237640380859375">
        <ele>10.6000003814697265625</ele>
        <time>2026-08-07T15:48:22.000Z</time>
        <extensions>
          <ns3:TrackPointExtension>
            <ns3:hr>155</ns3:hr>
            <ns3:cad>87</ns3:cad>
          </ns3:TrackPointExtension>
        </extensions>
      </trkpt>
      <trkpt lat="31.33520118892192840576171875" lon="118.3517212606966495513916015625">
        <ele>10.80000019073486328125</ele>
        <time>2026-08-07T15:48:23.000Z</time>
        <extensions>
          <ns3:TrackPointExtension>
            <ns3:hr>155</ns3:hr>
            <ns3:cad>85</ns3:cad>
          </ns3:TrackPointExtension>
        </extensions>
      </trkpt>
      <trkpt lat="31.33522641845047473907470703125" lon="118.3517068438231945037841796875">
        <ele>10.80000019073486328125</ele>
        <time>2026-08-07T15:48:24.000Z</time>
        <extensions>
          <ns3:TrackPointExtension>
            <ns3:hr>154</ns3:hr>
            <ns3:cad>85</ns3:cad>
          </ns3:TrackPointExtension>
        </extensions>
      </trkpt>
      <trkpt lat="31.3352482952177524566650390625" lon="118.35168865509331226348876953125">
        <ele>10.80000019073486328125</ele>
        <time>2026-08-07T15:48:25.000Z</time>
        <extensions>
          <ns3:TrackPointExtension>
            <ns3:hr>155</ns3:hr>
            <ns3:cad>86</ns3:cad>
          </ns3:TrackPointExtension>
        </extensions>
      </trkpt>
      <trkpt lat="31.33528056554496288299560546875" lon="118.3516801893711090087890625">
        <ele>10.80000019073486328125</ele>
        <time>2026-08-07T15:48:26.000Z</time>
        <extensions>
          <ns3:TrackPointExtension>
            <ns3:hr>155</ns3:hr>
            <ns3:cad>86</ns3:cad>
          </ns3:TrackPointExtension>
        </extensions>
      </trkpt>
      <trkpt lat="31.33530001156032085418701171875" lon="118.3516642637550830841064453125">
        <ele>10.80000019073486328125</ele>
        <time>2026-08-07T15:48:27.000Z</time>
        <extensions>
          <ns3:TrackPointExtension>
            <ns3:hr>155</ns3:hr>
            <ns3:cad>87</ns3:cad>
          </ns3:TrackPointExtension>
        </extensions>
      </trkpt>
      <trkpt lat="31.3353304378688335418701171875" lon="118.351649008691310882568359375">
        <ele>10.80000019073486328125</ele>
        <time>2026-08-07T15:48:28.000Z</time>
        <extensions>
          <ns3:TrackPointExtension>
            <ns3:hr>156</ns3:hr>
            <ns3:cad>87</ns3:cad>
          </ns3:TrackPointExtension>
        </extensions>
      </trkpt>
      <trkpt lat="31.33535030297935009002685546875" lon="118.35163501091301441192626953125">
        <ele>10.80000019073486328125</ele>
        <time>2026-08-07T15:48:29.000Z</time>
        <extensions>
          <ns3:TrackPointExtension>
            <ns3:hr>156</ns3:hr>
            <ns3:cad>86</ns3:cad>
          </ns3:TrackPointExtension>
        </extensions>
      </trkpt>
      <trkpt lat="31.3353793881833553314208984375" lon="118.35161782801151275634765625">
        <ele>10.80000019073486328125</ele>
        <time>2026-08-07T15:48:30.000Z</time>
        <extensions>
          <ns3:TrackPointExtension>
            <ns3:hr>157</ns3:hr>
            <ns3:cad>86</ns3:cad>
          </ns3:TrackPointExtension>
        </extensions>
      </trkpt>
      <trkpt lat="31.335406042635440826416015625" lon="118.351605422794818878173828125">
        <ele>10.80000019073486328125</ele>
        <time>2026-08-07T15:48:31.000Z</time>
        <extensions>
          <ns3:TrackPointExtension>
            <ns3:hr>157</ns3:hr>
            <ns3:cad>84</ns3:cad>
          </ns3:TrackPointExtension>
        </extensions>
      </trkpt>
      <trkpt lat="31.33543060161173343658447265625" lon="118.35158438421785831451416015625">
        <ele>10.6000003814697265625</ele>
        <time>2026-08-07T15:48:32.000Z</time>
        <extensions>
          <ns3:TrackPointExtension>
            <ns3:hr>157</ns3:hr>
            <ns3:cad>84</ns3:cad>
          </ns3:TrackPointExtension>
        </extensions>
      </trkpt>
      <trkpt lat="31.33545557968318462371826171875" lon="118.35156016051769256591796875">
        <ele>10.6000003814697265625</ele>
        <time>2026-08-07T15:48:33.000Z</time>
        <extensions>
          <ns3:TrackPointExtension>
            <ns3:hr>157</ns3:hr>
            <ns3:cad>85</ns3:cad>
          </ns3:TrackPointExtension>
        </extensions>
      </trkpt>
      <trkpt lat="31.33546714670956134796142578125" lon="118.3515368588268756866455078125">
        <ele>10.3999996185302734375</ele>
        <time>2026-08-07T15:48:34.000Z</time>
        <extensions>
          <ns3:TrackPointExtension>
            <ns3:hr>157</ns3:hr>
            <ns3:cad>87</ns3:cad>
          </ns3:TrackPointExtension>
        </extensions>
      </trkpt>
      <trkpt lat="31.335488855838775634765625" lon="118.35150693543255329132080078125">
        <ele>10.3999996185302734375</ele>
        <time>2026-08-07T15:48:35.000Z</time>
        <extensions>
          <ns3:TrackPointExtension>
            <ns3:hr>157</ns3:hr>
            <ns3:cad>88</ns3:cad>
          </ns3:TrackPointExtension>
        </extensions>
      </trkpt>
      <trkpt lat="31.3354990817606449127197265625" lon="118.35148547776043415069580078125">
        <ele>10.3999996185302734375</ele>
        <time>2026-08-07T15:48:36.000Z</time>
        <extensions>
          <ns3:TrackPointExtension>
            <ns3:hr>158</ns3:hr>
            <ns3:cad>88</ns3:cad>
          </ns3:TrackPointExtension>
        </extensions>
      </trkpt>
      <trkpt lat="31.33552330546081066131591796875" lon="118.35145287215709686279296875">
        <ele>10.3999996185302734375</ele>
        <time>2026-08-07T15:48:37.000Z</time>
        <extensions>
          <ns3:TrackPointExtension>
            <ns3:hr>158</ns3:hr>
            <ns3:cad>87</ns3:cad>
          </ns3:TrackPointExtension>
        </extensions>
      </trkpt>
      <trkpt lat="31.33553990162909030914306640625" lon="118.35142739117145538330078125">
        <ele>10.3999996185302734375</ele>
        <time>2026-08-07T15:48:38.000Z</time>
        <extensions>
          <ns3:TrackPointExtension>
            <ns3:hr>158</ns3:hr>
            <ns3:cad>86</ns3:cad>
          </ns3:TrackPointExtension>
        </extensions>
      </trkpt>
      <trkpt lat="31.3355574198067188262939453125" lon="118.35140132345259189605712890625">
        <ele>10.3999996185302734375</ele>
        <time>2026-08-07T15:48:39.000Z</time>
        <extensions>
          <ns3:TrackPointExtension>
            <ns3:hr>158</ns3:hr>
            <ns3:cad>85</ns3:cad>
          </ns3:TrackPointExtension>
        </extensions>
      </trkpt>
      <trkpt lat="31.3355775363743305206298828125" lon="118.3513802848756313323974609375">
        <ele>10.6000003814697265625</ele>
        <time>2026-08-07T15:48:40.000Z</time>
        <extensions>
          <ns3:TrackPointExtension>
            <ns3:hr>158</ns3:hr>
            <ns3:cad>85</ns3:cad>
          </ns3:TrackPointExtension>
        </extensions>
      </trkpt>
      <trkpt lat="31.3355894386768341064453125" lon="118.35135874338448047637939453125">
        <ele>10.6000003814697265625</ele>
        <time>2026-08-07T15:48:41.000Z</time>
        <extensions>
          <ns3:TrackPointExtension>
            <ns3:hr>158</ns3:hr>
            <ns3:cad>85</ns3:cad>
          </ns3:TrackPointExtension>
        </extensions>
      </trkpt>
      <trkpt lat="31.33561634458601474761962890625" lon="118.3513383753597736358642578125">
        <ele>10.3999996185302734375</ele>
        <time>2026-08-07T15:48:42.000Z</time>
        <extensions>
          <ns3:TrackPointExtension>
            <ns3:hr>157</ns3:hr>
            <ns3:cad>86</ns3:cad>
          </ns3:TrackPointExtension>
        </extensions>
      </trkpt>
      <trkpt lat="31.3356295041739940643310546875" lon="118.35131742060184478759765625">
        <ele>10.6000003814697265625</ele>
        <time>2026-08-07T15:48:43.000Z</time>
        <extensions>
          <ns3:TrackPointExtension>
            <ns3:hr>156</ns3:hr>
            <ns3:cad>86</ns3:cad>
          </ns3:TrackPointExtension>
        </extensions>
      </trkpt>
      <trkpt lat="31.33565925993025302886962890625" lon="118.35129571147263050079345703125">
        <ele>10.6000003814697265625</ele>
        <time>2026-08-07T15:48:44.000Z</time>
        <extensions>
          <ns3:TrackPointExtension>
            <ns3:hr>156</ns3:hr>
            <ns3:cad>86</ns3:cad>
          </ns3:TrackPointExtension>
        </extensions>
      </trkpt>
      <trkpt lat="31.3356821425259113311767578125" lon="118.35128380917012691497802734375">
        <ele>10.6000003814697265625</ele>
        <time>2026-08-07T15:48:45.000Z</time>
        <extensions>
          <ns3:TrackPointExtension>
            <ns3:hr>156</ns3:hr>
            <ns3:cad>86</ns3:cad>
          </ns3:TrackPointExtension>
        </extensions>
      </trkpt>
      <trkpt lat="31.33570946753025054931640625" lon="118.35126738063991069793701171875">
        <ele>10.6000003814697265625</ele>
        <time>2026-08-07T15:48:46.000Z</time>
        <extensions>
          <ns3:TrackPointExtension>
            <ns3:hr>155</ns3:hr>
            <ns3:cad>86</ns3:cad>
          </ns3:TrackPointExtension>
        </extensions>
      </trkpt>
      <trkpt lat="31.3357357867062091827392578125" lon="118.351256735622882843017578125">
        <ele>10.6000003814697265625</ele>
        <time>2026-08-07T15:48:47.000Z</time>
        <extensions>
          <ns3:TrackPointExtension>
            <ns3:hr>155</ns3:hr>
            <ns3:cad>86</ns3:cad>
          </ns3:TrackPointExtension>
        </extensions>
      </trkpt>
      <trkpt lat="31.33575481362640857696533203125" lon="118.35124055854976177215576171875">
        <ele>10.6000003814697265625</ele>
        <time>2026-08-07T15:48:48.000Z</time>
        <extensions>
          <ns3:TrackPointExtension>
            <ns3:hr>155</ns3:hr>
            <ns3:cad>86</ns3:cad>
          </ns3:TrackPointExtension>
        </extensions>
      </trkpt>
      <trkpt lat="31.3357864134013652801513671875" lon="118.35123267956078052520751953125">
        <ele>10.6000003814697265625</ele>
        <time>2026-08-07T15:48:49.000Z</time>
        <extensions>
          <ns3:TrackPointExtension>
            <ns3:hr>155</ns3:hr>
            <ns3:cad>86</ns3:cad>
          </ns3:TrackPointExtension>
        </extensions>
      </trkpt>
      <trkpt lat="31.335805021226406097412109375" lon="118.35121541284024715423583984375">
        <ele>10.6000003814697265625</ele>
        <time>2026-08-07T15:48:50.000Z</time>
        <extensions>
          <ns3:TrackPointExtension>
            <ns3:hr>155</ns3:hr>
            <ns3:cad>87</ns3:cad>
          </ns3:TrackPointExtension>
        </extensions>
      </trkpt>
      <trkpt lat="31.3358390517532825469970703125" lon="118.3512108027935028076171875">
        <ele>10.6000003814697265625</ele>
        <time>2026-08-07T15:48:51.000Z</time>
        <extensions>
          <ns3:TrackPointExtension>
            <ns3:hr>155</ns3:hr>
            <ns3:cad>87</ns3:cad>
          </ns3:TrackPointExtension>
        </extensions>
      </trkpt>
      <trkpt lat="31.33586511947214603424072265625" lon="118.35120610892772674560546875">
        <ele>10.6000003814697265625</ele>
        <time>2026-08-07T15:48:52.000Z</time>
        <extensions>
          <ns3:TrackPointExtension>
            <ns3:hr>155</ns3:hr>
            <ns3:cad>87</ns3:cad>
          </ns3:TrackPointExtension>
        </extensions>
      </trkpt>
      <trkpt lat="31.33589562959969043731689453125" lon="118.351199068129062652587890625">
        <ele>10.80000019073486328125</ele>
        <time>2026-08-07T15:48:53.000Z</time>
        <extensions>
          <ns3:TrackPointExtension>
            <ns3:hr>155</ns3:hr>
            <ns3:cad>86</ns3:cad>
          </ns3:TrackPointExtension>
        </extensions>
      </trkpt>
      <trkpt lat="31.33592463098466396331787109375" lon="118.3512042649090290069580078125">
        <ele>10.80000019073486328125</ele>
        <time>2026-08-07T15:48:54.000Z</time>
        <extensions>
          <ns3:TrackPointExtension>
            <ns3:hr>155</ns3:hr>
            <ns3:cad>85</ns3:cad>
          </ns3:TrackPointExtension>
        </extensions>
      </trkpt>
      <trkpt lat="31.33594558574259281158447265625" lon="118.35119613446295261383056640625">
        <ele>10.80000019073486328125</ele>
        <time>2026-08-07T15:48:55.000Z</time>
        <extensions>
          <ns3:TrackPointExtension>
            <ns3:hr>155</ns3:hr>
            <ns3:cad>85</ns3:cad>
          </ns3:TrackPointExtension>
        </extensions>
      </trkpt>
      <trkpt lat="31.3359778560698032379150390625" lon="118.3512042649090290069580078125">
        <ele>10.80000019073486328125</ele>
        <time>2026-08-07T15:48:56.000Z</time>
        <extensions>
          <ns3:TrackPointExtension>
            <ns3:hr>154</ns3:hr>
            <ns3:cad>85</ns3:cad>
          </ns3:TrackPointExtension>
        </extensions>
      </trkpt>
      <trkpt lat="31.33599872700870037078857421875" lon="118.351209461688995361328125">
        <ele>10.80000019073486328125</ele>
        <time>2026-08-07T15:48:57.000Z</time>
        <extensions>
          <ns3:TrackPointExtension>
            <ns3:hr>154</ns3:hr>
            <ns3:cad>85</ns3:cad>
          </ns3:TrackPointExtension>
        </extensions>
      </trkpt>
      <trkpt lat="31.33603091351687908172607421875" lon="118.3512166701257228851318359375">
        <ele>10.6000003814697265625</ele>
        <time>2026-08-07T15:48:58.000Z</time>
        <extensions>
          <ns3:TrackPointExtension>
            <ns3:hr>154</ns3:hr>
            <ns3:cad>85</ns3:cad>
          </ns3:TrackPointExtension>
        </extensions>
      </trkpt>
      <trkpt lat="31.33605857379734516143798828125" lon="118.35122781805694103240966796875">
        <ele>10.6000003814697265625</ele>
        <time>2026-08-07T15:48:59.000Z</time>
        <extensions>
          <ns3:TrackPointExtension>
            <ns3:hr>155</ns3:hr>
            <ns3:cad>85</ns3:cad>
          </ns3:TrackPointExtension>
        </extensions>
      </trkpt>
      <trkpt lat="31.33608288131654262542724609375" lon="118.35123267956078052520751953125">
        <ele>10.3999996185302734375</ele>
        <time>2026-08-07T15:49:00.000Z</time>
        <extensions>
          <ns3:TrackPointExtension>
            <ns3:hr>155</ns3:hr>
            <ns3:cad>85</ns3:cad>
          </ns3:TrackPointExtension>
        </extensions>
      </trkpt>
      <trkpt lat="31.33611288852989673614501953125" lon="118.351250030100345611572265625">
        <ele>10.3999996185302734375</ele>
        <time>2026-08-07T15:49:01.000Z</time>
        <extensions>
          <ns3:TrackPointExtension>
            <ns3:hr>155</ns3:hr>
            <ns3:cad>85</ns3:cad>
          </ns3:TrackPointExtension>
        </extensions>
      </trkpt>
      <trkpt lat="31.33613551966845989227294921875" lon="118.351247012615203857421875">
        <ele>10.3999996185302734375</ele>
        <time>2026-08-07T15:49:02.000Z</time>
        <extensions>
          <ns3:TrackPointExtension>
            <ns3:hr>154</ns3:hr>
            <ns3:cad>84</ns3:cad>
          </ns3:TrackPointExtension>
        </extensions>
      </trkpt>
      <trkpt lat="31.33616946637630462646484375" lon="118.3512545563280582427978515625">
        <ele>10.3999996185302734375</ele>
        <time>2026-08-07T15:49:03.000Z</time>
        <extensions>
          <ns3:TrackPointExtension>
            <ns3:hr>154</ns3:hr>
            <ns3:cad>84</ns3:cad>
          </ns3:TrackPointExtension>
        </extensions>
      </trkpt>
      <trkpt lat="31.336194612085819244384765625" lon="118.35125572979450225830078125">
        <ele>10.6000003814697265625</ele>
        <time>2026-08-07T15:49:04.000Z</time>
        <extensions>
          <ns3:TrackPointExtension>
            <ns3:hr>154</ns3:hr>
            <ns3:cad>84</ns3:cad>
          </ns3:TrackPointExtension>
        </extensions>
      </trkpt>
      <trkpt lat="31.336223445832729339599609375" lon="118.35124877281486988067626953125">
        <ele>10.6000003814697265625</ele>
        <time>2026-08-07T15:49:05.000Z</time>
        <extensions>
          <ns3:TrackPointExtension>
            <ns3:hr>155</ns3:hr>
            <ns3:cad>84</ns3:cad>
          </ns3:TrackPointExtension>
        </extensions>
      </trkpt>
      <trkpt lat="31.3362527824938297271728515625" lon="118.3512488566339015960693359375">
        <ele>10.6000003814697265625</ele>
        <time>2026-08-07T15:49:06.000Z</time>
        <extensions>
          <ns3:TrackPointExtension>
            <ns3:hr>155</ns3:hr>
            <ns3:cad>85</ns3:cad>
          </ns3:TrackPointExtension>
        </extensions>
      </trkpt>
      <trkpt lat="31.33627197705209255218505859375" lon="118.3512404747307300567626953125">
        <ele>10.80000019073486328125</ele>
        <time>2026-08-07T15:49:07.000Z</time>
        <extensions>
          <ns3:TrackPointExtension>
            <ns3:hr>155</ns3:hr>
            <ns3:cad>85</ns3:cad>
          </ns3:TrackPointExtension>
        </extensions>
      </trkpt>
      <trkpt lat="31.33630667813122272491455078125" lon="118.35124240256845951080322265625">
        <ele>10.80000019073486328125</ele>
        <time>2026-08-07T15:49:08.000Z</time>
        <extensions>
          <ns3:TrackPointExtension>
            <ns3:hr>155</ns3:hr>
            <ns3:cad>85</ns3:cad>
          </ns3:TrackPointExtension>
        </extensions>
      </trkpt>
      <trkpt lat="31.3363319076597690582275390625" lon="118.35123427212238311767578125">
        <ele>10.80000019073486328125</ele>
        <time>2026-08-07T15:49:09.000Z</time>
        <extensions>
          <ns3:TrackPointExtension>
            <ns3:hr>154</ns3:hr>
            <ns3:cad>85</ns3:cad>
          </ns3:TrackPointExtension>
        </extensions>
      </trkpt>
      <trkpt lat="31.33636350743472576141357421875" lon="118.351229913532733917236328125">
        <ele>10.80000019073486328125</ele>
        <time>2026-08-07T15:49:10.000Z</time>
        <extensions>
          <ns3:TrackPointExtension>
            <ns3:hr>154</ns3:hr>
            <ns3:cad>84</ns3:cad>
          </ns3:TrackPointExtension>
        </extensions>
      </trkpt>
      <trkpt lat="31.336394436657428741455078125" lon="118.35122681222856044769287109375">
        <ele>10.80000019073486328125</ele>
        <time>2026-08-07T15:49:11.000Z</time>
        <extensions>
          <ns3:TrackPointExtension>
            <ns3:hr>155</ns3:hr>
            <ns3:cad>84</ns3:cad>
          </ns3:TrackPointExtension>
        </extensions>
      </trkpt>
      <trkpt lat="31.33642427623271942138671875" lon="118.35122379474341869354248046875">
        <ele>10.80000019073486328125</ele>
        <time>2026-08-07T15:49:12.000Z</time>
        <extensions>
          <ns3:TrackPointExtension>
            <ns3:hr>155</ns3:hr>
            <ns3:cad>84</ns3:cad>
          </ns3:TrackPointExtension>
        </extensions>
      </trkpt>
      <trkpt lat="31.3364529423415660858154296875" lon="118.3512250520288944244384765625">
        <ele>10.80000019073486328125</ele>
        <time>2026-08-07T15:49:13.000Z</time>
        <extensions>
          <ns3:TrackPointExtension>
            <ns3:hr>155</ns3:hr>
            <ns3:cad>84</ns3:cad>
          </ns3:TrackPointExtension>
        </extensions>
      </trkpt>
      <trkpt lat="31.33648051880300045013427734375" lon="118.3512196876108646392822265625">
        <ele>10.80000019073486328125</ele>
        <time>2026-08-07T15:49:14.000Z</time>
        <extensions>
          <ns3:TrackPointExtension>
            <ns3:hr>155</ns3:hr>
            <ns3:cad>85</ns3:cad>
          </ns3:TrackPointExtension>
        </extensions>
      </trkpt>
      <trkpt lat="31.3365099392831325531005859375" lon="118.351225554943084716796875">
        <ele>10.80000019073486328125</ele>
        <time>2026-08-07T15:49:15.000Z</time>
        <extensions>
          <ns3:TrackPointExtension>
            <ns3:hr>155</ns3:hr>
            <ns3:cad>85</ns3:cad>
          </ns3:TrackPointExtension>
        </extensions>
      </trkpt>
      <trkpt lat="31.3365344144403934478759765625" lon="118.35122530348598957061767578125">
        <ele>10.6000003814697265625</ele>
        <time>2026-08-07T15:49:16.000Z</time>
        <extensions>
          <ns3:TrackPointExtension>
            <ns3:hr>155</ns3:hr>
            <ns3:cad>87</ns3:cad>
          </ns3:TrackPointExtension>
        </extensions>
      </trkpt>
      <trkpt lat="31.3365676067769527435302734375" lon="118.35123837925493717193603515625">
        <ele>10.6000003814697265625</ele>
        <time>2026-08-07T15:49:17.000Z</time>
        <extensions>
          <ns3:TrackPointExtension>
            <ns3:hr>156</ns3:hr>
            <ns3:cad>87</ns3:cad>
          </ns3:TrackPointExtension>
        </extensions>
      </trkpt>
      <trkpt lat="31.336587555706501007080078125" lon="118.35123787634074687957763671875">
        <ele>10.6000003814697265625</ele>
        <time>2026-08-07T15:49:18.000Z</time>
        <extensions>
          <ns3:TrackPointExtension>
            <ns3:hr>156</ns3:hr>
            <ns3:cad>87</ns3:cad>
          </ns3:TrackPointExtension>
        </extensions>
      </trkpt>
      <trkpt lat="31.33662167005240917205810546875" lon="118.35124609060585498809814453125">
        <ele>10.6000003814697265625</ele>
        <time>2026-08-07T15:49:19.000Z</time>
        <extensions>
          <ns3:TrackPointExtension>
            <ns3:hr>156</ns3:hr>
            <ns3:cad>87</ns3:cad>
          </ns3:TrackPointExtension>
        </extensions>
      </trkpt>
      <trkpt lat="31.3366460613906383514404296875" lon="118.35123703815042972564697265625">
        <ele>10.6000003814697265625</ele>
        <time>2026-08-07T15:49:20.000Z</time>
        <extensions>
          <ns3:TrackPointExtension>
            <ns3:hr>156</ns3:hr>
            <ns3:cad>87</ns3:cad>
          </ns3:TrackPointExtension>
        </extensions>
      </trkpt>
      <trkpt lat="31.33667615242302417755126953125" lon="118.351228237152099609375">
        <ele>10.6000003814697265625</ele>
        <time>2026-08-07T15:49:21.000Z</time>
        <extensions>
          <ns3:TrackPointExtension>
            <ns3:hr>156</ns3:hr>
            <ns3:cad>87</ns3:cad>
          </ns3:TrackPointExtension>
        </extensions>
      </trkpt>
      <trkpt lat="31.3366998732089996337890625" lon="118.3512196876108646392822265625">
        <ele>10.6000003814697265625</ele>
        <time>2026-08-07T15:49:22.000Z</time>
        <extensions>
          <ns3:TrackPointExtension>
            <ns3:hr>157</ns3:hr>
            <ns3:cad>87</ns3:cad>
          </ns3:TrackPointExtension>
        </extensions>
      </trkpt>
      <trkpt lat="31.336723677814006805419921875" lon="118.35120719857513904571533203125">
        <ele>10.6000003814697265625</ele>
        <time>2026-08-07T15:49:23.000Z</time>
        <extensions>
          <ns3:TrackPointExtension>
            <ns3:hr>158</ns3:hr>
            <ns3:cad>88</ns3:cad>
          </ns3:TrackPointExtension>
        </extensions>
      </trkpt>
      <trkpt lat="31.33675192482769489288330078125" lon="118.35120501928031444549560546875">
        <ele>10.80000019073486328125</ele>
        <time>2026-08-07T15:49:24.000Z</time>
        <extensions>
          <ns3:TrackPointExtension>
            <ns3:hr>159</ns3:hr>
            <ns3:cad>87</ns3:cad>
          </ns3:TrackPointExtension>
        </extensions>
      </trkpt>
      <trkpt lat="31.33677472360432147979736328125" lon="118.351196385920047760009765625">
        <ele>10.80000019073486328125</ele>
        <time>2026-08-07T15:49:25.000Z</time>
        <extensions>
          <ns3:TrackPointExtension>
            <ns3:hr>160</ns3:hr>
            <ns3:cad>87</ns3:cad>
          </ns3:TrackPointExtension>
        </extensions>
      </trkpt>
      <trkpt lat="31.336808837950229644775390625" lon="118.35120074450969696044921875">
        <ele>10.80000019073486328125</ele>
        <time>2026-08-07T15:49:26.000Z</time>
        <extensions>
          <ns3:TrackPointExtension>
            <ns3:hr>160</ns3:hr>
            <ns3:cad>87</ns3:cad>
          </ns3:TrackPointExtension>
        </extensions>
      </trkpt>
      <trkpt lat="31.336833648383617401123046875" lon="118.35119579918682575225830078125">
        <ele>11</ele>
        <time>2026-08-07T15:49:27.000Z</time>
        <extensions>
          <ns3:TrackPointExtension>
            <ns3:hr>160</ns3:hr>
            <ns3:cad>87</ns3:cad>
          </ns3:TrackPointExtension>
        </extensions>
      </trkpt>
      <trkpt lat="31.336862482130527496337890625" lon="118.35119697265326976776123046875">
        <ele>11</ele>
        <time>2026-08-07T15:49:28.000Z</time>
        <extensions>
          <ns3:TrackPointExtension>
            <ns3:hr>160</ns3:hr>
            <ns3:cad>87</ns3:cad>
          </ns3:TrackPointExtension>
        </extensions>
      </trkpt>
      <trkpt lat="31.3368864543735980987548828125" lon="118.3511952124536037445068359375">
        <ele>11.19999980926513671875</ele>
        <time>2026-08-07T15:49:29.000Z</time>
        <extensions>
          <ns3:TrackPointExtension>
            <ns3:hr>161</ns3:hr>
            <ns3:cad>87</ns3:cad>
          </ns3:TrackPointExtension>
        </extensions>
      </trkpt>
      <trkpt lat="31.33691436611115932464599609375" lon="118.35119663737714290618896484375">
        <ele>11.19999980926513671875</ele>
        <time>2026-08-07T15:49:30.000Z</time>
        <extensions>
          <ns3:TrackPointExtension>
            <ns3:hr>161</ns3:hr>
            <ns3:cad>87</ns3:cad>
          </ns3:TrackPointExtension>
        </extensions>
      </trkpt>
      <trkpt lat="31.336943618953227996826171875" lon="118.35120468400418758392333984375">
        <ele>11.19999980926513671875</ele>
        <time>2026-08-07T15:49:31.000Z</time>
        <extensions>
          <ns3:TrackPointExtension>
            <ns3:hr>162</ns3:hr>
            <ns3:cad>86</ns3:cad>
          </ns3:TrackPointExtension>
        </extensions>
      </trkpt>
      <trkpt lat="31.33696784265339374542236328125" lon="118.35119646973907947540283203125">
        <ele>11</ele>
        <time>2026-08-07T15:49:32.000Z</time>
        <extensions>
          <ns3:TrackPointExtension>
            <ns3:hr>162</ns3:hr>
            <ns3:cad>86</ns3:cad>
          </ns3:TrackPointExtension>
        </extensions>
      </trkpt>
      <trkpt lat="31.3370001129806041717529296875" lon="118.35120652802288532257080078125">
        <ele>10.80000019073486328125</ele>
        <time>2026-08-07T15:49:33.000Z</time>
        <extensions>
          <ns3:TrackPointExtension>
            <ns3:hr>162</ns3:hr>
            <ns3:cad>85</ns3:cad>
          </ns3:TrackPointExtension>
        </extensions>
      </trkpt>
      <trkpt lat="31.3370229117572307586669921875" lon="118.351201079785823822021484375">
        <ele>10.6000003814697265625</ele>
        <time>2026-08-07T15:49:34.000Z</time>
        <extensions>
          <ns3:TrackPointExtension>
            <ns3:hr>163</ns3:hr>
            <ns3:cad>85</ns3:cad>
          </ns3:TrackPointExtension>
        </extensions>
      </trkpt>
      <trkpt lat="31.33705484680831432342529296875" lon="118.35120317526161670684814453125">
        <ele>10.80000019073486328125</ele>
        <time>2026-08-07T15:49:35.000Z</time>
        <extensions>
          <ns3:TrackPointExtension>
            <ns3:hr>163</ns3:hr>
            <ns3:cad>85</ns3:cad>
          </ns3:TrackPointExtension>
        </extensions>
      </trkpt>
      <trkpt lat="31.33708451874554157257080078125" lon="118.351213149726390838623046875">
        <ele>10.80000019073486328125</ele>
        <time>2026-08-07T15:49:36.000Z</time>
        <extensions>
          <ns3:TrackPointExtension>
            <ns3:hr>163</ns3:hr>
            <ns3:cad>85</ns3:cad>
          </ns3:TrackPointExtension>
        </extensions>
      </trkpt>
      <trkpt lat="31.3371110893785953521728515625" lon="118.35120971314609050750732421875">
        <ele>11</ele>
        <time>2026-08-07T15:49:37.000Z</time>
        <extensions>
          <ns3:TrackPointExtension>
            <ns3:hr>163</ns3:hr>
            <ns3:cad>85</ns3:cad>
          </ns3:TrackPointExtension>
        </extensions>
      </trkpt>
      <trkpt lat="31.33715928532183170318603515625" lon="118.3512394689023494720458984375">
        <ele>11.19999980926513671875</ele>
        <time>2026-08-07T15:50:12.000Z</time>
        <extensions>
          <ns3:TrackPointExtension>
            <ns3:hr>144</ns3:hr>
            <ns3:cad>0</ns3:cad>
          </ns3:TrackPointExtension>
        </extensions>
      </trkpt>
      <trkpt lat="31.337170936167240142822265625" lon="118.35123351775109767913818359375">
        <ele>11.19999980926513671875</ele>
        <time>2026-08-07T15:50:13.000Z</time>
        <extensions>
          <ns3:TrackPointExtension>
            <ns3:hr>144</ns3:hr>
            <ns3:cad>0</ns3:cad>
          </ns3:TrackPointExtension>
        </extensions>
      </trkpt>
      <trkpt lat="31.33719767443835735321044921875" lon="118.35123854689300060272216796875">
        <ele>11</ele>
        <time>2026-08-07T15:50:14.000Z</time>
        <extensions>
          <ns3:TrackPointExtension>
            <ns3:hr>144</ns3:hr>
            <ns3:cad>0</ns3:cad>
          </ns3:TrackPointExtension>
        </extensions>
      </trkpt>
      <trkpt lat="31.3372267596423625946044921875" lon="118.35124609060585498809814453125">
        <ele>11</ele>
        <time>2026-08-07T15:50:15.000Z</time>
        <extensions>
          <ns3:TrackPointExtension>
            <ns3:hr>144</ns3:hr>
            <ns3:cad>0</ns3:cad>
          </ns3:TrackPointExtension>
        </extensions>
      </trkpt>
      <trkpt lat="31.33725802414119243621826171875" lon="118.35124743171036243438720703125">
        <ele>11.19999980926513671875</ele>
        <time>2026-08-07T15:50:16.000Z</time>
        <extensions>
          <ns3:TrackPointExtension>
            <ns3:hr>144</ns3:hr>
            <ns3:cad>0</ns3:cad>
          </ns3:TrackPointExtension>
        </extensions>
      </trkpt>
      <trkpt lat="31.33729255758225917816162109375" lon="118.351249359548091888427734375">
        <ele>11.19999980926513671875</ele>
        <time>2026-08-07T15:50:17.000Z</time>
        <extensions>
          <ns3:TrackPointExtension>
            <ns3:hr>144</ns3:hr>
            <ns3:cad>0</ns3:cad>
          </ns3:TrackPointExtension>
        </extensions>
      </trkpt>
      <trkpt lat="31.33732709102332592010498046875" lon="118.35124156437814235687255859375">
        <ele>11</ele>
        <time>2026-08-07T15:50:18.000Z</time>
        <extensions>
          <ns3:TrackPointExtension>
            <ns3:hr>144</ns3:hr>
            <ns3:cad>86</ns3:cad>
          </ns3:TrackPointExtension>
        </extensions>
      </trkpt>
      <trkpt lat="31.33736179210245609283447265625" lon="118.3512364514172077178955078125">
        <ele>11</ele>
        <time>2026-08-07T15:50:19.000Z</time>
        <extensions>
          <ns3:TrackPointExtension>
            <ns3:hr>145</ns3:hr>
            <ns3:cad>87</ns3:cad>
          </ns3:TrackPointExtension>
        </extensions>
      </trkpt>
      <trkpt lat="31.33739213459193706512451171875" lon="118.35122982971370220184326171875">
        <ele>11</ele>
        <time>2026-08-07T15:50:20.000Z</time>
        <extensions>
          <ns3:TrackPointExtension>
            <ns3:hr>145</ns3:hr>
            <ns3:cad>87</ns3:cad>
          </ns3:TrackPointExtension>
        </extensions>
      </trkpt>
      <trkpt lat="31.33743069134652614593505859375" lon="118.35123033262789249420166015625">
        <ele>11</ele>
        <time>2026-08-07T15:50:21.000Z</time>
        <extensions>
          <ns3:TrackPointExtension>
            <ns3:hr>146</ns3:hr>
            <ns3:cad>87</ns3:cad>
          </ns3:TrackPointExtension>
        </extensions>
      </trkpt>
      <trkpt lat="31.3374564237892627716064453125" lon="118.35122027434408664703369140625">
        <ele>11</ele>
        <time>2026-08-07T15:50:22.000Z</time>
        <extensions>
          <ns3:TrackPointExtension>
            <ns3:hr>145</ns3:hr>
            <ns3:cad>87</ns3:cad>
          </ns3:TrackPointExtension>
        </extensions>
      </trkpt>
      <trkpt lat="31.33748869411647319793701171875" lon="118.35121951997280120849609375">
        <ele>11</ele>
        <time>2026-08-07T15:50:23.000Z</time>
        <extensions>
          <ns3:TrackPointExtension>
            <ns3:hr>146</ns3:hr>
            <ns3:cad>87</ns3:cad>
          </ns3:TrackPointExtension>
        </extensions>
      </trkpt>
      <trkpt lat="31.3375179469585418701171875" lon="118.35121507756412029266357421875">
        <ele>11.19999980926513671875</ele>
        <time>2026-08-07T15:50:24.000Z</time>
        <extensions>
          <ns3:TrackPointExtension>
            <ns3:hr>147</ns3:hr>
            <ns3:cad>87</ns3:cad>
          </ns3:TrackPointExtension>
        </extensions>
      </trkpt>
      <trkpt lat="31.3375472836196422576904296875" lon="118.35120820440351963043212890625">
        <ele>11.19999980926513671875</ele>
        <time>2026-08-07T15:50:25.000Z</time>
        <extensions>
          <ns3:TrackPointExtension>
            <ns3:hr>148</ns3:hr>
            <ns3:cad>86</ns3:cad>
          </ns3:TrackPointExtension>
        </extensions>
      </trkpt>
      <trkpt lat="31.337578631937503814697265625" lon="118.3512113057076930999755859375">
        <ele>11.19999980926513671875</ele>
        <time>2026-08-07T15:50:26.000Z</time>
        <extensions>
          <ns3:TrackPointExtension>
            <ns3:hr>148</ns3:hr>
            <ns3:cad>86</ns3:cad>
          </ns3:TrackPointExtension>
        </extensions>
      </trkpt>
      <trkpt lat="31.33760268799960613250732421875" lon="118.35120250470936298370361328125">
        <ele>11.19999980926513671875</ele>
        <time>2026-08-07T15:50:27.000Z</time>
        <extensions>
          <ns3:TrackPointExtension>
            <ns3:hr>149</ns3:hr>
            <ns3:cad>85</ns3:cad>
          </ns3:TrackPointExtension>
        </extensions>
      </trkpt>
      <trkpt lat="31.33763537742197513580322265625" lon="118.3512052707374095916748046875">
        <ele>11.19999980926513671875</ele>
        <time>2026-08-07T15:50:28.000Z</time>
        <extensions>
          <ns3:TrackPointExtension>
            <ns3:hr>150</ns3:hr>
            <ns3:cad>86</ns3:cad>
          </ns3:TrackPointExtension>
        </extensions>
      </trkpt>
      <trkpt lat="31.3376565836369991302490234375" lon="118.3511962182819843292236328125">
        <ele>11.19999980926513671875</ele>
        <time>2026-08-07T15:50:29.000Z</time>
        <extensions>
          <ns3:TrackPointExtension>
            <ns3:hr>150</ns3:hr>
            <ns3:cad>86</ns3:cad>
          </ns3:TrackPointExtension>
        </extensions>
      </trkpt>
      <trkpt lat="31.33768935687839984893798828125" lon="118.35119311697781085968017578125">
        <ele>11.3999996185302734375</ele>
        <time>2026-08-07T15:50:30.000Z</time>
        <extensions>
          <ns3:TrackPointExtension>
            <ns3:hr>151</ns3:hr>
            <ns3:cad>86</ns3:cad>
          </ns3:TrackPointExtension>
        </extensions>
      </trkpt>
      <trkpt lat="31.3377164304256439208984375" lon="118.3511920273303985595703125">
        <ele>11.3999996185302734375</ele>
        <time>2026-08-07T15:50:31.000Z</time>
        <extensions>
          <ns3:TrackPointExtension>
            <ns3:hr>151</ns3:hr>
            <ns3:cad>86</ns3:cad>
          </ns3:TrackPointExtension>
        </extensions>
      </trkpt>
      <trkpt lat="31.33774635381996631622314453125" lon="118.35119144059717655181884765625">
        <ele>11.3999996185302734375</ele>
        <time>2026-08-07T15:50:32.000Z</time>
        <extensions>
          <ns3:TrackPointExtension>
            <ns3:hr>152</ns3:hr>
            <ns3:cad>86</ns3:cad>
          </ns3:TrackPointExtension>
        </extensions>
      </trkpt>
      <trkpt lat="31.33777619339525699615478515625" lon="118.35120283998548984527587890625">
        <ele>11.3999996185302734375</ele>
        <time>2026-08-07T15:50:33.000Z</time>
        <extensions>
          <ns3:TrackPointExtension>
            <ns3:hr>152</ns3:hr>
            <ns3:cad>86</ns3:cad>
          </ns3:TrackPointExtension>
        </extensions>
      </trkpt>
      <trkpt lat="31.337801925837993621826171875" lon="118.35120283998548984527587890625">
        <ele>11.3999996185302734375</ele>
        <time>2026-08-07T15:50:34.000Z</time>
        <extensions>
          <ns3:TrackPointExtension>
            <ns3:hr>152</ns3:hr>
            <ns3:cad>85</ns3:cad>
          </ns3:TrackPointExtension>
        </extensions>
      </trkpt>
      <trkpt lat="31.33783335797488689422607421875" lon="118.351216502487659454345703125">
        <ele>11.3999996185302734375</ele>
        <time>2026-08-07T15:50:35.000Z</time>
        <extensions>
          <ns3:TrackPointExtension>
            <ns3:hr>153</ns3:hr>
            <ns3:cad>85</ns3:cad>
          </ns3:TrackPointExtension>
        </extensions>
      </trkpt>
      <trkpt lat="31.33785724639892578125" lon="118.3512123115360736846923828125">
        <ele>11.19999980926513671875</ele>
        <time>2026-08-07T15:50:36.000Z</time>
        <extensions>
          <ns3:TrackPointExtension>
            <ns3:hr>153</ns3:hr>
            <ns3:cad>86</ns3:cad>
          </ns3:TrackPointExtension>
        </extensions>
      </trkpt>
      <trkpt lat="31.3378875888884067535400390625" lon="118.35121608339250087738037109375">
        <ele>11.19999980926513671875</ele>
        <time>2026-08-07T15:50:37.000Z</time>
        <extensions>
          <ns3:TrackPointExtension>
            <ns3:hr>154</ns3:hr>
            <ns3:cad>86</ns3:cad>
          </ns3:TrackPointExtension>
        </extensions>
      </trkpt>
      <trkpt lat="31.3379150815308094024658203125" lon="118.35122010670602321624755859375">
        <ele>11.3999996185302734375</ele>
        <time>2026-08-07T15:50:38.000Z</time>
        <extensions>
          <ns3:TrackPointExtension>
            <ns3:hr>154</ns3:hr>
            <ns3:cad>86</ns3:cad>
          </ns3:TrackPointExtension>
        </extensions>
      </trkpt>
      <trkpt lat="31.337939389050006866455078125" lon="118.351223208010196685791015625">
        <ele>11.3999996185302734375</ele>
        <time>2026-08-07T15:50:39.000Z</time>
        <extensions>
          <ns3:TrackPointExtension>
            <ns3:hr>154</ns3:hr>
            <ns3:cad>86</ns3:cad>
          </ns3:TrackPointExtension>
        </extensions>
      </trkpt>
      <trkpt lat="31.3379712402820587158203125" lon="118.35123158991336822509765625">
        <ele>11.6000003814697265625</ele>
        <time>2026-08-07T15:50:40.000Z</time>
        <extensions>
          <ns3:TrackPointExtension>
            <ns3:hr>155</ns3:hr>
            <ns3:cad>86</ns3:cad>
          </ns3:TrackPointExtension>
        </extensions>
      </trkpt>
      <trkpt lat="31.3379932008683681488037109375" lon="118.35122832097113132476806640625">
        <ele>11.6000003814697265625</ele>
        <time>2026-08-07T15:50:41.000Z</time>
        <extensions>
          <ns3:TrackPointExtension>
            <ns3:hr>155</ns3:hr>
            <ns3:cad>85</ns3:cad>
          </ns3:TrackPointExtension>
        </extensions>
      </trkpt>
      <trkpt lat="31.3380250521004199981689453125" lon="118.35123427212238311767578125">
        <ele>11.6000003814697265625</ele>
        <time>2026-08-07T15:50:42.000Z</time>
        <extensions>
          <ns3:TrackPointExtension>
            <ns3:hr>155</ns3:hr>
            <ns3:cad>85</ns3:cad>
          </ns3:TrackPointExtension>
        </extensions>
      </trkpt>
      <trkpt lat="31.338050365447998046875" lon="118.35123083554208278656005859375">
        <ele>11.6000003814697265625</ele>
        <time>2026-08-07T15:50:43.000Z</time>
        <extensions>
          <ns3:TrackPointExtension>
            <ns3:hr>155</ns3:hr>
            <ns3:cad>85</ns3:cad>
          </ns3:TrackPointExtension>
        </extensions>
      </trkpt>
      <trkpt lat="31.338080205023288726806640625" lon="118.351228572428226470947265625">
        <ele>11.6000003814697265625</ele>
        <time>2026-08-07T15:50:44.000Z</time>
        <extensions>
          <ns3:TrackPointExtension>
            <ns3:hr>155</ns3:hr>
            <ns3:cad>85</ns3:cad>
          </ns3:TrackPointExtension>
        </extensions>
      </trkpt>
      <trkpt lat="31.33811012841761112213134765625" lon="118.3512223698198795318603515625">
        <ele>11.80000019073486328125</ele>
        <time>2026-08-07T15:50:45.000Z</time>
        <extensions>
          <ns3:TrackPointExtension>
            <ns3:hr>156</ns3:hr>
            <ns3:cad>85</ns3:cad>
          </ns3:TrackPointExtension>
        </extensions>
      </trkpt>
      <trkpt lat="31.3381268084049224853515625" lon="118.3512059412896633148193359375">
        <ele>11.6000003814697265625</ele>
        <time>2026-08-07T15:50:46.000Z</time>
        <extensions>
          <ns3:TrackPointExtension>
            <ns3:hr>155</ns3:hr>
            <ns3:cad>85</ns3:cad>
          </ns3:TrackPointExtension>
        </extensions>
      </trkpt>
      <trkpt lat="31.33815773762762546539306640625" lon="118.35118959657847881317138671875">
        <ele>11.6000003814697265625</ele>
        <time>2026-08-07T15:50:47.000Z</time>
        <extensions>
          <ns3:TrackPointExtension>
            <ns3:hr>155</ns3:hr>
            <ns3:cad>85</ns3:cad>
          </ns3:TrackPointExtension>
        </extensions>
      </trkpt>
      <trkpt lat="31.338179446756839752197265625" lon="118.35116981528699398040771484375">
        <ele>11.6000003814697265625</ele>
        <time>2026-08-07T15:50:48.000Z</time>
        <extensions>
          <ns3:TrackPointExtension>
            <ns3:hr>155</ns3:hr>
            <ns3:cad>85</ns3:cad>
          </ns3:TrackPointExtension>
        </extensions>
      </trkpt>
      <trkpt lat="31.3382178358733654022216796875" lon="118.35116042755544185638427734375">
        <ele>11.3999996185302734375</ele>
        <time>2026-08-07T15:50:49.000Z</time>
        <extensions>
          <ns3:TrackPointExtension>
            <ns3:hr>154</ns3:hr>
            <ns3:cad>83</ns3:cad>
          </ns3:TrackPointExtension>
        </extensions>
      </trkpt>
      <trkpt lat="31.338243819773197174072265625" lon="118.3511472679674625396728515625">
        <ele>11.19999980926513671875</ele>
        <time>2026-08-07T15:50:50.000Z</time>
        <extensions>
          <ns3:TrackPointExtension>
            <ns3:hr>154</ns3:hr>
            <ns3:cad>83</ns3:cad>
          </ns3:TrackPointExtension>
        </extensions>
      </trkpt>
      <trkpt lat="31.33827726356685161590576171875" lon="118.35113503038883209228515625">
        <ele>11.19999980926513671875</ele>
        <time>2026-08-07T15:50:51.000Z</time>
        <extensions>
          <ns3:TrackPointExtension>
            <ns3:hr>154</ns3:hr>
            <ns3:cad>83</ns3:cad>
          </ns3:TrackPointExtension>
        </extensions>
      </trkpt>
      <trkpt lat="31.33829469792544841766357421875" lon="118.35111415944993495941162109375">
        <ele>11.19999980926513671875</ele>
        <time>2026-08-07T15:50:52.000Z</time>
        <extensions>
          <ns3:TrackPointExtension>
            <ns3:hr>154</ns3:hr>
            <ns3:cad>85</ns3:cad>
          </ns3:TrackPointExtension>
        </extensions>
      </trkpt>
      <trkpt lat="31.33832059800624847412109375" lon="118.351094461977481842041015625">
        <ele>11.19999980926513671875</ele>
        <time>2026-08-07T15:50:53.000Z</time>
        <extensions>
          <ns3:TrackPointExtension>
            <ns3:hr>154</ns3:hr>
            <ns3:cad>85</ns3:cad>
          </ns3:TrackPointExtension>
        </extensions>
      </trkpt>
      <trkpt lat="31.33834465406835079193115234375" lon="118.35108230821788311004638671875">
        <ele>11.19999980926513671875</ele>
        <time>2026-08-07T15:50:54.000Z</time>
        <extensions>
          <ns3:TrackPointExtension>
            <ns3:hr>154</ns3:hr>
            <ns3:cad>85</ns3:cad>
          </ns3:TrackPointExtension>
        </extensions>
      </trkpt>
      <trkpt lat="31.33836678229272365570068359375" lon="118.35106705315411090850830078125">
        <ele>11.19999980926513671875</ele>
        <time>2026-08-07T15:50:55.000Z</time>
        <extensions>
          <ns3:TrackPointExtension>
            <ns3:hr>155</ns3:hr>
            <ns3:cad>85</ns3:cad>
          </ns3:TrackPointExtension>
        </extensions>
      </trkpt>
      <trkpt lat="31.338396035134792327880859375" lon="118.35105448029935359954833984375">
        <ele>11.19999980926513671875</ele>
        <time>2026-08-07T15:50:56.000Z</time>
        <extensions>
          <ns3:TrackPointExtension>
            <ns3:hr>155</ns3:hr>
            <ns3:cad>85</ns3:cad>
          </ns3:TrackPointExtension>
        </extensions>
      </trkpt>
      <trkpt lat="31.338414810597896575927734375" lon="118.3510416559875011444091796875">
        <ele>11.19999980926513671875</ele>
        <time>2026-08-07T15:50:57.000Z</time>
        <extensions>
          <ns3:TrackPointExtension>
            <ns3:hr>155</ns3:hr>
            <ns3:cad>85</ns3:cad>
          </ns3:TrackPointExtension>
        </extensions>
      </trkpt>
      <trkpt lat="31.33844808675348758697509765625" lon="118.3510391414165496826171875">
        <ele>11.19999980926513671875</ele>
        <time>2026-08-07T15:50:58.000Z</time>
        <extensions>
          <ns3:TrackPointExtension>
            <ns3:hr>155</ns3:hr>
            <ns3:cad>85</ns3:cad>
          </ns3:TrackPointExtension>
        </extensions>
      </trkpt>
      <trkpt lat="31.33847289718687534332275390625" lon="118.35102832876145839691162109375">
        <ele>11</ele>
        <time>2026-08-07T15:50:59.000Z</time>
        <extensions>
          <ns3:TrackPointExtension>
            <ns3:hr>155</ns3:hr>
            <ns3:cad>85</ns3:cad>
          </ns3:TrackPointExtension>
        </extensions>
      </trkpt>
      <trkpt lat="31.338508687913417816162109375" lon="118.351027406752109527587890625">
        <ele>11</ele>
        <time>2026-08-07T15:51:00.000Z</time>
        <extensions>
          <ns3:TrackPointExtension>
            <ns3:hr>155</ns3:hr>
            <ns3:cad>86</ns3:cad>
          </ns3:TrackPointExtension>
        </extensions>
      </trkpt>
      <trkpt lat="31.33853383362293243408203125" lon="118.3510255627334117889404296875">
        <ele>11</ele>
        <time>2026-08-07T15:51:01.000Z</time>
        <extensions>
          <ns3:TrackPointExtension>
            <ns3:hr>156</ns3:hr>
            <ns3:cad>87</ns3:cad>
          </ns3:TrackPointExtension>
        </extensions>
      </trkpt>
      <trkpt lat="31.33856727741658687591552734375" lon="118.3510292507708072662353515625">
        <ele>11.19999980926513671875</ele>
        <time>2026-08-07T15:51:02.000Z</time>
        <extensions>
          <ns3:TrackPointExtension>
            <ns3:hr>156</ns3:hr>
            <ns3:cad>87</ns3:cad>
          </ns3:TrackPointExtension>
        </extensions>
      </trkpt>
      <trkpt lat="31.33859443478286266326904296875" lon="118.35102799348533153533935546875">
        <ele>11.19999980926513671875</ele>
        <time>2026-08-07T15:51:03.000Z</time>
        <extensions>
          <ns3:TrackPointExtension>
            <ns3:hr>156</ns3:hr>
            <ns3:cad>87</ns3:cad>
          </ns3:TrackPointExtension>
        </extensions>
      </trkpt>
      <trkpt lat="31.33862435817718505859375" lon="118.351021707057952880859375">
        <ele>11.19999980926513671875</ele>
        <time>2026-08-07T15:51:04.000Z</time>
        <extensions>
          <ns3:TrackPointExtension>
            <ns3:hr>156</ns3:hr>
            <ns3:cad>87</ns3:cad>
          </ns3:TrackPointExtension>
        </extensions>
      </trkpt>
      <trkpt lat="31.3386510126292705535888671875" lon="118.3510188572108745574951171875">
        <ele>11.19999980926513671875</ele>
        <time>2026-08-07T15:51:05.000Z</time>
        <extensions>
          <ns3:TrackPointExtension>
            <ns3:hr>156</ns3:hr>
            <ns3:cad>87</ns3:cad>
          </ns3:TrackPointExtension>
        </extensions>
      </trkpt>
      <trkpt lat="31.33867355994880199432373046875" lon="118.3510123193264007568359375">
        <ele>11</ele>
        <time>2026-08-07T15:51:06.000Z</time>
        <extensions>
          <ns3:TrackPointExtension>
            <ns3:hr>157</ns3:hr>
            <ns3:cad>86</ns3:cad>
          </ns3:TrackPointExtension>
        </extensions>
      </trkpt>
      <trkpt lat="31.33870507590472698211669921875" lon="118.35100284777581691741943359375">
        <ele>11</ele>
        <time>2026-08-07T15:51:07.000Z</time>
        <extensions>
          <ns3:TrackPointExtension>
            <ns3:hr>157</ns3:hr>
            <ns3:cad>86</ns3:cad>
          </ns3:TrackPointExtension>
        </extensions>
      </trkpt>
      <trkpt lat="31.338723935186862945556640625" lon="118.35098390467464923858642578125">
        <ele>11</ele>
        <time>2026-08-07T15:51:08.000Z</time>
        <extensions>
          <ns3:TrackPointExtension>
            <ns3:hr>157</ns3:hr>
            <ns3:cad>87</ns3:cad>
          </ns3:TrackPointExtension>
        </extensions>
      </trkpt>
      <trkpt lat="31.33875536732375621795654296875" lon="118.3509769476950168609619140625">
        <ele>11.19999980926513671875</ele>
        <time>2026-08-07T15:51:09.000Z</time>
        <extensions>
          <ns3:TrackPointExtension>
            <ns3:hr>158</ns3:hr>
            <ns3:cad>87</ns3:cad>
          </ns3:TrackPointExtension>
        </extensions>
      </trkpt>
      <trkpt lat="31.33878688327968120574951171875" lon="118.3509699068963527679443359375">
        <ele>11.19999980926513671875</ele>
        <time>2026-08-07T15:51:10.000Z</time>
        <extensions>
          <ns3:TrackPointExtension>
            <ns3:hr>159</ns3:hr>
            <ns3:cad>87</ns3:cad>
          </ns3:TrackPointExtension>
        </extensions>
      </trkpt>
      <trkpt lat="31.33881638757884502410888671875" lon="118.35096563212573528289794921875">
        <ele>11.3999996185302734375</ele>
        <time>2026-08-07T15:51:11.000Z</time>
        <extensions>
          <ns3:TrackPointExtension>
            <ns3:hr>159</ns3:hr>
            <ns3:cad>86</ns3:cad>
          </ns3:TrackPointExtension>
        </extensions>
      </trkpt>
      <trkpt lat="31.3388478197157382965087890625" lon="118.350964374840259552001953125">
        <ele>11.3999996185302734375</ele>
        <time>2026-08-07T15:51:12.000Z</time>
        <extensions>
          <ns3:TrackPointExtension>
            <ns3:hr>159</ns3:hr>
            <ns3:cad>86</ns3:cad>
          </ns3:TrackPointExtension>
        </extensions>
      </trkpt>
      <trkpt lat="31.33887506090104579925537109375" lon="118.35096043534576892852783203125">
        <ele>11.3999996185302734375</ele>
        <time>2026-08-07T15:51:13.000Z</time>
        <extensions>
          <ns3:TrackPointExtension>
            <ns3:hr>159</ns3:hr>
            <ns3:cad>85</ns3:cad>
          </ns3:TrackPointExtension>
        </extensions>
      </trkpt>
      <trkpt lat="31.3389058224856853485107421875" lon="118.35097183473408222198486328125">
        <ele>11.3999996185302734375</ele>
        <time>2026-08-07T15:51:14.000Z</time>
        <extensions>
          <ns3:TrackPointExtension>
            <ns3:hr>159</ns3:hr>
            <ns3:cad>85</ns3:cad>
          </ns3:TrackPointExtension>
        </extensions>
      </trkpt>
      <trkpt lat="31.33892811834812164306640625" lon="118.35098055191338062286376953125">
        <ele>11.3999996185302734375</ele>
        <time>2026-08-07T15:51:15.000Z</time>
        <extensions>
          <ns3:TrackPointExtension>
            <ns3:hr>160</ns3:hr>
            <ns3:cad>85</ns3:cad>
          </ns3:TrackPointExtension>
        </extensions>
      </trkpt>
      <trkpt lat="31.33895100094377994537353515625" lon="118.350991867482662200927734375">
        <ele>11.3999996185302734375</ele>
        <time>2026-08-07T15:51:16.000Z</time>
        <extensions>
          <ns3:TrackPointExtension>
            <ns3:hr>160</ns3:hr>
            <ns3:cad>85</ns3:cad>
          </ns3:TrackPointExtension>
        </extensions>
      </trkpt>
      <trkpt lat="31.338970698416233062744140625" lon="118.35099463351070880889892578125">
        <ele>11.3999996185302734375</ele>
        <time>2026-08-07T15:51:17.000Z</time>
        <extensions>
          <ns3:TrackPointExtension>
            <ns3:hr>160</ns3:hr>
            <ns3:cad>86</ns3:cad>
          </ns3:TrackPointExtension>
        </extensions>
      </trkpt>
      <trkpt lat="31.33900062181055545806884765625" lon="118.35099957883358001708984375">
        <ele>11.3999996185302734375</ele>
        <time>2026-08-07T15:51:18.000Z</time>
        <extensions>
          <ns3:TrackPointExtension>
            <ns3:hr>160</ns3:hr>
            <ns3:cad>86</ns3:cad>
          </ns3:TrackPointExtension>
        </extensions>
      </trkpt>
      <trkpt lat="31.3390253484249114990234375" lon="118.35100234486162662506103515625">
        <ele>11.3999996185302734375</ele>
        <time>2026-08-07T15:51:19.000Z</time>
        <extensions>
          <ns3:TrackPointExtension>
            <ns3:hr>160</ns3:hr>
            <ns3:cad>88</ns3:cad>
          </ns3:TrackPointExtension>
        </extensions>
      </trkpt>
      <trkpt lat="31.33905015885829925537109375" lon="118.35100435651838779449462890625">
        <ele>11.3999996185302734375</ele>
        <time>2026-08-07T15:51:20.000Z</time>
        <extensions>
          <ns3:TrackPointExtension>
            <ns3:hr>160</ns3:hr>
            <ns3:cad>88</ns3:cad>
          </ns3:TrackPointExtension>
        </extensions>
      </trkpt>
      <trkpt lat="31.33907672949135303497314453125" lon="118.35101298987865447998046875">
        <ele>11.3999996185302734375</ele>
        <time>2026-08-07T15:51:21.000Z</time>
        <extensions>
          <ns3:TrackPointExtension>
            <ns3:hr>160</ns3:hr>
            <ns3:cad>87</ns3:cad>
          </ns3:TrackPointExtension>
        </extensions>
      </trkpt>
      <trkpt lat="31.3390959240496158599853515625" lon="118.3510096371173858642578125">
        <ele>11.3999996185302734375</ele>
        <time>2026-08-07T15:51:22.000Z</time>
        <extensions>
          <ns3:TrackPointExtension>
            <ns3:hr>160</ns3:hr>
            <ns3:cad>86</ns3:cad>
          </ns3:TrackPointExtension>
        </extensions>
      </trkpt>
      <trkpt lat="31.33912685327231884002685546875" lon="118.35101542063057422637939453125">
        <ele>11.3999996185302734375</ele>
        <time>2026-08-07T15:51:23.000Z</time>
        <extensions>
          <ns3:TrackPointExtension>
            <ns3:hr>160</ns3:hr>
            <ns3:cad>86</ns3:cad>
          </ns3:TrackPointExtension>
        </extensions>
      </trkpt>
      <trkpt lat="31.339151076972484588623046875" lon="118.3510168455541133880615234375">
        <ele>11.3999996185302734375</ele>
        <time>2026-08-07T15:51:24.000Z</time>
        <extensions>
          <ns3:TrackPointExtension>
            <ns3:hr>160</ns3:hr>
            <ns3:cad>86</ns3:cad>
          </ns3:TrackPointExtension>
        </extensions>
      </trkpt>
      <trkpt lat="31.3391787372529506683349609375" lon="118.35101894102990627288818359375">
        <ele>11.3999996185302734375</ele>
        <time>2026-08-07T15:51:25.000Z</time>
        <extensions>
          <ns3:TrackPointExtension>
            <ns3:hr>160</ns3:hr>
            <ns3:cad>85</ns3:cad>
          </ns3:TrackPointExtension>
        </extensions>
      </trkpt>
      <trkpt lat="31.339208073914051055908203125" lon="118.35102514363825321197509765625">
        <ele>11.3999996185302734375</ele>
        <time>2026-08-07T15:51:26.000Z</time>
        <extensions>
          <ns3:TrackPointExtension>
            <ns3:hr>160</ns3:hr>
            <ns3:cad>85</ns3:cad>
          </ns3:TrackPointExtension>
        </extensions>
      </trkpt>
      <trkpt lat="31.3392291963100433349609375" lon="118.3510205335915088653564453125">
        <ele>11.3999996185302734375</ele>
        <time>2026-08-07T15:51:27.000Z</time>
        <extensions>
          <ns3:TrackPointExtension>
            <ns3:hr>161</ns3:hr>
            <ns3:cad>84</ns3:cad>
          </ns3:TrackPointExtension>
        </extensions>
      </trkpt>
      <trkpt lat="31.33925526402890682220458984375" lon="118.351022042334079742431640625">
        <ele>11.3999996185302734375</ele>
        <time>2026-08-07T15:51:28.000Z</time>
        <extensions>
          <ns3:TrackPointExtension>
            <ns3:hr>160</ns3:hr>
            <ns3:cad>83</ns3:cad>
          </ns3:TrackPointExtension>
        </extensions>
      </trkpt>
      <trkpt lat="31.3392645679414272308349609375" lon="118.35103754885494709014892578125">
        <ele>11.3999996185302734375</ele>
        <time>2026-08-07T15:51:29.000Z</time>
        <extensions>
          <ns3:TrackPointExtension>
            <ns3:hr>160</ns3:hr>
            <ns3:cad>83</ns3:cad>
          </ns3:TrackPointExtension>
        </extensions>
      </trkpt>
      <trkpt lat="31.33927571587264537811279296875" lon="118.351062946021556854248046875">
        <ele>11.3999996185302734375</ele>
        <time>2026-08-07T15:51:30.000Z</time>
        <extensions>
          <ns3:TrackPointExtension>
            <ns3:hr>160</ns3:hr>
            <ns3:cad>84</ns3:cad>
          </ns3:TrackPointExtension>
        </extensions>
      </trkpt>
      <trkpt lat="31.3392900489270687103271484375" lon="118.35109211504459381103515625">
        <ele>11.19999980926513671875</ele>
        <time>2026-08-07T15:51:31.000Z</time>
        <extensions>
          <ns3:TrackPointExtension>
            <ns3:hr>160</ns3:hr>
            <ns3:cad>85</ns3:cad>
          </ns3:TrackPointExtension>
        </extensions>
      </trkpt>
      <trkpt lat="31.33931159041821956634521484375" lon="118.35110996849834918975830078125">
        <ele>11.19999980926513671875</ele>
        <time>2026-08-07T15:51:32.000Z</time>
        <extensions>
          <ns3:TrackPointExtension>
            <ns3:hr>160</ns3:hr>
            <ns3:cad>85</ns3:cad>
          </ns3:TrackPointExtension>
        </extensions>
      </trkpt>
      <trkpt lat="31.3393353112041950225830078125" lon="118.35114064626395702362060546875">
        <ele>11.19999980926513671875</ele>
        <time>2026-08-07T15:51:33.000Z</time>
        <extensions>
          <ns3:TrackPointExtension>
            <ns3:hr>160</ns3:hr>
            <ns3:cad>85</ns3:cad>
          </ns3:TrackPointExtension>
        </extensions>
      </trkpt>
      <trkpt lat="31.33935215882956981658935546875" lon="118.3511571586132049560546875">
        <ele>11.19999980926513671875</ele>
        <time>2026-08-07T15:51:34.000Z</time>
        <extensions>
          <ns3:TrackPointExtension>
            <ns3:hr>160</ns3:hr>
            <ns3:cad>85</ns3:cad>
          </ns3:TrackPointExtension>
        </extensions>
      </trkpt>
      <trkpt lat="31.33937378413975238800048828125" lon="118.35116989910602569580078125">
        <ele>11.19999980926513671875</ele>
        <time>2026-08-07T15:51:35.000Z</time>
        <extensions>
          <ns3:TrackPointExtension>
            <ns3:hr>160</ns3:hr>
            <ns3:cad>82</ns3:cad>
          </ns3:TrackPointExtension>
        </extensions>
      </trkpt>
      <trkpt lat="31.33939976803958415985107421875" lon="118.35118624381721019744873046875">
        <ele>11.19999980926513671875</ele>
        <time>2026-08-07T15:51:36.000Z</time>
        <extensions>
          <ns3:TrackPointExtension>
            <ns3:hr>160</ns3:hr>
            <ns3:cad>82</ns3:cad>
          </ns3:TrackPointExtension>
        </extensions>
      </trkpt>
      <trkpt lat="31.33942021988332271575927734375" lon="118.35118909366428852081298828125">
        <ele>11.19999980926513671875</ele>
        <time>2026-08-07T15:51:37.000Z</time>
        <extensions>
          <ns3:TrackPointExtension>
            <ns3:hr>160</ns3:hr>
            <ns3:cad>83</ns3:cad>
          </ns3:TrackPointExtension>
        </extensions>
      </trkpt>
      <trkpt lat="31.3394513167440891265869140625" lon="118.35120032541453838348388671875">
        <ele>11.19999980926513671875</ele>
        <time>2026-08-07T15:51:38.000Z</time>
        <extensions>
          <ns3:TrackPointExtension>
            <ns3:hr>160</ns3:hr>
            <ns3:cad>84</ns3:cad>
          </ns3:TrackPointExtension>
        </extensions>
      </trkpt>
      <trkpt lat="31.3394747860729694366455078125" lon="118.35120501928031444549560546875">
        <ele>11.19999980926513671875</ele>
        <time>2026-08-07T15:51:39.000Z</time>
        <extensions>
          <ns3:TrackPointExtension>
            <ns3:hr>160</ns3:hr>
            <ns3:cad>84</ns3:cad>
          </ns3:TrackPointExtension>
        </extensions>
      </trkpt>
      <trkpt lat="31.3395022787153720855712890625" lon="118.351214826107025146484375">
        <ele>11.19999980926513671875</ele>
        <time>2026-08-07T15:51:40.000Z</time>
        <extensions>
          <ns3:TrackPointExtension>
            <ns3:hr>160</ns3:hr>
            <ns3:cad>84</ns3:cad>
          </ns3:TrackPointExtension>
        </extensions>
      </trkpt>
      <trkpt lat="31.33952884934842586517333984375" lon="118.3512243814766407012939453125">
        <ele>11.3999996185302734375</ele>
        <time>2026-08-07T15:51:41.000Z</time>
        <extensions>
          <ns3:TrackPointExtension>
            <ns3:hr>160</ns3:hr>
            <ns3:cad>84</ns3:cad>
          </ns3:TrackPointExtension>
        </extensions>
      </trkpt>
      <trkpt lat="31.3395592756569385528564453125" lon="118.35122890770435333251953125">
        <ele>11.3999996185302734375</ele>
        <time>2026-08-07T15:51:42.000Z</time>
        <extensions>
          <ns3:TrackPointExtension>
            <ns3:hr>160</ns3:hr>
            <ns3:cad>84</ns3:cad>
          </ns3:TrackPointExtension>
        </extensions>
      </trkpt>
      <trkpt lat="31.3395867682993412017822265625" lon="118.35124994628131389617919921875">
        <ele>11.3999996185302734375</ele>
        <time>2026-08-07T15:51:43.000Z</time>
        <extensions>
          <ns3:TrackPointExtension>
            <ns3:hr>160</ns3:hr>
            <ns3:cad>84</ns3:cad>
          </ns3:TrackPointExtension>
        </extensions>
      </trkpt>
      <trkpt lat="31.33961074054241180419921875" lon="118.35125748999416828155517578125">
        <ele>11.3999996185302734375</ele>
        <time>2026-08-07T15:51:44.000Z</time>
        <extensions>
          <ns3:TrackPointExtension>
            <ns3:hr>159</ns3:hr>
            <ns3:cad>84</ns3:cad>
          </ns3:TrackPointExtension>
        </extensions>
      </trkpt>
      <trkpt lat="31.3396427594125270843505859375" lon="118.35127324797213077545166015625">
        <ele>11.6000003814697265625</ele>
        <time>2026-08-07T15:51:45.000Z</time>
        <extensions>
          <ns3:TrackPointExtension>
            <ns3:hr>160</ns3:hr>
            <ns3:cad>84</ns3:cad>
          </ns3:TrackPointExtension>
        </extensions>
      </trkpt>
      <trkpt lat="31.33966966532170772552490234375" lon="118.351286910474300384521484375">
        <ele>11.6000003814697265625</ele>
        <time>2026-08-07T15:51:46.000Z</time>
        <extensions>
          <ns3:TrackPointExtension>
            <ns3:hr>160</ns3:hr>
            <ns3:cad>85</ns3:cad>
          </ns3:TrackPointExtension>
        </extensions>
      </trkpt>
      <trkpt lat="31.33969631977379322052001953125" lon="118.35129923187196254730224609375">
        <ele>11.6000003814697265625</ele>
        <time>2026-08-07T15:51:47.000Z</time>
        <extensions>
          <ns3:TrackPointExtension>
            <ns3:hr>159</ns3:hr>
            <ns3:cad>85</ns3:cad>
          </ns3:TrackPointExtension>
        </extensions>
      </trkpt>
      <trkpt lat="31.33972339332103729248046875" lon="118.351318426430225372314453125">
        <ele>11.80000019073486328125</ele>
        <time>2026-08-07T15:51:48.000Z</time>
        <extensions>
          <ns3:TrackPointExtension>
            <ns3:hr>159</ns3:hr>
            <ns3:cad>84</ns3:cad>
          </ns3:TrackPointExtension>
        </extensions>
      </trkpt>
      <trkpt lat="31.339744515717029571533203125" lon="118.35132856853306293487548828125">
        <ele>11.80000019073486328125</ele>
        <time>2026-08-07T15:51:49.000Z</time>
        <extensions>
          <ns3:TrackPointExtension>
            <ns3:hr>159</ns3:hr>
            <ns3:cad>84</ns3:cad>
          </ns3:TrackPointExtension>
        </extensions>
      </trkpt>
      <trkpt lat="31.3397763669490814208984375" lon="118.35133259184658527374267578125">
        <ele>12</ele>
        <time>2026-08-07T15:51:50.000Z</time>
        <extensions>
          <ns3:TrackPointExtension>
            <ns3:hr>160</ns3:hr>
            <ns3:cad>84</ns3:cad>
          </ns3:TrackPointExtension>
        </extensions>
      </trkpt>
      <trkpt lat="31.3397892750799655914306640625" lon="118.351315073668956756591796875">
        <ele>12</ele>
        <time>2026-08-07T15:51:51.000Z</time>
        <extensions>
          <ns3:TrackPointExtension>
            <ns3:hr>159</ns3:hr>
            <ns3:cad>84</ns3:cad>
          </ns3:TrackPointExtension>
        </extensions>
      </trkpt>
      <trkpt lat="31.33979983627796173095703125" lon="118.35128523409366607666015625">
        <ele>12</ele>
        <time>2026-08-07T15:51:52.000Z</time>
        <extensions>
          <ns3:TrackPointExtension>
            <ns3:hr>160</ns3:hr>
            <ns3:cad>84</ns3:cad>
          </ns3:TrackPointExtension>
        </extensions>
      </trkpt>
      <trkpt lat="31.3398144207894802093505859375" lon="118.35125514306128025054931640625">
        <ele>12</ele>
        <time>2026-08-07T15:51:53.000Z</time>
        <extensions>
          <ns3:TrackPointExtension>
            <ns3:hr>160</ns3:hr>
            <ns3:cad>85</ns3:cad>
          </ns3:TrackPointExtension>
        </extensions>
      </trkpt>
      <trkpt lat="31.33981953375041484832763671875" lon="118.35123234428465366363525390625">
        <ele>11.80000019073486328125</ele>
        <time>2026-08-07T15:51:54.000Z</time>
        <extensions>
          <ns3:TrackPointExtension>
            <ns3:hr>160</ns3:hr>
            <ns3:cad>85</ns3:cad>
          </ns3:TrackPointExtension>
        </extensions>
      </trkpt>
      <trkpt lat="31.3398434221744537353515625" lon="118.35120317526161670684814453125">
        <ele>11.80000019073486328125</ele>
        <time>2026-08-07T15:51:55.000Z</time>
        <extensions>
          <ns3:TrackPointExtension>
            <ns3:hr>159</ns3:hr>
            <ns3:cad>86</ns3:cad>
          </ns3:TrackPointExtension>
        </extensions>
      </trkpt>
      <trkpt lat="31.3398647122085094451904296875" lon="118.3511831425130367279052734375">
        <ele>12</ele>
        <time>2026-08-07T15:51:56.000Z</time>
        <extensions>
          <ns3:TrackPointExtension>
            <ns3:hr>160</ns3:hr>
            <ns3:cad>86</ns3:cad>
          </ns3:TrackPointExtension>
        </extensions>
      </trkpt>
      <trkpt lat="31.3398838229477405548095703125" lon="118.35116260685026645660400390625">
        <ele>12</ele>
        <time>2026-08-07T15:51:57.000Z</time>
        <extensions>
          <ns3:TrackPointExtension>
            <ns3:hr>160</ns3:hr>
            <ns3:cad>84</ns3:cad>
          </ns3:TrackPointExtension>
        </extensions>
      </trkpt>
      <trkpt lat="31.3399143330752849578857421875" lon="118.35115053690969944000244140625">
        <ele>12</ele>
        <time>2026-08-07T15:51:58.000Z</time>
        <extensions>
          <ns3:TrackPointExtension>
            <ns3:hr>160</ns3:hr>
            <ns3:cad>83</ns3:cad>
          </ns3:TrackPointExtension>
        </extensions>
      </trkpt>
      <trkpt lat="31.33993537165224552154541015625" lon="118.35113679058849811553955078125">
        <ele>12</ele>
        <time>2026-08-07T15:51:59.000Z</time>
        <extensions>
          <ns3:TrackPointExtension>
            <ns3:hr>160</ns3:hr>
            <ns3:cad>81</ns3:cad>
          </ns3:TrackPointExtension>
        </extensions>
      </trkpt>
      <trkpt lat="31.33996454067528247833251953125" lon="118.351134024560451507568359375">
        <ele>12</ele>
        <time>2026-08-07T15:52:00.000Z</time>
        <extensions>
          <ns3:TrackPointExtension>
            <ns3:hr>160</ns3:hr>
            <ns3:cad>81</ns3:cad>
          </ns3:TrackPointExtension>
        </extensions>
      </trkpt>
      <trkpt lat="31.33999404497444629669189453125" lon="118.351138718426227569580078125">
        <ele>12</ele>
        <time>2026-08-07T15:52:01.000Z</time>
        <extensions>
          <ns3:TrackPointExtension>
            <ns3:hr>161</ns3:hr>
            <ns3:cad>82</ns3:cad>
          </ns3:TrackPointExtension>
        </extensions>
      </trkpt>
      <trkpt lat="31.3400172628462314605712890625" lon="118.35113880224525928497314453125">
        <ele>11.80000019073486328125</ele>
        <time>2026-08-07T15:52:02.000Z</time>
        <extensions>
          <ns3:TrackPointExtension>
            <ns3:hr>162</ns3:hr>
            <ns3:cad>83</ns3:cad>
          </ns3:TrackPointExtension>
        </extensions>
      </trkpt>
      <trkpt lat="31.34004659950733184814453125" lon="118.35115321911871433258056640625">
        <ele>11.80000019073486328125</ele>
        <time>2026-08-07T15:52:03.000Z</time>
        <extensions>
          <ns3:TrackPointExtension>
            <ns3:hr>163</ns3:hr>
            <ns3:cad>83</ns3:cad>
          </ns3:TrackPointExtension>
        </extensions>
      </trkpt>
      <trkpt lat="31.34006830863654613494873046875" lon="118.35116093046963214874267578125">
        <ele>12</ele>
        <time>2026-08-07T15:52:04.000Z</time>
        <extensions>
          <ns3:TrackPointExtension>
            <ns3:hr>165</ns3:hr>
            <ns3:cad>83</ns3:cad>
          </ns3:TrackPointExtension>
        </extensions>
      </trkpt>
      <trkpt lat="31.3400926999747753143310546875" lon="118.3511740900576114654541015625">
        <ele>12</ele>
        <time>2026-08-07T15:52:05.000Z</time>
        <extensions>
          <ns3:TrackPointExtension>
            <ns3:hr>166</ns3:hr>
            <ns3:cad>83</ns3:cad>
          </ns3:TrackPointExtension>
        </extensions>
      </trkpt>
      <trkpt lat="31.34011290036141872406005859375" lon="118.35119747556746006011962890625">
        <ele>11.80000019073486328125</ele>
        <time>2026-08-07T15:52:06.000Z</time>
        <extensions>
          <ns3:TrackPointExtension>
            <ns3:hr>167</ns3:hr>
            <ns3:cad>82</ns3:cad>
          </ns3:TrackPointExtension>
        </extensions>
      </trkpt>
      <trkpt lat="31.34012698195874691009521484375" lon="118.35120921023190021514892578125">
        <ele>12</ele>
        <time>2026-08-07T15:52:07.000Z</time>
        <extensions>
          <ns3:TrackPointExtension>
            <ns3:hr>167</ns3:hr>
            <ns3:cad>82</ns3:cad>
          </ns3:TrackPointExtension>
        </extensions>
      </trkpt>
      <trkpt lat="31.34014718234539031982421875" lon="118.35123217664659023284912109375">
        <ele>12</ele>
        <time>2026-08-07T15:52:08.000Z</time>
        <extensions>
          <ns3:TrackPointExtension>
            <ns3:hr>167</ns3:hr>
            <ns3:cad>83</ns3:cad>
          </ns3:TrackPointExtension>
        </extensions>
      </trkpt>
      <trkpt lat="31.34016034193336963653564453125" lon="118.3512461744248867034912109375">
        <ele>11.80000019073486328125</ele>
        <time>2026-08-07T15:52:09.000Z</time>
        <extensions>
          <ns3:TrackPointExtension>
            <ns3:hr>167</ns3:hr>
            <ns3:cad>83</ns3:cad>
          </ns3:TrackPointExtension>
        </extensions>
      </trkpt>
      <trkpt lat="31.3401855714619159698486328125" lon="118.35126084275543689727783203125">
        <ele>11.80000019073486328125</ele>
        <time>2026-08-07T15:52:10.000Z</time>
        <extensions>
          <ns3:TrackPointExtension>
            <ns3:hr>167</ns3:hr>
            <ns3:cad>83</ns3:cad>
          </ns3:TrackPointExtension>
        </extensions>
      </trkpt>
      <trkpt lat="31.340210549533367156982421875" lon="118.3512626029551029205322265625">
        <ele>11.80000019073486328125</ele>
        <time>2026-08-07T15:52:11.000Z</time>
        <extensions>
          <ns3:TrackPointExtension>
            <ns3:hr>167</ns3:hr>
            <ns3:cad>83</ns3:cad>
          </ns3:TrackPointExtension>
        </extensions>
      </trkpt>
      <trkpt lat="31.340234689414501190185546875" lon="118.35125883109867572784423828125">
        <ele>11.6000003814697265625</ele>
        <time>2026-08-07T15:52:12.000Z</time>
        <extensions>
          <ns3:TrackPointExtension>
            <ns3:hr>167</ns3:hr>
            <ns3:cad>83</ns3:cad>
          </ns3:TrackPointExtension>
        </extensions>
      </trkpt>
      <trkpt lat="31.34026394225656986236572265625" lon="118.3512505330145359039306640625">
        <ele>11.6000003814697265625</ele>
        <time>2026-08-07T15:52:13.000Z</time>
        <extensions>
          <ns3:TrackPointExtension>
            <ns3:hr>167</ns3:hr>
            <ns3:cad>83</ns3:cad>
          </ns3:TrackPointExtension>
        </extensions>
      </trkpt>
      <trkpt lat="31.34028523229062557220458984375" lon="118.3512344397604465484619140625">
        <ele>11.3999996185302734375</ele>
        <time>2026-08-07T15:52:14.000Z</time>
        <extensions>
          <ns3:TrackPointExtension>
            <ns3:hr>167</ns3:hr>
            <ns3:cad>83</ns3:cad>
          </ns3:TrackPointExtension>
        </extensions>
      </trkpt>
      <trkpt lat="31.340317837893962860107421875" lon="118.3512257225811481475830078125">
        <ele>11.3999996185302734375</ele>
        <time>2026-08-07T15:52:15.000Z</time>
        <extensions>
          <ns3:TrackPointExtension>
            <ns3:hr>167</ns3:hr>
            <ns3:cad>83</ns3:cad>
          </ns3:TrackPointExtension>
        </extensions>
      </trkpt>
      <trkpt lat="31.34034097194671630859375" lon="118.3512108027935028076171875">
        <ele>11.3999996185302734375</ele>
        <time>2026-08-07T15:52:16.000Z</time>
        <extensions>
          <ns3:TrackPointExtension>
            <ns3:hr>166</ns3:hr>
            <ns3:cad>83</ns3:cad>
          </ns3:TrackPointExtension>
        </extensions>
      </trkpt>
      <trkpt lat="31.340368799865245819091796875" lon="118.35119127295911312103271484375">
        <ele>11.3999996185302734375</ele>
        <time>2026-08-07T15:52:17.000Z</time>
        <extensions>
          <ns3:TrackPointExtension>
            <ns3:hr>166</ns3:hr>
            <ns3:cad>84</ns3:cad>
          </ns3:TrackPointExtension>
        </extensions>
      </trkpt>
      <trkpt lat="31.34039469994604587554931640625" lon="118.351181633770465850830078125">
        <ele>11.3999996185302734375</ele>
        <time>2026-08-07T15:52:18.000Z</time>
        <extensions>
          <ns3:TrackPointExtension>
            <ns3:hr>166</ns3:hr>
            <ns3:cad>84</ns3:cad>
          </ns3:TrackPointExtension>
        </extensions>
      </trkpt>
      <trkpt lat="31.34041531942784786224365234375" lon="118.351166546344757080078125">
        <ele>11.3999996185302734375</ele>
        <time>2026-08-07T15:52:19.000Z</time>
        <extensions>
          <ns3:TrackPointExtension>
            <ns3:hr>166</ns3:hr>
            <ns3:cad>84</ns3:cad>
          </ns3:TrackPointExtension>
        </extensions>
      </trkpt>
      <trkpt lat="31.34044515900313854217529296875" lon="118.35115288384258747100830078125">
        <ele>11.3999996185302734375</ele>
        <time>2026-08-07T15:52:20.000Z</time>
        <extensions>
          <ns3:TrackPointExtension>
            <ns3:hr>166</ns3:hr>
            <ns3:cad>84</ns3:cad>
          </ns3:TrackPointExtension>
        </extensions>
      </trkpt>
      <trkpt lat="31.3404591567814350128173828125" lon="118.35113327018916606903076171875">
        <ele>11.3999996185302734375</ele>
        <time>2026-08-07T15:52:21.000Z</time>
        <extensions>
          <ns3:TrackPointExtension>
            <ns3:hr>167</ns3:hr>
            <ns3:cad>83</ns3:cad>
          </ns3:TrackPointExtension>
        </extensions>
      </trkpt>
      <trkpt lat="31.34048019535839557647705078125" lon="118.35110276006162166595458984375">
        <ele>11.6000003814697265625</ele>
        <time>2026-08-07T15:52:22.000Z</time>
        <extensions>
          <ns3:TrackPointExtension>
            <ns3:hr>166</ns3:hr>
            <ns3:cad>83</ns3:cad>
          </ns3:TrackPointExtension>
        </extensions>
      </trkpt>
      <trkpt lat="31.34050081484019756317138671875" lon="118.351076357066631317138671875">
        <ele>11.6000003814697265625</ele>
        <time>2026-08-07T15:52:23.000Z</time>
        <extensions>
          <ns3:TrackPointExtension>
            <ns3:hr>166</ns3:hr>
            <ns3:cad>83</ns3:cad>
          </ns3:TrackPointExtension>
        </extensions>
      </trkpt>
      <trkpt lat="31.340511627495288848876953125" lon="118.3510567434132099151611328125">
        <ele>11.6000003814697265625</ele>
        <time>2026-08-07T15:52:24.000Z</time>
        <extensions>
          <ns3:TrackPointExtension>
            <ns3:hr>166</ns3:hr>
            <ns3:cad>84</ns3:cad>
          </ns3:TrackPointExtension>
        </extensions>
      </trkpt>
      <trkpt lat="31.34053610265254974365234375" lon="118.351028747856616973876953125">
        <ele>11.6000003814697265625</ele>
        <time>2026-08-07T15:52:25.000Z</time>
        <extensions>
          <ns3:TrackPointExtension>
            <ns3:hr>166</ns3:hr>
            <ns3:cad>84</ns3:cad>
          </ns3:TrackPointExtension>
        </extensions>
      </trkpt>
      <trkpt lat="31.34055479429662227630615234375" lon="118.35100687108933925628662109375">
        <ele>11.6000003814697265625</ele>
        <time>2026-08-07T15:52:26.000Z</time>
        <extensions>
          <ns3:TrackPointExtension>
            <ns3:hr>166</ns3:hr>
            <ns3:cad>84</ns3:cad>
          </ns3:TrackPointExtension>
        </extensions>
      </trkpt>
      <trkpt lat="31.3405718095600605010986328125" lon="118.35098876617848873138427734375">
        <ele>11.6000003814697265625</ele>
        <time>2026-08-07T15:52:27.000Z</time>
        <extensions>
          <ns3:TrackPointExtension>
            <ns3:hr>166</ns3:hr>
            <ns3:cad>84</ns3:cad>
          </ns3:TrackPointExtension>
        </extensions>
      </trkpt>
      <trkpt lat="31.34059620089828968048095703125" lon="118.35097610950469970703125">
        <ele>11.80000019073486328125</ele>
        <time>2026-08-07T15:52:28.000Z</time>
        <extensions>
          <ns3:TrackPointExtension>
            <ns3:hr>166</ns3:hr>
            <ns3:cad>83</ns3:cad>
          </ns3:TrackPointExtension>
        </extensions>
      </trkpt>
      <trkpt lat="31.3406133837997913360595703125" lon="118.35096278227865695953369140625">
        <ele>11.6000003814697265625</ele>
        <time>2026-08-07T15:52:29.000Z</time>
        <extensions>
          <ns3:TrackPointExtension>
            <ns3:hr>165</ns3:hr>
            <ns3:cad>82</ns3:cad>
          </ns3:TrackPointExtension>
        </extensions>
      </trkpt>
      <trkpt lat="31.34064364247024059295654296875" lon="118.35094886831939220428466796875">
        <ele>11.6000003814697265625</ele>
        <time>2026-08-07T15:52:30.000Z</time>
        <extensions>
          <ns3:TrackPointExtension>
            <ns3:hr>166</ns3:hr>
            <ns3:cad>82</ns3:cad>
          </ns3:TrackPointExtension>
        </extensions>
      </trkpt>
      <trkpt lat="31.34067599661648273468017578125" lon="118.35094593465328216552734375">
        <ele>11.6000003814697265625</ele>
        <time>2026-08-07T15:52:31.000Z</time>
        <extensions>
          <ns3:TrackPointExtension>
            <ns3:hr>166</ns3:hr>
            <ns3:cad>82</ns3:cad>
          </ns3:TrackPointExtension>
        </extensions>
      </trkpt>
      <trkpt lat="31.340699382126331329345703125" lon="118.35093897767364978790283203125">
        <ele>11.80000019073486328125</ele>
        <time>2026-08-07T15:52:32.000Z</time>
        <extensions>
          <ns3:TrackPointExtension>
            <ns3:hr>165</ns3:hr>
            <ns3:cad>83</ns3:cad>
          </ns3:TrackPointExtension>
        </extensions>
      </trkpt>
      <trkpt lat="31.34073617868125438690185546875" lon="118.3509424142539501190185546875">
        <ele>11.80000019073486328125</ele>
        <time>2026-08-07T15:52:33.000Z</time>
        <extensions>
          <ns3:TrackPointExtension>
            <ns3:hr>165</ns3:hr>
            <ns3:cad>83</ns3:cad>
          </ns3:TrackPointExtension>
        </extensions>
      </trkpt>
      <trkpt lat="31.34076383896172046661376953125" lon="118.3509491197764873504638671875">
        <ele>11.80000019073486328125</ele>
        <time>2026-08-07T15:52:34.000Z</time>
        <extensions>
          <ns3:TrackPointExtension>
            <ns3:hr>165</ns3:hr>
            <ns3:cad>82</ns3:cad>
          </ns3:TrackPointExtension>
        </extensions>
      </trkpt>
      <trkpt lat="31.34079351089894771575927734375" lon="118.35095909424126148223876953125">
        <ele>11.80000019073486328125</ele>
        <time>2026-08-07T15:52:35.000Z</time>
        <extensions>
          <ns3:TrackPointExtension>
            <ns3:hr>165</ns3:hr>
            <ns3:cad>82</ns3:cad>
          </ns3:TrackPointExtension>
        </extensions>
      </trkpt>
      <trkpt lat="31.34082376956939697265625" lon="118.350977785885334014892578125">
        <ele>11.80000019073486328125</ele>
        <time>2026-08-07T15:52:36.000Z</time>
        <extensions>
          <ns3:TrackPointExtension>
            <ns3:hr>166</ns3:hr>
            <ns3:cad>82</ns3:cad>
          </ns3:TrackPointExtension>
        </extensions>
      </trkpt>
      <trkpt lat="31.34084279648959636688232421875" lon="118.35099128074944019317626953125">
        <ele>11.80000019073486328125</ele>
        <time>2026-08-07T15:52:37.000Z</time>
        <extensions>
          <ns3:TrackPointExtension>
            <ns3:hr>165</ns3:hr>
            <ns3:cad>82</ns3:cad>
          </ns3:TrackPointExtension>
        </extensions>
      </trkpt>
      <trkpt lat="31.34087179787456989288330078125" lon="118.35101374424993991851806640625">
        <ele>11.80000019073486328125</ele>
        <time>2026-08-07T15:52:38.000Z</time>
        <extensions>
          <ns3:TrackPointExtension>
            <ns3:hr>165</ns3:hr>
            <ns3:cad>83</ns3:cad>
          </ns3:TrackPointExtension>
        </extensions>
      </trkpt>
      <trkpt lat="31.3408936746418476104736328125" lon="118.35102849639952182769775390625">
        <ele>11.80000019073486328125</ele>
        <time>2026-08-07T15:52:39.000Z</time>
        <extensions>
          <ns3:TrackPointExtension>
            <ns3:hr>165</ns3:hr>
            <ns3:cad>83</ns3:cad>
          </ns3:TrackPointExtension>
        </extensions>
      </trkpt>
      <trkpt lat="31.34091622196137905120849609375" lon="118.35104241035878658294677734375">
        <ele>11.80000019073486328125</ele>
        <time>2026-08-07T15:52:40.000Z</time>
        <extensions>
          <ns3:TrackPointExtension>
            <ns3:hr>166</ns3:hr>
            <ns3:cad>83</ns3:cad>
          </ns3:TrackPointExtension>
        </extensions>
      </trkpt>
      <trkpt lat="31.340942122042179107666015625" lon="118.35106638260185718536376953125">
        <ele>11.80000019073486328125</ele>
        <time>2026-08-07T15:52:41.000Z</time>
        <extensions>
          <ns3:TrackPointExtension>
            <ns3:hr>166</ns3:hr>
            <ns3:cad>84</ns3:cad>
          </ns3:TrackPointExtension>
        </extensions>
      </trkpt>
      <trkpt lat="31.3409619033336639404296875" lon="118.35107040591537952423095703125">
        <ele>11.6000003814697265625</ele>
        <time>2026-08-07T15:52:42.000Z</time>
        <extensions>
          <ns3:TrackPointExtension>
            <ns3:hr>166</ns3:hr>
            <ns3:cad>84</ns3:cad>
          </ns3:TrackPointExtension>
        </extensions>
      </trkpt>
      <trkpt lat="31.34099383838474750518798828125" lon="118.3510713279247283935546875">
        <ele>11.6000003814697265625</ele>
        <time>2026-08-07T15:52:43.000Z</time>
        <extensions>
          <ns3:TrackPointExtension>
            <ns3:hr>166</ns3:hr>
            <ns3:cad>84</ns3:cad>
          </ns3:TrackPointExtension>
        </extensions>
      </trkpt>
      <trkpt lat="31.34102158248424530029296875" lon="118.35107191465795040130615234375">
        <ele>11.80000019073486328125</ele>
        <time>2026-08-07T15:52:44.000Z</time>
        <extensions>
          <ns3:TrackPointExtension>
            <ns3:hr>166</ns3:hr>
            <ns3:cad>83</ns3:cad>
          </ns3:TrackPointExtension>
        </extensions>
      </trkpt>
      <trkpt lat="31.34104228578507900238037109375" lon="118.3510632812976837158203125">
        <ele>11.6000003814697265625</ele>
        <time>2026-08-07T15:52:45.000Z</time>
        <extensions>
          <ns3:TrackPointExtension>
            <ns3:hr>166</ns3:hr>
            <ns3:cad>83</ns3:cad>
          </ns3:TrackPointExtension>
        </extensions>
      </trkpt>
      <trkpt lat="31.34106894023716449737548828125" lon="118.35105724632740020751953125">
        <ele>11.6000003814697265625</ele>
        <time>2026-08-07T15:52:46.000Z</time>
        <extensions>
          <ns3:TrackPointExtension>
            <ns3:hr>165</ns3:hr>
            <ns3:cad>83</ns3:cad>
          </ns3:TrackPointExtension>
        </extensions>
      </trkpt>
      <trkpt lat="31.34107966907322406768798828125" lon="118.3510399796068668365478515625">
        <ele>11.80000019073486328125</ele>
        <time>2026-08-07T15:52:47.000Z</time>
        <extensions>
          <ns3:TrackPointExtension>
            <ns3:hr>165</ns3:hr>
            <ns3:cad>83</ns3:cad>
          </ns3:TrackPointExtension>
        </extensions>
      </trkpt>
      <trkpt lat="31.34108863770961761474609375" lon="118.35101424716413021087646484375">
        <ele>11.80000019073486328125</ele>
        <time>2026-08-07T15:52:48.000Z</time>
        <extensions>
          <ns3:TrackPointExtension>
            <ns3:hr>165</ns3:hr>
            <ns3:cad>83</ns3:cad>
          </ns3:TrackPointExtension>
        </extensions>
      </trkpt>
      <trkpt lat="31.3411122746765613555908203125" lon="118.35100351832807064056396484375">
        <ele>11.80000019073486328125</ele>
        <time>2026-08-07T15:52:49.000Z</time>
        <extensions>
          <ns3:TrackPointExtension>
            <ns3:hr>165</ns3:hr>
            <ns3:cad>83</ns3:cad>
          </ns3:TrackPointExtension>
        </extensions>
      </trkpt>
      <trkpt lat="31.34112945757806301116943359375" lon="118.350993208587169647216796875">
        <ele>11.80000019073486328125</ele>
        <time>2026-08-07T15:52:50.000Z</time>
        <extensions>
          <ns3:TrackPointExtension>
            <ns3:hr>164</ns3:hr>
            <ns3:cad>83</ns3:cad>
          </ns3:TrackPointExtension>
        </extensions>
      </trkpt>
      <trkpt lat="31.341161392629146575927734375" lon="118.3509893529117107391357421875">
        <ele>11.80000019073486328125</ele>
        <time>2026-08-07T15:52:51.000Z</time>
        <extensions>
          <ns3:TrackPointExtension>
            <ns3:hr>164</ns3:hr>
            <ns3:cad>83</ns3:cad>
          </ns3:TrackPointExtension>
        </extensions>
      </trkpt>
      <trkpt lat="31.34118787944316864013671875" lon="118.35098608396947383880615234375">
        <ele>11.80000019073486328125</ele>
        <time>2026-08-07T15:52:52.000Z</time>
        <extensions>
          <ns3:TrackPointExtension>
            <ns3:hr>163</ns3:hr>
            <ns3:cad>82</ns3:cad>
          </ns3:TrackPointExtension>
        </extensions>
      </trkpt>
      <trkpt lat="31.34121243841946125030517578125" lon="118.3509719185531139373779296875">
        <ele>11.6000003814697265625</ele>
        <time>2026-08-07T15:52:53.000Z</time>
        <extensions>
          <ns3:TrackPointExtension>
            <ns3:hr>163</ns3:hr>
            <ns3:cad>82</ns3:cad>
          </ns3:TrackPointExtension>
        </extensions>
      </trkpt>
      <trkpt lat="31.341247223317623138427734375" lon="118.3509814739227294921875">
        <ele>11.6000003814697265625</ele>
        <time>2026-08-07T15:52:54.000Z</time>
        <extensions>
          <ns3:TrackPointExtension>
            <ns3:hr>163</ns3:hr>
            <ns3:cad>82</ns3:cad>
          </ns3:TrackPointExtension>
        </extensions>
      </trkpt>
      <trkpt lat="31.34127111174166202545166015625" lon="118.3509814739227294921875">
        <ele>11.6000003814697265625</ele>
        <time>2026-08-07T15:52:55.000Z</time>
        <extensions>
          <ns3:TrackPointExtension>
            <ns3:hr>163</ns3:hr>
            <ns3:cad>82</ns3:cad>
          </ns3:TrackPointExtension>
        </extensions>
      </trkpt>
      <trkpt lat="31.3413040526211261749267578125" lon="118.35097736679017543792724609375">
        <ele>11.80000019073486328125</ele>
        <time>2026-08-07T15:52:56.000Z</time>
        <extensions>
          <ns3:TrackPointExtension>
            <ns3:hr>163</ns3:hr>
            <ns3:cad>82</ns3:cad>
          </ns3:TrackPointExtension>
        </extensions>
      </trkpt>
      <trkpt lat="31.341336071491241455078125" lon="118.35097719915211200714111328125">
        <ele>11.80000019073486328125</ele>
        <time>2026-08-07T15:52:57.000Z</time>
        <extensions>
          <ns3:TrackPointExtension>
            <ns3:hr>163</ns3:hr>
            <ns3:cad>83</ns3:cad>
          </ns3:TrackPointExtension>
        </extensions>
      </trkpt>
      <trkpt lat="31.34135593660175800323486328125" lon="118.35096630267798900604248046875">
        <ele>11.80000019073486328125</ele>
        <time>2026-08-07T15:52:58.000Z</time>
        <extensions>
          <ns3:TrackPointExtension>
            <ns3:hr>163</ns3:hr>
            <ns3:cad>82</ns3:cad>
          </ns3:TrackPointExtension>
        </extensions>
      </trkpt>
      <trkpt lat="31.34138409979641437530517578125" lon="118.35096077062189579010009765625">
        <ele>12</ele>
        <time>2026-08-07T15:52:59.000Z</time>
        <extensions>
          <ns3:TrackPointExtension>
            <ns3:hr>163</ns3:hr>
            <ns3:cad>82</ns3:cad>
          </ns3:TrackPointExtension>
        </extensions>
      </trkpt>
      <trkpt lat="31.34141209535300731658935546875" lon="118.350959010422229766845703125">
        <ele>11.80000019073486328125</ele>
        <time>2026-08-07T15:53:00.000Z</time>
        <extensions>
          <ns3:TrackPointExtension>
            <ns3:hr>163</ns3:hr>
            <ns3:cad>82</ns3:cad>
          </ns3:TrackPointExtension>
        </extensions>
      </trkpt>
      <trkpt lat="31.3414381630718708038330078125" lon="118.35095372982323169708251953125">
        <ele>11.80000019073486328125</ele>
        <time>2026-08-07T15:53:01.000Z</time>
        <extensions>
          <ns3:TrackPointExtension>
            <ns3:hr>163</ns3:hr>
            <ns3:cad>82</ns3:cad>
          </ns3:TrackPointExtension>
        </extensions>
      </trkpt>
      <trkpt lat="31.34147160686552524566650390625" lon="118.35095456801354885101318359375">
        <ele>11.80000019073486328125</ele>
        <time>2026-08-07T15:53:02.000Z</time>
        <extensions>
          <ns3:TrackPointExtension>
            <ns3:hr>163</ns3:hr>
            <ns3:cad>82</ns3:cad>
          </ns3:TrackPointExtension>
        </extensions>
      </trkpt>
      <trkpt lat="31.34149574674665927886962890625" lon="118.35094350390136241912841796875">
        <ele>11.80000019073486328125</ele>
        <time>2026-08-07T15:53:03.000Z</time>
        <extensions>
          <ns3:TrackPointExtension>
            <ns3:hr>163</ns3:hr>
            <ns3:cad>82</ns3:cad>
          </ns3:TrackPointExtension>
        </extensions>
      </trkpt>
      <trkpt lat="31.34152675978839397430419921875" lon="118.350938223302364349365234375">
        <ele>11.80000019073486328125</ele>
        <time>2026-08-07T15:53:04.000Z</time>
        <extensions>
          <ns3:TrackPointExtension>
            <ns3:hr>163</ns3:hr>
            <ns3:cad>83</ns3:cad>
          </ns3:TrackPointExtension>
        </extensions>
      </trkpt>
      <trkpt lat="31.34155475534498691558837890625" lon="118.3509444259107112884521484375">
        <ele>11.80000019073486328125</ele>
        <time>2026-08-07T15:53:05.000Z</time>
        <extensions>
          <ns3:TrackPointExtension>
            <ns3:hr>163</ns3:hr>
            <ns3:cad>83</ns3:cad>
          </ns3:TrackPointExtension>
        </extensions>
      </trkpt>
      <trkpt lat="31.34157755412161350250244140625" lon="118.350936882197856903076171875">
        <ele>11.80000019073486328125</ele>
        <time>2026-08-07T15:53:06.000Z</time>
        <extensions>
          <ns3:TrackPointExtension>
            <ns3:hr>163</ns3:hr>
            <ns3:cad>83</ns3:cad>
          </ns3:TrackPointExtension>
        </extensions>
      </trkpt>
      <trkpt lat="31.34161074645817279815673828125" lon="118.35094182752072811126708984375">
        <ele>11.80000019073486328125</ele>
        <time>2026-08-07T15:53:07.000Z</time>
        <extensions>
          <ns3:TrackPointExtension>
            <ns3:hr>163</ns3:hr>
            <ns3:cad>83</ns3:cad>
          </ns3:TrackPointExtension>
        </extensions>
      </trkpt>
      <trkpt lat="31.34163455106317996978759765625" lon="118.35093847475945949554443359375">
        <ele>12</ele>
        <time>2026-08-07T15:53:08.000Z</time>
        <extensions>
          <ns3:TrackPointExtension>
            <ns3:hr>163</ns3:hr>
            <ns3:cad>83</ns3:cad>
          </ns3:TrackPointExtension>
        </extensions>
      </trkpt>
      <trkpt lat="31.34166665375232696533203125" lon="118.35093646310269832611083984375">
        <ele>12</ele>
        <time>2026-08-07T15:53:09.000Z</time>
        <extensions>
          <ns3:TrackPointExtension>
            <ns3:hr>163</ns3:hr>
            <ns3:cad>83</ns3:cad>
          </ns3:TrackPointExtension>
        </extensions>
      </trkpt>
      <trkpt lat="31.3416941463947296142578125" lon="118.3509360440075397491455078125">
        <ele>12</ele>
        <time>2026-08-07T15:53:10.000Z</time>
        <extensions>
          <ns3:TrackPointExtension>
            <ns3:hr>163</ns3:hr>
            <ns3:cad>84</ns3:cad>
          </ns3:TrackPointExtension>
        </extensions>
      </trkpt>
      <trkpt lat="31.34171602316200733184814453125" lon="118.35092824883759021759033203125">
        <ele>12</ele>
        <time>2026-08-07T15:53:11.000Z</time>
        <extensions>
          <ns3:TrackPointExtension>
            <ns3:hr>163</ns3:hr>
            <ns3:cad>84</ns3:cad>
          </ns3:TrackPointExtension>
        </extensions>
      </trkpt>
      <trkpt lat="31.3417486287653446197509765625" lon="118.3509340323507785797119140625">
        <ele>12</ele>
        <time>2026-08-07T15:53:12.000Z</time>
        <extensions>
          <ns3:TrackPointExtension>
            <ns3:hr>163</ns3:hr>
            <ns3:cad>85</ns3:cad>
          </ns3:TrackPointExtension>
        </extensions>
      </trkpt>
      <trkpt lat="31.34176748804748058319091796875" lon="118.35092715919017791748046875">
        <ele>12</ele>
        <time>2026-08-07T15:53:13.000Z</time>
        <extensions>
          <ns3:TrackPointExtension>
            <ns3:hr>163</ns3:hr>
            <ns3:cad>85</ns3:cad>
          </ns3:TrackPointExtension>
        </extensions>
      </trkpt>
      <trkpt lat="31.341797746717929840087890625" lon="118.35092405788600444793701171875">
        <ele>12</ele>
        <time>2026-08-07T15:53:14.000Z</time>
        <extensions>
          <ns3:TrackPointExtension>
            <ns3:hr>163</ns3:hr>
            <ns3:cad>84</ns3:cad>
          </ns3:TrackPointExtension>
        </extensions>
      </trkpt>
      <trkpt lat="31.341821886599063873291015625" lon="118.3509249798953533172607421875">
        <ele>12</ele>
        <time>2026-08-07T15:53:15.000Z</time>
        <extensions>
          <ns3:TrackPointExtension>
            <ns3:hr>162</ns3:hr>
            <ns3:cad>83</ns3:cad>
          </ns3:TrackPointExtension>
        </extensions>
      </trkpt>
      <trkpt lat="31.34184024296700954437255859375" lon="118.35091366432607173919677734375">
        <ele>12</ele>
        <time>2026-08-07T15:53:16.000Z</time>
        <extensions>
          <ns3:TrackPointExtension>
            <ns3:hr>163</ns3:hr>
            <ns3:cad>83</ns3:cad>
          </ns3:TrackPointExtension>
        </extensions>
      </trkpt>
      <trkpt lat="31.34187259711325168609619140625" lon="118.35091617889702320098876953125">
        <ele>11.80000019073486328125</ele>
        <time>2026-08-07T15:53:17.000Z</time>
        <extensions>
          <ns3:TrackPointExtension>
            <ns3:hr>163</ns3:hr>
            <ns3:cad>83</ns3:cad>
          </ns3:TrackPointExtension>
        </extensions>
      </trkpt>
      <trkpt lat="31.34189003147184848785400390625" lon="118.3509098924696445465087890625">
        <ele>11.80000019073486328125</ele>
        <time>2026-08-07T15:53:18.000Z</time>
        <extensions>
          <ns3:TrackPointExtension>
            <ns3:hr>162</ns3:hr>
            <ns3:cad>83</ns3:cad>
          </ns3:TrackPointExtension>
        </extensions>
      </trkpt>
      <trkpt lat="31.34191785939037799835205078125" lon="118.35090863518416881561279296875">
        <ele>11.80000019073486328125</ele>
        <time>2026-08-07T15:53:19.000Z</time>
        <extensions>
          <ns3:TrackPointExtension>
            <ns3:hr>163</ns3:hr>
            <ns3:cad>84</ns3:cad>
          </ns3:TrackPointExtension>
        </extensions>
      </trkpt>
      <trkpt lat="31.34194216690957546234130859375" lon="118.350909054279327392578125">
        <ele>11.80000019073486328125</ele>
        <time>2026-08-07T15:53:20.000Z</time>
        <extensions>
          <ns3:TrackPointExtension>
            <ns3:hr>163</ns3:hr>
            <ns3:cad>84</ns3:cad>
          </ns3:TrackPointExtension>
        </extensions>
      </trkpt>
      <trkpt lat="31.3419621996581554412841796875" lon="118.35090327076613903045654296875">
        <ele>11.80000019073486328125</ele>
        <time>2026-08-07T15:53:21.000Z</time>
        <extensions>
          <ns3:TrackPointExtension>
            <ns3:hr>163</ns3:hr>
            <ns3:cad>84</ns3:cad>
          </ns3:TrackPointExtension>
        </extensions>
      </trkpt>
      <trkpt lat="31.34199430234730243682861328125" lon="118.350910730659961700439453125">
        <ele>11.80000019073486328125</ele>
        <time>2026-08-07T15:53:22.000Z</time>
        <extensions>
          <ns3:TrackPointExtension>
            <ns3:hr>162</ns3:hr>
            <ns3:cad>84</ns3:cad>
          </ns3:TrackPointExtension>
        </extensions>
      </trkpt>
      <trkpt lat="31.3420175202190876007080078125" lon="118.35090704262256622314453125">
        <ele>11.80000019073486328125</ele>
        <time>2026-08-07T15:53:23.000Z</time>
        <extensions>
          <ns3:TrackPointExtension>
            <ns3:hr>163</ns3:hr>
            <ns3:cad>83</ns3:cad>
          </ns3:TrackPointExtension>
        </extensions>
      </trkpt>
      <trkpt lat="31.34204350411891937255859375" lon="118.3509045280516147613525390625">
        <ele>11.6000003814697265625</ele>
        <time>2026-08-07T15:53:24.000Z</time>
        <extensions>
          <ns3:TrackPointExtension>
            <ns3:hr>163</ns3:hr>
            <ns3:cad>84</ns3:cad>
          </ns3:TrackPointExtension>
        </extensions>
      </trkpt>
      <trkpt lat="31.3420642912387847900390625" lon="118.35090100765228271484375">
        <ele>11.80000019073486328125</ele>
        <time>2026-08-07T15:53:25.000Z</time>
        <extensions>
          <ns3:TrackPointExtension>
            <ns3:hr>163</ns3:hr>
            <ns3:cad>84</ns3:cad>
          </ns3:TrackPointExtension>
        </extensions>
      </trkpt>
      <trkpt lat="31.3420857489109039306640625" lon="118.3508956432342529296875">
        <ele>11.80000019073486328125</ele>
        <time>2026-08-07T15:53:26.000Z</time>
        <extensions>
          <ns3:TrackPointExtension>
            <ns3:hr>162</ns3:hr>
            <ns3:cad>84</ns3:cad>
          </ns3:TrackPointExtension>
        </extensions>
      </trkpt>
      <trkpt lat="31.3421157561242580413818359375" lon="118.350896649062633514404296875">
        <ele>11.80000019073486328125</ele>
        <time>2026-08-07T15:53:27.000Z</time>
        <extensions>
          <ns3:TrackPointExtension>
            <ns3:hr>163</ns3:hr>
            <ns3:cad>85</ns3:cad>
          </ns3:TrackPointExtension>
        </extensions>
      </trkpt>
      <trkpt lat="31.34213478304445743560791015625" lon="118.3508874289691448211669921875">
        <ele>11.80000019073486328125</ele>
        <time>2026-08-07T15:53:28.000Z</time>
        <extensions>
          <ns3:TrackPointExtension>
            <ns3:hr>163</ns3:hr>
            <ns3:cad>84</ns3:cad>
          </ns3:TrackPointExtension>
        </extensions>
      </trkpt>
      <trkpt lat="31.34216411970555782318115234375" lon="118.3508813939988613128662109375">
        <ele>11.6000003814697265625</ele>
        <time>2026-08-07T15:53:29.000Z</time>
        <extensions>
          <ns3:TrackPointExtension>
            <ns3:hr>162</ns3:hr>
            <ns3:cad>84</ns3:cad>
          </ns3:TrackPointExtension>
        </extensions>
      </trkpt>
      <trkpt lat="31.34219102561473846435546875" lon="118.3508827351033687591552734375">
        <ele>11.80000019073486328125</ele>
        <time>2026-08-07T15:53:30.000Z</time>
        <extensions>
          <ns3:TrackPointExtension>
            <ns3:hr>163</ns3:hr>
            <ns3:cad>84</ns3:cad>
          </ns3:TrackPointExtension>
        </extensions>
      </trkpt>
      <trkpt lat="31.342211477458477020263671875" lon="118.35087276063859462738037109375">
        <ele>11.6000003814697265625</ele>
        <time>2026-08-07T15:53:31.000Z</time>
        <extensions>
          <ns3:TrackPointExtension>
            <ns3:hr>163</ns3:hr>
            <ns3:cad>84</ns3:cad>
          </ns3:TrackPointExtension>
        </extensions>
      </trkpt>
      <trkpt lat="31.34224676527082920074462890625" lon="118.35087410174310207366943359375">
        <ele>11.80000019073486328125</ele>
        <time>2026-08-07T15:53:32.000Z</time>
        <extensions>
          <ns3:TrackPointExtension>
            <ns3:hr>164</ns3:hr>
            <ns3:cad>83</ns3:cad>
          </ns3:TrackPointExtension>
        </extensions>
      </trkpt>
      <trkpt lat="31.342276521027088165283203125" lon="118.350871503353118896484375">
        <ele>11.80000019073486328125</ele>
        <time>2026-08-07T15:53:33.000Z</time>
        <extensions>
          <ns3:TrackPointExtension>
            <ns3:hr>165</ns3:hr>
            <ns3:cad>83</ns3:cad>
          </ns3:TrackPointExtension>
        </extensions>
      </trkpt>
      <trkpt lat="31.342304684221744537353515625" lon="118.350871168076992034912109375">
        <ele>12</ele>
        <time>2026-08-07T15:53:34.000Z</time>
        <extensions>
          <ns3:TrackPointExtension>
            <ns3:hr>165</ns3:hr>
            <ns3:cad>83</ns3:cad>
          </ns3:TrackPointExtension>
        </extensions>
      </trkpt>
      <trkpt lat="31.3423340208828449249267578125" lon="118.3508733473718166351318359375">
        <ele>12</ele>
        <time>2026-08-07T15:53:35.000Z</time>
        <extensions>
          <ns3:TrackPointExtension>
            <ns3:hr>165</ns3:hr>
            <ns3:cad>83</ns3:cad>
          </ns3:TrackPointExtension>
        </extensions>
      </trkpt>
      <trkpt lat="31.342361010611057281494140625" lon="118.350867144763469696044921875">
        <ele>12</ele>
        <time>2026-08-07T15:53:36.000Z</time>
        <extensions>
          <ns3:TrackPointExtension>
            <ns3:hr>165</ns3:hr>
            <ns3:cad>83</ns3:cad>
          </ns3:TrackPointExtension>
        </extensions>
      </trkpt>
      <trkpt lat="31.3423913531005382537841796875" lon="118.35087041370570659637451171875">
        <ele>12</ele>
        <time>2026-08-07T15:53:37.000Z</time>
        <extensions>
          <ns3:TrackPointExtension>
            <ns3:hr>165</ns3:hr>
            <ns3:cad>83</ns3:cad>
          </ns3:TrackPointExtension>
        </extensions>
      </trkpt>
      <trkpt lat="31.34241926483809947967529296875" lon="118.35086571983993053436279296875">
        <ele>12</ele>
        <time>2026-08-07T15:53:38.000Z</time>
        <extensions>
          <ns3:TrackPointExtension>
            <ns3:hr>166</ns3:hr>
            <ns3:cad>83</ns3:cad>
          </ns3:TrackPointExtension>
        </extensions>
      </trkpt>
      <trkpt lat="31.342446170747280120849609375" lon="118.35085683502256870269775390625">
        <ele>12</ele>
        <time>2026-08-07T15:53:39.000Z</time>
        <extensions>
          <ns3:TrackPointExtension>
            <ns3:hr>166</ns3:hr>
            <ns3:cad>82</ns3:cad>
          </ns3:TrackPointExtension>
        </extensions>
      </trkpt>
      <trkpt lat="31.342481039464473724365234375" lon="118.35085582919418811798095703125">
        <ele>12</ele>
        <time>2026-08-07T15:53:40.000Z</time>
        <extensions>
          <ns3:TrackPointExtension>
            <ns3:hr>166</ns3:hr>
            <ns3:cad>82</ns3:cad>
          </ns3:TrackPointExtension>
        </extensions>
      </trkpt>
      <trkpt lat="31.34250459261238574981689453125" lon="118.35084543563425540924072265625">
        <ele>12</ele>
        <time>2026-08-07T15:53:41.000Z</time>
        <extensions>
          <ns3:TrackPointExtension>
            <ns3:hr>166</ns3:hr>
            <ns3:cad>82</ns3:cad>
          </ns3:TrackPointExtension>
        </extensions>
      </trkpt>
      <trkpt lat="31.34253644384443759918212890625" lon="118.3508388139307498931884765625">
        <ele>12</ele>
        <time>2026-08-07T15:53:42.000Z</time>
        <extensions>
          <ns3:TrackPointExtension>
            <ns3:hr>165</ns3:hr>
            <ns3:cad>82</ns3:cad>
          </ns3:TrackPointExtension>
        </extensions>
      </trkpt>
      <trkpt lat="31.34256863035261631011962890625" lon="118.35084191523492336273193359375">
        <ele>12</ele>
        <time>2026-08-07T15:53:43.000Z</time>
        <extensions>
          <ns3:TrackPointExtension>
            <ns3:hr>166</ns3:hr>
            <ns3:cad>82</ns3:cad>
          </ns3:TrackPointExtension>
        </extensions>
      </trkpt>
      <trkpt lat="31.342586986720561981201171875" lon="118.35083085112273693084716796875">
        <ele>12</ele>
        <time>2026-08-07T15:53:44.000Z</time>
        <extensions>
          <ns3:TrackPointExtension>
            <ns3:hr>165</ns3:hr>
            <ns3:cad>81</ns3:cad>
          </ns3:TrackPointExtension>
        </extensions>
      </trkpt>
      <trkpt lat="31.3426203466951847076416015625" lon="118.35082766599953174591064453125">
        <ele>12</ele>
        <time>2026-08-07T15:53:45.000Z</time>
        <extensions>
          <ns3:TrackPointExtension>
            <ns3:hr>165</ns3:hr>
            <ns3:cad>81</ns3:cad>
          </ns3:TrackPointExtension>
        </extensions>
      </trkpt>
      <trkpt lat="31.342646665871143341064453125" lon="118.3508270792663097381591796875">
        <ele>12.19999980926513671875</ele>
        <time>2026-08-07T15:53:46.000Z</time>
        <extensions>
          <ns3:TrackPointExtension>
            <ns3:hr>165</ns3:hr>
            <ns3:cad>81</ns3:cad>
          </ns3:TrackPointExtension>
        </extensions>
      </trkpt>
      <trkpt lat="31.34267172776162624359130859375" lon="118.3508165180683135986328125">
        <ele>12.19999980926513671875</ele>
        <time>2026-08-07T15:53:47.000Z</time>
        <extensions>
          <ns3:TrackPointExtension>
            <ns3:hr>165</ns3:hr>
            <ns3:cad>81</ns3:cad>
          </ns3:TrackPointExtension>
        </extensions>
      </trkpt>
      <trkpt lat="31.342707015573978424072265625" lon="118.35082045756280422210693359375">
        <ele>12.19999980926513671875</ele>
        <time>2026-08-07T15:53:48.000Z</time>
        <extensions>
          <ns3:TrackPointExtension>
            <ns3:hr>166</ns3:hr>
            <ns3:cad>82</ns3:cad>
          </ns3:TrackPointExtension>
        </extensions>
      </trkpt>
      <trkpt lat="31.342729814350605010986328125" lon="118.35081241093575954437255859375">
        <ele>12.19999980926513671875</ele>
        <time>2026-08-07T15:53:49.000Z</time>
        <extensions>
          <ns3:TrackPointExtension>
            <ns3:hr>165</ns3:hr>
            <ns3:cad>82</ns3:cad>
          </ns3:TrackPointExtension>
        </extensions>
      </trkpt>
      <trkpt lat="31.34275822900235652923583984375" lon="118.3508056215941905975341796875">
        <ele>12</ele>
        <time>2026-08-07T15:53:50.000Z</time>
        <extensions>
          <ns3:TrackPointExtension>
            <ns3:hr>165</ns3:hr>
            <ns3:cad>82</ns3:cad>
          </ns3:TrackPointExtension>
        </extensions>
      </trkpt>
      <trkpt lat="31.34278572164475917816162109375" lon="118.350808806717395782470703125">
        <ele>12</ele>
        <time>2026-08-07T15:53:51.000Z</time>
        <extensions>
          <ns3:TrackPointExtension>
            <ns3:hr>165</ns3:hr>
            <ns3:cad>82</ns3:cad>
          </ns3:TrackPointExtension>
        </extensions>
      </trkpt>
      <trkpt lat="31.34280969388782978057861328125" lon="118.35080377757549285888671875">
        <ele>11.80000019073486328125</ele>
        <time>2026-08-07T15:53:52.000Z</time>
        <extensions>
          <ns3:TrackPointExtension>
            <ns3:hr>165</ns3:hr>
            <ns3:cad>82</ns3:cad>
          </ns3:TrackPointExtension>
        </extensions>
      </trkpt>
      <trkpt lat="31.3428426347672939300537109375" lon="118.35081090219318866729736328125">
        <ele>11.80000019073486328125</ele>
        <time>2026-08-07T15:53:53.000Z</time>
        <extensions>
          <ns3:TrackPointExtension>
            <ns3:hr>165</ns3:hr>
            <ns3:cad>82</ns3:cad>
          </ns3:TrackPointExtension>
        </extensions>
      </trkpt>
      <trkpt lat="31.34286367334425449371337890625" lon="118.35079933516681194305419921875">
        <ele>11.80000019073486328125</ele>
        <time>2026-08-07T15:53:54.000Z</time>
        <extensions>
          <ns3:TrackPointExtension>
            <ns3:hr>165</ns3:hr>
            <ns3:cad>83</ns3:cad>
          </ns3:TrackPointExtension>
        </extensions>
      </trkpt>
      <trkpt lat="31.342897117137908935546875" lon="118.35079866461455821990966796875">
        <ele>11.80000019073486328125</ele>
        <time>2026-08-07T15:53:55.000Z</time>
        <extensions>
          <ns3:TrackPointExtension>
            <ns3:hr>165</ns3:hr>
            <ns3:cad>83</ns3:cad>
          </ns3:TrackPointExtension>
        </extensions>
      </trkpt>
      <trkpt lat="31.3429288007318973541259765625" lon="118.35080838762223720550537109375">
        <ele>11.80000019073486328125</ele>
        <time>2026-08-07T15:53:56.000Z</time>
        <extensions>
          <ns3:TrackPointExtension>
            <ns3:hr>165</ns3:hr>
            <ns3:cad>84</ns3:cad>
          </ns3:TrackPointExtension>
        </extensions>
      </trkpt>
      <trkpt lat="31.342952437698841094970703125" lon="118.3508026041090488433837890625">
        <ele>12</ele>
        <time>2026-08-07T15:53:57.000Z</time>
        <extensions>
          <ns3:TrackPointExtension>
            <ns3:hr>165</ns3:hr>
            <ns3:cad>84</ns3:cad>
          </ns3:TrackPointExtension>
        </extensions>
      </trkpt>
      <trkpt lat="31.34298839606344699859619140625" lon="118.3508057892322540283203125">
        <ele>12</ele>
        <time>2026-08-07T15:53:58.000Z</time>
        <extensions>
          <ns3:TrackPointExtension>
            <ns3:hr>165</ns3:hr>
            <ns3:cad>85</ns3:cad>
          </ns3:TrackPointExtension>
        </extensions>
      </trkpt>
      <trkpt lat="31.3430136255919933319091796875" lon="118.35080302320420742034912109375">
        <ele>12</ele>
        <time>2026-08-07T15:53:59.000Z</time>
        <extensions>
          <ns3:TrackPointExtension>
            <ns3:hr>165</ns3:hr>
            <ns3:cad>84</ns3:cad>
          </ns3:TrackPointExtension>
        </extensions>
      </trkpt>
      <trkpt lat="31.3430414535105228424072265625" lon="118.35079598240554332733154296875">
        <ele>12</ele>
        <time>2026-08-07T15:54:00.000Z</time>
        <extensions>
          <ns3:TrackPointExtension>
            <ns3:hr>165</ns3:hr>
            <ns3:cad>84</ns3:cad>
          </ns3:TrackPointExtension>
        </extensions>
      </trkpt>
      <trkpt lat="31.3430763222277164459228515625" lon="118.35079128853976726531982421875">
        <ele>12</ele>
        <time>2026-08-07T15:54:01.000Z</time>
        <extensions>
          <ns3:TrackPointExtension>
            <ns3:hr>165</ns3:hr>
            <ns3:cad>82</ns3:cad>
          </ns3:TrackPointExtension>
        </extensions>
      </trkpt>
      <trkpt lat="31.3430994562804698944091796875" lon="118.35078240372240543365478515625">
        <ele>12</ele>
        <time>2026-08-07T15:54:02.000Z</time>
        <extensions>
          <ns3:TrackPointExtension>
            <ns3:hr>165</ns3:hr>
            <ns3:cad>82</ns3:cad>
          </ns3:TrackPointExtension>
        </extensions>
      </trkpt>
      <trkpt lat="31.34313675574958324432373046875" lon="118.35077988915145397186279296875">
        <ele>12</ele>
        <time>2026-08-07T15:54:03.000Z</time>
        <extensions>
          <ns3:TrackPointExtension>
            <ns3:hr>165</ns3:hr>
            <ns3:cad>82</ns3:cad>
          </ns3:TrackPointExtension>
        </extensions>
      </trkpt>
      <trkpt lat="31.3431671820580959320068359375" lon="118.35077251307666301727294921875">
        <ele>12</ele>
        <time>2026-08-07T15:54:04.000Z</time>
        <extensions>
          <ns3:TrackPointExtension>
            <ns3:hr>166</ns3:hr>
            <ns3:cad>82</ns3:cad>
          </ns3:TrackPointExtension>
        </extensions>
      </trkpt>
      <trkpt lat="31.3431976921856403350830078125" lon="118.35076983086764812469482421875">
        <ele>12</ele>
        <time>2026-08-07T15:54:05.000Z</time>
        <extensions>
          <ns3:TrackPointExtension>
            <ns3:hr>165</ns3:hr>
            <ns3:cad>83</ns3:cad>
          </ns3:TrackPointExtension>
        </extensions>
      </trkpt>
      <trkpt lat="31.3432302139699459075927734375" lon="118.3507717587053775787353515625">
        <ele>12.19999980926513671875</ele>
        <time>2026-08-07T15:54:06.000Z</time>
        <extensions>
          <ns3:TrackPointExtension>
            <ns3:hr>165</ns3:hr>
            <ns3:cad>83</ns3:cad>
          </ns3:TrackPointExtension>
        </extensions>
      </trkpt>
      <trkpt lat="31.34325276128947734832763671875" lon="118.35076446644961833953857421875">
        <ele>12.19999980926513671875</ele>
        <time>2026-08-07T15:54:07.000Z</time>
        <extensions>
          <ns3:TrackPointExtension>
            <ns3:hr>165</ns3:hr>
            <ns3:cad>84</ns3:cad>
          </ns3:TrackPointExtension>
        </extensions>
      </trkpt>
      <trkpt lat="31.343286372721195220947265625" lon="118.35076966322958469390869140625">
        <ele>12.3999996185302734375</ele>
        <time>2026-08-07T15:54:08.000Z</time>
        <extensions>
          <ns3:TrackPointExtension>
            <ns3:hr>166</ns3:hr>
            <ns3:cad>84</ns3:cad>
          </ns3:TrackPointExtension>
        </extensions>
      </trkpt>
      <trkpt lat="31.34331076405942440032958984375" lon="118.3507663942873477935791015625">
        <ele>12.3999996185302734375</ele>
        <time>2026-08-07T15:54:09.000Z</time>
        <extensions>
          <ns3:TrackPointExtension>
            <ns3:hr>166</ns3:hr>
            <ns3:cad>84</ns3:cad>
          </ns3:TrackPointExtension>
        </extensions>
      </trkpt>
      <trkpt lat="31.343340687453746795654296875" lon="118.35076480172574520111083984375">
        <ele>12.3999996185302734375</ele>
        <time>2026-08-07T15:54:10.000Z</time>
        <extensions>
          <ns3:TrackPointExtension>
            <ns3:hr>166</ns3:hr>
            <ns3:cad>84</ns3:cad>
          </ns3:TrackPointExtension>
        </extensions>
      </trkpt>
      <trkpt lat="31.34337362833321094512939453125" lon="118.3507771231234073638916015625">
        <ele>12.3999996185302734375</ele>
        <time>2026-08-07T15:54:11.000Z</time>
        <extensions>
          <ns3:TrackPointExtension>
            <ns3:hr>166</ns3:hr>
            <ns3:cad>84</ns3:cad>
          </ns3:TrackPointExtension>
        </extensions>
      </trkpt>
      <trkpt lat="31.343399696052074432373046875" lon="118.3507734350860118865966796875">
        <ele>12.3999996185302734375</ele>
        <time>2026-08-07T15:54:12.000Z</time>
        <extensions>
          <ns3:TrackPointExtension>
            <ns3:hr>166</ns3:hr>
            <ns3:cad>84</ns3:cad>
          </ns3:TrackPointExtension>
        </extensions>
      </trkpt>
      <trkpt lat="31.34343087673187255859375" lon="118.3507744409143924713134765625">
        <ele>12.3999996185302734375</ele>
        <time>2026-08-07T15:54:13.000Z</time>
        <extensions>
          <ns3:TrackPointExtension>
            <ns3:hr>166</ns3:hr>
            <ns3:cad>84</ns3:cad>
          </ns3:TrackPointExtension>
        </extensions>
      </trkpt>
      <trkpt lat="31.343457363545894622802734375" lon="118.35076563991606235504150390625">
        <ele>12.3999996185302734375</ele>
        <time>2026-08-07T15:54:14.000Z</time>
        <extensions>
          <ns3:TrackPointExtension>
            <ns3:hr>167</ns3:hr>
            <ns3:cad>84</ns3:cad>
          </ns3:TrackPointExtension>
        </extensions>
      </trkpt>
      <trkpt lat="31.34348276071250438690185546875" lon="118.35074887610971927642822265625">
        <ele>12.3999996185302734375</ele>
        <time>2026-08-07T15:54:15.000Z</time>
        <extensions>
          <ns3:TrackPointExtension>
            <ns3:hr>167</ns3:hr>
            <ns3:cad>84</ns3:cad>
          </ns3:TrackPointExtension>
        </extensions>
      </trkpt>
      <trkpt lat="31.343508325517177581787109375" lon="118.35073940455913543701171875">
        <ele>12.3999996185302734375</ele>
        <time>2026-08-07T15:54:16.000Z</time>
        <extensions>
          <ns3:TrackPointExtension>
            <ns3:hr>167</ns3:hr>
            <ns3:cad>83</ns3:cad>
          </ns3:TrackPointExtension>
        </extensions>
      </trkpt>
      <trkpt lat="31.3435282744467258453369140625" lon="118.350724987685680389404296875">
        <ele>12.19999980926513671875</ele>
        <time>2026-08-07T15:54:17.000Z</time>
        <extensions>
          <ns3:TrackPointExtension>
            <ns3:hr>167</ns3:hr>
            <ns3:cad>83</ns3:cad>
          </ns3:TrackPointExtension>
        </extensions>
      </trkpt>
      <trkpt lat="31.34356297552585601806640625" lon="118.35072339512407779693603515625">
        <ele>12.19999980926513671875</ele>
        <time>2026-08-07T15:54:18.000Z</time>
        <extensions>
          <ns3:TrackPointExtension>
            <ns3:hr>167</ns3:hr>
            <ns3:cad>84</ns3:cad>
          </ns3:TrackPointExtension>
        </extensions>
      </trkpt>
      <trkpt lat="31.343586109578609466552734375" lon="118.3507234789431095123291015625">
        <ele>12.19999980926513671875</ele>
        <time>2026-08-07T15:54:19.000Z</time>
        <extensions>
          <ns3:TrackPointExtension>
            <ns3:hr>167</ns3:hr>
            <ns3:cad>84</ns3:cad>
          </ns3:TrackPointExtension>
        </extensions>
      </trkpt>
      <trkpt lat="31.34361888282001018524169921875" lon="118.35072926245629787445068359375">
        <ele>12.19999980926513671875</ele>
        <time>2026-08-07T15:54:20.000Z</time>
        <extensions>
          <ns3:TrackPointExtension>
            <ns3:hr>168</ns3:hr>
            <ns3:cad>84</ns3:cad>
          </ns3:TrackPointExtension>
        </extensions>
      </trkpt>
      <trkpt lat="31.3436479680240154266357421875" lon="118.3507392369210720062255859375">
        <ele>12.19999980926513671875</ele>
        <time>2026-08-07T15:54:21.000Z</time>
        <extensions>
          <ns3:TrackPointExtension>
            <ns3:hr>168</ns3:hr>
            <ns3:cad>84</ns3:cad>
          </ns3:TrackPointExtension>
        </extensions>
      </trkpt>
      <trkpt lat="31.34367336519062519073486328125" lon="118.35074074566364288330078125">
        <ele>12.19999980926513671875</ele>
        <time>2026-08-07T15:54:22.000Z</time>
        <extensions>
          <ns3:TrackPointExtension>
            <ns3:hr>168</ns3:hr>
            <ns3:cad>84</ns3:cad>
          </ns3:TrackPointExtension>
        </extensions>
      </trkpt>
      <trkpt lat="31.34370504878461360931396484375" lon="118.350755833089351654052734375">
        <ele>12.19999980926513671875</ele>
        <time>2026-08-07T15:54:23.000Z</time>
        <extensions>
          <ns3:TrackPointExtension>
            <ns3:hr>168</ns3:hr>
            <ns3:cad>84</ns3:cad>
          </ns3:TrackPointExtension>
        </extensions>
      </trkpt>
      <trkpt lat="31.34372684173285961151123046875" lon="118.3507637120783329010009765625">
        <ele>12.19999980926513671875</ele>
        <time>2026-08-07T15:54:24.000Z</time>
        <extensions>
          <ns3:TrackPointExtension>
            <ns3:hr>168</ns3:hr>
            <ns3:cad>84</ns3:cad>
          </ns3:TrackPointExtension>
        </extensions>
      </trkpt>
      <trkpt lat="31.3437532447278499603271484375" lon="118.3507682383060455322265625">
        <ele>12.19999980926513671875</ele>
        <time>2026-08-07T15:54:25.000Z</time>
        <extensions>
          <ns3:TrackPointExtension>
            <ns3:hr>168</ns3:hr>
            <ns3:cad>84</ns3:cad>
          </ns3:TrackPointExtension>
        </extensions>
      </trkpt>
      <trkpt lat="31.3437847606837749481201171875" lon="118.35077603347599506378173828125">
        <ele>12</ele>
        <time>2026-08-07T15:54:26.000Z</time>
        <extensions>
          <ns3:TrackPointExtension>
            <ns3:hr>168</ns3:hr>
            <ns3:cad>83</ns3:cad>
          </ns3:TrackPointExtension>
        </extensions>
      </trkpt>
      <trkpt lat="31.343808732926845550537109375" lon="118.3507707528769969940185546875">
        <ele>12</ele>
        <time>2026-08-07T15:54:27.000Z</time>
        <extensions>
          <ns3:TrackPointExtension>
            <ns3:hr>168</ns3:hr>
            <ns3:cad>83</ns3:cad>
          </ns3:TrackPointExtension>
        </extensions>
      </trkpt>
      <trkpt lat="31.34384192526340484619140625" lon="118.35077335126698017120361328125">
        <ele>12</ele>
        <time>2026-08-07T15:54:28.000Z</time>
        <extensions>
          <ns3:TrackPointExtension>
            <ns3:hr>168</ns3:hr>
            <ns3:cad>83</ns3:cad>
          </ns3:TrackPointExtension>
        </extensions>
      </trkpt>
      <trkpt lat="31.34386740624904632568359375" lon="118.35076815448701381683349609375">
        <ele>12</ele>
        <time>2026-08-07T15:54:29.000Z</time>
        <extensions>
          <ns3:TrackPointExtension>
            <ns3:hr>168</ns3:hr>
            <ns3:cad>83</ns3:cad>
          </ns3:TrackPointExtension>
        </extensions>
      </trkpt>
      <trkpt lat="31.34390001185238361358642578125" lon="118.35076346062123775482177734375">
        <ele>12</ele>
        <time>2026-08-07T15:54:30.000Z</time>
        <extensions>
          <ns3:TrackPointExtension>
            <ns3:hr>168</ns3:hr>
            <ns3:cad>83</ns3:cad>
          </ns3:TrackPointExtension>
        </extensions>
      </trkpt>
      <trkpt lat="31.3439282588660717010498046875" lon="118.35075558163225650787353515625">
        <ele>12</ele>
        <time>2026-08-07T15:54:31.000Z</time>
        <extensions>
          <ns3:TrackPointExtension>
            <ns3:hr>168</ns3:hr>
            <ns3:cad>83</ns3:cad>
          </ns3:TrackPointExtension>
        </extensions>
      </trkpt>
      <trkpt lat="31.34394695051014423370361328125" lon="118.3507358841598033905029296875">
        <ele>12</ele>
        <time>2026-08-07T15:54:32.000Z</time>
        <extensions>
          <ns3:TrackPointExtension>
            <ns3:hr>168</ns3:hr>
            <ns3:cad>83</ns3:cad>
          </ns3:TrackPointExtension>
        </extensions>
      </trkpt>
      <trkpt lat="31.343972347676753997802734375" lon="118.35072121582925319671630859375">
        <ele>12.19999980926513671875</ele>
        <time>2026-08-07T15:54:33.000Z</time>
        <extensions>
          <ns3:TrackPointExtension>
            <ns3:hr>169</ns3:hr>
            <ns3:cad>85</ns3:cad>
          </ns3:TrackPointExtension>
        </extensions>
      </trkpt>
      <trkpt lat="31.34399187751114368438720703125" lon="118.3507043682038784027099609375">
        <ele>12.19999980926513671875</ele>
        <time>2026-08-07T15:54:34.000Z</time>
        <extensions>
          <ns3:TrackPointExtension>
            <ns3:hr>169</ns3:hr>
            <ns3:cad>85</ns3:cad>
          </ns3:TrackPointExtension>
        </extensions>
      </trkpt>
      <trkpt lat="31.34401937015354633331298828125" lon="118.35068969987332820892333984375">
        <ele>12</ele>
        <time>2026-08-07T15:54:35.000Z</time>
        <extensions>
          <ns3:TrackPointExtension>
            <ns3:hr>169</ns3:hr>
            <ns3:cad>85</ns3:cad>
          </ns3:TrackPointExtension>
        </extensions>
      </trkpt>
      <trkpt lat="31.34404937736690044403076171875" lon="118.3506845869123935699462890625">
        <ele>12</ele>
        <time>2026-08-07T15:54:36.000Z</time>
        <extensions>
          <ns3:TrackPointExtension>
            <ns3:hr>170</ns3:hr>
            <ns3:cad>85</ns3:cad>
          </ns3:TrackPointExtension>
        </extensions>
      </trkpt>
      <trkpt lat="31.3440732657909393310546875" lon="118.35067234933376312255859375">
        <ele>12</ele>
        <time>2026-08-07T15:54:37.000Z</time>
        <extensions>
          <ns3:TrackPointExtension>
            <ns3:hr>170</ns3:hr>
            <ns3:cad>85</ns3:cad>
          </ns3:TrackPointExtension>
        </extensions>
      </trkpt>
      <trkpt lat="31.3441059552133083343505859375" lon="118.350673019886016845703125">
        <ele>12</ele>
        <time>2026-08-07T15:54:38.000Z</time>
        <extensions>
          <ns3:TrackPointExtension>
            <ns3:hr>170</ns3:hr>
            <ns3:cad>85</ns3:cad>
          </ns3:TrackPointExtension>
        </extensions>
      </trkpt>
      <trkpt lat="31.34412665851414203643798828125" lon="118.3506701700389385223388671875">
        <ele>12</ele>
        <time>2026-08-07T15:54:39.000Z</time>
        <extensions>
          <ns3:TrackPointExtension>
            <ns3:hr>170</ns3:hr>
            <ns3:cad>85</ns3:cad>
          </ns3:TrackPointExtension>
        </extensions>
      </trkpt>
      <trkpt lat="31.34415549226105213165283203125" lon="118.35067570209503173828125">
        <ele>12</ele>
        <time>2026-08-07T15:54:40.000Z</time>
        <extensions>
          <ns3:TrackPointExtension>
            <ns3:hr>170</ns3:hr>
            <ns3:cad>85</ns3:cad>
          </ns3:TrackPointExtension>
        </extensions>
      </trkpt>
      <trkpt lat="31.3441760279238224029541015625" lon="118.3506819047033786773681640625">
        <ele>12</ele>
        <time>2026-08-07T15:54:41.000Z</time>
        <extensions>
          <ns3:TrackPointExtension>
            <ns3:hr>170</ns3:hr>
            <ns3:cad>84</ns3:cad>
          </ns3:TrackPointExtension>
        </extensions>
      </trkpt>
      <trkpt lat="31.34420041926205158233642578125" lon="118.3506889455020427703857421875">
        <ele>12</ele>
        <time>2026-08-07T15:54:42.000Z</time>
        <extensions>
          <ns3:TrackPointExtension>
            <ns3:hr>169</ns3:hr>
            <ns3:cad>84</ns3:cad>
          </ns3:TrackPointExtension>
        </extensions>
      </trkpt>
      <trkpt lat="31.3442286662757396697998046875" lon="118.350699841976165771484375">
        <ele>12</ele>
        <time>2026-08-07T15:54:43.000Z</time>
        <extensions>
          <ns3:TrackPointExtension>
            <ns3:hr>170</ns3:hr>
            <ns3:cad>85</ns3:cad>
          </ns3:TrackPointExtension>
        </extensions>
      </trkpt>
      <trkpt lat="31.34425004012882709503173828125" lon="118.35069959051907062530517578125">
        <ele>12</ele>
        <time>2026-08-07T15:54:44.000Z</time>
        <extensions>
          <ns3:TrackPointExtension>
            <ns3:hr>170</ns3:hr>
            <ns3:cad>85</ns3:cad>
          </ns3:TrackPointExtension>
        </extensions>
      </trkpt>
      <trkpt lat="31.3442849926650524139404296875" lon="118.35071098990738391876220703125">
        <ele>12</ele>
        <time>2026-08-07T15:54:45.000Z</time>
        <extensions>
          <ns3:TrackPointExtension>
            <ns3:hr>170</ns3:hr>
            <ns3:cad>85</ns3:cad>
          </ns3:TrackPointExtension>
        </extensions>
      </trkpt>
      <trkpt lat="31.34430862963199615478515625" lon="118.35070780478417873382568359375">
        <ele>12</ele>
        <time>2026-08-07T15:54:46.000Z</time>
        <extensions>
          <ns3:TrackPointExtension>
            <ns3:hr>170</ns3:hr>
            <ns3:cad>85</ns3:cad>
          </ns3:TrackPointExtension>
        </extensions>
      </trkpt>
      <trkpt lat="31.344339139759540557861328125" lon="118.35070931352674961090087890625">
        <ele>12</ele>
        <time>2026-08-07T15:54:47.000Z</time>
        <extensions>
          <ns3:TrackPointExtension>
            <ns3:hr>170</ns3:hr>
            <ns3:cad>85</ns3:cad>
          </ns3:TrackPointExtension>
        </extensions>
      </trkpt>
      <trkpt lat="31.34436638094484806060791015625" lon="118.350714929401874542236328125">
        <ele>12</ele>
        <time>2026-08-07T15:54:48.000Z</time>
        <extensions>
          <ns3:TrackPointExtension>
            <ns3:hr>170</ns3:hr>
            <ns3:cad>85</ns3:cad>
          </ns3:TrackPointExtension>
        </extensions>
      </trkpt>
      <trkpt lat="31.34439135901629924774169921875" lon="118.35070344619452953338623046875">
        <ele>12</ele>
        <time>2026-08-07T15:54:49.000Z</time>
        <extensions>
          <ns3:TrackPointExtension>
            <ns3:hr>170</ns3:hr>
            <ns3:cad>85</ns3:cad>
          </ns3:TrackPointExtension>
        </extensions>
      </trkpt>
      <trkpt lat="31.34442337788641452789306640625" lon="118.3507016859948635101318359375">
        <ele>12</ele>
        <time>2026-08-07T15:54:50.000Z</time>
        <extensions>
          <ns3:TrackPointExtension>
            <ns3:hr>170</ns3:hr>
            <ns3:cad>85</ns3:cad>
          </ns3:TrackPointExtension>
        </extensions>
      </trkpt>
      <trkpt lat="31.34444533847272396087646484375" lon="118.35068886168301105499267578125">
        <ele>12</ele>
        <time>2026-08-07T15:54:51.000Z</time>
        <extensions>
          <ns3:TrackPointExtension>
            <ns3:hr>170</ns3:hr>
            <ns3:cad>85</ns3:cad>
          </ns3:TrackPointExtension>
        </extensions>
      </trkpt>
      <trkpt lat="31.34448020718991756439208984375" lon="118.350682742893695831298828125">
        <ele>12</ele>
        <time>2026-08-07T15:54:52.000Z</time>
        <extensions>
          <ns3:TrackPointExtension>
            <ns3:hr>170</ns3:hr>
            <ns3:cad>85</ns3:cad>
          </ns3:TrackPointExtension>
        </extensions>
      </trkpt>
      <trkpt lat="31.34451239369809627532958984375" lon="118.350682072341442108154296875">
        <ele>12</ele>
        <time>2026-08-07T15:54:53.000Z</time>
        <extensions>
          <ns3:TrackPointExtension>
            <ns3:hr>169</ns3:hr>
            <ns3:cad>84</ns3:cad>
          </ns3:TrackPointExtension>
        </extensions>
      </trkpt>
      <trkpt lat="31.34454089216887950897216796875" lon="118.35067561827600002288818359375">
        <ele>11.80000019073486328125</ele>
        <time>2026-08-07T15:54:54.000Z</time>
        <extensions>
          <ns3:TrackPointExtension>
            <ns3:hr>170</ns3:hr>
            <ns3:cad>83</ns3:cad>
          </ns3:TrackPointExtension>
        </extensions>
      </trkpt>
      <trkpt lat="31.3445743359625339508056640625" lon="118.35068215616047382354736328125">
        <ele>12</ele>
        <time>2026-08-07T15:54:55.000Z</time>
        <extensions>
          <ns3:TrackPointExtension>
            <ns3:hr>170</ns3:hr>
            <ns3:cad>83</ns3:cad>
          </ns3:TrackPointExtension>
        </extensions>
      </trkpt>
      <trkpt lat="31.34459705092012882232666015625" lon="118.35067561827600002288818359375">
        <ele>12</ele>
        <time>2026-08-07T15:54:56.000Z</time>
        <extensions>
          <ns3:TrackPointExtension>
            <ns3:hr>170</ns3:hr>
            <ns3:cad>83</ns3:cad>
          </ns3:TrackPointExtension>
        </extensions>
      </trkpt>
      <trkpt lat="31.34462085552513599395751953125" lon="118.3506775461137294769287109375">
        <ele>12</ele>
        <time>2026-08-07T15:54:57.000Z</time>
        <extensions>
          <ns3:TrackPointExtension>
            <ns3:hr>170</ns3:hr>
            <ns3:cad>84</ns3:cad>
          </ns3:TrackPointExtension>
        </extensions>
      </trkpt>
      <trkpt lat="31.3446387089788913726806640625" lon="118.35069841705262660980224609375">
        <ele>12</ele>
        <time>2026-08-07T15:54:58.000Z</time>
        <extensions>
          <ns3:TrackPointExtension>
            <ns3:hr>170</ns3:hr>
            <ns3:cad>84</ns3:cad>
          </ns3:TrackPointExtension>
        </extensions>
      </trkpt>
      <trkpt lat="31.3446527905762195587158203125" lon="118.3507093973457813262939453125">
        <ele>12</ele>
        <time>2026-08-07T15:54:59.000Z</time>
        <extensions>
          <ns3:TrackPointExtension>
            <ns3:hr>170</ns3:hr>
            <ns3:cad>84</ns3:cad>
          </ns3:TrackPointExtension>
        </extensions>
      </trkpt>
      <trkpt lat="31.34467517025768756866455078125" lon="118.35070864297449588775634765625">
        <ele>12.19999980926513671875</ele>
        <time>2026-08-07T15:55:00.000Z</time>
        <extensions>
          <ns3:TrackPointExtension>
            <ns3:hr>170</ns3:hr>
            <ns3:cad>84</ns3:cad>
          </ns3:TrackPointExtension>
        </extensions>
      </trkpt>
      <trkpt lat="31.34470232762396335601806640625" lon="118.3507067151367664337158203125">
        <ele>12.19999980926513671875</ele>
        <time>2026-08-07T15:55:01.000Z</time>
        <extensions>
          <ns3:TrackPointExtension>
            <ns3:hr>169</ns3:hr>
            <ns3:cad>83</ns3:cad>
          </ns3:TrackPointExtension>
        </extensions>
      </trkpt>
      <trkpt lat="31.344718672335147857666015625" lon="118.35069707594811916351318359375">
        <ele>12.3999996185302734375</ele>
        <time>2026-08-07T15:55:02.000Z</time>
        <extensions>
          <ns3:TrackPointExtension>
            <ns3:hr>170</ns3:hr>
            <ns3:cad>82</ns3:cad>
          </ns3:TrackPointExtension>
        </extensions>
      </trkpt>
      <trkpt lat="31.3447453267872333526611328125" lon="118.35068576037883758544921875">
        <ele>12.3999996185302734375</ele>
        <time>2026-08-07T15:55:03.000Z</time>
        <extensions>
          <ns3:TrackPointExtension>
            <ns3:hr>170</ns3:hr>
            <ns3:cad>80</ns3:cad>
          </ns3:TrackPointExtension>
        </extensions>
      </trkpt>
      <trkpt lat="31.3447664491832256317138671875" lon="118.3506711758673191070556640625">
        <ele>12.3999996185302734375</ele>
        <time>2026-08-07T15:55:04.000Z</time>
        <extensions>
          <ns3:TrackPointExtension>
            <ns3:hr>170</ns3:hr>
            <ns3:cad>80</ns3:cad>
          </ns3:TrackPointExtension>
        </extensions>
      </trkpt>
      <trkpt lat="31.34478581137955188751220703125" lon="118.35065499879419803619384765625">
        <ele>12.6000003814697265625</ele>
        <time>2026-08-07T15:55:05.000Z</time>
        <extensions>
          <ns3:TrackPointExtension>
            <ns3:hr>170</ns3:hr>
            <ns3:cad>78</ns3:cad>
          </ns3:TrackPointExtension>
        </extensions>
      </trkpt>
      <trkpt lat="31.34481422603130340576171875" lon="118.3506436832249164581298828125">
        <ele>12.6000003814697265625</ele>
        <time>2026-08-07T15:55:06.000Z</time>
        <extensions>
          <ns3:TrackPointExtension>
            <ns3:hr>170</ns3:hr>
            <ns3:cad>78</ns3:cad>
          </ns3:TrackPointExtension>
        </extensions>
      </trkpt>
      <trkpt lat="31.3448338396847248077392578125" lon="118.35062683559954166412353515625">
        <ele>12.80000019073486328125</ele>
        <time>2026-08-07T15:55:07.000Z</time>
        <extensions>
          <ns3:TrackPointExtension>
            <ns3:hr>170</ns3:hr>
            <ns3:cad>82</ns3:cad>
          </ns3:TrackPointExtension>
        </extensions>
      </trkpt>
      <trkpt lat="31.34485789574682712554931640625" lon="118.35061459802091121673583984375">
        <ele>12.80000019073486328125</ele>
        <time>2026-08-07T15:55:08.000Z</time>
        <extensions>
          <ns3:TrackPointExtension>
            <ns3:hr>170</ns3:hr>
            <ns3:cad>82</ns3:cad>
          </ns3:TrackPointExtension>
        </extensions>
      </trkpt>
      <trkpt lat="31.34487600065767765045166015625" lon="118.35060051642358303070068359375">
        <ele>12.80000019073486328125</ele>
        <time>2026-08-07T15:55:09.000Z</time>
        <extensions>
          <ns3:TrackPointExtension>
            <ns3:hr>170</ns3:hr>
            <ns3:cad>82</ns3:cad>
          </ns3:TrackPointExtension>
        </extensions>
      </trkpt>
      <trkpt lat="31.34489871561527252197265625" lon="118.35058920085430145263671875">
        <ele>13</ele>
        <time>2026-08-07T15:55:10.000Z</time>
        <extensions>
          <ns3:TrackPointExtension>
            <ns3:hr>170</ns3:hr>
            <ns3:cad>84</ns3:cad>
          </ns3:TrackPointExtension>
        </extensions>
      </trkpt>
      <trkpt lat="31.3449283875524997711181640625" lon="118.350581824779510498046875">
        <ele>13</ele>
        <time>2026-08-07T15:55:11.000Z</time>
        <extensions>
          <ns3:TrackPointExtension>
            <ns3:hr>170</ns3:hr>
            <ns3:cad>84</ns3:cad>
          </ns3:TrackPointExtension>
        </extensions>
      </trkpt>
      <trkpt lat="31.34494858793914318084716796875" lon="118.35056866519153118133544921875">
        <ele>13</ele>
        <time>2026-08-07T15:55:12.000Z</time>
        <extensions>
          <ns3:TrackPointExtension>
            <ns3:hr>169</ns3:hr>
            <ns3:cad>84</ns3:cad>
          </ns3:TrackPointExtension>
        </extensions>
      </trkpt>
      <trkpt lat="31.3449816964566707611083984375" lon="118.350561372935771942138671875">
        <ele>13</ele>
        <time>2026-08-07T15:55:13.000Z</time>
        <extensions>
          <ns3:TrackPointExtension>
            <ns3:hr>169</ns3:hr>
            <ns3:cad>85</ns3:cad>
          </ns3:TrackPointExtension>
        </extensions>
      </trkpt>
      <trkpt lat="31.34500239975750446319580078125" lon="118.3505504764616489410400390625">
        <ele>13</ele>
        <time>2026-08-07T15:55:14.000Z</time>
        <extensions>
          <ns3:TrackPointExtension>
            <ns3:hr>168</ns3:hr>
            <ns3:cad>85</ns3:cad>
          </ns3:TrackPointExtension>
        </extensions>
      </trkpt>
      <trkpt lat="31.34502888657152652740478515625" lon="118.350541591644287109375">
        <ele>13.19999980926513671875</ele>
        <time>2026-08-07T15:55:15.000Z</time>
        <extensions>
          <ns3:TrackPointExtension>
            <ns3:hr>167</ns3:hr>
            <ns3:cad>83</ns3:cad>
          </ns3:TrackPointExtension>
        </extensions>
      </trkpt>
      <trkpt lat="31.34506006725132465362548828125" lon="118.35054066963493824005126953125">
        <ele>13.19999980926513671875</ele>
        <time>2026-08-07T15:55:16.000Z</time>
        <extensions>
          <ns3:TrackPointExtension>
            <ns3:hr>166</ns3:hr>
            <ns3:cad>83</ns3:cad>
          </ns3:TrackPointExtension>
        </extensions>
      </trkpt>
      <trkpt lat="31.34507800452411174774169921875" lon="118.35053530521690845489501953125">
        <ele>13.19999980926513671875</ele>
        <time>2026-08-07T15:55:17.000Z</time>
        <extensions>
          <ns3:TrackPointExtension>
            <ns3:hr>166</ns3:hr>
            <ns3:cad>83</ns3:cad>
          </ns3:TrackPointExtension>
        </extensions>
      </trkpt>
      <trkpt lat="31.345109604299068450927734375" lon="118.3505400829017162322998046875">
        <ele>13.19999980926513671875</ele>
        <time>2026-08-07T15:55:18.000Z</time>
        <extensions>
          <ns3:TrackPointExtension>
            <ns3:hr>166</ns3:hr>
            <ns3:cad>83</ns3:cad>
          </ns3:TrackPointExtension>
        </extensions>
      </trkpt>
      <trkpt lat="31.3451354205608367919921875" lon="118.350541256368160247802734375">
        <ele>13.19999980926513671875</ele>
        <time>2026-08-07T15:55:19.000Z</time>
        <extensions>
          <ns3:TrackPointExtension>
            <ns3:hr>166</ns3:hr>
            <ns3:cad>83</ns3:cad>
          </ns3:TrackPointExtension>
        </extensions>
      </trkpt>
      <trkpt lat="31.34514992125332355499267578125" lon="118.35053849034011363983154296875">
        <ele>13</ele>
        <time>2026-08-07T15:55:20.000Z</time>
        <extensions>
          <ns3:TrackPointExtension>
            <ns3:hr>167</ns3:hr>
            <ns3:cad>84</ns3:cad>
          </ns3:TrackPointExtension>
        </extensions>
      </trkpt>
      <trkpt lat="31.34517925791442394256591796875" lon="118.3505420945584774017333984375">
        <ele>13.19999980926513671875</ele>
        <time>2026-08-07T15:55:21.000Z</time>
        <extensions>
          <ns3:TrackPointExtension>
            <ns3:hr>167</ns3:hr>
            <ns3:cad>84</ns3:cad>
          </ns3:TrackPointExtension>
        </extensions>
      </trkpt>
      <trkpt lat="31.3452009670436382293701171875" lon="118.35054100491106510162353515625">
        <ele>13.19999980926513671875</ele>
        <time>2026-08-07T15:55:22.000Z</time>
        <extensions>
          <ns3:TrackPointExtension>
            <ns3:hr>167</ns3:hr>
            <ns3:cad>84</ns3:cad>
          </ns3:TrackPointExtension>
        </extensions>
      </trkpt>
      <trkpt lat="31.34523038752377033233642578125" lon="118.35053966380655765533447265625">
        <ele>13.19999980926513671875</ele>
        <time>2026-08-07T15:55:23.000Z</time>
        <extensions>
          <ns3:TrackPointExtension>
            <ns3:hr>167</ns3:hr>
            <ns3:cad>84</ns3:cad>
          </ns3:TrackPointExtension>
        </extensions>
      </trkpt>
      <trkpt lat="31.34525586850941181182861328125" lon="118.35053664632141590118408203125">
        <ele>13.19999980926513671875</ele>
        <time>2026-08-07T15:55:24.000Z</time>
        <extensions>
          <ns3:TrackPointExtension>
            <ns3:hr>167</ns3:hr>
            <ns3:cad>83</ns3:cad>
          </ns3:TrackPointExtension>
        </extensions>
      </trkpt>
      <trkpt lat="31.3452837802469730377197265625" lon="118.35053614340722560882568359375">
        <ele>13.19999980926513671875</ele>
        <time>2026-08-07T15:55:25.000Z</time>
        <extensions>
          <ns3:TrackPointExtension>
            <ns3:hr>167</ns3:hr>
            <ns3:cad>83</ns3:cad>
          </ns3:TrackPointExtension>
        </extensions>
      </trkpt>
      <trkpt lat="31.345312111079692840576171875" lon="118.35054703988134860992431640625">
        <ele>13.19999980926513671875</ele>
        <time>2026-08-07T15:55:26.000Z</time>
        <extensions>
          <ns3:TrackPointExtension>
            <ns3:hr>167</ns3:hr>
            <ns3:cad>83</ns3:cad>
          </ns3:TrackPointExtension>
        </extensions>
      </trkpt>
      <trkpt lat="31.34533231146633625030517578125" lon="118.350549302995204925537109375">
        <ele>13.19999980926513671875</ele>
        <time>2026-08-07T15:55:27.000Z</time>
        <extensions>
          <ns3:TrackPointExtension>
            <ns3:hr>168</ns3:hr>
            <ns3:cad>83</ns3:cad>
          </ns3:TrackPointExtension>
        </extensions>
      </trkpt>
      <trkpt lat="31.34535963647067546844482421875" lon="118.3505565114319324493408203125">
        <ele>13.19999980926513671875</ele>
        <time>2026-08-07T15:55:28.000Z</time>
        <extensions>
          <ns3:TrackPointExtension>
            <ns3:hr>167</ns3:hr>
            <ns3:cad>85</ns3:cad>
          </ns3:TrackPointExtension>
        </extensions>
      </trkpt>
      <trkpt lat="31.345379166305065155029296875" lon="118.35055508650839328765869140625">
        <ele>13.19999980926513671875</ele>
        <time>2026-08-07T15:55:29.000Z</time>
        <extensions>
          <ns3:TrackPointExtension>
            <ns3:hr>167</ns3:hr>
            <ns3:cad>85</ns3:cad>
          </ns3:TrackPointExtension>
        </extensions>
      </trkpt>
      <trkpt lat="31.345399282872676849365234375" lon="118.35055760107934474945068359375">
        <ele>13.19999980926513671875</ele>
        <time>2026-08-07T15:55:30.000Z</time>
        <extensions>
          <ns3:TrackPointExtension>
            <ns3:hr>167</ns3:hr>
            <ns3:cad>85</ns3:cad>
          </ns3:TrackPointExtension>
        </extensions>
      </trkpt>
      <trkpt lat="31.3456720300018787384033203125" lon="118.3506215550005435943603515625">
        <ele>13.80000019073486328125</ele>
        <time>2026-08-07T16:03:42.000Z</time>
        <extensions>
          <ns3:TrackPointExtension>
            <ns3:hr>107</ns3:hr>
            <ns3:cad>0</ns3:cad>
          </ns3:TrackPointExtension>
        </extensions>
      </trkpt>
      <trkpt lat="31.3456720300018787384033203125" lon="118.35062147118151187896728515625">
        <ele>13.80000019073486328125</ele>
        <time>2026-08-07T16:03:43.000Z</time>
        <extensions>
          <ns3:TrackPointExtension>
            <ns3:hr>108</ns3:hr>
            <ns3:cad>0</ns3:cad>
          </ns3:TrackPointExtension>
        </extensions>
      </trkpt>
      <trkpt lat="31.3456462137401103973388671875" lon="118.3506054617464542388916015625">
        <ele>13.80000019073486328125</ele>
        <time>2026-08-07T16:03:44.000Z</time>
        <extensions>
          <ns3:TrackPointExtension>
            <ns3:hr>110</ns3:hr>
            <ns3:cad>0</ns3:cad>
          </ns3:TrackPointExtension>
        </extensions>
      </trkpt>
      <trkpt lat="31.3456227444112300872802734375" lon="118.35059590637683868408203125">
        <ele>13.80000019073486328125</ele>
        <time>2026-08-07T16:03:45.000Z</time>
        <extensions>
          <ns3:TrackPointExtension>
            <ns3:hr>111</ns3:hr>
            <ns3:cad>0</ns3:cad>
          </ns3:TrackPointExtension>
        </extensions>
      </trkpt>
      <trkpt lat="31.34559416212141513824462890625" lon="118.35057738237082958221435546875">
        <ele>13.6000003814697265625</ele>
        <time>2026-08-07T16:03:46.000Z</time>
        <extensions>
          <ns3:TrackPointExtension>
            <ns3:hr>112</ns3:hr>
            <ns3:cad>83</ns3:cad>
          </ns3:TrackPointExtension>
        </extensions>
      </trkpt>
      <trkpt lat="31.34556650184094905853271484375" lon="118.35056128911674022674560546875">
        <ele>13.3999996185302734375</ele>
        <time>2026-08-07T16:03:47.000Z</time>
        <extensions>
          <ns3:TrackPointExtension>
            <ns3:hr>113</ns3:hr>
            <ns3:cad>83</ns3:cad>
          </ns3:TrackPointExtension>
        </extensions>
      </trkpt>
      <trkpt lat="31.34553682990372180938720703125" lon="118.350544609129428863525390625">
        <ele>13.3999996185302734375</ele>
        <time>2026-08-07T16:03:48.000Z</time>
        <extensions>
          <ns3:TrackPointExtension>
            <ns3:hr>113</ns3:hr>
            <ns3:cad>83</ns3:cad>
          </ns3:TrackPointExtension>
        </extensions>
      </trkpt>
      <trkpt lat="31.34551017545163631439208984375" lon="118.3505387417972087860107421875">
        <ele>13.3999996185302734375</ele>
        <time>2026-08-07T16:03:49.000Z</time>
        <extensions>
          <ns3:TrackPointExtension>
            <ns3:hr>114</ns3:hr>
            <ns3:cad>88</ns3:cad>
          </ns3:TrackPointExtension>
        </extensions>
      </trkpt>
      <trkpt lat="31.34547580964863300323486328125" lon="118.35052390582859516143798828125">
        <ele>13.3999996185302734375</ele>
        <time>2026-08-07T16:03:50.000Z</time>
        <extensions>
          <ns3:TrackPointExtension>
            <ns3:hr>115</ns3:hr>
            <ns3:cad>88</ns3:cad>
          </ns3:TrackPointExtension>
        </extensions>
      </trkpt>
      <trkpt lat="31.34544865228235721588134765625" lon="118.35052348673343658447265625">
        <ele>13.3999996185302734375</ele>
        <time>2026-08-07T16:03:51.000Z</time>
        <extensions>
          <ns3:TrackPointExtension>
            <ns3:hr>116</ns3:hr>
            <ns3:cad>89</ns3:cad>
          </ns3:TrackPointExtension>
        </extensions>
      </trkpt>
      <trkpt lat="31.34541395120322704315185546875" lon="118.350511081516742706298828125">
        <ele>13.6000003814697265625</ele>
        <time>2026-08-07T16:03:52.000Z</time>
        <extensions>
          <ns3:TrackPointExtension>
            <ns3:hr>116</ns3:hr>
            <ns3:cad>89</ns3:cad>
          </ns3:TrackPointExtension>
        </extensions>
      </trkpt>
      <trkpt lat="31.3453883863985538482666015625" lon="118.35050429217517375946044921875">
        <ele>13.6000003814697265625</ele>
        <time>2026-08-07T16:03:53.000Z</time>
        <extensions>
          <ns3:TrackPointExtension>
            <ns3:hr>117</ns3:hr>
            <ns3:cad>90</ns3:cad>
          </ns3:TrackPointExtension>
        </extensions>
      </trkpt>
      <trkpt lat="31.345357038080692291259765625" lon="118.35048727691173553466796875">
        <ele>13.6000003814697265625</ele>
        <time>2026-08-07T16:03:54.000Z</time>
        <extensions>
          <ns3:TrackPointExtension>
            <ns3:hr>118</ns3:hr>
            <ns3:cad>90</ns3:cad>
          </ns3:TrackPointExtension>
        </extensions>
      </trkpt>
      <trkpt lat="31.3453327305614948272705078125" lon="118.3504844270646572113037109375">
        <ele>13.6000003814697265625</ele>
        <time>2026-08-07T16:03:55.000Z</time>
        <extensions>
          <ns3:TrackPointExtension>
            <ns3:hr>120</ns3:hr>
            <ns3:cad>89</ns3:cad>
          </ns3:TrackPointExtension>
        </extensions>
      </trkpt>
      <trkpt lat="31.34530062787234783172607421875" lon="118.350473530590534210205078125">
        <ele>13.6000003814697265625</ele>
        <time>2026-08-07T16:03:56.000Z</time>
        <extensions>
          <ns3:TrackPointExtension>
            <ns3:hr>121</ns3:hr>
            <ns3:cad>88</ns3:cad>
          </ns3:TrackPointExtension>
        </extensions>
      </trkpt>
      <trkpt lat="31.3452767394483089447021484375" lon="118.350472860038280487060546875">
        <ele>13.80000019073486328125</ele>
        <time>2026-08-07T16:03:57.000Z</time>
        <extensions>
          <ns3:TrackPointExtension>
            <ns3:hr>123</ns3:hr>
            <ns3:cad>88</ns3:cad>
          </ns3:TrackPointExtension>
        </extensions>
      </trkpt>
      <trkpt lat="31.3452452234923839569091796875" lon="118.3504673279821872711181640625">
        <ele>13.80000019073486328125</ele>
        <time>2026-08-07T16:03:58.000Z</time>
        <extensions>
          <ns3:TrackPointExtension>
            <ns3:hr>124</ns3:hr>
            <ns3:cad>89</ns3:cad>
          </ns3:TrackPointExtension>
        </extensions>
      </trkpt>
      <trkpt lat="31.34522636421024799346923828125" lon="118.35046707652509212493896484375">
        <ele>13.80000019073486328125</ele>
        <time>2026-08-07T16:03:59.000Z</time>
        <extensions>
          <ns3:TrackPointExtension>
            <ns3:hr>125</ns3:hr>
            <ns3:cad>89</ns3:cad>
          </ns3:TrackPointExtension>
        </extensions>
      </trkpt>
      <trkpt lat="31.34519602172076702117919921875" lon="118.35046573542058467864990234375">
        <ele>13.80000019073486328125</ele>
        <time>2026-08-07T16:04:00.000Z</time>
        <extensions>
          <ns3:TrackPointExtension>
            <ns3:hr>126</ns3:hr>
            <ns3:cad>89</ns3:cad>
          </ns3:TrackPointExtension>
        </extensions>
      </trkpt>
      <trkpt lat="31.3451714627444744110107421875" lon="118.3504686690866947174072265625">
        <ele>13.80000019073486328125</ele>
        <time>2026-08-07T16:04:01.000Z</time>
        <extensions>
          <ns3:TrackPointExtension>
            <ns3:hr>127</ns3:hr>
            <ns3:cad>89</ns3:cad>
          </ns3:TrackPointExtension>
        </extensions>
      </trkpt>
      <trkpt lat="31.3451429642736911773681640625" lon="118.3504693396389484405517578125">
        <ele>14</ele>
        <time>2026-08-07T16:04:02.000Z</time>
        <extensions>
          <ns3:TrackPointExtension>
            <ns3:hr>128</ns3:hr>
            <ns3:cad>89</ns3:cad>
          </ns3:TrackPointExtension>
        </extensions>
      </trkpt>
      <trkpt lat="31.34512008167803287506103515625" lon="118.35047042928636074066162109375">
        <ele>14</ele>
        <time>2026-08-07T16:04:03.000Z</time>
        <extensions>
          <ns3:TrackPointExtension>
            <ns3:hr>129</ns3:hr>
            <ns3:cad>87</ns3:cad>
          </ns3:TrackPointExtension>
        </extensions>
      </trkpt>
      <trkpt lat="31.3450889848172664642333984375" lon="118.350484259426593780517578125">
        <ele>14.19999980926513671875</ele>
        <time>2026-08-07T16:04:04.000Z</time>
        <extensions>
          <ns3:TrackPointExtension>
            <ns3:hr>130</ns3:hr>
            <ns3:cad>87</ns3:cad>
          </ns3:TrackPointExtension>
        </extensions>
      </trkpt>
      <trkpt lat="31.34505487047135829925537109375" lon="118.35049021057784557342529296875">
        <ele>14.3999996185302734375</ele>
        <time>2026-08-07T16:04:05.000Z</time>
        <extensions>
          <ns3:TrackPointExtension>
            <ns3:hr>131</ns3:hr>
            <ns3:cad>88</ns3:cad>
          </ns3:TrackPointExtension>
        </extensions>
      </trkpt>
      <trkpt lat="31.34502343833446502685546875" lon="118.3505042083561420440673828125">
        <ele>14.6000003814697265625</ele>
        <time>2026-08-07T16:04:06.000Z</time>
        <extensions>
          <ns3:TrackPointExtension>
            <ns3:hr>131</ns3:hr>
            <ns3:cad>88</ns3:cad>
          </ns3:TrackPointExtension>
        </extensions>
      </trkpt>
      <trkpt lat="31.34499686770141124725341796875" lon="118.3505132608115673065185546875">
        <ele>14.6000003814697265625</ele>
        <time>2026-08-07T16:04:07.000Z</time>
        <extensions>
          <ns3:TrackPointExtension>
            <ns3:hr>132</ns3:hr>
            <ns3:cad>88</ns3:cad>
          </ns3:TrackPointExtension>
        </extensions>
      </trkpt>
      <trkpt lat="31.34497222490608692169189453125" lon="118.35053019225597381591796875">
        <ele>14.80000019073486328125</ele>
        <time>2026-08-07T16:04:08.000Z</time>
        <extensions>
          <ns3:TrackPointExtension>
            <ns3:hr>133</ns3:hr>
            <ns3:cad>88</ns3:cad>
          </ns3:TrackPointExtension>
        </extensions>
      </trkpt>
      <trkpt lat="31.3449381105601787567138671875" lon="118.35054469294846057891845703125">
        <ele>15</ele>
        <time>2026-08-07T16:04:09.000Z</time>
        <extensions>
          <ns3:TrackPointExtension>
            <ns3:hr>134</ns3:hr>
            <ns3:cad>86</ns3:cad>
          </ns3:TrackPointExtension>
        </extensions>
      </trkpt>
      <trkpt lat="31.34491438977420330047607421875" lon="118.35055768489837646484375">
        <ele>15</ele>
        <time>2026-08-07T16:04:10.000Z</time>
        <extensions>
          <ns3:TrackPointExtension>
            <ns3:hr>135</ns3:hr>
            <ns3:cad>86</ns3:cad>
          </ns3:TrackPointExtension>
        </extensions>
      </trkpt>
      <trkpt lat="31.3448832929134368896484375" lon="118.35057453252375125885009765625">
        <ele>15</ele>
        <time>2026-08-07T16:04:11.000Z</time>
        <extensions>
          <ns3:TrackPointExtension>
            <ns3:hr>136</ns3:hr>
            <ns3:cad>86</ns3:cad>
          </ns3:TrackPointExtension>
        </extensions>
      </trkpt>
      <trkpt lat="31.344859488308429718017578125" lon="118.35059029050171375274658203125">
        <ele>15</ele>
        <time>2026-08-07T16:04:12.000Z</time>
        <extensions>
          <ns3:TrackPointExtension>
            <ns3:hr>137</ns3:hr>
            <ns3:cad>89</ns3:cad>
          </ns3:TrackPointExtension>
        </extensions>
      </trkpt>
      <trkpt lat="31.3448298163712024688720703125" lon="118.35061158053576946258544921875">
        <ele>15</ele>
        <time>2026-08-07T16:04:13.000Z</time>
        <extensions>
          <ns3:TrackPointExtension>
            <ns3:hr>138</ns3:hr>
            <ns3:cad>89</ns3:cad>
          </ns3:TrackPointExtension>
        </extensions>
      </trkpt>
      <trkpt lat="31.34480458684265613555908203125" lon="118.35062675178050994873046875">
        <ele>15</ele>
        <time>2026-08-07T16:04:14.000Z</time>
        <extensions>
          <ns3:TrackPointExtension>
            <ns3:hr>139</ns3:hr>
            <ns3:cad>89</ns3:cad>
          </ns3:TrackPointExtension>
        </extensions>
      </trkpt>
      <trkpt lat="31.3447760045528411865234375" lon="118.3506420068442821502685546875">
        <ele>14.80000019073486328125</ele>
        <time>2026-08-07T16:04:15.000Z</time>
        <extensions>
          <ns3:TrackPointExtension>
            <ns3:hr>140</ns3:hr>
            <ns3:cad>89</ns3:cad>
          </ns3:TrackPointExtension>
        </extensions>
      </trkpt>
      <trkpt lat="31.34475328959524631500244140625" lon="118.350655920803546905517578125">
        <ele>14.80000019073486328125</ele>
        <time>2026-08-07T16:04:16.000Z</time>
        <extensions>
          <ns3:TrackPointExtension>
            <ns3:hr>141</ns3:hr>
            <ns3:cad>87</ns3:cad>
          </ns3:TrackPointExtension>
        </extensions>
      </trkpt>
      <trkpt lat="31.3447272218763828277587890625" lon="118.35067100822925567626953125">
        <ele>14.80000019073486328125</ele>
        <time>2026-08-07T16:04:17.000Z</time>
        <extensions>
          <ns3:TrackPointExtension>
            <ns3:hr>142</ns3:hr>
            <ns3:cad>87</ns3:cad>
          </ns3:TrackPointExtension>
        </extensions>
      </trkpt>
      <trkpt lat="31.34470283053815364837646484375" lon="118.35067771375179290771484375">
        <ele>14.80000019073486328125</ele>
        <time>2026-08-07T16:04:18.000Z</time>
        <extensions>
          <ns3:TrackPointExtension>
            <ns3:hr>143</ns3:hr>
            <ns3:cad>87</ns3:cad>
          </ns3:TrackPointExtension>
        </extensions>
      </trkpt>
      <trkpt lat="31.34467332623898983001708984375" lon="118.35069120861589908599853515625">
        <ele>14.80000019073486328125</ele>
        <time>2026-08-07T16:04:19.000Z</time>
        <extensions>
          <ns3:TrackPointExtension>
            <ns3:hr>144</ns3:hr>
            <ns3:cad>87</ns3:cad>
          </ns3:TrackPointExtension>
        </extensions>
      </trkpt>
      <trkpt lat="31.34464063681662082672119140625" lon="118.35070478729903697967529296875">
        <ele>14.80000019073486328125</ele>
        <time>2026-08-07T16:04:20.000Z</time>
        <extensions>
          <ns3:TrackPointExtension>
            <ns3:hr>145</ns3:hr>
            <ns3:cad>87</ns3:cad>
          </ns3:TrackPointExtension>
        </extensions>
      </trkpt>
      <trkpt lat="31.3446159102022647857666015625" lon="118.35071853362023830413818359375">
        <ele>14.80000019073486328125</ele>
        <time>2026-08-07T16:04:21.000Z</time>
        <extensions>
          <ns3:TrackPointExtension>
            <ns3:hr>146</ns3:hr>
            <ns3:cad>87</ns3:cad>
          </ns3:TrackPointExtension>
        </extensions>
      </trkpt>
      <trkpt lat="31.34458749555051326751708984375" lon="118.35072599351406097412109375">
        <ele>14.80000019073486328125</ele>
        <time>2026-08-07T16:04:22.000Z</time>
        <extensions>
          <ns3:TrackPointExtension>
            <ns3:hr>146</ns3:hr>
            <ns3:cad>87</ns3:cad>
          </ns3:TrackPointExtension>
        </extensions>
      </trkpt>
      <trkpt lat="31.3445622660219669342041015625" lon="118.3507315255701541900634765625">
        <ele>14.80000019073486328125</ele>
        <time>2026-08-07T16:04:23.000Z</time>
        <extensions>
          <ns3:TrackPointExtension>
            <ns3:hr>147</ns3:hr>
            <ns3:cad>87</ns3:cad>
          </ns3:TrackPointExtension>
        </extensions>
      </trkpt>
      <trkpt lat="31.34453259408473968505859375" lon="118.3507298491895198822021484375">
        <ele>14.6000003814697265625</ele>
        <time>2026-08-07T16:04:24.000Z</time>
        <extensions>
          <ns3:TrackPointExtension>
            <ns3:hr>147</ns3:hr>
            <ns3:cad>86</ns3:cad>
          </ns3:TrackPointExtension>
        </extensions>
      </trkpt>
      <trkpt lat="31.3445096276700496673583984375" lon="118.3507335372269153594970703125">
        <ele>14.6000003814697265625</ele>
        <time>2026-08-07T16:04:25.000Z</time>
        <extensions>
          <ns3:TrackPointExtension>
            <ns3:hr>148</ns3:hr>
            <ns3:cad>86</ns3:cad>
          </ns3:TrackPointExtension>
        </extensions>
      </trkpt>
      <trkpt lat="31.34447920136153697967529296875" lon="118.35073764435946941375732421875">
        <ele>14.6000003814697265625</ele>
        <time>2026-08-07T16:04:26.000Z</time>
        <extensions>
          <ns3:TrackPointExtension>
            <ns3:hr>149</ns3:hr>
            <ns3:cad>86</ns3:cad>
          </ns3:TrackPointExtension>
        </extensions>
      </trkpt>
      <trkpt lat="31.34444969706237316131591796875" lon="118.35074066184461116790771484375">
        <ele>14.6000003814697265625</ele>
        <time>2026-08-07T16:04:27.000Z</time>
        <extensions>
          <ns3:TrackPointExtension>
            <ns3:hr>150</ns3:hr>
            <ns3:cad>87</ns3:cad>
          </ns3:TrackPointExtension>
        </extensions>
      </trkpt>
      <trkpt lat="31.3444201089441776275634765625" lon="118.350743763148784637451171875">
        <ele>14.80000019073486328125</ele>
        <time>2026-08-07T16:04:28.000Z</time>
        <extensions>
          <ns3:TrackPointExtension>
            <ns3:hr>150</ns3:hr>
            <ns3:cad>88</ns3:cad>
          </ns3:TrackPointExtension>
        </extensions>
      </trkpt>
      <trkpt lat="31.3443919457495212554931640625" lon="118.35074736736714839935302734375">
        <ele>14.80000019073486328125</ele>
        <time>2026-08-07T16:04:29.000Z</time>
        <extensions>
          <ns3:TrackPointExtension>
            <ns3:hr>151</ns3:hr>
            <ns3:cad>88</ns3:cad>
          </ns3:TrackPointExtension>
        </extensions>
      </trkpt>
      <trkpt lat="31.34436654858291149139404296875" lon="118.350754491984844207763671875">
        <ele>15</ele>
        <time>2026-08-07T16:04:30.000Z</time>
        <extensions>
          <ns3:TrackPointExtension>
            <ns3:hr>151</ns3:hr>
            <ns3:cad>88</ns3:cad>
          </ns3:TrackPointExtension>
        </extensions>
      </trkpt>
      <trkpt lat="31.34433721192181110382080078125" lon="118.35075625218451023101806640625">
        <ele>15</ele>
        <time>2026-08-07T16:04:31.000Z</time>
        <extensions>
          <ns3:TrackPointExtension>
            <ns3:hr>151</ns3:hr>
            <ns3:cad>88</ns3:cad>
          </ns3:TrackPointExtension>
        </extensions>
      </trkpt>
      <trkpt lat="31.34431676007807254791259765625" lon="118.35076346062123775482177734375">
        <ele>15</ele>
        <time>2026-08-07T16:04:32.000Z</time>
        <extensions>
          <ns3:TrackPointExtension>
            <ns3:hr>152</ns3:hr>
            <ns3:cad>87</ns3:cad>
          </ns3:TrackPointExtension>
        </extensions>
      </trkpt>
      <trkpt lat="31.34428507648408412933349609375" lon="118.35075859911739826202392578125">
        <ele>15</ele>
        <time>2026-08-07T16:04:33.000Z</time>
        <extensions>
          <ns3:TrackPointExtension>
            <ns3:hr>152</ns3:hr>
            <ns3:cad>86</ns3:cad>
          </ns3:TrackPointExtension>
        </extensions>
      </trkpt>
      <trkpt lat="31.34426395408809185028076171875" lon="118.3507469482719898223876953125">
        <ele>15.19999980926513671875</ele>
        <time>2026-08-07T16:04:34.000Z</time>
        <extensions>
          <ns3:TrackPointExtension>
            <ns3:hr>152</ns3:hr>
            <ns3:cad>86</ns3:cad>
          </ns3:TrackPointExtension>
        </extensions>
      </trkpt>
      <trkpt lat="31.344233192503452301025390625" lon="118.3507333695888519287109375">
        <ele>15.19999980926513671875</ele>
        <time>2026-08-07T16:04:35.000Z</time>
        <extensions>
          <ns3:TrackPointExtension>
            <ns3:hr>152</ns3:hr>
            <ns3:cad>87</ns3:cad>
          </ns3:TrackPointExtension>
        </extensions>
      </trkpt>
      <trkpt lat="31.34420695714652538299560546875" lon="118.3507191203534603118896484375">
        <ele>15.19999980926513671875</ele>
        <time>2026-08-07T16:04:36.000Z</time>
        <extensions>
          <ns3:TrackPointExtension>
            <ns3:hr>153</ns3:hr>
            <ns3:cad>87</ns3:cad>
          </ns3:TrackPointExtension>
        </extensions>
      </trkpt>
      <trkpt lat="31.34418281726539134979248046875" lon="118.3507097326219081878662109375">
        <ele>15.19999980926513671875</ele>
        <time>2026-08-07T16:04:37.000Z</time>
        <extensions>
          <ns3:TrackPointExtension>
            <ns3:hr>153</ns3:hr>
            <ns3:cad>87</ns3:cad>
          </ns3:TrackPointExtension>
        </extensions>
      </trkpt>
      <trkpt lat="31.3441525585949420928955078125" lon="118.35070143453776836395263671875">
        <ele>15.19999980926513671875</ele>
        <time>2026-08-07T16:04:38.000Z</time>
        <extensions>
          <ns3:TrackPointExtension>
            <ns3:hr>153</ns3:hr>
            <ns3:cad>87</ns3:cad>
          </ns3:TrackPointExtension>
        </extensions>
      </trkpt>
      <trkpt lat="31.34412825107574462890625" lon="118.35070185363292694091796875">
        <ele>15.19999980926513671875</ele>
        <time>2026-08-07T16:04:39.000Z</time>
        <extensions>
          <ns3:TrackPointExtension>
            <ns3:hr>154</ns3:hr>
            <ns3:cad>87</ns3:cad>
          </ns3:TrackPointExtension>
        </extensions>
      </trkpt>
      <trkpt lat="31.34409681893885135650634765625" lon="118.3507003448903560638427734375">
        <ele>15.19999980926513671875</ele>
        <time>2026-08-07T16:04:40.000Z</time>
        <extensions>
          <ns3:TrackPointExtension>
            <ns3:hr>154</ns3:hr>
            <ns3:cad>86</ns3:cad>
          </ns3:TrackPointExtension>
        </extensions>
      </trkpt>
      <trkpt lat="31.3440730981528759002685546875" lon="118.35070093162357807159423828125">
        <ele>15.19999980926513671875</ele>
        <time>2026-08-07T16:04:41.000Z</time>
        <extensions>
          <ns3:TrackPointExtension>
            <ns3:hr>154</ns3:hr>
            <ns3:cad>85</ns3:cad>
          </ns3:TrackPointExtension>
        </extensions>
      </trkpt>
      <trkpt lat="31.34403982199728488922119140625" lon="118.35070361383259296417236328125">
        <ele>15.19999980926513671875</ele>
        <time>2026-08-07T16:04:42.000Z</time>
        <extensions>
          <ns3:TrackPointExtension>
            <ns3:hr>154</ns3:hr>
            <ns3:cad>85</ns3:cad>
          </ns3:TrackPointExtension>
        </extensions>
      </trkpt>
      <trkpt lat="31.34401266463100910186767578125" lon="118.35071803070604801177978515625">
        <ele>15.3999996185302734375</ele>
        <time>2026-08-07T16:04:43.000Z</time>
        <extensions>
          <ns3:TrackPointExtension>
            <ns3:hr>154</ns3:hr>
            <ns3:cad>84</ns3:cad>
          </ns3:TrackPointExtension>
        </extensions>
      </trkpt>
      <trkpt lat="31.3439926318824291229248046875" lon="118.3507382310926914215087890625">
        <ele>15.3999996185302734375</ele>
        <time>2026-08-07T16:04:44.000Z</time>
        <extensions>
          <ns3:TrackPointExtension>
            <ns3:hr>154</ns3:hr>
            <ns3:cad>85</ns3:cad>
          </ns3:TrackPointExtension>
        </extensions>
      </trkpt>
      <trkpt lat="31.34396656416356563568115234375" lon="118.350756503641605377197265625">
        <ele>15.19999980926513671875</ele>
        <time>2026-08-07T16:04:45.000Z</time>
        <extensions>
          <ns3:TrackPointExtension>
            <ns3:hr>154</ns3:hr>
            <ns3:cad>85</ns3:cad>
          </ns3:TrackPointExtension>
        </extensions>
      </trkpt>
      <trkpt lat="31.3439503870904445648193359375" lon="118.35077159106731414794921875">
        <ele>15.19999980926513671875</ele>
        <time>2026-08-07T16:04:46.000Z</time>
        <extensions>
          <ns3:TrackPointExtension>
            <ns3:hr>155</ns3:hr>
            <ns3:cad>85</ns3:cad>
          </ns3:TrackPointExtension>
        </extensions>
      </trkpt>
      <trkpt lat="31.3439230620861053466796875" lon="118.350781314074993133544921875">
        <ele>15.19999980926513671875</ele>
        <time>2026-08-07T16:04:47.000Z</time>
        <extensions>
          <ns3:TrackPointExtension>
            <ns3:hr>155</ns3:hr>
            <ns3:cad>85</ns3:cad>
          </ns3:TrackPointExtension>
        </extensions>
      </trkpt>
      <trkpt lat="31.343903280794620513916015625" lon="118.35079145617783069610595703125">
        <ele>15</ele>
        <time>2026-08-07T16:04:48.000Z</time>
        <extensions>
          <ns3:TrackPointExtension>
            <ns3:hr>155</ns3:hr>
            <ns3:cad>85</ns3:cad>
          </ns3:TrackPointExtension>
        </extensions>
      </trkpt>
      <trkpt lat="31.34387277066707611083984375" lon="118.35079883225262165069580078125">
        <ele>15</ele>
        <time>2026-08-07T16:04:49.000Z</time>
        <extensions>
          <ns3:TrackPointExtension>
            <ns3:hr>155</ns3:hr>
            <ns3:cad>85</ns3:cad>
          </ns3:TrackPointExtension>
        </extensions>
      </trkpt>
      <trkpt lat="31.34384519420564174652099609375" lon="118.35079648531973361968994140625">
        <ele>15</ele>
        <time>2026-08-07T16:04:50.000Z</time>
        <extensions>
          <ns3:TrackPointExtension>
            <ns3:hr>155</ns3:hr>
            <ns3:cad>86</ns3:cad>
          </ns3:TrackPointExtension>
        </extensions>
      </trkpt>
      <trkpt lat="31.343817450106143951416015625" lon="118.35080134682357311248779296875">
        <ele>15</ele>
        <time>2026-08-07T16:04:51.000Z</time>
        <extensions>
          <ns3:TrackPointExtension>
            <ns3:hr>154</ns3:hr>
            <ns3:cad>86</ns3:cad>
          </ns3:TrackPointExtension>
        </extensions>
      </trkpt>
      <trkpt lat="31.343785263597965240478515625" lon="118.35079682059586048126220703125">
        <ele>15</ele>
        <time>2026-08-07T16:04:52.000Z</time>
        <extensions>
          <ns3:TrackPointExtension>
            <ns3:hr>155</ns3:hr>
            <ns3:cad>87</ns3:cad>
          </ns3:TrackPointExtension>
        </extensions>
      </trkpt>
      <trkpt lat="31.3437606208026409149169921875" lon="118.35080034099519252777099609375">
        <ele>15</ele>
        <time>2026-08-07T16:04:53.000Z</time>
        <extensions>
          <ns3:TrackPointExtension>
            <ns3:hr>154</ns3:hr>
            <ns3:cad>87</ns3:cad>
          </ns3:TrackPointExtension>
        </extensions>
      </trkpt>
      <trkpt lat="31.3437247462570667266845703125" lon="118.3507932163774967193603515625">
        <ele>15</ele>
        <time>2026-08-07T16:04:54.000Z</time>
        <extensions>
          <ns3:TrackPointExtension>
            <ns3:hr>154</ns3:hr>
            <ns3:cad>85</ns3:cad>
          </ns3:TrackPointExtension>
        </extensions>
      </trkpt>
      <trkpt lat="31.3436989299952983856201171875" lon="118.35079229436814785003662109375">
        <ele>15</ele>
        <time>2026-08-07T16:04:55.000Z</time>
        <extensions>
          <ns3:TrackPointExtension>
            <ns3:hr>154</ns3:hr>
            <ns3:cad>85</ns3:cad>
          </ns3:TrackPointExtension>
        </extensions>
      </trkpt>
      <trkpt lat="31.34366347454488277435302734375" lon="118.35078927688300609588623046875">
        <ele>15</ele>
        <time>2026-08-07T16:04:56.000Z</time>
        <extensions>
          <ns3:TrackPointExtension>
            <ns3:hr>154</ns3:hr>
            <ns3:cad>85</ns3:cad>
          </ns3:TrackPointExtension>
        </extensions>
      </trkpt>
      <trkpt lat="31.34363447315990924835205078125" lon="118.3507811464369297027587890625">
        <ele>15.19999980926513671875</ele>
        <time>2026-08-07T16:04:57.000Z</time>
        <extensions>
          <ns3:TrackPointExtension>
            <ns3:hr>154</ns3:hr>
            <ns3:cad>85</ns3:cad>
          </ns3:TrackPointExtension>
        </extensions>
      </trkpt>
      <trkpt lat="31.34360547177493572235107421875" lon="118.3507801406085491180419921875">
        <ele>15.19999980926513671875</ele>
        <time>2026-08-07T16:04:58.000Z</time>
        <extensions>
          <ns3:TrackPointExtension>
            <ns3:hr>154</ns3:hr>
            <ns3:cad>86</ns3:cad>
          </ns3:TrackPointExtension>
        </extensions>
      </trkpt>
      <trkpt lat="31.34357504546642303466796875" lon="118.35078508593142032623291015625">
        <ele>15.19999980926513671875</ele>
        <time>2026-08-07T16:04:59.000Z</time>
        <extensions>
          <ns3:TrackPointExtension>
            <ns3:hr>154</ns3:hr>
            <ns3:cad>86</ns3:cad>
          </ns3:TrackPointExtension>
        </extensions>
      </trkpt>
      <trkpt lat="31.34354780428111553192138671875" lon="118.3507972396910190582275390625">
        <ele>15.3999996185302734375</ele>
        <time>2026-08-07T16:05:00.000Z</time>
        <extensions>
          <ns3:TrackPointExtension>
            <ns3:hr>154</ns3:hr>
            <ns3:cad>86</ns3:cad>
          </ns3:TrackPointExtension>
        </extensions>
      </trkpt>
      <trkpt lat="31.34351930581033229827880859375" lon="118.350808136165142059326171875">
        <ele>15.6000003814697265625</ele>
        <time>2026-08-07T16:05:01.000Z</time>
        <extensions>
          <ns3:TrackPointExtension>
            <ns3:hr>154</ns3:hr>
            <ns3:cad>86</ns3:cad>
          </ns3:TrackPointExtension>
        </extensions>
      </trkpt>
      <trkpt lat="31.34349885396659374237060546875" lon="118.35082079283893108367919921875">
        <ele>15.6000003814697265625</ele>
        <time>2026-08-07T16:05:02.000Z</time>
        <extensions>
          <ns3:TrackPointExtension>
            <ns3:hr>155</ns3:hr>
            <ns3:cad>86</ns3:cad>
          </ns3:TrackPointExtension>
        </extensions>
      </trkpt>
      <trkpt lat="31.343468762934207916259765625" lon="118.35082431323826313018798828125">
        <ele>15.6000003814697265625</ele>
        <time>2026-08-07T16:05:03.000Z</time>
        <extensions>
          <ns3:TrackPointExtension>
            <ns3:hr>154</ns3:hr>
            <ns3:cad>86</ns3:cad>
          </ns3:TrackPointExtension>
        </extensions>
      </trkpt>
      <trkpt lat="31.3434484787285327911376953125" lon="118.3508287556469440460205078125">
        <ele>15.6000003814697265625</ele>
        <time>2026-08-07T16:05:04.000Z</time>
        <extensions>
          <ns3:TrackPointExtension>
            <ns3:hr>155</ns3:hr>
            <ns3:cad>86</ns3:cad>
          </ns3:TrackPointExtension>
        </extensions>
      </trkpt>
      <trkpt lat="31.3434161245822906494140625" lon="118.35082984529435634613037109375">
        <ele>15.6000003814697265625</ele>
        <time>2026-08-07T16:05:05.000Z</time>
        <extensions>
          <ns3:TrackPointExtension>
            <ns3:hr>155</ns3:hr>
            <ns3:cad>88</ns3:cad>
          </ns3:TrackPointExtension>
        </extensions>
      </trkpt>
      <trkpt lat="31.3433891348540782928466796875" lon="118.35082682780921459197998046875">
        <ele>15.3999996185302734375</ele>
        <time>2026-08-07T16:05:06.000Z</time>
        <extensions>
          <ns3:TrackPointExtension>
            <ns3:hr>155</ns3:hr>
            <ns3:cad>88</ns3:cad>
          </ns3:TrackPointExtension>
        </extensions>
      </trkpt>
      <trkpt lat="31.3433571159839630126953125" lon="118.3508284203708171844482421875">
        <ele>15.6000003814697265625</ele>
        <time>2026-08-07T16:05:07.000Z</time>
        <extensions>
          <ns3:TrackPointExtension>
            <ns3:hr>155</ns3:hr>
            <ns3:cad>88</ns3:cad>
          </ns3:TrackPointExtension>
        </extensions>
      </trkpt>
      <trkpt lat="31.3433249294757843017578125" lon="118.3508304320275783538818359375">
        <ele>15.6000003814697265625</ele>
        <time>2026-08-07T16:05:08.000Z</time>
        <extensions>
          <ns3:TrackPointExtension>
            <ns3:hr>155</ns3:hr>
            <ns3:cad>86</ns3:cad>
          </ns3:TrackPointExtension>
        </extensions>
      </trkpt>
      <trkpt lat="31.3433012925088405609130859375" lon="118.350839316844940185546875">
        <ele>15.6000003814697265625</ele>
        <time>2026-08-07T16:05:09.000Z</time>
        <extensions>
          <ns3:TrackPointExtension>
            <ns3:hr>155</ns3:hr>
            <ns3:cad>86</ns3:cad>
          </ns3:TrackPointExtension>
        </extensions>
      </trkpt>
      <trkpt lat="31.34326583705842494964599609375" lon="118.35084266960620880126953125">
        <ele>15.6000003814697265625</ele>
        <time>2026-08-07T16:05:10.000Z</time>
        <extensions>
          <ns3:TrackPointExtension>
            <ns3:hr>155</ns3:hr>
            <ns3:cad>86</ns3:cad>
          </ns3:TrackPointExtension>
        </extensions>
      </trkpt>
      <trkpt lat="31.3432412780821323394775390625" lon="118.35084761492908000946044921875">
        <ele>15.6000003814697265625</ele>
        <time>2026-08-07T16:05:11.000Z</time>
        <extensions>
          <ns3:TrackPointExtension>
            <ns3:hr>155</ns3:hr>
            <ns3:cad>86</ns3:cad>
          </ns3:TrackPointExtension>
        </extensions>
      </trkpt>
      <trkpt lat="31.343207247555255889892578125" lon="118.3508478663861751556396484375">
        <ele>15.6000003814697265625</ele>
        <time>2026-08-07T16:05:12.000Z</time>
        <extensions>
          <ns3:TrackPointExtension>
            <ns3:hr>155</ns3:hr>
            <ns3:cad>86</ns3:cad>
          </ns3:TrackPointExtension>
        </extensions>
      </trkpt>
      <trkpt lat="31.3431826047599315643310546875" lon="118.35084937512874603271484375">
        <ele>15.6000003814697265625</ele>
        <time>2026-08-07T16:05:13.000Z</time>
        <extensions>
          <ns3:TrackPointExtension>
            <ns3:hr>155</ns3:hr>
            <ns3:cad>86</ns3:cad>
          </ns3:TrackPointExtension>
        </extensions>
      </trkpt>
      <trkpt lat="31.3431554473936557769775390625" lon="118.3508525602519512176513671875">
        <ele>15.6000003814697265625</ele>
        <time>2026-08-07T16:05:14.000Z</time>
        <extensions>
          <ns3:TrackPointExtension>
            <ns3:hr>155</ns3:hr>
            <ns3:cad>86</ns3:cad>
          </ns3:TrackPointExtension>
        </extensions>
      </trkpt>
      <trkpt lat="31.34312418289482593536376953125" lon="118.35085314698517322540283203125">
        <ele>15.6000003814697265625</ele>
        <time>2026-08-07T16:05:15.000Z</time>
        <extensions>
          <ns3:TrackPointExtension>
            <ns3:hr>155</ns3:hr>
            <ns3:cad>86</ns3:cad>
          </ns3:TrackPointExtension>
        </extensions>
      </trkpt>
      <trkpt lat="31.343097276985645294189453125" lon="118.35086186416447162628173828125">
        <ele>15.6000003814697265625</ele>
        <time>2026-08-07T16:05:16.000Z</time>
        <extensions>
          <ns3:TrackPointExtension>
            <ns3:hr>156</ns3:hr>
            <ns3:cad>85</ns3:cad>
          </ns3:TrackPointExtension>
        </extensions>
      </trkpt>
      <trkpt lat="31.3430635817348957061767578125" lon="118.3508646301925182342529296875">
        <ele>15.3999996185302734375</ele>
        <time>2026-08-07T16:05:17.000Z</time>
        <extensions>
          <ns3:TrackPointExtension>
            <ns3:hr>155</ns3:hr>
            <ns3:cad>85</ns3:cad>
          </ns3:TrackPointExtension>
        </extensions>
      </trkpt>
      <trkpt lat="31.34303583763539791107177734375" lon="118.35087141953408718109130859375">
        <ele>15.3999996185302734375</ele>
        <time>2026-08-07T16:05:18.000Z</time>
        <extensions>
          <ns3:TrackPointExtension>
            <ns3:hr>156</ns3:hr>
            <ns3:cad>85</ns3:cad>
          </ns3:TrackPointExtension>
        </extensions>
      </trkpt>
      <trkpt lat="31.34300130419433116912841796875" lon="118.35087083280086517333984375">
        <ele>15.6000003814697265625</ele>
        <time>2026-08-07T16:05:19.000Z</time>
        <extensions>
          <ns3:TrackPointExtension>
            <ns3:hr>156</ns3:hr>
            <ns3:cad>86</ns3:cad>
          </ns3:TrackPointExtension>
        </extensions>
      </trkpt>
      <trkpt lat="31.34297431446611881256103515625" lon="118.3508699946105480194091796875">
        <ele>15.6000003814697265625</ele>
        <time>2026-08-07T16:05:20.000Z</time>
        <extensions>
          <ns3:TrackPointExtension>
            <ns3:hr>156</ns3:hr>
            <ns3:cad>86</ns3:cad>
          </ns3:TrackPointExtension>
        </extensions>
      </trkpt>
      <trkpt lat="31.34294204413890838623046875" lon="118.350872509181499481201171875">
        <ele>15.6000003814697265625</ele>
        <time>2026-08-07T16:05:21.000Z</time>
        <extensions>
          <ns3:TrackPointExtension>
            <ns3:hr>155</ns3:hr>
            <ns3:cad>87</ns3:cad>
          </ns3:TrackPointExtension>
        </extensions>
      </trkpt>
      <trkpt lat="31.3429133780300617218017578125" lon="118.3508701622486114501953125">
        <ele>15.6000003814697265625</ele>
        <time>2026-08-07T16:05:22.000Z</time>
        <extensions>
          <ns3:TrackPointExtension>
            <ns3:hr>156</ns3:hr>
            <ns3:cad>87</ns3:cad>
          </ns3:TrackPointExtension>
        </extensions>
      </trkpt>
      <trkpt lat="31.34288496337831020355224609375" lon="118.350874520838260650634765625">
        <ele>15.80000019073486328125</ele>
        <time>2026-08-07T16:05:23.000Z</time>
        <extensions>
          <ns3:TrackPointExtension>
            <ns3:hr>156</ns3:hr>
            <ns3:cad>87</ns3:cad>
          </ns3:TrackPointExtension>
        </extensions>
      </trkpt>
      <trkpt lat="31.3428536988794803619384765625" lon="118.35087309591472148895263671875">
        <ele>15.6000003814697265625</ele>
        <time>2026-08-07T16:05:24.000Z</time>
        <extensions>
          <ns3:TrackPointExtension>
            <ns3:hr>156</ns3:hr>
            <ns3:cad>85</ns3:cad>
          </ns3:TrackPointExtension>
        </extensions>
      </trkpt>
      <trkpt lat="31.34282796643674373626708984375" lon="118.35087561048567295074462890625">
        <ele>15.6000003814697265625</ele>
        <time>2026-08-07T16:05:25.000Z</time>
        <extensions>
          <ns3:TrackPointExtension>
            <ns3:hr>156</ns3:hr>
            <ns3:cad>85</ns3:cad>
          </ns3:TrackPointExtension>
        </extensions>
      </trkpt>
      <trkpt lat="31.34279427118599414825439453125" lon="118.3508773706853389739990234375">
        <ele>15.3999996185302734375</ele>
        <time>2026-08-07T16:05:26.000Z</time>
        <extensions>
          <ns3:TrackPointExtension>
            <ns3:hr>155</ns3:hr>
            <ns3:cad>84</ns3:cad>
          </ns3:TrackPointExtension>
        </extensions>
      </trkpt>
      <trkpt lat="31.342770718038082122802734375" lon="118.3508797176182270050048828125">
        <ele>15.3999996185302734375</ele>
        <time>2026-08-07T16:05:27.000Z</time>
        <extensions>
          <ns3:TrackPointExtension>
            <ns3:hr>156</ns3:hr>
            <ns3:cad>84</ns3:cad>
          </ns3:TrackPointExtension>
        </extensions>
      </trkpt>
      <trkpt lat="31.34273844771087169647216796875" lon="118.3508808910846710205078125">
        <ele>15.3999996185302734375</ele>
        <time>2026-08-07T16:05:28.000Z</time>
        <extensions>
          <ns3:TrackPointExtension>
            <ns3:hr>156</ns3:hr>
            <ns3:cad>85</ns3:cad>
          </ns3:TrackPointExtension>
        </extensions>
      </trkpt>
      <trkpt lat="31.34270869195461273193359375" lon="118.3508808910846710205078125">
        <ele>15.3999996185302734375</ele>
        <time>2026-08-07T16:05:29.000Z</time>
        <extensions>
          <ns3:TrackPointExtension>
            <ns3:hr>156</ns3:hr>
            <ns3:cad>86</ns3:cad>
          </ns3:TrackPointExtension>
        </extensions>
      </trkpt>
      <trkpt lat="31.342679522931575775146484375" lon="118.35088449530303478240966796875">
        <ele>15.6000003814697265625</ele>
        <time>2026-08-07T16:05:30.000Z</time>
        <extensions>
          <ns3:TrackPointExtension>
            <ns3:hr>156</ns3:hr>
            <ns3:cad>86</ns3:cad>
          </ns3:TrackPointExtension>
        </extensions>
      </trkpt>
      <trkpt lat="31.342649348080158233642578125" lon="118.35088332183659076690673828125">
        <ele>15.6000003814697265625</ele>
        <time>2026-08-07T16:05:31.000Z</time>
        <extensions>
          <ns3:TrackPointExtension>
            <ns3:hr>156</ns3:hr>
            <ns3:cad>86</ns3:cad>
          </ns3:TrackPointExtension>
        </extensions>
      </trkpt>
      <trkpt lat="31.34262478910386562347412109375" lon="118.35088533349335193634033203125">
        <ele>15.6000003814697265625</ele>
        <time>2026-08-07T16:05:32.000Z</time>
        <extensions>
          <ns3:TrackPointExtension>
            <ns3:hr>156</ns3:hr>
            <ns3:cad>86</ns3:cad>
          </ns3:TrackPointExtension>
        </extensions>
      </trkpt>
      <trkpt lat="31.342593692243099212646484375" lon="118.35088248364627361297607421875">
        <ele>15.80000019073486328125</ele>
        <time>2026-08-07T16:05:33.000Z</time>
        <extensions>
          <ns3:TrackPointExtension>
            <ns3:hr>157</ns3:hr>
            <ns3:cad>86</ns3:cad>
          </ns3:TrackPointExtension>
        </extensions>
      </trkpt>
      <trkpt lat="31.34257064200937747955322265625" lon="118.35088784806430339813232421875">
        <ele>15.80000019073486328125</ele>
        <time>2026-08-07T16:05:34.000Z</time>
        <extensions>
          <ns3:TrackPointExtension>
            <ns3:hr>157</ns3:hr>
            <ns3:cad>87</ns3:cad>
          </ns3:TrackPointExtension>
        </extensions>
      </trkpt>
      <trkpt lat="31.34253677912056446075439453125" lon="118.350887596607208251953125">
        <ele>15.80000019073486328125</ele>
        <time>2026-08-07T16:05:35.000Z</time>
        <extensions>
          <ns3:TrackPointExtension>
            <ns3:hr>157</ns3:hr>
            <ns3:cad>87</ns3:cad>
          </ns3:TrackPointExtension>
        </extensions>
      </trkpt>
      <trkpt lat="31.34250878356397151947021484375" lon="118.35089027881622314453125">
        <ele>15.80000019073486328125</ele>
        <time>2026-08-07T16:05:36.000Z</time>
        <extensions>
          <ns3:TrackPointExtension>
            <ns3:hr>156</ns3:hr>
            <ns3:cad>87</ns3:cad>
          </ns3:TrackPointExtension>
        </extensions>
      </trkpt>
      <trkpt lat="31.34247508831322193145751953125" lon="118.35089371539652347564697265625">
        <ele>15.80000019073486328125</ele>
        <time>2026-08-07T16:05:37.000Z</time>
        <extensions>
          <ns3:TrackPointExtension>
            <ns3:hr>157</ns3:hr>
            <ns3:cad>87</ns3:cad>
          </ns3:TrackPointExtension>
        </extensions>
      </trkpt>
      <trkpt lat="31.342446841299533843994140625" lon="118.35089824162423610687255859375">
        <ele>16</ele>
        <time>2026-08-07T16:05:38.000Z</time>
        <extensions>
          <ns3:TrackPointExtension>
            <ns3:hr>157</ns3:hr>
            <ns3:cad>86</ns3:cad>
          </ns3:TrackPointExtension>
        </extensions>
      </trkpt>
      <trkpt lat="31.34242077358067035675048828125" lon="118.35090561769902706146240234375">
        <ele>16</ele>
        <time>2026-08-07T16:05:39.000Z</time>
        <extensions>
          <ns3:TrackPointExtension>
            <ns3:hr>157</ns3:hr>
            <ns3:cad>86</ns3:cad>
          </ns3:TrackPointExtension>
        </extensions>
      </trkpt>
      <trkpt lat="31.342387162148952484130859375" lon="118.35090679116547107696533203125">
        <ele>16</ele>
        <time>2026-08-07T16:05:40.000Z</time>
        <extensions>
          <ns3:TrackPointExtension>
            <ns3:hr>157</ns3:hr>
            <ns3:cad>86</ns3:cad>
          </ns3:TrackPointExtension>
        </extensions>
      </trkpt>
      <trkpt lat="31.34236277081072330474853515625" lon="118.35091332904994487762451171875">
        <ele>16.200000762939453125</ele>
        <time>2026-08-07T16:05:41.000Z</time>
        <extensions>
          <ns3:TrackPointExtension>
            <ns3:hr>157</ns3:hr>
            <ns3:cad>86</ns3:cad>
          </ns3:TrackPointExtension>
        </extensions>
      </trkpt>
      <trkpt lat="31.3423253037035465240478515625" lon="118.35091240704059600830078125">
        <ele>16</ele>
        <time>2026-08-07T16:05:42.000Z</time>
        <extensions>
          <ns3:TrackPointExtension>
            <ns3:hr>157</ns3:hr>
            <ns3:cad>86</ns3:cad>
          </ns3:TrackPointExtension>
        </extensions>
      </trkpt>
      <trkpt lat="31.342299319803714752197265625" lon="118.35091936402022838592529296875">
        <ele>16</ele>
        <time>2026-08-07T16:05:43.000Z</time>
        <extensions>
          <ns3:TrackPointExtension>
            <ns3:hr>156</ns3:hr>
            <ns3:cad>86</ns3:cad>
          </ns3:TrackPointExtension>
        </extensions>
      </trkpt>
      <trkpt lat="31.34226285852491855621337890625" lon="118.35092179477214813232421875">
        <ele>16</ele>
        <time>2026-08-07T16:05:44.000Z</time>
        <extensions>
          <ns3:TrackPointExtension>
            <ns3:hr>157</ns3:hr>
            <ns3:cad>86</ns3:cad>
          </ns3:TrackPointExtension>
        </extensions>
      </trkpt>
      <trkpt lat="31.34223402477800846099853515625" lon="118.350922130048274993896484375">
        <ele>16</ele>
        <time>2026-08-07T16:05:45.000Z</time>
        <extensions>
          <ns3:TrackPointExtension>
            <ns3:hr>157</ns3:hr>
            <ns3:cad>86</ns3:cad>
          </ns3:TrackPointExtension>
        </extensions>
      </trkpt>
      <trkpt lat="31.34220309555530548095703125" lon="118.35092724300920963287353515625">
        <ele>16</ele>
        <time>2026-08-07T16:05:46.000Z</time>
        <extensions>
          <ns3:TrackPointExtension>
            <ns3:hr>157</ns3:hr>
            <ns3:cad>86</ns3:cad>
          </ns3:TrackPointExtension>
        </extensions>
      </trkpt>
      <trkpt lat="31.34217082522809505462646484375" lon="118.35092984139919281005859375">
        <ele>16</ele>
        <time>2026-08-07T16:05:47.000Z</time>
        <extensions>
          <ns3:TrackPointExtension>
            <ns3:hr>157</ns3:hr>
            <ns3:cad>86</ns3:cad>
          </ns3:TrackPointExtension>
        </extensions>
      </trkpt>
      <trkpt lat="31.34214383549988269805908203125" lon="118.350937552750110626220703125">
        <ele>16</ele>
        <time>2026-08-07T16:05:48.000Z</time>
        <extensions>
          <ns3:TrackPointExtension>
            <ns3:hr>157</ns3:hr>
            <ns3:cad>86</ns3:cad>
          </ns3:TrackPointExtension>
        </extensions>
      </trkpt>
      <trkpt lat="31.34211064316332340240478515625" lon="118.35093998350203037261962890625">
        <ele>15.80000019073486328125</ele>
        <time>2026-08-07T16:05:49.000Z</time>
        <extensions>
          <ns3:TrackPointExtension>
            <ns3:hr>157</ns3:hr>
            <ns3:cad>87</ns3:cad>
          </ns3:TrackPointExtension>
        </extensions>
      </trkpt>
      <trkpt lat="31.34208935312926769256591796875" lon="118.35094551555812358856201171875">
        <ele>15.80000019073486328125</ele>
        <time>2026-08-07T16:05:50.000Z</time>
        <extensions>
          <ns3:TrackPointExtension>
            <ns3:hr>157</ns3:hr>
            <ns3:cad>87</ns3:cad>
          </ns3:TrackPointExtension>
        </extensions>
      </trkpt>
      <trkpt lat="31.34205716662108898162841796875" lon="118.3509494550526142120361328125">
        <ele>15.80000019073486328125</ele>
        <time>2026-08-07T16:05:51.000Z</time>
        <extensions>
          <ns3:TrackPointExtension>
            <ns3:hr>157</ns3:hr>
            <ns3:cad>87</ns3:cad>
          </ns3:TrackPointExtension>
        </extensions>
      </trkpt>
      <trkpt lat="31.3420321047306060791015625" lon="118.3509479463100433349609375">
        <ele>15.80000019073486328125</ele>
        <time>2026-08-07T16:05:52.000Z</time>
        <extensions>
          <ns3:TrackPointExtension>
            <ns3:hr>158</ns3:hr>
            <ns3:cad>87</ns3:cad>
          </ns3:TrackPointExtension>
        </extensions>
      </trkpt>
      <trkpt lat="31.3419987447559833526611328125" lon="118.3509497903287410736083984375">
        <ele>15.80000019073486328125</ele>
        <time>2026-08-07T16:05:53.000Z</time>
        <extensions>
          <ns3:TrackPointExtension>
            <ns3:hr>158</ns3:hr>
            <ns3:cad>87</ns3:cad>
          </ns3:TrackPointExtension>
        </extensions>
      </trkpt>
      <trkpt lat="31.34196798317134380340576171875" lon="118.35094819776713848114013671875">
        <ele>15.80000019073486328125</ele>
        <time>2026-08-07T16:05:54.000Z</time>
        <extensions>
          <ns3:TrackPointExtension>
            <ns3:hr>158</ns3:hr>
            <ns3:cad>86</ns3:cad>
          </ns3:TrackPointExtension>
        </extensions>
      </trkpt>
      <trkpt lat="31.3419435918331146240234375" lon="118.3509578369557857513427734375">
        <ele>15.80000019073486328125</ele>
        <time>2026-08-07T16:05:55.000Z</time>
        <extensions>
          <ns3:TrackPointExtension>
            <ns3:hr>158</ns3:hr>
            <ns3:cad>86</ns3:cad>
          </ns3:TrackPointExtension>
        </extensions>
      </trkpt>
      <trkpt lat="31.34191517718136310577392578125" lon="118.35096026770770549774169921875">
        <ele>15.6000003814697265625</ele>
        <time>2026-08-07T16:05:56.000Z</time>
        <extensions>
          <ns3:TrackPointExtension>
            <ns3:hr>157</ns3:hr>
            <ns3:cad>87</ns3:cad>
          </ns3:TrackPointExtension>
        </extensions>
      </trkpt>
      <trkpt lat="31.34188718162477016448974609375" lon="118.35096512921154499053955078125">
        <ele>15.6000003814697265625</ele>
        <time>2026-08-07T16:05:57.000Z</time>
        <extensions>
          <ns3:TrackPointExtension>
            <ns3:hr>158</ns3:hr>
            <ns3:cad>87</ns3:cad>
          </ns3:TrackPointExtension>
        </extensions>
      </trkpt>
      <trkpt lat="31.3418552465736865997314453125" lon="118.35096663795411586761474609375">
        <ele>15.3999996185302734375</ele>
        <time>2026-08-07T16:05:58.000Z</time>
        <extensions>
          <ns3:TrackPointExtension>
            <ns3:hr>158</ns3:hr>
            <ns3:cad>87</ns3:cad>
          </ns3:TrackPointExtension>
        </extensions>
      </trkpt>
      <trkpt lat="31.3418337889015674591064453125" lon="118.3509752713143825531005859375">
        <ele>15.3999996185302734375</ele>
        <time>2026-08-07T16:05:59.000Z</time>
        <extensions>
          <ns3:TrackPointExtension>
            <ns3:hr>158</ns3:hr>
            <ns3:cad>86</ns3:cad>
          </ns3:TrackPointExtension>
        </extensions>
      </trkpt>
      <trkpt lat="31.3417995907366275787353515625" lon="118.35098273120820522308349609375">
        <ele>15.3999996185302734375</ele>
        <time>2026-08-07T16:06:00.000Z</time>
        <extensions>
          <ns3:TrackPointExtension>
            <ns3:hr>158</ns3:hr>
            <ns3:cad>86</ns3:cad>
          </ns3:TrackPointExtension>
        </extensions>
      </trkpt>
      <trkpt lat="31.34177050553262233734130859375" lon="118.350984156131744384765625">
        <ele>15.3999996185302734375</ele>
        <time>2026-08-07T16:06:01.000Z</time>
        <extensions>
          <ns3:TrackPointExtension>
            <ns3:hr>158</ns3:hr>
            <ns3:cad>86</ns3:cad>
          </ns3:TrackPointExtension>
        </extensions>
      </trkpt>
      <trkpt lat="31.34174133650958538055419921875" lon="118.35098910145461559295654296875">
        <ele>15.3999996185302734375</ele>
        <time>2026-08-07T16:06:02.000Z</time>
        <extensions>
          <ns3:TrackPointExtension>
            <ns3:hr>158</ns3:hr>
            <ns3:cad>86</ns3:cad>
          </ns3:TrackPointExtension>
        </extensions>
      </trkpt>
      <trkpt lat="31.3417130894958972930908203125" lon="118.35098725743591785430908203125">
        <ele>15.6000003814697265625</ele>
        <time>2026-08-07T16:06:03.000Z</time>
        <extensions>
          <ns3:TrackPointExtension>
            <ns3:hr>157</ns3:hr>
            <ns3:cad>87</ns3:cad>
          </ns3:TrackPointExtension>
        </extensions>
      </trkpt>
      <trkpt lat="31.3416874408721923828125" lon="118.3509980700910091400146484375">
        <ele>15.6000003814697265625</ele>
        <time>2026-08-07T16:06:04.000Z</time>
        <extensions>
          <ns3:TrackPointExtension>
            <ns3:hr>158</ns3:hr>
            <ns3:cad>87</ns3:cad>
          </ns3:TrackPointExtension>
        </extensions>
      </trkpt>
      <trkpt lat="31.341658942401409149169921875" lon="118.35099547170102596282958984375">
        <ele>15.6000003814697265625</ele>
        <time>2026-08-07T16:06:05.000Z</time>
        <extensions>
          <ns3:TrackPointExtension>
            <ns3:hr>157</ns3:hr>
            <ns3:cad>87</ns3:cad>
          </ns3:TrackPointExtension>
        </extensions>
      </trkpt>
      <trkpt lat="31.34163471870124340057373046875" lon="118.35100335069000720977783203125">
        <ele>15.6000003814697265625</ele>
        <time>2026-08-07T16:06:06.000Z</time>
        <extensions>
          <ns3:TrackPointExtension>
            <ns3:hr>157</ns3:hr>
            <ns3:cad>86</ns3:cad>
          </ns3:TrackPointExtension>
        </extensions>
      </trkpt>
      <trkpt lat="31.3416041247546672821044921875" lon="118.35100318305194377899169921875">
        <ele>15.6000003814697265625</ele>
        <time>2026-08-07T16:06:07.000Z</time>
        <extensions>
          <ns3:TrackPointExtension>
            <ns3:hr>157</ns3:hr>
            <ns3:cad>86</ns3:cad>
          </ns3:TrackPointExtension>
        </extensions>
      </trkpt>
      <trkpt lat="31.341581828892230987548828125" lon="118.35100268013775348663330078125">
        <ele>15.80000019073486328125</ele>
        <time>2026-08-07T16:06:08.000Z</time>
        <extensions>
          <ns3:TrackPointExtension>
            <ns3:hr>157</ns3:hr>
            <ns3:cad>86</ns3:cad>
          </ns3:TrackPointExtension>
        </extensions>
      </trkpt>
      <trkpt lat="31.3415546715259552001953125" lon="118.35100502707064151763916015625">
        <ele>15.80000019073486328125</ele>
        <time>2026-08-07T16:06:09.000Z</time>
        <extensions>
          <ns3:TrackPointExtension>
            <ns3:hr>157</ns3:hr>
            <ns3:cad>86</ns3:cad>
          </ns3:TrackPointExtension>
        </extensions>
      </trkpt>
      <trkpt lat="31.3415276817977428436279296875" lon="118.35100569762289524078369140625">
        <ele>15.80000019073486328125</ele>
        <time>2026-08-07T16:06:10.000Z</time>
        <extensions>
          <ns3:TrackPointExtension>
            <ns3:hr>158</ns3:hr>
            <ns3:cad>86</ns3:cad>
          </ns3:TrackPointExtension>
        </extensions>
      </trkpt>
      <trkpt lat="31.34149658493697643280029296875" lon="118.3510148338973522186279296875">
        <ele>15.80000019073486328125</ele>
        <time>2026-08-07T16:06:11.000Z</time>
        <extensions>
          <ns3:TrackPointExtension>
            <ns3:hr>157</ns3:hr>
            <ns3:cad>86</ns3:cad>
          </ns3:TrackPointExtension>
        </extensions>
      </trkpt>
      <trkpt lat="31.34146221913397312164306640625" lon="118.35101692937314510345458984375">
        <ele>15.80000019073486328125</ele>
        <time>2026-08-07T16:06:12.000Z</time>
        <extensions>
          <ns3:TrackPointExtension>
            <ns3:hr>157</ns3:hr>
            <ns3:cad>86</ns3:cad>
          </ns3:TrackPointExtension>
        </extensions>
      </trkpt>
      <trkpt lat="31.34143707342445850372314453125" lon="118.35102598182857036590576171875">
        <ele>15.80000019073486328125</ele>
        <time>2026-08-07T16:06:13.000Z</time>
        <extensions>
          <ns3:TrackPointExtension>
            <ns3:hr>157</ns3:hr>
            <ns3:cad>86</ns3:cad>
          </ns3:TrackPointExtension>
        </extensions>
      </trkpt>
      <trkpt lat="31.3414006121456623077392578125" lon="118.351026065647602081298828125">
        <ele>15.6000003814697265625</ele>
        <time>2026-08-07T16:06:14.000Z</time>
        <extensions>
          <ns3:TrackPointExtension>
            <ns3:hr>157</ns3:hr>
            <ns3:cad>86</ns3:cad>
          </ns3:TrackPointExtension>
        </extensions>
      </trkpt>
      <trkpt lat="31.34137337096035480499267578125" lon="118.3510310947895050048828125">
        <ele>15.6000003814697265625</ele>
        <time>2026-08-07T16:06:15.000Z</time>
        <extensions>
          <ns3:TrackPointExtension>
            <ns3:hr>156</ns3:hr>
            <ns3:cad>86</ns3:cad>
          </ns3:TrackPointExtension>
        </extensions>
      </trkpt>
      <trkpt lat="31.34134118445217609405517578125" lon="118.351031430065631866455078125">
        <ele>15.6000003814697265625</ele>
        <time>2026-08-07T16:06:16.000Z</time>
        <extensions>
          <ns3:TrackPointExtension>
            <ns3:hr>156</ns3:hr>
            <ns3:cad>86</ns3:cad>
          </ns3:TrackPointExtension>
        </extensions>
      </trkpt>
      <trkpt lat="31.3413127698004245758056640625" lon="118.3510275743901729583740234375">
        <ele>15.6000003814697265625</ele>
        <time>2026-08-07T16:06:17.000Z</time>
        <extensions>
          <ns3:TrackPointExtension>
            <ns3:hr>156</ns3:hr>
            <ns3:cad>86</ns3:cad>
          </ns3:TrackPointExtension>
        </extensions>
      </trkpt>
      <trkpt lat="31.34128385223448276519775390625" lon="118.35103017278015613555908203125">
        <ele>15.3999996185302734375</ele>
        <time>2026-08-07T16:06:18.000Z</time>
        <extensions>
          <ns3:TrackPointExtension>
            <ns3:hr>156</ns3:hr>
            <ns3:cad>86</ns3:cad>
          </ns3:TrackPointExtension>
        </extensions>
      </trkpt>
      <trkpt lat="31.34125283919274806976318359375" lon="118.3510257303714752197265625">
        <ele>15.3999996185302734375</ele>
        <time>2026-08-07T16:06:19.000Z</time>
        <extensions>
          <ns3:TrackPointExtension>
            <ns3:hr>156</ns3:hr>
            <ns3:cad>85</ns3:cad>
          </ns3:TrackPointExtension>
        </extensions>
      </trkpt>
      <trkpt lat="31.34122811257839202880859375" lon="118.35102966986596584320068359375">
        <ele>15.3999996185302734375</ele>
        <time>2026-08-07T16:06:20.000Z</time>
        <extensions>
          <ns3:TrackPointExtension>
            <ns3:hr>156</ns3:hr>
            <ns3:cad>85</ns3:cad>
          </ns3:TrackPointExtension>
        </extensions>
      </trkpt>
      <trkpt lat="31.34119383059442043304443359375" lon="118.35102103650569915771484375">
        <ele>15.3999996185302734375</ele>
        <time>2026-08-07T16:06:21.000Z</time>
        <extensions>
          <ns3:TrackPointExtension>
            <ns3:hr>156</ns3:hr>
            <ns3:cad>85</ns3:cad>
          </ns3:TrackPointExtension>
        </extensions>
      </trkpt>
      <trkpt lat="31.34116684086620807647705078125" lon="118.35102179087698459625244140625">
        <ele>15.3999996185302734375</ele>
        <time>2026-08-07T16:06:22.000Z</time>
        <extensions>
          <ns3:TrackPointExtension>
            <ns3:hr>156</ns3:hr>
            <ns3:cad>85</ns3:cad>
          </ns3:TrackPointExtension>
        </extensions>
      </trkpt>
      <trkpt lat="31.341139934957027435302734375" lon="118.3510248921811580657958984375">
        <ele>15.3999996185302734375</ele>
        <time>2026-08-07T16:06:23.000Z</time>
        <extensions>
          <ns3:TrackPointExtension>
            <ns3:hr>156</ns3:hr>
            <ns3:cad>85</ns3:cad>
          </ns3:TrackPointExtension>
        </extensions>
      </trkpt>
      <trkpt lat="31.341109089553356170654296875" lon="118.35103184916079044342041015625">
        <ele>15.3999996185302734375</ele>
        <time>2026-08-07T16:06:24.000Z</time>
        <extensions>
          <ns3:TrackPointExtension>
            <ns3:hr>157</ns3:hr>
            <ns3:cad>85</ns3:cad>
          </ns3:TrackPointExtension>
        </extensions>
      </trkpt>
      <trkpt lat="31.34108469821512699127197265625" lon="118.35104157216846942901611328125">
        <ele>15.3999996185302734375</ele>
        <time>2026-08-07T16:06:25.000Z</time>
        <extensions>
          <ns3:TrackPointExtension>
            <ns3:hr>156</ns3:hr>
            <ns3:cad>85</ns3:cad>
          </ns3:TrackPointExtension>
        </extensions>
      </trkpt>
      <trkpt lat="31.34105108678340911865234375" lon="118.35104173980653285980224609375">
        <ele>15.3999996185302734375</ele>
        <time>2026-08-07T16:06:26.000Z</time>
        <extensions>
          <ns3:TrackPointExtension>
            <ns3:hr>156</ns3:hr>
            <ns3:cad>85</ns3:cad>
          </ns3:TrackPointExtension>
        </extensions>
      </trkpt>
      <trkpt lat="31.34102426469326019287109375" lon="118.351046182215213775634765625">
        <ele>15.19999980926513671875</ele>
        <time>2026-08-07T16:06:27.000Z</time>
        <extensions>
          <ns3:TrackPointExtension>
            <ns3:hr>155</ns3:hr>
            <ns3:cad>85</ns3:cad>
          </ns3:TrackPointExtension>
        </extensions>
      </trkpt>
      <trkpt lat="31.34099048562347888946533203125" lon="118.35104785859584808349609375">
        <ele>15.19999980926513671875</ele>
        <time>2026-08-07T16:06:28.000Z</time>
        <extensions>
          <ns3:TrackPointExtension>
            <ns3:hr>155</ns3:hr>
            <ns3:cad>85</ns3:cad>
          </ns3:TrackPointExtension>
        </extensions>
      </trkpt>
      <trkpt lat="31.34096131660044193267822265625" lon="118.351048193871974945068359375">
        <ele>15.19999980926513671875</ele>
        <time>2026-08-07T16:06:29.000Z</time>
        <extensions>
          <ns3:TrackPointExtension>
            <ns3:hr>155</ns3:hr>
            <ns3:cad>85</ns3:cad>
          </ns3:TrackPointExtension>
        </extensions>
      </trkpt>
      <trkpt lat="31.3409350812435150146484375" lon="118.35105297155678272247314453125">
        <ele>15.19999980926513671875</ele>
        <time>2026-08-07T16:06:30.000Z</time>
        <extensions>
          <ns3:TrackPointExtension>
            <ns3:hr>155</ns3:hr>
            <ns3:cad>84</ns3:cad>
          </ns3:TrackPointExtension>
        </extensions>
      </trkpt>
      <trkpt lat="31.34090750478208065032958984375" lon="118.35104341618716716766357421875">
        <ele>15.19999980926513671875</ele>
        <time>2026-08-07T16:06:31.000Z</time>
        <extensions>
          <ns3:TrackPointExtension>
            <ns3:hr>155</ns3:hr>
            <ns3:cad>84</ns3:cad>
          </ns3:TrackPointExtension>
        </extensions>
      </trkpt>
      <trkpt lat="31.3408841192722320556640625" lon="118.35103319026529788970947265625">
        <ele>15.19999980926513671875</ele>
        <time>2026-08-07T16:06:32.000Z</time>
        <extensions>
          <ns3:TrackPointExtension>
            <ns3:hr>155</ns3:hr>
            <ns3:cad>84</ns3:cad>
          </ns3:TrackPointExtension>
        </extensions>
      </trkpt>
      <trkpt lat="31.3408584706485271453857421875" lon="118.35102128796279430389404296875">
        <ele>15.19999980926513671875</ele>
        <time>2026-08-07T16:06:33.000Z</time>
        <extensions>
          <ns3:TrackPointExtension>
            <ns3:hr>155</ns3:hr>
            <ns3:cad>85</ns3:cad>
          </ns3:TrackPointExtension>
        </extensions>
      </trkpt>
      <trkpt lat="31.34083391167223453521728515625" lon="118.35100871510803699493408203125">
        <ele>15.19999980926513671875</ele>
        <time>2026-08-07T16:06:34.000Z</time>
        <extensions>
          <ns3:TrackPointExtension>
            <ns3:hr>156</ns3:hr>
            <ns3:cad>85</ns3:cad>
          </ns3:TrackPointExtension>
        </extensions>
      </trkpt>
      <trkpt lat="31.34080708958208560943603515625" lon="118.350999243557453155517578125">
        <ele>15.19999980926513671875</ele>
        <time>2026-08-07T16:06:35.000Z</time>
        <extensions>
          <ns3:TrackPointExtension>
            <ns3:hr>156</ns3:hr>
            <ns3:cad>86</ns3:cad>
          </ns3:TrackPointExtension>
        </extensions>
      </trkpt>
      <trkpt lat="31.34077725000679492950439453125" lon="118.35098071955144405364990234375">
        <ele>15.19999980926513671875</ele>
        <time>2026-08-07T16:06:36.000Z</time>
        <extensions>
          <ns3:TrackPointExtension>
            <ns3:hr>156</ns3:hr>
            <ns3:cad>86</ns3:cad>
          </ns3:TrackPointExtension>
        </extensions>
      </trkpt>
      <trkpt lat="31.34074791334569454193115234375" lon="118.35097652859985828399658203125">
        <ele>15.19999980926513671875</ele>
        <time>2026-08-07T16:06:37.000Z</time>
        <extensions>
          <ns3:TrackPointExtension>
            <ns3:hr>155</ns3:hr>
            <ns3:cad>86</ns3:cad>
          </ns3:TrackPointExtension>
        </extensions>
      </trkpt>
      <trkpt lat="31.34071371518075466156005859375" lon="118.35096697323024272918701171875">
        <ele>15.19999980926513671875</ele>
        <time>2026-08-07T16:06:38.000Z</time>
        <extensions>
          <ns3:TrackPointExtension>
            <ns3:hr>155</ns3:hr>
            <ns3:cad>85</ns3:cad>
          </ns3:TrackPointExtension>
        </extensions>
      </trkpt>
      <trkpt lat="31.3406861387193202972412109375" lon="118.35095875896513462066650390625">
        <ele>15.19999980926513671875</ele>
        <time>2026-08-07T16:06:39.000Z</time>
        <extensions>
          <ns3:TrackPointExtension>
            <ns3:hr>155</ns3:hr>
            <ns3:cad>85</ns3:cad>
          </ns3:TrackPointExtension>
        </extensions>
      </trkpt>
      <trkpt lat="31.34065546095371246337890625" lon="118.3509588427841663360595703125">
        <ele>15.19999980926513671875</ele>
        <time>2026-08-07T16:06:40.000Z</time>
        <extensions>
          <ns3:TrackPointExtension>
            <ns3:hr>155</ns3:hr>
            <ns3:cad>86</ns3:cad>
          </ns3:TrackPointExtension>
        </extensions>
      </trkpt>
      <trkpt lat="31.34062704630196094512939453125" lon="118.350970745086669921875">
        <ele>15.19999980926513671875</ele>
        <time>2026-08-07T16:06:41.000Z</time>
        <extensions>
          <ns3:TrackPointExtension>
            <ns3:hr>155</ns3:hr>
            <ns3:cad>86</ns3:cad>
          </ns3:TrackPointExtension>
        </extensions>
      </trkpt>
      <trkpt lat="31.34059754200279712677001953125" lon="118.350984491407871246337890625">
        <ele>15.19999980926513671875</ele>
        <time>2026-08-07T16:06:42.000Z</time>
        <extensions>
          <ns3:TrackPointExtension>
            <ns3:hr>155</ns3:hr>
            <ns3:cad>86</ns3:cad>
          </ns3:TrackPointExtension>
        </extensions>
      </trkpt>
      <trkpt lat="31.3405691273510456085205078125" lon="118.35100620053708553314208984375">
        <ele>15.19999980926513671875</ele>
        <time>2026-08-07T16:06:43.000Z</time>
        <extensions>
          <ns3:TrackPointExtension>
            <ns3:hr>156</ns3:hr>
            <ns3:cad>86</ns3:cad>
          </ns3:TrackPointExtension>
        </extensions>
      </trkpt>
      <trkpt lat="31.3405461609363555908203125" lon="118.35102665238082408905029296875">
        <ele>15.19999980926513671875</ele>
        <time>2026-08-07T16:06:44.000Z</time>
        <extensions>
          <ns3:TrackPointExtension>
            <ns3:hr>155</ns3:hr>
            <ns3:cad>85</ns3:cad>
          </ns3:TrackPointExtension>
        </extensions>
      </trkpt>
      <trkpt lat="31.34052026085555553436279296875" lon="118.3510530553758144378662109375">
        <ele>15.3999996185302734375</ele>
        <time>2026-08-07T16:06:45.000Z</time>
        <extensions>
          <ns3:TrackPointExtension>
            <ns3:hr>155</ns3:hr>
            <ns3:cad>85</ns3:cad>
          </ns3:TrackPointExtension>
        </extensions>
      </trkpt>
      <trkpt lat="31.340504586696624755859375" lon="118.35107509978115558624267578125">
        <ele>15.3999996185302734375</ele>
        <time>2026-08-07T16:06:46.000Z</time>
        <extensions>
          <ns3:TrackPointExtension>
            <ns3:hr>155</ns3:hr>
            <ns3:cad>85</ns3:cad>
          </ns3:TrackPointExtension>
        </extensions>
      </trkpt>
      <trkpt lat="31.34048488922417163848876953125" lon="118.35111147724092006683349609375">
        <ele>15.6000003814697265625</ele>
        <time>2026-08-07T16:06:47.000Z</time>
        <extensions>
          <ns3:TrackPointExtension>
            <ns3:hr>155</ns3:hr>
            <ns3:cad>85</ns3:cad>
          </ns3:TrackPointExtension>
        </extensions>
      </trkpt>
      <trkpt lat="31.340469382703304290771484375" lon="118.35113695822656154632568359375">
        <ele>15.6000003814697265625</ele>
        <time>2026-08-07T16:06:48.000Z</time>
        <extensions>
          <ns3:TrackPointExtension>
            <ns3:hr>155</ns3:hr>
            <ns3:cad>86</ns3:cad>
          </ns3:TrackPointExtension>
        </extensions>
      </trkpt>
      <trkpt lat="31.34044624865055084228515625" lon="118.35116922855377197265625">
        <ele>15.3999996185302734375</ele>
        <time>2026-08-07T16:06:49.000Z</time>
        <extensions>
          <ns3:TrackPointExtension>
            <ns3:hr>155</ns3:hr>
            <ns3:cad>86</ns3:cad>
          </ns3:TrackPointExtension>
        </extensions>
      </trkpt>
      <trkpt lat="31.34042319841682910919189453125" lon="118.3511947095394134521484375">
        <ele>15.3999996185302734375</ele>
        <time>2026-08-07T16:06:50.000Z</time>
        <extensions>
          <ns3:TrackPointExtension>
            <ns3:hr>156</ns3:hr>
            <ns3:cad>86</ns3:cad>
          </ns3:TrackPointExtension>
        </extensions>
      </trkpt>
      <trkpt lat="31.3404040038585662841796875" lon="118.3512176759541034698486328125">
        <ele>15.3999996185302734375</ele>
        <time>2026-08-07T16:06:51.000Z</time>
        <extensions>
          <ns3:TrackPointExtension>
            <ns3:hr>155</ns3:hr>
            <ns3:cad>86</ns3:cad>
          </ns3:TrackPointExtension>
        </extensions>
      </trkpt>
      <trkpt lat="31.34037542156875133514404296875" lon="118.3512367866933345794677734375">
        <ele>15.3999996185302734375</ele>
        <time>2026-08-07T16:06:52.000Z</time>
        <extensions>
          <ns3:TrackPointExtension>
            <ns3:hr>155</ns3:hr>
            <ns3:cad>86</ns3:cad>
          </ns3:TrackPointExtension>
        </extensions>
      </trkpt>
      <trkpt lat="31.34035505354404449462890625" lon="118.3512537181377410888671875">
        <ele>15.3999996185302734375</ele>
        <time>2026-08-07T16:06:53.000Z</time>
        <extensions>
          <ns3:TrackPointExtension>
            <ns3:hr>155</ns3:hr>
            <ns3:cad>86</ns3:cad>
          </ns3:TrackPointExtension>
        </extensions>
      </trkpt>
      <trkpt lat="31.3403235375881195068359375" lon="118.35126520134508609771728515625">
        <ele>15.3999996185302734375</ele>
        <time>2026-08-07T16:06:54.000Z</time>
        <extensions>
          <ns3:TrackPointExtension>
            <ns3:hr>156</ns3:hr>
            <ns3:cad>86</ns3:cad>
          </ns3:TrackPointExtension>
        </extensions>
      </trkpt>
      <trkpt lat="31.34030006825923919677734375" lon="118.35127542726695537567138671875">
        <ele>15.19999980926513671875</ele>
        <time>2026-08-07T16:06:55.000Z</time>
        <extensions>
          <ns3:TrackPointExtension>
            <ns3:hr>155</ns3:hr>
            <ns3:cad>86</ns3:cad>
          </ns3:TrackPointExtension>
        </extensions>
      </trkpt>
      <trkpt lat="31.3402737490832805633544921875" lon="118.3512904308736324310302734375">
        <ele>15.19999980926513671875</ele>
        <time>2026-08-07T16:06:56.000Z</time>
        <extensions>
          <ns3:TrackPointExtension>
            <ns3:hr>156</ns3:hr>
            <ns3:cad>85</ns3:cad>
          </ns3:TrackPointExtension>
        </extensions>
      </trkpt>
      <trkpt lat="31.34024634025990962982177734375" lon="118.35130669176578521728515625">
        <ele>15.19999980926513671875</ele>
        <time>2026-08-07T16:06:57.000Z</time>
        <extensions>
          <ns3:TrackPointExtension>
            <ns3:hr>156</ns3:hr>
            <ns3:cad>85</ns3:cad>
          </ns3:TrackPointExtension>
        </extensions>
      </trkpt>
      <trkpt lat="31.34023058228194713592529296875" lon="118.3513303287327289581298828125">
        <ele>15.19999980926513671875</ele>
        <time>2026-08-07T16:06:58.000Z</time>
        <extensions>
          <ns3:TrackPointExtension>
            <ns3:hr>156</ns3:hr>
            <ns3:cad>85</ns3:cad>
          </ns3:TrackPointExtension>
        </extensions>
      </trkpt>
      <trkpt lat="31.34020074270665645599365234375" lon="118.35134767927229404449462890625">
        <ele>15.19999980926513671875</ele>
        <time>2026-08-07T16:06:59.000Z</time>
        <extensions>
          <ns3:TrackPointExtension>
            <ns3:hr>155</ns3:hr>
            <ns3:cad>84</ns3:cad>
          </ns3:TrackPointExtension>
        </extensions>
      </trkpt>
      <trkpt lat="31.340178363025188446044921875" lon="118.3513635210692882537841796875">
        <ele>15.3999996185302734375</ele>
        <time>2026-08-07T16:07:00.000Z</time>
        <extensions>
          <ns3:TrackPointExtension>
            <ns3:hr>156</ns3:hr>
            <ns3:cad>84</ns3:cad>
          </ns3:TrackPointExtension>
        </extensions>
      </trkpt>
      <trkpt lat="31.34015120565891265869140625" lon="118.3513755910098552703857421875">
        <ele>15.3999996185302734375</ele>
        <time>2026-08-07T16:07:01.000Z</time>
        <extensions>
          <ns3:TrackPointExtension>
            <ns3:hr>156</ns3:hr>
            <ns3:cad>84</ns3:cad>
          </ns3:TrackPointExtension>
        </extensions>
      </trkpt>
      <trkpt lat="31.34012178517878055572509765625" lon="118.351385481655597686767578125">
        <ele>15.3999996185302734375</ele>
        <time>2026-08-07T16:07:02.000Z</time>
        <extensions>
          <ns3:TrackPointExtension>
            <ns3:hr>155</ns3:hr>
            <ns3:cad>84</ns3:cad>
          </ns3:TrackPointExtension>
        </extensions>
      </trkpt>
      <trkpt lat="31.34009781293570995330810546875" lon="118.35140065290033817291259765625">
        <ele>15.6000003814697265625</ele>
        <time>2026-08-07T16:07:03.000Z</time>
        <extensions>
          <ns3:TrackPointExtension>
            <ns3:hr>156</ns3:hr>
            <ns3:cad>85</ns3:cad>
          </ns3:TrackPointExtension>
        </extensions>
      </trkpt>
      <trkpt lat="31.3400631956756114959716796875" lon="118.3514084480702877044677734375">
        <ele>15.6000003814697265625</ele>
        <time>2026-08-07T16:07:04.000Z</time>
        <extensions>
          <ns3:TrackPointExtension>
            <ns3:hr>156</ns3:hr>
            <ns3:cad>85</ns3:cad>
          </ns3:TrackPointExtension>
        </extensions>
      </trkpt>
      <trkpt lat="31.34003930725157260894775390625" lon="118.3514148183166980743408203125">
        <ele>15.80000019073486328125</ele>
        <time>2026-08-07T16:07:05.000Z</time>
        <extensions>
          <ns3:TrackPointExtension>
            <ns3:hr>155</ns3:hr>
            <ns3:cad>85</ns3:cad>
          </ns3:TrackPointExtension>
        </extensions>
      </trkpt>
      <trkpt lat="31.34000376798212528228759765625" lon="118.35141666233539581298828125">
        <ele>16.200000762939453125</ele>
        <time>2026-08-07T16:07:06.000Z</time>
        <extensions>
          <ns3:TrackPointExtension>
            <ns3:hr>156</ns3:hr>
            <ns3:cad>85</ns3:cad>
          </ns3:TrackPointExtension>
        </extensions>
      </trkpt>
      <trkpt lat="31.33997409604489803314208984375" lon="118.35141532123088836669921875">
        <ele>16.200000762939453125</ele>
        <time>2026-08-07T16:07:07.000Z</time>
        <extensions>
          <ns3:TrackPointExtension>
            <ns3:hr>155</ns3:hr>
            <ns3:cad>83</ns3:cad>
          </ns3:TrackPointExtension>
        </extensions>
      </trkpt>
      <trkpt lat="31.33994425646960735321044921875" lon="118.35141154937446117401123046875">
        <ele>16.3999996185302734375</ele>
        <time>2026-08-07T16:07:08.000Z</time>
        <extensions>
          <ns3:TrackPointExtension>
            <ns3:hr>156</ns3:hr>
            <ns3:cad>83</ns3:cad>
          </ns3:TrackPointExtension>
        </extensions>
      </trkpt>
      <trkpt lat="31.3399082981050014495849609375" lon="118.35140249691903591156005859375">
        <ele>16.200000762939453125</ele>
        <time>2026-08-07T16:07:09.000Z</time>
        <extensions>
          <ns3:TrackPointExtension>
            <ns3:hr>156</ns3:hr>
            <ns3:cad>83</ns3:cad>
          </ns3:TrackPointExtension>
        </extensions>
      </trkpt>
      <trkpt lat="31.33988088928163051605224609375" lon="118.35139646194875240325927734375">
        <ele>16.200000762939453125</ele>
        <time>2026-08-07T16:07:10.000Z</time>
        <extensions>
          <ns3:TrackPointExtension>
            <ns3:hr>156</ns3:hr>
            <ns3:cad>84</ns3:cad>
          </ns3:TrackPointExtension>
        </extensions>
      </trkpt>
      <trkpt lat="31.3398459367454051971435546875" lon="118.35136972367763519287109375">
        <ele>16</ele>
        <time>2026-08-07T16:07:11.000Z</time>
        <extensions>
          <ns3:TrackPointExtension>
            <ns3:hr>156</ns3:hr>
            <ns3:cad>85</ns3:cad>
          </ns3:TrackPointExtension>
        </extensions>
      </trkpt>
      <trkpt lat="31.339818947017192840576171875" lon="118.35134600289165973663330078125">
        <ele>16</ele>
        <time>2026-08-07T16:07:12.000Z</time>
        <extensions>
          <ns3:TrackPointExtension>
            <ns3:hr>155</ns3:hr>
            <ns3:cad>85</ns3:cad>
          </ns3:TrackPointExtension>
        </extensions>
      </trkpt>
      <trkpt lat="31.33978935889899730682373046875" lon="118.35132219828665256500244140625">
        <ele>15.80000019073486328125</ele>
        <time>2026-08-07T16:07:13.000Z</time>
        <extensions>
          <ns3:TrackPointExtension>
            <ns3:hr>156</ns3:hr>
            <ns3:cad>85</ns3:cad>
          </ns3:TrackPointExtension>
        </extensions>
      </trkpt>
      <trkpt lat="31.33976035751402378082275390625" lon="118.35129789076745510101318359375">
        <ele>15.80000019073486328125</ele>
        <time>2026-08-07T16:07:14.000Z</time>
        <extensions>
          <ns3:TrackPointExtension>
            <ns3:hr>156</ns3:hr>
            <ns3:cad>84</ns3:cad>
          </ns3:TrackPointExtension>
        </extensions>
      </trkpt>
      <trkpt lat="31.33973437361419200897216796875" lon="118.35128146223723888397216796875">
        <ele>15.80000019073486328125</ele>
        <time>2026-08-07T16:07:15.000Z</time>
        <extensions>
          <ns3:TrackPointExtension>
            <ns3:hr>156</ns3:hr>
            <ns3:cad>84</ns3:cad>
          </ns3:TrackPointExtension>
        </extensions>
      </trkpt>
      <trkpt lat="31.3397021032869815826416015625" lon="118.35126109421253204345703125">
        <ele>15.80000019073486328125</ele>
        <time>2026-08-07T16:07:16.000Z</time>
        <extensions>
          <ns3:TrackPointExtension>
            <ns3:hr>157</ns3:hr>
            <ns3:cad>84</ns3:cad>
          </ns3:TrackPointExtension>
        </extensions>
      </trkpt>
      <trkpt lat="31.33967821486294269561767578125" lon="118.35125262849032878875732421875">
        <ele>15.6000003814697265625</ele>
        <time>2026-08-07T16:07:17.000Z</time>
        <extensions>
          <ns3:TrackPointExtension>
            <ns3:hr>157</ns3:hr>
            <ns3:cad>85</ns3:cad>
          </ns3:TrackPointExtension>
        </extensions>
      </trkpt>
      <trkpt lat="31.33965097367763519287109375" lon="118.351234607398509979248046875">
        <ele>15.6000003814697265625</ele>
        <time>2026-08-07T16:07:18.000Z</time>
        <extensions>
          <ns3:TrackPointExtension>
            <ns3:hr>157</ns3:hr>
            <ns3:cad>86</ns3:cad>
          </ns3:TrackPointExtension>
        </extensions>
      </trkpt>
      <trkpt lat="31.33962222374975681304931640625" lon="118.3512243814766407012939453125">
        <ele>15.6000003814697265625</ele>
        <time>2026-08-07T16:07:19.000Z</time>
        <extensions>
          <ns3:TrackPointExtension>
            <ns3:hr>158</ns3:hr>
            <ns3:cad>87</ns3:cad>
          </ns3:TrackPointExtension>
        </extensions>
      </trkpt>
      <trkpt lat="31.33959640748798847198486328125" lon="118.3512161672115325927734375">
        <ele>15.6000003814697265625</ele>
        <time>2026-08-07T16:07:20.000Z</time>
        <extensions>
          <ns3:TrackPointExtension>
            <ns3:hr>158</ns3:hr>
            <ns3:cad>87</ns3:cad>
          </ns3:TrackPointExtension>
        </extensions>
      </trkpt>
      <trkpt lat="31.3395666517317295074462890625" lon="118.35121122188866138458251953125">
        <ele>15.6000003814697265625</ele>
        <time>2026-08-07T16:07:21.000Z</time>
        <extensions>
          <ns3:TrackPointExtension>
            <ns3:hr>158</ns3:hr>
            <ns3:cad>87</ns3:cad>
          </ns3:TrackPointExtension>
        </extensions>
      </trkpt>
      <trkpt lat="31.339540667831897735595703125" lon="118.35121222771704196929931640625">
        <ele>15.6000003814697265625</ele>
        <time>2026-08-07T16:07:22.000Z</time>
        <extensions>
          <ns3:TrackPointExtension>
            <ns3:hr>158</ns3:hr>
            <ns3:cad>85</ns3:cad>
          </ns3:TrackPointExtension>
        </extensions>
      </trkpt>
      <trkpt lat="31.33950806222856044769287109375" lon="118.3512092940509319305419921875">
        <ele>15.3999996185302734375</ele>
        <time>2026-08-07T16:07:23.000Z</time>
        <extensions>
          <ns3:TrackPointExtension>
            <ns3:hr>159</ns3:hr>
            <ns3:cad>85</ns3:cad>
          </ns3:TrackPointExtension>
        </extensions>
      </trkpt>
      <trkpt lat="31.33948476053774356842041015625" lon="118.35121013224124908447265625">
        <ele>15.6000003814697265625</ele>
        <time>2026-08-07T16:07:24.000Z</time>
        <extensions>
          <ns3:TrackPointExtension>
            <ns3:hr>159</ns3:hr>
            <ns3:cad>85</ns3:cad>
          </ns3:TrackPointExtension>
        </extensions>
      </trkpt>
      <trkpt lat="31.3394553400576114654541015625" lon="118.35120921023190021514892578125">
        <ele>15.6000003814697265625</ele>
        <time>2026-08-07T16:07:25.000Z</time>
        <extensions>
          <ns3:TrackPointExtension>
            <ns3:hr>160</ns3:hr>
            <ns3:cad>86</ns3:cad>
          </ns3:TrackPointExtension>
        </extensions>
      </trkpt>
      <trkpt lat="31.33942977525293827056884765625" lon="118.35120216943323612213134765625">
        <ele>15.6000003814697265625</ele>
        <time>2026-08-07T16:07:26.000Z</time>
        <extensions>
          <ns3:TrackPointExtension>
            <ns3:hr>162</ns3:hr>
            <ns3:cad>86</ns3:cad>
          </ns3:TrackPointExtension>
        </extensions>
      </trkpt>
      <trkpt lat="31.33940278552472591400146484375" lon="118.35119747556746006011962890625">
        <ele>15.6000003814697265625</ele>
        <time>2026-08-07T16:07:27.000Z</time>
        <extensions>
          <ns3:TrackPointExtension>
            <ns3:hr>163</ns3:hr>
            <ns3:cad>86</ns3:cad>
          </ns3:TrackPointExtension>
        </extensions>
      </trkpt>
      <trkpt lat="31.3393748737871646881103515625" lon="118.35118792019784450531005859375">
        <ele>15.6000003814697265625</ele>
        <time>2026-08-07T16:07:28.000Z</time>
        <extensions>
          <ns3:TrackPointExtension>
            <ns3:hr>165</ns3:hr>
            <ns3:cad>85</ns3:cad>
          </ns3:TrackPointExtension>
        </extensions>
      </trkpt>
      <trkpt lat="31.339351236820220947265625" lon="118.35118775255978107452392578125">
        <ele>15.3999996185302734375</ele>
        <time>2026-08-07T16:07:29.000Z</time>
        <extensions>
          <ns3:TrackPointExtension>
            <ns3:hr>166</ns3:hr>
            <ns3:cad>84</ns3:cad>
          </ns3:TrackPointExtension>
        </extensions>
      </trkpt>
      <trkpt lat="31.3393245823681354522705078125" lon="118.35116847418248653411865234375">
        <ele>15.19999980926513671875</ele>
        <time>2026-08-07T16:07:30.000Z</time>
        <extensions>
          <ns3:TrackPointExtension>
            <ns3:hr>167</ns3:hr>
            <ns3:cad>84</ns3:cad>
          </ns3:TrackPointExtension>
        </extensions>
      </trkpt>
      <trkpt lat="31.3392994366586208343505859375" lon="118.351151458919048309326171875">
        <ele>15.19999980926513671875</ele>
        <time>2026-08-07T16:07:31.000Z</time>
        <extensions>
          <ns3:TrackPointExtension>
            <ns3:hr>167</ns3:hr>
            <ns3:cad>84</ns3:cad>
          </ns3:TrackPointExtension>
        </extensions>
      </trkpt>
      <trkpt lat="31.33927538059651851654052734375" lon="118.3511301688849925994873046875">
        <ele>15.19999980926513671875</ele>
        <time>2026-08-07T16:07:32.000Z</time>
        <extensions>
          <ns3:TrackPointExtension>
            <ns3:hr>167</ns3:hr>
            <ns3:cad>84</ns3:cad>
          </ns3:TrackPointExtension>
        </extensions>
      </trkpt>
      <trkpt lat="31.3392524980008602142333984375" lon="118.3511073701083660125732421875">
        <ele>15</ele>
        <time>2026-08-07T16:07:33.000Z</time>
        <extensions>
          <ns3:TrackPointExtension>
            <ns3:hr>167</ns3:hr>
            <ns3:cad>86</ns3:cad>
          </ns3:TrackPointExtension>
        </extensions>
      </trkpt>
      <trkpt lat="31.3392330519855022430419921875" lon="118.35109672509133815765380859375">
        <ele>15</ele>
        <time>2026-08-07T16:07:34.000Z</time>
        <extensions>
          <ns3:TrackPointExtension>
            <ns3:hr>167</ns3:hr>
            <ns3:cad>86</ns3:cad>
          </ns3:TrackPointExtension>
        </extensions>
      </trkpt>
      <trkpt lat="31.3392045535147190093994140625" lon="118.35107711143791675567626953125">
        <ele>15</ele>
        <time>2026-08-07T16:07:35.000Z</time>
        <extensions>
          <ns3:TrackPointExtension>
            <ns3:hr>167</ns3:hr>
            <ns3:cad>86</ns3:cad>
          </ns3:TrackPointExtension>
        </extensions>
      </trkpt>
      <trkpt lat="31.33918334729969501495361328125" lon="118.351068980991840362548828125">
        <ele>15.19999980926513671875</ele>
        <time>2026-08-07T16:07:36.000Z</time>
        <extensions>
          <ns3:TrackPointExtension>
            <ns3:hr>167</ns3:hr>
            <ns3:cad>85</ns3:cad>
          </ns3:TrackPointExtension>
        </extensions>
      </trkpt>
      <trkpt lat="31.3391545973718166351318359375" lon="118.35105548612773418426513671875">
        <ele>15.19999980926513671875</ele>
        <time>2026-08-07T16:07:37.000Z</time>
        <extensions>
          <ns3:TrackPointExtension>
            <ns3:hr>167</ns3:hr>
            <ns3:cad>84</ns3:cad>
          </ns3:TrackPointExtension>
        </extensions>
      </trkpt>
      <trkpt lat="31.33912718854844570159912109375" lon="118.351052217185497283935546875">
        <ele>15</ele>
        <time>2026-08-07T16:07:38.000Z</time>
        <extensions>
          <ns3:TrackPointExtension>
            <ns3:hr>167</ns3:hr>
            <ns3:cad>84</ns3:cad>
          </ns3:TrackPointExtension>
        </extensions>
      </trkpt>
      <trkpt lat="31.33909843862056732177734375" lon="118.35104559548199176788330078125">
        <ele>15</ele>
        <time>2026-08-07T16:07:39.000Z</time>
        <extensions>
          <ns3:TrackPointExtension>
            <ns3:hr>167</ns3:hr>
            <ns3:cad>84</ns3:cad>
          </ns3:TrackPointExtension>
        </extensions>
      </trkpt>
      <trkpt lat="31.33906968869268894195556640625" lon="118.35103905759751796722412109375">
        <ele>15</ele>
        <time>2026-08-07T16:07:40.000Z</time>
        <extensions>
          <ns3:TrackPointExtension>
            <ns3:hr>167</ns3:hr>
            <ns3:cad>85</ns3:cad>
          </ns3:TrackPointExtension>
        </extensions>
      </trkpt>
      <trkpt lat="31.3390442915260791778564453125" lon="118.35103805176913738250732421875">
        <ele>15</ele>
        <time>2026-08-07T16:07:41.000Z</time>
        <extensions>
          <ns3:TrackPointExtension>
            <ns3:hr>167</ns3:hr>
            <ns3:cad>85</ns3:cad>
          </ns3:TrackPointExtension>
        </extensions>
      </trkpt>
      <trkpt lat="31.3390117697417736053466796875" lon="118.35102765820920467376708984375">
        <ele>15</ele>
        <time>2026-08-07T16:07:42.000Z</time>
        <extensions>
          <ns3:TrackPointExtension>
            <ns3:hr>166</ns3:hr>
            <ns3:cad>85</ns3:cad>
          </ns3:TrackPointExtension>
        </extensions>
      </trkpt>
      <trkpt lat="31.33899140171706676483154296875" lon="118.3510299213230609893798828125">
        <ele>15</ele>
        <time>2026-08-07T16:07:43.000Z</time>
        <extensions>
          <ns3:TrackPointExtension>
            <ns3:hr>166</ns3:hr>
            <ns3:cad>85</ns3:cad>
          </ns3:TrackPointExtension>
        </extensions>
      </trkpt>
      <trkpt lat="31.33895636536180973052978515625" lon="118.351024724543094635009765625">
        <ele>14.80000019073486328125</ele>
        <time>2026-08-07T16:07:44.000Z</time>
        <extensions>
          <ns3:TrackPointExtension>
            <ns3:hr>166</ns3:hr>
            <ns3:cad>85</ns3:cad>
          </ns3:TrackPointExtension>
        </extensions>
      </trkpt>
      <trkpt lat="31.3389287889003753662109375" lon="118.35102229379117488861083984375">
        <ele>14.80000019073486328125</ele>
        <time>2026-08-07T16:07:45.000Z</time>
        <extensions>
          <ns3:TrackPointExtension>
            <ns3:hr>166</ns3:hr>
            <ns3:cad>86</ns3:cad>
          </ns3:TrackPointExtension>
        </extensions>
      </trkpt>
      <trkpt lat="31.33889735676348209381103515625" lon="118.35101902484893798828125">
        <ele>14.80000019073486328125</ele>
        <time>2026-08-07T16:07:46.000Z</time>
        <extensions>
          <ns3:TrackPointExtension>
            <ns3:hr>166</ns3:hr>
            <ns3:cad>86</ns3:cad>
          </ns3:TrackPointExtension>
        </extensions>
      </trkpt>
      <trkpt lat="31.338866762816905975341796875" lon="118.35101525299251079559326171875">
        <ele>14.80000019073486328125</ele>
        <time>2026-08-07T16:07:47.000Z</time>
        <extensions>
          <ns3:TrackPointExtension>
            <ns3:hr>166</ns3:hr>
            <ns3:cad>86</ns3:cad>
          </ns3:TrackPointExtension>
        </extensions>
      </trkpt>
      <trkpt lat="31.33884019218385219573974609375" lon="118.35101676173508167266845703125">
        <ele>14.80000019073486328125</ele>
        <time>2026-08-07T16:07:48.000Z</time>
        <extensions>
          <ns3:TrackPointExtension>
            <ns3:hr>166</ns3:hr>
            <ns3:cad>87</ns3:cad>
          </ns3:TrackPointExtension>
        </extensions>
      </trkpt>
      <trkpt lat="31.338807083666324615478515625" lon="118.351009301841259002685546875">
        <ele>14.80000019073486328125</ele>
        <time>2026-08-07T16:07:49.000Z</time>
        <extensions>
          <ns3:TrackPointExtension>
            <ns3:hr>166</ns3:hr>
            <ns3:cad>87</ns3:cad>
          </ns3:TrackPointExtension>
        </extensions>
      </trkpt>
      <trkpt lat="31.33878554217517375946044921875" lon="118.35100687108933925628662109375">
        <ele>14.80000019073486328125</ele>
        <time>2026-08-07T16:07:50.000Z</time>
        <extensions>
          <ns3:TrackPointExtension>
            <ns3:hr>166</ns3:hr>
            <ns3:cad>87</ns3:cad>
          </ns3:TrackPointExtension>
        </extensions>
      </trkpt>
      <trkpt lat="31.33875100873410701751708984375" lon="118.35100435651838779449462890625">
        <ele>14.80000019073486328125</ele>
        <time>2026-08-07T16:07:51.000Z</time>
        <extensions>
          <ns3:TrackPointExtension>
            <ns3:hr>166</ns3:hr>
            <ns3:cad>85</ns3:cad>
          </ns3:TrackPointExtension>
        </extensions>
      </trkpt>
      <trkpt lat="31.33872770704329013824462890625" lon="118.35101642645895481109619140625">
        <ele>14.80000019073486328125</ele>
        <time>2026-08-07T16:07:52.000Z</time>
        <extensions>
          <ns3:TrackPointExtension>
            <ns3:hr>165</ns3:hr>
            <ns3:cad>85</ns3:cad>
          </ns3:TrackPointExtension>
        </extensions>
      </trkpt>
      <trkpt lat="31.338697113096714019775390625" lon="118.35102103650569915771484375">
        <ele>14.6000003814697265625</ele>
        <time>2026-08-07T16:07:53.000Z</time>
        <extensions>
          <ns3:TrackPointExtension>
            <ns3:hr>165</ns3:hr>
            <ns3:cad>85</ns3:cad>
          </ns3:TrackPointExtension>
        </extensions>
      </trkpt>
      <trkpt lat="31.338669955730438232421875" lon="118.35103050805628299713134765625">
        <ele>14.6000003814697265625</ele>
        <time>2026-08-07T16:07:54.000Z</time>
        <extensions>
          <ns3:TrackPointExtension>
            <ns3:hr>165</ns3:hr>
            <ns3:cad>86</ns3:cad>
          </ns3:TrackPointExtension>
        </extensions>
      </trkpt>
      <trkpt lat="31.33864690549671649932861328125" lon="118.35103805176913738250732421875">
        <ele>14.6000003814697265625</ele>
        <time>2026-08-07T16:07:55.000Z</time>
        <extensions>
          <ns3:TrackPointExtension>
            <ns3:hr>165</ns3:hr>
            <ns3:cad>87</ns3:cad>
          </ns3:TrackPointExtension>
        </extensions>
      </trkpt>
      <trkpt lat="31.3386168144643306732177734375" lon="118.35104173980653285980224609375">
        <ele>14.6000003814697265625</ele>
        <time>2026-08-07T16:07:56.000Z</time>
        <extensions>
          <ns3:TrackPointExtension>
            <ns3:hr>166</ns3:hr>
            <ns3:cad>87</ns3:cad>
          </ns3:TrackPointExtension>
        </extensions>
      </trkpt>
      <trkpt lat="31.33859493769705295562744140625" lon="118.3510525524616241455078125">
        <ele>14.6000003814697265625</ele>
        <time>2026-08-07T16:07:57.000Z</time>
        <extensions>
          <ns3:TrackPointExtension>
            <ns3:hr>165</ns3:hr>
            <ns3:cad>86</ns3:cad>
          </ns3:TrackPointExtension>
        </extensions>
      </trkpt>
      <trkpt lat="31.338558308780193328857421875" lon="118.3510597608983516693115234375">
        <ele>14.6000003814697265625</ele>
        <time>2026-08-07T16:07:58.000Z</time>
        <extensions>
          <ns3:TrackPointExtension>
            <ns3:hr>165</ns3:hr>
            <ns3:cad>86</ns3:cad>
          </ns3:TrackPointExtension>
        </extensions>
      </trkpt>
      <trkpt lat="31.33853022940456867218017578125" lon="118.35106722079217433929443359375">
        <ele>14.6000003814697265625</ele>
        <time>2026-08-07T16:07:59.000Z</time>
        <extensions>
          <ns3:TrackPointExtension>
            <ns3:hr>165</ns3:hr>
            <ns3:cad>84</ns3:cad>
          </ns3:TrackPointExtension>
        </extensions>
      </trkpt>
      <trkpt lat="31.33850391022861003875732421875" lon="118.3510793745517730712890625">
        <ele>14.6000003814697265625</ele>
        <time>2026-08-07T16:08:00.000Z</time>
        <extensions>
          <ns3:TrackPointExtension>
            <ns3:hr>165</ns3:hr>
            <ns3:cad>84</ns3:cad>
          </ns3:TrackPointExtension>
        </extensions>
      </trkpt>
      <trkpt lat="31.3384743221104145050048828125" lon="118.35109119303524494171142578125">
        <ele>14.80000019073486328125</ele>
        <time>2026-08-07T16:08:01.000Z</time>
        <extensions>
          <ns3:TrackPointExtension>
            <ns3:hr>164</ns3:hr>
            <ns3:cad>84</ns3:cad>
          </ns3:TrackPointExtension>
        </extensions>
      </trkpt>
      <trkpt lat="31.33844842202961444854736328125" lon="118.35110913030803203582763671875">
        <ele>14.6000003814697265625</ele>
        <time>2026-08-07T16:08:02.000Z</time>
        <extensions>
          <ns3:TrackPointExtension>
            <ns3:hr>164</ns3:hr>
            <ns3:cad>84</ns3:cad>
          </ns3:TrackPointExtension>
        </extensions>
      </trkpt>
      <trkpt lat="31.3384146429598331451416015625" lon="118.35111985914409160614013671875">
        <ele>14.6000003814697265625</ele>
        <time>2026-08-07T16:08:03.000Z</time>
        <extensions>
          <ns3:TrackPointExtension>
            <ns3:hr>164</ns3:hr>
            <ns3:cad>85</ns3:cad>
          </ns3:TrackPointExtension>
        </extensions>
      </trkpt>
      <trkpt lat="31.338391341269016265869140625" lon="118.351131342351436614990234375">
        <ele>14.80000019073486328125</ele>
        <time>2026-08-07T16:08:04.000Z</time>
        <extensions>
          <ns3:TrackPointExtension>
            <ns3:hr>164</ns3:hr>
            <ns3:cad>85</ns3:cad>
          </ns3:TrackPointExtension>
        </extensions>
      </trkpt>
      <trkpt lat="31.338357813656330108642578125" lon="118.3511462621390819549560546875">
        <ele>14.80000019073486328125</ele>
        <time>2026-08-07T16:08:05.000Z</time>
        <extensions>
          <ns3:TrackPointExtension>
            <ns3:hr>163</ns3:hr>
            <ns3:cad>84</ns3:cad>
          </ns3:TrackPointExtension>
        </extensions>
      </trkpt>
      <trkpt lat="31.338335014879703521728515625" lon="118.35116051137447357177734375">
        <ele>14.80000019073486328125</ele>
        <time>2026-08-07T16:08:06.000Z</time>
        <extensions>
          <ns3:TrackPointExtension>
            <ns3:hr>163</ns3:hr>
            <ns3:cad>84</ns3:cad>
          </ns3:TrackPointExtension>
        </extensions>
      </trkpt>
      <trkpt lat="31.33830559439957141876220703125" lon="118.3511801250278949737548828125">
        <ele>14.80000019073486328125</ele>
        <time>2026-08-07T16:08:07.000Z</time>
        <extensions>
          <ns3:TrackPointExtension>
            <ns3:hr>163</ns3:hr>
            <ns3:cad>85</ns3:cad>
          </ns3:TrackPointExtension>
        </extensions>
      </trkpt>
      <trkpt lat="31.33827575482428073883056640625" lon="118.35118305869400501251220703125">
        <ele>14.80000019073486328125</ele>
        <time>2026-08-07T16:08:08.000Z</time>
        <extensions>
          <ns3:TrackPointExtension>
            <ns3:hr>163</ns3:hr>
            <ns3:cad>86</ns3:cad>
          </ns3:TrackPointExtension>
        </extensions>
      </trkpt>
      <trkpt lat="31.33824926801025867462158203125" lon="118.3511928655207157135009765625">
        <ele>14.6000003814697265625</ele>
        <time>2026-08-07T16:08:09.000Z</time>
        <extensions>
          <ns3:TrackPointExtension>
            <ns3:hr>164</ns3:hr>
            <ns3:cad>86</ns3:cad>
          </ns3:TrackPointExtension>
        </extensions>
      </trkpt>
      <trkpt lat="31.3382164947688579559326171875" lon="118.35119579918682575225830078125">
        <ele>14.6000003814697265625</ele>
        <time>2026-08-07T16:08:10.000Z</time>
        <extensions>
          <ns3:TrackPointExtension>
            <ns3:hr>163</ns3:hr>
            <ns3:cad>86</ns3:cad>
          </ns3:TrackPointExtension>
        </extensions>
      </trkpt>
      <trkpt lat="31.3381957076489925384521484375" lon="118.35120703093707561492919921875">
        <ele>14.6000003814697265625</ele>
        <time>2026-08-07T16:08:11.000Z</time>
        <extensions>
          <ns3:TrackPointExtension>
            <ns3:hr>163</ns3:hr>
            <ns3:cad>86</ns3:cad>
          </ns3:TrackPointExtension>
        </extensions>
      </trkpt>
      <trkpt lat="31.33816410787403583526611328125" lon="118.35122178308665752410888671875">
        <ele>14.6000003814697265625</ele>
        <time>2026-08-07T16:08:12.000Z</time>
        <extensions>
          <ns3:TrackPointExtension>
            <ns3:hr>163</ns3:hr>
            <ns3:cad>86</ns3:cad>
          </ns3:TrackPointExtension>
        </extensions>
      </trkpt>
      <trkpt lat="31.33814223110675811767578125" lon="118.35123402066528797149658203125">
        <ele>14.80000019073486328125</ele>
        <time>2026-08-07T16:08:13.000Z</time>
        <extensions>
          <ns3:TrackPointExtension>
            <ns3:hr>164</ns3:hr>
            <ns3:cad>86</ns3:cad>
          </ns3:TrackPointExtension>
        </extensions>
      </trkpt>
      <trkpt lat="31.33812387473881244659423828125" lon="118.35124977864325046539306640625">
        <ele>15</ele>
        <time>2026-08-07T16:08:14.000Z</time>
        <extensions>
          <ns3:TrackPointExtension>
            <ns3:hr>163</ns3:hr>
            <ns3:cad>86</ns3:cad>
          </ns3:TrackPointExtension>
        </extensions>
      </trkpt>
      <trkpt lat="31.338095963001251220703125" lon="118.35126235149800777435302734375">
        <ele>15.19999980926513671875</ele>
        <time>2026-08-07T16:08:15.000Z</time>
        <extensions>
          <ns3:TrackPointExtension>
            <ns3:hr>163</ns3:hr>
            <ns3:cad>86</ns3:cad>
          </ns3:TrackPointExtension>
        </extensions>
      </trkpt>
      <trkpt lat="31.33807995356619358062744140625" lon="118.3512746728956699371337890625">
        <ele>15.19999980926513671875</ele>
        <time>2026-08-07T16:08:16.000Z</time>
        <extensions>
          <ns3:TrackPointExtension>
            <ns3:hr>163</ns3:hr>
            <ns3:cad>85</ns3:cad>
          </ns3:TrackPointExtension>
        </extensions>
      </trkpt>
      <trkpt lat="31.33804810233414173126220703125" lon="118.35127509199082851409912109375">
        <ele>15.3999996185302734375</ele>
        <time>2026-08-07T16:08:17.000Z</time>
        <extensions>
          <ns3:TrackPointExtension>
            <ns3:hr>163</ns3:hr>
            <ns3:cad>84</ns3:cad>
          </ns3:TrackPointExtension>
        </extensions>
      </trkpt>
      <trkpt lat="31.33802354335784912109375" lon="118.351276852190494537353515625">
        <ele>15.3999996185302734375</ele>
        <time>2026-08-07T16:08:18.000Z</time>
        <extensions>
          <ns3:TrackPointExtension>
            <ns3:hr>163</ns3:hr>
            <ns3:cad>83</ns3:cad>
          </ns3:TrackPointExtension>
        </extensions>
      </trkpt>
      <trkpt lat="31.3379926979541778564453125" lon="118.35127660073339939117431640625">
        <ele>15.3999996185302734375</ele>
        <time>2026-08-07T16:08:19.000Z</time>
        <extensions>
          <ns3:TrackPointExtension>
            <ns3:hr>163</ns3:hr>
            <ns3:cad>83</ns3:cad>
          </ns3:TrackPointExtension>
        </extensions>
      </trkpt>
      <trkpt lat="31.33796252310276031494140625" lon="118.35127458907663822174072265625">
        <ele>15.6000003814697265625</ele>
        <time>2026-08-07T16:08:20.000Z</time>
        <extensions>
          <ns3:TrackPointExtension>
            <ns3:hr>164</ns3:hr>
            <ns3:cad>83</ns3:cad>
          </ns3:TrackPointExtension>
        </extensions>
      </trkpt>
      <trkpt lat="31.33793964050710201263427734375" lon="118.35128389298915863037109375">
        <ele>15.6000003814697265625</ele>
        <time>2026-08-07T16:08:21.000Z</time>
        <extensions>
          <ns3:TrackPointExtension>
            <ns3:hr>163</ns3:hr>
            <ns3:cad>84</ns3:cad>
          </ns3:TrackPointExtension>
        </extensions>
      </trkpt>
      <trkpt lat="31.33790326304733753204345703125" lon="118.3512800373136997222900390625">
        <ele>15.6000003814697265625</ele>
        <time>2026-08-07T16:08:22.000Z</time>
        <extensions>
          <ns3:TrackPointExtension>
            <ns3:hr>163</ns3:hr>
            <ns3:cad>84</ns3:cad>
          </ns3:TrackPointExtension>
        </extensions>
      </trkpt>
      <trkpt lat="31.3378788717091083526611328125" lon="118.3512800373136997222900390625">
        <ele>15.6000003814697265625</ele>
        <time>2026-08-07T16:08:23.000Z</time>
        <extensions>
          <ns3:TrackPointExtension>
            <ns3:hr>164</ns3:hr>
            <ns3:cad>84</ns3:cad>
          </ns3:TrackPointExtension>
        </extensions>
      </trkpt>
      <trkpt lat="31.337849199771881103515625" lon="118.351280204951763153076171875">
        <ele>15.6000003814697265625</ele>
        <time>2026-08-07T16:08:24.000Z</time>
        <extensions>
          <ns3:TrackPointExtension>
            <ns3:hr>164</ns3:hr>
            <ns3:cad>84</ns3:cad>
          </ns3:TrackPointExtension>
        </extensions>
      </trkpt>
      <trkpt lat="31.33782162331044673919677734375" lon="118.35127861239016056060791015625">
        <ele>15.6000003814697265625</ele>
        <time>2026-08-07T16:08:25.000Z</time>
        <extensions>
          <ns3:TrackPointExtension>
            <ns3:hr>164</ns3:hr>
            <ns3:cad>84</ns3:cad>
          </ns3:TrackPointExtension>
        </extensions>
      </trkpt>
      <trkpt lat="31.33780301548540592193603515625" lon="118.35127986967563629150390625">
        <ele>15.6000003814697265625</ele>
        <time>2026-08-07T16:08:26.000Z</time>
        <extensions>
          <ns3:TrackPointExtension>
            <ns3:hr>164</ns3:hr>
            <ns3:cad>84</ns3:cad>
          </ns3:TrackPointExtension>
        </extensions>
      </trkpt>
      <trkpt lat="31.3377719186246395111083984375" lon="118.3512790314853191375732421875">
        <ele>15.6000003814697265625</ele>
        <time>2026-08-07T16:08:27.000Z</time>
        <extensions>
          <ns3:TrackPointExtension>
            <ns3:hr>164</ns3:hr>
            <ns3:cad>84</ns3:cad>
          </ns3:TrackPointExtension>
        </extensions>
      </trkpt>
      <trkpt lat="31.33775205351412296295166015625" lon="118.3512724936008453369140625">
        <ele>15.6000003814697265625</ele>
        <time>2026-08-07T16:08:28.000Z</time>
        <extensions>
          <ns3:TrackPointExtension>
            <ns3:hr>163</ns3:hr>
            <ns3:cad>84</ns3:cad>
          </ns3:TrackPointExtension>
        </extensions>
      </trkpt>
      <trkpt lat="31.33772338740527629852294921875" lon="118.351271487772464752197265625">
        <ele>15.6000003814697265625</ele>
        <time>2026-08-07T16:08:29.000Z</time>
        <extensions>
          <ns3:TrackPointExtension>
            <ns3:hr>164</ns3:hr>
            <ns3:cad>84</ns3:cad>
          </ns3:TrackPointExtension>
        </extensions>
      </trkpt>
      <trkpt lat="31.3376948051154613494873046875" lon="118.35126754827797412872314453125">
        <ele>15.6000003814697265625</ele>
        <time>2026-08-07T16:08:30.000Z</time>
        <extensions>
          <ns3:TrackPointExtension>
            <ns3:hr>164</ns3:hr>
            <ns3:cad>83</ns3:cad>
          </ns3:TrackPointExtension>
        </extensions>
      </trkpt>
      <trkpt lat="31.33767091669142246246337890625" lon="118.351274840533733367919921875">
        <ele>15.6000003814697265625</ele>
        <time>2026-08-07T16:08:31.000Z</time>
        <extensions>
          <ns3:TrackPointExtension>
            <ns3:hr>164</ns3:hr>
            <ns3:cad>83</ns3:cad>
          </ns3:TrackPointExtension>
        </extensions>
      </trkpt>
      <trkpt lat="31.3376332819461822509765625" lon="118.351273834705352783203125">
        <ele>15.3999996185302734375</ele>
        <time>2026-08-07T16:08:32.000Z</time>
        <extensions>
          <ns3:TrackPointExtension>
            <ns3:hr>164</ns3:hr>
            <ns3:cad>84</ns3:cad>
          </ns3:TrackPointExtension>
        </extensions>
      </trkpt>
      <trkpt lat="31.3376072980463504791259765625" lon="118.35127123631536960601806640625">
        <ele>15.3999996185302734375</ele>
        <time>2026-08-07T16:08:33.000Z</time>
        <extensions>
          <ns3:TrackPointExtension>
            <ns3:hr>164</ns3:hr>
            <ns3:cad>84</ns3:cad>
          </ns3:TrackPointExtension>
        </extensions>
      </trkpt>
      <trkpt lat="31.3375744409859180450439453125" lon="118.3512716554105281829833984375">
        <ele>15.3999996185302734375</ele>
        <time>2026-08-07T16:08:34.000Z</time>
        <extensions>
          <ns3:TrackPointExtension>
            <ns3:hr>164</ns3:hr>
            <ns3:cad>84</ns3:cad>
          </ns3:TrackPointExtension>
        </extensions>
      </trkpt>
      <trkpt lat="31.33754619397222995758056640625" lon="118.351269476115703582763671875">
        <ele>15.3999996185302734375</ele>
        <time>2026-08-07T16:08:35.000Z</time>
        <extensions>
          <ns3:TrackPointExtension>
            <ns3:hr>164</ns3:hr>
            <ns3:cad>84</ns3:cad>
          </ns3:TrackPointExtension>
        </extensions>
      </trkpt>
      <trkpt lat="31.337521634995937347412109375" lon="118.351276181638240814208984375">
        <ele>15.3999996185302734375</ele>
        <time>2026-08-07T16:08:36.000Z</time>
        <extensions>
          <ns3:TrackPointExtension>
            <ns3:hr>164</ns3:hr>
            <ns3:cad>83</ns3:cad>
          </ns3:TrackPointExtension>
        </extensions>
      </trkpt>
      <trkpt lat="31.3374933041632175445556640625" lon="118.351273834705352783203125">
        <ele>15.6000003814697265625</ele>
        <time>2026-08-07T16:08:37.000Z</time>
        <extensions>
          <ns3:TrackPointExtension>
            <ns3:hr>163</ns3:hr>
            <ns3:cad>83</ns3:cad>
          </ns3:TrackPointExtension>
        </extensions>
      </trkpt>
      <trkpt lat="31.33747142739593982696533203125" lon="118.351278193295001983642578125">
        <ele>15.6000003814697265625</ele>
        <time>2026-08-07T16:08:38.000Z</time>
        <extensions>
          <ns3:TrackPointExtension>
            <ns3:hr>164</ns3:hr>
            <ns3:cad>84</ns3:cad>
          </ns3:TrackPointExtension>
        </extensions>
      </trkpt>
      <trkpt lat="31.33743773214519023895263671875" lon="118.351272828876972198486328125">
        <ele>15.6000003814697265625</ele>
        <time>2026-08-07T16:08:39.000Z</time>
        <extensions>
          <ns3:TrackPointExtension>
            <ns3:hr>164</ns3:hr>
            <ns3:cad>84</ns3:cad>
          </ns3:TrackPointExtension>
        </extensions>
      </trkpt>
      <trkpt lat="31.33741040714085102081298828125" lon="118.3512743376195430755615234375">
        <ele>15.6000003814697265625</ele>
        <time>2026-08-07T16:08:40.000Z</time>
        <extensions>
          <ns3:TrackPointExtension>
            <ns3:hr>163</ns3:hr>
            <ns3:cad>85</ns3:cad>
          </ns3:TrackPointExtension>
        </extensions>
      </trkpt>
      <trkpt lat="31.33737922646105289459228515625" lon="118.35127995349466800689697265625">
        <ele>15.6000003814697265625</ele>
        <time>2026-08-07T16:08:41.000Z</time>
        <extensions>
          <ns3:TrackPointExtension>
            <ns3:hr>163</ns3:hr>
            <ns3:cad>85</ns3:cad>
          </ns3:TrackPointExtension>
        </extensions>
      </trkpt>
      <trkpt lat="31.337346620857715606689453125" lon="118.35128162987530231475830078125">
        <ele>15.6000003814697265625</ele>
        <time>2026-08-07T16:08:42.000Z</time>
        <extensions>
          <ns3:TrackPointExtension>
            <ns3:hr>163</ns3:hr>
            <ns3:cad>85</ns3:cad>
          </ns3:TrackPointExtension>
        </extensions>
      </trkpt>
      <trkpt lat="31.33731787092983722686767578125" lon="118.35129386745393276214599609375">
        <ele>15.80000019073486328125</ele>
        <time>2026-08-07T16:08:43.000Z</time>
        <extensions>
          <ns3:TrackPointExtension>
            <ns3:hr>163</ns3:hr>
            <ns3:cad>85</ns3:cad>
          </ns3:TrackPointExtension>
        </extensions>
      </trkpt>
      <trkpt lat="31.33728099055588245391845703125" lon="118.351288251578807830810546875">
        <ele>15.80000019073486328125</ele>
        <time>2026-08-07T16:08:44.000Z</time>
        <extensions>
          <ns3:TrackPointExtension>
            <ns3:hr>164</ns3:hr>
            <ns3:cad>84</ns3:cad>
          </ns3:TrackPointExtension>
        </extensions>
      </trkpt>
      <trkpt lat="31.3372529111802577972412109375" lon="118.351283557713031768798828125">
        <ele>15.80000019073486328125</ele>
        <time>2026-08-07T16:08:45.000Z</time>
        <extensions>
          <ns3:TrackPointExtension>
            <ns3:hr>163</ns3:hr>
            <ns3:cad>84</ns3:cad>
          </ns3:TrackPointExtension>
        </extensions>
      </trkpt>
      <trkpt lat="31.33722516708076000213623046875" lon="118.3512783609330654144287109375">
        <ele>15.80000019073486328125</ele>
        <time>2026-08-07T16:08:46.000Z</time>
        <extensions>
          <ns3:TrackPointExtension>
            <ns3:hr>163</ns3:hr>
            <ns3:cad>84</ns3:cad>
          </ns3:TrackPointExtension>
        </extensions>
      </trkpt>
      <trkpt lat="31.337203793227672576904296875" lon="118.35126486606895923614501953125">
        <ele>15.80000019073486328125</ele>
        <time>2026-08-07T16:08:47.000Z</time>
        <extensions>
          <ns3:TrackPointExtension>
            <ns3:hr>163</ns3:hr>
            <ns3:cad>84</ns3:cad>
          </ns3:TrackPointExtension>
        </extensions>
      </trkpt>
      <trkpt lat="31.33718225173652172088623046875" lon="118.35127023048698902130126953125">
        <ele>15.6000003814697265625</ele>
        <time>2026-08-07T16:08:48.000Z</time>
        <extensions>
          <ns3:TrackPointExtension>
            <ns3:hr>164</ns3:hr>
            <ns3:cad>84</ns3:cad>
          </ns3:TrackPointExtension>
        </extensions>
      </trkpt>
      <trkpt lat="31.3371493108570575714111328125" lon="118.351259417831897735595703125">
        <ele>15.6000003814697265625</ele>
        <time>2026-08-07T16:08:49.000Z</time>
        <extensions>
          <ns3:TrackPointExtension>
            <ns3:hr>163</ns3:hr>
            <ns3:cad>84</ns3:cad>
          </ns3:TrackPointExtension>
        </extensions>
      </trkpt>
      <trkpt lat="31.33712525479495525360107421875" lon="118.3512488566339015960693359375">
        <ele>15.6000003814697265625</ele>
        <time>2026-08-07T16:08:50.000Z</time>
        <extensions>
          <ns3:TrackPointExtension>
            <ns3:hr>163</ns3:hr>
            <ns3:cad>84</ns3:cad>
          </ns3:TrackPointExtension>
        </extensions>
      </trkpt>
      <trkpt lat="31.3370960019528865814208984375" lon="118.35124257020652294158935546875">
        <ele>15.6000003814697265625</ele>
        <time>2026-08-07T16:08:51.000Z</time>
        <extensions>
          <ns3:TrackPointExtension>
            <ns3:hr>163</ns3:hr>
            <ns3:cad>83</ns3:cad>
          </ns3:TrackPointExtension>
        </extensions>
      </trkpt>
      <trkpt lat="31.33707110770046710968017578125" lon="118.35123687051236629486083984375">
        <ele>15.6000003814697265625</ele>
        <time>2026-08-07T16:08:52.000Z</time>
        <extensions>
          <ns3:TrackPointExtension>
            <ns3:hr>163</ns3:hr>
            <ns3:cad>83</ns3:cad>
          </ns3:TrackPointExtension>
        </extensions>
      </trkpt>
      <trkpt lat="31.33705400861799716949462890625" lon="118.35123653523623943328857421875">
        <ele>15.6000003814697265625</ele>
        <time>2026-08-07T16:08:53.000Z</time>
        <extensions>
          <ns3:TrackPointExtension>
            <ns3:hr>164</ns3:hr>
            <ns3:cad>84</ns3:cad>
          </ns3:TrackPointExtension>
        </extensions>
      </trkpt>
      <trkpt lat="31.337024755775928497314453125" lon="118.35122697986662387847900390625">
        <ele>15.6000003814697265625</ele>
        <time>2026-08-07T16:08:54.000Z</time>
        <extensions>
          <ns3:TrackPointExtension>
            <ns3:hr>163</ns3:hr>
            <ns3:cad>84</ns3:cad>
          </ns3:TrackPointExtension>
        </extensions>
      </trkpt>
      <trkpt lat="31.3370038010179996490478515625" lon="118.3512206934392452239990234375">
        <ele>15.6000003814697265625</ele>
        <time>2026-08-07T16:08:55.000Z</time>
        <extensions>
          <ns3:TrackPointExtension>
            <ns3:hr>163</ns3:hr>
            <ns3:cad>84</ns3:cad>
          </ns3:TrackPointExtension>
        </extensions>
      </trkpt>
      <trkpt lat="31.33698175661265850067138671875" lon="118.35121993906795978546142578125">
        <ele>15.3999996185302734375</ele>
        <time>2026-08-07T16:08:56.000Z</time>
        <extensions>
          <ns3:TrackPointExtension>
            <ns3:hr>163</ns3:hr>
            <ns3:cad>84</ns3:cad>
          </ns3:TrackPointExtension>
        </extensions>
      </trkpt>
      <trkpt lat="31.3369525037705898284912109375" lon="118.35121390409767627716064453125">
        <ele>15.3999996185302734375</ele>
        <time>2026-08-07T16:08:57.000Z</time>
        <extensions>
          <ns3:TrackPointExtension>
            <ns3:hr>163</ns3:hr>
            <ns3:cad>83</ns3:cad>
          </ns3:TrackPointExtension>
        </extensions>
      </trkpt>
      <trkpt lat="31.3369327224791049957275390625" lon="118.35121541284024715423583984375">
        <ele>15.3999996185302734375</ele>
        <time>2026-08-07T16:08:58.000Z</time>
        <extensions>
          <ns3:TrackPointExtension>
            <ns3:hr>163</ns3:hr>
            <ns3:cad>83</ns3:cad>
          </ns3:TrackPointExtension>
        </extensions>
      </trkpt>
      <trkpt lat="31.3369015417993068695068359375" lon="118.35121088661253452301025390625">
        <ele>15.3999996185302734375</ele>
        <time>2026-08-07T16:08:59.000Z</time>
        <extensions>
          <ns3:TrackPointExtension>
            <ns3:hr>164</ns3:hr>
            <ns3:cad>83</ns3:cad>
          </ns3:TrackPointExtension>
        </extensions>
      </trkpt>
      <trkpt lat="31.336875222623348236083984375" lon="118.35121138952672481536865234375">
        <ele>15.3999996185302734375</ele>
        <time>2026-08-07T16:09:00.000Z</time>
        <extensions>
          <ns3:TrackPointExtension>
            <ns3:hr>164</ns3:hr>
            <ns3:cad>82</ns3:cad>
          </ns3:TrackPointExtension>
        </extensions>
      </trkpt>
      <trkpt lat="31.33685099892318248748779296875" lon="118.35121742449700832366943359375">
        <ele>15.3999996185302734375</ele>
        <time>2026-08-07T16:09:01.000Z</time>
        <extensions>
          <ns3:TrackPointExtension>
            <ns3:hr>164</ns3:hr>
            <ns3:cad>82</ns3:cad>
          </ns3:TrackPointExtension>
        </extensions>
      </trkpt>
      <trkpt lat="31.3368230871856212615966796875" lon="118.35121993906795978546142578125">
        <ele>15.19999980926513671875</ele>
        <time>2026-08-07T16:09:02.000Z</time>
        <extensions>
          <ns3:TrackPointExtension>
            <ns3:hr>163</ns3:hr>
            <ns3:cad>82</ns3:cad>
          </ns3:TrackPointExtension>
        </extensions>
      </trkpt>
      <trkpt lat="31.33680037222802639007568359375" lon="118.35122413001954555511474609375">
        <ele>15.19999980926513671875</ele>
        <time>2026-08-07T16:09:03.000Z</time>
        <extensions>
          <ns3:TrackPointExtension>
            <ns3:hr>163</ns3:hr>
            <ns3:cad>83</ns3:cad>
          </ns3:TrackPointExtension>
        </extensions>
      </trkpt>
      <trkpt lat="31.33677296340465545654296875" lon="118.3512327633798122406005859375">
        <ele>15.19999980926513671875</ele>
        <time>2026-08-07T16:09:04.000Z</time>
        <extensions>
          <ns3:TrackPointExtension>
            <ns3:hr>163</ns3:hr>
            <ns3:cad>83</ns3:cad>
          </ns3:TrackPointExtension>
        </extensions>
      </trkpt>
      <trkpt lat="31.3367463089525699615478515625" lon="118.351241983473300933837890625">
        <ele>15.19999980926513671875</ele>
        <time>2026-08-07T16:09:05.000Z</time>
        <extensions>
          <ns3:TrackPointExtension>
            <ns3:hr>162</ns3:hr>
            <ns3:cad>83</ns3:cad>
          </ns3:TrackPointExtension>
        </extensions>
      </trkpt>
      <trkpt lat="31.3367261923849582672119140625" lon="118.35125665180385112762451171875">
        <ele>15.19999980926513671875</ele>
        <time>2026-08-07T16:09:06.000Z</time>
        <extensions>
          <ns3:TrackPointExtension>
            <ns3:hr>162</ns3:hr>
            <ns3:cad>83</ns3:cad>
          </ns3:TrackPointExtension>
        </extensions>
      </trkpt>
      <trkpt lat="31.33669626899063587188720703125" lon="118.35126888938248157501220703125">
        <ele>15.19999980926513671875</ele>
        <time>2026-08-07T16:09:07.000Z</time>
        <extensions>
          <ns3:TrackPointExtension>
            <ns3:hr>161</ns3:hr>
            <ns3:cad>83</ns3:cad>
          </ns3:TrackPointExtension>
        </extensions>
      </trkpt>
      <trkpt lat="31.33667481131851673126220703125" lon="118.3512756787240505218505859375">
        <ele>15.19999980926513671875</ele>
        <time>2026-08-07T16:09:08.000Z</time>
        <extensions>
          <ns3:TrackPointExtension>
            <ns3:hr>161</ns3:hr>
            <ns3:cad>83</ns3:cad>
          </ns3:TrackPointExtension>
        </extensions>
      </trkpt>
      <trkpt lat="31.33665092289447784423828125" lon="118.351283557713031768798828125">
        <ele>15.19999980926513671875</ele>
        <time>2026-08-07T16:09:09.000Z</time>
        <extensions>
          <ns3:TrackPointExtension>
            <ns3:hr>160</ns3:hr>
            <ns3:cad>83</ns3:cad>
          </ns3:TrackPointExtension>
        </extensions>
      </trkpt>
      <trkpt lat="31.3366247713565826416015625" lon="118.35128297097980976104736328125">
        <ele>15</ele>
        <time>2026-08-07T16:09:10.000Z</time>
        <extensions>
          <ns3:TrackPointExtension>
            <ns3:hr>160</ns3:hr>
            <ns3:cad>83</ns3:cad>
          </ns3:TrackPointExtension>
        </extensions>
      </trkpt>
      <trkpt lat="31.33660809136927127838134765625" lon="118.35128095932304859161376953125">
        <ele>15.19999980926513671875</ele>
        <time>2026-08-07T16:09:11.000Z</time>
        <extensions>
          <ns3:TrackPointExtension>
            <ns3:hr>159</ns3:hr>
            <ns3:cad>84</ns3:cad>
          </ns3:TrackPointExtension>
        </extensions>
      </trkpt>
      <trkpt lat="31.33657573722302913665771484375" lon="118.35127609781920909881591796875">
        <ele>15.19999980926513671875</ele>
        <time>2026-08-07T16:09:12.000Z</time>
        <extensions>
          <ns3:TrackPointExtension>
            <ns3:hr>159</ns3:hr>
            <ns3:cad>84</ns3:cad>
          </ns3:TrackPointExtension>
        </extensions>
      </trkpt>
      <trkpt lat="31.33654891513288021087646484375" lon="118.3512783609330654144287109375">
        <ele>15.19999980926513671875</ele>
        <time>2026-08-07T16:09:13.000Z</time>
        <extensions>
          <ns3:TrackPointExtension>
            <ns3:hr>159</ns3:hr>
            <ns3:cad>84</ns3:cad>
          </ns3:TrackPointExtension>
        </extensions>
      </trkpt>
      <trkpt lat="31.33652159012854099273681640625" lon="118.35128263570368289947509765625">
        <ele>15.19999980926513671875</ele>
        <time>2026-08-07T16:09:14.000Z</time>
        <extensions>
          <ns3:TrackPointExtension>
            <ns3:hr>159</ns3:hr>
            <ns3:cad>84</ns3:cad>
          </ns3:TrackPointExtension>
        </extensions>
      </trkpt>
      <trkpt lat="31.33649124763906002044677734375" lon="118.351284228265285491943359375">
        <ele>15.3999996185302734375</ele>
        <time>2026-08-07T16:09:15.000Z</time>
        <extensions>
          <ns3:TrackPointExtension>
            <ns3:hr>159</ns3:hr>
            <ns3:cad>83</ns3:cad>
          </ns3:TrackPointExtension>
        </extensions>
      </trkpt>
      <trkpt lat="31.336456127464771270751953125" lon="118.3512832224369049072265625">
        <ele>15.3999996185302734375</ele>
        <time>2026-08-07T16:09:16.000Z</time>
        <extensions>
          <ns3:TrackPointExtension>
            <ns3:hr>158</ns3:hr>
            <ns3:cad>83</ns3:cad>
          </ns3:TrackPointExtension>
        </extensions>
      </trkpt>
      <trkpt lat="31.33642301894724369049072265625" lon="118.351282216608524322509765625">
        <ele>15.3999996185302734375</ele>
        <time>2026-08-07T16:09:17.000Z</time>
        <extensions>
          <ns3:TrackPointExtension>
            <ns3:hr>158</ns3:hr>
            <ns3:cad>83</ns3:cad>
          </ns3:TrackPointExtension>
        </extensions>
      </trkpt>
      <trkpt lat="31.33639535866677761077880859375" lon="118.3512885868549346923828125">
        <ele>15.3999996185302734375</ele>
        <time>2026-08-07T16:09:18.000Z</time>
        <extensions>
          <ns3:TrackPointExtension>
            <ns3:hr>158</ns3:hr>
            <ns3:cad>85</ns3:cad>
          </ns3:TrackPointExtension>
        </extensions>
      </trkpt>
      <trkpt lat="31.3363657705485820770263671875" lon="118.35129554383456707000732421875">
        <ele>15.3999996185302734375</ele>
        <time>2026-08-07T16:09:19.000Z</time>
        <extensions>
          <ns3:TrackPointExtension>
            <ns3:hr>158</ns3:hr>
            <ns3:cad>85</ns3:cad>
          </ns3:TrackPointExtension>
        </extensions>
      </trkpt>
      <trkpt lat="31.3363350927829742431640625" lon="118.35129587911069393157958984375">
        <ele>15.3999996185302734375</ele>
        <time>2026-08-07T16:09:20.000Z</time>
        <extensions>
          <ns3:TrackPointExtension>
            <ns3:hr>158</ns3:hr>
            <ns3:cad>85</ns3:cad>
          </ns3:TrackPointExtension>
        </extensions>
      </trkpt>
      <trkpt lat="31.33631003089249134063720703125" lon="118.3512988127768039703369140625">
        <ele>15.3999996185302734375</ele>
        <time>2026-08-07T16:09:21.000Z</time>
        <extensions>
          <ns3:TrackPointExtension>
            <ns3:hr>158</ns3:hr>
            <ns3:cad>84</ns3:cad>
          </ns3:TrackPointExtension>
        </extensions>
      </trkpt>
      <trkpt lat="31.33628203533589839935302734375" lon="118.35129369981586933135986328125">
        <ele>15.19999980926513671875</ele>
        <time>2026-08-07T16:09:22.000Z</time>
        <extensions>
          <ns3:TrackPointExtension>
            <ns3:hr>158</ns3:hr>
            <ns3:cad>84</ns3:cad>
          </ns3:TrackPointExtension>
        </extensions>
      </trkpt>
      <trkpt lat="31.336256973445415496826171875" lon="118.35130040533840656280517578125">
        <ele>15.3999996185302734375</ele>
        <time>2026-08-07T16:09:23.000Z</time>
        <extensions>
          <ns3:TrackPointExtension>
            <ns3:hr>158</ns3:hr>
            <ns3:cad>84</ns3:cad>
          </ns3:TrackPointExtension>
        </extensions>
      </trkpt>
      <trkpt lat="31.336222104728221893310546875" lon="118.35130375809967517852783203125">
        <ele>15.3999996185302734375</ele>
        <time>2026-08-07T16:09:24.000Z</time>
        <extensions>
          <ns3:TrackPointExtension>
            <ns3:hr>158</ns3:hr>
            <ns3:cad>84</ns3:cad>
          </ns3:TrackPointExtension>
        </extensions>
      </trkpt>
      <trkpt lat="31.33618815802037715911865234375" lon="118.35129621438682079315185546875">
        <ele>15.3999996185302734375</ele>
        <time>2026-08-07T16:09:25.000Z</time>
        <extensions>
          <ns3:TrackPointExtension>
            <ns3:hr>158</ns3:hr>
            <ns3:cad>84</ns3:cad>
          </ns3:TrackPointExtension>
        </extensions>
      </trkpt>
      <trkpt lat="31.33615328930318355560302734375" lon="118.3512887544929981231689453125">
        <ele>15.3999996185302734375</ele>
        <time>2026-08-07T16:09:26.000Z</time>
        <extensions>
          <ns3:TrackPointExtension>
            <ns3:hr>158</ns3:hr>
            <ns3:cad>85</ns3:cad>
          </ns3:TrackPointExtension>
        </extensions>
      </trkpt>
      <trkpt lat="31.3361243717372417449951171875" lon="118.3512818813323974609375">
        <ele>15.3999996185302734375</ele>
        <time>2026-08-07T16:09:27.000Z</time>
        <extensions>
          <ns3:TrackPointExtension>
            <ns3:hr>158</ns3:hr>
            <ns3:cad>85</ns3:cad>
          </ns3:TrackPointExtension>
        </extensions>
      </trkpt>
      <trkpt lat="31.33609528653323650360107421875" lon="118.3512867428362369537353515625">
        <ele>15.3999996185302734375</ele>
        <time>2026-08-07T16:09:28.000Z</time>
        <extensions>
          <ns3:TrackPointExtension>
            <ns3:hr>158</ns3:hr>
            <ns3:cad>86</ns3:cad>
          </ns3:TrackPointExtension>
        </extensions>
      </trkpt>
      <trkpt lat="31.33606729097664356231689453125" lon="118.35127928294241428375244140625">
        <ele>15.3999996185302734375</ele>
        <time>2026-08-07T16:09:29.000Z</time>
        <extensions>
          <ns3:TrackPointExtension>
            <ns3:hr>158</ns3:hr>
            <ns3:cad>85</ns3:cad>
          </ns3:TrackPointExtension>
        </extensions>
      </trkpt>
      <trkpt lat="31.336048431694507598876953125" lon="118.3512686379253864288330078125">
        <ele>15.3999996185302734375</ele>
        <time>2026-08-07T16:09:30.000Z</time>
        <extensions>
          <ns3:TrackPointExtension>
            <ns3:hr>157</ns3:hr>
            <ns3:cad>86</ns3:cad>
          </ns3:TrackPointExtension>
        </extensions>
      </trkpt>
      <trkpt lat="31.3360184244811534881591796875" lon="118.351255394518375396728515625">
        <ele>15.3999996185302734375</ele>
        <time>2026-08-07T16:09:31.000Z</time>
        <extensions>
          <ns3:TrackPointExtension>
            <ns3:hr>158</ns3:hr>
            <ns3:cad>86</ns3:cad>
          </ns3:TrackPointExtension>
        </extensions>
      </trkpt>
      <trkpt lat="31.33598967455327510833740234375" lon="118.3512535504996776580810546875">
        <ele>15.3999996185302734375</ele>
        <time>2026-08-07T16:09:32.000Z</time>
        <extensions>
          <ns3:TrackPointExtension>
            <ns3:hr>158</ns3:hr>
            <ns3:cad>86</ns3:cad>
          </ns3:TrackPointExtension>
        </extensions>
      </trkpt>
      <trkpt lat="31.3359637744724750518798828125" lon="118.35125363431870937347412109375">
        <ele>15.3999996185302734375</ele>
        <time>2026-08-07T16:09:33.000Z</time>
        <extensions>
          <ns3:TrackPointExtension>
            <ns3:hr>158</ns3:hr>
            <ns3:cad>85</ns3:cad>
          </ns3:TrackPointExtension>
        </extensions>
      </trkpt>
      <trkpt lat="31.33593116886913776397705078125" lon="118.3512485213577747344970703125">
        <ele>15.3999996185302734375</ele>
        <time>2026-08-07T16:09:34.000Z</time>
        <extensions>
          <ns3:TrackPointExtension>
            <ns3:hr>158</ns3:hr>
            <ns3:cad>85</ns3:cad>
          </ns3:TrackPointExtension>
        </extensions>
      </trkpt>
      <trkpt lat="31.335907280445098876953125" lon="118.3512498624622821807861328125">
        <ele>15.3999996185302734375</ele>
        <time>2026-08-07T16:09:35.000Z</time>
        <extensions>
          <ns3:TrackPointExtension>
            <ns3:hr>158</ns3:hr>
            <ns3:cad>84</ns3:cad>
          </ns3:TrackPointExtension>
        </extensions>
      </trkpt>
      <trkpt lat="31.33587769232690334320068359375" lon="118.35124902427196502685546875">
        <ele>15.3999996185302734375</ele>
        <time>2026-08-07T16:09:36.000Z</time>
        <extensions>
          <ns3:TrackPointExtension>
            <ns3:hr>158</ns3:hr>
            <ns3:cad>85</ns3:cad>
          </ns3:TrackPointExtension>
        </extensions>
      </trkpt>
      <trkpt lat="31.335849948227405548095703125" lon="118.351252712309360504150390625">
        <ele>15.3999996185302734375</ele>
        <time>2026-08-07T16:09:37.000Z</time>
        <extensions>
          <ns3:TrackPointExtension>
            <ns3:hr>157</ns3:hr>
            <ns3:cad>84</ns3:cad>
          </ns3:TrackPointExtension>
        </extensions>
      </trkpt>
      <trkpt lat="31.33582673035562038421630859375" lon="118.35126419551670551300048828125">
        <ele>15.19999980926513671875</ele>
        <time>2026-08-07T16:09:38.000Z</time>
        <extensions>
          <ns3:TrackPointExtension>
            <ns3:hr>158</ns3:hr>
            <ns3:cad>83</ns3:cad>
          </ns3:TrackPointExtension>
        </extensions>
      </trkpt>
      <trkpt lat="31.335796974599361419677734375" lon="118.351268470287322998046875">
        <ele>15.19999980926513671875</ele>
        <time>2026-08-07T16:09:39.000Z</time>
        <extensions>
          <ns3:TrackPointExtension>
            <ns3:hr>158</ns3:hr>
            <ns3:cad>83</ns3:cad>
          </ns3:TrackPointExtension>
        </extensions>
      </trkpt>
      <trkpt lat="31.33577727712690830230712890625" lon="118.35127609781920909881591796875">
        <ele>15</ele>
        <time>2026-08-07T16:09:40.000Z</time>
        <extensions>
          <ns3:TrackPointExtension>
            <ns3:hr>158</ns3:hr>
            <ns3:cad>83</ns3:cad>
          </ns3:TrackPointExtension>
        </extensions>
      </trkpt>
      <trkpt lat="31.33575179614126682281494140625" lon="118.351284898817539215087890625">
        <ele>15</ele>
        <time>2026-08-07T16:09:41.000Z</time>
        <extensions>
          <ns3:TrackPointExtension>
            <ns3:hr>157</ns3:hr>
            <ns3:cad>83</ns3:cad>
          </ns3:TrackPointExtension>
        </extensions>
      </trkpt>
      <trkpt lat="31.33572757244110107421875" lon="118.3512968011200428009033203125">
        <ele>15</ele>
        <time>2026-08-07T16:09:42.000Z</time>
        <extensions>
          <ns3:TrackPointExtension>
            <ns3:hr>158</ns3:hr>
            <ns3:cad>83</ns3:cad>
          </ns3:TrackPointExtension>
        </extensions>
      </trkpt>
      <trkpt lat="31.33571407757699489593505859375" lon="118.3513112179934978485107421875">
        <ele>15</ele>
        <time>2026-08-07T16:09:43.000Z</time>
        <extensions>
          <ns3:TrackPointExtension>
            <ns3:hr>158</ns3:hr>
            <ns3:cad>83</ns3:cad>
          </ns3:TrackPointExtension>
        </extensions>
      </trkpt>
      <trkpt lat="31.33568474091589450836181640625" lon="118.3513229526579380035400390625">
        <ele>15</ele>
        <time>2026-08-07T16:09:44.000Z</time>
        <extensions>
          <ns3:TrackPointExtension>
            <ns3:hr>157</ns3:hr>
            <ns3:cad>83</ns3:cad>
          </ns3:TrackPointExtension>
        </extensions>
      </trkpt>
      <trkpt lat="31.335666216909885406494140625" lon="118.3513333462178707122802734375">
        <ele>15</ele>
        <time>2026-08-07T16:09:45.000Z</time>
        <extensions>
          <ns3:TrackPointExtension>
            <ns3:hr>158</ns3:hr>
            <ns3:cad>82</ns3:cad>
          </ns3:TrackPointExtension>
        </extensions>
      </trkpt>
      <trkpt lat="31.33564182557165622711181640625" lon="118.35135404951870441436767578125">
        <ele>15</ele>
        <time>2026-08-07T16:09:46.000Z</time>
        <extensions>
          <ns3:TrackPointExtension>
            <ns3:hr>158</ns3:hr>
            <ns3:cad>82</ns3:cad>
          </ns3:TrackPointExtension>
        </extensions>
      </trkpt>
      <trkpt lat="31.33561718277633190155029296875" lon="118.35137383081018924713134765625">
        <ele>15</ele>
        <time>2026-08-07T16:09:47.000Z</time>
        <extensions>
          <ns3:TrackPointExtension>
            <ns3:hr>157</ns3:hr>
            <ns3:cad>82</ns3:cad>
          </ns3:TrackPointExtension>
        </extensions>
      </trkpt>
      <trkpt lat="31.3356055319309234619140625" lon="118.35139294154942035675048828125">
        <ele>15</ele>
        <time>2026-08-07T16:09:48.000Z</time>
        <extensions>
          <ns3:TrackPointExtension>
            <ns3:hr>158</ns3:hr>
            <ns3:cad>83</ns3:cad>
          </ns3:TrackPointExtension>
        </extensions>
      </trkpt>
      <trkpt lat="31.33557762019336223602294921875" lon="118.35141926072537899017333984375">
        <ele>15</ele>
        <time>2026-08-07T16:09:49.000Z</time>
        <extensions>
          <ns3:TrackPointExtension>
            <ns3:hr>157</ns3:hr>
            <ns3:cad>84</ns3:cad>
          </ns3:TrackPointExtension>
        </extensions>
      </trkpt>
      <trkpt lat="31.3355627842247486114501953125" lon="118.3514387905597686767578125">
        <ele>15.19999980926513671875</ele>
        <time>2026-08-07T16:09:50.000Z</time>
        <extensions>
          <ns3:TrackPointExtension>
            <ns3:hr>157</ns3:hr>
            <ns3:cad>84</ns3:cad>
          </ns3:TrackPointExtension>
        </extensions>
      </trkpt>
      <trkpt lat="31.33554476313292980194091796875" lon="118.351459912955760955810546875">
        <ele>15.19999980926513671875</ele>
        <time>2026-08-07T16:09:51.000Z</time>
        <extensions>
          <ns3:TrackPointExtension>
            <ns3:hr>157</ns3:hr>
            <ns3:cad>84</ns3:cad>
          </ns3:TrackPointExtension>
        </extensions>
      </trkpt>
      <trkpt lat="31.3355279155075550079345703125" lon="118.35148765705525875091552734375">
        <ele>15.3999996185302734375</ele>
        <time>2026-08-07T16:09:52.000Z</time>
        <extensions>
          <ns3:TrackPointExtension>
            <ns3:hr>158</ns3:hr>
            <ns3:cad>83</ns3:cad>
          </ns3:TrackPointExtension>
        </extensions>
      </trkpt>
      <trkpt lat="31.33551768958568572998046875" lon="118.3515083603560924530029296875">
        <ele>15.3999996185302734375</ele>
        <time>2026-08-07T16:09:53.000Z</time>
        <extensions>
          <ns3:TrackPointExtension>
            <ns3:hr>157</ns3:hr>
            <ns3:cad>83</ns3:cad>
          </ns3:TrackPointExtension>
        </extensions>
      </trkpt>
      <trkpt lat="31.33549748919904232025146484375" lon="118.351539708673954010009765625">
        <ele>15.3999996185302734375</ele>
        <time>2026-08-07T16:09:54.000Z</time>
        <extensions>
          <ns3:TrackPointExtension>
            <ns3:hr>157</ns3:hr>
            <ns3:cad>83</ns3:cad>
          </ns3:TrackPointExtension>
        </extensions>
      </trkpt>
      <trkpt lat="31.335478127002716064453125" lon="118.35155571810901165008544921875">
        <ele>15.3999996185302734375</ele>
        <time>2026-08-07T16:09:55.000Z</time>
        <extensions>
          <ns3:TrackPointExtension>
            <ns3:hr>158</ns3:hr>
            <ns3:cad>83</ns3:cad>
          </ns3:TrackPointExtension>
        </extensions>
      </trkpt>
      <trkpt lat="31.335454992949962615966796875" lon="118.35158119909465312957763671875">
        <ele>15.3999996185302734375</ele>
        <time>2026-08-07T16:09:56.000Z</time>
        <extensions>
          <ns3:TrackPointExtension>
            <ns3:hr>158</ns3:hr>
            <ns3:cad>83</ns3:cad>
          </ns3:TrackPointExtension>
        </extensions>
      </trkpt>
      <trkpt lat="31.33543194271624088287353515625" lon="118.351600058376789093017578125">
        <ele>15.3999996185302734375</ele>
        <time>2026-08-07T16:09:57.000Z</time>
        <extensions>
          <ns3:TrackPointExtension>
            <ns3:hr>158</ns3:hr>
            <ns3:cad>84</ns3:cad>
          </ns3:TrackPointExtension>
        </extensions>
      </trkpt>
      <trkpt lat="31.33540771901607513427734375" lon="118.35162696428596973419189453125">
        <ele>15.6000003814697265625</ele>
        <time>2026-08-07T16:09:58.000Z</time>
        <extensions>
          <ns3:TrackPointExtension>
            <ns3:hr>158</ns3:hr>
            <ns3:cad>84</ns3:cad>
          </ns3:TrackPointExtension>
        </extensions>
      </trkpt>
      <trkpt lat="31.33537913672626018524169921875" lon="118.35165202617645263671875">
        <ele>15.6000003814697265625</ele>
        <time>2026-08-07T16:09:59.000Z</time>
        <extensions>
          <ns3:TrackPointExtension>
            <ns3:hr>158</ns3:hr>
            <ns3:cad>84</ns3:cad>
          </ns3:TrackPointExtension>
        </extensions>
      </trkpt>
      <trkpt lat="31.33535943925380706787109375" lon="118.351665772497653961181640625">
        <ele>15.6000003814697265625</ele>
        <time>2026-08-07T16:10:00.000Z</time>
        <extensions>
          <ns3:TrackPointExtension>
            <ns3:hr>158</ns3:hr>
            <ns3:cad>84</ns3:cad>
          </ns3:TrackPointExtension>
        </extensions>
      </trkpt>
      <trkpt lat="31.33533974178135395050048828125" lon="118.3516813628375530242919921875">
        <ele>15.80000019073486328125</ele>
        <time>2026-08-07T16:10:01.000Z</time>
        <extensions>
          <ns3:TrackPointExtension>
            <ns3:hr>158</ns3:hr>
            <ns3:cad>84</ns3:cad>
          </ns3:TrackPointExtension>
        </extensions>
      </trkpt>
      <trkpt lat="31.33531375788152217864990234375" lon="118.35169653408229351043701171875">
        <ele>15.80000019073486328125</ele>
        <time>2026-08-07T16:10:02.000Z</time>
        <extensions>
          <ns3:TrackPointExtension>
            <ns3:hr>158</ns3:hr>
            <ns3:cad>84</ns3:cad>
          </ns3:TrackPointExtension>
        </extensions>
      </trkpt>
      <trkpt lat="31.335300095379352569580078125" lon="118.35170994512736797332763671875">
        <ele>15.6000003814697265625</ele>
        <time>2026-08-07T16:10:03.000Z</time>
        <extensions>
          <ns3:TrackPointExtension>
            <ns3:hr>158</ns3:hr>
            <ns3:cad>84</ns3:cad>
          </ns3:TrackPointExtension>
        </extensions>
      </trkpt>
      <trkpt lat="31.3352707587182521820068359375" lon="118.3517239429056644439697265625">
        <ele>15.6000003814697265625</ele>
        <time>2026-08-07T16:10:04.000Z</time>
        <extensions>
          <ns3:TrackPointExtension>
            <ns3:hr>157</ns3:hr>
            <ns3:cad>84</ns3:cad>
          </ns3:TrackPointExtension>
        </extensions>
      </trkpt>
      <trkpt lat="31.3352469541132450103759765625" lon="118.3517363481223583221435546875">
        <ele>15.6000003814697265625</ele>
        <time>2026-08-07T16:10:05.000Z</time>
        <extensions>
          <ns3:TrackPointExtension>
            <ns3:hr>158</ns3:hr>
            <ns3:cad>84</ns3:cad>
          </ns3:TrackPointExtension>
        </extensions>
      </trkpt>
      <trkpt lat="31.33521971292793750762939453125" lon="118.351750932633876800537109375">
        <ele>15.6000003814697265625</ele>
        <time>2026-08-07T16:10:06.000Z</time>
        <extensions>
          <ns3:TrackPointExtension>
            <ns3:hr>158</ns3:hr>
            <ns3:cad>83</ns3:cad>
          </ns3:TrackPointExtension>
        </extensions>
      </trkpt>
      <trkpt lat="31.335191465914249420166015625" lon="118.351765014231204986572265625">
        <ele>15.6000003814697265625</ele>
        <time>2026-08-07T16:10:07.000Z</time>
        <extensions>
          <ns3:TrackPointExtension>
            <ns3:hr>158</ns3:hr>
            <ns3:cad>83</ns3:cad>
          </ns3:TrackPointExtension>
        </extensions>
      </trkpt>
      <trkpt lat="31.33517629466950893402099609375" lon="118.351777084171772003173828125">
        <ele>15.6000003814697265625</ele>
        <time>2026-08-07T16:10:08.000Z</time>
        <extensions>
          <ns3:TrackPointExtension>
            <ns3:hr>157</ns3:hr>
            <ns3:cad>83</ns3:cad>
          </ns3:TrackPointExtension>
        </extensions>
      </trkpt>
      <trkpt lat="31.33515148423612117767333984375" lon="118.35178680717945098876953125">
        <ele>15.3999996185302734375</ele>
        <time>2026-08-07T16:10:09.000Z</time>
        <extensions>
          <ns3:TrackPointExtension>
            <ns3:hr>158</ns3:hr>
            <ns3:cad>84</ns3:cad>
          </ns3:TrackPointExtension>
        </extensions>
      </trkpt>
      <trkpt lat="31.33513052947819232940673828125" lon="118.35179661400616168975830078125">
        <ele>15.3999996185302734375</ele>
        <time>2026-08-07T16:10:10.000Z</time>
        <extensions>
          <ns3:TrackPointExtension>
            <ns3:hr>158</ns3:hr>
            <ns3:cad>84</ns3:cad>
          </ns3:TrackPointExtension>
        </extensions>
      </trkpt>
      <trkpt lat="31.33511133491992950439453125" lon="118.3518117852509021759033203125">
        <ele>15.3999996185302734375</ele>
        <time>2026-08-07T16:10:11.000Z</time>
        <extensions>
          <ns3:TrackPointExtension>
            <ns3:hr>157</ns3:hr>
            <ns3:cad>84</ns3:cad>
          </ns3:TrackPointExtension>
        </extensions>
      </trkpt>
      <trkpt lat="31.3350866921246051788330078125" lon="118.35182578302919864654541015625">
        <ele>15.3999996185302734375</ele>
        <time>2026-08-07T16:10:12.000Z</time>
        <extensions>
          <ns3:TrackPointExtension>
            <ns3:hr>158</ns3:hr>
            <ns3:cad>84</ns3:cad>
          </ns3:TrackPointExtension>
        </extensions>
      </trkpt>
      <trkpt lat="31.33507319726049900054931640625" lon="118.35184120573103427886962890625">
        <ele>15.3999996185302734375</ele>
        <time>2026-08-07T16:10:13.000Z</time>
        <extensions>
          <ns3:TrackPointExtension>
            <ns3:hr>158</ns3:hr>
            <ns3:cad>84</ns3:cad>
          </ns3:TrackPointExtension>
        </extensions>
      </trkpt>
      <trkpt lat="31.33505500853061676025390625" lon="118.35185696370899677276611328125">
        <ele>15.3999996185302734375</ele>
        <time>2026-08-07T16:10:14.000Z</time>
        <extensions>
          <ns3:TrackPointExtension>
            <ns3:hr>157</ns3:hr>
            <ns3:cad>84</ns3:cad>
          </ns3:TrackPointExtension>
        </extensions>
      </trkpt>
      <trkpt lat="31.3350369036197662353515625" lon="118.351876996457576751708984375">
        <ele>15.6000003814697265625</ele>
        <time>2026-08-07T16:10:15.000Z</time>
        <extensions>
          <ns3:TrackPointExtension>
            <ns3:hr>158</ns3:hr>
            <ns3:cad>83</ns3:cad>
          </ns3:TrackPointExtension>
        </extensions>
      </trkpt>
      <trkpt lat="31.33501745760440826416015625" lon="118.3518959395587444305419921875">
        <ele>15.6000003814697265625</ele>
        <time>2026-08-07T16:10:16.000Z</time>
        <extensions>
          <ns3:TrackPointExtension>
            <ns3:hr>158</ns3:hr>
            <ns3:cad>83</ns3:cad>
          </ns3:TrackPointExtension>
        </extensions>
      </trkpt>
      <trkpt lat="31.3349921442568302154541015625" lon="118.35191664285957813262939453125">
        <ele>15.6000003814697265625</ele>
        <time>2026-08-07T16:10:17.000Z</time>
        <extensions>
          <ns3:TrackPointExtension>
            <ns3:hr>158</ns3:hr>
            <ns3:cad>83</ns3:cad>
          </ns3:TrackPointExtension>
        </extensions>
      </trkpt>
      <trkpt lat="31.33497596718370914459228515625" lon="118.35194245912134647369384765625">
        <ele>15.6000003814697265625</ele>
        <time>2026-08-07T16:10:18.000Z</time>
        <extensions>
          <ns3:TrackPointExtension>
            <ns3:hr>158</ns3:hr>
            <ns3:cad>83</ns3:cad>
          </ns3:TrackPointExtension>
        </extensions>
      </trkpt>
      <trkpt lat="31.33494503796100616455078125" lon="118.3519613184034824371337890625">
        <ele>15.6000003814697265625</ele>
        <time>2026-08-07T16:10:19.000Z</time>
        <extensions>
          <ns3:TrackPointExtension>
            <ns3:hr>158</ns3:hr>
            <ns3:cad>83</ns3:cad>
          </ns3:TrackPointExtension>
        </extensions>
      </trkpt>
      <trkpt lat="31.33492014370858669281005859375" lon="118.3519777469336986541748046875">
        <ele>15.3999996185302734375</ele>
        <time>2026-08-07T16:10:20.000Z</time>
        <extensions>
          <ns3:TrackPointExtension>
            <ns3:hr>158</ns3:hr>
            <ns3:cad>83</ns3:cad>
          </ns3:TrackPointExtension>
        </extensions>
      </trkpt>
      <trkpt lat="31.334894411265850067138671875" lon="118.35199543274939060211181640625">
        <ele>15.3999996185302734375</ele>
        <time>2026-08-07T16:10:21.000Z</time>
        <extensions>
          <ns3:TrackPointExtension>
            <ns3:hr>158</ns3:hr>
            <ns3:cad>83</ns3:cad>
          </ns3:TrackPointExtension>
        </extensions>
      </trkpt>
      <trkpt lat="31.33486599661409854888916015625" lon="118.3520122803747653961181640625">
        <ele>15.6000003814697265625</ele>
        <time>2026-08-07T16:10:22.000Z</time>
        <extensions>
          <ns3:TrackPointExtension>
            <ns3:hr>159</ns3:hr>
            <ns3:cad>84</ns3:cad>
          </ns3:TrackPointExtension>
        </extensions>
      </trkpt>
      <trkpt lat="31.33484940044581890106201171875" lon="118.35202845744788646697998046875">
        <ele>15.6000003814697265625</ele>
        <time>2026-08-07T16:10:23.000Z</time>
        <extensions>
          <ns3:TrackPointExtension>
            <ns3:hr>158</ns3:hr>
            <ns3:cad>84</ns3:cad>
          </ns3:TrackPointExtension>
        </extensions>
      </trkpt>
      <trkpt lat="31.3348221592605113983154296875" lon="118.3520444668829441070556640625">
        <ele>15.6000003814697265625</ele>
        <time>2026-08-07T16:10:24.000Z</time>
        <extensions>
          <ns3:TrackPointExtension>
            <ns3:hr>158</ns3:hr>
            <ns3:cad>83</ns3:cad>
          </ns3:TrackPointExtension>
        </extensions>
      </trkpt>
      <trkpt lat="31.33479843847453594207763671875" lon="118.35205729119479656219482421875">
        <ele>15.6000003814697265625</ele>
        <time>2026-08-07T16:10:25.000Z</time>
        <extensions>
          <ns3:TrackPointExtension>
            <ns3:hr>158</ns3:hr>
            <ns3:cad>83</ns3:cad>
          </ns3:TrackPointExtension>
        </extensions>
      </trkpt>
      <trkpt lat="31.334767006337642669677734375" lon="118.35207489319145679473876953125">
        <ele>15.80000019073486328125</ele>
        <time>2026-08-07T16:10:26.000Z</time>
        <extensions>
          <ns3:TrackPointExtension>
            <ns3:hr>159</ns3:hr>
            <ns3:cad>85</ns3:cad>
          </ns3:TrackPointExtension>
        </extensions>
      </trkpt>
      <trkpt lat="31.3347396813333034515380859375" lon="118.3520887233316898345947265625">
        <ele>15.80000019073486328125</ele>
        <time>2026-08-07T16:10:27.000Z</time>
        <extensions>
          <ns3:TrackPointExtension>
            <ns3:hr>158</ns3:hr>
            <ns3:cad>85</ns3:cad>
          </ns3:TrackPointExtension>
        </extensions>
      </trkpt>
      <trkpt lat="31.3347135297954082489013671875" lon="118.352100960910320281982421875">
        <ele>15.80000019073486328125</ele>
        <time>2026-08-07T16:10:28.000Z</time>
        <extensions>
          <ns3:TrackPointExtension>
            <ns3:hr>158</ns3:hr>
            <ns3:cad>85</ns3:cad>
          </ns3:TrackPointExtension>
        </extensions>
      </trkpt>
      <trkpt lat="31.3346820138394832611083984375" lon="118.35211445577442646026611328125">
        <ele>15.80000019073486328125</ele>
        <time>2026-08-07T16:10:29.000Z</time>
        <extensions>
          <ns3:TrackPointExtension>
            <ns3:hr>159</ns3:hr>
            <ns3:cad>85</ns3:cad>
          </ns3:TrackPointExtension>
        </extensions>
      </trkpt>
      <trkpt lat="31.3346613943576812744140625" lon="118.35212669335305690765380859375">
        <ele>15.80000019073486328125</ele>
        <time>2026-08-07T16:10:30.000Z</time>
        <extensions>
          <ns3:TrackPointExtension>
            <ns3:hr>159</ns3:hr>
            <ns3:cad>84</ns3:cad>
          </ns3:TrackPointExtension>
        </extensions>
      </trkpt>
      <trkpt lat="31.33463113568723201751708984375" lon="118.35214111022651195526123046875">
        <ele>15.6000003814697265625</ele>
        <time>2026-08-07T16:10:31.000Z</time>
        <extensions>
          <ns3:TrackPointExtension>
            <ns3:hr>159</ns3:hr>
            <ns3:cad>84</ns3:cad>
          </ns3:TrackPointExtension>
        </extensions>
      </trkpt>
      <trkpt lat="31.334608756005764007568359375" lon="118.35215083323419094085693359375">
        <ele>15.6000003814697265625</ele>
        <time>2026-08-07T16:10:32.000Z</time>
        <extensions>
          <ns3:TrackPointExtension>
            <ns3:hr>158</ns3:hr>
            <ns3:cad>84</ns3:cad>
          </ns3:TrackPointExtension>
        </extensions>
      </trkpt>
      <trkpt lat="31.33459107019007205963134765625" lon="118.35216994397342205047607421875">
        <ele>15.6000003814697265625</ele>
        <time>2026-08-07T16:10:33.000Z</time>
        <extensions>
          <ns3:TrackPointExtension>
            <ns3:hr>159</ns3:hr>
            <ns3:cad>84</ns3:cad>
          </ns3:TrackPointExtension>
        </extensions>
      </trkpt>
      <trkpt lat="31.33456625975668430328369140625" lon="118.35218553431332111358642578125">
        <ele>15.6000003814697265625</ele>
        <time>2026-08-07T16:10:34.000Z</time>
        <extensions>
          <ns3:TrackPointExtension>
            <ns3:hr>159</ns3:hr>
            <ns3:cad>84</ns3:cad>
          </ns3:TrackPointExtension>
        </extensions>
      </trkpt>
      <trkpt lat="31.33455150760710239410400390625" lon="118.3521990291774272918701171875">
        <ele>15.6000003814697265625</ele>
        <time>2026-08-07T16:10:35.000Z</time>
        <extensions>
          <ns3:TrackPointExtension>
            <ns3:hr>158</ns3:hr>
            <ns3:cad>84</ns3:cad>
          </ns3:TrackPointExtension>
        </extensions>
      </trkpt>
      <trkpt lat="31.33452736772596836090087890625" lon="118.35221193730831146240234375">
        <ele>15.6000003814697265625</ele>
        <time>2026-08-07T16:10:36.000Z</time>
        <extensions>
          <ns3:TrackPointExtension>
            <ns3:hr>159</ns3:hr>
            <ns3:cad>84</ns3:cad>
          </ns3:TrackPointExtension>
        </extensions>
      </trkpt>
      <trkpt lat="31.33450557477772235870361328125" lon="118.35222442634403705596923828125">
        <ele>15.80000019073486328125</ele>
        <time>2026-08-07T16:10:37.000Z</time>
        <extensions>
          <ns3:TrackPointExtension>
            <ns3:hr>158</ns3:hr>
            <ns3:cad>84</ns3:cad>
          </ns3:TrackPointExtension>
        </extensions>
      </trkpt>
      <trkpt lat="31.33448814041912555694580078125" lon="118.35223884321749210357666015625">
        <ele>15.80000019073486328125</ele>
        <time>2026-08-07T16:10:38.000Z</time>
        <extensions>
          <ns3:TrackPointExtension>
            <ns3:hr>158</ns3:hr>
            <ns3:cad>84</ns3:cad>
          </ns3:TrackPointExtension>
        </extensions>
      </trkpt>
      <trkpt lat="31.334473304450511932373046875" lon="118.35225426591932773590087890625">
        <ele>15.80000019073486328125</ele>
        <time>2026-08-07T16:10:39.000Z</time>
        <extensions>
          <ns3:TrackPointExtension>
            <ns3:hr>158</ns3:hr>
            <ns3:cad>84</ns3:cad>
          </ns3:TrackPointExtension>
        </extensions>
      </trkpt>
      <trkpt lat="31.33447338826954364776611328125" lon="118.35226030088961124420166015625">
        <ele>16</ele>
        <time>2026-08-07T16:10:40.000Z</time>
        <extensions>
          <ns3:TrackPointExtension>
            <ns3:hr>158</ns3:hr>
            <ns3:cad>82</ns3:cad>
          </ns3:TrackPointExtension>
        </extensions>
      </trkpt>
      <trkpt lat="31.33449970744550228118896484375" lon="118.35231947712600231170654296875">
        <ele>16.200000762939453125</ele>
        <time>2026-08-07T16:10:49.000Z</time>
        <extensions>
          <ns3:TrackPointExtension>
            <ns3:hr>155</ns3:hr>
            <ns3:cad>0</ns3:cad>
          </ns3:TrackPointExtension>
        </extensions>
      </trkpt>
      <trkpt lat="31.3344872184097766876220703125" lon="118.35233867168426513671875">
        <ele>16</ele>
        <time>2026-08-07T16:10:50.000Z</time>
        <extensions>
          <ns3:TrackPointExtension>
            <ns3:hr>155</ns3:hr>
            <ns3:cad>0</ns3:cad>
          </ns3:TrackPointExtension>
        </extensions>
      </trkpt>
      <trkpt lat="31.33447741158306598663330078125" lon="118.35236214101314544677734375">
        <ele>16</ele>
        <time>2026-08-07T16:10:51.000Z</time>
        <extensions>
          <ns3:TrackPointExtension>
            <ns3:hr>155</ns3:hr>
            <ns3:cad>107</ns3:cad>
          </ns3:TrackPointExtension>
        </extensions>
      </trkpt>
      <trkpt lat="31.33446232415735721588134765625" lon="118.35238988511264324188232421875">
        <ele>15.80000019073486328125</ele>
        <time>2026-08-07T16:10:52.000Z</time>
        <extensions>
          <ns3:TrackPointExtension>
            <ns3:hr>155</ns3:hr>
            <ns3:cad>107</ns3:cad>
          </ns3:TrackPointExtension>
        </extensions>
      </trkpt>
      <trkpt lat="31.33444975130259990692138671875" lon="118.3524122647941112518310546875">
        <ele>15.80000019073486328125</ele>
        <time>2026-08-07T16:10:53.000Z</time>
        <extensions>
          <ns3:TrackPointExtension>
            <ns3:hr>155</ns3:hr>
            <ns3:cad>0</ns3:cad>
          </ns3:TrackPointExtension>
        </extensions>
      </trkpt>
      <trkpt lat="31.3344375975430011749267578125" lon="118.35243397392332553863525390625">
        <ele>15.6000003814697265625</ele>
        <time>2026-08-07T16:10:54.000Z</time>
        <extensions>
          <ns3:TrackPointExtension>
            <ns3:hr>155</ns3:hr>
            <ns3:cad>0</ns3:cad>
          </ns3:TrackPointExtension>
        </extensions>
      </trkpt>
      <trkpt lat="31.33442611433565616607666015625" lon="118.3524555154144763946533203125">
        <ele>15.6000003814697265625</ele>
        <time>2026-08-07T16:10:55.000Z</time>
        <extensions>
          <ns3:TrackPointExtension>
            <ns3:hr>154</ns3:hr>
            <ns3:cad>83</ns3:cad>
          </ns3:TrackPointExtension>
        </extensions>
      </trkpt>
      <trkpt lat="31.334415972232818603515625" lon="118.35247638635337352752685546875">
        <ele>15.3999996185302734375</ele>
        <time>2026-08-07T16:10:56.000Z</time>
        <extensions>
          <ns3:TrackPointExtension>
            <ns3:hr>153</ns3:hr>
            <ns3:cad>83</ns3:cad>
          </ns3:TrackPointExtension>
        </extensions>
      </trkpt>
      <trkpt lat="31.33439526893198490142822265625" lon="118.35249046795070171356201171875">
        <ele>15.3999996185302734375</ele>
        <time>2026-08-07T16:10:57.000Z</time>
        <extensions>
          <ns3:TrackPointExtension>
            <ns3:hr>154</ns3:hr>
            <ns3:cad>84</ns3:cad>
          </ns3:TrackPointExtension>
        </extensions>
      </trkpt>
      <trkpt lat="31.33438386954367160797119140625" lon="118.35251100361347198486328125">
        <ele>15.3999996185302734375</ele>
        <time>2026-08-07T16:10:58.000Z</time>
        <extensions>
          <ns3:TrackPointExtension>
            <ns3:hr>153</ns3:hr>
            <ns3:cad>84</ns3:cad>
          </ns3:TrackPointExtension>
        </extensions>
      </trkpt>
      <trkpt lat="31.33436643518507480621337890625" lon="118.3525326289236545562744140625">
        <ele>15.3999996185302734375</ele>
        <time>2026-08-07T16:10:59.000Z</time>
        <extensions>
          <ns3:TrackPointExtension>
            <ns3:hr>154</ns3:hr>
            <ns3:cad>83</ns3:cad>
          </ns3:TrackPointExtension>
        </extensions>
      </trkpt>
      <trkpt lat="31.33434480987489223480224609375" lon="118.35255115292966365814208984375">
        <ele>15.3999996185302734375</ele>
        <time>2026-08-07T16:11:00.000Z</time>
        <extensions>
          <ns3:TrackPointExtension>
            <ns3:hr>154</ns3:hr>
            <ns3:cad>82</ns3:cad>
          </ns3:TrackPointExtension>
        </extensions>
      </trkpt>
      <trkpt lat="31.33433357812464237213134765625" lon="118.3525674976408481597900390625">
        <ele>15.3999996185302734375</ele>
        <time>2026-08-07T16:11:01.000Z</time>
        <extensions>
          <ns3:TrackPointExtension>
            <ns3:hr>154</ns3:hr>
            <ns3:cad>82</ns3:cad>
          </ns3:TrackPointExtension>
        </extensions>
      </trkpt>
      <trkpt lat="31.3343162275850772857666015625" lon="118.35257696919143199920654296875">
        <ele>15.3999996185302734375</ele>
        <time>2026-08-07T16:11:02.000Z</time>
        <extensions>
          <ns3:TrackPointExtension>
            <ns3:hr>154</ns3:hr>
            <ns3:cad>82</ns3:cad>
          </ns3:TrackPointExtension>
        </extensions>
      </trkpt>
      <trkpt lat="31.3342964462935924530029296875" lon="118.35258820094168186187744140625">
        <ele>15.3999996185302734375</ele>
        <time>2026-08-07T16:11:03.000Z</time>
        <extensions>
          <ns3:TrackPointExtension>
            <ns3:hr>153</ns3:hr>
            <ns3:cad>82</ns3:cad>
          </ns3:TrackPointExtension>
        </extensions>
      </trkpt>
      <trkpt lat="31.3342773355543613433837890625" lon="118.35260194726288318634033203125">
        <ele>15.19999980926513671875</ele>
        <time>2026-08-07T16:11:04.000Z</time>
        <extensions>
          <ns3:TrackPointExtension>
            <ns3:hr>153</ns3:hr>
            <ns3:cad>83</ns3:cad>
          </ns3:TrackPointExtension>
        </extensions>
      </trkpt>
      <trkpt lat="31.33425395004451274871826171875" lon="118.35262005217373371124267578125">
        <ele>15.19999980926513671875</ele>
        <time>2026-08-07T16:11:05.000Z</time>
        <extensions>
          <ns3:TrackPointExtension>
            <ns3:hr>153</ns3:hr>
            <ns3:cad>84</ns3:cad>
          </ns3:TrackPointExtension>
        </extensions>
      </trkpt>
      <trkpt lat="31.33423970080912113189697265625" lon="118.35264109075069427490234375">
        <ele>15.19999980926513671875</ele>
        <time>2026-08-07T16:11:06.000Z</time>
        <extensions>
          <ns3:TrackPointExtension>
            <ns3:hr>153</ns3:hr>
            <ns3:cad>84</ns3:cad>
          </ns3:TrackPointExtension>
        </extensions>
      </trkpt>
      <trkpt lat="31.33420701138675212860107421875" lon="118.35264385677874088287353515625">
        <ele>15.19999980926513671875</ele>
        <time>2026-08-07T16:11:07.000Z</time>
        <extensions>
          <ns3:TrackPointExtension>
            <ns3:hr>153</ns3:hr>
            <ns3:cad>84</ns3:cad>
          </ns3:TrackPointExtension>
        </extensions>
      </trkpt>
      <trkpt lat="31.33418354205787181854248046875" lon="118.35265290923416614532470703125">
        <ele>15.19999980926513671875</ele>
        <time>2026-08-07T16:11:08.000Z</time>
        <extensions>
          <ns3:TrackPointExtension>
            <ns3:hr>153</ns3:hr>
            <ns3:cad>84</ns3:cad>
          </ns3:TrackPointExtension>
        </extensions>
      </trkpt>
      <trkpt lat="31.33415336720645427703857421875" lon="118.3526586927473545074462890625">
        <ele>15.19999980926513671875</ele>
        <time>2026-08-07T16:11:09.000Z</time>
        <extensions>
          <ns3:TrackPointExtension>
            <ns3:hr>153</ns3:hr>
            <ns3:cad>84</ns3:cad>
          </ns3:TrackPointExtension>
        </extensions>
      </trkpt>
      <trkpt lat="31.334126628935337066650390625" lon="118.3526617102324962615966796875">
        <ele>15.19999980926513671875</ele>
        <time>2026-08-07T16:11:10.000Z</time>
        <extensions>
          <ns3:TrackPointExtension>
            <ns3:hr>152</ns3:hr>
            <ns3:cad>84</ns3:cad>
          </ns3:TrackPointExtension>
        </extensions>
      </trkpt>
      <trkpt lat="31.33410391397774219512939453125" lon="118.3526700921356678009033203125">
        <ele>15.3999996185302734375</ele>
        <time>2026-08-07T16:11:11.000Z</time>
        <extensions>
          <ns3:TrackPointExtension>
            <ns3:hr>152</ns3:hr>
            <ns3:cad>85</ns3:cad>
          </ns3:TrackPointExtension>
        </extensions>
      </trkpt>
      <trkpt lat="31.334072314202785491943359375" lon="118.35267419926822185516357421875">
        <ele>15.3999996185302734375</ele>
        <time>2026-08-07T16:11:12.000Z</time>
        <extensions>
          <ns3:TrackPointExtension>
            <ns3:hr>153</ns3:hr>
            <ns3:cad>85</ns3:cad>
          </ns3:TrackPointExtension>
        </extensions>
      </trkpt>
      <trkpt lat="31.3340617530047893524169921875" lon="118.35268878377974033355712890625">
        <ele>15.3999996185302734375</ele>
        <time>2026-08-07T16:11:13.000Z</time>
        <extensions>
          <ns3:TrackPointExtension>
            <ns3:hr>153</ns3:hr>
            <ns3:cad>85</ns3:cad>
          </ns3:TrackPointExtension>
        </extensions>
      </trkpt>
      <trkpt lat="31.33404574356973171234130859375" lon="118.35270873270928859710693359375">
        <ele>15.3999996185302734375</ele>
        <time>2026-08-07T16:11:14.000Z</time>
        <extensions>
          <ns3:TrackPointExtension>
            <ns3:hr>153</ns3:hr>
            <ns3:cad>84</ns3:cad>
          </ns3:TrackPointExtension>
        </extensions>
      </trkpt>
      <trkpt lat="31.33402881212532520294189453125" lon="118.3527311123907566070556640625">
        <ele>15.3999996185302734375</ele>
        <time>2026-08-07T16:11:15.000Z</time>
        <extensions>
          <ns3:TrackPointExtension>
            <ns3:hr>152</ns3:hr>
            <ns3:cad>84</ns3:cad>
          </ns3:TrackPointExtension>
        </extensions>
      </trkpt>
      <trkpt lat="31.33402227424085140228271484375" lon="118.35276103578507900238037109375">
        <ele>15.19999980926513671875</ele>
        <time>2026-08-07T16:11:16.000Z</time>
        <extensions>
          <ns3:TrackPointExtension>
            <ns3:hr>153</ns3:hr>
            <ns3:cad>84</ns3:cad>
          </ns3:TrackPointExtension>
        </extensions>
      </trkpt>
      <trkpt lat="31.33400048129260540008544921875" lon="118.35277520120143890380859375">
        <ele>15.19999980926513671875</ele>
        <time>2026-08-07T16:11:17.000Z</time>
        <extensions>
          <ns3:TrackPointExtension>
            <ns3:hr>152</ns3:hr>
            <ns3:cad>83</ns3:cad>
          </ns3:TrackPointExtension>
        </extensions>
      </trkpt>
      <trkpt lat="31.333976089954376220703125" lon="118.35278266109526157379150390625">
        <ele>15.19999980926513671875</ele>
        <time>2026-08-07T16:11:18.000Z</time>
        <extensions>
          <ns3:TrackPointExtension>
            <ns3:hr>152</ns3:hr>
            <ns3:cad>84</ns3:cad>
          </ns3:TrackPointExtension>
        </extensions>
      </trkpt>
      <trkpt lat="31.33395505137741565704345703125" lon="118.35278551094233989715576171875">
        <ele>15</ele>
        <time>2026-08-07T16:11:19.000Z</time>
        <extensions>
          <ns3:TrackPointExtension>
            <ns3:hr>152</ns3:hr>
            <ns3:cad>84</ns3:cad>
          </ns3:TrackPointExtension>
        </extensions>
      </trkpt>
      <trkpt lat="31.3339350186288356781005859375" lon="118.35278266109526157379150390625">
        <ele>15</ele>
        <time>2026-08-07T16:11:20.000Z</time>
        <extensions>
          <ns3:TrackPointExtension>
            <ns3:hr>152</ns3:hr>
            <ns3:cad>84</ns3:cad>
          </ns3:TrackPointExtension>
        </extensions>
      </trkpt>
      <trkpt lat="31.33391934446990489959716796875" lon="118.352782912552356719970703125">
        <ele>15</ele>
        <time>2026-08-07T16:11:21.000Z</time>
        <extensions>
          <ns3:TrackPointExtension>
            <ns3:hr>152</ns3:hr>
            <ns3:cad>84</ns3:cad>
          </ns3:TrackPointExtension>
        </extensions>
      </trkpt>
      <trkpt lat="31.33389201946556568145751953125" lon="118.35277386009693145751953125">
        <ele>15</ele>
        <time>2026-08-07T16:11:22.000Z</time>
        <extensions>
          <ns3:TrackPointExtension>
            <ns3:hr>153</ns3:hr>
            <ns3:cad>83</ns3:cad>
          </ns3:TrackPointExtension>
        </extensions>
      </trkpt>
      <trkpt lat="31.3338736630976200103759765625" lon="118.3527736924588680267333984375">
        <ele>15</ele>
        <time>2026-08-07T16:11:23.000Z</time>
        <extensions>
          <ns3:TrackPointExtension>
            <ns3:hr>153</ns3:hr>
            <ns3:cad>83</ns3:cad>
          </ns3:TrackPointExtension>
        </extensions>
      </trkpt>
      <trkpt lat="31.3338431529700756072998046875" lon="118.352772183716297149658203125">
        <ele>15.19999980926513671875</ele>
        <time>2026-08-07T16:11:24.000Z</time>
        <extensions>
          <ns3:TrackPointExtension>
            <ns3:hr>153</ns3:hr>
            <ns3:cad>84</ns3:cad>
          </ns3:TrackPointExtension>
        </extensions>
      </trkpt>
      <trkpt lat="31.33381390012800693511962890625" lon="118.35276841185986995697021484375">
        <ele>15.19999980926513671875</ele>
        <time>2026-08-07T16:11:25.000Z</time>
        <extensions>
          <ns3:TrackPointExtension>
            <ns3:hr>154</ns3:hr>
            <ns3:cad>85</ns3:cad>
          </ns3:TrackPointExtension>
        </extensions>
      </trkpt>
      <trkpt lat="31.33378825150430202484130859375" lon="118.35277562029659748077392578125">
        <ele>15</ele>
        <time>2026-08-07T16:11:26.000Z</time>
        <extensions>
          <ns3:TrackPointExtension>
            <ns3:hr>154</ns3:hr>
            <ns3:cad>85</ns3:cad>
          </ns3:TrackPointExtension>
        </extensions>
      </trkpt>
      <trkpt lat="31.33375572971999645233154296875" lon="118.35278081707656383514404296875">
        <ele>15</ele>
        <time>2026-08-07T16:11:27.000Z</time>
        <extensions>
          <ns3:TrackPointExtension>
            <ns3:hr>154</ns3:hr>
            <ns3:cad>85</ns3:cad>
          </ns3:TrackPointExtension>
        </extensions>
      </trkpt>
      <trkpt lat="31.33372756652534008026123046875" lon="118.3527944795787334442138671875">
        <ele>15</ele>
        <time>2026-08-07T16:11:28.000Z</time>
        <extensions>
          <ns3:TrackPointExtension>
            <ns3:hr>154</ns3:hr>
            <ns3:cad>83</ns3:cad>
          </ns3:TrackPointExtension>
        </extensions>
      </trkpt>
      <trkpt lat="31.333696134388446807861328125" lon="118.3528058789670467376708984375">
        <ele>15</ele>
        <time>2026-08-07T16:11:29.000Z</time>
        <extensions>
          <ns3:TrackPointExtension>
            <ns3:hr>155</ns3:hr>
            <ns3:cad>83</ns3:cad>
          </ns3:TrackPointExtension>
        </extensions>
      </trkpt>
      <trkpt lat="31.33366939611732959747314453125" lon="118.35281887091696262359619140625">
        <ele>15</ele>
        <time>2026-08-07T16:11:30.000Z</time>
        <extensions>
          <ns3:TrackPointExtension>
            <ns3:hr>154</ns3:hr>
            <ns3:cad>83</ns3:cad>
          </ns3:TrackPointExtension>
        </extensions>
      </trkpt>
      <trkpt lat="31.3336500339210033416748046875" lon="118.35283756256103515625">
        <ele>15</ele>
        <time>2026-08-07T16:11:31.000Z</time>
        <extensions>
          <ns3:TrackPointExtension>
            <ns3:hr>154</ns3:hr>
            <ns3:cad>83</ns3:cad>
          </ns3:TrackPointExtension>
        </extensions>
      </trkpt>
      <trkpt lat="31.3336233794689178466796875" lon="118.3528630435466766357421875">
        <ele>15</ele>
        <time>2026-08-07T16:11:32.000Z</time>
        <extensions>
          <ns3:TrackPointExtension>
            <ns3:hr>154</ns3:hr>
            <ns3:cad>83</ns3:cad>
          </ns3:TrackPointExtension>
        </extensions>
      </trkpt>
      <trkpt lat="31.33360669948160648345947265625" lon="118.35288743488490581512451171875">
        <ele>15</ele>
        <time>2026-08-07T16:11:33.000Z</time>
        <extensions>
          <ns3:TrackPointExtension>
            <ns3:hr>154</ns3:hr>
            <ns3:cad>83</ns3:cad>
          </ns3:TrackPointExtension>
        </extensions>
      </trkpt>
      <trkpt lat="31.33358222432434558868408203125" lon="118.35291601717472076416015625">
        <ele>15</ele>
        <time>2026-08-07T16:11:34.000Z</time>
        <extensions>
          <ns3:TrackPointExtension>
            <ns3:hr>153</ns3:hr>
            <ns3:cad>84</ns3:cad>
          </ns3:TrackPointExtension>
        </extensions>
      </trkpt>
      <trkpt lat="31.3335648737847805023193359375" lon="118.35294091142714023590087890625">
        <ele>15</ele>
        <time>2026-08-07T16:11:35.000Z</time>
        <extensions>
          <ns3:TrackPointExtension>
            <ns3:hr>152</ns3:hr>
            <ns3:cad>84</ns3:cad>
          </ns3:TrackPointExtension>
        </extensions>
      </trkpt>
      <trkpt lat="31.3335524685680866241455078125" lon="118.3529624529182910919189453125">
        <ele>15</ele>
        <time>2026-08-07T16:11:36.000Z</time>
        <extensions>
          <ns3:TrackPointExtension>
            <ns3:hr>152</ns3:hr>
            <ns3:cad>84</ns3:cad>
          </ns3:TrackPointExtension>
        </extensions>
      </trkpt>
      <trkpt lat="31.3335357047617435455322265625" lon="118.352991454303264617919921875">
        <ele>15</ele>
        <time>2026-08-07T16:11:37.000Z</time>
        <extensions>
          <ns3:TrackPointExtension>
            <ns3:hr>152</ns3:hr>
            <ns3:cad>83</ns3:cad>
          </ns3:TrackPointExtension>
        </extensions>
      </trkpt>
      <trkpt lat="31.33352749049663543701171875" lon="118.353014253079891204833984375">
        <ele>15.19999980926513671875</ele>
        <time>2026-08-07T16:11:38.000Z</time>
        <extensions>
          <ns3:TrackPointExtension>
            <ns3:hr>151</ns3:hr>
            <ns3:cad>83</ns3:cad>
          </ns3:TrackPointExtension>
        </extensions>
      </trkpt>
      <trkpt lat="31.33351617492735385894775390625" lon="118.353044427931308746337890625">
        <ele>15.19999980926513671875</ele>
        <time>2026-08-07T16:11:39.000Z</time>
        <extensions>
          <ns3:TrackPointExtension>
            <ns3:hr>151</ns3:hr>
            <ns3:cad>84</ns3:cad>
          </ns3:TrackPointExtension>
        </extensions>
      </trkpt>
      <trkpt lat="31.33350678719580173492431640625" lon="118.35307016037404537200927734375">
        <ele>15.19999980926513671875</ele>
        <time>2026-08-07T16:11:40.000Z</time>
        <extensions>
          <ns3:TrackPointExtension>
            <ns3:hr>151</ns3:hr>
            <ns3:cad>84</ns3:cad>
          </ns3:TrackPointExtension>
        </extensions>
      </trkpt>
      <trkpt lat="31.33350226096808910369873046875" lon="118.353097736835479736328125">
        <ele>15.19999980926513671875</ele>
        <time>2026-08-07T16:11:41.000Z</time>
        <extensions>
          <ns3:TrackPointExtension>
            <ns3:hr>152</ns3:hr>
            <ns3:cad>85</ns3:cad>
          </ns3:TrackPointExtension>
        </extensions>
      </trkpt>
      <trkpt lat="31.33348616771399974822998046875" lon="118.35312346927821636199951171875">
        <ele>15.19999980926513671875</ele>
        <time>2026-08-07T16:11:42.000Z</time>
        <extensions>
          <ns3:TrackPointExtension>
            <ns3:hr>152</ns3:hr>
            <ns3:cad>85</ns3:cad>
          </ns3:TrackPointExtension>
        </extensions>
      </trkpt>
      <trkpt lat="31.3334803842008113861083984375" lon="118.35314459167420864105224609375">
        <ele>15.19999980926513671875</ele>
        <time>2026-08-07T16:11:43.000Z</time>
        <extensions>
          <ns3:TrackPointExtension>
            <ns3:hr>151</ns3:hr>
            <ns3:cad>84</ns3:cad>
          </ns3:TrackPointExtension>
        </extensions>
      </trkpt>
      <trkpt lat="31.33345783688127994537353515625" lon="118.35317577235400676727294921875">
        <ele>15</ele>
        <time>2026-08-07T16:11:44.000Z</time>
        <extensions>
          <ns3:TrackPointExtension>
            <ns3:hr>151</ns3:hr>
            <ns3:cad>84</ns3:cad>
          </ns3:TrackPointExtension>
        </extensions>
      </trkpt>
      <trkpt lat="31.33343621157109737396240234375" lon="118.35319454781711101531982421875">
        <ele>15</ele>
        <time>2026-08-07T16:11:45.000Z</time>
        <extensions>
          <ns3:TrackPointExtension>
            <ns3:hr>151</ns3:hr>
            <ns3:cad>84</ns3:cad>
          </ns3:TrackPointExtension>
        </extensions>
      </trkpt>
      <trkpt lat="31.33340947329998016357421875" lon="118.353212065994739532470703125">
        <ele>15</ele>
        <time>2026-08-07T16:11:46.000Z</time>
        <extensions>
          <ns3:TrackPointExtension>
            <ns3:hr>152</ns3:hr>
            <ns3:cad>84</ns3:cad>
          </ns3:TrackPointExtension>
        </extensions>
      </trkpt>
      <trkpt lat="31.3333821482956409454345703125" lon="118.3532273210585117340087890625">
        <ele>15</ele>
        <time>2026-08-07T16:11:47.000Z</time>
        <extensions>
          <ns3:TrackPointExtension>
            <ns3:hr>151</ns3:hr>
            <ns3:cad>84</ns3:cad>
          </ns3:TrackPointExtension>
        </extensions>
      </trkpt>
      <trkpt lat="31.33336245082318782806396484375" lon="118.35324668325483798980712890625">
        <ele>15</ele>
        <time>2026-08-07T16:11:48.000Z</time>
        <extensions>
          <ns3:TrackPointExtension>
            <ns3:hr>151</ns3:hr>
            <ns3:cad>84</ns3:cad>
          </ns3:TrackPointExtension>
        </extensions>
      </trkpt>
      <trkpt lat="31.33333680219948291778564453125" lon="118.3532642014324665069580078125">
        <ele>15</ele>
        <time>2026-08-07T16:11:49.000Z</time>
        <extensions>
          <ns3:TrackPointExtension>
            <ns3:hr>151</ns3:hr>
            <ns3:cad>85</ns3:cad>
          </ns3:TrackPointExtension>
        </extensions>
      </trkpt>
      <trkpt lat="31.33331651799380779266357421875" lon="118.35327886976301670074462890625">
        <ele>15</ele>
        <time>2026-08-07T16:11:50.000Z</time>
        <extensions>
          <ns3:TrackPointExtension>
            <ns3:hr>152</ns3:hr>
            <ns3:cad>85</ns3:cad>
          </ns3:TrackPointExtension>
        </extensions>
      </trkpt>
      <trkpt lat="31.3332839123904705047607421875" lon="118.35329513065516948699951171875">
        <ele>15.19999980926513671875</ele>
        <time>2026-08-07T16:11:51.000Z</time>
        <extensions>
          <ns3:TrackPointExtension>
            <ns3:hr>152</ns3:hr>
            <ns3:cad>85</ns3:cad>
          </ns3:TrackPointExtension>
        </extensions>
      </trkpt>
      <trkpt lat="31.33325935341417789459228515625" lon="118.35330803878605365753173828125">
        <ele>15</ele>
        <time>2026-08-07T16:11:52.000Z</time>
        <extensions>
          <ns3:TrackPointExtension>
            <ns3:hr>152</ns3:hr>
            <ns3:cad>85</ns3:cad>
          </ns3:TrackPointExtension>
        </extensions>
      </trkpt>
      <trkpt lat="31.333234794437885284423828125" lon="118.35332647897303104400634765625">
        <ele>15</ele>
        <time>2026-08-07T16:11:53.000Z</time>
        <extensions>
          <ns3:TrackPointExtension>
            <ns3:hr>152</ns3:hr>
            <ns3:cad>85</ns3:cad>
          </ns3:TrackPointExtension>
        </extensions>
      </trkpt>
      <trkpt lat="31.3332054577767848968505859375" lon="118.35334709845483303070068359375">
        <ele>14.80000019073486328125</ele>
        <time>2026-08-07T16:11:54.000Z</time>
        <extensions>
          <ns3:TrackPointExtension>
            <ns3:hr>152</ns3:hr>
            <ns3:cad>85</ns3:cad>
          </ns3:TrackPointExtension>
        </extensions>
      </trkpt>
      <trkpt lat="31.33318684995174407958984375" lon="118.35336394608020782470703125">
        <ele>14.80000019073486328125</ele>
        <time>2026-08-07T16:11:55.000Z</time>
        <extensions>
          <ns3:TrackPointExtension>
            <ns3:hr>152</ns3:hr>
            <ns3:cad>85</ns3:cad>
          </ns3:TrackPointExtension>
        </extensions>
      </trkpt>
      <trkpt lat="31.33315105922520160675048828125" lon="118.35337710566818714141845703125">
        <ele>14.80000019073486328125</ele>
        <time>2026-08-07T16:11:56.000Z</time>
        <extensions>
          <ns3:TrackPointExtension>
            <ns3:hr>153</ns3:hr>
            <ns3:cad>85</ns3:cad>
          </ns3:TrackPointExtension>
        </extensions>
      </trkpt>
      <trkpt lat="31.33312708698213100433349609375" lon="118.3533879183232784271240234375">
        <ele>14.80000019073486328125</ele>
        <time>2026-08-07T16:11:57.000Z</time>
        <extensions>
          <ns3:TrackPointExtension>
            <ns3:hr>153</ns3:hr>
            <ns3:cad>85</ns3:cad>
          </ns3:TrackPointExtension>
        </extensions>
      </trkpt>
      <trkpt lat="31.33310294710099697113037109375" lon="118.3533968031406402587890625">
        <ele>14.6000003814697265625</ele>
        <time>2026-08-07T16:11:58.000Z</time>
        <extensions>
          <ns3:TrackPointExtension>
            <ns3:hr>153</ns3:hr>
            <ns3:cad>85</ns3:cad>
          </ns3:TrackPointExtension>
        </extensions>
      </trkpt>
      <trkpt lat="31.33307830430567264556884765625" lon="118.3534043468534946441650390625">
        <ele>14.6000003814697265625</ele>
        <time>2026-08-07T16:11:59.000Z</time>
        <extensions>
          <ns3:TrackPointExtension>
            <ns3:hr>153</ns3:hr>
            <ns3:cad>85</ns3:cad>
          </ns3:TrackPointExtension>
        </extensions>
      </trkpt>
      <trkpt lat="31.33306455798447132110595703125" lon="118.35340560413897037506103515625">
        <ele>14.6000003814697265625</ele>
        <time>2026-08-07T16:12:00.000Z</time>
        <extensions>
          <ns3:TrackPointExtension>
            <ns3:hr>153</ns3:hr>
            <ns3:cad>84</ns3:cad>
          </ns3:TrackPointExtension>
        </extensions>
      </trkpt>
      <trkpt lat="31.33304745890200138092041015625" lon="118.3534087054431438446044921875">
        <ele>14.80000019073486328125</ele>
        <time>2026-08-07T16:12:01.000Z</time>
        <extensions>
          <ns3:TrackPointExtension>
            <ns3:hr>154</ns3:hr>
            <ns3:cad>84</ns3:cad>
          </ns3:TrackPointExtension>
        </extensions>
      </trkpt>
      <trkpt lat="31.33303455077111721038818359375" lon="118.3534194342792034149169921875">
        <ele>14.80000019073486328125</ele>
        <time>2026-08-07T16:12:02.000Z</time>
        <extensions>
          <ns3:TrackPointExtension>
            <ns3:hr>154</ns3:hr>
            <ns3:cad>84</ns3:cad>
          </ns3:TrackPointExtension>
        </extensions>
      </trkpt>
      <trkpt lat="31.33300269953906536102294921875" lon="118.3534274809062480926513671875">
        <ele>15</ele>
        <time>2026-08-07T16:12:03.000Z</time>
        <extensions>
          <ns3:TrackPointExtension>
            <ns3:hr>154</ns3:hr>
            <ns3:cad>84</ns3:cad>
          </ns3:TrackPointExtension>
        </extensions>
      </trkpt>
      <trkpt lat="31.3329756259918212890625" lon="118.3534318394958972930908203125">
        <ele>15.19999980926513671875</ele>
        <time>2026-08-07T16:12:04.000Z</time>
        <extensions>
          <ns3:TrackPointExtension>
            <ns3:hr>154</ns3:hr>
            <ns3:cad>84</ns3:cad>
          </ns3:TrackPointExtension>
        </extensions>
      </trkpt>
      <trkpt lat="31.332949809730052947998046875" lon="118.35344047285616397857666015625">
        <ele>15.19999980926513671875</ele>
        <time>2026-08-07T16:12:05.000Z</time>
        <extensions>
          <ns3:TrackPointExtension>
            <ns3:hr>154</ns3:hr>
            <ns3:cad>84</ns3:cad>
          </ns3:TrackPointExtension>
        </extensions>
      </trkpt>
      <trkpt lat="31.332919634878635406494140625" lon="118.353440053761005401611328125">
        <ele>15.19999980926513671875</ele>
        <time>2026-08-07T16:12:06.000Z</time>
        <extensions>
          <ns3:TrackPointExtension>
            <ns3:hr>154</ns3:hr>
            <ns3:cad>84</ns3:cad>
          </ns3:TrackPointExtension>
        </extensions>
      </trkpt>
      <trkpt lat="31.3329033739864826202392578125" lon="118.35344868712127208709716796875">
        <ele>15.19999980926513671875</ele>
        <time>2026-08-07T16:12:07.000Z</time>
        <extensions>
          <ns3:TrackPointExtension>
            <ns3:hr>154</ns3:hr>
            <ns3:cad>82</ns3:cad>
          </ns3:TrackPointExtension>
        </extensions>
      </trkpt>
      <trkpt lat="31.33287311531603336334228515625" lon="118.35344634018838405609130859375">
        <ele>15.19999980926513671875</ele>
        <time>2026-08-07T16:12:08.000Z</time>
        <extensions>
          <ns3:TrackPointExtension>
            <ns3:hr>155</ns3:hr>
            <ns3:cad>82</ns3:cad>
          </ns3:TrackPointExtension>
        </extensions>
      </trkpt>
      <trkpt lat="31.33284755051136016845703125" lon="118.35344935767352581024169921875">
        <ele>15.19999980926513671875</ele>
        <time>2026-08-07T16:12:09.000Z</time>
        <extensions>
          <ns3:TrackPointExtension>
            <ns3:hr>154</ns3:hr>
            <ns3:cad>82</ns3:cad>
          </ns3:TrackPointExtension>
        </extensions>
      </trkpt>
      <trkpt lat="31.3328239135444164276123046875" lon="118.35345371626317501068115234375">
        <ele>15.19999980926513671875</ele>
        <time>2026-08-07T16:12:10.000Z</time>
        <extensions>
          <ns3:TrackPointExtension>
            <ns3:hr>154</ns3:hr>
            <ns3:cad>83</ns3:cad>
          </ns3:TrackPointExtension>
        </extensions>
      </trkpt>
      <trkpt lat="31.332794241607189178466796875" lon="118.35344483144581317901611328125">
        <ele>15.19999980926513671875</ele>
        <time>2026-08-07T16:12:11.000Z</time>
        <extensions>
          <ns3:TrackPointExtension>
            <ns3:hr>155</ns3:hr>
            <ns3:cad>84</ns3:cad>
          </ns3:TrackPointExtension>
        </extensions>
      </trkpt>
      <trkpt lat="31.332772113382816314697265625" lon="118.3534385450184345245361328125">
        <ele>15.19999980926513671875</ele>
        <time>2026-08-07T16:12:12.000Z</time>
        <extensions>
          <ns3:TrackPointExtension>
            <ns3:hr>154</ns3:hr>
            <ns3:cad>84</ns3:cad>
          </ns3:TrackPointExtension>
        </extensions>
      </trkpt>
      <trkpt lat="31.3327431119978427886962890625" lon="118.35343343205749988555908203125">
        <ele>15</ele>
        <time>2026-08-07T16:12:13.000Z</time>
        <extensions>
          <ns3:TrackPointExtension>
            <ns3:hr>154</ns3:hr>
            <ns3:cad>84</ns3:cad>
          </ns3:TrackPointExtension>
        </extensions>
      </trkpt>
      <trkpt lat="31.3327089138329029083251953125" lon="118.353429995477199554443359375">
        <ele>15</ele>
        <time>2026-08-07T16:12:14.000Z</time>
        <extensions>
          <ns3:TrackPointExtension>
            <ns3:hr>154</ns3:hr>
            <ns3:cad>84</ns3:cad>
          </ns3:TrackPointExtension>
        </extensions>
      </trkpt>
      <trkpt lat="31.33268770761787891387939453125" lon="118.35343368351459503173828125">
        <ele>15</ele>
        <time>2026-08-07T16:12:15.000Z</time>
        <extensions>
          <ns3:TrackPointExtension>
            <ns3:hr>154</ns3:hr>
            <ns3:cad>83</ns3:cad>
          </ns3:TrackPointExtension>
        </extensions>
      </trkpt>
      <trkpt lat="31.3326690159738063812255859375" lon="118.3534418977797031402587890625">
        <ele>15</ele>
        <time>2026-08-07T16:12:16.000Z</time>
        <extensions>
          <ns3:TrackPointExtension>
            <ns3:hr>153</ns3:hr>
            <ns3:cad>82</ns3:cad>
          </ns3:TrackPointExtension>
        </extensions>
      </trkpt>
      <trkpt lat="31.3326482288539409637451171875" lon="118.3534623496234416961669921875">
        <ele>15</ele>
        <time>2026-08-07T16:12:17.000Z</time>
        <extensions>
          <ns3:TrackPointExtension>
            <ns3:hr>153</ns3:hr>
            <ns3:cad>82</ns3:cad>
          </ns3:TrackPointExtension>
        </extensions>
      </trkpt>
      <trkpt lat="31.3326309621334075927734375" lon="118.353481628000736236572265625">
        <ele>15</ele>
        <time>2026-08-07T16:12:18.000Z</time>
        <extensions>
          <ns3:TrackPointExtension>
            <ns3:hr>153</ns3:hr>
            <ns3:cad>82</ns3:cad>
          </ns3:TrackPointExtension>
        </extensions>
      </trkpt>
      <trkpt lat="31.33261143229901790618896484375" lon="118.353494368493556976318359375">
        <ele>15</ele>
        <time>2026-08-07T16:12:19.000Z</time>
        <extensions>
          <ns3:TrackPointExtension>
            <ns3:hr>153</ns3:hr>
            <ns3:cad>83</ns3:cad>
          </ns3:TrackPointExtension>
        </extensions>
      </trkpt>
      <trkpt lat="31.33258947171270847320556640625" lon="118.3535042591392993927001953125">
        <ele>15</ele>
        <time>2026-08-07T16:12:20.000Z</time>
        <extensions>
          <ns3:TrackPointExtension>
            <ns3:hr>153</ns3:hr>
            <ns3:cad>83</ns3:cad>
          </ns3:TrackPointExtension>
        </extensions>
      </trkpt>
      <trkpt lat="31.3325664214789867401123046875" lon="118.353505432605743408203125">
        <ele>15</ele>
        <time>2026-08-07T16:12:21.000Z</time>
        <extensions>
          <ns3:TrackPointExtension>
            <ns3:hr>153</ns3:hr>
            <ns3:cad>83</ns3:cad>
          </ns3:TrackPointExtension>
        </extensions>
      </trkpt>
      <trkpt lat="31.33254420943558216094970703125" lon="118.3535014092922210693359375">
        <ele>15</ele>
        <time>2026-08-07T16:12:22.000Z</time>
        <extensions>
          <ns3:TrackPointExtension>
            <ns3:hr>153</ns3:hr>
            <ns3:cad>83</ns3:cad>
          </ns3:TrackPointExtension>
        </extensions>
      </trkpt>
      <trkpt lat="31.3325369171798229217529296875" lon="118.35350585170090198516845703125">
        <ele>15.19999980926513671875</ele>
        <time>2026-08-07T16:12:23.000Z</time>
        <extensions>
          <ns3:TrackPointExtension>
            <ns3:hr>153</ns3:hr>
            <ns3:cad>83</ns3:cad>
          </ns3:TrackPointExtension>
        </extensions>
      </trkpt>
      <trkpt lat="31.33211396634578704833984375" lon="118.3536608330905437469482421875">
        <ele>14.6000003814697265625</ele>
        <time>2026-08-07T16:13:49.000Z</time>
        <extensions>
          <ns3:TrackPointExtension>
            <ns3:hr>136</ns3:hr>
            <ns3:cad>57</ns3:cad>
          </ns3:TrackPointExtension>
        </extensions>
      </trkpt>
      <trkpt lat="31.33210198022425174713134765625" lon="118.353671729564666748046875">
        <ele>14.3999996185302734375</ele>
        <time>2026-08-07T16:13:50.000Z</time>
        <extensions>
          <ns3:TrackPointExtension>
            <ns3:hr>136</ns3:hr>
            <ns3:cad>46</ns3:cad>
          </ns3:TrackPointExtension>
        </extensions>
      </trkpt>
      <trkpt lat="31.332085132598876953125" lon="118.3536837995052337646484375">
        <ele>14.3999996185302734375</ele>
        <time>2026-08-07T16:13:51.000Z</time>
        <extensions>
          <ns3:TrackPointExtension>
            <ns3:hr>135</ns3:hr>
            <ns3:cad>0</ns3:cad>
          </ns3:TrackPointExtension>
        </extensions>
      </trkpt>
      <trkpt lat="31.332065351307392120361328125" lon="118.3536970429122447967529296875">
        <ele>14.3999996185302734375</ele>
        <time>2026-08-07T16:13:52.000Z</time>
        <extensions>
          <ns3:TrackPointExtension>
            <ns3:hr>135</ns3:hr>
            <ns3:cad>0</ns3:cad>
          </ns3:TrackPointExtension>
        </extensions>
      </trkpt>
      <trkpt lat="31.33203827776014804840087890625" lon="118.3537091128528118133544921875">
        <ele>14.3999996185302734375</ele>
        <time>2026-08-07T16:13:53.000Z</time>
        <extensions>
          <ns3:TrackPointExtension>
            <ns3:hr>135</ns3:hr>
            <ns3:cad>0</ns3:cad>
          </ns3:TrackPointExtension>
        </extensions>
      </trkpt>
      <trkpt lat="31.332016400992870330810546875" lon="118.35371724329888820648193359375">
        <ele>14.19999980926513671875</ele>
        <time>2026-08-07T16:13:54.000Z</time>
        <extensions>
          <ns3:TrackPointExtension>
            <ns3:hr>135</ns3:hr>
            <ns3:cad>0</ns3:cad>
          </ns3:TrackPointExtension>
        </extensions>
      </trkpt>
      <trkpt lat="31.33198983035981655120849609375" lon="118.35372663103044033050537109375">
        <ele>14.19999980926513671875</ele>
        <time>2026-08-07T16:13:55.000Z</time>
        <extensions>
          <ns3:TrackPointExtension>
            <ns3:hr>134</ns3:hr>
            <ns3:cad>80</ns3:cad>
          </ns3:TrackPointExtension>
        </extensions>
      </trkpt>
      <trkpt lat="31.33196619339287281036376953125" lon="118.353727720677852630615234375">
        <ele>14.19999980926513671875</ele>
        <time>2026-08-07T16:13:56.000Z</time>
        <extensions>
          <ns3:TrackPointExtension>
            <ns3:hr>134</ns3:hr>
            <ns3:cad>84</ns3:cad>
          </ns3:TrackPointExtension>
        </extensions>
      </trkpt>
      <trkpt lat="31.331950016319751739501953125" lon="118.3537181653082370758056640625">
        <ele>14.19999980926513671875</ele>
        <time>2026-08-07T16:13:57.000Z</time>
        <extensions>
          <ns3:TrackPointExtension>
            <ns3:hr>135</ns3:hr>
            <ns3:cad>85</ns3:cad>
          </ns3:TrackPointExtension>
        </extensions>
      </trkpt>
      <trkpt lat="31.33193752728402614593505859375" lon="118.3537010662257671356201171875">
        <ele>14.19999980926513671875</ele>
        <time>2026-08-07T16:13:58.000Z</time>
        <extensions>
          <ns3:TrackPointExtension>
            <ns3:hr>136</ns3:hr>
            <ns3:cad>85</ns3:cad>
          </ns3:TrackPointExtension>
        </extensions>
      </trkpt>
      <trkpt lat="31.33193199522793292999267578125" lon="118.353688828647136688232421875">
        <ele>14.19999980926513671875</ele>
        <time>2026-08-07T16:13:59.000Z</time>
        <extensions>
          <ns3:TrackPointExtension>
            <ns3:hr>136</ns3:hr>
            <ns3:cad>85</ns3:cad>
          </ns3:TrackPointExtension>
        </extensions>
      </trkpt>
      <trkpt lat="31.3319183327257633209228515625" lon="118.35367483086884021759033203125">
        <ele>14</ele>
        <time>2026-08-07T16:14:00.000Z</time>
        <extensions>
          <ns3:TrackPointExtension>
            <ns3:hr>136</ns3:hr>
            <ns3:cad>85</ns3:cad>
          </ns3:TrackPointExtension>
        </extensions>
      </trkpt>
      <trkpt lat="31.33189226500689983367919921875" lon="118.3536729030311107635498046875">
        <ele>13.80000019073486328125</ele>
        <time>2026-08-07T16:14:01.000Z</time>
        <extensions>
          <ns3:TrackPointExtension>
            <ns3:hr>136</ns3:hr>
            <ns3:cad>85</ns3:cad>
          </ns3:TrackPointExtension>
        </extensions>
      </trkpt>
      <trkpt lat="31.33187516592442989349365234375" lon="118.3536837995052337646484375">
        <ele>13.6000003814697265625</ele>
        <time>2026-08-07T16:14:02.000Z</time>
        <extensions>
          <ns3:TrackPointExtension>
            <ns3:hr>136</ns3:hr>
            <ns3:cad>83</ns3:cad>
          </ns3:TrackPointExtension>
        </extensions>
      </trkpt>
      <trkpt lat="31.33184733800590038299560546875" lon="118.353700898587703704833984375">
        <ele>13.3999996185302734375</ele>
        <time>2026-08-07T16:14:03.000Z</time>
        <extensions>
          <ns3:TrackPointExtension>
            <ns3:hr>136</ns3:hr>
            <ns3:cad>81</ns3:cad>
          </ns3:TrackPointExtension>
        </extensions>
      </trkpt>
      <trkpt lat="31.331823281943798065185546875" lon="118.35371942259371280670166015625">
        <ele>13.3999996185302734375</ele>
        <time>2026-08-07T16:14:04.000Z</time>
        <extensions>
          <ns3:TrackPointExtension>
            <ns3:hr>136</ns3:hr>
            <ns3:cad>81</ns3:cad>
          </ns3:TrackPointExtension>
        </extensions>
      </trkpt>
      <trkpt lat="31.33179503493010997772216796875" lon="118.35374071262776851654052734375">
        <ele>13.3999996185302734375</ele>
        <time>2026-08-07T16:14:05.000Z</time>
        <extensions>
          <ns3:TrackPointExtension>
            <ns3:hr>136</ns3:hr>
            <ns3:cad>86</ns3:cad>
          </ns3:TrackPointExtension>
        </extensions>
      </trkpt>
      <trkpt lat="31.33176586590707302093505859375" lon="118.35375823080539703369140625">
        <ele>13.6000003814697265625</ele>
        <time>2026-08-07T16:14:06.000Z</time>
        <extensions>
          <ns3:TrackPointExtension>
            <ns3:hr>135</ns3:hr>
            <ns3:cad>86</ns3:cad>
          </ns3:TrackPointExtension>
        </extensions>
      </trkpt>
      <trkpt lat="31.33174088783562183380126953125" lon="118.353782035410404205322265625">
        <ele>13.6000003814697265625</ele>
        <time>2026-08-07T16:14:07.000Z</time>
        <extensions>
          <ns3:TrackPointExtension>
            <ns3:hr>136</ns3:hr>
            <ns3:cad>85</ns3:cad>
          </ns3:TrackPointExtension>
        </extensions>
      </trkpt>
      <trkpt lat="31.33170803077518939971923828125" lon="118.353797458112239837646484375">
        <ele>13.6000003814697265625</ele>
        <time>2026-08-07T16:14:08.000Z</time>
        <extensions>
          <ns3:TrackPointExtension>
            <ns3:hr>137</ns3:hr>
            <ns3:cad>85</ns3:cad>
          </ns3:TrackPointExtension>
        </extensions>
      </trkpt>
      <trkpt lat="31.33168422617018222808837890625" lon="118.353813551366329193115234375">
        <ele>13.6000003814697265625</ele>
        <time>2026-08-07T16:14:09.000Z</time>
        <extensions>
          <ns3:TrackPointExtension>
            <ns3:hr>138</ns3:hr>
            <ns3:cad>85</ns3:cad>
          </ns3:TrackPointExtension>
        </extensions>
      </trkpt>
      <trkpt lat="31.33165304549038410186767578125" lon="118.35382805205881595611572265625">
        <ele>13.6000003814697265625</ele>
        <time>2026-08-07T16:14:10.000Z</time>
        <extensions>
          <ns3:TrackPointExtension>
            <ns3:hr>139</ns3:hr>
            <ns3:cad>86</ns3:cad>
          </ns3:TrackPointExtension>
        </extensions>
      </trkpt>
      <trkpt lat="31.3316293247044086456298828125" lon="118.35384196601808071136474609375">
        <ele>13.3999996185302734375</ele>
        <time>2026-08-07T16:14:11.000Z</time>
        <extensions>
          <ns3:TrackPointExtension>
            <ns3:hr>140</ns3:hr>
            <ns3:cad>86</ns3:cad>
          </ns3:TrackPointExtension>
        </extensions>
      </trkpt>
      <trkpt lat="31.33160032331943511962890625" lon="118.35385738871991634368896484375">
        <ele>13.3999996185302734375</ele>
        <time>2026-08-07T16:14:12.000Z</time>
        <extensions>
          <ns3:TrackPointExtension>
            <ns3:hr>141</ns3:hr>
            <ns3:cad>86</ns3:cad>
          </ns3:TrackPointExtension>
        </extensions>
      </trkpt>
      <trkpt lat="31.33157190866768360137939453125" lon="118.35387046448886394500732421875">
        <ele>13.3999996185302734375</ele>
        <time>2026-08-07T16:14:13.000Z</time>
        <extensions>
          <ns3:TrackPointExtension>
            <ns3:hr>141</ns3:hr>
            <ns3:cad>86</ns3:cad>
          </ns3:TrackPointExtension>
        </extensions>
      </trkpt>
      <trkpt lat="31.33154860697686672210693359375" lon="118.35388890467584133148193359375">
        <ele>13.3999996185302734375</ele>
        <time>2026-08-07T16:14:14.000Z</time>
        <extensions>
          <ns3:TrackPointExtension>
            <ns3:hr>142</ns3:hr>
            <ns3:cad>86</ns3:cad>
          </ns3:TrackPointExtension>
        </extensions>
      </trkpt>
      <trkpt lat="31.3315186835825443267822265625" lon="118.353901393711566925048828125">
        <ele>13.3999996185302734375</ele>
        <time>2026-08-07T16:14:15.000Z</time>
        <extensions>
          <ns3:TrackPointExtension>
            <ns3:hr>143</ns3:hr>
            <ns3:cad>86</ns3:cad>
          </ns3:TrackPointExtension>
        </extensions>
      </trkpt>
      <trkpt lat="31.3314995728433132171630859375" lon="118.3539166487753391265869140625">
        <ele>13.3999996185302734375</ele>
        <time>2026-08-07T16:14:16.000Z</time>
        <extensions>
          <ns3:TrackPointExtension>
            <ns3:hr>143</ns3:hr>
            <ns3:cad>85</ns3:cad>
          </ns3:TrackPointExtension>
        </extensions>
      </trkpt>
      <trkpt lat="31.331469230353832244873046875" lon="118.35393349640071392059326171875">
        <ele>13.3999996185302734375</ele>
        <time>2026-08-07T16:14:17.000Z</time>
        <extensions>
          <ns3:TrackPointExtension>
            <ns3:hr>144</ns3:hr>
            <ns3:cad>85</ns3:cad>
          </ns3:TrackPointExtension>
        </extensions>
      </trkpt>
      <trkpt lat="31.33144517429172992706298828125" lon="118.3539493381977081298828125">
        <ele>13.3999996185302734375</ele>
        <time>2026-08-07T16:14:18.000Z</time>
        <extensions>
          <ns3:TrackPointExtension>
            <ns3:hr>144</ns3:hr>
            <ns3:cad>85</ns3:cad>
          </ns3:TrackPointExtension>
        </extensions>
      </trkpt>
      <trkpt lat="31.331416927278041839599609375" lon="118.3539652638137340545654296875">
        <ele>13.3999996185302734375</ele>
        <time>2026-08-07T16:14:19.000Z</time>
        <extensions>
          <ns3:TrackPointExtension>
            <ns3:hr>144</ns3:hr>
            <ns3:cad>85</ns3:cad>
          </ns3:TrackPointExtension>
        </extensions>
      </trkpt>
      <trkpt lat="31.33139111101627349853515625" lon="118.35397959686815738677978515625">
        <ele>13.3999996185302734375</ele>
        <time>2026-08-07T16:14:20.000Z</time>
        <extensions>
          <ns3:TrackPointExtension>
            <ns3:hr>145</ns3:hr>
            <ns3:cad>85</ns3:cad>
          </ns3:TrackPointExtension>
        </extensions>
      </trkpt>
      <trkpt lat="31.33136873133480548858642578125" lon="118.353999964892864227294921875">
        <ele>13.3999996185302734375</ele>
        <time>2026-08-07T16:14:21.000Z</time>
        <extensions>
          <ns3:TrackPointExtension>
            <ns3:hr>145</ns3:hr>
            <ns3:cad>85</ns3:cad>
          </ns3:TrackPointExtension>
        </extensions>
      </trkpt>
      <trkpt lat="31.331337131559848785400390625" lon="118.35401178337633609771728515625">
        <ele>13.3999996185302734375</ele>
        <time>2026-08-07T16:14:22.000Z</time>
        <extensions>
          <ns3:TrackPointExtension>
            <ns3:hr>146</ns3:hr>
            <ns3:cad>85</ns3:cad>
          </ns3:TrackPointExtension>
        </extensions>
      </trkpt>
      <trkpt lat="31.3313148356974124908447265625" lon="118.35402511060237884521484375">
        <ele>13.3999996185302734375</ele>
        <time>2026-08-07T16:14:23.000Z</time>
        <extensions>
          <ns3:TrackPointExtension>
            <ns3:hr>146</ns3:hr>
            <ns3:cad>85</ns3:cad>
          </ns3:TrackPointExtension>
        </extensions>
      </trkpt>
      <trkpt lat="31.33128290064632892608642578125" lon="118.35404195822775363922119140625">
        <ele>13.3999996185302734375</ele>
        <time>2026-08-07T16:14:24.000Z</time>
        <extensions>
          <ns3:TrackPointExtension>
            <ns3:hr>146</ns3:hr>
            <ns3:cad>85</ns3:cad>
          </ns3:TrackPointExtension>
        </extensions>
      </trkpt>
      <trkpt lat="31.3312578387558460235595703125" lon="118.354060649871826171875">
        <ele>13.3999996185302734375</ele>
        <time>2026-08-07T16:14:25.000Z</time>
        <extensions>
          <ns3:TrackPointExtension>
            <ns3:hr>146</ns3:hr>
            <ns3:cad>85</ns3:cad>
          </ns3:TrackPointExtension>
        </extensions>
      </trkpt>
      <trkpt lat="31.33123093284666538238525390625" lon="118.35407741367816925048828125">
        <ele>13.3999996185302734375</ele>
        <time>2026-08-07T16:14:26.000Z</time>
        <extensions>
          <ns3:TrackPointExtension>
            <ns3:hr>147</ns3:hr>
            <ns3:cad>85</ns3:cad>
          </ns3:TrackPointExtension>
        </extensions>
      </trkpt>
      <trkpt lat="31.331204362213611602783203125" lon="118.35409141145646572113037109375">
        <ele>13.3999996185302734375</ele>
        <time>2026-08-07T16:14:27.000Z</time>
        <extensions>
          <ns3:TrackPointExtension>
            <ns3:hr>147</ns3:hr>
            <ns3:cad>85</ns3:cad>
          </ns3:TrackPointExtension>
        </extensions>
      </trkpt>
      <trkpt lat="31.33118080906569957733154296875" lon="118.35410767234861850738525390625">
        <ele>13.3999996185302734375</ele>
        <time>2026-08-07T16:14:28.000Z</time>
        <extensions>
          <ns3:TrackPointExtension>
            <ns3:hr>147</ns3:hr>
            <ns3:cad>86</ns3:cad>
          </ns3:TrackPointExtension>
        </extensions>
      </trkpt>
      <trkpt lat="31.33115373551845550537109375" lon="118.35411873646080493927001953125">
        <ele>13.3999996185302734375</ele>
        <time>2026-08-07T16:14:29.000Z</time>
        <extensions>
          <ns3:TrackPointExtension>
            <ns3:hr>148</ns3:hr>
            <ns3:cad>86</ns3:cad>
          </ns3:TrackPointExtension>
        </extensions>
      </trkpt>
      <trkpt lat="31.33113496005535125732421875" lon="118.354133069515228271484375">
        <ele>13.3999996185302734375</ele>
        <time>2026-08-07T16:14:30.000Z</time>
        <extensions>
          <ns3:TrackPointExtension>
            <ns3:hr>148</ns3:hr>
            <ns3:cad>86</ns3:cad>
          </ns3:TrackPointExtension>
        </extensions>
      </trkpt>
      <trkpt lat="31.331099756062030792236328125" lon="118.354149498045444488525390625">
        <ele>13.6000003814697265625</ele>
        <time>2026-08-07T16:14:31.000Z</time>
        <extensions>
          <ns3:TrackPointExtension>
            <ns3:hr>149</ns3:hr>
            <ns3:cad>85</ns3:cad>
          </ns3:TrackPointExtension>
        </extensions>
      </trkpt>
      <trkpt lat="31.33107569999992847442626953125" lon="118.35416466929018497467041015625">
        <ele>13.6000003814697265625</ele>
        <time>2026-08-07T16:14:32.000Z</time>
        <extensions>
          <ns3:TrackPointExtension>
            <ns3:hr>149</ns3:hr>
            <ns3:cad>85</ns3:cad>
          </ns3:TrackPointExtension>
        </extensions>
      </trkpt>
      <trkpt lat="31.33104435168206691741943359375" lon="118.35418528877198696136474609375">
        <ele>13.6000003814697265625</ele>
        <time>2026-08-07T16:14:33.000Z</time>
        <extensions>
          <ns3:TrackPointExtension>
            <ns3:hr>150</ns3:hr>
            <ns3:cad>85</ns3:cad>
          </ns3:TrackPointExtension>
        </extensions>
      </trkpt>
      <trkpt lat="31.33101694285869598388671875" lon="118.35420138202607631683349609375">
        <ele>13.6000003814697265625</ele>
        <time>2026-08-07T16:14:34.000Z</time>
        <extensions>
          <ns3:TrackPointExtension>
            <ns3:hr>150</ns3:hr>
            <ns3:cad>85</ns3:cad>
          </ns3:TrackPointExtension>
        </extensions>
      </trkpt>
      <trkpt lat="31.33099188096821308135986328125" lon="118.35421982221305370330810546875">
        <ele>13.6000003814697265625</ele>
        <time>2026-08-07T16:14:35.000Z</time>
        <extensions>
          <ns3:TrackPointExtension>
            <ns3:hr>150</ns3:hr>
            <ns3:cad>85</ns3:cad>
          </ns3:TrackPointExtension>
        </extensions>
      </trkpt>
      <trkpt lat="31.3309604488313198089599609375" lon="118.35423105396330356597900390625">
        <ele>13.6000003814697265625</ele>
        <time>2026-08-07T16:14:36.000Z</time>
        <extensions>
          <ns3:TrackPointExtension>
            <ns3:hr>151</ns3:hr>
            <ns3:cad>86</ns3:cad>
          </ns3:TrackPointExtension>
        </extensions>
      </trkpt>
      <trkpt lat="31.33093756623566150665283203125" lon="118.3542499132454395294189453125">
        <ele>13.6000003814697265625</ele>
        <time>2026-08-07T16:14:37.000Z</time>
        <extensions>
          <ns3:TrackPointExtension>
            <ns3:hr>151</ns3:hr>
            <ns3:cad>86</ns3:cad>
          </ns3:TrackPointExtension>
        </extensions>
      </trkpt>
      <trkpt lat="31.3309063017368316650390625" lon="118.3542686887085437774658203125">
        <ele>13.6000003814697265625</ele>
        <time>2026-08-07T16:14:38.000Z</time>
        <extensions>
          <ns3:TrackPointExtension>
            <ns3:hr>152</ns3:hr>
            <ns3:cad>86</ns3:cad>
          </ns3:TrackPointExtension>
        </extensions>
      </trkpt>
      <trkpt lat="31.33088207803666591644287109375" lon="118.35428318940103054046630859375">
        <ele>13.3999996185302734375</ele>
        <time>2026-08-07T16:14:39.000Z</time>
        <extensions>
          <ns3:TrackPointExtension>
            <ns3:hr>152</ns3:hr>
            <ns3:cad>86</ns3:cad>
          </ns3:TrackPointExtension>
        </extensions>
      </trkpt>
      <trkpt lat="31.33085592649877071380615234375" lon="118.354299366474151611328125">
        <ele>13.6000003814697265625</ele>
        <time>2026-08-07T16:14:40.000Z</time>
        <extensions>
          <ns3:TrackPointExtension>
            <ns3:hr>153</ns3:hr>
            <ns3:cad>85</ns3:cad>
          </ns3:TrackPointExtension>
        </extensions>
      </trkpt>
      <trkpt lat="31.33083128370344638824462890625" lon="118.3543136157095432281494140625">
        <ele>13.6000003814697265625</ele>
        <time>2026-08-07T16:14:41.000Z</time>
        <extensions>
          <ns3:TrackPointExtension>
            <ns3:hr>154</ns3:hr>
            <ns3:cad>85</ns3:cad>
          </ns3:TrackPointExtension>
        </extensions>
      </trkpt>
      <trkpt lat="31.330809406936168670654296875" lon="118.3543328940868377685546875">
        <ele>13.6000003814697265625</ele>
        <time>2026-08-07T16:14:42.000Z</time>
        <extensions>
          <ns3:TrackPointExtension>
            <ns3:hr>154</ns3:hr>
            <ns3:cad>86</ns3:cad>
          </ns3:TrackPointExtension>
        </extensions>
      </trkpt>
      <trkpt lat="31.3307775557041168212890625" lon="118.3543508313596248626708984375">
        <ele>13.6000003814697265625</ele>
        <time>2026-08-07T16:14:43.000Z</time>
        <extensions>
          <ns3:TrackPointExtension>
            <ns3:hr>155</ns3:hr>
            <ns3:cad>86</ns3:cad>
          </ns3:TrackPointExtension>
        </extensions>
      </trkpt>
      <trkpt lat="31.33075584657490253448486328125" lon="118.35436617024242877960205078125">
        <ele>13.6000003814697265625</ele>
        <time>2026-08-07T16:14:44.000Z</time>
        <extensions>
          <ns3:TrackPointExtension>
            <ns3:hr>156</ns3:hr>
            <ns3:cad>86</ns3:cad>
          </ns3:TrackPointExtension>
        </extensions>
      </trkpt>
      <trkpt lat="31.33072684518992900848388671875" lon="118.35437924601137638092041015625">
        <ele>13.6000003814697265625</ele>
        <time>2026-08-07T16:14:45.000Z</time>
        <extensions>
          <ns3:TrackPointExtension>
            <ns3:hr>157</ns3:hr>
            <ns3:cad>85</ns3:cad>
          </ns3:TrackPointExtension>
        </extensions>
      </trkpt>
      <trkpt lat="31.3307022862136363983154296875" lon="118.354390226304531097412109375">
        <ele>13.6000003814697265625</ele>
        <time>2026-08-07T16:14:46.000Z</time>
        <extensions>
          <ns3:TrackPointExtension>
            <ns3:hr>157</ns3:hr>
            <ns3:cad>85</ns3:cad>
          </ns3:TrackPointExtension>
        </extensions>
      </trkpt>
      <trkpt lat="31.33067898452281951904296875" lon="118.35441000759601593017578125">
        <ele>13.3999996185302734375</ele>
        <time>2026-08-07T16:14:47.000Z</time>
        <extensions>
          <ns3:TrackPointExtension>
            <ns3:hr>158</ns3:hr>
            <ns3:cad>85</ns3:cad>
          </ns3:TrackPointExtension>
        </extensions>
      </trkpt>
      <trkpt lat="31.33065358735620975494384765625" lon="118.35442299954593181610107421875">
        <ele>13.3999996185302734375</ele>
        <time>2026-08-07T16:14:48.000Z</time>
        <extensions>
          <ns3:TrackPointExtension>
            <ns3:hr>158</ns3:hr>
            <ns3:cad>85</ns3:cad>
          </ns3:TrackPointExtension>
        </extensions>
      </trkpt>
      <trkpt lat="31.3306322135031223297119140625" lon="118.354438841342926025390625">
        <ele>13.3999996185302734375</ele>
        <time>2026-08-07T16:14:49.000Z</time>
        <extensions>
          <ns3:TrackPointExtension>
            <ns3:hr>158</ns3:hr>
            <ns3:cad>86</ns3:cad>
          </ns3:TrackPointExtension>
        </extensions>
      </trkpt>
      <trkpt lat="31.3306027092039585113525390625" lon="118.35445585660636425018310546875">
        <ele>13.3999996185302734375</ele>
        <time>2026-08-07T16:14:50.000Z</time>
        <extensions>
          <ns3:TrackPointExtension>
            <ns3:hr>159</ns3:hr>
            <ns3:cad>86</ns3:cad>
          </ns3:TrackPointExtension>
        </extensions>
      </trkpt>
      <trkpt lat="31.330580748617649078369140625" lon="118.35446960292756557464599609375">
        <ele>13.3999996185302734375</ele>
        <time>2026-08-07T16:14:51.000Z</time>
        <extensions>
          <ns3:TrackPointExtension>
            <ns3:hr>159</ns3:hr>
            <ns3:cad>86</ns3:cad>
          </ns3:TrackPointExtension>
        </extensions>
      </trkpt>
      <trkpt lat="31.33055283688008785247802734375" lon="118.3544825948774814605712890625">
        <ele>13.3999996185302734375</ele>
        <time>2026-08-07T16:14:52.000Z</time>
        <extensions>
          <ns3:TrackPointExtension>
            <ns3:hr>159</ns3:hr>
            <ns3:cad>85</ns3:cad>
          </ns3:TrackPointExtension>
        </extensions>
      </trkpt>
      <trkpt lat="31.3305279426276683807373046875" lon="118.354488126933574676513671875">
        <ele>13.3999996185302734375</ele>
        <time>2026-08-07T16:14:53.000Z</time>
        <extensions>
          <ns3:TrackPointExtension>
            <ns3:hr>159</ns3:hr>
            <ns3:cad>84</ns3:cad>
          </ns3:TrackPointExtension>
        </extensions>
      </trkpt>
      <trkpt lat="31.33050371892750263214111328125" lon="118.35449961014091968536376953125">
        <ele>13.3999996185302734375</ele>
        <time>2026-08-07T16:14:54.000Z</time>
        <extensions>
          <ns3:TrackPointExtension>
            <ns3:hr>159</ns3:hr>
            <ns3:cad>84</ns3:cad>
          </ns3:TrackPointExtension>
        </extensions>
      </trkpt>
      <trkpt lat="31.3304732926189899444580078125" lon="118.3545063994824886322021484375">
        <ele>13.3999996185302734375</ele>
        <time>2026-08-07T16:14:55.000Z</time>
        <extensions>
          <ns3:TrackPointExtension>
            <ns3:hr>160</ns3:hr>
            <ns3:cad>84</ns3:cad>
          </ns3:TrackPointExtension>
        </extensions>
      </trkpt>
      <trkpt lat="31.330452673137187957763671875" lon="118.35451352410018444061279296875">
        <ele>13.6000003814697265625</ele>
        <time>2026-08-07T16:14:56.000Z</time>
        <extensions>
          <ns3:TrackPointExtension>
            <ns3:hr>160</ns3:hr>
            <ns3:cad>84</ns3:cad>
          </ns3:TrackPointExtension>
        </extensions>
      </trkpt>
      <trkpt lat="31.33042057044804096221923828125" lon="118.35451670922338962554931640625">
        <ele>13.3999996185302734375</ele>
        <time>2026-08-07T16:14:57.000Z</time>
        <extensions>
          <ns3:TrackPointExtension>
            <ns3:hr>160</ns3:hr>
            <ns3:cad>85</ns3:cad>
          </ns3:TrackPointExtension>
        </extensions>
      </trkpt>
      <trkpt lat="31.330397687852382659912109375" lon="118.35452257655560970306396484375">
        <ele>13.6000003814697265625</ele>
        <time>2026-08-07T16:14:58.000Z</time>
        <extensions>
          <ns3:TrackPointExtension>
            <ns3:hr>160</ns3:hr>
            <ns3:cad>85</ns3:cad>
          </ns3:TrackPointExtension>
        </extensions>
      </trkpt>
      <trkpt lat="31.33036977611482143402099609375" lon="118.35452928207814693450927734375">
        <ele>13.6000003814697265625</ele>
        <time>2026-08-07T16:14:59.000Z</time>
        <extensions>
          <ns3:TrackPointExtension>
            <ns3:hr>160</ns3:hr>
            <ns3:cad>85</ns3:cad>
          </ns3:TrackPointExtension>
        </extensions>
      </trkpt>
      <trkpt lat="31.33034412749111652374267578125" lon="118.35453070700168609619140625">
        <ele>13.6000003814697265625</ele>
        <time>2026-08-07T16:15:00.000Z</time>
        <extensions>
          <ns3:TrackPointExtension>
            <ns3:hr>160</ns3:hr>
            <ns3:cad>85</ns3:cad>
          </ns3:TrackPointExtension>
        </extensions>
      </trkpt>
      <trkpt lat="31.33032484911382198333740234375" lon="118.3545375801622867584228515625">
        <ele>13.6000003814697265625</ele>
        <time>2026-08-07T16:15:01.000Z</time>
        <extensions>
          <ns3:TrackPointExtension>
            <ns3:hr>160</ns3:hr>
            <ns3:cad>85</ns3:cad>
          </ns3:TrackPointExtension>
        </extensions>
      </trkpt>
      <trkpt lat="31.33030221797525882720947265625" lon="118.3545298688113689422607421875">
        <ele>13.6000003814697265625</ele>
        <time>2026-08-07T16:15:02.000Z</time>
        <extensions>
          <ns3:TrackPointExtension>
            <ns3:hr>160</ns3:hr>
            <ns3:cad>85</ns3:cad>
          </ns3:TrackPointExtension>
        </extensions>
      </trkpt>
      <trkpt lat="31.3302882201969623565673828125" lon="118.3545281924307346343994140625">
        <ele>13.80000019073486328125</ele>
        <time>2026-08-07T16:15:03.000Z</time>
        <extensions>
          <ns3:TrackPointExtension>
            <ns3:hr>161</ns3:hr>
            <ns3:cad>85</ns3:cad>
          </ns3:TrackPointExtension>
        </extensions>
      </trkpt>
      <trkpt lat="31.33027665317058563232421875" lon="118.35452492348849773406982421875">
        <ele>13.80000019073486328125</ele>
        <time>2026-08-07T16:15:04.000Z</time>
        <extensions>
          <ns3:TrackPointExtension>
            <ns3:hr>160</ns3:hr>
            <ns3:cad>86</ns3:cad>
          </ns3:TrackPointExtension>
        </extensions>
      </trkpt>
      <trkpt lat="31.33026726543903350830078125" lon="118.3545241691172122955322265625">
        <ele>13.80000019073486328125</ele>
        <time>2026-08-07T16:15:05.000Z</time>
        <extensions>
          <ns3:TrackPointExtension>
            <ns3:hr>160</ns3:hr>
            <ns3:cad>86</ns3:cad>
          </ns3:TrackPointExtension>
        </extensions>
      </trkpt>
      <trkpt lat="31.330248154699802398681640625" lon="118.3545281924307346343994140625">
        <ele>13.6000003814697265625</ele>
        <time>2026-08-07T16:15:06.000Z</time>
        <extensions>
          <ns3:TrackPointExtension>
            <ns3:hr>161</ns3:hr>
            <ns3:cad>86</ns3:cad>
          </ns3:TrackPointExtension>
        </extensions>
      </trkpt>
      <trkpt lat="31.33022158406674861907958984375" lon="118.35453607141971588134765625">
        <ele>13.3999996185302734375</ele>
        <time>2026-08-07T16:15:07.000Z</time>
        <extensions>
          <ns3:TrackPointExtension>
            <ns3:hr>160</ns3:hr>
            <ns3:cad>81</ns3:cad>
          </ns3:TrackPointExtension>
        </extensions>
      </trkpt>
      <trkpt lat="31.33020180277526378631591796875" lon="118.35454554297029972076416015625">
        <ele>13.19999980926513671875</ele>
        <time>2026-08-07T16:15:08.000Z</time>
        <extensions>
          <ns3:TrackPointExtension>
            <ns3:hr>159</ns3:hr>
            <ns3:cad>81</ns3:cad>
          </ns3:TrackPointExtension>
        </extensions>
      </trkpt>
      <trkpt lat="31.3301665149629116058349609375" lon="118.35455358959734439849853515625">
        <ele>13</ele>
        <time>2026-08-07T16:15:09.000Z</time>
        <extensions>
          <ns3:TrackPointExtension>
            <ns3:hr>159</ns3:hr>
            <ns3:cad>83</ns3:cad>
          </ns3:TrackPointExtension>
        </extensions>
      </trkpt>
      <trkpt lat="31.33014245890080928802490234375" lon="118.3545640669763088226318359375">
        <ele>12.80000019073486328125</ele>
        <time>2026-08-07T16:15:10.000Z</time>
        <extensions>
          <ns3:TrackPointExtension>
            <ns3:hr>159</ns3:hr>
            <ns3:cad>83</ns3:cad>
          </ns3:TrackPointExtension>
        </extensions>
      </trkpt>
      <trkpt lat="31.3301115296781063079833984375" lon="118.3545751310884952545166015625">
        <ele>12.80000019073486328125</ele>
        <time>2026-08-07T16:15:11.000Z</time>
        <extensions>
          <ns3:TrackPointExtension>
            <ns3:hr>159</ns3:hr>
            <ns3:cad>83</ns3:cad>
          </ns3:TrackPointExtension>
        </extensions>
      </trkpt>
      <trkpt lat="31.330082528293132781982421875" lon="118.3545868657529354095458984375">
        <ele>13</ele>
        <time>2026-08-07T16:15:12.000Z</time>
        <extensions>
          <ns3:TrackPointExtension>
            <ns3:hr>158</ns3:hr>
            <ns3:cad>84</ns3:cad>
          </ns3:TrackPointExtension>
        </extensions>
      </trkpt>
      <trkpt lat="31.33006207644939422607421875" lon="118.35460580885410308837890625">
        <ele>12.80000019073486328125</ele>
        <time>2026-08-07T16:15:13.000Z</time>
        <extensions>
          <ns3:TrackPointExtension>
            <ns3:hr>159</ns3:hr>
            <ns3:cad>85</ns3:cad>
          </ns3:TrackPointExtension>
        </extensions>
      </trkpt>
      <trkpt lat="31.33003533817827701568603515625" lon="118.354617543518543243408203125">
        <ele>12.80000019073486328125</ele>
        <time>2026-08-07T16:15:14.000Z</time>
        <extensions>
          <ns3:TrackPointExtension>
            <ns3:hr>160</ns3:hr>
            <ns3:cad>85</ns3:cad>
          </ns3:TrackPointExtension>
        </extensions>
      </trkpt>
      <trkpt lat="31.33001270703971385955810546875" lon="118.35463288240134716033935546875">
        <ele>12.80000019073486328125</ele>
        <time>2026-08-07T16:15:15.000Z</time>
        <extensions>
          <ns3:TrackPointExtension>
            <ns3:hr>160</ns3:hr>
            <ns3:cad>85</ns3:cad>
          </ns3:TrackPointExtension>
        </extensions>
      </trkpt>
      <trkpt lat="31.32998697459697723388671875" lon="118.3546418510377407073974609375">
        <ele>12.80000019073486328125</ele>
        <time>2026-08-07T16:15:16.000Z</time>
        <extensions>
          <ns3:TrackPointExtension>
            <ns3:hr>160</ns3:hr>
            <ns3:cad>85</ns3:cad>
          </ns3:TrackPointExtension>
        </extensions>
      </trkpt>
      <trkpt lat="31.3299626670777797698974609375" lon="118.35465274751186370849609375">
        <ele>12.80000019073486328125</ele>
        <time>2026-08-07T16:15:17.000Z</time>
        <extensions>
          <ns3:TrackPointExtension>
            <ns3:hr>160</ns3:hr>
            <ns3:cad>84</ns3:cad>
          </ns3:TrackPointExtension>
        </extensions>
      </trkpt>
      <trkpt lat="31.32993609644472599029541015625" lon="118.3546696789562702178955078125">
        <ele>12.80000019073486328125</ele>
        <time>2026-08-07T16:15:18.000Z</time>
        <extensions>
          <ns3:TrackPointExtension>
            <ns3:hr>160</ns3:hr>
            <ns3:cad>85</ns3:cad>
          </ns3:TrackPointExtension>
        </extensions>
      </trkpt>
      <trkpt lat="31.32990810088813304901123046875" lon="118.35468652658164501190185546875">
        <ele>12.80000019073486328125</ele>
        <time>2026-08-07T16:15:19.000Z</time>
        <extensions>
          <ns3:TrackPointExtension>
            <ns3:hr>160</ns3:hr>
            <ns3:cad>86</ns3:cad>
          </ns3:TrackPointExtension>
        </extensions>
      </trkpt>
      <trkpt lat="31.32988848723471164703369140625" lon="118.35470429621636867523193359375">
        <ele>12.80000019073486328125</ele>
        <time>2026-08-07T16:15:20.000Z</time>
        <extensions>
          <ns3:TrackPointExtension>
            <ns3:hr>160</ns3:hr>
            <ns3:cad>86</ns3:cad>
          </ns3:TrackPointExtension>
        </extensions>
      </trkpt>
      <trkpt lat="31.32985956966876983642578125" lon="118.35472173057496547698974609375">
        <ele>12.6000003814697265625</ele>
        <time>2026-08-07T16:15:21.000Z</time>
        <extensions>
          <ns3:TrackPointExtension>
            <ns3:hr>160</ns3:hr>
            <ns3:cad>86</ns3:cad>
          </ns3:TrackPointExtension>
        </extensions>
      </trkpt>
      <trkpt lat="31.32984305731952190399169921875" lon="118.35473715327680110931396484375">
        <ele>12.6000003814697265625</ele>
        <time>2026-08-07T16:15:22.000Z</time>
        <extensions>
          <ns3:TrackPointExtension>
            <ns3:hr>160</ns3:hr>
            <ns3:cad>86</ns3:cad>
          </ns3:TrackPointExtension>
        </extensions>
      </trkpt>
      <trkpt lat="31.32982109673321247100830078125" lon="118.3547540009021759033203125">
        <ele>12.6000003814697265625</ele>
        <time>2026-08-07T16:15:23.000Z</time>
        <extensions>
          <ns3:TrackPointExtension>
            <ns3:hr>160</ns3:hr>
            <ns3:cad>85</ns3:cad>
          </ns3:TrackPointExtension>
        </extensions>
      </trkpt>
      <trkpt lat="31.32979729212820529937744140625" lon="118.3547689206898212432861328125">
        <ele>12.6000003814697265625</ele>
        <time>2026-08-07T16:15:24.000Z</time>
        <extensions>
          <ns3:TrackPointExtension>
            <ns3:hr>160</ns3:hr>
            <ns3:cad>84</ns3:cad>
          </ns3:TrackPointExtension>
        </extensions>
      </trkpt>
      <trkpt lat="31.32978170178830623626708984375" lon="118.35479079745709896087646484375">
        <ele>12.80000019073486328125</ele>
        <time>2026-08-07T16:15:25.000Z</time>
        <extensions>
          <ns3:TrackPointExtension>
            <ns3:hr>159</ns3:hr>
            <ns3:cad>84</ns3:cad>
          </ns3:TrackPointExtension>
        </extensions>
      </trkpt>
      <trkpt lat="31.329753287136554718017578125" lon="118.35481024347245693206787109375">
        <ele>12.80000019073486328125</ele>
        <time>2026-08-07T16:15:26.000Z</time>
        <extensions>
          <ns3:TrackPointExtension>
            <ns3:hr>160</ns3:hr>
            <ns3:cad>84</ns3:cad>
          </ns3:TrackPointExtension>
        </extensions>
      </trkpt>
      <trkpt lat="31.32973660714924335479736328125" lon="118.3548249118030071258544921875">
        <ele>12.80000019073486328125</ele>
        <time>2026-08-07T16:15:27.000Z</time>
        <extensions>
          <ns3:TrackPointExtension>
            <ns3:hr>160</ns3:hr>
            <ns3:cad>84</ns3:cad>
          </ns3:TrackPointExtension>
        </extensions>
      </trkpt>
      <trkpt lat="31.32971229963004589080810546875" lon="118.35484125651419162750244140625">
        <ele>13</ele>
        <time>2026-08-07T16:15:28.000Z</time>
        <extensions>
          <ns3:TrackPointExtension>
            <ns3:hr>160</ns3:hr>
            <ns3:cad>84</ns3:cad>
          </ns3:TrackPointExtension>
        </extensions>
      </trkpt>
      <trkpt lat="31.329689584672451019287109375" lon="118.354857601225376129150390625">
        <ele>13.19999980926513671875</ele>
        <time>2026-08-07T16:15:29.000Z</time>
        <extensions>
          <ns3:TrackPointExtension>
            <ns3:hr>160</ns3:hr>
            <ns3:cad>84</ns3:cad>
          </ns3:TrackPointExtension>
        </extensions>
      </trkpt>
      <trkpt lat="31.3296756707131862640380859375" lon="118.3548775501549243927001953125">
        <ele>13.19999980926513671875</ele>
        <time>2026-08-07T16:15:30.000Z</time>
        <extensions>
          <ns3:TrackPointExtension>
            <ns3:hr>160</ns3:hr>
            <ns3:cad>84</ns3:cad>
          </ns3:TrackPointExtension>
        </extensions>
      </trkpt>
      <trkpt lat="31.32965161465108394622802734375" lon="118.3548990078270435333251953125">
        <ele>13.19999980926513671875</ele>
        <time>2026-08-07T16:15:31.000Z</time>
        <extensions>
          <ns3:TrackPointExtension>
            <ns3:hr>159</ns3:hr>
            <ns3:cad>84</ns3:cad>
          </ns3:TrackPointExtension>
        </extensions>
      </trkpt>
      <trkpt lat="31.32963736541569232940673828125" lon="118.35491501726210117340087890625">
        <ele>13.19999980926513671875</ele>
        <time>2026-08-07T16:15:32.000Z</time>
        <extensions>
          <ns3:TrackPointExtension>
            <ns3:hr>160</ns3:hr>
            <ns3:cad>84</ns3:cad>
          </ns3:TrackPointExtension>
        </extensions>
      </trkpt>
      <trkpt lat="31.329628564417362213134765625" lon="118.35493169724941253662109375">
        <ele>13.19999980926513671875</ele>
        <time>2026-08-07T16:15:33.000Z</time>
        <extensions>
          <ns3:TrackPointExtension>
            <ns3:hr>160</ns3:hr>
            <ns3:cad>84</ns3:cad>
          </ns3:TrackPointExtension>
        </extensions>
      </trkpt>
      <trkpt lat="31.32961607538163661956787109375" lon="118.35494804196059703826904296875">
        <ele>13.19999980926513671875</ele>
        <time>2026-08-07T16:15:34.000Z</time>
        <extensions>
          <ns3:TrackPointExtension>
            <ns3:hr>160</ns3:hr>
            <ns3:cad>84</ns3:cad>
          </ns3:TrackPointExtension>
        </extensions>
      </trkpt>
      <trkpt lat="31.3296119682490825653076171875" lon="118.35497234947979450225830078125">
        <ele>13.6000003814697265625</ele>
        <time>2026-08-07T16:15:35.000Z</time>
        <extensions>
          <ns3:TrackPointExtension>
            <ns3:hr>160</ns3:hr>
            <ns3:cad>84</ns3:cad>
          </ns3:TrackPointExtension>
        </extensions>
      </trkpt>
      <trkpt lat="31.329616494476795196533203125" lon="118.35499028675258159637451171875">
        <ele>13.80000019073486328125</ele>
        <time>2026-08-07T16:15:36.000Z</time>
        <extensions>
          <ns3:TrackPointExtension>
            <ns3:hr>160</ns3:hr>
            <ns3:cad>84</ns3:cad>
          </ns3:TrackPointExtension>
        </extensions>
      </trkpt>
      <trkpt lat="31.32960467599332332611083984375" lon="118.35501627065241336822509765625">
        <ele>14</ele>
        <time>2026-08-07T16:15:37.000Z</time>
        <extensions>
          <ns3:TrackPointExtension>
            <ns3:hr>160</ns3:hr>
            <ns3:cad>83</ns3:cad>
          </ns3:TrackPointExtension>
        </extensions>
      </trkpt>
      <trkpt lat="31.3295965455472469329833984375" lon="118.355039656162261962890625">
        <ele>14</ele>
        <time>2026-08-07T16:15:38.000Z</time>
        <extensions>
          <ns3:TrackPointExtension>
            <ns3:hr>160</ns3:hr>
            <ns3:cad>83</ns3:cad>
          </ns3:TrackPointExtension>
        </extensions>
      </trkpt>
      <trkpt lat="31.32958070375025272369384765625" lon="118.35506438277661800384521484375">
        <ele>14.19999980926513671875</ele>
        <time>2026-08-07T16:15:39.000Z</time>
        <extensions>
          <ns3:TrackPointExtension>
            <ns3:hr>160</ns3:hr>
            <ns3:cad>83</ns3:cad>
          </ns3:TrackPointExtension>
        </extensions>
      </trkpt>
      <trkpt lat="31.3295598328113555908203125" lon="118.35508936084806919097900390625">
        <ele>14.19999980926513671875</ele>
        <time>2026-08-07T16:15:40.000Z</time>
        <extensions>
          <ns3:TrackPointExtension>
            <ns3:hr>160</ns3:hr>
            <ns3:cad>83</ns3:cad>
          </ns3:TrackPointExtension>
        </extensions>
      </trkpt>
      <trkpt lat="31.3295526243746280670166015625" lon="118.3551159314811229705810546875">
        <ele>14.19999980926513671875</ele>
        <time>2026-08-07T16:15:41.000Z</time>
        <extensions>
          <ns3:TrackPointExtension>
            <ns3:hr>160</ns3:hr>
            <ns3:cad>83</ns3:cad>
          </ns3:TrackPointExtension>
        </extensions>
      </trkpt>
      <trkpt lat="31.32953099906444549560546875" lon="118.35514887236058712005615234375">
        <ele>14.19999980926513671875</ele>
        <time>2026-08-07T16:15:42.000Z</time>
        <extensions>
          <ns3:TrackPointExtension>
            <ns3:hr>160</ns3:hr>
            <ns3:cad>83</ns3:cad>
          </ns3:TrackPointExtension>
        </extensions>
      </trkpt>
      <trkpt lat="31.3295170851051807403564453125" lon="118.3551729284226894378662109375">
        <ele>14.19999980926513671875</ele>
        <time>2026-08-07T16:15:43.000Z</time>
        <extensions>
          <ns3:TrackPointExtension>
            <ns3:hr>160</ns3:hr>
            <ns3:cad>84</ns3:cad>
          </ns3:TrackPointExtension>
        </extensions>
      </trkpt>
      <trkpt lat="31.32949839346110820770263671875" lon="118.3551997505128383636474609375">
        <ele>14.19999980926513671875</ele>
        <time>2026-08-07T16:15:44.000Z</time>
        <extensions>
          <ns3:TrackPointExtension>
            <ns3:hr>161</ns3:hr>
            <ns3:cad>84</ns3:cad>
          </ns3:TrackPointExtension>
        </extensions>
      </trkpt>
      <trkpt lat="31.32947660051286220550537109375" lon="118.355225734412670135498046875">
        <ele>14.19999980926513671875</ele>
        <time>2026-08-07T16:15:45.000Z</time>
        <extensions>
          <ns3:TrackPointExtension>
            <ns3:hr>160</ns3:hr>
            <ns3:cad>84</ns3:cad>
          </ns3:TrackPointExtension>
        </extensions>
      </trkpt>
      <trkpt lat="31.3294651173055171966552734375" lon="118.355253227055072784423828125">
        <ele>14.3999996185302734375</ele>
        <time>2026-08-07T16:15:46.000Z</time>
        <extensions>
          <ns3:TrackPointExtension>
            <ns3:hr>161</ns3:hr>
            <ns3:cad>84</ns3:cad>
          </ns3:TrackPointExtension>
        </extensions>
      </trkpt>
      <trkpt lat="31.329436115920543670654296875" lon="118.35528214462101459503173828125">
        <ele>14.3999996185302734375</ele>
        <time>2026-08-07T16:15:47.000Z</time>
        <extensions>
          <ns3:TrackPointExtension>
            <ns3:hr>161</ns3:hr>
            <ns3:cad>83</ns3:cad>
          </ns3:TrackPointExtension>
        </extensions>
      </trkpt>
      <trkpt lat="31.32941641844809055328369140625" lon="118.35530259646475315093994140625">
        <ele>14.3999996185302734375</ele>
        <time>2026-08-07T16:15:48.000Z</time>
        <extensions>
          <ns3:TrackPointExtension>
            <ns3:hr>161</ns3:hr>
            <ns3:cad>83</ns3:cad>
          </ns3:TrackPointExtension>
        </extensions>
      </trkpt>
      <trkpt lat="31.32939144037663936614990234375" lon="118.35532707162201404571533203125">
        <ele>14.3999996185302734375</ele>
        <time>2026-08-07T16:15:49.000Z</time>
        <extensions>
          <ns3:TrackPointExtension>
            <ns3:hr>162</ns3:hr>
            <ns3:cad>84</ns3:cad>
          </ns3:TrackPointExtension>
        </extensions>
      </trkpt>
      <trkpt lat="31.3293678872287273406982421875" lon="118.35535087622702121734619140625">
        <ele>14.6000003814697265625</ele>
        <time>2026-08-07T16:15:50.000Z</time>
        <extensions>
          <ns3:TrackPointExtension>
            <ns3:hr>163</ns3:hr>
            <ns3:cad>84</ns3:cad>
          </ns3:TrackPointExtension>
        </extensions>
      </trkpt>
      <trkpt lat="31.32935472764074802398681640625" lon="118.35537367500364780426025390625">
        <ele>14.3999996185302734375</ele>
        <time>2026-08-07T16:15:51.000Z</time>
        <extensions>
          <ns3:TrackPointExtension>
            <ns3:hr>163</ns3:hr>
            <ns3:cad>84</ns3:cad>
          </ns3:TrackPointExtension>
        </extensions>
      </trkpt>
      <trkpt lat="31.32933117449283599853515625" lon="118.35539731197059154510498046875">
        <ele>14.3999996185302734375</ele>
        <time>2026-08-07T16:15:52.000Z</time>
        <extensions>
          <ns3:TrackPointExtension>
            <ns3:hr>164</ns3:hr>
            <ns3:cad>84</ns3:cad>
          </ns3:TrackPointExtension>
        </extensions>
      </trkpt>
      <trkpt lat="31.32931835018098354339599609375" lon="118.355412147939205169677734375">
        <ele>14.3999996185302734375</ele>
        <time>2026-08-07T16:15:53.000Z</time>
        <extensions>
          <ns3:TrackPointExtension>
            <ns3:hr>165</ns3:hr>
            <ns3:cad>84</ns3:cad>
          </ns3:TrackPointExtension>
        </extensions>
      </trkpt>
      <trkpt lat="31.32929898798465728759765625" lon="118.3554331026971340179443359375">
        <ele>14.19999980926513671875</ele>
        <time>2026-08-07T16:15:54.000Z</time>
        <extensions>
          <ns3:TrackPointExtension>
            <ns3:hr>165</ns3:hr>
            <ns3:cad>84</ns3:cad>
          </ns3:TrackPointExtension>
        </extensions>
      </trkpt>
      <trkpt lat="31.3292808830738067626953125" lon="118.35544944740831851959228515625">
        <ele>14.19999980926513671875</ele>
        <time>2026-08-07T16:15:55.000Z</time>
        <extensions>
          <ns3:TrackPointExtension>
            <ns3:hr>166</ns3:hr>
            <ns3:cad>84</ns3:cad>
          </ns3:TrackPointExtension>
        </extensions>
      </trkpt>
      <trkpt lat="31.32927493192255496978759765625" lon="118.35546637885272502899169921875">
        <ele>14.19999980926513671875</ele>
        <time>2026-08-07T16:15:56.000Z</time>
        <extensions>
          <ns3:TrackPointExtension>
            <ns3:hr>166</ns3:hr>
            <ns3:cad>84</ns3:cad>
          </ns3:TrackPointExtension>
        </extensions>
      </trkpt>
      <trkpt lat="31.32925213314592838287353515625" lon="118.35548616014420986175537109375">
        <ele>14.19999980926513671875</ele>
        <time>2026-08-07T16:15:57.000Z</time>
        <extensions>
          <ns3:TrackPointExtension>
            <ns3:hr>166</ns3:hr>
            <ns3:cad>84</ns3:cad>
          </ns3:TrackPointExtension>
        </extensions>
      </trkpt>
      <trkpt lat="31.32923888973891735076904296875" lon="118.35549823008477687835693359375">
        <ele>14.19999980926513671875</ele>
        <time>2026-08-07T16:15:58.000Z</time>
        <extensions>
          <ns3:TrackPointExtension>
            <ns3:hr>166</ns3:hr>
            <ns3:cad>84</ns3:cad>
          </ns3:TrackPointExtension>
        </extensions>
      </trkpt>
      <trkpt lat="31.32922061719000339508056640625" lon="118.355515412986278533935546875">
        <ele>14.3999996185302734375</ele>
        <time>2026-08-07T16:15:59.000Z</time>
        <extensions>
          <ns3:TrackPointExtension>
            <ns3:hr>166</ns3:hr>
            <ns3:cad>84</ns3:cad>
          </ns3:TrackPointExtension>
        </extensions>
      </trkpt>
      <trkpt lat="31.3291982375085353851318359375" lon="118.3555313386023044586181640625">
        <ele>14.3999996185302734375</ele>
        <time>2026-08-07T16:16:00.000Z</time>
        <extensions>
          <ns3:TrackPointExtension>
            <ns3:hr>166</ns3:hr>
            <ns3:cad>83</ns3:cad>
          </ns3:TrackPointExtension>
        </extensions>
      </trkpt>
      <trkpt lat="31.329185664653778076171875" lon="118.35555070079863071441650390625">
        <ele>14.19999980926513671875</ele>
        <time>2026-08-07T16:16:01.000Z</time>
        <extensions>
          <ns3:TrackPointExtension>
            <ns3:hr>165</ns3:hr>
            <ns3:cad>83</ns3:cad>
          </ns3:TrackPointExtension>
        </extensions>
      </trkpt>
      <trkpt lat="31.329157166182994842529296875" lon="118.3555688895285129547119140625">
        <ele>14.19999980926513671875</ele>
        <time>2026-08-07T16:16:02.000Z</time>
        <extensions>
          <ns3:TrackPointExtension>
            <ns3:hr>166</ns3:hr>
            <ns3:cad>83</ns3:cad>
          </ns3:TrackPointExtension>
        </extensions>
      </trkpt>
      <trkpt lat="31.329141072928905487060546875" lon="118.35558347404003143310546875">
        <ele>14.19999980926513671875</ele>
        <time>2026-08-07T16:16:03.000Z</time>
        <extensions>
          <ns3:TrackPointExtension>
            <ns3:hr>166</ns3:hr>
            <ns3:cad>83</ns3:cad>
          </ns3:TrackPointExtension>
        </extensions>
      </trkpt>
      <trkpt lat="31.32912204600870609283447265625" lon="118.3556020818650722503662109375">
        <ele>14</ele>
        <time>2026-08-07T16:16:04.000Z</time>
        <extensions>
          <ns3:TrackPointExtension>
            <ns3:hr>166</ns3:hr>
            <ns3:cad>83</ns3:cad>
          </ns3:TrackPointExtension>
        </extensions>
      </trkpt>
      <trkpt lat="31.32909991778433322906494140625" lon="118.355621360242366790771484375">
        <ele>14</ele>
        <time>2026-08-07T16:16:05.000Z</time>
        <extensions>
          <ns3:TrackPointExtension>
            <ns3:hr>166</ns3:hr>
            <ns3:cad>84</ns3:cad>
          </ns3:TrackPointExtension>
        </extensions>
      </trkpt>
      <trkpt lat="31.32908818311989307403564453125" lon="118.35564038716256618499755859375">
        <ele>14</ele>
        <time>2026-08-07T16:16:06.000Z</time>
        <extensions>
          <ns3:TrackPointExtension>
            <ns3:hr>166</ns3:hr>
            <ns3:cad>85</ns3:cad>
          </ns3:TrackPointExtension>
        </extensions>
      </trkpt>
      <trkpt lat="31.32906069047749042510986328125" lon="118.355662263929843902587890625">
        <ele>14</ele>
        <time>2026-08-07T16:16:07.000Z</time>
        <extensions>
          <ns3:TrackPointExtension>
            <ns3:hr>166</ns3:hr>
            <ns3:cad>84</ns3:cad>
          </ns3:TrackPointExtension>
        </extensions>
      </trkpt>
      <trkpt lat="31.32904107682406902313232421875" lon="118.3556751720607280731201171875">
        <ele>13.80000019073486328125</ele>
        <time>2026-08-07T16:16:08.000Z</time>
        <extensions>
          <ns3:TrackPointExtension>
            <ns3:hr>166</ns3:hr>
            <ns3:cad>84</ns3:cad>
          </ns3:TrackPointExtension>
        </extensions>
      </trkpt>
      <trkpt lat="31.329017691314220428466796875" lon="118.3556969650089740753173828125">
        <ele>13.80000019073486328125</ele>
        <time>2026-08-07T16:16:09.000Z</time>
        <extensions>
          <ns3:TrackPointExtension>
            <ns3:hr>167</ns3:hr>
            <ns3:cad>84</ns3:cad>
          </ns3:TrackPointExtension>
        </extensions>
      </trkpt>
      <trkpt lat="31.3289937190711498260498046875" lon="118.35571666248142719268798828125">
        <ele>13.80000019073486328125</ele>
        <time>2026-08-07T16:16:10.000Z</time>
        <extensions>
          <ns3:TrackPointExtension>
            <ns3:hr>167</ns3:hr>
            <ns3:cad>84</ns3:cad>
          </ns3:TrackPointExtension>
        </extensions>
      </trkpt>
      <trkpt lat="31.32897846400737762451171875" lon="118.35573862306773662567138671875">
        <ele>13.80000019073486328125</ele>
        <time>2026-08-07T16:16:11.000Z</time>
        <extensions>
          <ns3:TrackPointExtension>
            <ns3:hr>167</ns3:hr>
            <ns3:cad>84</ns3:cad>
          </ns3:TrackPointExtension>
        </extensions>
      </trkpt>
      <trkpt lat="31.3289524801075458526611328125" lon="118.3557626791298389434814453125">
        <ele>14</ele>
        <time>2026-08-07T16:16:12.000Z</time>
        <extensions>
          <ns3:TrackPointExtension>
            <ns3:hr>168</ns3:hr>
            <ns3:cad>84</ns3:cad>
          </ns3:TrackPointExtension>
        </extensions>
      </trkpt>
      <trkpt lat="31.32893152534961700439453125" lon="118.35578053258359432220458984375">
        <ele>14</ele>
        <time>2026-08-07T16:16:13.000Z</time>
        <extensions>
          <ns3:TrackPointExtension>
            <ns3:hr>168</ns3:hr>
            <ns3:cad>84</ns3:cad>
          </ns3:TrackPointExtension>
        </extensions>
      </trkpt>
      <trkpt lat="31.32890311069786548614501953125" lon="118.35579763166606426239013671875">
        <ele>14</ele>
        <time>2026-08-07T16:16:14.000Z</time>
        <extensions>
          <ns3:TrackPointExtension>
            <ns3:hr>168</ns3:hr>
            <ns3:cad>84</ns3:cad>
          </ns3:TrackPointExtension>
        </extensions>
      </trkpt>
      <trkpt lat="31.3288772106170654296875" lon="118.3558089472353458404541015625">
        <ele>14</ele>
        <time>2026-08-07T16:16:15.000Z</time>
        <extensions>
          <ns3:TrackPointExtension>
            <ns3:hr>168</ns3:hr>
            <ns3:cad>84</ns3:cad>
          </ns3:TrackPointExtension>
        </extensions>
      </trkpt>
      <trkpt lat="31.32885374128818511962890625" lon="118.35582411848008632659912109375">
        <ele>14</ele>
        <time>2026-08-07T16:16:16.000Z</time>
        <extensions>
          <ns3:TrackPointExtension>
            <ns3:hr>168</ns3:hr>
            <ns3:cad>84</ns3:cad>
          </ns3:TrackPointExtension>
        </extensions>
      </trkpt>
      <trkpt lat="31.328821890056133270263671875" lon="118.3558280579745769500732421875">
        <ele>14</ele>
        <time>2026-08-07T16:16:17.000Z</time>
        <extensions>
          <ns3:TrackPointExtension>
            <ns3:hr>168</ns3:hr>
            <ns3:cad>84</ns3:cad>
          </ns3:TrackPointExtension>
        </extensions>
      </trkpt>
      <trkpt lat="31.32879649288952350616455078125" lon="118.35583962500095367431640625">
        <ele>14</ele>
        <time>2026-08-07T16:16:18.000Z</time>
        <extensions>
          <ns3:TrackPointExtension>
            <ns3:hr>168</ns3:hr>
            <ns3:cad>84</ns3:cad>
          </ns3:TrackPointExtension>
        </extensions>
      </trkpt>
      <trkpt lat="31.3287633843719959259033203125" lon="118.355841971933841705322265625">
        <ele>14</ele>
        <time>2026-08-07T16:16:19.000Z</time>
        <extensions>
          <ns3:TrackPointExtension>
            <ns3:hr>168</ns3:hr>
            <ns3:cad>84</ns3:cad>
          </ns3:TrackPointExtension>
        </extensions>
      </trkpt>
      <trkpt lat="31.32874301634728908538818359375" lon="118.35585027001798152923583984375">
        <ele>14</ele>
        <time>2026-08-07T16:16:20.000Z</time>
        <extensions>
          <ns3:TrackPointExtension>
            <ns3:hr>167</ns3:hr>
            <ns3:cad>86</ns3:cad>
          </ns3:TrackPointExtension>
        </extensions>
      </trkpt>
      <trkpt lat="31.3287144340574741363525390625" lon="118.35585731081664562225341796875">
        <ele>14.19999980926513671875</ele>
        <time>2026-08-07T16:16:21.000Z</time>
        <extensions>
          <ns3:TrackPointExtension>
            <ns3:hr>168</ns3:hr>
            <ns3:cad>86</ns3:cad>
          </ns3:TrackPointExtension>
        </extensions>
      </trkpt>
      <trkpt lat="31.328689120709896087646484375" lon="118.35586233995854854583740234375">
        <ele>14.19999980926513671875</ele>
        <time>2026-08-07T16:16:22.000Z</time>
        <extensions>
          <ns3:TrackPointExtension>
            <ns3:hr>168</ns3:hr>
            <ns3:cad>86</ns3:cad>
          </ns3:TrackPointExtension>
        </extensions>
      </trkpt>
      <trkpt lat="31.32866875268518924713134765625" lon="118.35586971603333950042724609375">
        <ele>14.19999980926513671875</ele>
        <time>2026-08-07T16:16:23.000Z</time>
        <extensions>
          <ns3:TrackPointExtension>
            <ns3:hr>167</ns3:hr>
            <ns3:cad>85</ns3:cad>
          </ns3:TrackPointExtension>
        </extensions>
      </trkpt>
      <trkpt lat="31.328640840947628021240234375" lon="118.35586468689143657684326171875">
        <ele>14.3999996185302734375</ele>
        <time>2026-08-07T16:16:24.000Z</time>
        <extensions>
          <ns3:TrackPointExtension>
            <ns3:hr>168</ns3:hr>
            <ns3:cad>85</ns3:cad>
          </ns3:TrackPointExtension>
        </extensions>
      </trkpt>
      <trkpt lat="31.32861812599003314971923828125" lon="118.35586217232048511505126953125">
        <ele>14.3999996185302734375</ele>
        <time>2026-08-07T16:16:25.000Z</time>
        <extensions>
          <ns3:TrackPointExtension>
            <ns3:hr>168</ns3:hr>
            <ns3:cad>85</ns3:cad>
          </ns3:TrackPointExtension>
        </extensions>
      </trkpt>
      <trkpt lat="31.32858929224312305450439453125" lon="118.35585613735020160675048828125">
        <ele>14.3999996185302734375</ele>
        <time>2026-08-07T16:16:26.000Z</time>
        <extensions>
          <ns3:TrackPointExtension>
            <ns3:hr>167</ns3:hr>
            <ns3:cad>85</ns3:cad>
          </ns3:TrackPointExtension>
        </extensions>
      </trkpt>
      <trkpt lat="31.32856867276132106781005859375" lon="118.35586032830178737640380859375">
        <ele>14.3999996185302734375</ele>
        <time>2026-08-07T16:16:27.000Z</time>
        <extensions>
          <ns3:TrackPointExtension>
            <ns3:hr>167</ns3:hr>
            <ns3:cad>84</ns3:cad>
          </ns3:TrackPointExtension>
        </extensions>
      </trkpt>
      <trkpt lat="31.32854017429053783416748046875" lon="118.35587181150913238525390625">
        <ele>14.19999980926513671875</ele>
        <time>2026-08-07T16:16:28.000Z</time>
        <extensions>
          <ns3:TrackPointExtension>
            <ns3:hr>167</ns3:hr>
            <ns3:cad>84</ns3:cad>
          </ns3:TrackPointExtension>
        </extensions>
      </trkpt>
      <trkpt lat="31.328515112400054931640625" lon="118.3558827079832553863525390625">
        <ele>14.19999980926513671875</ele>
        <time>2026-08-07T16:16:29.000Z</time>
        <extensions>
          <ns3:TrackPointExtension>
            <ns3:hr>167</ns3:hr>
            <ns3:cad>84</ns3:cad>
          </ns3:TrackPointExtension>
        </extensions>
      </trkpt>
      <trkpt lat="31.3284951634705066680908203125" lon="118.35589863359928131103515625">
        <ele>14</ele>
        <time>2026-08-07T16:16:30.000Z</time>
        <extensions>
          <ns3:TrackPointExtension>
            <ns3:hr>168</ns3:hr>
            <ns3:cad>84</ns3:cad>
          </ns3:TrackPointExtension>
        </extensions>
      </trkpt>
      <trkpt lat="31.32846825756132602691650390625" lon="118.35591581650078296661376953125">
        <ele>13.80000019073486328125</ele>
        <time>2026-08-07T16:16:31.000Z</time>
        <extensions>
          <ns3:TrackPointExtension>
            <ns3:hr>167</ns3:hr>
            <ns3:cad>84</ns3:cad>
          </ns3:TrackPointExtension>
        </extensions>
      </trkpt>
      <trkpt lat="31.32845333777368068695068359375" lon="118.3559373579919338226318359375">
        <ele>13.80000019073486328125</ele>
        <time>2026-08-07T16:16:32.000Z</time>
        <extensions>
          <ns3:TrackPointExtension>
            <ns3:hr>167</ns3:hr>
            <ns3:cad>85</ns3:cad>
          </ns3:TrackPointExtension>
        </extensions>
      </trkpt>
      <trkpt lat="31.3284304551780223846435546875" lon="118.3559648506343364715576171875">
        <ele>13.80000019073486328125</ele>
        <time>2026-08-07T16:16:33.000Z</time>
        <extensions>
          <ns3:TrackPointExtension>
            <ns3:hr>167</ns3:hr>
            <ns3:cad>85</ns3:cad>
          </ns3:TrackPointExtension>
        </extensions>
      </trkpt>
      <trkpt lat="31.328422240912914276123046875" lon="118.35598991252481937408447265625">
        <ele>13.80000019073486328125</ele>
        <time>2026-08-07T16:16:34.000Z</time>
        <extensions>
          <ns3:TrackPointExtension>
            <ns3:hr>168</ns3:hr>
            <ns3:cad>85</ns3:cad>
          </ns3:TrackPointExtension>
        </extensions>
      </trkpt>
      <trkpt lat="31.328405477106571197509765625" lon="118.3560231886804103851318359375">
        <ele>13.80000019073486328125</ele>
        <time>2026-08-07T16:16:35.000Z</time>
        <extensions>
          <ns3:TrackPointExtension>
            <ns3:hr>167</ns3:hr>
            <ns3:cad>86</ns3:cad>
          </ns3:TrackPointExtension>
        </extensions>
      </trkpt>
      <trkpt lat="31.32840069942176342010498046875" lon="118.356048166751861572265625">
        <ele>14</ele>
        <time>2026-08-07T16:16:36.000Z</time>
        <extensions>
          <ns3:TrackPointExtension>
            <ns3:hr>167</ns3:hr>
            <ns3:cad>87</ns3:cad>
          </ns3:TrackPointExtension>
        </extensions>
      </trkpt>
      <trkpt lat="31.32837857119739055633544921875" lon="118.35607230663299560546875">
        <ele>14</ele>
        <time>2026-08-07T16:16:37.000Z</time>
        <extensions>
          <ns3:TrackPointExtension>
            <ns3:hr>167</ns3:hr>
            <ns3:cad>87</ns3:cad>
          </ns3:TrackPointExtension>
        </extensions>
      </trkpt>
      <trkpt lat="31.3283608853816986083984375" lon="118.3560862205922603607177734375">
        <ele>14.19999980926513671875</ele>
        <time>2026-08-07T16:16:38.000Z</time>
        <extensions>
          <ns3:TrackPointExtension>
            <ns3:hr>167</ns3:hr>
            <ns3:cad>88</ns3:cad>
          </ns3:TrackPointExtension>
        </extensions>
      </trkpt>
      <trkpt lat="31.3283449597656726837158203125" lon="118.356100134551525115966796875">
        <ele>14.19999980926513671875</ele>
        <time>2026-08-07T16:16:39.000Z</time>
        <extensions>
          <ns3:TrackPointExtension>
            <ns3:hr>167</ns3:hr>
            <ns3:cad>88</ns3:cad>
          </ns3:TrackPointExtension>
        </extensions>
      </trkpt>
      <trkpt lat="31.3283238373696804046630859375" lon="118.3561204187572002410888671875">
        <ele>14.3999996185302734375</ele>
        <time>2026-08-07T16:16:40.000Z</time>
        <extensions>
          <ns3:TrackPointExtension>
            <ns3:hr>167</ns3:hr>
            <ns3:cad>87</ns3:cad>
          </ns3:TrackPointExtension>
        </extensions>
      </trkpt>
      <trkpt lat="31.32831939496099948883056640625" lon="118.356142379343509674072265625">
        <ele>14.3999996185302734375</ele>
        <time>2026-08-07T16:16:41.000Z</time>
        <extensions>
          <ns3:TrackPointExtension>
            <ns3:hr>168</ns3:hr>
            <ns3:cad>87</ns3:cad>
          </ns3:TrackPointExtension>
        </extensions>
      </trkpt>
      <trkpt lat="31.3283074088394641876220703125" lon="118.35617221891880035400390625">
        <ele>14.3999996185302734375</ele>
        <time>2026-08-07T16:16:42.000Z</time>
        <extensions>
          <ns3:TrackPointExtension>
            <ns3:hr>167</ns3:hr>
            <ns3:cad>87</ns3:cad>
          </ns3:TrackPointExtension>
        </extensions>
      </trkpt>
      <trkpt lat="31.32829584181308746337890625" lon="118.35619233548641204833984375">
        <ele>14.3999996185302734375</ele>
        <time>2026-08-07T16:16:43.000Z</time>
        <extensions>
          <ns3:TrackPointExtension>
            <ns3:hr>167</ns3:hr>
            <ns3:cad>87</ns3:cad>
          </ns3:TrackPointExtension>
        </extensions>
      </trkpt>
      <trkpt lat="31.32827279157936573028564453125" lon="118.356214463710784912109375">
        <ele>14.19999980926513671875</ele>
        <time>2026-08-07T16:16:44.000Z</time>
        <extensions>
          <ns3:TrackPointExtension>
            <ns3:hr>167</ns3:hr>
            <ns3:cad>86</ns3:cad>
          </ns3:TrackPointExtension>
        </extensions>
      </trkpt>
      <trkpt lat="31.32825317792594432830810546875" lon="118.35622862912714481353759765625">
        <ele>14.19999980926513671875</ele>
        <time>2026-08-07T16:16:45.000Z</time>
        <extensions>
          <ns3:TrackPointExtension>
            <ns3:hr>167</ns3:hr>
            <ns3:cad>85</ns3:cad>
          </ns3:TrackPointExtension>
        </extensions>
      </trkpt>
      <trkpt lat="31.32823289372026920318603515625" lon="118.35624790750443935394287109375">
        <ele>14.19999980926513671875</ele>
        <time>2026-08-07T16:16:46.000Z</time>
        <extensions>
          <ns3:TrackPointExtension>
            <ns3:hr>167</ns3:hr>
            <ns3:cad>85</ns3:cad>
          </ns3:TrackPointExtension>
        </extensions>
      </trkpt>
      <trkpt lat="31.3282079994678497314453125" lon="118.35626609623432159423828125">
        <ele>14.19999980926513671875</ele>
        <time>2026-08-07T16:16:47.000Z</time>
        <extensions>
          <ns3:TrackPointExtension>
            <ns3:hr>167</ns3:hr>
            <ns3:cad>85</ns3:cad>
          </ns3:TrackPointExtension>
        </extensions>
      </trkpt>
      <trkpt lat="31.3281950913369655609130859375" lon="118.35628344677388668060302734375">
        <ele>14.19999980926513671875</ele>
        <time>2026-08-07T16:16:48.000Z</time>
        <extensions>
          <ns3:TrackPointExtension>
            <ns3:hr>167</ns3:hr>
            <ns3:cad>86</ns3:cad>
          </ns3:TrackPointExtension>
        </extensions>
      </trkpt>
      <trkpt lat="31.32816734723746776580810546875" lon="118.35630440153181552886962890625">
        <ele>14.19999980926513671875</ele>
        <time>2026-08-07T16:16:49.000Z</time>
        <extensions>
          <ns3:TrackPointExtension>
            <ns3:hr>168</ns3:hr>
            <ns3:cad>86</ns3:cad>
          </ns3:TrackPointExtension>
        </extensions>
      </trkpt>
      <trkpt lat="31.32815594784915447235107421875" lon="118.356321752071380615234375">
        <ele>14.19999980926513671875</ele>
        <time>2026-08-07T16:16:50.000Z</time>
        <extensions>
          <ns3:TrackPointExtension>
            <ns3:hr>167</ns3:hr>
            <ns3:cad>86</ns3:cad>
          </ns3:TrackPointExtension>
        </extensions>
      </trkpt>
      <trkpt lat="31.32812895812094211578369140625" lon="118.3563417010009288787841796875">
        <ele>14.19999980926513671875</ele>
        <time>2026-08-07T16:16:51.000Z</time>
        <extensions>
          <ns3:TrackPointExtension>
            <ns3:hr>167</ns3:hr>
            <ns3:cad>86</ns3:cad>
          </ns3:TrackPointExtension>
        </extensions>
      </trkpt>
      <trkpt lat="31.32810532115399837493896484375" lon="118.3563581295311450958251953125">
        <ele>14.19999980926513671875</ele>
        <time>2026-08-07T16:16:52.000Z</time>
        <extensions>
          <ns3:TrackPointExtension>
            <ns3:hr>168</ns3:hr>
            <ns3:cad>86</ns3:cad>
          </ns3:TrackPointExtension>
        </extensions>
      </trkpt>
      <trkpt lat="31.32808855734765529632568359375" lon="118.35638034157454967498779296875">
        <ele>14.19999980926513671875</ele>
        <time>2026-08-07T16:16:53.000Z</time>
        <extensions>
          <ns3:TrackPointExtension>
            <ns3:hr>168</ns3:hr>
            <ns3:cad>86</ns3:cad>
          </ns3:TrackPointExtension>
        </extensions>
      </trkpt>
      <trkpt lat="31.3280599750578403472900390625" lon="118.35639827884733676910400390625">
        <ele>14.19999980926513671875</ele>
        <time>2026-08-07T16:16:54.000Z</time>
        <extensions>
          <ns3:TrackPointExtension>
            <ns3:hr>168</ns3:hr>
            <ns3:cad>85</ns3:cad>
          </ns3:TrackPointExtension>
        </extensions>
      </trkpt>
      <trkpt lat="31.328039355576038360595703125" lon="118.3564114384353160858154296875">
        <ele>14.19999980926513671875</ele>
        <time>2026-08-07T16:16:55.000Z</time>
        <extensions>
          <ns3:TrackPointExtension>
            <ns3:hr>167</ns3:hr>
            <ns3:cad>84</ns3:cad>
          </ns3:TrackPointExtension>
        </extensions>
      </trkpt>
      <trkpt lat="31.3280093483626842498779296875" lon="118.35641956888139247894287109375">
        <ele>14.19999980926513671875</ele>
        <time>2026-08-07T16:16:56.000Z</time>
        <extensions>
          <ns3:TrackPointExtension>
            <ns3:hr>168</ns3:hr>
            <ns3:cad>84</ns3:cad>
          </ns3:TrackPointExtension>
        </extensions>
      </trkpt>
      <trkpt lat="31.32798294536769390106201171875" lon="118.3564228378236293792724609375">
        <ele>14.19999980926513671875</ele>
        <time>2026-08-07T16:16:57.000Z</time>
        <extensions>
          <ns3:TrackPointExtension>
            <ns3:hr>168</ns3:hr>
            <ns3:cad>84</ns3:cad>
          </ns3:TrackPointExtension>
        </extensions>
      </trkpt>
      <trkpt lat="31.32796165533363819122314453125" lon="118.3564302138984203338623046875">
        <ele>14.19999980926513671875</ele>
        <time>2026-08-07T16:16:58.000Z</time>
        <extensions>
          <ns3:TrackPointExtension>
            <ns3:hr>167</ns3:hr>
            <ns3:cad>84</ns3:cad>
          </ns3:TrackPointExtension>
        </extensions>
      </trkpt>
      <trkpt lat="31.3279317319393157958984375" lon="118.3564372546970844268798828125">
        <ele>14</ele>
        <time>2026-08-07T16:16:59.000Z</time>
        <extensions>
          <ns3:TrackPointExtension>
            <ns3:hr>168</ns3:hr>
            <ns3:cad>84</ns3:cad>
          </ns3:TrackPointExtension>
        </extensions>
      </trkpt>
      <trkpt lat="31.32791186682879924774169921875" lon="118.3564516715705394744873046875">
        <ele>14</ele>
        <time>2026-08-07T16:17:00.000Z</time>
        <extensions>
          <ns3:TrackPointExtension>
            <ns3:hr>167</ns3:hr>
            <ns3:cad>84</ns3:cad>
          </ns3:TrackPointExtension>
        </extensions>
      </trkpt>
      <trkpt lat="31.32788554765284061431884765625" lon="118.356469608843326568603515625">
        <ele>14</ele>
        <time>2026-08-07T16:17:01.000Z</time>
        <extensions>
          <ns3:TrackPointExtension>
            <ns3:hr>167</ns3:hr>
            <ns3:cad>84</ns3:cad>
          </ns3:TrackPointExtension>
        </extensions>
      </trkpt>
      <trkpt lat="31.32786660455167293548583984375" lon="118.356484360992908477783203125">
        <ele>14</ele>
        <time>2026-08-07T16:17:02.000Z</time>
        <extensions>
          <ns3:TrackPointExtension>
            <ns3:hr>167</ns3:hr>
            <ns3:cad>84</ns3:cad>
          </ns3:TrackPointExtension>
        </extensions>
      </trkpt>
      <trkpt lat="31.3278432190418243408203125" lon="118.3565022982656955718994140625">
        <ele>14</ele>
        <time>2026-08-07T16:17:03.000Z</time>
        <extensions>
          <ns3:TrackPointExtension>
            <ns3:hr>168</ns3:hr>
            <ns3:cad>85</ns3:cad>
          </ns3:TrackPointExtension>
        </extensions>
      </trkpt>
      <trkpt lat="31.32782100699841976165771484375" lon="118.3565147034823894500732421875">
        <ele>14</ele>
        <time>2026-08-07T16:17:04.000Z</time>
        <extensions>
          <ns3:TrackPointExtension>
            <ns3:hr>167</ns3:hr>
            <ns3:cad>85</ns3:cad>
          </ns3:TrackPointExtension>
        </extensions>
      </trkpt>
      <trkpt lat="31.3278056681156158447265625" lon="118.35653222166001796722412109375">
        <ele>14</ele>
        <time>2026-08-07T16:17:05.000Z</time>
        <extensions>
          <ns3:TrackPointExtension>
            <ns3:hr>167</ns3:hr>
            <ns3:cad>85</ns3:cad>
          </ns3:TrackPointExtension>
        </extensions>
      </trkpt>
      <trkpt lat="31.3277820311486721038818359375" lon="118.3565537631511688232421875">
        <ele>13.80000019073486328125</ele>
        <time>2026-08-07T16:17:06.000Z</time>
        <extensions>
          <ns3:TrackPointExtension>
            <ns3:hr>167</ns3:hr>
            <ns3:cad>85</ns3:cad>
          </ns3:TrackPointExtension>
        </extensions>
      </trkpt>
      <trkpt lat="31.3277692906558513641357421875" lon="118.35657111369073390960693359375">
        <ele>13.80000019073486328125</ele>
        <time>2026-08-07T16:17:07.000Z</time>
        <extensions>
          <ns3:TrackPointExtension>
            <ns3:hr>167</ns3:hr>
            <ns3:cad>85</ns3:cad>
          </ns3:TrackPointExtension>
        </extensions>
      </trkpt>
      <trkpt lat="31.32774389348924160003662109375" lon="118.35659357719123363494873046875">
        <ele>14</ele>
        <time>2026-08-07T16:17:08.000Z</time>
        <extensions>
          <ns3:TrackPointExtension>
            <ns3:hr>167</ns3:hr>
            <ns3:cad>86</ns3:cad>
          </ns3:TrackPointExtension>
        </extensions>
      </trkpt>
      <trkpt lat="31.32771992124617099761962890625" lon="118.3566115982830524444580078125">
        <ele>14</ele>
        <time>2026-08-07T16:17:09.000Z</time>
        <extensions>
          <ns3:TrackPointExtension>
            <ns3:hr>166</ns3:hr>
            <ns3:cad>86</ns3:cad>
          </ns3:TrackPointExtension>
        </extensions>
      </trkpt>
      <trkpt lat="31.32770173251628875732421875" lon="118.35663087666034698486328125">
        <ele>14.19999980926513671875</ele>
        <time>2026-08-07T16:17:10.000Z</time>
        <extensions>
          <ns3:TrackPointExtension>
            <ns3:hr>166</ns3:hr>
            <ns3:cad>86</ns3:cad>
          </ns3:TrackPointExtension>
        </extensions>
      </trkpt>
      <trkpt lat="31.3276764191687107086181640625" lon="118.35664504207670688629150390625">
        <ele>14.19999980926513671875</ele>
        <time>2026-08-07T16:17:11.000Z</time>
        <extensions>
          <ns3:TrackPointExtension>
            <ns3:hr>166</ns3:hr>
            <ns3:cad>85</ns3:cad>
          </ns3:TrackPointExtension>
        </extensions>
      </trkpt>
      <trkpt lat="31.32766124792397022247314453125" lon="118.3566608838737010955810546875">
        <ele>14.19999980926513671875</ele>
        <time>2026-08-07T16:17:12.000Z</time>
        <extensions>
          <ns3:TrackPointExtension>
            <ns3:hr>166</ns3:hr>
            <ns3:cad>85</ns3:cad>
          </ns3:TrackPointExtension>
        </extensions>
      </trkpt>
      <trkpt lat="31.32763065397739410400390625" lon="118.35667203180491924285888671875">
        <ele>14.19999980926513671875</ele>
        <time>2026-08-07T16:17:13.000Z</time>
        <extensions>
          <ns3:TrackPointExtension>
            <ns3:hr>166</ns3:hr>
            <ns3:cad>85</ns3:cad>
          </ns3:TrackPointExtension>
        </extensions>
      </trkpt>
      <trkpt lat="31.32761045359075069427490234375" lon="118.3566813357174396514892578125">
        <ele>14</ele>
        <time>2026-08-07T16:17:14.000Z</time>
        <extensions>
          <ns3:TrackPointExtension>
            <ns3:hr>166</ns3:hr>
            <ns3:cad>85</ns3:cad>
          </ns3:TrackPointExtension>
        </extensions>
      </trkpt>
      <trkpt lat="31.3275909237563610076904296875" lon="118.356699608266353607177734375">
        <ele>14</ele>
        <time>2026-08-07T16:17:15.000Z</time>
        <extensions>
          <ns3:TrackPointExtension>
            <ns3:hr>165</ns3:hr>
            <ns3:cad>85</ns3:cad>
          </ns3:TrackPointExtension>
        </extensions>
      </trkpt>
      <trkpt lat="31.32757424376904964447021484375" lon="118.35672073066234588623046875">
        <ele>14</ele>
        <time>2026-08-07T16:17:16.000Z</time>
        <extensions>
          <ns3:TrackPointExtension>
            <ns3:hr>165</ns3:hr>
            <ns3:cad>84</ns3:cad>
          </ns3:TrackPointExtension>
        </extensions>
      </trkpt>
      <trkpt lat="31.3275577314198017120361328125" lon="118.35674428381025791168212890625">
        <ele>14</ele>
        <time>2026-08-07T16:17:17.000Z</time>
        <extensions>
          <ns3:TrackPointExtension>
            <ns3:hr>165</ns3:hr>
            <ns3:cad>84</ns3:cad>
          </ns3:TrackPointExtension>
        </extensions>
      </trkpt>
      <trkpt lat="31.32752864621579647064208984375" lon="118.3567651547491550445556640625">
        <ele>14</ele>
        <time>2026-08-07T16:17:18.000Z</time>
        <extensions>
          <ns3:TrackPointExtension>
            <ns3:hr>165</ns3:hr>
            <ns3:cad>84</ns3:cad>
          </ns3:TrackPointExtension>
        </extensions>
      </trkpt>
      <trkpt lat="31.3275101222097873687744140625" lon="118.35678418166935443878173828125">
        <ele>14</ele>
        <time>2026-08-07T16:17:19.000Z</time>
        <extensions>
          <ns3:TrackPointExtension>
            <ns3:hr>165</ns3:hr>
            <ns3:cad>85</ns3:cad>
          </ns3:TrackPointExtension>
        </extensions>
      </trkpt>
      <trkpt lat="31.3274802826344966888427734375" lon="118.35680530406534671783447265625">
        <ele>14</ele>
        <time>2026-08-07T16:17:20.000Z</time>
        <extensions>
          <ns3:TrackPointExtension>
            <ns3:hr>165</ns3:hr>
            <ns3:cad>86</ns3:cad>
          </ns3:TrackPointExtension>
        </extensions>
      </trkpt>
      <trkpt lat="31.327459327876567840576171875" lon="118.35681737400591373443603515625">
        <ele>14</ele>
        <time>2026-08-07T16:17:21.000Z</time>
        <extensions>
          <ns3:TrackPointExtension>
            <ns3:hr>165</ns3:hr>
            <ns3:cad>86</ns3:cad>
          </ns3:TrackPointExtension>
        </extensions>
      </trkpt>
      <trkpt lat="31.3274350203573703765869140625" lon="118.3568345569074153900146484375">
        <ele>14</ele>
        <time>2026-08-07T16:17:22.000Z</time>
        <extensions>
          <ns3:TrackPointExtension>
            <ns3:hr>165</ns3:hr>
            <ns3:cad>86</ns3:cad>
          </ns3:TrackPointExtension>
        </extensions>
      </trkpt>
      <trkpt lat="31.32741280831396579742431640625" lon="118.35684754885733127593994140625">
        <ele>14</ele>
        <time>2026-08-07T16:17:23.000Z</time>
        <extensions>
          <ns3:TrackPointExtension>
            <ns3:hr>164</ns3:hr>
            <ns3:cad>85</ns3:cad>
          </ns3:TrackPointExtension>
        </extensions>
      </trkpt>
      <trkpt lat="31.3273988105356693267822265625" lon="118.356868922710418701171875">
        <ele>14</ele>
        <time>2026-08-07T16:17:24.000Z</time>
        <extensions>
          <ns3:TrackPointExtension>
            <ns3:hr>164</ns3:hr>
            <ns3:cad>85</ns3:cad>
          </ns3:TrackPointExtension>
        </extensions>
      </trkpt>
      <trkpt lat="31.32736980915069580078125" lon="118.35688862018287181854248046875">
        <ele>13.80000019073486328125</ele>
        <time>2026-08-07T16:17:25.000Z</time>
        <extensions>
          <ns3:TrackPointExtension>
            <ns3:hr>164</ns3:hr>
            <ns3:cad>85</ns3:cad>
          </ns3:TrackPointExtension>
        </extensions>
      </trkpt>
      <trkpt lat="31.32735036313533782958984375" lon="118.35691041313111782073974609375">
        <ele>13.80000019073486328125</ele>
        <time>2026-08-07T16:17:26.000Z</time>
        <extensions>
          <ns3:TrackPointExtension>
            <ns3:hr>164</ns3:hr>
            <ns3:cad>85</ns3:cad>
          </ns3:TrackPointExtension>
        </extensions>
      </trkpt>
      <trkpt lat="31.3273263908922672271728515625" lon="118.35693907923996448516845703125">
        <ele>13.80000019073486328125</ele>
        <time>2026-08-07T16:17:27.000Z</time>
        <extensions>
          <ns3:TrackPointExtension>
            <ns3:hr>163</ns3:hr>
            <ns3:cad>85</ns3:cad>
          </ns3:TrackPointExtension>
        </extensions>
      </trkpt>
      <trkpt lat="31.32731088437139987945556640625" lon="118.356968499720096588134765625">
        <ele>14</ele>
        <time>2026-08-07T16:17:28.000Z</time>
        <extensions>
          <ns3:TrackPointExtension>
            <ns3:hr>163</ns3:hr>
            <ns3:cad>85</ns3:cad>
          </ns3:TrackPointExtension>
        </extensions>
      </trkpt>
      <trkpt lat="31.3272972218692302703857421875" lon="118.35699892602860927581787109375">
        <ele>14</ele>
        <time>2026-08-07T16:17:29.000Z</time>
        <extensions>
          <ns3:TrackPointExtension>
            <ns3:hr>162</ns3:hr>
            <ns3:cad>85</ns3:cad>
          </ns3:TrackPointExtension>
        </extensions>
      </trkpt>
      <trkpt lat="31.3272767700254917144775390625" lon="118.35702809505164623260498046875">
        <ele>13.80000019073486328125</ele>
        <time>2026-08-07T16:17:30.000Z</time>
        <extensions>
          <ns3:TrackPointExtension>
            <ns3:hr>162</ns3:hr>
            <ns3:cad>85</ns3:cad>
          </ns3:TrackPointExtension>
        </extensions>
      </trkpt>
      <trkpt lat="31.327266879379749298095703125" lon="118.35705290548503398895263671875">
        <ele>13.80000019073486328125</ele>
        <time>2026-08-07T16:17:31.000Z</time>
        <extensions>
          <ns3:TrackPointExtension>
            <ns3:hr>161</ns3:hr>
            <ns3:cad>85</ns3:cad>
          </ns3:TrackPointExtension>
        </extensions>
      </trkpt>
      <trkpt lat="31.32724843919277191162109375" lon="118.3570829965174198150634765625">
        <ele>13.80000019073486328125</ele>
        <time>2026-08-07T16:17:32.000Z</time>
        <extensions>
          <ns3:TrackPointExtension>
            <ns3:hr>161</ns3:hr>
            <ns3:cad>86</ns3:cad>
          </ns3:TrackPointExtension>
        </extensions>
      </trkpt>
      <trkpt lat="31.32723444141447544097900390625" lon="118.3571091480553150177001953125">
        <ele>13.80000019073486328125</ele>
        <time>2026-08-07T16:17:33.000Z</time>
        <extensions>
          <ns3:TrackPointExtension>
            <ns3:hr>161</ns3:hr>
            <ns3:cad>86</ns3:cad>
          </ns3:TrackPointExtension>
        </extensions>
      </trkpt>
      <trkpt lat="31.32722052745521068572998046875" lon="118.3571393229067325592041015625">
        <ele>13.80000019073486328125</ele>
        <time>2026-08-07T16:17:34.000Z</time>
        <extensions>
          <ns3:TrackPointExtension>
            <ns3:hr>160</ns3:hr>
            <ns3:cad>85</ns3:cad>
          </ns3:TrackPointExtension>
        </extensions>
      </trkpt>
      <trkpt lat="31.3272077031433582305908203125" lon="118.3571671508252620697021484375">
        <ele>14</ele>
        <time>2026-08-07T16:17:35.000Z</time>
        <extensions>
          <ns3:TrackPointExtension>
            <ns3:hr>160</ns3:hr>
            <ns3:cad>84</ns3:cad>
          </ns3:TrackPointExtension>
        </extensions>
      </trkpt>
      <trkpt lat="31.32720418274402618408203125" lon="118.3571929670870304107666015625">
        <ele>14.19999980926513671875</ele>
        <time>2026-08-07T16:17:36.000Z</time>
        <extensions>
          <ns3:TrackPointExtension>
            <ns3:hr>160</ns3:hr>
            <ns3:cad>84</ns3:cad>
          </ns3:TrackPointExtension>
        </extensions>
      </trkpt>
      <trkpt lat="31.3271879218518733978271484375" lon="118.3572258241474628448486328125">
        <ele>14.3999996185302734375</ele>
        <time>2026-08-07T16:17:37.000Z</time>
        <extensions>
          <ns3:TrackPointExtension>
            <ns3:hr>160</ns3:hr>
            <ns3:cad>86</ns3:cad>
          </ns3:TrackPointExtension>
        </extensions>
      </trkpt>
      <trkpt lat="31.3271818868815898895263671875" lon="118.35725038312375545501708984375">
        <ele>14.3999996185302734375</ele>
        <time>2026-08-07T16:17:38.000Z</time>
        <extensions>
          <ns3:TrackPointExtension>
            <ns3:hr>161</ns3:hr>
            <ns3:cad>86</ns3:cad>
          </ns3:TrackPointExtension>
        </extensions>
      </trkpt>
      <trkpt lat="31.32716487161815166473388671875" lon="118.35728458128869533538818359375">
        <ele>14.6000003814697265625</ele>
        <time>2026-08-07T16:17:39.000Z</time>
        <extensions>
          <ns3:TrackPointExtension>
            <ns3:hr>160</ns3:hr>
            <ns3:cad>85</ns3:cad>
          </ns3:TrackPointExtension>
        </extensions>
      </trkpt>
      <trkpt lat="31.32715531624853610992431640625" lon="118.35730813443660736083984375">
        <ele>14.6000003814697265625</ele>
        <time>2026-08-07T16:17:40.000Z</time>
        <extensions>
          <ns3:TrackPointExtension>
            <ns3:hr>160</ns3:hr>
            <ns3:cad>85</ns3:cad>
          </ns3:TrackPointExtension>
        </extensions>
      </trkpt>
      <trkpt lat="31.3271352834999561309814453125" lon="118.3573369681835174560546875">
        <ele>14.6000003814697265625</ele>
        <time>2026-08-07T16:17:41.000Z</time>
        <extensions>
          <ns3:TrackPointExtension>
            <ns3:hr>160</ns3:hr>
            <ns3:cad>85</ns3:cad>
          </ns3:TrackPointExtension>
        </extensions>
      </trkpt>
      <trkpt lat="31.3271175138652324676513671875" lon="118.3573673106729984283447265625">
        <ele>14.6000003814697265625</ele>
        <time>2026-08-07T16:17:42.000Z</time>
        <extensions>
          <ns3:TrackPointExtension>
            <ns3:hr>160</ns3:hr>
            <ns3:cad>85</ns3:cad>
          </ns3:TrackPointExtension>
        </extensions>
      </trkpt>
      <trkpt lat="31.327104270458221435546875" lon="118.35739664733409881591796875">
        <ele>14.6000003814697265625</ele>
        <time>2026-08-07T16:17:43.000Z</time>
        <extensions>
          <ns3:TrackPointExtension>
            <ns3:hr>160</ns3:hr>
            <ns3:cad>85</ns3:cad>
          </ns3:TrackPointExtension>
        </extensions>
      </trkpt>
      <trkpt lat="31.327085830271244049072265625" lon="118.35742858238518238067626953125">
        <ele>14.6000003814697265625</ele>
        <time>2026-08-07T16:17:44.000Z</time>
        <extensions>
          <ns3:TrackPointExtension>
            <ns3:hr>160</ns3:hr>
            <ns3:cad>87</ns3:cad>
          </ns3:TrackPointExtension>
        </extensions>
      </trkpt>
      <trkpt lat="31.32707652635872364044189453125" lon="118.35745356045663356781005859375">
        <ele>14.3999996185302734375</ele>
        <time>2026-08-07T16:17:45.000Z</time>
        <extensions>
          <ns3:TrackPointExtension>
            <ns3:hr>160</ns3:hr>
            <ns3:cad>87</ns3:cad>
          </ns3:TrackPointExtension>
        </extensions>
      </trkpt>
      <trkpt lat="31.32705263793468475341796875" lon="118.35748239420354366302490234375">
        <ele>14.3999996185302734375</ele>
        <time>2026-08-07T16:17:46.000Z</time>
        <extensions>
          <ns3:TrackPointExtension>
            <ns3:hr>160</ns3:hr>
            <ns3:cad>87</ns3:cad>
          </ns3:TrackPointExtension>
        </extensions>
      </trkpt>
      <trkpt lat="31.32703629322350025177001953125" lon="118.35750661790370941162109375">
        <ele>14.3999996185302734375</ele>
        <time>2026-08-07T16:17:47.000Z</time>
        <extensions>
          <ns3:TrackPointExtension>
            <ns3:hr>161</ns3:hr>
            <ns3:cad>86</ns3:cad>
          </ns3:TrackPointExtension>
        </extensions>
      </trkpt>
      <trkpt lat="31.32701802067458629608154296875" lon="118.35753343999385833740234375">
        <ele>14.3999996185302734375</ele>
        <time>2026-08-07T16:17:48.000Z</time>
        <extensions>
          <ns3:TrackPointExtension>
            <ns3:hr>161</ns3:hr>
            <ns3:cad>86</ns3:cad>
          </ns3:TrackPointExtension>
        </extensions>
      </trkpt>
      <trkpt lat="31.3270082138478755950927734375" lon="118.3575554005801677703857421875">
        <ele>14.19999980926513671875</ele>
        <time>2026-08-07T16:17:49.000Z</time>
        <extensions>
          <ns3:TrackPointExtension>
            <ns3:hr>162</ns3:hr>
            <ns3:cad>86</ns3:cad>
          </ns3:TrackPointExtension>
        </extensions>
      </trkpt>
      <trkpt lat="31.32699404843151569366455078125" lon="118.357588090002536773681640625">
        <ele>14.19999980926513671875</ele>
        <time>2026-08-07T16:17:50.000Z</time>
        <extensions>
          <ns3:TrackPointExtension>
            <ns3:hr>163</ns3:hr>
            <ns3:cad>86</ns3:cad>
          </ns3:TrackPointExtension>
        </extensions>
      </trkpt>
      <trkpt lat="31.32697879336774349212646484375" lon="118.35761650465428829193115234375">
        <ele>14</ele>
        <time>2026-08-07T16:17:51.000Z</time>
        <extensions>
          <ns3:TrackPointExtension>
            <ns3:hr>163</ns3:hr>
            <ns3:cad>86</ns3:cad>
          </ns3:TrackPointExtension>
        </extensions>
      </trkpt>
      <trkpt lat="31.32696068845689296722412109375" lon="118.35764450021088123321533203125">
        <ele>14</ele>
        <time>2026-08-07T16:17:52.000Z</time>
        <extensions>
          <ns3:TrackPointExtension>
            <ns3:hr>163</ns3:hr>
            <ns3:cad>87</ns3:cad>
          </ns3:TrackPointExtension>
        </extensions>
      </trkpt>
      <trkpt lat="31.326940320432186126708984375" lon="118.357665203511714935302734375">
        <ele>14</ele>
        <time>2026-08-07T16:17:53.000Z</time>
        <extensions>
          <ns3:TrackPointExtension>
            <ns3:hr>164</ns3:hr>
            <ns3:cad>87</ns3:cad>
          </ns3:TrackPointExtension>
        </extensions>
      </trkpt>
      <trkpt lat="31.3269237242639064788818359375" lon="118.35768691264092922210693359375">
        <ele>14</ele>
        <time>2026-08-07T16:17:54.000Z</time>
        <extensions>
          <ns3:TrackPointExtension>
            <ns3:hr>163</ns3:hr>
            <ns3:cad>88</ns3:cad>
          </ns3:TrackPointExtension>
        </extensions>
      </trkpt>
      <trkpt lat="31.32691089995205402374267578125" lon="118.3577096275985240936279296875">
        <ele>14</ele>
        <time>2026-08-07T16:17:55.000Z</time>
        <extensions>
          <ns3:TrackPointExtension>
            <ns3:hr>163</ns3:hr>
            <ns3:cad>88</ns3:cad>
          </ns3:TrackPointExtension>
        </extensions>
      </trkpt>
      <trkpt lat="31.3268985785543918609619140625" lon="118.3577347733080387115478515625">
        <ele>14</ele>
        <time>2026-08-07T16:17:56.000Z</time>
        <extensions>
          <ns3:TrackPointExtension>
            <ns3:hr>164</ns3:hr>
            <ns3:cad>88</ns3:cad>
          </ns3:TrackPointExtension>
        </extensions>
      </trkpt>
      <trkpt lat="31.3268828205764293670654296875" lon="118.35776251740753650665283203125">
        <ele>14</ele>
        <time>2026-08-07T16:17:57.000Z</time>
        <extensions>
          <ns3:TrackPointExtension>
            <ns3:hr>164</ns3:hr>
            <ns3:cad>88</ns3:cad>
          </ns3:TrackPointExtension>
        </extensions>
      </trkpt>
      <trkpt lat="31.3268818147480487823486328125" lon="118.357791267335414886474609375">
        <ele>13.80000019073486328125</ele>
        <time>2026-08-07T16:17:58.000Z</time>
        <extensions>
          <ns3:TrackPointExtension>
            <ns3:hr>164</ns3:hr>
            <ns3:cad>88</ns3:cad>
          </ns3:TrackPointExtension>
        </extensions>
      </trkpt>
      <trkpt lat="31.32687829434871673583984375" lon="118.35782714188098907470703125">
        <ele>13.80000019073486328125</ele>
        <time>2026-08-07T16:17:59.000Z</time>
        <extensions>
          <ns3:TrackPointExtension>
            <ns3:hr>164</ns3:hr>
            <ns3:cad>88</ns3:cad>
          </ns3:TrackPointExtension>
        </extensions>
      </trkpt>
      <trkpt lat="31.32687837816774845123291015625" lon="118.35785790346562862396240234375">
        <ele>13.80000019073486328125</ele>
        <time>2026-08-07T16:18:00.000Z</time>
        <extensions>
          <ns3:TrackPointExtension>
            <ns3:hr>164</ns3:hr>
            <ns3:cad>88</ns3:cad>
          </ns3:TrackPointExtension>
        </extensions>
      </trkpt>
      <trkpt lat="31.3268704153597354888916015625" lon="118.35789159871637821197509765625">
        <ele>13.80000019073486328125</ele>
        <time>2026-08-07T16:18:01.000Z</time>
        <extensions>
          <ns3:TrackPointExtension>
            <ns3:hr>164</ns3:hr>
            <ns3:cad>87</ns3:cad>
          </ns3:TrackPointExtension>
        </extensions>
      </trkpt>
      <trkpt lat="31.3268707506358623504638671875" lon="118.35792143829166889190673828125">
        <ele>13.80000019073486328125</ele>
        <time>2026-08-07T16:18:02.000Z</time>
        <extensions>
          <ns3:TrackPointExtension>
            <ns3:hr>164</ns3:hr>
            <ns3:cad>86</ns3:cad>
          </ns3:TrackPointExtension>
        </extensions>
      </trkpt>
      <trkpt lat="31.3268687389791011810302734375" lon="118.35795261897146701812744140625">
        <ele>13.80000019073486328125</ele>
        <time>2026-08-07T16:18:03.000Z</time>
        <extensions>
          <ns3:TrackPointExtension>
            <ns3:hr>164</ns3:hr>
            <ns3:cad>86</ns3:cad>
          </ns3:TrackPointExtension>
        </extensions>
      </trkpt>
      <trkpt lat="31.326855830848217010498046875" lon="118.3579838834702968597412109375">
        <ele>13.6000003814697265625</ele>
        <time>2026-08-07T16:18:04.000Z</time>
        <extensions>
          <ns3:TrackPointExtension>
            <ns3:hr>164</ns3:hr>
            <ns3:cad>86</ns3:cad>
          </ns3:TrackPointExtension>
        </extensions>
      </trkpt>
      <trkpt lat="31.3268526457250118255615234375" lon="118.358009196817874908447265625">
        <ele>13.6000003814697265625</ele>
        <time>2026-08-07T16:18:05.000Z</time>
        <extensions>
          <ns3:TrackPointExtension>
            <ns3:hr>164</ns3:hr>
            <ns3:cad>86</ns3:cad>
          </ns3:TrackPointExtension>
        </extensions>
      </trkpt>
      <trkpt lat="31.32684401236474514007568359375" lon="118.35804347880184650421142578125">
        <ele>13.6000003814697265625</ele>
        <time>2026-08-07T16:18:06.000Z</time>
        <extensions>
          <ns3:TrackPointExtension>
            <ns3:hr>164</ns3:hr>
            <ns3:cad>86</ns3:cad>
          </ns3:TrackPointExtension>
        </extensions>
      </trkpt>
      <trkpt lat="31.32685013115406036376953125" lon="118.35806711576879024505615234375">
        <ele>13.6000003814697265625</ele>
        <time>2026-08-07T16:18:07.000Z</time>
        <extensions>
          <ns3:TrackPointExtension>
            <ns3:hr>165</ns3:hr>
            <ns3:cad>86</ns3:cad>
          </ns3:TrackPointExtension>
        </extensions>
      </trkpt>
      <trkpt lat="31.3268452696502208709716796875" lon="118.35810349322855472564697265625">
        <ele>13.6000003814697265625</ele>
        <time>2026-08-07T16:18:08.000Z</time>
        <extensions>
          <ns3:TrackPointExtension>
            <ns3:hr>164</ns3:hr>
            <ns3:cad>86</ns3:cad>
          </ns3:TrackPointExtension>
        </extensions>
      </trkpt>
      <trkpt lat="31.32684099487960338592529296875" lon="118.35813282988965511322021484375">
        <ele>13.6000003814697265625</ele>
        <time>2026-08-07T16:18:09.000Z</time>
        <extensions>
          <ns3:TrackPointExtension>
            <ns3:hr>164</ns3:hr>
            <ns3:cad>85</ns3:cad>
          </ns3:TrackPointExtension>
        </extensions>
      </trkpt>
      <trkpt lat="31.32683915086090564727783203125" lon="118.358164094388484954833984375">
        <ele>13.6000003814697265625</ele>
        <time>2026-08-07T16:18:10.000Z</time>
        <extensions>
          <ns3:TrackPointExtension>
            <ns3:hr>165</ns3:hr>
            <ns3:cad>85</ns3:cad>
          </ns3:TrackPointExtension>
        </extensions>
      </trkpt>
      <trkpt lat="31.32683680392801761627197265625" lon="118.35819837637245655059814453125">
        <ele>13.3999996185302734375</ele>
        <time>2026-08-07T16:18:11.000Z</time>
        <extensions>
          <ns3:TrackPointExtension>
            <ns3:hr>164</ns3:hr>
            <ns3:cad>85</ns3:cad>
          </ns3:TrackPointExtension>
        </extensions>
      </trkpt>
      <trkpt lat="31.32683646865189075469970703125" lon="118.358223102986812591552734375">
        <ele>13.3999996185302734375</ele>
        <time>2026-08-07T16:18:12.000Z</time>
        <extensions>
          <ns3:TrackPointExtension>
            <ns3:hr>164</ns3:hr>
            <ns3:cad>85</ns3:cad>
          </ns3:TrackPointExtension>
        </extensions>
      </trkpt>
      <trkpt lat="31.3268315233290195465087890625" lon="118.35825227200984954833984375">
        <ele>13.6000003814697265625</ele>
        <time>2026-08-07T16:18:13.000Z</time>
        <extensions>
          <ns3:TrackPointExtension>
            <ns3:hr>164</ns3:hr>
            <ns3:cad>86</ns3:cad>
          </ns3:TrackPointExtension>
        </extensions>
      </trkpt>
      <trkpt lat="31.32682733237743377685546875" lon="118.3582826144993305206298828125">
        <ele>13.6000003814697265625</ele>
        <time>2026-08-07T16:18:14.000Z</time>
        <extensions>
          <ns3:TrackPointExtension>
            <ns3:hr>164</ns3:hr>
            <ns3:cad>86</ns3:cad>
          </ns3:TrackPointExtension>
        </extensions>
      </trkpt>
      <trkpt lat="31.326822303235530853271484375" lon="118.3583151362836360931396484375">
        <ele>13.6000003814697265625</ele>
        <time>2026-08-07T16:18:15.000Z</time>
        <extensions>
          <ns3:TrackPointExtension>
            <ns3:hr>164</ns3:hr>
            <ns3:cad>86</ns3:cad>
          </ns3:TrackPointExtension>
        </extensions>
      </trkpt>
      <trkpt lat="31.32681853137910366058349609375" lon="118.35834355093538761138916015625">
        <ele>13.80000019073486328125</ele>
        <time>2026-08-07T16:18:16.000Z</time>
        <extensions>
          <ns3:TrackPointExtension>
            <ns3:hr>164</ns3:hr>
            <ns3:cad>86</ns3:cad>
          </ns3:TrackPointExtension>
        </extensions>
      </trkpt>
      <trkpt lat="31.32681450806558132171630859375" lon="118.35836987011134624481201171875">
        <ele>13.80000019073486328125</ele>
        <time>2026-08-07T16:18:17.000Z</time>
        <extensions>
          <ns3:TrackPointExtension>
            <ns3:hr>164</ns3:hr>
            <ns3:cad>84</ns3:cad>
          </ns3:TrackPointExtension>
        </extensions>
      </trkpt>
      <trkpt lat="31.32681232877075672149658203125" lon="118.3583952672779560089111328125">
        <ele>13.80000019073486328125</ele>
        <time>2026-08-07T16:18:18.000Z</time>
        <extensions>
          <ns3:TrackPointExtension>
            <ns3:hr>164</ns3:hr>
            <ns3:cad>84</ns3:cad>
          </ns3:TrackPointExtension>
        </extensions>
      </trkpt>
      <trkpt lat="31.32681232877075672149658203125" lon="118.358418233692646026611328125">
        <ele>13.80000019073486328125</ele>
        <time>2026-08-07T16:18:19.000Z</time>
        <extensions>
          <ns3:TrackPointExtension>
            <ns3:hr>164</ns3:hr>
            <ns3:cad>85</ns3:cad>
          </ns3:TrackPointExtension>
        </extensions>
      </trkpt>
      <trkpt lat="31.3268194533884525299072265625" lon="118.35845251567661762237548828125">
        <ele>13.80000019073486328125</ele>
        <time>2026-08-07T16:18:20.000Z</time>
        <extensions>
          <ns3:TrackPointExtension>
            <ns3:hr>164</ns3:hr>
            <ns3:cad>86</ns3:cad>
          </ns3:TrackPointExtension>
        </extensions>
      </trkpt>
      <trkpt lat="31.326824314892292022705078125" lon="118.358483612537384033203125">
        <ele>14</ele>
        <time>2026-08-07T16:18:21.000Z</time>
        <extensions>
          <ns3:TrackPointExtension>
            <ns3:hr>164</ns3:hr>
            <ns3:cad>87</ns3:cad>
          </ns3:TrackPointExtension>
        </extensions>
      </trkpt>
      <trkpt lat="31.32683227770030498504638671875" lon="118.35852476768195629119873046875">
        <ele>14</ele>
        <time>2026-08-07T16:18:22.000Z</time>
        <extensions>
          <ns3:TrackPointExtension>
            <ns3:hr>163</ns3:hr>
            <ns3:cad>89</ns3:cad>
          </ns3:TrackPointExtension>
        </extensions>
      </trkpt>
      <trkpt lat="31.326846778392791748046875" lon="118.35856114514172077178955078125">
        <ele>14.19999980926513671875</ele>
        <time>2026-08-07T16:18:23.000Z</time>
        <extensions>
          <ns3:TrackPointExtension>
            <ns3:hr>164</ns3:hr>
            <ns3:cad>90</ns3:cad>
          </ns3:TrackPointExtension>
        </extensions>
      </trkpt>
      <trkpt lat="31.3268588483333587646484375" lon="118.358592577278614044189453125">
        <ele>14.19999980926513671875</ele>
        <time>2026-08-07T16:18:24.000Z</time>
        <extensions>
          <ns3:TrackPointExtension>
            <ns3:hr>164</ns3:hr>
            <ns3:cad>90</ns3:cad>
          </ns3:TrackPointExtension>
        </extensions>
      </trkpt>
      <trkpt lat="31.32687452249228954315185546875" lon="118.35862032137811183929443359375">
        <ele>14.3999996185302734375</ele>
        <time>2026-08-07T16:18:25.000Z</time>
        <extensions>
          <ns3:TrackPointExtension>
            <ns3:hr>164</ns3:hr>
            <ns3:cad>89</ns3:cad>
          </ns3:TrackPointExtension>
        </extensions>
      </trkpt>
      <trkpt lat="31.3268834911286830902099609375" lon="118.35863859392702579498291015625">
        <ele>14.6000003814697265625</ele>
        <time>2026-08-07T16:18:26.000Z</time>
        <extensions>
          <ns3:TrackPointExtension>
            <ns3:hr>163</ns3:hr>
            <ns3:cad>87</ns3:cad>
          </ns3:TrackPointExtension>
        </extensions>
      </trkpt>
      <trkpt lat="31.32689304649829864501953125" lon="118.35864144377410411834716796875">
        <ele>14.6000003814697265625</ele>
        <time>2026-08-07T16:18:27.000Z</time>
        <extensions>
          <ns3:TrackPointExtension>
            <ns3:hr>164</ns3:hr>
            <ns3:cad>85</ns3:cad>
          </ns3:TrackPointExtension>
        </extensions>
      </trkpt>
      <trkpt lat="31.32692213170230388641357421875" lon="118.3586564473807811737060546875">
        <ele>15</ele>
        <time>2026-08-07T16:18:30.000Z</time>
        <extensions>
          <ns3:TrackPointExtension>
            <ns3:hr>164</ns3:hr>
            <ns3:cad>85</ns3:cad>
          </ns3:TrackPointExtension>
        </extensions>
      </trkpt>
      <trkpt lat="31.32692699320614337921142578125" lon="118.358644880354404449462890625">
        <ele>15</ele>
        <time>2026-08-07T16:18:31.000Z</time>
        <extensions>
          <ns3:TrackPointExtension>
            <ns3:hr>164</ns3:hr>
            <ns3:cad>0</ns3:cad>
          </ns3:TrackPointExtension>
        </extensions>
      </trkpt>
      <trkpt lat="31.32693286053836345672607421875" lon="118.35862417705357074737548828125">
        <ele>15.19999980926513671875</ele>
        <time>2026-08-07T16:18:32.000Z</time>
        <extensions>
          <ns3:TrackPointExtension>
            <ns3:hr>164</ns3:hr>
            <ns3:cad>0</ns3:cad>
          </ns3:TrackPointExtension>
        </extensions>
      </trkpt>
      <trkpt lat="31.326934285461902618408203125" lon="118.35858578793704509735107421875">
        <ele>15.19999980926513671875</ele>
        <time>2026-08-07T16:18:33.000Z</time>
        <extensions>
          <ns3:TrackPointExtension>
            <ns3:hr>164</ns3:hr>
            <ns3:cad>0</ns3:cad>
          </ns3:TrackPointExtension>
        </extensions>
      </trkpt>
      <trkpt lat="31.32693621329963207244873046875" lon="118.35854823701083660125732421875">
        <ele>15.3999996185302734375</ele>
        <time>2026-08-07T16:18:34.000Z</time>
        <extensions>
          <ns3:TrackPointExtension>
            <ns3:hr>163</ns3:hr>
            <ns3:cad>0</ns3:cad>
          </ns3:TrackPointExtension>
        </extensions>
      </trkpt>
      <trkpt lat="31.326932609081268310546875" lon="118.35850079543888568878173828125">
        <ele>15.3999996185302734375</ele>
        <time>2026-08-07T16:18:35.000Z</time>
        <extensions>
          <ns3:TrackPointExtension>
            <ns3:hr>163</ns3:hr>
            <ns3:cad>0</ns3:cad>
          </ns3:TrackPointExtension>
        </extensions>
      </trkpt>
      <trkpt lat="31.3269280828535556793212890625" lon="118.35845611989498138427734375">
        <ele>15.3999996185302734375</ele>
        <time>2026-08-07T16:18:36.000Z</time>
        <extensions>
          <ns3:TrackPointExtension>
            <ns3:hr>161</ns3:hr>
            <ns3:cad>92</ns3:cad>
          </ns3:TrackPointExtension>
        </extensions>
      </trkpt>
      <trkpt lat="31.32692414335906505584716796875" lon="118.358411528170108795166015625">
        <ele>15.3999996185302734375</ele>
        <time>2026-08-07T16:18:37.000Z</time>
        <extensions>
          <ns3:TrackPointExtension>
            <ns3:hr>159</ns3:hr>
            <ns3:cad>92</ns3:cad>
          </ns3:TrackPointExtension>
        </extensions>
      </trkpt>
      <trkpt lat="31.326922215521335601806640625" lon="118.3583660982549190521240234375">
        <ele>15.19999980926513671875</ele>
        <time>2026-08-07T16:18:38.000Z</time>
        <extensions>
          <ns3:TrackPointExtension>
            <ns3:hr>157</ns3:hr>
            <ns3:cad>91</ns3:cad>
          </ns3:TrackPointExtension>
        </extensions>
      </trkpt>
      <trkpt lat="31.32692598737776279449462890625" lon="118.35831530392169952392578125">
        <ele>15.19999980926513671875</ele>
        <time>2026-08-07T16:18:39.000Z</time>
        <extensions>
          <ns3:TrackPointExtension>
            <ns3:hr>158</ns3:hr>
            <ns3:cad>91</ns3:cad>
          </ns3:TrackPointExtension>
        </extensions>
      </trkpt>
      <trkpt lat="31.3269287534058094024658203125" lon="118.35827171802520751953125">
        <ele>15.3999996185302734375</ele>
        <time>2026-08-07T16:18:40.000Z</time>
        <extensions>
          <ns3:TrackPointExtension>
            <ns3:hr>160</ns3:hr>
            <ns3:cad>92</ns3:cad>
          </ns3:TrackPointExtension>
        </extensions>
      </trkpt>
      <trkpt lat="31.32692079059779644012451171875" lon="118.35823525674641132354736328125">
        <ele>15.19999980926513671875</ele>
        <time>2026-08-07T16:18:41.000Z</time>
        <extensions>
          <ns3:TrackPointExtension>
            <ns3:hr>161</ns3:hr>
            <ns3:cad>92</ns3:cad>
          </ns3:TrackPointExtension>
        </extensions>
      </trkpt>
      <trkpt lat="31.3269066251814365386962890625" lon="118.3582038246095180511474609375">
        <ele>15.19999980926513671875</ele>
        <time>2026-08-07T16:18:42.000Z</time>
        <extensions>
          <ns3:TrackPointExtension>
            <ns3:hr>163</ns3:hr>
            <ns3:cad>92</ns3:cad>
          </ns3:TrackPointExtension>
        </extensions>
      </trkpt>
      <trkpt lat="31.326903440058231353759765625" lon="118.358172811567783355712890625">
        <ele>15.19999980926513671875</ele>
        <time>2026-08-07T16:18:43.000Z</time>
        <extensions>
          <ns3:TrackPointExtension>
            <ns3:hr>165</ns3:hr>
            <ns3:cad>92</ns3:cad>
          </ns3:TrackPointExtension>
        </extensions>
      </trkpt>
      <trkpt lat="31.3268901966512203216552734375" lon="118.3581496775150299072265625">
        <ele>15.19999980926513671875</ele>
        <time>2026-08-07T16:18:44.000Z</time>
        <extensions>
          <ns3:TrackPointExtension>
            <ns3:hr>167</ns3:hr>
            <ns3:cad>88</ns3:cad>
          </ns3:TrackPointExtension>
        </extensions>
      </trkpt>
      <trkpt lat="31.32688726298511028289794921875" lon="118.3581173233687877655029296875">
        <ele>15.19999980926513671875</ele>
        <time>2026-08-07T16:18:45.000Z</time>
        <extensions>
          <ns3:TrackPointExtension>
            <ns3:hr>169</ns3:hr>
            <ns3:cad>87</ns3:cad>
          </ns3:TrackPointExtension>
        </extensions>
      </trkpt>
      <trkpt lat="31.326884329319000244140625" lon="118.35808739997446537017822265625">
        <ele>15.19999980926513671875</ele>
        <time>2026-08-07T16:18:46.000Z</time>
        <extensions>
          <ns3:TrackPointExtension>
            <ns3:hr>170</ns3:hr>
            <ns3:cad>87</ns3:cad>
          </ns3:TrackPointExtension>
        </extensions>
      </trkpt>
      <trkpt lat="31.32688374258577823638916015625" lon="118.3580552972853183746337890625">
        <ele>15.19999980926513671875</ele>
        <time>2026-08-07T16:18:47.000Z</time>
        <extensions>
          <ns3:TrackPointExtension>
            <ns3:hr>170</ns3:hr>
            <ns3:cad>85</ns3:cad>
          </ns3:TrackPointExtension>
        </extensions>
      </trkpt>
      <trkpt lat="31.32688608951866626739501953125" lon="118.35802185349166393280029296875">
        <ele>15</ele>
        <time>2026-08-07T16:18:48.000Z</time>
        <extensions>
          <ns3:TrackPointExtension>
            <ns3:hr>171</ns3:hr>
            <ns3:cad>85</ns3:cad>
          </ns3:TrackPointExtension>
        </extensions>
      </trkpt>
      <trkpt lat="31.32688323967158794403076171875" lon="118.35799536667764186859130859375">
        <ele>15</ele>
        <time>2026-08-07T16:18:49.000Z</time>
        <extensions>
          <ns3:TrackPointExtension>
            <ns3:hr>171</ns3:hr>
            <ns3:cad>85</ns3:cad>
          </ns3:TrackPointExtension>
        </extensions>
      </trkpt>
      <trkpt lat="31.326890029013156890869140625" lon="118.357955552637577056884765625">
        <ele>15</ele>
        <time>2026-08-07T16:18:50.000Z</time>
        <extensions>
          <ns3:TrackPointExtension>
            <ns3:hr>171</ns3:hr>
            <ns3:cad>85</ns3:cad>
          </ns3:TrackPointExtension>
        </extensions>
      </trkpt>
      <trkpt lat="31.32688701152801513671875" lon="118.35792613215744495391845703125">
        <ele>14.80000019073486328125</ele>
        <time>2026-08-07T16:18:51.000Z</time>
        <extensions>
          <ns3:TrackPointExtension>
            <ns3:hr>171</ns3:hr>
            <ns3:cad>86</ns3:cad>
          </ns3:TrackPointExtension>
        </extensions>
      </trkpt>
      <trkpt lat="31.3268912024796009063720703125" lon="118.35789327509701251983642578125">
        <ele>14.80000019073486328125</ele>
        <time>2026-08-07T16:18:52.000Z</time>
        <extensions>
          <ns3:TrackPointExtension>
            <ns3:hr>170</ns3:hr>
            <ns3:cad>86</ns3:cad>
          </ns3:TrackPointExtension>
        </extensions>
      </trkpt>
      <trkpt lat="31.3268975727260112762451171875" lon="118.3578662015497684478759765625">
        <ele>14.80000019073486328125</ele>
        <time>2026-08-07T16:18:53.000Z</time>
        <extensions>
          <ns3:TrackPointExtension>
            <ns3:hr>171</ns3:hr>
            <ns3:cad>86</ns3:cad>
          </ns3:TrackPointExtension>
        </extensions>
      </trkpt>
      <trkpt lat="31.3269022665917873382568359375" lon="118.35784181021153926849365234375">
        <ele>14.80000019073486328125</ele>
        <time>2026-08-07T16:18:54.000Z</time>
        <extensions>
          <ns3:TrackPointExtension>
            <ns3:hr>171</ns3:hr>
            <ns3:cad>85</ns3:cad>
          </ns3:TrackPointExtension>
        </extensions>
      </trkpt>
      <trkpt lat="31.32691442035138607025146484375" lon="118.3578152395784854888916015625">
        <ele>14.80000019073486328125</ele>
        <time>2026-08-07T16:18:55.000Z</time>
        <extensions>
          <ns3:TrackPointExtension>
            <ns3:hr>171</ns3:hr>
            <ns3:cad>85</ns3:cad>
          </ns3:TrackPointExtension>
        </extensions>
      </trkpt>
      <trkpt lat="31.3269160129129886627197265625" lon="118.3577934466302394866943359375">
        <ele>14.80000019073486328125</ele>
        <time>2026-08-07T16:18:56.000Z</time>
        <extensions>
          <ns3:TrackPointExtension>
            <ns3:hr>170</ns3:hr>
            <ns3:cad>85</ns3:cad>
          </ns3:TrackPointExtension>
        </extensions>
      </trkpt>
      <trkpt lat="31.32693353109061717987060546875" lon="118.35776553489267826080322265625">
        <ele>14.80000019073486328125</ele>
        <time>2026-08-07T16:18:57.000Z</time>
        <extensions>
          <ns3:TrackPointExtension>
            <ns3:hr>170</ns3:hr>
            <ns3:cad>85</ns3:cad>
          </ns3:TrackPointExtension>
        </extensions>
      </trkpt>
      <trkpt lat="31.3269488699734210968017578125" lon="118.357743322849273681640625">
        <ele>14.80000019073486328125</ele>
        <time>2026-08-07T16:18:58.000Z</time>
        <extensions>
          <ns3:TrackPointExtension>
            <ns3:hr>170</ns3:hr>
            <ns3:cad>85</ns3:cad>
          </ns3:TrackPointExtension>
        </extensions>
      </trkpt>
      <trkpt lat="31.32696052081882953643798828125" lon="118.35771658457815647125244140625">
        <ele>14.80000019073486328125</ele>
        <time>2026-08-07T16:18:59.000Z</time>
        <extensions>
          <ns3:TrackPointExtension>
            <ns3:hr>170</ns3:hr>
            <ns3:cad>85</ns3:cad>
          </ns3:TrackPointExtension>
        </extensions>
      </trkpt>
      <trkpt lat="31.3269822299480438232421875" lon="118.35768758319318294525146484375">
        <ele>14.6000003814697265625</ele>
        <time>2026-08-07T16:19:00.000Z</time>
        <extensions>
          <ns3:TrackPointExtension>
            <ns3:hr>170</ns3:hr>
            <ns3:cad>85</ns3:cad>
          </ns3:TrackPointExtension>
        </extensions>
      </trkpt>
      <trkpt lat="31.32698717527091503143310546875" lon="118.35766210220754146575927734375">
        <ele>14.6000003814697265625</ele>
        <time>2026-08-07T16:19:01.000Z</time>
        <extensions>
          <ns3:TrackPointExtension>
            <ns3:hr>169</ns3:hr>
            <ns3:cad>84</ns3:cad>
          </ns3:TrackPointExtension>
        </extensions>
      </trkpt>
      <trkpt lat="31.32700435817241668701171875" lon="118.35763226263225078582763671875">
        <ele>14.6000003814697265625</ele>
        <time>2026-08-07T16:19:02.000Z</time>
        <extensions>
          <ns3:TrackPointExtension>
            <ns3:hr>169</ns3:hr>
            <ns3:cad>83</ns3:cad>
          </ns3:TrackPointExtension>
        </extensions>
      </trkpt>
      <trkpt lat="31.32701735012233257293701171875" lon="118.3576078712940216064453125">
        <ele>14.6000003814697265625</ele>
        <time>2026-08-07T16:19:03.000Z</time>
        <extensions>
          <ns3:TrackPointExtension>
            <ns3:hr>169</ns3:hr>
            <ns3:cad>83</ns3:cad>
          </ns3:TrackPointExtension>
        </extensions>
      </trkpt>
      <trkpt lat="31.32702891714870929718017578125" lon="118.357582390308380126953125">
        <ele>14.6000003814697265625</ele>
        <time>2026-08-07T16:19:04.000Z</time>
        <extensions>
          <ns3:TrackPointExtension>
            <ns3:hr>169</ns3:hr>
            <ns3:cad>83</ns3:cad>
          </ns3:TrackPointExtension>
        </extensions>
      </trkpt>
      <trkpt lat="31.3270481117069721221923828125" lon="118.357558585703372955322265625">
        <ele>14.6000003814697265625</ele>
        <time>2026-08-07T16:19:05.000Z</time>
        <extensions>
          <ns3:TrackPointExtension>
            <ns3:hr>168</ns3:hr>
            <ns3:cad>83</ns3:cad>
          </ns3:TrackPointExtension>
        </extensions>
      </trkpt>
      <trkpt lat="31.32706261239945888519287109375" lon="118.35754592902958393096923828125">
        <ele>14.6000003814697265625</ele>
        <time>2026-08-07T16:19:06.000Z</time>
        <extensions>
          <ns3:TrackPointExtension>
            <ns3:hr>168</ns3:hr>
            <ns3:cad>83</ns3:cad>
          </ns3:TrackPointExtension>
        </extensions>
      </trkpt>
      <trkpt lat="31.3270611874759197235107421875" lon="118.35755783133208751678466796875">
        <ele>14.6000003814697265625</ele>
        <time>2026-08-07T16:19:07.000Z</time>
        <extensions>
          <ns3:TrackPointExtension>
            <ns3:hr>168</ns3:hr>
            <ns3:cad>84</ns3:cad>
          </ns3:TrackPointExtension>
        </extensions>
      </trkpt>
      <trkpt lat="31.3270551525056362152099609375" lon="118.357567302882671356201171875">
        <ele>14.6000003814697265625</ele>
        <time>2026-08-07T16:19:08.000Z</time>
        <extensions>
          <ns3:TrackPointExtension>
            <ns3:hr>168</ns3:hr>
            <ns3:cad>84</ns3:cad>
          </ns3:TrackPointExtension>
        </extensions>
      </trkpt>
      <trkpt lat="31.3270474411547183990478515625" lon="118.35758171975612640380859375">
        <ele>14.80000019073486328125</ele>
        <time>2026-08-07T16:19:09.000Z</time>
        <extensions>
          <ns3:TrackPointExtension>
            <ns3:hr>167</ns3:hr>
            <ns3:cad>84</ns3:cad>
          </ns3:TrackPointExtension>
        </extensions>
      </trkpt>
      <trkpt lat="31.32704056799411773681640625" lon="118.35760192014276981353759765625">
        <ele>15</ele>
        <time>2026-08-07T16:19:10.000Z</time>
        <extensions>
          <ns3:TrackPointExtension>
            <ns3:hr>167</ns3:hr>
            <ns3:cad>83</ns3:cad>
          </ns3:TrackPointExtension>
        </extensions>
      </trkpt>
      <trkpt lat="31.32702120579779148101806640625" lon="118.357630334794521331787109375">
        <ele>15.19999980926513671875</ele>
        <time>2026-08-07T16:19:11.000Z</time>
        <extensions>
          <ns3:TrackPointExtension>
            <ns3:hr>167</ns3:hr>
            <ns3:cad>83</ns3:cad>
          </ns3:TrackPointExtension>
        </extensions>
      </trkpt>
      <trkpt lat="31.32701416499912738800048828125" lon="118.3576548099517822265625">
        <ele>15.6000003814697265625</ele>
        <time>2026-08-07T16:19:12.000Z</time>
        <extensions>
          <ns3:TrackPointExtension>
            <ns3:hr>167</ns3:hr>
            <ns3:cad>81</ns3:cad>
          </ns3:TrackPointExtension>
        </extensions>
      </trkpt>
      <trkpt lat="31.3270063698291778564453125" lon="118.35767433978617191314697265625">
        <ele>15.80000019073486328125</ele>
        <time>2026-08-07T16:19:13.000Z</time>
        <extensions>
          <ns3:TrackPointExtension>
            <ns3:hr>166</ns3:hr>
            <ns3:cad>79</ns3:cad>
          </ns3:TrackPointExtension>
        </extensions>
      </trkpt>
      <trkpt lat="31.32699337787926197052001953125" lon="118.35769495926797389984130859375">
        <ele>16</ele>
        <time>2026-08-07T16:19:14.000Z</time>
        <extensions>
          <ns3:TrackPointExtension>
            <ns3:hr>166</ns3:hr>
            <ns3:cad>79</ns3:cad>
          </ns3:TrackPointExtension>
        </extensions>
      </trkpt>
      <trkpt lat="31.32698952220380306243896484375" lon="118.3577186800539493560791015625">
        <ele>16.200000762939453125</ele>
        <time>2026-08-07T16:19:15.000Z</time>
        <extensions>
          <ns3:TrackPointExtension>
            <ns3:hr>166</ns3:hr>
            <ns3:cad>79</ns3:cad>
          </ns3:TrackPointExtension>
        </extensions>
      </trkpt>
      <trkpt lat="31.326997987926006317138671875" lon="118.35773452185094356536865234375">
        <ele>16.6000003814697265625</ele>
        <time>2026-08-07T16:19:16.000Z</time>
        <extensions>
          <ns3:TrackPointExtension>
            <ns3:hr>166</ns3:hr>
            <ns3:cad>79</ns3:cad>
          </ns3:TrackPointExtension>
        </extensions>
      </trkpt>
      <trkpt lat="31.32701248861849308013916015625" lon="118.357735611498355865478515625">
        <ele>16.799999237060546875</ele>
        <time>2026-08-07T16:19:17.000Z</time>
        <extensions>
          <ns3:TrackPointExtension>
            <ns3:hr>165</ns3:hr>
            <ns3:cad>79</ns3:cad>
          </ns3:TrackPointExtension>
        </extensions>
      </trkpt>
      <trkpt lat="31.32702849805355072021484375" lon="118.3577473461627960205078125">
        <ele>17</ele>
        <time>2026-08-07T16:19:18.000Z</time>
        <extensions>
          <ns3:TrackPointExtension>
            <ns3:hr>165</ns3:hr>
            <ns3:cad>79</ns3:cad>
          </ns3:TrackPointExtension>
        </extensions>
      </trkpt>
      <trkpt lat="31.32704266346991062164306640625" lon="118.35776838473975658416748046875">
        <ele>17.200000762939453125</ele>
        <time>2026-08-07T16:19:19.000Z</time>
        <extensions>
          <ns3:TrackPointExtension>
            <ns3:hr>164</ns3:hr>
            <ns3:cad>79</ns3:cad>
          </ns3:TrackPointExtension>
        </extensions>
      </trkpt>
      <trkpt lat="31.32705439813435077667236328125" lon="118.357794284820556640625">
        <ele>17.200000762939453125</ele>
        <time>2026-08-07T16:19:20.000Z</time>
        <extensions>
          <ns3:TrackPointExtension>
            <ns3:hr>164</ns3:hr>
            <ns3:cad>79</ns3:cad>
          </ns3:TrackPointExtension>
        </extensions>
      </trkpt>
      <trkpt lat="31.3270705752074718475341796875" lon="118.35781951434910297393798828125">
        <ele>17.3999996185302734375</ele>
        <time>2026-08-07T16:19:21.000Z</time>
        <extensions>
          <ns3:TrackPointExtension>
            <ns3:hr>163</ns3:hr>
            <ns3:cad>79</ns3:cad>
          </ns3:TrackPointExtension>
        </extensions>
      </trkpt>
      <trkpt lat="31.327081136405467987060546875" lon="118.35785262286663055419921875">
        <ele>17.3999996185302734375</ele>
        <time>2026-08-07T16:19:22.000Z</time>
        <extensions>
          <ns3:TrackPointExtension>
            <ns3:hr>163</ns3:hr>
            <ns3:cad>77</ns3:cad>
          </ns3:TrackPointExtension>
        </extensions>
      </trkpt>
      <trkpt lat="31.32709060795605182647705078125" lon="118.35787617601454257965087890625">
        <ele>17.6000003814697265625</ele>
        <time>2026-08-07T16:19:23.000Z</time>
        <extensions>
          <ns3:TrackPointExtension>
            <ns3:hr>163</ns3:hr>
            <ns3:cad>77</ns3:cad>
          </ns3:TrackPointExtension>
        </extensions>
      </trkpt>
      <trkpt lat="31.327091194689273834228515625" lon="118.357911296188831329345703125">
        <ele>17.799999237060546875</ele>
        <time>2026-08-07T16:19:24.000Z</time>
        <extensions>
          <ns3:TrackPointExtension>
            <ns3:hr>163</ns3:hr>
            <ns3:cad>77</ns3:cad>
          </ns3:TrackPointExtension>
        </extensions>
      </trkpt>
      <trkpt lat="31.3270870037376880645751953125" lon="118.35794138722121715545654296875">
        <ele>17.799999237060546875</ele>
        <time>2026-08-07T16:19:25.000Z</time>
        <extensions>
          <ns3:TrackPointExtension>
            <ns3:hr>163</ns3:hr>
            <ns3:cad>81</ns3:cad>
          </ns3:TrackPointExtension>
        </extensions>
      </trkpt>
      <trkpt lat="31.32708138786256313323974609375" lon="118.357966952025890350341796875">
        <ele>18</ele>
        <time>2026-08-07T16:19:26.000Z</time>
        <extensions>
          <ns3:TrackPointExtension>
            <ns3:hr>162</ns3:hr>
            <ns3:cad>83</ns3:cad>
          </ns3:TrackPointExtension>
        </extensions>
      </trkpt>
      <trkpt lat="31.327059678733348846435546875" lon="118.35799251683056354522705078125">
        <ele>18</ele>
        <time>2026-08-07T16:19:27.000Z</time>
        <extensions>
          <ns3:TrackPointExtension>
            <ns3:hr>163</ns3:hr>
            <ns3:cad>83</ns3:cad>
          </ns3:TrackPointExtension>
        </extensions>
      </trkpt>
      <trkpt lat="31.32705288939177989959716796875" lon="118.35801464505493640899658203125">
        <ele>18.200000762939453125</ele>
        <time>2026-08-07T16:19:28.000Z</time>
        <extensions>
          <ns3:TrackPointExtension>
            <ns3:hr>163</ns3:hr>
            <ns3:cad>83</ns3:cad>
          </ns3:TrackPointExtension>
        </extensions>
      </trkpt>
      <trkpt lat="31.32703579030930995941162109375" lon="118.35804565809667110443115234375">
        <ele>18.200000762939453125</ele>
        <time>2026-08-07T16:19:29.000Z</time>
        <extensions>
          <ns3:TrackPointExtension>
            <ns3:hr>163</ns3:hr>
            <ns3:cad>83</ns3:cad>
          </ns3:TrackPointExtension>
        </extensions>
      </trkpt>
      <trkpt lat="31.32702271454036235809326171875" lon="118.358070887625217437744140625">
        <ele>18.3999996185302734375</ele>
        <time>2026-08-07T16:19:30.000Z</time>
        <extensions>
          <ns3:TrackPointExtension>
            <ns3:hr>163</ns3:hr>
            <ns3:cad>83</ns3:cad>
          </ns3:TrackPointExtension>
        </extensions>
      </trkpt>
      <trkpt lat="31.32701684720814228057861328125" lon="118.35809075273573398590087890625">
        <ele>18.3999996185302734375</ele>
        <time>2026-08-07T16:19:31.000Z</time>
        <extensions>
          <ns3:TrackPointExtension>
            <ns3:hr>164</ns3:hr>
            <ns3:cad>83</ns3:cad>
          </ns3:TrackPointExtension>
        </extensions>
      </trkpt>
      <trkpt lat="31.3270021788775920867919921875" lon="118.358119837939739227294921875">
        <ele>18.3999996185302734375</ele>
        <time>2026-08-07T16:19:32.000Z</time>
        <extensions>
          <ns3:TrackPointExtension>
            <ns3:hr>164</ns3:hr>
            <ns3:cad>83</ns3:cad>
          </ns3:TrackPointExtension>
        </extensions>
      </trkpt>
      <trkpt lat="31.32699170149862766265869140625" lon="118.358137272298336029052734375">
        <ele>18.200000762939453125</ele>
        <time>2026-08-07T16:19:33.000Z</time>
        <extensions>
          <ns3:TrackPointExtension>
            <ns3:hr>164</ns3:hr>
            <ns3:cad>82</ns3:cad>
          </ns3:TrackPointExtension>
        </extensions>
      </trkpt>
      <trkpt lat="31.32698130793869495391845703125" lon="118.3581521920859813690185546875">
        <ele>18.200000762939453125</ele>
        <time>2026-08-07T16:19:34.000Z</time>
        <extensions>
          <ns3:TrackPointExtension>
            <ns3:hr>165</ns3:hr>
            <ns3:cad>82</ns3:cad>
          </ns3:TrackPointExtension>
        </extensions>
      </trkpt>
      <trkpt lat="31.3269679807126522064208984375" lon="118.35817976854741573333740234375">
        <ele>18</ele>
        <time>2026-08-07T16:19:35.000Z</time>
        <extensions>
          <ns3:TrackPointExtension>
            <ns3:hr>165</ns3:hr>
            <ns3:cad>83</ns3:cad>
          </ns3:TrackPointExtension>
        </extensions>
      </trkpt>
      <trkpt lat="31.3269715011119842529296875" lon="118.35820005275309085845947265625">
        <ele>18</ele>
        <time>2026-08-07T16:19:36.000Z</time>
        <extensions>
          <ns3:TrackPointExtension>
            <ns3:hr>165</ns3:hr>
            <ns3:cad>83</ns3:cad>
          </ns3:TrackPointExtension>
        </extensions>
      </trkpt>
      <trkpt lat="31.3269532285630702972412109375" lon="118.35821966640651226043701171875">
        <ele>18</ele>
        <time>2026-08-07T16:19:37.000Z</time>
        <extensions>
          <ns3:TrackPointExtension>
            <ns3:hr>166</ns3:hr>
            <ns3:cad>83</ns3:cad>
          </ns3:TrackPointExtension>
        </extensions>
      </trkpt>
      <trkpt lat="31.32693864405155181884765625" lon="118.35823475383222103118896484375">
        <ele>18</ele>
        <time>2026-08-07T16:19:38.000Z</time>
        <extensions>
          <ns3:TrackPointExtension>
            <ns3:hr>165</ns3:hr>
            <ns3:cad>83</ns3:cad>
          </ns3:TrackPointExtension>
        </extensions>
      </trkpt>
      <trkpt lat="31.32692498154938220977783203125" lon="118.3582527749240398406982421875">
        <ele>17.799999237060546875</ele>
        <time>2026-08-07T16:19:39.000Z</time>
        <extensions>
          <ns3:TrackPointExtension>
            <ns3:hr>165</ns3:hr>
            <ns3:cad>81</ns3:cad>
          </ns3:TrackPointExtension>
        </extensions>
      </trkpt>
      <trkpt lat="31.326912157237529754638671875" lon="118.3582725562155246734619140625">
        <ele>17.799999237060546875</ele>
        <time>2026-08-07T16:19:40.000Z</time>
        <extensions>
          <ns3:TrackPointExtension>
            <ns3:hr>165</ns3:hr>
            <ns3:cad>68</ns3:cad>
          </ns3:TrackPointExtension>
        </extensions>
      </trkpt>
      <trkpt lat="31.326901428401470184326171875" lon="118.3582960255444049835205078125">
        <ele>17.799999237060546875</ele>
        <time>2026-08-07T16:19:41.000Z</time>
        <extensions>
          <ns3:TrackPointExtension>
            <ns3:hr>165</ns3:hr>
            <ns3:cad>68</ns3:cad>
          </ns3:TrackPointExtension>
        </extensions>
      </trkpt>
      <trkpt lat="31.32689212448894977569580078125" lon="118.3583228476345539093017578125">
        <ele>17.799999237060546875</ele>
        <time>2026-08-07T16:19:42.000Z</time>
        <extensions>
          <ns3:TrackPointExtension>
            <ns3:hr>165</ns3:hr>
            <ns3:cad>68</ns3:cad>
          </ns3:TrackPointExtension>
        </extensions>
      </trkpt>
      <trkpt lat="31.32688692770898342132568359375" lon="118.35835293866693973541259765625">
        <ele>17.799999237060546875</ele>
        <time>2026-08-07T16:19:43.000Z</time>
        <extensions>
          <ns3:TrackPointExtension>
            <ns3:hr>165</ns3:hr>
            <ns3:cad>68</ns3:cad>
          </ns3:TrackPointExtension>
        </extensions>
      </trkpt>
      <trkpt lat="31.32688608951866626739501953125" lon="118.35837808437645435333251953125">
        <ele>18</ele>
        <time>2026-08-07T16:19:44.000Z</time>
        <extensions>
          <ns3:TrackPointExtension>
            <ns3:hr>164</ns3:hr>
            <ns3:cad>68</ns3:cad>
          </ns3:TrackPointExtension>
        </extensions>
      </trkpt>
      <trkpt lat="31.32688709534704685211181640625" lon="118.35841186344623565673828125">
        <ele>18</ele>
        <time>2026-08-07T16:19:45.000Z</time>
        <extensions>
          <ns3:TrackPointExtension>
            <ns3:hr>163</ns3:hr>
            <ns3:cad>68</ns3:cad>
          </ns3:TrackPointExtension>
        </extensions>
      </trkpt>
      <trkpt lat="31.32688994519412517547607421875" lon="118.3584629930555820465087890625">
        <ele>18</ele>
        <time>2026-08-07T16:19:46.000Z</time>
        <extensions>
          <ns3:TrackPointExtension>
            <ns3:hr>162</ns3:hr>
            <ns3:cad>83</ns3:cad>
          </ns3:TrackPointExtension>
        </extensions>
      </trkpt>
      <trkpt lat="31.3268891908228397369384765625" lon="118.35849509574472904205322265625">
        <ele>18.200000762939453125</ele>
        <time>2026-08-07T16:19:47.000Z</time>
        <extensions>
          <ns3:TrackPointExtension>
            <ns3:hr>161</ns3:hr>
            <ns3:cad>83</ns3:cad>
          </ns3:TrackPointExtension>
        </extensions>
      </trkpt>
      <trkpt lat="31.32689438760280609130859375" lon="118.35852610878646373748779296875">
        <ele>18.200000762939453125</ele>
        <time>2026-08-07T16:19:48.000Z</time>
        <extensions>
          <ns3:TrackPointExtension>
            <ns3:hr>160</ns3:hr>
            <ns3:cad>83</ns3:cad>
          </ns3:TrackPointExtension>
        </extensions>
      </trkpt>
      <trkpt lat="31.32689933292567729949951171875" lon="118.35856315679848194122314453125">
        <ele>18.200000762939453125</ele>
        <time>2026-08-07T16:19:49.000Z</time>
        <extensions>
          <ns3:TrackPointExtension>
            <ns3:hr>160</ns3:hr>
            <ns3:cad>83</ns3:cad>
          </ns3:TrackPointExtension>
        </extensions>
      </trkpt>
      <trkpt lat="31.326928921043872833251953125" lon="118.3586034737527370452880859375">
        <ele>18.200000762939453125</ele>
        <time>2026-08-07T16:19:50.000Z</time>
        <extensions>
          <ns3:TrackPointExtension>
            <ns3:hr>160</ns3:hr>
            <ns3:cad>83</ns3:cad>
          </ns3:TrackPointExtension>
        </extensions>
      </trkpt>
      <trkpt lat="31.32693604566156864166259765625" lon="118.3586232550442218780517578125">
        <ele>18.200000762939453125</ele>
        <time>2026-08-07T16:19:51.000Z</time>
        <extensions>
          <ns3:TrackPointExtension>
            <ns3:hr>160</ns3:hr>
            <ns3:cad>84</ns3:cad>
          </ns3:TrackPointExtension>
        </extensions>
      </trkpt>
      <trkpt lat="31.3269414938986301422119140625" lon="118.3586551062762737274169921875">
        <ele>18.3999996185302734375</ele>
        <time>2026-08-07T16:19:52.000Z</time>
        <extensions>
          <ns3:TrackPointExtension>
            <ns3:hr>160</ns3:hr>
            <ns3:cad>84</ns3:cad>
          </ns3:TrackPointExtension>
        </extensions>
      </trkpt>
      <trkpt lat="31.3269542343914508819580078125" lon="118.35867430083453655242919921875">
        <ele>18.3999996185302734375</ele>
        <time>2026-08-07T16:19:53.000Z</time>
        <extensions>
          <ns3:TrackPointExtension>
            <ns3:hr>160</ns3:hr>
            <ns3:cad>84</ns3:cad>
          </ns3:TrackPointExtension>
        </extensions>
      </trkpt>
      <trkpt lat="31.32695683278143405914306640625" lon="118.358709253370761871337890625">
        <ele>18.3999996185302734375</ele>
        <time>2026-08-07T16:19:54.000Z</time>
        <extensions>
          <ns3:TrackPointExtension>
            <ns3:hr>160</ns3:hr>
            <ns3:cad>84</ns3:cad>
          </ns3:TrackPointExtension>
        </extensions>
      </trkpt>
      <trkpt lat="31.3269676454365253448486328125" lon="118.35873967967927455902099609375">
        <ele>18.200000762939453125</ele>
        <time>2026-08-07T16:19:55.000Z</time>
        <extensions>
          <ns3:TrackPointExtension>
            <ns3:hr>159</ns3:hr>
            <ns3:cad>84</ns3:cad>
          </ns3:TrackPointExtension>
        </extensions>
      </trkpt>
      <trkpt lat="31.326977200806140899658203125" lon="118.35877102799713611602783203125">
        <ele>18.200000762939453125</ele>
        <time>2026-08-07T16:19:56.000Z</time>
        <extensions>
          <ns3:TrackPointExtension>
            <ns3:hr>159</ns3:hr>
            <ns3:cad>84</ns3:cad>
          </ns3:TrackPointExtension>
        </extensions>
      </trkpt>
      <trkpt lat="31.3269810564815998077392578125" lon="118.358805812895298004150390625">
        <ele>18.200000762939453125</ele>
        <time>2026-08-07T16:19:57.000Z</time>
        <extensions>
          <ns3:TrackPointExtension>
            <ns3:hr>158</ns3:hr>
            <ns3:cad>83</ns3:cad>
          </ns3:TrackPointExtension>
        </extensions>
      </trkpt>
      <trkpt lat="31.32699237205088138580322265625" lon="118.3588301204144954681396484375">
        <ele>18.200000762939453125</ele>
        <time>2026-08-07T16:19:58.000Z</time>
        <extensions>
          <ns3:TrackPointExtension>
            <ns3:hr>158</ns3:hr>
            <ns3:cad>83</ns3:cad>
          </ns3:TrackPointExtension>
        </extensions>
      </trkpt>
      <trkpt lat="31.32699321024119853973388671875" lon="118.35886641405522823333740234375">
        <ele>18.200000762939453125</ele>
        <time>2026-08-07T16:19:59.000Z</time>
        <extensions>
          <ns3:TrackPointExtension>
            <ns3:hr>158</ns3:hr>
            <ns3:cad>86</ns3:cad>
          </ns3:TrackPointExtension>
        </extensions>
      </trkpt>
      <trkpt lat="31.32700108923017978668212890625" lon="118.358898349106311798095703125">
        <ele>18.200000762939453125</ele>
        <time>2026-08-07T16:20:00.000Z</time>
        <extensions>
          <ns3:TrackPointExtension>
            <ns3:hr>157</ns3:hr>
            <ns3:cad>86</ns3:cad>
          </ns3:TrackPointExtension>
        </extensions>
      </trkpt>
      <trkpt lat="31.3270041905343532562255859375" lon="118.3589394204318523406982421875">
        <ele>18.200000762939453125</ele>
        <time>2026-08-07T16:20:01.000Z</time>
        <extensions>
          <ns3:TrackPointExtension>
            <ns3:hr>157</ns3:hr>
            <ns3:cad>85</ns3:cad>
          </ns3:TrackPointExtension>
        </extensions>
      </trkpt>
      <trkpt lat="31.32700511254370212554931640625" lon="118.35897638462483882904052734375">
        <ele>18</ele>
        <time>2026-08-07T16:20:02.000Z</time>
        <extensions>
          <ns3:TrackPointExtension>
            <ns3:hr>157</ns3:hr>
            <ns3:cad>84</ns3:cad>
          </ns3:TrackPointExtension>
        </extensions>
      </trkpt>
      <trkpt lat="31.32700980640947818756103515625" lon="118.35901041515171527862548828125">
        <ele>18</ele>
        <time>2026-08-07T16:20:03.000Z</time>
        <extensions>
          <ns3:TrackPointExtension>
            <ns3:hr>157</ns3:hr>
            <ns3:cad>84</ns3:cad>
          </ns3:TrackPointExtension>
        </extensions>
      </trkpt>
      <trkpt lat="31.32700167596340179443359375" lon="118.35904486477375030517578125">
        <ele>18</ele>
        <time>2026-08-07T16:20:04.000Z</time>
        <extensions>
          <ns3:TrackPointExtension>
            <ns3:hr>157</ns3:hr>
            <ns3:cad>85</ns3:cad>
          </ns3:TrackPointExtension>
        </extensions>
      </trkpt>
      <trkpt lat="31.32700092159211635589599609375" lon="118.359073363244533538818359375">
        <ele>18</ele>
        <time>2026-08-07T16:20:05.000Z</time>
        <extensions>
          <ns3:TrackPointExtension>
            <ns3:hr>156</ns3:hr>
            <ns3:cad>85</ns3:cad>
          </ns3:TrackPointExtension>
        </extensions>
      </trkpt>
      <trkpt lat="31.32699270732700824737548828125" lon="118.359109573066234588623046875">
        <ele>18</ele>
        <time>2026-08-07T16:20:06.000Z</time>
        <extensions>
          <ns3:TrackPointExtension>
            <ns3:hr>157</ns3:hr>
            <ns3:cad>86</ns3:cad>
          </ns3:TrackPointExtension>
        </extensions>
      </trkpt>
      <trkpt lat="31.3269927911460399627685546875" lon="118.3591362275183200836181640625">
        <ele>18</ele>
        <time>2026-08-07T16:20:07.000Z</time>
        <extensions>
          <ns3:TrackPointExtension>
            <ns3:hr>157</ns3:hr>
            <ns3:cad>86</ns3:cad>
          </ns3:TrackPointExtension>
        </extensions>
      </trkpt>
      <trkpt lat="31.32699488662183284759521484375" lon="118.35916950367391109466552734375">
        <ele>18.200000762939453125</ele>
        <time>2026-08-07T16:20:08.000Z</time>
        <extensions>
          <ns3:TrackPointExtension>
            <ns3:hr>157</ns3:hr>
            <ns3:cad>85</ns3:cad>
          </ns3:TrackPointExtension>
        </extensions>
      </trkpt>
      <trkpt lat="31.32699371315538883209228515625" lon="118.35920403711497783660888671875">
        <ele>18.200000762939453125</ele>
        <time>2026-08-07T16:20:09.000Z</time>
        <extensions>
          <ns3:TrackPointExtension>
            <ns3:hr>157</ns3:hr>
            <ns3:cad>85</ns3:cad>
          </ns3:TrackPointExtension>
        </extensions>
      </trkpt>
      <trkpt lat="31.32700695656239986419677734375" lon="118.35923169739544391632080078125">
        <ele>18.200000762939453125</ele>
        <time>2026-08-07T16:20:10.000Z</time>
        <extensions>
          <ns3:TrackPointExtension>
            <ns3:hr>157</ns3:hr>
            <ns3:cad>85</ns3:cad>
          </ns3:TrackPointExtension>
        </extensions>
      </trkpt>
      <trkpt lat="31.32700595073401927947998046875" lon="118.3592681586742401123046875">
        <ele>18.200000762939453125</ele>
        <time>2026-08-07T16:20:11.000Z</time>
        <extensions>
          <ns3:TrackPointExtension>
            <ns3:hr>157</ns3:hr>
            <ns3:cad>85</ns3:cad>
          </ns3:TrackPointExtension>
        </extensions>
      </trkpt>
      <trkpt lat="31.3270095549523830413818359375" lon="118.3592928014695644378662109375">
        <ele>18.200000762939453125</ele>
        <time>2026-08-07T16:20:12.000Z</time>
        <extensions>
          <ns3:TrackPointExtension>
            <ns3:hr>157</ns3:hr>
            <ns3:cad>85</ns3:cad>
          </ns3:TrackPointExtension>
        </extensions>
      </trkpt>
      <trkpt lat="31.32700502872467041015625" lon="118.35933060385286808013916015625">
        <ele>18</ele>
        <time>2026-08-07T16:20:13.000Z</time>
        <extensions>
          <ns3:TrackPointExtension>
            <ns3:hr>156</ns3:hr>
            <ns3:cad>86</ns3:cad>
          </ns3:TrackPointExtension>
        </extensions>
      </trkpt>
      <trkpt lat="31.32700662128627300262451171875" lon="118.35936446674168109893798828125">
        <ele>18</ele>
        <time>2026-08-07T16:20:14.000Z</time>
        <extensions>
          <ns3:TrackPointExtension>
            <ns3:hr>157</ns3:hr>
            <ns3:cad>86</ns3:cad>
          </ns3:TrackPointExtension>
        </extensions>
      </trkpt>
      <trkpt lat="31.3270095549523830413818359375" lon="118.35940293967723846435546875">
        <ele>18</ele>
        <time>2026-08-07T16:20:15.000Z</time>
        <extensions>
          <ns3:TrackPointExtension>
            <ns3:hr>157</ns3:hr>
            <ns3:cad>85</ns3:cad>
          </ns3:TrackPointExtension>
        </extensions>
      </trkpt>
      <trkpt lat="31.327007375657558441162109375" lon="118.35944208316504955291748046875">
        <ele>18</ele>
        <time>2026-08-07T16:20:16.000Z</time>
        <extensions>
          <ns3:TrackPointExtension>
            <ns3:hr>157</ns3:hr>
            <ns3:cad>85</ns3:cad>
          </ns3:TrackPointExtension>
        </extensions>
      </trkpt>
      <trkpt lat="31.32700997404754161834716796875" lon="118.35947359912097454071044921875">
        <ele>17.799999237060546875</ele>
        <time>2026-08-07T16:20:17.000Z</time>
        <extensions>
          <ns3:TrackPointExtension>
            <ns3:hr>157</ns3:hr>
            <ns3:cad>85</ns3:cad>
          </ns3:TrackPointExtension>
        </extensions>
      </trkpt>
      <trkpt lat="31.32700595073401927947998046875" lon="118.35951366461813449859619140625">
        <ele>18</ele>
        <time>2026-08-07T16:20:18.000Z</time>
        <extensions>
          <ns3:TrackPointExtension>
            <ns3:hr>157</ns3:hr>
            <ns3:cad>85</ns3:cad>
          </ns3:TrackPointExtension>
        </extensions>
      </trkpt>
      <trkpt lat="31.32700628601014614105224609375" lon="118.35953981615602970123291015625">
        <ele>18</ele>
        <time>2026-08-07T16:20:19.000Z</time>
        <extensions>
          <ns3:TrackPointExtension>
            <ns3:hr>157</ns3:hr>
            <ns3:cad>85</ns3:cad>
          </ns3:TrackPointExtension>
        </extensions>
      </trkpt>
      <trkpt lat="31.3270008377730846405029296875" lon="118.35957518778741359710693359375">
        <ele>18</ele>
        <time>2026-08-07T16:20:20.000Z</time>
        <extensions>
          <ns3:TrackPointExtension>
            <ns3:hr>157</ns3:hr>
            <ns3:cad>85</ns3:cad>
          </ns3:TrackPointExtension>
        </extensions>
      </trkpt>
      <trkpt lat="31.3269988261163234710693359375" lon="118.35960812866687774658203125">
        <ele>18.200000762939453125</ele>
        <time>2026-08-07T16:20:21.000Z</time>
        <extensions>
          <ns3:TrackPointExtension>
            <ns3:hr>157</ns3:hr>
            <ns3:cad>85</ns3:cad>
          </ns3:TrackPointExtension>
        </extensions>
      </trkpt>
      <trkpt lat="31.32700259797275066375732421875" lon="118.3596334420144557952880859375">
        <ele>18.200000762939453125</ele>
        <time>2026-08-07T16:20:22.000Z</time>
        <extensions>
          <ns3:TrackPointExtension>
            <ns3:hr>158</ns3:hr>
            <ns3:cad>85</ns3:cad>
          </ns3:TrackPointExtension>
        </extensions>
      </trkpt>
      <trkpt lat="31.326996982097625732421875" lon="118.359664790332317352294921875">
        <ele>18.200000762939453125</ele>
        <time>2026-08-07T16:20:23.000Z</time>
        <extensions>
          <ns3:TrackPointExtension>
            <ns3:hr>157</ns3:hr>
            <ns3:cad>86</ns3:cad>
          </ns3:TrackPointExtension>
        </extensions>
      </trkpt>
      <trkpt lat="31.3270048610866069793701171875" lon="118.35968281142413616180419921875">
        <ele>18.200000762939453125</ele>
        <time>2026-08-07T16:20:24.000Z</time>
        <extensions>
          <ns3:TrackPointExtension>
            <ns3:hr>157</ns3:hr>
            <ns3:cad>86</ns3:cad>
          </ns3:TrackPointExtension>
        </extensions>
      </trkpt>
      <trkpt lat="31.3270005024969577789306640625" lon="118.35971700958907604217529296875">
        <ele>18.200000762939453125</ele>
        <time>2026-08-07T16:20:25.000Z</time>
        <extensions>
          <ns3:TrackPointExtension>
            <ns3:hr>157</ns3:hr>
            <ns3:cad>86</ns3:cad>
          </ns3:TrackPointExtension>
        </extensions>
      </trkpt>
      <trkpt lat="31.32700276561081409454345703125" lon="118.3597447536885738372802734375">
        <ele>18.200000762939453125</ele>
        <time>2026-08-07T16:20:26.000Z</time>
        <extensions>
          <ns3:TrackPointExtension>
            <ns3:hr>157</ns3:hr>
            <ns3:cad>86</ns3:cad>
          </ns3:TrackPointExtension>
        </extensions>
      </trkpt>
      <trkpt lat="31.3270045258104801177978515625" lon="118.359776102006435394287109375">
        <ele>18.200000762939453125</ele>
        <time>2026-08-07T16:20:27.000Z</time>
        <extensions>
          <ns3:TrackPointExtension>
            <ns3:hr>157</ns3:hr>
            <ns3:cad>86</ns3:cad>
          </ns3:TrackPointExtension>
        </extensions>
      </trkpt>
      <trkpt lat="31.32699790410697460174560546875" lon="118.3598084561526775360107421875">
        <ele>18.200000762939453125</ele>
        <time>2026-08-07T16:20:28.000Z</time>
        <extensions>
          <ns3:TrackPointExtension>
            <ns3:hr>156</ns3:hr>
            <ns3:cad>86</ns3:cad>
          </ns3:TrackPointExtension>
        </extensions>
      </trkpt>
      <trkpt lat="31.327004693448543548583984375" lon="118.35983402095735073089599609375">
        <ele>18.200000762939453125</ele>
        <time>2026-08-07T16:20:29.000Z</time>
        <extensions>
          <ns3:TrackPointExtension>
            <ns3:hr>156</ns3:hr>
            <ns3:cad>86</ns3:cad>
          </ns3:TrackPointExtension>
        </extensions>
      </trkpt>
      <trkpt lat="31.3270045258104801177978515625" lon="118.35986570455133914947509765625">
        <ele>18.200000762939453125</ele>
        <time>2026-08-07T16:20:30.000Z</time>
        <extensions>
          <ns3:TrackPointExtension>
            <ns3:hr>156</ns3:hr>
            <ns3:cad>86</ns3:cad>
          </ns3:TrackPointExtension>
        </extensions>
      </trkpt>
      <trkpt lat="31.32700779475271701812744140625" lon="118.359896801412105560302734375">
        <ele>18</ele>
        <time>2026-08-07T16:20:31.000Z</time>
        <extensions>
          <ns3:TrackPointExtension>
            <ns3:hr>156</ns3:hr>
            <ns3:cad>86</ns3:cad>
          </ns3:TrackPointExtension>
        </extensions>
      </trkpt>
      <trkpt lat="31.32700578309595584869384765625" lon="118.35993275977671146392822265625">
        <ele>18.200000762939453125</ele>
        <time>2026-08-07T16:20:32.000Z</time>
        <extensions>
          <ns3:TrackPointExtension>
            <ns3:hr>156</ns3:hr>
            <ns3:cad>84</ns3:cad>
          </ns3:TrackPointExtension>
        </extensions>
      </trkpt>
      <trkpt lat="31.3270021788775920867919921875" lon="118.3599643595516681671142578125">
        <ele>18.200000762939453125</ele>
        <time>2026-08-07T16:20:33.000Z</time>
        <extensions>
          <ns3:TrackPointExtension>
            <ns3:hr>155</ns3:hr>
            <ns3:cad>84</ns3:cad>
          </ns3:TrackPointExtension>
        </extensions>
      </trkpt>
      <trkpt lat="31.32700393907725811004638671875" lon="118.359991014003753662109375">
        <ele>18.200000762939453125</ele>
        <time>2026-08-07T16:20:34.000Z</time>
        <extensions>
          <ns3:TrackPointExtension>
            <ns3:hr>156</ns3:hr>
            <ns3:cad>85</ns3:cad>
          </ns3:TrackPointExtension>
        </extensions>
      </trkpt>
      <trkpt lat="31.32699631154537200927734375" lon="118.36002521216869354248046875">
        <ele>18.200000762939453125</ele>
        <time>2026-08-07T16:20:35.000Z</time>
        <extensions>
          <ns3:TrackPointExtension>
            <ns3:hr>156</ns3:hr>
            <ns3:cad>85</ns3:cad>
          </ns3:TrackPointExtension>
        </extensions>
      </trkpt>
      <trkpt lat="31.32699807174503803253173828125" lon="118.36005429737269878387451171875">
        <ele>18.200000762939453125</ele>
        <time>2026-08-07T16:20:36.000Z</time>
        <extensions>
          <ns3:TrackPointExtension>
            <ns3:hr>155</ns3:hr>
            <ns3:cad>84</ns3:cad>
          </ns3:TrackPointExtension>
        </extensions>
      </trkpt>
      <trkpt lat="31.32699455134570598602294921875" lon="118.3600889146327972412109375">
        <ele>18.200000762939453125</ele>
        <time>2026-08-07T16:20:37.000Z</time>
        <extensions>
          <ns3:TrackPointExtension>
            <ns3:hr>155</ns3:hr>
            <ns3:cad>84</ns3:cad>
          </ns3:TrackPointExtension>
        </extensions>
      </trkpt>
      <trkpt lat="31.32699371315538883209228515625" lon="118.36011934094130992889404296875">
        <ele>18.200000762939453125</ele>
        <time>2026-08-07T16:20:38.000Z</time>
        <extensions>
          <ns3:TrackPointExtension>
            <ns3:hr>155</ns3:hr>
            <ns3:cad>84</ns3:cad>
          </ns3:TrackPointExtension>
        </extensions>
      </trkpt>
      <trkpt lat="31.32699522189795970916748046875" lon="118.36014767177402973175048828125">
        <ele>18.200000762939453125</ele>
        <time>2026-08-07T16:20:39.000Z</time>
        <extensions>
          <ns3:TrackPointExtension>
            <ns3:hr>155</ns3:hr>
            <ns3:cad>84</ns3:cad>
          </ns3:TrackPointExtension>
        </extensions>
      </trkpt>
      <trkpt lat="31.3269837386906147003173828125" lon="118.36017952300608158111572265625">
        <ele>18.200000762939453125</ele>
        <time>2026-08-07T16:20:40.000Z</time>
        <extensions>
          <ns3:TrackPointExtension>
            <ns3:hr>155</ns3:hr>
            <ns3:cad>84</ns3:cad>
          </ns3:TrackPointExtension>
        </extensions>
      </trkpt>
      <trkpt lat="31.326985247433185577392578125" lon="118.3602024056017398834228515625">
        <ele>18.200000762939453125</ele>
        <time>2026-08-07T16:20:41.000Z</time>
        <extensions>
          <ns3:TrackPointExtension>
            <ns3:hr>155</ns3:hr>
            <ns3:cad>84</ns3:cad>
          </ns3:TrackPointExtension>
        </extensions>
      </trkpt>
      <trkpt lat="31.3269768655300140380859375" lon="118.3602369390428066253662109375">
        <ele>18.3999996185302734375</ele>
        <time>2026-08-07T16:20:42.000Z</time>
        <extensions>
          <ns3:TrackPointExtension>
            <ns3:hr>155</ns3:hr>
            <ns3:cad>84</ns3:cad>
          </ns3:TrackPointExtension>
        </extensions>
      </trkpt>
      <trkpt lat="31.3269756920635700225830078125" lon="118.36025764234364032745361328125">
        <ele>18.3999996185302734375</ele>
        <time>2026-08-07T16:20:43.000Z</time>
        <extensions>
          <ns3:TrackPointExtension>
            <ns3:hr>154</ns3:hr>
            <ns3:cad>85</ns3:cad>
          </ns3:TrackPointExtension>
        </extensions>
      </trkpt>
      <trkpt lat="31.3269696570932865142822265625" lon="118.3602895773947238922119140625">
        <ele>18.3999996185302734375</ele>
        <time>2026-08-07T16:20:44.000Z</time>
        <extensions>
          <ns3:TrackPointExtension>
            <ns3:hr>154</ns3:hr>
            <ns3:cad>85</ns3:cad>
          </ns3:TrackPointExtension>
        </extensions>
      </trkpt>
      <trkpt lat="31.32696437649428844451904296875" lon="118.36032168008387088775634765625">
        <ele>18.3999996185302734375</ele>
        <time>2026-08-07T16:20:45.000Z</time>
        <extensions>
          <ns3:TrackPointExtension>
            <ns3:hr>154</ns3:hr>
            <ns3:cad>85</ns3:cad>
          </ns3:TrackPointExtension>
        </extensions>
      </trkpt>
      <trkpt lat="31.32696420885622501373291015625" lon="118.36035235784947872161865234375">
        <ele>18.3999996185302734375</ele>
        <time>2026-08-07T16:20:46.000Z</time>
        <extensions>
          <ns3:TrackPointExtension>
            <ns3:hr>155</ns3:hr>
            <ns3:cad>85</ns3:cad>
          </ns3:TrackPointExtension>
        </extensions>
      </trkpt>
      <trkpt lat="31.32695213891565799713134765625" lon="118.3603888191282749176025390625">
        <ele>18.200000762939453125</ele>
        <time>2026-08-07T16:20:47.000Z</time>
        <extensions>
          <ns3:TrackPointExtension>
            <ns3:hr>154</ns3:hr>
            <ns3:cad>86</ns3:cad>
          </ns3:TrackPointExtension>
        </extensions>
      </trkpt>
      <trkpt lat="31.3269532285630702972412109375" lon="118.36041723378002643585205078125">
        <ele>18.200000762939453125</ele>
        <time>2026-08-07T16:20:48.000Z</time>
        <extensions>
          <ns3:TrackPointExtension>
            <ns3:hr>155</ns3:hr>
            <ns3:cad>86</ns3:cad>
          </ns3:TrackPointExtension>
        </extensions>
      </trkpt>
      <trkpt lat="31.32694493047893047332763671875" lon="118.36045193485915660858154296875">
        <ele>18.200000762939453125</ele>
        <time>2026-08-07T16:20:49.000Z</time>
        <extensions>
          <ns3:TrackPointExtension>
            <ns3:hr>155</ns3:hr>
            <ns3:cad>86</ns3:cad>
          </ns3:TrackPointExtension>
        </extensions>
      </trkpt>
      <trkpt lat="31.32694308646023273468017578125" lon="118.36048118770122528076171875">
        <ele>18</ele>
        <time>2026-08-07T16:20:50.000Z</time>
        <extensions>
          <ns3:TrackPointExtension>
            <ns3:hr>155</ns3:hr>
            <ns3:cad>84</ns3:cad>
          </ns3:TrackPointExtension>
        </extensions>
      </trkpt>
      <trkpt lat="31.32694400846958160400390625" lon="118.36051329039037227630615234375">
        <ele>18</ele>
        <time>2026-08-07T16:20:51.000Z</time>
        <extensions>
          <ns3:TrackPointExtension>
            <ns3:hr>154</ns3:hr>
            <ns3:cad>84</ns3:cad>
          </ns3:TrackPointExtension>
        </extensions>
      </trkpt>
      <trkpt lat="31.32693998515605926513671875" lon="118.3605447225272655487060546875">
        <ele>18</ele>
        <time>2026-08-07T16:20:52.000Z</time>
        <extensions>
          <ns3:TrackPointExtension>
            <ns3:hr>155</ns3:hr>
            <ns3:cad>85</ns3:cad>
          </ns3:TrackPointExtension>
        </extensions>
      </trkpt>
      <trkpt lat="31.32694132626056671142578125" lon="118.3605712093412876129150390625">
        <ele>18</ele>
        <time>2026-08-07T16:20:53.000Z</time>
        <extensions>
          <ns3:TrackPointExtension>
            <ns3:hr>155</ns3:hr>
            <ns3:cad>86</ns3:cad>
          </ns3:TrackPointExtension>
        </extensions>
      </trkpt>
      <trkpt lat="31.326935626566410064697265625" lon="118.36060767062008380889892578125">
        <ele>18</ele>
        <time>2026-08-07T16:20:54.000Z</time>
        <extensions>
          <ns3:TrackPointExtension>
            <ns3:hr>154</ns3:hr>
            <ns3:cad>86</ns3:cad>
          </ns3:TrackPointExtension>
        </extensions>
      </trkpt>
      <trkpt lat="31.32693671621382236480712890625" lon="118.3606374263763427734375">
        <ele>18</ele>
        <time>2026-08-07T16:20:55.000Z</time>
        <extensions>
          <ns3:TrackPointExtension>
            <ns3:hr>154</ns3:hr>
            <ns3:cad>85</ns3:cad>
          </ns3:TrackPointExtension>
        </extensions>
      </trkpt>
      <trkpt lat="31.3269327767193317413330078125" lon="118.3606736361980438232421875">
        <ele>18.200000762939453125</ele>
        <time>2026-08-07T16:20:56.000Z</time>
        <extensions>
          <ns3:TrackPointExtension>
            <ns3:hr>154</ns3:hr>
            <ns3:cad>85</ns3:cad>
          </ns3:TrackPointExtension>
        </extensions>
      </trkpt>
      <trkpt lat="31.32692598737776279449462890625" lon="118.360709510743618011474609375">
        <ele>18.200000762939453125</ele>
        <time>2026-08-07T16:20:57.000Z</time>
        <extensions>
          <ns3:TrackPointExtension>
            <ns3:hr>154</ns3:hr>
            <ns3:cad>85</ns3:cad>
          </ns3:TrackPointExtension>
        </extensions>
      </trkpt>
      <trkpt lat="31.32692280225455760955810546875" lon="118.360748402774333953857421875">
        <ele>18.200000762939453125</ele>
        <time>2026-08-07T16:20:58.000Z</time>
        <extensions>
          <ns3:TrackPointExtension>
            <ns3:hr>154</ns3:hr>
            <ns3:cad>86</ns3:cad>
          </ns3:TrackPointExtension>
        </extensions>
      </trkpt>
      <trkpt lat="31.32691609673202037811279296875" lon="118.36078687570989131927490234375">
        <ele>18.200000762939453125</ele>
        <time>2026-08-07T16:20:59.000Z</time>
        <extensions>
          <ns3:TrackPointExtension>
            <ns3:hr>154</ns3:hr>
            <ns3:cad>87</ns3:cad>
          </ns3:TrackPointExtension>
        </extensions>
      </trkpt>
      <trkpt lat="31.32692296989262104034423828125" lon="118.36081956513226032257080078125">
        <ele>18.200000762939453125</ele>
        <time>2026-08-07T16:21:00.000Z</time>
        <extensions>
          <ns3:TrackPointExtension>
            <ns3:hr>154</ns3:hr>
            <ns3:cad>87</ns3:cad>
          </ns3:TrackPointExtension>
        </extensions>
      </trkpt>
      <trkpt lat="31.32691919803619384765625" lon="118.36085594259202480316162109375">
        <ele>18.200000762939453125</ele>
        <time>2026-08-07T16:21:01.000Z</time>
        <extensions>
          <ns3:TrackPointExtension>
            <ns3:hr>154</ns3:hr>
            <ns3:cad>87</ns3:cad>
          </ns3:TrackPointExtension>
        </extensions>
      </trkpt>
      <trkpt lat="31.3269223831593990325927734375" lon="118.3608823455870151519775390625">
        <ele>18.200000762939453125</ele>
        <time>2026-08-07T16:21:02.000Z</time>
        <extensions>
          <ns3:TrackPointExtension>
            <ns3:hr>154</ns3:hr>
            <ns3:cad>87</ns3:cad>
          </ns3:TrackPointExtension>
        </extensions>
      </trkpt>
      <trkpt lat="31.32691425271332263946533203125" lon="118.36092106997966766357421875">
        <ele>18.200000762939453125</ele>
        <time>2026-08-07T16:21:03.000Z</time>
        <extensions>
          <ns3:TrackPointExtension>
            <ns3:hr>154</ns3:hr>
            <ns3:cad>86</ns3:cad>
          </ns3:TrackPointExtension>
        </extensions>
      </trkpt>
      <trkpt lat="31.326909475028514862060546875" lon="118.36095325648784637451171875">
        <ele>18.200000762939453125</ele>
        <time>2026-08-07T16:21:04.000Z</time>
        <extensions>
          <ns3:TrackPointExtension>
            <ns3:hr>155</ns3:hr>
            <ns3:cad>86</ns3:cad>
          </ns3:TrackPointExtension>
        </extensions>
      </trkpt>
      <trkpt lat="31.32689782418310642242431640625" lon="118.36099709384143352508544921875">
        <ele>18.200000762939453125</ele>
        <time>2026-08-07T16:21:05.000Z</time>
        <extensions>
          <ns3:TrackPointExtension>
            <ns3:hr>154</ns3:hr>
            <ns3:cad>86</ns3:cad>
          </ns3:TrackPointExtension>
        </extensions>
      </trkpt>
      <trkpt lat="31.32689262740314006805419921875" lon="118.3610288612544536590576171875">
        <ele>18.200000762939453125</ele>
        <time>2026-08-07T16:21:06.000Z</time>
        <extensions>
          <ns3:TrackPointExtension>
            <ns3:hr>154</ns3:hr>
            <ns3:cad>87</ns3:cad>
          </ns3:TrackPointExtension>
        </extensions>
      </trkpt>
      <trkpt lat="31.32688659243285655975341796875" lon="118.36106398142874240875244140625">
        <ele>18.200000762939453125</ele>
        <time>2026-08-07T16:21:07.000Z</time>
        <extensions>
          <ns3:TrackPointExtension>
            <ns3:hr>155</ns3:hr>
            <ns3:cad>87</ns3:cad>
          </ns3:TrackPointExtension>
        </extensions>
      </trkpt>
      <trkpt lat="31.32687871344387531280517578125" lon="118.36109985597431659698486328125">
        <ele>18.3999996185302734375</ele>
        <time>2026-08-07T16:21:08.000Z</time>
        <extensions>
          <ns3:TrackPointExtension>
            <ns3:hr>155</ns3:hr>
            <ns3:cad>88</ns3:cad>
          </ns3:TrackPointExtension>
        </extensions>
      </trkpt>
      <trkpt lat="31.32688223384320735931396484375" lon="118.36112835444509983062744140625">
        <ele>18.6000003814697265625</ele>
        <time>2026-08-07T16:21:09.000Z</time>
        <extensions>
          <ns3:TrackPointExtension>
            <ns3:hr>155</ns3:hr>
            <ns3:cad>88</ns3:cad>
          </ns3:TrackPointExtension>
        </extensions>
      </trkpt>
      <trkpt lat="31.32688189856708049774169921875" lon="118.36116691119968891143798828125">
        <ele>18.6000003814697265625</ele>
        <time>2026-08-07T16:21:10.000Z</time>
        <extensions>
          <ns3:TrackPointExtension>
            <ns3:hr>155</ns3:hr>
            <ns3:cad>87</ns3:cad>
          </ns3:TrackPointExtension>
        </extensions>
      </trkpt>
      <trkpt lat="31.3268834911286830902099609375" lon="118.3611914701759815216064453125">
        <ele>18.6000003814697265625</ele>
        <time>2026-08-07T16:21:11.000Z</time>
        <extensions>
          <ns3:TrackPointExtension>
            <ns3:hr>155</ns3:hr>
            <ns3:cad>86</ns3:cad>
          </ns3:TrackPointExtension>
        </extensions>
      </trkpt>
      <trkpt lat="31.32687519304454326629638671875" lon="118.3612249977886676788330078125">
        <ele>18.6000003814697265625</ele>
        <time>2026-08-07T16:21:12.000Z</time>
        <extensions>
          <ns3:TrackPointExtension>
            <ns3:hr>156</ns3:hr>
            <ns3:cad>86</ns3:cad>
          </ns3:TrackPointExtension>
        </extensions>
      </trkpt>
      <trkpt lat="31.32687167264521121978759765625" lon="118.36125408299267292022705078125">
        <ele>18.6000003814697265625</ele>
        <time>2026-08-07T16:21:13.000Z</time>
        <extensions>
          <ns3:TrackPointExtension>
            <ns3:hr>156</ns3:hr>
            <ns3:cad>87</ns3:cad>
          </ns3:TrackPointExtension>
        </extensions>
      </trkpt>
      <trkpt lat="31.3268663920462131500244140625" lon="118.36128543131053447723388671875">
        <ele>18.6000003814697265625</ele>
        <time>2026-08-07T16:21:14.000Z</time>
        <extensions>
          <ns3:TrackPointExtension>
            <ns3:hr>156</ns3:hr>
            <ns3:cad>87</ns3:cad>
          </ns3:TrackPointExtension>
        </extensions>
      </trkpt>
      <trkpt lat="31.32686010561883449554443359375" lon="118.36131661199033260345458984375">
        <ele>18.6000003814697265625</ele>
        <time>2026-08-07T16:21:15.000Z</time>
        <extensions>
          <ns3:TrackPointExtension>
            <ns3:hr>156</ns3:hr>
            <ns3:cad>87</ns3:cad>
          </ns3:TrackPointExtension>
        </extensions>
      </trkpt>
      <trkpt lat="31.32686555385589599609375" lon="118.3613453619182109832763671875">
        <ele>18.6000003814697265625</ele>
        <time>2026-08-07T16:21:16.000Z</time>
        <extensions>
          <ns3:TrackPointExtension>
            <ns3:hr>156</ns3:hr>
            <ns3:cad>87</ns3:cad>
          </ns3:TrackPointExtension>
        </extensions>
      </trkpt>
      <trkpt lat="31.3268616981804370880126953125" lon="118.36137847043573856353759765625">
        <ele>18.6000003814697265625</ele>
        <time>2026-08-07T16:21:17.000Z</time>
        <extensions>
          <ns3:TrackPointExtension>
            <ns3:hr>156</ns3:hr>
            <ns3:cad>87</ns3:cad>
          </ns3:TrackPointExtension>
        </extensions>
      </trkpt>
      <trkpt lat="31.3268627040088176727294921875" lon="118.36140210740268230438232421875">
        <ele>18.3999996185302734375</ele>
        <time>2026-08-07T16:21:18.000Z</time>
        <extensions>
          <ns3:TrackPointExtension>
            <ns3:hr>157</ns3:hr>
            <ns3:cad>85</ns3:cad>
          </ns3:TrackPointExtension>
        </extensions>
      </trkpt>
      <trkpt lat="31.326857842504978179931640625" lon="118.3614392392337322235107421875">
        <ele>18.3999996185302734375</ele>
        <time>2026-08-07T16:21:19.000Z</time>
        <extensions>
          <ns3:TrackPointExtension>
            <ns3:hr>157</ns3:hr>
            <ns3:cad>85</ns3:cad>
          </ns3:TrackPointExtension>
        </extensions>
      </trkpt>
      <trkpt lat="31.32684920914471149444580078125" lon="118.361468575894832611083984375">
        <ele>18.3999996185302734375</ele>
        <time>2026-08-07T16:21:20.000Z</time>
        <extensions>
          <ns3:TrackPointExtension>
            <ns3:hr>157</ns3:hr>
            <ns3:cad>84</ns3:cad>
          </ns3:TrackPointExtension>
        </extensions>
      </trkpt>
      <trkpt lat="31.326849460601806640625" lon="118.361496068537235260009765625">
        <ele>18.200000762939453125</ele>
        <time>2026-08-07T16:21:21.000Z</time>
        <extensions>
          <ns3:TrackPointExtension>
            <ns3:hr>157</ns3:hr>
            <ns3:cad>84</ns3:cad>
          </ns3:TrackPointExtension>
        </extensions>
      </trkpt>
      <trkpt lat="31.32684133015573024749755859375" lon="118.36152984760701656341552734375">
        <ele>18.200000762939453125</ele>
        <time>2026-08-07T16:21:22.000Z</time>
        <extensions>
          <ns3:TrackPointExtension>
            <ns3:hr>158</ns3:hr>
            <ns3:cad>85</ns3:cad>
          </ns3:TrackPointExtension>
        </extensions>
      </trkpt>
      <trkpt lat="31.3268435932695865631103515625" lon="118.36155231110751628875732421875">
        <ele>18.200000762939453125</ele>
        <time>2026-08-07T16:21:23.000Z</time>
        <extensions>
          <ns3:TrackPointExtension>
            <ns3:hr>158</ns3:hr>
            <ns3:cad>85</ns3:cad>
          </ns3:TrackPointExtension>
        </extensions>
      </trkpt>
      <trkpt lat="31.32683537900447845458984375" lon="118.36159153841435909271240234375">
        <ele>18.200000762939453125</ele>
        <time>2026-08-07T16:21:24.000Z</time>
        <extensions>
          <ns3:TrackPointExtension>
            <ns3:hr>158</ns3:hr>
            <ns3:cad>84</ns3:cad>
          </ns3:TrackPointExtension>
        </extensions>
      </trkpt>
      <trkpt lat="31.32682892493903636932373046875" lon="118.36161852814257144927978515625">
        <ele>18.200000762939453125</ele>
        <time>2026-08-07T16:21:25.000Z</time>
        <extensions>
          <ns3:TrackPointExtension>
            <ns3:hr>158</ns3:hr>
            <ns3:cad>83</ns3:cad>
          </ns3:TrackPointExtension>
        </extensions>
      </trkpt>
      <trkpt lat="31.326826997101306915283203125" lon="118.36165004409849643707275390625">
        <ele>18.3999996185302734375</ele>
        <time>2026-08-07T16:21:26.000Z</time>
        <extensions>
          <ns3:TrackPointExtension>
            <ns3:hr>158</ns3:hr>
            <ns3:cad>83</ns3:cad>
          </ns3:TrackPointExtension>
        </extensions>
      </trkpt>
      <trkpt lat="31.3268231414258480072021484375" lon="118.36168759502470493316650390625">
        <ele>18.3999996185302734375</ele>
        <time>2026-08-07T16:21:27.000Z</time>
        <extensions>
          <ns3:TrackPointExtension>
            <ns3:hr>158</ns3:hr>
            <ns3:cad>84</ns3:cad>
          </ns3:TrackPointExtension>
        </extensions>
      </trkpt>
      <trkpt lat="31.326825320720672607421875" lon="118.36171508766710758209228515625">
        <ele>18.3999996185302734375</ele>
        <time>2026-08-07T16:21:28.000Z</time>
        <extensions>
          <ns3:TrackPointExtension>
            <ns3:hr>158</ns3:hr>
            <ns3:cad>85</ns3:cad>
          </ns3:TrackPointExtension>
        </extensions>
      </trkpt>
      <trkpt lat="31.32681316696107387542724609375" lon="118.36174811236560344696044921875">
        <ele>18.3999996185302734375</ele>
        <time>2026-08-07T16:21:29.000Z</time>
        <extensions>
          <ns3:TrackPointExtension>
            <ns3:hr>158</ns3:hr>
            <ns3:cad>85</ns3:cad>
          </ns3:TrackPointExtension>
        </extensions>
      </trkpt>
      <trkpt lat="31.32680260576307773590087890625" lon="118.361777029931545257568359375">
        <ele>18.3999996185302734375</ele>
        <time>2026-08-07T16:21:30.000Z</time>
        <extensions>
          <ns3:TrackPointExtension>
            <ns3:hr>158</ns3:hr>
            <ns3:cad>84</ns3:cad>
          </ns3:TrackPointExtension>
        </extensions>
      </trkpt>
      <trkpt lat="31.32680243812501430511474609375" lon="118.3618053607642650604248046875">
        <ele>18.3999996185302734375</ele>
        <time>2026-08-07T16:21:31.000Z</time>
        <extensions>
          <ns3:TrackPointExtension>
            <ns3:hr>157</ns3:hr>
            <ns3:cad>84</ns3:cad>
          </ns3:TrackPointExtension>
        </extensions>
      </trkpt>
      <trkpt lat="31.32679556496441364288330078125" lon="118.36184266023337841033935546875">
        <ele>18.3999996185302734375</ele>
        <time>2026-08-07T16:21:32.000Z</time>
        <extensions>
          <ns3:TrackPointExtension>
            <ns3:hr>158</ns3:hr>
            <ns3:cad>84</ns3:cad>
          </ns3:TrackPointExtension>
        </extensions>
      </trkpt>
      <trkpt lat="31.32679321803152561187744140625" lon="118.3618672192096710205078125">
        <ele>18.3999996185302734375</ele>
        <time>2026-08-07T16:21:33.000Z</time>
        <extensions>
          <ns3:TrackPointExtension>
            <ns3:hr>158</ns3:hr>
            <ns3:cad>83</ns3:cad>
          </ns3:TrackPointExtension>
        </extensions>
      </trkpt>
      <trkpt lat="31.32678181864321231842041015625" lon="118.36190275847911834716796875">
        <ele>18.6000003814697265625</ele>
        <time>2026-08-07T16:21:34.000Z</time>
        <extensions>
          <ns3:TrackPointExtension>
            <ns3:hr>158</ns3:hr>
            <ns3:cad>83</ns3:cad>
          </ns3:TrackPointExtension>
        </extensions>
      </trkpt>
      <trkpt lat="31.3267756998538970947265625" lon="118.3619297482073307037353515625">
        <ele>18.6000003814697265625</ele>
        <time>2026-08-07T16:21:35.000Z</time>
        <extensions>
          <ns3:TrackPointExtension>
            <ns3:hr>157</ns3:hr>
            <ns3:cad>83</ns3:cad>
          </ns3:TrackPointExtension>
        </extensions>
      </trkpt>
      <trkpt lat="31.32677326910197734832763671875" lon="118.36195866577327251434326171875">
        <ele>18.6000003814697265625</ele>
        <time>2026-08-07T16:21:36.000Z</time>
        <extensions>
          <ns3:TrackPointExtension>
            <ns3:hr>158</ns3:hr>
            <ns3:cad>83</ns3:cad>
          </ns3:TrackPointExtension>
        </extensions>
      </trkpt>
      <trkpt lat="31.32676321081817150115966796875" lon="118.36199085228145122528076171875">
        <ele>18.6000003814697265625</ele>
        <time>2026-08-07T16:21:37.000Z</time>
        <extensions>
          <ns3:TrackPointExtension>
            <ns3:hr>158</ns3:hr>
            <ns3:cad>83</ns3:cad>
          </ns3:TrackPointExtension>
        </extensions>
      </trkpt>
      <trkpt lat="31.326757930219173431396484375" lon="118.3620216138660907745361328125">
        <ele>18.799999237060546875</ele>
        <time>2026-08-07T16:21:38.000Z</time>
        <extensions>
          <ns3:TrackPointExtension>
            <ns3:hr>157</ns3:hr>
            <ns3:cad>84</ns3:cad>
          </ns3:TrackPointExtension>
        </extensions>
      </trkpt>
      <trkpt lat="31.32674644701182842254638671875" lon="118.362054638564586639404296875">
        <ele>18.799999237060546875</ele>
        <time>2026-08-07T16:21:39.000Z</time>
        <extensions>
          <ns3:TrackPointExtension>
            <ns3:hr>158</ns3:hr>
            <ns3:cad>84</ns3:cad>
          </ns3:TrackPointExtension>
        </extensions>
      </trkpt>
      <trkpt lat="31.3267389871180057525634765625" lon="118.36208355613052845001220703125">
        <ele>18.799999237060546875</ele>
        <time>2026-08-07T16:21:40.000Z</time>
        <extensions>
          <ns3:TrackPointExtension>
            <ns3:hr>157</ns3:hr>
            <ns3:cad>84</ns3:cad>
          </ns3:TrackPointExtension>
        </extensions>
      </trkpt>
      <trkpt lat="31.32673471234738826751708984375" lon="118.36210987530648708343505859375">
        <ele>19</ele>
        <time>2026-08-07T16:21:41.000Z</time>
        <extensions>
          <ns3:TrackPointExtension>
            <ns3:hr>157</ns3:hr>
            <ns3:cad>84</ns3:cad>
          </ns3:TrackPointExtension>
        </extensions>
      </trkpt>
      <trkpt lat="31.32672029547393321990966796875" lon="118.362141139805316925048828125">
        <ele>18.799999237060546875</ele>
        <time>2026-08-07T16:21:42.000Z</time>
        <extensions>
          <ns3:TrackPointExtension>
            <ns3:hr>157</ns3:hr>
            <ns3:cad>84</ns3:cad>
          </ns3:TrackPointExtension>
        </extensions>
      </trkpt>
      <trkpt lat="31.326715685427188873291015625" lon="118.36216888390481472015380859375">
        <ele>18.6000003814697265625</ele>
        <time>2026-08-07T16:21:43.000Z</time>
        <extensions>
          <ns3:TrackPointExtension>
            <ns3:hr>158</ns3:hr>
            <ns3:cad>84</ns3:cad>
          </ns3:TrackPointExtension>
        </extensions>
      </trkpt>
      <trkpt lat="31.32670705206692218780517578125" lon="118.362204842269420623779296875">
        <ele>18.6000003814697265625</ele>
        <time>2026-08-07T16:21:44.000Z</time>
        <extensions>
          <ns3:TrackPointExtension>
            <ns3:hr>157</ns3:hr>
            <ns3:cad>84</ns3:cad>
          </ns3:TrackPointExtension>
        </extensions>
      </trkpt>
      <trkpt lat="31.32669783197343349456787109375" lon="118.3622348494827747344970703125">
        <ele>18.6000003814697265625</ele>
        <time>2026-08-07T16:21:45.000Z</time>
        <extensions>
          <ns3:TrackPointExtension>
            <ns3:hr>157</ns3:hr>
            <ns3:cad>84</ns3:cad>
          </ns3:TrackPointExtension>
        </extensions>
      </trkpt>
      <trkpt lat="31.32669045589864253997802734375" lon="118.36226343177258968353271484375">
        <ele>18.6000003814697265625</ele>
        <time>2026-08-07T16:21:46.000Z</time>
        <extensions>
          <ns3:TrackPointExtension>
            <ns3:hr>157</ns3:hr>
            <ns3:cad>83</ns3:cad>
          </ns3:TrackPointExtension>
        </extensions>
      </trkpt>
      <trkpt lat="31.3266749493777751922607421875" lon="118.3622963726520538330078125">
        <ele>18.6000003814697265625</ele>
        <time>2026-08-07T16:21:47.000Z</time>
        <extensions>
          <ns3:TrackPointExtension>
            <ns3:hr>157</ns3:hr>
            <ns3:cad>83</ns3:cad>
          </ns3:TrackPointExtension>
        </extensions>
      </trkpt>
      <trkpt lat="31.3266719318926334381103515625" lon="118.36232545785605907440185546875">
        <ele>18.6000003814697265625</ele>
        <time>2026-08-07T16:21:48.000Z</time>
        <extensions>
          <ns3:TrackPointExtension>
            <ns3:hr>157</ns3:hr>
            <ns3:cad>83</ns3:cad>
          </ns3:TrackPointExtension>
        </extensions>
      </trkpt>
      <trkpt lat="31.32666103541851043701171875" lon="118.362359069287776947021484375">
        <ele>18.6000003814697265625</ele>
        <time>2026-08-07T16:21:49.000Z</time>
        <extensions>
          <ns3:TrackPointExtension>
            <ns3:hr>156</ns3:hr>
            <ns3:cad>84</ns3:cad>
          </ns3:TrackPointExtension>
        </extensions>
      </trkpt>
      <trkpt lat="31.32665055803954601287841796875" lon="118.36238731630146503448486328125">
        <ele>18.3999996185302734375</ele>
        <time>2026-08-07T16:21:50.000Z</time>
        <extensions>
          <ns3:TrackPointExtension>
            <ns3:hr>156</ns3:hr>
            <ns3:cad>84</ns3:cad>
          </ns3:TrackPointExtension>
        </extensions>
      </trkpt>
      <trkpt lat="31.32664628326892852783203125" lon="118.36241103708744049072265625">
        <ele>18.3999996185302734375</ele>
        <time>2026-08-07T16:21:51.000Z</time>
        <extensions>
          <ns3:TrackPointExtension>
            <ns3:hr>156</ns3:hr>
            <ns3:cad>84</ns3:cad>
          </ns3:TrackPointExtension>
        </extensions>
      </trkpt>
      <trkpt lat="31.3266340456902980804443359375" lon="118.36244498379528522491455078125">
        <ele>18.3999996185302734375</ele>
        <time>2026-08-07T16:21:52.000Z</time>
        <extensions>
          <ns3:TrackPointExtension>
            <ns3:hr>156</ns3:hr>
            <ns3:cad>84</ns3:cad>
          </ns3:TrackPointExtension>
        </extensions>
      </trkpt>
      <trkpt lat="31.32662557996809482574462890625" lon="118.36246878840029239654541015625">
        <ele>18.3999996185302734375</ele>
        <time>2026-08-07T16:21:53.000Z</time>
        <extensions>
          <ns3:TrackPointExtension>
            <ns3:hr>155</ns3:hr>
            <ns3:cad>84</ns3:cad>
          </ns3:TrackPointExtension>
        </extensions>
      </trkpt>
      <trkpt lat="31.326613090932369232177734375" lon="118.36250097490847110748291015625">
        <ele>18.6000003814697265625</ele>
        <time>2026-08-07T16:21:54.000Z</time>
        <extensions>
          <ns3:TrackPointExtension>
            <ns3:hr>155</ns3:hr>
            <ns3:cad>84</ns3:cad>
          </ns3:TrackPointExtension>
        </extensions>
      </trkpt>
      <trkpt lat="31.32660311646759510040283203125" lon="118.3625297248363494873046875">
        <ele>18.6000003814697265625</ele>
        <time>2026-08-07T16:21:55.000Z</time>
        <extensions>
          <ns3:TrackPointExtension>
            <ns3:hr>155</ns3:hr>
            <ns3:cad>83</ns3:cad>
          </ns3:TrackPointExtension>
        </extensions>
      </trkpt>
      <trkpt lat="31.3265998475253582000732421875" lon="118.3625567145645618438720703125">
        <ele>18.6000003814697265625</ele>
        <time>2026-08-07T16:21:56.000Z</time>
        <extensions>
          <ns3:TrackPointExtension>
            <ns3:hr>155</ns3:hr>
            <ns3:cad>83</ns3:cad>
          </ns3:TrackPointExtension>
        </extensions>
      </trkpt>
      <trkpt lat="31.32658819667994976043701171875" lon="118.3625882305204868316650390625">
        <ele>18.6000003814697265625</ele>
        <time>2026-08-07T16:21:57.000Z</time>
        <extensions>
          <ns3:TrackPointExtension>
            <ns3:hr>155</ns3:hr>
            <ns3:cad>83</ns3:cad>
          </ns3:TrackPointExtension>
        </extensions>
      </trkpt>
      <trkpt lat="31.32658383809030055999755859375" lon="118.36261094547808170318603515625">
        <ele>18.6000003814697265625</ele>
        <time>2026-08-07T16:21:58.000Z</time>
        <extensions>
          <ns3:TrackPointExtension>
            <ns3:hr>155</ns3:hr>
            <ns3:cad>83</ns3:cad>
          </ns3:TrackPointExtension>
        </extensions>
      </trkpt>
      <trkpt lat="31.32657118141651153564453125" lon="118.3626415394246578216552734375">
        <ele>18.6000003814697265625</ele>
        <time>2026-08-07T16:21:59.000Z</time>
        <extensions>
          <ns3:TrackPointExtension>
            <ns3:hr>155</ns3:hr>
            <ns3:cad>84</ns3:cad>
          </ns3:TrackPointExtension>
        </extensions>
      </trkpt>
      <trkpt lat="31.32655835710465908050537109375" lon="118.362670205533504486083984375">
        <ele>18.6000003814697265625</ele>
        <time>2026-08-07T16:22:00.000Z</time>
        <extensions>
          <ns3:TrackPointExtension>
            <ns3:hr>155</ns3:hr>
            <ns3:cad>84</ns3:cad>
          </ns3:TrackPointExtension>
        </extensions>
      </trkpt>
      <trkpt lat="31.32655441761016845703125" lon="118.3626933395862579345703125">
        <ele>18.6000003814697265625</ele>
        <time>2026-08-07T16:22:01.000Z</time>
        <extensions>
          <ns3:TrackPointExtension>
            <ns3:hr>155</ns3:hr>
            <ns3:cad>84</ns3:cad>
          </ns3:TrackPointExtension>
        </extensions>
      </trkpt>
      <trkpt lat="31.32654092274606227874755859375" lon="118.3627266995608806610107421875">
        <ele>18.6000003814697265625</ele>
        <time>2026-08-07T16:22:02.000Z</time>
        <extensions>
          <ns3:TrackPointExtension>
            <ns3:hr>155</ns3:hr>
            <ns3:cad>84</ns3:cad>
          </ns3:TrackPointExtension>
        </extensions>
      </trkpt>
      <trkpt lat="31.32653421722352504730224609375" lon="118.36275109089910984039306640625">
        <ele>18.3999996185302734375</ele>
        <time>2026-08-07T16:22:03.000Z</time>
        <extensions>
          <ns3:TrackPointExtension>
            <ns3:hr>155</ns3:hr>
            <ns3:cad>83</ns3:cad>
          </ns3:TrackPointExtension>
        </extensions>
      </trkpt>
      <trkpt lat="31.32652424275875091552734375" lon="118.36278252303600311279296875">
        <ele>18.3999996185302734375</ele>
        <time>2026-08-07T16:22:04.000Z</time>
        <extensions>
          <ns3:TrackPointExtension>
            <ns3:hr>155</ns3:hr>
            <ns3:cad>83</ns3:cad>
          </ns3:TrackPointExtension>
        </extensions>
      </trkpt>
      <trkpt lat="31.3265156932175159454345703125" lon="118.36280934512615203857421875">
        <ele>18.200000762939453125</ele>
        <time>2026-08-07T16:22:05.000Z</time>
        <extensions>
          <ns3:TrackPointExtension>
            <ns3:hr>155</ns3:hr>
            <ns3:cad>83</ns3:cad>
          </ns3:TrackPointExtension>
        </extensions>
      </trkpt>
      <trkpt lat="31.32651292718946933746337890625" lon="118.3628323115408420562744140625">
        <ele>18.3999996185302734375</ele>
        <time>2026-08-07T16:22:06.000Z</time>
        <extensions>
          <ns3:TrackPointExtension>
            <ns3:hr>154</ns3:hr>
            <ns3:cad>84</ns3:cad>
          </ns3:TrackPointExtension>
        </extensions>
      </trkpt>
      <trkpt lat="31.32651242427527904510498046875" lon="118.36285787634551525115966796875">
        <ele>18.3999996185302734375</ele>
        <time>2026-08-07T16:22:07.000Z</time>
        <extensions>
          <ns3:TrackPointExtension>
            <ns3:hr>154</ns3:hr>
            <ns3:cad>84</ns3:cad>
          </ns3:TrackPointExtension>
        </extensions>
      </trkpt>
      <trkpt lat="31.32650957442820072174072265625" lon="118.36288168095052242279052734375">
        <ele>18.6000003814697265625</ele>
        <time>2026-08-07T16:22:08.000Z</time>
        <extensions>
          <ns3:TrackPointExtension>
            <ns3:hr>154</ns3:hr>
            <ns3:cad>84</ns3:cad>
          </ns3:TrackPointExtension>
        </extensions>
      </trkpt>
      <trkpt lat="31.3265073113143444061279296875" lon="118.36290230043232440948486328125">
        <ele>18.799999237060546875</ele>
        <time>2026-08-07T16:22:09.000Z</time>
        <extensions>
          <ns3:TrackPointExtension>
            <ns3:hr>154</ns3:hr>
            <ns3:cad>83</ns3:cad>
          </ns3:TrackPointExtension>
        </extensions>
      </trkpt>
      <trkpt lat="31.3265009410679340362548828125" lon="118.362919986248016357421875">
        <ele>18.799999237060546875</ele>
        <time>2026-08-07T16:22:10.000Z</time>
        <extensions>
          <ns3:TrackPointExtension>
            <ns3:hr>154</ns3:hr>
            <ns3:cad>82</ns3:cad>
          </ns3:TrackPointExtension>
        </extensions>
      </trkpt>
      <trkpt lat="31.32649934850633144378662109375" lon="118.36293272674083709716796875">
        <ele>18.799999237060546875</ele>
        <time>2026-08-07T16:22:11.000Z</time>
        <extensions>
          <ns3:TrackPointExtension>
            <ns3:hr>154</ns3:hr>
            <ns3:cad>82</ns3:cad>
          </ns3:TrackPointExtension>
        </extensions>
      </trkpt>
      <trkpt lat="31.32649566046893596649169921875" lon="118.36294320411980152130126953125">
        <ele>18.799999237060546875</ele>
        <time>2026-08-07T16:22:12.000Z</time>
        <extensions>
          <ns3:TrackPointExtension>
            <ns3:hr>154</ns3:hr>
            <ns3:cad>82</ns3:cad>
          </ns3:TrackPointExtension>
        </extensions>
      </trkpt>
      <trkpt lat="31.32649071514606475830078125" lon="118.362968266010284423828125">
        <ele>19</ele>
        <time>2026-08-07T16:22:13.000Z</time>
        <extensions>
          <ns3:TrackPointExtension>
            <ns3:hr>154</ns3:hr>
            <ns3:cad>81</ns3:cad>
          </ns3:TrackPointExtension>
        </extensions>
      </trkpt>
      <trkpt lat="31.3264660723507404327392578125" lon="118.36300841532647609710693359375">
        <ele>19</ele>
        <time>2026-08-07T16:22:14.000Z</time>
        <extensions>
          <ns3:TrackPointExtension>
            <ns3:hr>154</ns3:hr>
            <ns3:cad>81</ns3:cad>
          </ns3:TrackPointExtension>
        </extensions>
      </trkpt>
      <trkpt lat="31.32644587196409702301025390625" lon="118.3630468882620334625244140625">
        <ele>19</ele>
        <time>2026-08-07T16:22:15.000Z</time>
        <extensions>
          <ns3:TrackPointExtension>
            <ns3:hr>154</ns3:hr>
            <ns3:cad>81</ns3:cad>
          </ns3:TrackPointExtension>
        </extensions>
      </trkpt>
      <trkpt lat="31.32642977871000766754150390625" lon="118.363075219094753265380859375">
        <ele>19</ele>
        <time>2026-08-07T16:22:16.000Z</time>
        <extensions>
          <ns3:TrackPointExtension>
            <ns3:hr>153</ns3:hr>
            <ns3:cad>81</ns3:cad>
          </ns3:TrackPointExtension>
        </extensions>
      </trkpt>
      <trkpt lat="31.32641603238880634307861328125" lon="118.3631005324423313140869140625">
        <ele>19</ele>
        <time>2026-08-07T16:22:17.000Z</time>
        <extensions>
          <ns3:TrackPointExtension>
            <ns3:hr>153</ns3:hr>
            <ns3:cad>81</ns3:cad>
          </ns3:TrackPointExtension>
        </extensions>
      </trkpt>
      <trkpt lat="31.32639507763087749481201171875" lon="118.3631290309131145477294921875">
        <ele>19</ele>
        <time>2026-08-07T16:22:18.000Z</time>
        <extensions>
          <ns3:TrackPointExtension>
            <ns3:hr>153</ns3:hr>
            <ns3:cad>82</ns3:cad>
          </ns3:TrackPointExtension>
        </extensions>
      </trkpt>
      <trkpt lat="31.32638585753738880157470703125" lon="118.36315509863197803497314453125">
        <ele>18.799999237060546875</ele>
        <time>2026-08-07T16:22:19.000Z</time>
        <extensions>
          <ns3:TrackPointExtension>
            <ns3:hr>154</ns3:hr>
            <ns3:cad>82</ns3:cad>
          </ns3:TrackPointExtension>
        </extensions>
      </trkpt>
      <trkpt lat="31.32636624388396739959716796875" lon="118.3631860278546810150146484375">
        <ele>18.799999237060546875</ele>
        <time>2026-08-07T16:22:20.000Z</time>
        <extensions>
          <ns3:TrackPointExtension>
            <ns3:hr>154</ns3:hr>
            <ns3:cad>82</ns3:cad>
          </ns3:TrackPointExtension>
        </extensions>
      </trkpt>
      <trkpt lat="31.3263493962585926055908203125" lon="118.36321159265935420989990234375">
        <ele>18.799999237060546875</ele>
        <time>2026-08-07T16:22:21.000Z</time>
        <extensions>
          <ns3:TrackPointExtension>
            <ns3:hr>154</ns3:hr>
            <ns3:cad>82</ns3:cad>
          </ns3:TrackPointExtension>
        </extensions>
      </trkpt>
      <trkpt lat="31.32634193636476993560791015625" lon="118.3632373251020908355712890625">
        <ele>18.6000003814697265625</ele>
        <time>2026-08-07T16:22:22.000Z</time>
        <extensions>
          <ns3:TrackPointExtension>
            <ns3:hr>154</ns3:hr>
            <ns3:cad>83</ns3:cad>
          </ns3:TrackPointExtension>
        </extensions>
      </trkpt>
      <trkpt lat="31.3263245858252048492431640625" lon="118.363265655934810638427734375">
        <ele>18.6000003814697265625</ele>
        <time>2026-08-07T16:22:23.000Z</time>
        <extensions>
          <ns3:TrackPointExtension>
            <ns3:hr>154</ns3:hr>
            <ns3:cad>83</ns3:cad>
          </ns3:TrackPointExtension>
        </extensions>
      </trkpt>
      <trkpt lat="31.326314024627208709716796875" lon="118.3632896281778812408447265625">
        <ele>18.3999996185302734375</ele>
        <time>2026-08-07T16:22:24.000Z</time>
        <extensions>
          <ns3:TrackPointExtension>
            <ns3:hr>155</ns3:hr>
            <ns3:cad>84</ns3:cad>
          </ns3:TrackPointExtension>
        </extensions>
      </trkpt>
      <trkpt lat="31.32629432715475559234619140625" lon="118.36332223378121852874755859375">
        <ele>18.3999996185302734375</ele>
        <time>2026-08-07T16:22:25.000Z</time>
        <extensions>
          <ns3:TrackPointExtension>
            <ns3:hr>155</ns3:hr>
            <ns3:cad>84</ns3:cad>
          </ns3:TrackPointExtension>
        </extensions>
      </trkpt>
      <trkpt lat="31.3262786529958248138427734375" lon="118.36334788240492343902587890625">
        <ele>18.3999996185302734375</ele>
        <time>2026-08-07T16:22:26.000Z</time>
        <extensions>
          <ns3:TrackPointExtension>
            <ns3:hr>156</ns3:hr>
            <ns3:cad>84</ns3:cad>
          </ns3:TrackPointExtension>
        </extensions>
      </trkpt>
      <trkpt lat="31.32626800797879695892333984375" lon="118.36337185464799404144287109375">
        <ele>18.3999996185302734375</ele>
        <time>2026-08-07T16:22:27.000Z</time>
        <extensions>
          <ns3:TrackPointExtension>
            <ns3:hr>156</ns3:hr>
            <ns3:cad>84</ns3:cad>
          </ns3:TrackPointExtension>
        </extensions>
      </trkpt>
      <trkpt lat="31.32624973542988300323486328125" lon="118.3633962459862232208251953125">
        <ele>18.3999996185302734375</ele>
        <time>2026-08-07T16:22:28.000Z</time>
        <extensions>
          <ns3:TrackPointExtension>
            <ns3:hr>156</ns3:hr>
            <ns3:cad>84</ns3:cad>
          </ns3:TrackPointExtension>
        </extensions>
      </trkpt>
      <trkpt lat="31.3262427784502506256103515625" lon="118.3634130097925662994384765625">
        <ele>18.3999996185302734375</ele>
        <time>2026-08-07T16:22:29.000Z</time>
        <extensions>
          <ns3:TrackPointExtension>
            <ns3:hr>155</ns3:hr>
            <ns3:cad>84</ns3:cad>
          </ns3:TrackPointExtension>
        </extensions>
      </trkpt>
      <trkpt lat="31.326226182281970977783203125" lon="118.3634391613304615020751953125">
        <ele>18.3999996185302734375</ele>
        <time>2026-08-07T16:22:30.000Z</time>
        <extensions>
          <ns3:TrackPointExtension>
            <ns3:hr>156</ns3:hr>
            <ns3:cad>84</ns3:cad>
          </ns3:TrackPointExtension>
        </extensions>
      </trkpt>
      <trkpt lat="31.32621184922754764556884765625" lon="118.36346304975450038909912109375">
        <ele>18.3999996185302734375</ele>
        <time>2026-08-07T16:22:31.000Z</time>
        <extensions>
          <ns3:TrackPointExtension>
            <ns3:hr>156</ns3:hr>
            <ns3:cad>84</ns3:cad>
          </ns3:TrackPointExtension>
        </extensions>
      </trkpt>
      <trkpt lat="31.32620413787662982940673828125" lon="118.36348735727369785308837890625">
        <ele>18.3999996185302734375</ele>
        <time>2026-08-07T16:22:32.000Z</time>
        <extensions>
          <ns3:TrackPointExtension>
            <ns3:hr>156</ns3:hr>
            <ns3:cad>83</ns3:cad>
          </ns3:TrackPointExtension>
        </extensions>
      </trkpt>
      <trkpt lat="31.3261891342699527740478515625" lon="118.36351451463997364044189453125">
        <ele>18.3999996185302734375</ele>
        <time>2026-08-07T16:22:33.000Z</time>
        <extensions>
          <ns3:TrackPointExtension>
            <ns3:hr>156</ns3:hr>
            <ns3:cad>83</ns3:cad>
          </ns3:TrackPointExtension>
        </extensions>
      </trkpt>
      <trkpt lat="31.3261827640235424041748046875" lon="118.363536894321441650390625">
        <ele>18.200000762939453125</ele>
        <time>2026-08-07T16:22:34.000Z</time>
        <extensions>
          <ns3:TrackPointExtension>
            <ns3:hr>156</ns3:hr>
            <ns3:cad>83</ns3:cad>
          </ns3:TrackPointExtension>
        </extensions>
      </trkpt>
      <trkpt lat="31.32616306655108928680419921875" lon="118.36356581188738346099853515625">
        <ele>18.200000762939453125</ele>
        <time>2026-08-07T16:22:35.000Z</time>
        <extensions>
          <ns3:TrackPointExtension>
            <ns3:hr>156</ns3:hr>
            <ns3:cad>82</ns3:cad>
          </ns3:TrackPointExtension>
        </extensions>
      </trkpt>
      <trkpt lat="31.32615166716277599334716796875" lon="118.36358961649239063262939453125">
        <ele>18.200000762939453125</ele>
        <time>2026-08-07T16:22:36.000Z</time>
        <extensions>
          <ns3:TrackPointExtension>
            <ns3:hr>156</ns3:hr>
            <ns3:cad>83</ns3:cad>
          </ns3:TrackPointExtension>
        </extensions>
      </trkpt>
      <trkpt lat="31.326143704354763031005859375" lon="118.36361073888838291168212890625">
        <ele>18.200000762939453125</ele>
        <time>2026-08-07T16:22:37.000Z</time>
        <extensions>
          <ns3:TrackPointExtension>
            <ns3:hr>156</ns3:hr>
            <ns3:cad>83</ns3:cad>
          </ns3:TrackPointExtension>
        </extensions>
      </trkpt>
      <trkpt lat="31.32612685672938823699951171875" lon="118.3636389859020709991455078125">
        <ele>18.3999996185302734375</ele>
        <time>2026-08-07T16:22:38.000Z</time>
        <extensions>
          <ns3:TrackPointExtension>
            <ns3:hr>156</ns3:hr>
            <ns3:cad>83</ns3:cad>
          </ns3:TrackPointExtension>
        </extensions>
      </trkpt>
      <trkpt lat="31.32612199522554874420166015625" lon="118.3636597730219364166259765625">
        <ele>18.3999996185302734375</ele>
        <time>2026-08-07T16:22:39.000Z</time>
        <extensions>
          <ns3:TrackPointExtension>
            <ns3:hr>157</ns3:hr>
            <ns3:cad>83</ns3:cad>
          </ns3:TrackPointExtension>
        </extensions>
      </trkpt>
      <trkpt lat="31.32610715925693511962890625" lon="118.3636889420449733734130859375">
        <ele>18.3999996185302734375</ele>
        <time>2026-08-07T16:22:40.000Z</time>
        <extensions>
          <ns3:TrackPointExtension>
            <ns3:hr>157</ns3:hr>
            <ns3:cad>83</ns3:cad>
          </ns3:TrackPointExtension>
        </extensions>
      </trkpt>
      <trkpt lat="31.3260944187641143798828125" lon="118.3637127466499805450439453125">
        <ele>18.3999996185302734375</ele>
        <time>2026-08-07T16:22:41.000Z</time>
        <extensions>
          <ns3:TrackPointExtension>
            <ns3:hr>157</ns3:hr>
            <ns3:cad>83</ns3:cad>
          </ns3:TrackPointExtension>
        </extensions>
      </trkpt>
      <trkpt lat="31.3260890543460845947265625" lon="118.36373864673078060150146484375">
        <ele>18.200000762939453125</ele>
        <time>2026-08-07T16:22:42.000Z</time>
        <extensions>
          <ns3:TrackPointExtension>
            <ns3:hr>158</ns3:hr>
            <ns3:cad>83</ns3:cad>
          </ns3:TrackPointExtension>
        </extensions>
      </trkpt>
      <trkpt lat="31.32607757113873958587646484375" lon="118.36376781575381755828857421875">
        <ele>18.200000762939453125</ele>
        <time>2026-08-07T16:22:43.000Z</time>
        <extensions>
          <ns3:TrackPointExtension>
            <ns3:hr>158</ns3:hr>
            <ns3:cad>83</ns3:cad>
          </ns3:TrackPointExtension>
        </extensions>
      </trkpt>
      <trkpt lat="31.32607086561620235443115234375" lon="118.36378809995949268341064453125">
        <ele>18.200000762939453125</ele>
        <time>2026-08-07T16:22:44.000Z</time>
        <extensions>
          <ns3:TrackPointExtension>
            <ns3:hr>159</ns3:hr>
            <ns3:cad>83</ns3:cad>
          </ns3:TrackPointExtension>
        </extensions>
      </trkpt>
      <trkpt lat="31.32586902938783168792724609375" lon="118.36413913406431674957275390625">
        <ele>18</ele>
        <time>2026-08-07T16:23:19.000Z</time>
        <extensions>
          <ns3:TrackPointExtension>
            <ns3:hr>141</ns3:hr>
            <ns3:cad>46</ns3:cad>
          </ns3:TrackPointExtension>
        </extensions>
      </trkpt>
      <trkpt lat="31.3258592225611209869384765625" lon="118.3641546405851840972900390625">
        <ele>17.799999237060546875</ele>
        <time>2026-08-07T16:23:20.000Z</time>
        <extensions>
          <ns3:TrackPointExtension>
            <ns3:hr>140</ns3:hr>
            <ns3:cad>46</ns3:cad>
          </ns3:TrackPointExtension>
        </extensions>
      </trkpt>
      <trkpt lat="31.32584891282021999359130859375" lon="118.36416981182992458343505859375">
        <ele>17.799999237060546875</ele>
        <time>2026-08-07T16:23:21.000Z</time>
        <extensions>
          <ns3:TrackPointExtension>
            <ns3:hr>139</ns3:hr>
            <ns3:cad>46</ns3:cad>
          </ns3:TrackPointExtension>
        </extensions>
      </trkpt>
      <trkpt lat="31.3258394412696361541748046875" lon="118.36419160477817058563232421875">
        <ele>17.799999237060546875</ele>
        <time>2026-08-07T16:23:22.000Z</time>
        <extensions>
          <ns3:TrackPointExtension>
            <ns3:hr>138</ns3:hr>
            <ns3:cad>0</ns3:cad>
          </ns3:TrackPointExtension>
        </extensions>
      </trkpt>
      <trkpt lat="31.3258236832916736602783203125" lon="118.36421473883092403411865234375">
        <ele>17.799999237060546875</ele>
        <time>2026-08-07T16:23:23.000Z</time>
        <extensions>
          <ns3:TrackPointExtension>
            <ns3:hr>138</ns3:hr>
            <ns3:cad>0</ns3:cad>
          </ns3:TrackPointExtension>
        </extensions>
      </trkpt>
      <trkpt lat="31.32581287063658237457275390625" lon="118.36423418484628200531005859375">
        <ele>17.799999237060546875</ele>
        <time>2026-08-07T16:23:24.000Z</time>
        <extensions>
          <ns3:TrackPointExtension>
            <ns3:hr>138</ns3:hr>
            <ns3:cad>0</ns3:cad>
          </ns3:TrackPointExtension>
        </extensions>
      </trkpt>
      <trkpt lat="31.3258002139627933502197265625" lon="118.364256732165813446044921875">
        <ele>17.799999237060546875</ele>
        <time>2026-08-07T16:23:25.000Z</time>
        <extensions>
          <ns3:TrackPointExtension>
            <ns3:hr>139</ns3:hr>
            <ns3:cad>0</ns3:cad>
          </ns3:TrackPointExtension>
        </extensions>
      </trkpt>
      <trkpt lat="31.32578521035611629486083984375" lon="118.36428129114210605621337890625">
        <ele>17.799999237060546875</ele>
        <time>2026-08-07T16:23:26.000Z</time>
        <extensions>
          <ns3:TrackPointExtension>
            <ns3:hr>139</ns3:hr>
            <ns3:cad>80</ns3:cad>
          </ns3:TrackPointExtension>
        </extensions>
      </trkpt>
      <trkpt lat="31.325780935585498809814453125" lon="118.364298306405544281005859375">
        <ele>17.799999237060546875</ele>
        <time>2026-08-07T16:23:27.000Z</time>
        <extensions>
          <ns3:TrackPointExtension>
            <ns3:hr>139</ns3:hr>
            <ns3:cad>81</ns3:cad>
          </ns3:TrackPointExtension>
        </extensions>
      </trkpt>
      <trkpt lat="31.32576375268399715423583984375" lon="118.364327140152454376220703125">
        <ele>18</ele>
        <time>2026-08-07T16:23:28.000Z</time>
        <extensions>
          <ns3:TrackPointExtension>
            <ns3:hr>140</ns3:hr>
            <ns3:cad>81</ns3:cad>
          </ns3:TrackPointExtension>
        </extensions>
      </trkpt>
      <trkpt lat="31.32574950344860553741455078125" lon="118.3643484301865100860595703125">
        <ele>18.200000762939453125</ele>
        <time>2026-08-07T16:23:29.000Z</time>
        <extensions>
          <ns3:TrackPointExtension>
            <ns3:hr>141</ns3:hr>
            <ns3:cad>81</ns3:cad>
          </ns3:TrackPointExtension>
        </extensions>
      </trkpt>
      <trkpt lat="31.32573860697448253631591796875" lon="118.3643752522766590118408203125">
        <ele>18.200000762939453125</ele>
        <time>2026-08-07T16:23:30.000Z</time>
        <extensions>
          <ns3:TrackPointExtension>
            <ns3:hr>141</ns3:hr>
            <ns3:cad>81</ns3:cad>
          </ns3:TrackPointExtension>
        </extensions>
      </trkpt>
      <trkpt lat="31.32571781985461711883544921875" lon="118.364402242004871368408203125">
        <ele>18.200000762939453125</ele>
        <time>2026-08-07T16:23:31.000Z</time>
        <extensions>
          <ns3:TrackPointExtension>
            <ns3:hr>141</ns3:hr>
            <ns3:cad>82</ns3:cad>
          </ns3:TrackPointExtension>
        </extensions>
      </trkpt>
      <trkpt lat="31.32571228779852390289306640625" lon="118.3644278906285762786865234375">
        <ele>18</ele>
        <time>2026-08-07T16:23:32.000Z</time>
        <extensions>
          <ns3:TrackPointExtension>
            <ns3:hr>141</ns3:hr>
            <ns3:cad>82</ns3:cad>
          </ns3:TrackPointExtension>
        </extensions>
      </trkpt>
      <trkpt lat="31.325690411031246185302734375" lon="118.36445731110870838165283203125">
        <ele>17.799999237060546875</ele>
        <time>2026-08-07T16:23:33.000Z</time>
        <extensions>
          <ns3:TrackPointExtension>
            <ns3:hr>141</ns3:hr>
            <ns3:cad>83</ns3:cad>
          </ns3:TrackPointExtension>
        </extensions>
      </trkpt>
      <trkpt lat="31.32567976601421833038330078125" lon="118.3644865639507770538330078125">
        <ele>17.799999237060546875</ele>
        <time>2026-08-07T16:23:34.000Z</time>
        <extensions>
          <ns3:TrackPointExtension>
            <ns3:hr>142</ns3:hr>
            <ns3:cad>83</ns3:cad>
          </ns3:TrackPointExtension>
        </extensions>
      </trkpt>
      <trkpt lat="31.3256637565791606903076171875" lon="118.36451212875545024871826171875">
        <ele>17.799999237060546875</ele>
        <time>2026-08-07T16:23:35.000Z</time>
        <extensions>
          <ns3:TrackPointExtension>
            <ns3:hr>142</ns3:hr>
            <ns3:cad>84</ns3:cad>
          </ns3:TrackPointExtension>
        </extensions>
      </trkpt>
      <trkpt lat="31.325645484030246734619140625" lon="118.3645368553698062896728515625">
        <ele>17.799999237060546875</ele>
        <time>2026-08-07T16:23:36.000Z</time>
        <extensions>
          <ns3:TrackPointExtension>
            <ns3:hr>143</ns3:hr>
            <ns3:cad>84</ns3:cad>
          </ns3:TrackPointExtension>
        </extensions>
      </trkpt>
      <trkpt lat="31.3256359286606311798095703125" lon="118.36455588229000568389892578125">
        <ele>17.799999237060546875</ele>
        <time>2026-08-07T16:23:37.000Z</time>
        <extensions>
          <ns3:TrackPointExtension>
            <ns3:hr>143</ns3:hr>
            <ns3:cad>84</ns3:cad>
          </ns3:TrackPointExtension>
        </extensions>
      </trkpt>
      <trkpt lat="31.3256127946078777313232421875" lon="118.36458421312272548675537109375">
        <ele>17.799999237060546875</ele>
        <time>2026-08-07T16:23:38.000Z</time>
        <extensions>
          <ns3:TrackPointExtension>
            <ns3:hr>143</ns3:hr>
            <ns3:cad>84</ns3:cad>
          </ns3:TrackPointExtension>
        </extensions>
      </trkpt>
      <trkpt lat="31.325600557029247283935546875" lon="118.364604078233242034912109375">
        <ele>17.799999237060546875</ele>
        <time>2026-08-07T16:23:39.000Z</time>
        <extensions>
          <ns3:TrackPointExtension>
            <ns3:hr>143</ns3:hr>
            <ns3:cad>84</ns3:cad>
          </ns3:TrackPointExtension>
        </extensions>
      </trkpt>
      <trkpt lat="31.325585134327411651611328125" lon="118.3646320737898349761962890625">
        <ele>17.799999237060546875</ele>
        <time>2026-08-07T16:23:40.000Z</time>
        <extensions>
          <ns3:TrackPointExtension>
            <ns3:hr>144</ns3:hr>
            <ns3:cad>84</ns3:cad>
          </ns3:TrackPointExtension>
        </extensions>
      </trkpt>
      <trkpt lat="31.3255688734352588653564453125" lon="118.36465696804225444793701171875">
        <ele>17.799999237060546875</ele>
        <time>2026-08-07T16:23:41.000Z</time>
        <extensions>
          <ns3:TrackPointExtension>
            <ns3:hr>144</ns3:hr>
            <ns3:cad>84</ns3:cad>
          </ns3:TrackPointExtension>
        </extensions>
      </trkpt>
      <trkpt lat="31.32556057535111904144287109375" lon="118.36467976681888103485107421875">
        <ele>17.799999237060546875</ele>
        <time>2026-08-07T16:23:42.000Z</time>
        <extensions>
          <ns3:TrackPointExtension>
            <ns3:hr>144</ns3:hr>
            <ns3:cad>84</ns3:cad>
          </ns3:TrackPointExtension>
        </extensions>
      </trkpt>
      <trkpt lat="31.325540207326412200927734375" lon="118.364703319966793060302734375">
        <ele>17.799999237060546875</ele>
        <time>2026-08-07T16:23:43.000Z</time>
        <extensions>
          <ns3:TrackPointExtension>
            <ns3:hr>145</ns3:hr>
            <ns3:cad>84</ns3:cad>
          </ns3:TrackPointExtension>
        </extensions>
      </trkpt>
      <trkpt lat="31.32552972994744777679443359375" lon="118.3647202514111995697021484375">
        <ele>17.799999237060546875</ele>
        <time>2026-08-07T16:23:44.000Z</time>
        <extensions>
          <ns3:TrackPointExtension>
            <ns3:hr>145</ns3:hr>
            <ns3:cad>84</ns3:cad>
          </ns3:TrackPointExtension>
        </extensions>
      </trkpt>
      <trkpt lat="31.3255132175981998443603515625" lon="118.36474413983523845672607421875">
        <ele>17.799999237060546875</ele>
        <time>2026-08-07T16:23:45.000Z</time>
        <extensions>
          <ns3:TrackPointExtension>
            <ns3:hr>145</ns3:hr>
            <ns3:cad>84</ns3:cad>
          </ns3:TrackPointExtension>
        </extensions>
      </trkpt>
      <trkpt lat="31.3254961185157299041748046875" lon="118.36476811207830905914306640625">
        <ele>17.799999237060546875</ele>
        <time>2026-08-07T16:23:46.000Z</time>
        <extensions>
          <ns3:TrackPointExtension>
            <ns3:hr>145</ns3:hr>
            <ns3:cad>84</ns3:cad>
          </ns3:TrackPointExtension>
        </extensions>
      </trkpt>
      <trkpt lat="31.3254924304783344268798828125" lon="118.36478906683623790740966796875">
        <ele>17.799999237060546875</ele>
        <time>2026-08-07T16:23:47.000Z</time>
        <extensions>
          <ns3:TrackPointExtension>
            <ns3:hr>145</ns3:hr>
            <ns3:cad>84</ns3:cad>
          </ns3:TrackPointExtension>
        </extensions>
      </trkpt>
      <trkpt lat="31.325473487377166748046875" lon="118.36481429636478424072265625">
        <ele>18</ele>
        <time>2026-08-07T16:23:48.000Z</time>
        <extensions>
          <ns3:TrackPointExtension>
            <ns3:hr>145</ns3:hr>
            <ns3:cad>84</ns3:cad>
          </ns3:TrackPointExtension>
        </extensions>
      </trkpt>
      <trkpt lat="31.32546183653175830841064453125" lon="118.3648352511227130889892578125">
        <ele>18</ele>
        <time>2026-08-07T16:23:49.000Z</time>
        <extensions>
          <ns3:TrackPointExtension>
            <ns3:hr>146</ns3:hr>
            <ns3:cad>83</ns3:cad>
          </ns3:TrackPointExtension>
        </extensions>
      </trkpt>
      <trkpt lat="31.32544809021055698394775390625" lon="118.3648597262799739837646484375">
        <ele>18</ele>
        <time>2026-08-07T16:23:50.000Z</time>
        <extensions>
          <ns3:TrackPointExtension>
            <ns3:hr>146</ns3:hr>
            <ns3:cad>83</ns3:cad>
          </ns3:TrackPointExtension>
        </extensions>
      </trkpt>
      <trkpt lat="31.32543015293776988983154296875" lon="118.3648858778178691864013671875">
        <ele>18.200000762939453125</ele>
        <time>2026-08-07T16:23:51.000Z</time>
        <extensions>
          <ns3:TrackPointExtension>
            <ns3:hr>146</ns3:hr>
            <ns3:cad>83</ns3:cad>
          </ns3:TrackPointExtension>
        </extensions>
      </trkpt>
      <trkpt lat="31.32542260922491550445556640625" lon="118.36490683257579803466796875">
        <ele>18.200000762939453125</ele>
        <time>2026-08-07T16:23:52.000Z</time>
        <extensions>
          <ns3:TrackPointExtension>
            <ns3:hr>146</ns3:hr>
            <ns3:cad>83</ns3:cad>
          </ns3:TrackPointExtension>
        </extensions>
      </trkpt>
      <trkpt lat="31.3254012353718280792236328125" lon="118.364931643009185791015625">
        <ele>18.200000762939453125</ele>
        <time>2026-08-07T16:23:53.000Z</time>
        <extensions>
          <ns3:TrackPointExtension>
            <ns3:hr>146</ns3:hr>
            <ns3:cad>83</ns3:cad>
          </ns3:TrackPointExtension>
        </extensions>
      </trkpt>
      <trkpt lat="31.325390003621578216552734375" lon="118.36495268158614635467529296875">
        <ele>18</ele>
        <time>2026-08-07T16:23:54.000Z</time>
        <extensions>
          <ns3:TrackPointExtension>
            <ns3:hr>146</ns3:hr>
            <ns3:cad>84</ns3:cad>
          </ns3:TrackPointExtension>
        </extensions>
      </trkpt>
      <trkpt lat="31.325376927852630615234375" lon="118.3649780787527561187744140625">
        <ele>18</ele>
        <time>2026-08-07T16:23:55.000Z</time>
        <extensions>
          <ns3:TrackPointExtension>
            <ns3:hr>147</ns3:hr>
            <ns3:cad>84</ns3:cad>
          </ns3:TrackPointExtension>
        </extensions>
      </trkpt>
      <trkpt lat="31.3253576494753360748291015625" lon="118.3650049008429050445556640625">
        <ele>18</ele>
        <time>2026-08-07T16:23:56.000Z</time>
        <extensions>
          <ns3:TrackPointExtension>
            <ns3:hr>149</ns3:hr>
            <ns3:cad>84</ns3:cad>
          </ns3:TrackPointExtension>
        </extensions>
      </trkpt>
      <trkpt lat="31.3253502734005451202392578125" lon="118.36503013037145137786865234375">
        <ele>18.200000762939453125</ele>
        <time>2026-08-07T16:23:57.000Z</time>
        <extensions>
          <ns3:TrackPointExtension>
            <ns3:hr>149</ns3:hr>
            <ns3:cad>83</ns3:cad>
          </ns3:TrackPointExtension>
        </extensions>
      </trkpt>
      <trkpt lat="31.3253311626613140106201171875" lon="118.36505913175642490386962890625">
        <ele>18.200000762939453125</ele>
        <time>2026-08-07T16:23:58.000Z</time>
        <extensions>
          <ns3:TrackPointExtension>
            <ns3:hr>149</ns3:hr>
            <ns3:cad>83</ns3:cad>
          </ns3:TrackPointExtension>
        </extensions>
      </trkpt>
      <trkpt lat="31.325323618948459625244140625" lon="118.36508092470467090606689453125">
        <ele>18.200000762939453125</ele>
        <time>2026-08-07T16:23:59.000Z</time>
        <extensions>
          <ns3:TrackPointExtension>
            <ns3:hr>150</ns3:hr>
            <ns3:cad>83</ns3:cad>
          </ns3:TrackPointExtension>
        </extensions>
      </trkpt>
      <trkpt lat="31.32530492730438709259033203125" lon="118.3651078306138515472412109375">
        <ele>18.200000762939453125</ele>
        <time>2026-08-07T16:24:00.000Z</time>
        <extensions>
          <ns3:TrackPointExtension>
            <ns3:hr>150</ns3:hr>
            <ns3:cad>83</ns3:cad>
          </ns3:TrackPointExtension>
        </extensions>
      </trkpt>
      <trkpt lat="31.3252872414886951446533203125" lon="118.3651316352188587188720703125">
        <ele>18.200000762939453125</ele>
        <time>2026-08-07T16:24:01.000Z</time>
        <extensions>
          <ns3:TrackPointExtension>
            <ns3:hr>150</ns3:hr>
            <ns3:cad>84</ns3:cad>
          </ns3:TrackPointExtension>
        </extensions>
      </trkpt>
      <trkpt lat="31.32528028450906276702880859375" lon="118.36515451781451702117919921875">
        <ele>18.200000762939453125</ele>
        <time>2026-08-07T16:24:02.000Z</time>
        <extensions>
          <ns3:TrackPointExtension>
            <ns3:hr>150</ns3:hr>
            <ns3:cad>85</ns3:cad>
          </ns3:TrackPointExtension>
        </extensions>
      </trkpt>
      <trkpt lat="31.32526226341724395751953125" lon="118.36518418975174427032470703125">
        <ele>18.200000762939453125</ele>
        <time>2026-08-07T16:24:03.000Z</time>
        <extensions>
          <ns3:TrackPointExtension>
            <ns3:hr>150</ns3:hr>
            <ns3:cad>85</ns3:cad>
          </ns3:TrackPointExtension>
        </extensions>
      </trkpt>
      <trkpt lat="31.325255893170833587646484375" lon="118.3652060665190219879150390625">
        <ele>18</ele>
        <time>2026-08-07T16:24:04.000Z</time>
        <extensions>
          <ns3:TrackPointExtension>
            <ns3:hr>150</ns3:hr>
            <ns3:cad>85</ns3:cad>
          </ns3:TrackPointExtension>
        </extensions>
      </trkpt>
      <trkpt lat="31.3252387940883636474609375" lon="118.3652369119226932525634765625">
        <ele>18</ele>
        <time>2026-08-07T16:24:05.000Z</time>
        <extensions>
          <ns3:TrackPointExtension>
            <ns3:hr>150</ns3:hr>
            <ns3:cad>84</ns3:cad>
          </ns3:TrackPointExtension>
        </extensions>
      </trkpt>
      <trkpt lat="31.32522731088101863861083984375" lon="118.3652630634605884552001953125">
        <ele>18</ele>
        <time>2026-08-07T16:24:06.000Z</time>
        <extensions>
          <ns3:TrackPointExtension>
            <ns3:hr>150</ns3:hr>
            <ns3:cad>84</ns3:cad>
          </ns3:TrackPointExtension>
        </extensions>
      </trkpt>
      <trkpt lat="31.32521792314946651458740234375" lon="118.36529097519814968109130859375">
        <ele>18</ele>
        <time>2026-08-07T16:24:07.000Z</time>
        <extensions>
          <ns3:TrackPointExtension>
            <ns3:hr>151</ns3:hr>
            <ns3:cad>84</ns3:cad>
          </ns3:TrackPointExtension>
        </extensions>
      </trkpt>
      <trkpt lat="31.32520048879086971282958984375" lon="118.3653173781931400299072265625">
        <ele>18</ele>
        <time>2026-08-07T16:24:08.000Z</time>
        <extensions>
          <ns3:TrackPointExtension>
            <ns3:hr>151</ns3:hr>
            <ns3:cad>84</ns3:cad>
          </ns3:TrackPointExtension>
        </extensions>
      </trkpt>
      <trkpt lat="31.32519110105931758880615234375" lon="118.3653378300368785858154296875">
        <ele>18</ele>
        <time>2026-08-07T16:24:09.000Z</time>
        <extensions>
          <ns3:TrackPointExtension>
            <ns3:hr>151</ns3:hr>
            <ns3:cad>84</ns3:cad>
          </ns3:TrackPointExtension>
        </extensions>
      </trkpt>
      <trkpt lat="31.32517064921557903289794921875" lon="118.36536406539380550384521484375">
        <ele>18.200000762939453125</ele>
        <time>2026-08-07T16:24:10.000Z</time>
        <extensions>
          <ns3:TrackPointExtension>
            <ns3:hr>151</ns3:hr>
            <ns3:cad>85</ns3:cad>
          </ns3:TrackPointExtension>
        </extensions>
      </trkpt>
      <trkpt lat="31.3251571543514728546142578125" lon="118.36538535542786121368408203125">
        <ele>18</ele>
        <time>2026-08-07T16:24:11.000Z</time>
        <extensions>
          <ns3:TrackPointExtension>
            <ns3:hr>151</ns3:hr>
            <ns3:cad>85</ns3:cad>
          </ns3:TrackPointExtension>
        </extensions>
      </trkpt>
      <trkpt lat="31.325144581496715545654296875" lon="118.36540631018579006195068359375">
        <ele>18</ele>
        <time>2026-08-07T16:24:12.000Z</time>
        <extensions>
          <ns3:TrackPointExtension>
            <ns3:hr>151</ns3:hr>
            <ns3:cad>84</ns3:cad>
          </ns3:TrackPointExtension>
        </extensions>
      </trkpt>
      <trkpt lat="31.32512622512876987457275390625" lon="118.365429528057575225830078125">
        <ele>18</ele>
        <time>2026-08-07T16:24:13.000Z</time>
        <extensions>
          <ns3:TrackPointExtension>
            <ns3:hr>151</ns3:hr>
            <ns3:cad>84</ns3:cad>
          </ns3:TrackPointExtension>
        </extensions>
      </trkpt>
      <trkpt lat="31.325119100511074066162109375" lon="118.36544972844421863555908203125">
        <ele>18.200000762939453125</ele>
        <time>2026-08-07T16:24:14.000Z</time>
        <extensions>
          <ns3:TrackPointExtension>
            <ns3:hr>151</ns3:hr>
            <ns3:cad>84</ns3:cad>
          </ns3:TrackPointExtension>
        </extensions>
      </trkpt>
      <trkpt lat="31.32510242052376270294189453125" lon="118.36547655053436756134033203125">
        <ele>18</ele>
        <time>2026-08-07T16:24:15.000Z</time>
        <extensions>
          <ns3:TrackPointExtension>
            <ns3:hr>152</ns3:hr>
            <ns3:cad>84</ns3:cad>
          </ns3:TrackPointExtension>
        </extensions>
      </trkpt>
      <trkpt lat="31.32508926093578338623046875" lon="118.36549691855907440185546875">
        <ele>18</ele>
        <time>2026-08-07T16:24:16.000Z</time>
        <extensions>
          <ns3:TrackPointExtension>
            <ns3:hr>152</ns3:hr>
            <ns3:cad>84</ns3:cad>
          </ns3:TrackPointExtension>
        </extensions>
      </trkpt>
      <trkpt lat="31.32508045993745326995849609375" lon="118.365517370402812957763671875">
        <ele>18</ele>
        <time>2026-08-07T16:24:17.000Z</time>
        <extensions>
          <ns3:TrackPointExtension>
            <ns3:hr>152</ns3:hr>
            <ns3:cad>84</ns3:cad>
          </ns3:TrackPointExtension>
        </extensions>
      </trkpt>
      <trkpt lat="31.325060427188873291015625" lon="118.3655410073697566986083984375">
        <ele>18</ele>
        <time>2026-08-07T16:24:18.000Z</time>
        <extensions>
          <ns3:TrackPointExtension>
            <ns3:hr>152</ns3:hr>
            <ns3:cad>84</ns3:cad>
          </ns3:TrackPointExtension>
        </extensions>
      </trkpt>
      <trkpt lat="31.3250555656850337982177734375" lon="118.36556070484220981597900390625">
        <ele>18</ele>
        <time>2026-08-07T16:24:19.000Z</time>
        <extensions>
          <ns3:TrackPointExtension>
            <ns3:hr>152</ns3:hr>
            <ns3:cad>84</ns3:cad>
          </ns3:TrackPointExtension>
        </extensions>
      </trkpt>
      <trkpt lat="31.325041316449642181396484375" lon="118.36558266542851924896240234375">
        <ele>18</ele>
        <time>2026-08-07T16:24:20.000Z</time>
        <extensions>
          <ns3:TrackPointExtension>
            <ns3:hr>151</ns3:hr>
            <ns3:cad>83</ns3:cad>
          </ns3:TrackPointExtension>
        </extensions>
      </trkpt>
      <trkpt lat="31.32502891123294830322265625" lon="118.3656030334532260894775390625">
        <ele>17.799999237060546875</ele>
        <time>2026-08-07T16:24:21.000Z</time>
        <extensions>
          <ns3:TrackPointExtension>
            <ns3:hr>152</ns3:hr>
            <ns3:cad>83</ns3:cad>
          </ns3:TrackPointExtension>
        </extensions>
      </trkpt>
      <trkpt lat="31.3250240497291088104248046875" lon="118.36562030017375946044921875">
        <ele>18</ele>
        <time>2026-08-07T16:24:22.000Z</time>
        <extensions>
          <ns3:TrackPointExtension>
            <ns3:hr>152</ns3:hr>
            <ns3:cad>83</ns3:cad>
          </ns3:TrackPointExtension>
        </extensions>
      </trkpt>
      <trkpt lat="31.3250066153705120086669921875" lon="118.3656392432749271392822265625">
        <ele>18</ele>
        <time>2026-08-07T16:24:23.000Z</time>
        <extensions>
          <ns3:TrackPointExtension>
            <ns3:hr>152</ns3:hr>
            <ns3:cad>83</ns3:cad>
          </ns3:TrackPointExtension>
        </extensions>
      </trkpt>
      <trkpt lat="31.32499764673411846160888671875" lon="118.365653492510318756103515625">
        <ele>18</ele>
        <time>2026-08-07T16:24:24.000Z</time>
        <extensions>
          <ns3:TrackPointExtension>
            <ns3:hr>152</ns3:hr>
            <ns3:cad>83</ns3:cad>
          </ns3:TrackPointExtension>
        </extensions>
      </trkpt>
      <trkpt lat="31.32499295286834239959716796875" lon="118.365668915212154388427734375">
        <ele>18</ele>
        <time>2026-08-07T16:24:25.000Z</time>
        <extensions>
          <ns3:TrackPointExtension>
            <ns3:hr>152</ns3:hr>
            <ns3:cad>83</ns3:cad>
          </ns3:TrackPointExtension>
        </extensions>
      </trkpt>
      <trkpt lat="31.3249814696609973907470703125" lon="118.36568676866590976715087890625">
        <ele>18</ele>
        <time>2026-08-07T16:24:26.000Z</time>
        <extensions>
          <ns3:TrackPointExtension>
            <ns3:hr>152</ns3:hr>
            <ns3:cad>83</ns3:cad>
          </ns3:TrackPointExtension>
        </extensions>
      </trkpt>
      <trkpt lat="31.32496730424463748931884765625" lon="118.3657049573957920074462890625">
        <ele>18</ele>
        <time>2026-08-07T16:24:27.000Z</time>
        <extensions>
          <ns3:TrackPointExtension>
            <ns3:hr>152</ns3:hr>
            <ns3:cad>83</ns3:cad>
          </ns3:TrackPointExtension>
        </extensions>
      </trkpt>
      <trkpt lat="31.324963867664337158203125" lon="118.365717865526676177978515625">
        <ele>18</ele>
        <time>2026-08-07T16:24:28.000Z</time>
        <extensions>
          <ns3:TrackPointExtension>
            <ns3:hr>152</ns3:hr>
            <ns3:cad>83</ns3:cad>
          </ns3:TrackPointExtension>
        </extensions>
      </trkpt>
      <trkpt lat="31.3249466009438037872314453125" lon="118.3657388202846050262451171875">
        <ele>18</ele>
        <time>2026-08-07T16:24:29.000Z</time>
        <extensions>
          <ns3:TrackPointExtension>
            <ns3:hr>152</ns3:hr>
            <ns3:cad>83</ns3:cad>
          </ns3:TrackPointExtension>
        </extensions>
      </trkpt>
      <trkpt lat="31.3249357044696807861328125" lon="118.3657572604715824127197265625">
        <ele>18</ele>
        <time>2026-08-07T16:24:30.000Z</time>
        <extensions>
          <ns3:TrackPointExtension>
            <ns3:hr>151</ns3:hr>
            <ns3:cad>83</ns3:cad>
          </ns3:TrackPointExtension>
        </extensions>
      </trkpt>
      <trkpt lat="31.3249352015554904937744140625" lon="118.36576891131699085235595703125">
        <ele>18</ele>
        <time>2026-08-07T16:24:31.000Z</time>
        <extensions>
          <ns3:TrackPointExtension>
            <ns3:hr>152</ns3:hr>
            <ns3:cad>83</ns3:cad>
          </ns3:TrackPointExtension>
        </extensions>
      </trkpt>
      <trkpt lat="31.3249174319207668304443359375" lon="118.365788273513317108154296875">
        <ele>18</ele>
        <time>2026-08-07T16:24:32.000Z</time>
        <extensions>
          <ns3:TrackPointExtension>
            <ns3:hr>151</ns3:hr>
            <ns3:cad>83</ns3:cad>
          </ns3:TrackPointExtension>
        </extensions>
      </trkpt>
      <trkpt lat="31.3249036855995655059814453125" lon="118.365805037319660186767578125">
        <ele>18</ele>
        <time>2026-08-07T16:24:33.000Z</time>
        <extensions>
          <ns3:TrackPointExtension>
            <ns3:hr>151</ns3:hr>
            <ns3:cad>83</ns3:cad>
          </ns3:TrackPointExtension>
        </extensions>
      </trkpt>
      <trkpt lat="31.32489421404898166656494140625" lon="118.3658219687640666961669921875">
        <ele>18</ele>
        <time>2026-08-07T16:24:34.000Z</time>
        <extensions>
          <ns3:TrackPointExtension>
            <ns3:hr>151</ns3:hr>
            <ns3:cad>82</ns3:cad>
          </ns3:TrackPointExtension>
        </extensions>
      </trkpt>
    </trkseg>
  </trk>
</gpx>
