<gpx xmlns:ns3="http://www.garmin.com/xmlschemas/TrackPointExtension/v1" xmlns="http://www.topografix.com/GPX/1/1" xmlns:xsi="http://www.w3.org/2001/XMLSchema-instance" xmlns:ns2="http://www.garmin.com/xmlschemas/GpxExtensions/v3" creator="Garmin Connect" version="1.1" xsi:schemaLocation="http://www.topografix.com/GPX/1/1 http://www.topografix.com/GPX/11.xsd">
  <extensions>
<distance>6010.97</distance>
<average_hr>169.0</average_hr>
<average_speed>3.75</average_speed>
<start_time>2026-08-27T13:58:01+00:00</start_time>
<end_time>2026-08-27T14:24:44.012000+00:00</end_time>
<moving_time>1601.366</moving_time>
<elapsed_time>1603.012</elapsed_time>
</extensions>
<metadata>
    <link href="connect.garmin.com">
      <text>Garmin Connect</text>
    </link>
    <time>2026-08-27T13:58:01.000Z</time>
  </metadata>
  <trk>
    <name>怀柔区 跑步</name>
    <type>running</type>
    <trkseg>
      <trkpt lat="40.40301519446074962615966796875" lon="116.6834636963903903961181640625">
        <ele>87.8000030517578125</ele>
        <time>2026-08-27T13:58:01.000Z</time>
        <extensions>
          <ns3:TrackPointExtension>
            <ns3:hr>70</ns3:hr>
            <ns3:cad>56</ns3:cad>
          </ns3:TrackPointExtension>
        </extensions>
      </trkpt>
      <trkpt lat="40.403029024600982666015625" lon="116.68349630199372768402099609375">
        <ele>87.8000030517578125</ele>
        <time>2026-08-27T13:58:02.000Z</time>
        <extensions>
          <ns3:TrackPointExtension>
            <ns3:hr>70</ns3:hr>
            <ns3:cad>56</ns3:cad>
          </ns3:TrackPointExtension>
        </extensions>
      </trkpt>
      <trkpt lat="40.40304251946508884429931640625" lon="116.68354332447052001953125">
        <ele>87.8000030517578125</ele>
        <time>2026-08-27T13:58:03.000Z</time>
        <extensions>
          <ns3:TrackPointExtension>
            <ns3:hr>70</ns3:hr>
            <ns3:cad>56</ns3:cad>
          </ns3:TrackPointExtension>
        </extensions>
      </trkpt>
      <trkpt lat="40.40306054055690765380859375" lon="116.6836524568498134613037109375">
        <ele>87.59999847412109375</ele>
        <time>2026-08-27T13:58:04.000Z</time>
        <extensions>
          <ns3:TrackPointExtension>
            <ns3:hr>71</ns3:hr>
            <ns3:cad>0</ns3:cad>
          </ns3:TrackPointExtension>
        </extensions>
      </trkpt>
      <trkpt lat="40.40305743925273418426513671875" lon="116.683693863451480865478515625">
        <ele>87.59999847412109375</ele>
        <time>2026-08-27T13:58:05.000Z</time>
        <extensions>
          <ns3:TrackPointExtension>
            <ns3:hr>71</ns3:hr>
            <ns3:cad>0</ns3:cad>
          </ns3:TrackPointExtension>
        </extensions>
      </trkpt>
      <trkpt lat="40.403056852519512176513671875" lon="116.6837436519563198089599609375">
        <ele>87.59999847412109375</ele>
        <time>2026-08-27T13:58:06.000Z</time>
        <extensions>
          <ns3:TrackPointExtension>
            <ns3:hr>71</ns3:hr>
            <ns3:cad>0</ns3:cad>
          </ns3:TrackPointExtension>
        </extensions>
      </trkpt>
      <trkpt lat="40.40305341593921184539794921875" lon="116.68378673493862152099609375">
        <ele>87.1999969482421875</ele>
        <time>2026-08-27T13:58:07.000Z</time>
        <extensions>
          <ns3:TrackPointExtension>
            <ns3:hr>72</ns3:hr>
            <ns3:cad>90</ns3:cad>
          </ns3:TrackPointExtension>
        </extensions>
      </trkpt>
      <trkpt lat="40.40304637514054775238037109375" lon="116.68383635580539703369140625">
        <ele>87.1999969482421875</ele>
        <time>2026-08-27T13:58:08.000Z</time>
        <extensions>
          <ns3:TrackPointExtension>
            <ns3:hr>72</ns3:hr>
            <ns3:cad>91</ns3:cad>
          </ns3:TrackPointExtension>
        </extensions>
      </trkpt>
      <trkpt lat="40.40303095243871212005615234375" lon="116.6838767565786838531494140625">
        <ele>87.1999969482421875</ele>
        <time>2026-08-27T13:58:09.000Z</time>
        <extensions>
          <ns3:TrackPointExtension>
            <ns3:hr>72</ns3:hr>
            <ns3:cad>92</ns3:cad>
          </ns3:TrackPointExtension>
        </extensions>
      </trkpt>
      <trkpt lat="40.4030177928507328033447265625" lon="116.6839223541319370269775390625">
        <ele>87.1999969482421875</ele>
        <time>2026-08-27T13:58:10.000Z</time>
        <extensions>
          <ns3:TrackPointExtension>
            <ns3:hr>72</ns3:hr>
            <ns3:cad>92</ns3:cad>
          </ns3:TrackPointExtension>
        </extensions>
      </trkpt>
      <trkpt lat="40.40301234461367130279541015625" lon="116.6839662753045558929443359375">
        <ele>87.1999969482421875</ele>
        <time>2026-08-27T13:58:11.000Z</time>
        <extensions>
          <ns3:TrackPointExtension>
            <ns3:hr>73</ns3:hr>
            <ns3:cad>94</ns3:cad>
          </ns3:TrackPointExtension>
        </extensions>
      </trkpt>
      <trkpt lat="40.40299708954989910125732421875" lon="116.68401539325714111328125">
        <ele>87.1999969482421875</ele>
        <time>2026-08-27T13:58:12.000Z</time>
        <extensions>
          <ns3:TrackPointExtension>
            <ns3:hr>77</ns3:hr>
            <ns3:cad>94</ns3:cad>
          </ns3:TrackPointExtension>
        </extensions>
      </trkpt>
      <trkpt lat="40.4029913060367107391357421875" lon="116.68405822478234767913818359375">
        <ele>87.40000152587890625</ele>
        <time>2026-08-27T13:58:13.000Z</time>
        <extensions>
          <ns3:TrackPointExtension>
            <ns3:hr>76</ns3:hr>
            <ns3:cad>94</ns3:cad>
          </ns3:TrackPointExtension>
        </extensions>
      </trkpt>
      <trkpt lat="40.4029812477529048919677734375" lon="116.68409979902207851409912109375">
        <ele>87.40000152587890625</ele>
        <time>2026-08-27T13:58:14.000Z</time>
        <extensions>
          <ns3:TrackPointExtension>
            <ns3:hr>77</ns3:hr>
            <ns3:cad>93</ns3:cad>
          </ns3:TrackPointExtension>
        </extensions>
      </trkpt>
      <trkpt lat="40.402980409562587738037109375" lon="116.6841419599950313568115234375">
        <ele>87.40000152587890625</ele>
        <time>2026-08-27T13:58:15.000Z</time>
        <extensions>
          <ns3:TrackPointExtension>
            <ns3:hr>77</ns3:hr>
            <ns3:cad>93</ns3:cad>
          </ns3:TrackPointExtension>
        </extensions>
      </trkpt>
      <trkpt lat="40.40298007428646087646484375" lon="116.6841830313205718994140625">
        <ele>87.40000152587890625</ele>
        <time>2026-08-27T13:58:16.000Z</time>
        <extensions>
          <ns3:TrackPointExtension>
            <ns3:hr>78</ns3:hr>
            <ns3:cad>93</ns3:cad>
          </ns3:TrackPointExtension>
        </extensions>
      </trkpt>
      <trkpt lat="40.40298686362802982330322265625" lon="116.68422904796898365020751953125">
        <ele>87.40000152587890625</ele>
        <time>2026-08-27T13:58:17.000Z</time>
        <extensions>
          <ns3:TrackPointExtension>
            <ns3:hr>78</ns3:hr>
            <ns3:cad>95</ns3:cad>
          </ns3:TrackPointExtension>
        </extensions>
      </trkpt>
      <trkpt lat="40.40299759246408939361572265625" lon="116.6842646710574626922607421875">
        <ele>87.40000152587890625</ele>
        <time>2026-08-27T13:58:18.000Z</time>
        <extensions>
          <ns3:TrackPointExtension>
            <ns3:hr>80</ns3:hr>
            <ns3:cad>95</ns3:cad>
          </ns3:TrackPointExtension>
        </extensions>
      </trkpt>
      <trkpt lat="40.40300689637660980224609375" lon="116.68431052006781101226806640625">
        <ele>87.1999969482421875</ele>
        <time>2026-08-27T13:58:19.000Z</time>
        <extensions>
          <ns3:TrackPointExtension>
            <ns3:hr>83</ns3:hr>
            <ns3:cad>95</ns3:cad>
          </ns3:TrackPointExtension>
        </extensions>
      </trkpt>
      <trkpt lat="40.4030184634029865264892578125" lon="116.6843380965292453765869140625">
        <ele>87.40000152587890625</ele>
        <time>2026-08-27T13:58:20.000Z</time>
        <extensions>
          <ns3:TrackPointExtension>
            <ns3:hr>85</ns3:hr>
            <ns3:cad>94</ns3:cad>
          </ns3:TrackPointExtension>
        </extensions>
      </trkpt>
      <trkpt lat="40.403036065399646759033203125" lon="116.68438017368316650390625">
        <ele>87.40000152587890625</ele>
        <time>2026-08-27T13:58:21.000Z</time>
        <extensions>
          <ns3:TrackPointExtension>
            <ns3:hr>88</ns3:hr>
            <ns3:cad>93</ns3:cad>
          </ns3:TrackPointExtension>
        </extensions>
      </trkpt>
      <trkpt lat="40.40305324830114841461181640625" lon="116.68441303074359893798828125">
        <ele>87.40000152587890625</ele>
        <time>2026-08-27T13:58:22.000Z</time>
        <extensions>
          <ns3:TrackPointExtension>
            <ns3:hr>91</ns3:hr>
            <ns3:cad>92</ns3:cad>
          </ns3:TrackPointExtension>
        </extensions>
      </trkpt>
      <trkpt lat="40.40307487361133098602294921875" lon="116.684447228908538818359375">
        <ele>87.40000152587890625</ele>
        <time>2026-08-27T13:58:23.000Z</time>
        <extensions>
          <ns3:TrackPointExtension>
            <ns3:hr>94</ns3:hr>
            <ns3:cad>92</ns3:cad>
          </ns3:TrackPointExtension>
        </extensions>
      </trkpt>
      <trkpt lat="40.40310136042535305023193359375" lon="116.68448008596897125244140625">
        <ele>87.40000152587890625</ele>
        <time>2026-08-27T13:58:24.000Z</time>
        <extensions>
          <ns3:TrackPointExtension>
            <ns3:hr>96</ns3:hr>
            <ns3:cad>93</ns3:cad>
          </ns3:TrackPointExtension>
        </extensions>
      </trkpt>
      <trkpt lat="40.40312625467777252197265625" lon="116.684503220021724700927734375">
        <ele>87.40000152587890625</ele>
        <time>2026-08-27T13:58:25.000Z</time>
        <extensions>
          <ns3:TrackPointExtension>
            <ns3:hr>101</ns3:hr>
            <ns3:cad>95</ns3:cad>
          </ns3:TrackPointExtension>
        </extensions>
      </trkpt>
      <trkpt lat="40.4031596146523952484130859375" lon="116.6845317184925079345703125">
        <ele>87.40000152587890625</ele>
        <time>2026-08-27T13:58:26.000Z</time>
        <extensions>
          <ns3:TrackPointExtension>
            <ns3:hr>87</ns3:hr>
            <ns3:cad>95</ns3:cad>
          </ns3:TrackPointExtension>
        </extensions>
      </trkpt>
      <trkpt lat="40.403186939656734466552734375" lon="116.68454102240502834320068359375">
        <ele>87.40000152587890625</ele>
        <time>2026-08-27T13:58:27.000Z</time>
        <extensions>
          <ns3:TrackPointExtension>
            <ns3:hr>82</ns3:hr>
            <ns3:cad>95</ns3:cad>
          </ns3:TrackPointExtension>
        </extensions>
      </trkpt>
      <trkpt lat="40.40322021581232547760009765625" lon="116.6845617257058620452880859375">
        <ele>87.40000152587890625</ele>
        <time>2026-08-27T13:58:28.000Z</time>
        <extensions>
          <ns3:TrackPointExtension>
            <ns3:hr>80</ns3:hr>
            <ns3:cad>95</ns3:cad>
          </ns3:TrackPointExtension>
        </extensions>
      </trkpt>
      <trkpt lat="40.403247959911823272705078125" lon="116.68457203544676303863525390625">
        <ele>87.40000152587890625</ele>
        <time>2026-08-27T13:58:29.000Z</time>
        <extensions>
          <ns3:TrackPointExtension>
            <ns3:hr>79</ns3:hr>
            <ns3:cad>94</ns3:cad>
          </ns3:TrackPointExtension>
        </extensions>
      </trkpt>
      <trkpt lat="40.403277464210987091064453125" lon="116.6845826804637908935546875">
        <ele>87.40000152587890625</ele>
        <time>2026-08-27T13:58:30.000Z</time>
        <extensions>
          <ns3:TrackPointExtension>
            <ns3:hr>79</ns3:hr>
            <ns3:cad>94</ns3:cad>
          </ns3:TrackPointExtension>
        </extensions>
      </trkpt>
      <trkpt lat="40.40330998599529266357421875" lon="116.6845902241766452789306640625">
        <ele>87.40000152587890625</ele>
        <time>2026-08-27T13:58:31.000Z</time>
        <extensions>
          <ns3:TrackPointExtension>
            <ns3:hr>80</ns3:hr>
            <ns3:cad>93</ns3:cad>
          </ns3:TrackPointExtension>
        </extensions>
      </trkpt>
      <trkpt lat="40.40333873592317104339599609375" lon="116.684590391814708709716796875">
        <ele>87.40000152587890625</ele>
        <time>2026-08-27T13:58:32.000Z</time>
        <extensions>
          <ns3:TrackPointExtension>
            <ns3:hr>81</ns3:hr>
            <ns3:cad>93</ns3:cad>
          </ns3:TrackPointExtension>
        </extensions>
      </trkpt>
      <trkpt lat="40.40337628684937953948974609375" lon="116.6845972649753093719482421875">
        <ele>87.40000152587890625</ele>
        <time>2026-08-27T13:58:33.000Z</time>
        <extensions>
          <ns3:TrackPointExtension>
            <ns3:hr>82</ns3:hr>
            <ns3:cad>95</ns3:cad>
          </ns3:TrackPointExtension>
        </extensions>
      </trkpt>
      <trkpt lat="40.40340076200664043426513671875" lon="116.68459198437631130218505859375">
        <ele>87.40000152587890625</ele>
        <time>2026-08-27T13:58:34.000Z</time>
        <extensions>
          <ns3:TrackPointExtension>
            <ns3:hr>83</ns3:hr>
            <ns3:cad>95</ns3:cad>
          </ns3:TrackPointExtension>
        </extensions>
      </trkpt>
      <trkpt lat="40.40343613363802433013916015625" lon="116.68459475040435791015625">
        <ele>87.40000152587890625</ele>
        <time>2026-08-27T13:58:35.000Z</time>
        <extensions>
          <ns3:TrackPointExtension>
            <ns3:hr>84</ns3:hr>
            <ns3:cad>95</ns3:cad>
          </ns3:TrackPointExtension>
        </extensions>
      </trkpt>
      <trkpt lat="40.4034680686891078948974609375" lon="116.68459139764308929443359375">
        <ele>87.40000152587890625</ele>
        <time>2026-08-27T13:58:36.000Z</time>
        <extensions>
          <ns3:TrackPointExtension>
            <ns3:hr>85</ns3:hr>
            <ns3:cad>95</ns3:cad>
          </ns3:TrackPointExtension>
        </extensions>
      </trkpt>
      <trkpt lat="40.40349748916923999786376953125" lon="116.68459550477564334869384765625">
        <ele>87.40000152587890625</ele>
        <time>2026-08-27T13:58:37.000Z</time>
        <extensions>
          <ns3:TrackPointExtension>
            <ns3:hr>86</ns3:hr>
            <ns3:cad>94</ns3:cad>
          </ns3:TrackPointExtension>
        </extensions>
      </trkpt>
      <trkpt lat="40.40353260934352874755859375" lon="116.68459433130919933319091796875">
        <ele>87.59999847412109375</ele>
        <time>2026-08-27T13:58:38.000Z</time>
        <extensions>
          <ns3:TrackPointExtension>
            <ns3:hr>87</ns3:hr>
            <ns3:cad>94</ns3:cad>
          </ns3:TrackPointExtension>
        </extensions>
      </trkpt>
      <trkpt lat="40.40356052108108997344970703125" lon="116.6845880448818206787109375">
        <ele>87.59999847412109375</ele>
        <time>2026-08-27T13:58:39.000Z</time>
        <extensions>
          <ns3:TrackPointExtension>
            <ns3:hr>89</ns3:hr>
            <ns3:cad>94</ns3:cad>
          </ns3:TrackPointExtension>
        </extensions>
      </trkpt>
      <trkpt lat="40.40359522216022014617919921875" lon="116.684592068195343017578125">
        <ele>87.59999847412109375</ele>
        <time>2026-08-27T13:58:40.000Z</time>
        <extensions>
          <ns3:TrackPointExtension>
            <ns3:hr>90</ns3:hr>
            <ns3:cad>95</ns3:cad>
          </ns3:TrackPointExtension>
        </extensions>
      </trkpt>
      <trkpt lat="40.4036219604313373565673828125" lon="116.68458511121571063995361328125">
        <ele>87.59999847412109375</ele>
        <time>2026-08-27T13:58:41.000Z</time>
        <extensions>
          <ns3:TrackPointExtension>
            <ns3:hr>91</ns3:hr>
            <ns3:cad>95</ns3:cad>
          </ns3:TrackPointExtension>
        </extensions>
      </trkpt>
      <trkpt lat="40.4036578349769115447998046875" lon="116.68459064327180385589599609375">
        <ele>87.40000152587890625</ele>
        <time>2026-08-27T13:58:42.000Z</time>
        <extensions>
          <ns3:TrackPointExtension>
            <ns3:hr>92</ns3:hr>
            <ns3:cad>95</ns3:cad>
          </ns3:TrackPointExtension>
        </extensions>
      </trkpt>
      <trkpt lat="40.4036866687238216400146484375" lon="116.6845858655869960784912109375">
        <ele>87.40000152587890625</ele>
        <time>2026-08-27T13:58:43.000Z</time>
        <extensions>
          <ns3:TrackPointExtension>
            <ns3:hr>93</ns3:hr>
            <ns3:cad>95</ns3:cad>
          </ns3:TrackPointExtension>
        </extensions>
      </trkpt>
      <trkpt lat="40.4037171788513660430908203125" lon="116.68459349311888217926025390625">
        <ele>87.40000152587890625</ele>
        <time>2026-08-27T13:58:44.000Z</time>
        <extensions>
          <ns3:TrackPointExtension>
            <ns3:hr>94</ns3:hr>
            <ns3:cad>94</ns3:cad>
          </ns3:TrackPointExtension>
        </extensions>
      </trkpt>
      <trkpt lat="40.403750203549861907958984375" lon="116.6845932416617870330810546875">
        <ele>87.40000152587890625</ele>
        <time>2026-08-27T13:58:45.000Z</time>
        <extensions>
          <ns3:TrackPointExtension>
            <ns3:hr>95</ns3:hr>
            <ns3:cad>94</ns3:cad>
          </ns3:TrackPointExtension>
        </extensions>
      </trkpt>
      <trkpt lat="40.403779037296772003173828125" lon="116.68459315784275531768798828125">
        <ele>87.40000152587890625</ele>
        <time>2026-08-27T13:58:46.000Z</time>
        <extensions>
          <ns3:TrackPointExtension>
            <ns3:hr>96</ns3:hr>
            <ns3:cad>93</ns3:cad>
          </ns3:TrackPointExtension>
        </extensions>
      </trkpt>
      <trkpt lat="40.4038170911371707916259765625" lon="116.68459667824208736419677734375">
        <ele>87.40000152587890625</ele>
        <time>2026-08-27T13:58:47.000Z</time>
        <extensions>
          <ns3:TrackPointExtension>
            <ns3:hr>97</ns3:hr>
            <ns3:cad>93</ns3:cad>
          </ns3:TrackPointExtension>
        </extensions>
      </trkpt>
      <trkpt lat="40.40384734980762004852294921875" lon="116.68458963744342327117919921875">
        <ele>87.40000152587890625</ele>
        <time>2026-08-27T13:58:48.000Z</time>
        <extensions>
          <ns3:TrackPointExtension>
            <ns3:hr>98</ns3:hr>
            <ns3:cad>92</ns3:cad>
          </ns3:TrackPointExtension>
        </extensions>
      </trkpt>
      <trkpt lat="40.403883643448352813720703125" lon="116.68459550477564334869384765625">
        <ele>87.40000152587890625</ele>
        <time>2026-08-27T13:58:49.000Z</time>
        <extensions>
          <ns3:TrackPointExtension>
            <ns3:hr>99</ns3:hr>
            <ns3:cad>93</ns3:cad>
          </ns3:TrackPointExtension>
        </extensions>
      </trkpt>
      <trkpt lat="40.4039092920720577239990234375" lon="116.68459139764308929443359375">
        <ele>87.40000152587890625</ele>
        <time>2026-08-27T13:58:50.000Z</time>
        <extensions>
          <ns3:TrackPointExtension>
            <ns3:hr>100</ns3:hr>
            <ns3:cad>94</ns3:cad>
          </ns3:TrackPointExtension>
        </extensions>
      </trkpt>
      <trkpt lat="40.4039414785802364349365234375" lon="116.68459936045110225677490234375">
        <ele>87.59999847412109375</ele>
        <time>2026-08-27T13:58:51.000Z</time>
        <extensions>
          <ns3:TrackPointExtension>
            <ns3:hr>101</ns3:hr>
            <ns3:cad>94</ns3:cad>
          </ns3:TrackPointExtension>
        </extensions>
      </trkpt>
      <trkpt lat="40.403973497450351715087890625" lon="116.684595756232738494873046875">
        <ele>87.59999847412109375</ele>
        <time>2026-08-27T13:58:52.000Z</time>
        <extensions>
          <ns3:TrackPointExtension>
            <ns3:hr>102</ns3:hr>
            <ns3:cad>94</ns3:cad>
          </ns3:TrackPointExtension>
        </extensions>
      </trkpt>
      <trkpt lat="40.40400576777756214141845703125" lon="116.68459198437631130218505859375">
        <ele>87.59999847412109375</ele>
        <time>2026-08-27T13:58:53.000Z</time>
        <extensions>
          <ns3:TrackPointExtension>
            <ns3:hr>103</ns3:hr>
            <ns3:cad>94</ns3:cad>
          </ns3:TrackPointExtension>
        </extensions>
      </trkpt>
      <trkpt lat="40.40403963066637516021728515625" lon="116.68459164910018444061279296875">
        <ele>87.59999847412109375</ele>
        <time>2026-08-27T13:58:54.000Z</time>
        <extensions>
          <ns3:TrackPointExtension>
            <ns3:hr>103</ns3:hr>
            <ns3:cad>94</ns3:cad>
          </ns3:TrackPointExtension>
        </extensions>
      </trkpt>
      <trkpt lat="40.4040715657174587249755859375" lon="116.684586703777313232421875">
        <ele>87.59999847412109375</ele>
        <time>2026-08-27T13:58:55.000Z</time>
        <extensions>
          <ns3:TrackPointExtension>
            <ns3:hr>104</ns3:hr>
            <ns3:cad>93</ns3:cad>
          </ns3:TrackPointExtension>
        </extensions>
      </trkpt>
      <trkpt lat="40.40410802699625492095947265625" lon="116.6845925711095333099365234375">
        <ele>87.59999847412109375</ele>
        <time>2026-08-27T13:58:56.000Z</time>
        <extensions>
          <ns3:TrackPointExtension>
            <ns3:hr>105</ns3:hr>
            <ns3:cad>93</ns3:cad>
          </ns3:TrackPointExtension>
        </extensions>
      </trkpt>
      <trkpt lat="40.40413744747638702392578125" lon="116.68458242900669574737548828125">
        <ele>87.59999847412109375</ele>
        <time>2026-08-27T13:58:57.000Z</time>
        <extensions>
          <ns3:TrackPointExtension>
            <ns3:hr>105</ns3:hr>
            <ns3:cad>95</ns3:cad>
          </ns3:TrackPointExtension>
        </extensions>
      </trkpt>
      <trkpt lat="40.40417240001261234283447265625" lon="116.68457773514091968536376953125">
        <ele>87.40000152587890625</ele>
        <time>2026-08-27T13:58:58.000Z</time>
        <extensions>
          <ns3:TrackPointExtension>
            <ns3:hr>106</ns3:hr>
            <ns3:cad>95</ns3:cad>
          </ns3:TrackPointExtension>
        </extensions>
      </trkpt>
      <trkpt lat="40.40419955737888813018798828125" lon="116.68456097133457660675048828125">
        <ele>87.40000152587890625</ele>
        <time>2026-08-27T13:58:59.000Z</time>
        <extensions>
          <ns3:TrackPointExtension>
            <ns3:hr>107</ns3:hr>
            <ns3:cad>95</ns3:cad>
          </ns3:TrackPointExtension>
        </extensions>
      </trkpt>
      <trkpt lat="40.404230989515781402587890625" lon="116.68454647064208984375">
        <ele>87.59999847412109375</ele>
        <time>2026-08-27T13:59:00.000Z</time>
        <extensions>
          <ns3:TrackPointExtension>
            <ns3:hr>108</ns3:hr>
            <ns3:cad>95</ns3:cad>
          </ns3:TrackPointExtension>
        </extensions>
      </trkpt>
      <trkpt lat="40.40426091291010379791259765625" lon="116.6845258511602878570556640625">
        <ele>87.40000152587890625</ele>
        <time>2026-08-27T13:59:01.000Z</time>
        <extensions>
          <ns3:TrackPointExtension>
            <ns3:hr>109</ns3:hr>
            <ns3:cad>92</ns3:cad>
          </ns3:TrackPointExtension>
        </extensions>
      </trkpt>
      <trkpt lat="40.404284633696079254150390625" lon="116.68450565077364444732666015625">
        <ele>87.59999847412109375</ele>
        <time>2026-08-27T13:59:02.000Z</time>
        <extensions>
          <ns3:TrackPointExtension>
            <ns3:hr>109</ns3:hr>
            <ns3:cad>92</ns3:cad>
          </ns3:TrackPointExtension>
        </extensions>
      </trkpt>
      <trkpt lat="40.404316149652004241943359375" lon="116.684478409588336944580078125">
        <ele>87.59999847412109375</ele>
        <time>2026-08-27T13:59:03.000Z</time>
        <extensions>
          <ns3:TrackPointExtension>
            <ns3:hr>110</ns3:hr>
            <ns3:cad>92</ns3:cad>
          </ns3:TrackPointExtension>
        </extensions>
      </trkpt>
      <trkpt lat="40.40433484129607677459716796875" lon="116.68445192277431488037109375">
        <ele>87.59999847412109375</ele>
        <time>2026-08-27T13:59:04.000Z</time>
        <extensions>
          <ns3:TrackPointExtension>
            <ns3:hr>110</ns3:hr>
            <ns3:cad>93</ns3:cad>
          </ns3:TrackPointExtension>
        </extensions>
      </trkpt>
      <trkpt lat="40.4043602384626865386962890625" lon="116.6844244301319122314453125">
        <ele>87.59999847412109375</ele>
        <time>2026-08-27T13:59:05.000Z</time>
        <extensions>
          <ns3:TrackPointExtension>
            <ns3:hr>111</ns3:hr>
            <ns3:cad>93</ns3:cad>
          </ns3:TrackPointExtension>
        </extensions>
      </trkpt>
      <trkpt lat="40.4043749906122684478759765625" lon="116.6843893937766551971435546875">
        <ele>87.59999847412109375</ele>
        <time>2026-08-27T13:59:06.000Z</time>
        <extensions>
          <ns3:TrackPointExtension>
            <ns3:hr>112</ns3:hr>
            <ns3:cad>93</ns3:cad>
          </ns3:TrackPointExtension>
        </extensions>
      </trkpt>
      <trkpt lat="40.40439284406602382659912109375" lon="116.68435142375528812408447265625">
        <ele>87.59999847412109375</ele>
        <time>2026-08-27T13:59:07.000Z</time>
        <extensions>
          <ns3:TrackPointExtension>
            <ns3:hr>112</ns3:hr>
            <ns3:cad>95</ns3:cad>
          </ns3:TrackPointExtension>
        </extensions>
      </trkpt>
      <trkpt lat="40.4044055007398128509521484375" lon="116.6843106038868427276611328125">
        <ele>87.59999847412109375</ele>
        <time>2026-08-27T13:59:08.000Z</time>
        <extensions>
          <ns3:TrackPointExtension>
            <ns3:hr>113</ns3:hr>
            <ns3:cad>95</ns3:cad>
          </ns3:TrackPointExtension>
        </extensions>
      </trkpt>
      <trkpt lat="40.40441463701426982879638671875" lon="116.68426928110420703887939453125">
        <ele>87.59999847412109375</ele>
        <time>2026-08-27T13:59:09.000Z</time>
        <extensions>
          <ns3:TrackPointExtension>
            <ns3:hr>113</ns3:hr>
            <ns3:cad>94</ns3:cad>
          </ns3:TrackPointExtension>
        </extensions>
      </trkpt>
      <trkpt lat="40.40442687459290027618408203125" lon="116.6842237673699855804443359375">
        <ele>87.59999847412109375</ele>
        <time>2026-08-27T13:59:10.000Z</time>
        <extensions>
          <ns3:TrackPointExtension>
            <ns3:hr>114</ns3:hr>
            <ns3:cad>94</ns3:cad>
          </ns3:TrackPointExtension>
        </extensions>
      </trkpt>
      <trkpt lat="40.4044299758970737457275390625" lon="116.684185378253459930419921875">
        <ele>87.59999847412109375</ele>
        <time>2026-08-27T13:59:11.000Z</time>
        <extensions>
          <ns3:TrackPointExtension>
            <ns3:hr>114</ns3:hr>
            <ns3:cad>94</ns3:cad>
          </ns3:TrackPointExtension>
        </extensions>
      </trkpt>
      <trkpt lat="40.4044353403151035308837890625" lon="116.6841362603008747100830078125">
        <ele>87.59999847412109375</ele>
        <time>2026-08-27T13:59:12.000Z</time>
        <extensions>
          <ns3:TrackPointExtension>
            <ns3:hr>115</ns3:hr>
            <ns3:cad>93</ns3:cad>
          </ns3:TrackPointExtension>
        </extensions>
      </trkpt>
      <trkpt lat="40.40443123318254947662353515625" lon="116.68409912846982479095458984375">
        <ele>87.59999847412109375</ele>
        <time>2026-08-27T13:59:13.000Z</time>
        <extensions>
          <ns3:TrackPointExtension>
            <ns3:hr>115</ns3:hr>
            <ns3:cad>93</ns3:cad>
          </ns3:TrackPointExtension>
        </extensions>
      </trkpt>
      <trkpt lat="40.40443114936351776123046875" lon="116.6840569674968719482421875">
        <ele>87.59999847412109375</ele>
        <time>2026-08-27T13:59:14.000Z</time>
        <extensions>
          <ns3:TrackPointExtension>
            <ns3:hr>115</ns3:hr>
            <ns3:cad>94</ns3:cad>
          </ns3:TrackPointExtension>
        </extensions>
      </trkpt>
      <trkpt lat="40.40442536585032939910888671875" lon="116.684019081294536590576171875">
        <ele>87.59999847412109375</ele>
        <time>2026-08-27T13:59:15.000Z</time>
        <extensions>
          <ns3:TrackPointExtension>
            <ns3:hr>116</ns3:hr>
            <ns3:cad>95</ns3:cad>
          </ns3:TrackPointExtension>
        </extensions>
      </trkpt>
      <trkpt lat="40.40441748686134815216064453125" lon="116.683980859816074371337890625">
        <ele>87.40000152587890625</ele>
        <time>2026-08-27T13:59:16.000Z</time>
        <extensions>
          <ns3:TrackPointExtension>
            <ns3:hr>116</ns3:hr>
            <ns3:cad>95</ns3:cad>
          </ns3:TrackPointExtension>
        </extensions>
      </trkpt>
      <trkpt lat="40.404404662549495697021484375" lon="116.6839367710053920745849609375">
        <ele>87.40000152587890625</ele>
        <time>2026-08-27T13:59:17.000Z</time>
        <extensions>
          <ns3:TrackPointExtension>
            <ns3:hr>117</ns3:hr>
            <ns3:cad>94</ns3:cad>
          </ns3:TrackPointExtension>
        </extensions>
      </trkpt>
      <trkpt lat="40.40438965894281864166259765625" lon="116.68390383012592792510986328125">
        <ele>87.40000152587890625</ele>
        <time>2026-08-27T13:59:18.000Z</time>
        <extensions>
          <ns3:TrackPointExtension>
            <ns3:hr>117</ns3:hr>
            <ns3:cad>93</ns3:cad>
          </ns3:TrackPointExtension>
        </extensions>
      </trkpt>
      <trkpt lat="40.40436937473714351654052734375" lon="116.6838646866381168365478515625">
        <ele>87.40000152587890625</ele>
        <time>2026-08-27T13:59:19.000Z</time>
        <extensions>
          <ns3:TrackPointExtension>
            <ns3:hr>117</ns3:hr>
            <ns3:cad>93</ns3:cad>
          </ns3:TrackPointExtension>
        </extensions>
      </trkpt>
      <trkpt lat="40.40435160510241985321044921875" lon="116.68383325450122356414794921875">
        <ele>87.40000152587890625</ele>
        <time>2026-08-27T13:59:20.000Z</time>
        <extensions>
          <ns3:TrackPointExtension>
            <ns3:hr>118</ns3:hr>
            <ns3:cad>93</ns3:cad>
          </ns3:TrackPointExtension>
        </extensions>
      </trkpt>
      <trkpt lat="40.404330231249332427978515625" lon="116.68379905633628368377685546875">
        <ele>87.40000152587890625</ele>
        <time>2026-08-27T13:59:21.000Z</time>
        <extensions>
          <ns3:TrackPointExtension>
            <ns3:hr>118</ns3:hr>
            <ns3:cad>93</ns3:cad>
          </ns3:TrackPointExtension>
        </extensions>
      </trkpt>
      <trkpt lat="40.40430667810142040252685546875" lon="116.68377324007451534271240234375">
        <ele>87.40000152587890625</ele>
        <time>2026-08-27T13:59:22.000Z</time>
        <extensions>
          <ns3:TrackPointExtension>
            <ns3:hr>118</ns3:hr>
            <ns3:cad>95</ns3:cad>
          </ns3:TrackPointExtension>
        </extensions>
      </trkpt>
      <trkpt lat="40.4042821191251277923583984375" lon="116.68374926783144474029541015625">
        <ele>87.40000152587890625</ele>
        <time>2026-08-27T13:59:23.000Z</time>
        <extensions>
          <ns3:TrackPointExtension>
            <ns3:hr>118</ns3:hr>
            <ns3:cad>95</ns3:cad>
          </ns3:TrackPointExtension>
        </extensions>
      </trkpt>
      <trkpt lat="40.40425303392112255096435546875" lon="116.68372496031224727630615234375">
        <ele>87.40000152587890625</ele>
        <time>2026-08-27T13:59:24.000Z</time>
        <extensions>
          <ns3:TrackPointExtension>
            <ns3:hr>119</ns3:hr>
            <ns3:cad>95</ns3:cad>
          </ns3:TrackPointExtension>
        </extensions>
      </trkpt>
      <trkpt lat="40.40422805584967136383056640625" lon="116.6837118007242679595947265625">
        <ele>87.40000152587890625</ele>
        <time>2026-08-27T13:59:25.000Z</time>
        <extensions>
          <ns3:TrackPointExtension>
            <ns3:hr>119</ns3:hr>
            <ns3:cad>95</ns3:cad>
          </ns3:TrackPointExtension>
        </extensions>
      </trkpt>
      <trkpt lat="40.404193438589572906494140625" lon="116.6836947016417980194091796875">
        <ele>87.59999847412109375</ele>
        <time>2026-08-27T13:59:26.000Z</time>
        <extensions>
          <ns3:TrackPointExtension>
            <ns3:hr>119</ns3:hr>
            <ns3:cad>94</ns3:cad>
          </ns3:TrackPointExtension>
        </extensions>
      </trkpt>
      <trkpt lat="40.40416955016553401947021484375" lon="116.6836906783282756805419921875">
        <ele>87.40000152587890625</ele>
        <time>2026-08-27T13:59:27.000Z</time>
        <extensions>
          <ns3:TrackPointExtension>
            <ns3:hr>119</ns3:hr>
            <ns3:cad>92</ns3:cad>
          </ns3:TrackPointExtension>
        </extensions>
      </trkpt>
      <trkpt lat="40.4041319154202938079833984375" lon="116.683680117130279541015625">
        <ele>87.59999847412109375</ele>
        <time>2026-08-27T13:59:28.000Z</time>
        <extensions>
          <ns3:TrackPointExtension>
            <ns3:hr>120</ns3:hr>
            <ns3:cad>92</ns3:cad>
          </ns3:TrackPointExtension>
        </extensions>
      </trkpt>
      <trkpt lat="40.40410685352981090545654296875" lon="116.6836822964251041412353515625">
        <ele>87.59999847412109375</ele>
        <time>2026-08-27T13:59:29.000Z</time>
        <extensions>
          <ns3:TrackPointExtension>
            <ns3:hr>120</ns3:hr>
            <ns3:cad>93</ns3:cad>
          </ns3:TrackPointExtension>
        </extensions>
      </trkpt>
      <trkpt lat="40.40407198481261730194091796875" lon="116.68367248959839344024658203125">
        <ele>87.59999847412109375</ele>
        <time>2026-08-27T13:59:30.000Z</time>
        <extensions>
          <ns3:TrackPointExtension>
            <ns3:hr>120</ns3:hr>
            <ns3:cad>93</ns3:cad>
          </ns3:TrackPointExtension>
        </extensions>
      </trkpt>
      <trkpt lat="40.4040484316647052764892578125" lon="116.68367634527385234832763671875">
        <ele>87.59999847412109375</ele>
        <time>2026-08-27T13:59:31.000Z</time>
        <extensions>
          <ns3:TrackPointExtension>
            <ns3:hr>120</ns3:hr>
            <ns3:cad>94</ns3:cad>
          </ns3:TrackPointExtension>
        </extensions>
      </trkpt>
      <trkpt lat="40.40401465259492397308349609375" lon="116.683671735227108001708984375">
        <ele>87.59999847412109375</ele>
        <time>2026-08-27T13:59:32.000Z</time>
        <extensions>
          <ns3:TrackPointExtension>
            <ns3:hr>120</ns3:hr>
            <ns3:cad>94</ns3:cad>
          </ns3:TrackPointExtension>
        </extensions>
      </trkpt>
      <trkpt lat="40.403982214629650115966796875" lon="116.68366678990423679351806640625">
        <ele>87.59999847412109375</ele>
        <time>2026-08-27T13:59:33.000Z</time>
        <extensions>
          <ns3:TrackPointExtension>
            <ns3:hr>120</ns3:hr>
            <ns3:cad>94</ns3:cad>
          </ns3:TrackPointExtension>
        </extensions>
      </trkpt>
      <trkpt lat="40.40394835174083709716796875" lon="116.68366067111492156982421875">
        <ele>87.59999847412109375</ele>
        <time>2026-08-27T13:59:34.000Z</time>
        <extensions>
          <ns3:TrackPointExtension>
            <ns3:hr>120</ns3:hr>
            <ns3:cad>93</ns3:cad>
          </ns3:TrackPointExtension>
        </extensions>
      </trkpt>
      <trkpt lat="40.40391482412815093994140625" lon="116.68365798890590667724609375">
        <ele>87.40000152587890625</ele>
        <time>2026-08-27T13:59:35.000Z</time>
        <extensions>
          <ns3:TrackPointExtension>
            <ns3:hr>120</ns3:hr>
            <ns3:cad>91</ns3:cad>
          </ns3:TrackPointExtension>
        </extensions>
      </trkpt>
      <trkpt lat="40.4038834758102893829345703125" lon="116.68365606106817722320556640625">
        <ele>87.40000152587890625</ele>
        <time>2026-08-27T13:59:36.000Z</time>
        <extensions>
          <ns3:TrackPointExtension>
            <ns3:hr>120</ns3:hr>
            <ns3:cad>91</ns3:cad>
          </ns3:TrackPointExtension>
        </extensions>
      </trkpt>
      <trkpt lat="40.40384617634117603302001953125" lon="116.683652959764003753662109375">
        <ele>87.40000152587890625</ele>
        <time>2026-08-27T13:59:37.000Z</time>
        <extensions>
          <ns3:TrackPointExtension>
            <ns3:hr>121</ns3:hr>
            <ns3:cad>92</ns3:cad>
          </ns3:TrackPointExtension>
        </extensions>
      </trkpt>
      <trkpt lat="40.40381885133683681488037109375" lon="116.68365958146750926971435546875">
        <ele>87.59999847412109375</ele>
        <time>2026-08-27T13:59:38.000Z</time>
        <extensions>
          <ns3:TrackPointExtension>
            <ns3:hr>120</ns3:hr>
            <ns3:cad>94</ns3:cad>
          </ns3:TrackPointExtension>
        </extensions>
      </trkpt>
      <trkpt lat="40.403785742819309234619140625" lon="116.6836546361446380615234375">
        <ele>87.59999847412109375</ele>
        <time>2026-08-27T13:59:39.000Z</time>
        <extensions>
          <ns3:TrackPointExtension>
            <ns3:hr>121</ns3:hr>
            <ns3:cad>94</ns3:cad>
          </ns3:TrackPointExtension>
        </extensions>
      </trkpt>
      <trkpt lat="40.4037530533969402313232421875" lon="116.68365907855331897735595703125">
        <ele>87.59999847412109375</ele>
        <time>2026-08-27T13:59:40.000Z</time>
        <extensions>
          <ns3:TrackPointExtension>
            <ns3:hr>121</ns3:hr>
            <ns3:cad>94</ns3:cad>
          </ns3:TrackPointExtension>
        </extensions>
      </trkpt>
      <trkpt lat="40.40372162126004695892333984375" lon="116.68365807272493839263916015625">
        <ele>87.59999847412109375</ele>
        <time>2026-08-27T13:59:41.000Z</time>
        <extensions>
          <ns3:TrackPointExtension>
            <ns3:hr>121</ns3:hr>
            <ns3:cad>94</ns3:cad>
          </ns3:TrackPointExtension>
        </extensions>
      </trkpt>
      <trkpt lat="40.40368608199059963226318359375" lon="116.6836534626781940460205078125">
        <ele>87.59999847412109375</ele>
        <time>2026-08-27T13:59:42.000Z</time>
        <extensions>
          <ns3:TrackPointExtension>
            <ns3:hr>121</ns3:hr>
            <ns3:cad>93</ns3:cad>
          </ns3:TrackPointExtension>
        </extensions>
      </trkpt>
      <trkpt lat="40.403659008443355560302734375" lon="116.683655641973018646240234375">
        <ele>87.59999847412109375</ele>
        <time>2026-08-27T13:59:43.000Z</time>
        <extensions>
          <ns3:TrackPointExtension>
            <ns3:hr>121</ns3:hr>
            <ns3:cad>93</ns3:cad>
          </ns3:TrackPointExtension>
        </extensions>
      </trkpt>
      <trkpt lat="40.4036219604313373565673828125" lon="116.6836537979543209075927734375">
        <ele>87.8000030517578125</ele>
        <time>2026-08-27T13:59:44.000Z</time>
        <extensions>
          <ns3:TrackPointExtension>
            <ns3:hr>122</ns3:hr>
            <ns3:cad>93</ns3:cad>
          </ns3:TrackPointExtension>
        </extensions>
      </trkpt>
      <trkpt lat="40.4035936295986175537109375" lon="116.68365723453462123870849609375">
        <ele>87.8000030517578125</ele>
        <time>2026-08-27T13:59:45.000Z</time>
        <extensions>
          <ns3:TrackPointExtension>
            <ns3:hr>122</ns3:hr>
            <ns3:cad>93</ns3:cad>
          </ns3:TrackPointExtension>
        </extensions>
      </trkpt>
      <trkpt lat="40.40355943143367767333984375" lon="116.68364784680306911468505859375">
        <ele>87.8000030517578125</ele>
        <time>2026-08-27T13:59:46.000Z</time>
        <extensions>
          <ns3:TrackPointExtension>
            <ns3:hr>122</ns3:hr>
            <ns3:cad>96</ns3:cad>
          </ns3:TrackPointExtension>
        </extensions>
      </trkpt>
      <trkpt lat="40.4035260714590549468994140625" lon="116.6836430691182613372802734375">
        <ele>87.8000030517578125</ele>
        <time>2026-08-27T13:59:47.000Z</time>
        <extensions>
          <ns3:TrackPointExtension>
            <ns3:hr>122</ns3:hr>
            <ns3:cad>96</ns3:cad>
          </ns3:TrackPointExtension>
        </extensions>
      </trkpt>
      <trkpt lat="40.4034952260553836822509765625" lon="116.68363845907151699066162109375">
        <ele>87.59999847412109375</ele>
        <time>2026-08-27T13:59:48.000Z</time>
        <extensions>
          <ns3:TrackPointExtension>
            <ns3:hr>122</ns3:hr>
            <ns3:cad>95</ns3:cad>
          </ns3:TrackPointExtension>
        </extensions>
      </trkpt>
      <trkpt lat="40.4034573398530483245849609375" lon="116.68362982571125030517578125">
        <ele>87.59999847412109375</ele>
        <time>2026-08-27T13:59:49.000Z</time>
        <extensions>
          <ns3:TrackPointExtension>
            <ns3:hr>123</ns3:hr>
            <ns3:cad>94</ns3:cad>
          </ns3:TrackPointExtension>
        </extensions>
      </trkpt>
      <trkpt lat="40.403429009020328521728515625" lon="116.683631837368011474609375">
        <ele>87.59999847412109375</ele>
        <time>2026-08-27T13:59:50.000Z</time>
        <extensions>
          <ns3:TrackPointExtension>
            <ns3:hr>123</ns3:hr>
            <ns3:cad>94</ns3:cad>
          </ns3:TrackPointExtension>
        </extensions>
      </trkpt>
      <trkpt lat="40.40339321829378604888916015625" lon="116.68362622149288654327392578125">
        <ele>87.59999847412109375</ele>
        <time>2026-08-27T13:59:51.000Z</time>
        <extensions>
          <ns3:TrackPointExtension>
            <ns3:hr>123</ns3:hr>
            <ns3:cad>93</ns3:cad>
          </ns3:TrackPointExtension>
        </extensions>
      </trkpt>
      <trkpt lat="40.40336388163268566131591796875" lon="116.68362806551158428192138671875">
        <ele>87.59999847412109375</ele>
        <time>2026-08-27T13:59:52.000Z</time>
        <extensions>
          <ns3:TrackPointExtension>
            <ns3:hr>123</ns3:hr>
            <ns3:cad>93</ns3:cad>
          </ns3:TrackPointExtension>
        </extensions>
      </trkpt>
      <trkpt lat="40.40332834236323833465576171875" lon="116.68362638913094997406005859375">
        <ele>87.59999847412109375</ele>
        <time>2026-08-27T13:59:53.000Z</time>
        <extensions>
          <ns3:TrackPointExtension>
            <ns3:hr>123</ns3:hr>
            <ns3:cad>93</ns3:cad>
          </ns3:TrackPointExtension>
        </extensions>
      </trkpt>
      <trkpt lat="40.4032927192747592926025390625" lon="116.68362907133996486663818359375">
        <ele>87.59999847412109375</ele>
        <time>2026-08-27T13:59:54.000Z</time>
        <extensions>
          <ns3:TrackPointExtension>
            <ns3:hr>123</ns3:hr>
            <ns3:cad>96</ns3:cad>
          </ns3:TrackPointExtension>
        </extensions>
      </trkpt>
      <trkpt lat="40.40326179005205631256103515625" lon="116.6836403869092464447021484375">
        <ele>87.59999847412109375</ele>
        <time>2026-08-27T13:59:55.000Z</time>
        <extensions>
          <ns3:TrackPointExtension>
            <ns3:hr>123</ns3:hr>
            <ns3:cad>96</ns3:cad>
          </ns3:TrackPointExtension>
        </extensions>
      </trkpt>
      <trkpt lat="40.40322490967810153961181640625" lon="116.6836546361446380615234375">
        <ele>87.59999847412109375</ele>
        <time>2026-08-27T13:59:56.000Z</time>
        <extensions>
          <ns3:TrackPointExtension>
            <ns3:hr>124</ns3:hr>
            <ns3:cad>95</ns3:cad>
          </ns3:TrackPointExtension>
        </extensions>
      </trkpt>
      <trkpt lat="40.4032001830637454986572265625" lon="116.68367668054997920989990234375">
        <ele>87.59999847412109375</ele>
        <time>2026-08-27T13:59:57.000Z</time>
        <extensions>
          <ns3:TrackPointExtension>
            <ns3:hr>124</ns3:hr>
            <ns3:cad>95</ns3:cad>
          </ns3:TrackPointExtension>
        </extensions>
      </trkpt>
      <trkpt lat="40.4031663201749324798583984375" lon="116.68369947932660579681396484375">
        <ele>87.59999847412109375</ele>
        <time>2026-08-27T13:59:58.000Z</time>
        <extensions>
          <ns3:TrackPointExtension>
            <ns3:hr>124</ns3:hr>
            <ns3:cad>95</ns3:cad>
          </ns3:TrackPointExtension>
        </extensions>
      </trkpt>
      <trkpt lat="40.4031394980847835540771484375" lon="116.6837208531796932220458984375">
        <ele>87.59999847412109375</ele>
        <time>2026-08-27T13:59:59.000Z</time>
        <extensions>
          <ns3:TrackPointExtension>
            <ns3:hr>124</ns3:hr>
            <ns3:cad>93</ns3:cad>
          </ns3:TrackPointExtension>
        </extensions>
      </trkpt>
      <trkpt lat="40.4031086526811122894287109375" lon="116.68374507687985897064208984375">
        <ele>87.59999847412109375</ele>
        <time>2026-08-27T14:00:00.000Z</time>
        <extensions>
          <ns3:TrackPointExtension>
            <ns3:hr>124</ns3:hr>
            <ns3:cad>93</ns3:cad>
          </ns3:TrackPointExtension>
        </extensions>
      </trkpt>
      <trkpt lat="40.4030845127999782562255859375" lon="116.68377575464546680450439453125">
        <ele>87.59999847412109375</ele>
        <time>2026-08-27T14:00:01.000Z</time>
        <extensions>
          <ns3:TrackPointExtension>
            <ns3:hr>125</ns3:hr>
            <ns3:cad>93</ns3:cad>
          </ns3:TrackPointExtension>
        </extensions>
      </trkpt>
      <trkpt lat="40.40306347422301769256591796875" lon="116.68380877934396266937255859375">
        <ele>87.59999847412109375</ele>
        <time>2026-08-27T14:00:02.000Z</time>
        <extensions>
          <ns3:TrackPointExtension>
            <ns3:hr>125</ns3:hr>
            <ns3:cad>95</ns3:cad>
          </ns3:TrackPointExtension>
        </extensions>
      </trkpt>
      <trkpt lat="40.40303933434188365936279296875" lon="116.68384884484112262725830078125">
        <ele>87.59999847412109375</ele>
        <time>2026-08-27T14:00:03.000Z</time>
        <extensions>
          <ns3:TrackPointExtension>
            <ns3:hr>125</ns3:hr>
            <ns3:cad>95</ns3:cad>
          </ns3:TrackPointExtension>
        </extensions>
      </trkpt>
      <trkpt lat="40.40302223525941371917724609375" lon="116.68388572521507740020751953125">
        <ele>87.59999847412109375</ele>
        <time>2026-08-27T14:00:04.000Z</time>
        <extensions>
          <ns3:TrackPointExtension>
            <ns3:hr>126</ns3:hr>
            <ns3:cad>95</ns3:cad>
          </ns3:TrackPointExtension>
        </extensions>
      </trkpt>
      <trkpt lat="40.40300195105373859405517578125" lon="116.68392277322709560394287109375">
        <ele>87.59999847412109375</ele>
        <time>2026-08-27T14:00:05.000Z</time>
        <extensions>
          <ns3:TrackPointExtension>
            <ns3:hr>126</ns3:hr>
            <ns3:cad>94</ns3:cad>
          </ns3:TrackPointExtension>
        </extensions>
      </trkpt>
      <trkpt lat="40.40299088694155216217041015625" lon="116.6839615814387798309326171875">
        <ele>87.8000030517578125</ele>
        <time>2026-08-27T14:00:06.000Z</time>
        <extensions>
          <ns3:TrackPointExtension>
            <ns3:hr>126</ns3:hr>
            <ns3:cad>93</ns3:cad>
          </ns3:TrackPointExtension>
        </extensions>
      </trkpt>
      <trkpt lat="40.40297915227711200714111328125" lon="116.6840021498501300811767578125">
        <ele>87.8000030517578125</ele>
        <time>2026-08-27T14:00:07.000Z</time>
        <extensions>
          <ns3:TrackPointExtension>
            <ns3:hr>126</ns3:hr>
            <ns3:cad>93</ns3:cad>
          </ns3:TrackPointExtension>
        </extensions>
      </trkpt>
      <trkpt lat="40.4029701836407184600830078125" lon="116.6840504296123981475830078125">
        <ele>87.8000030517578125</ele>
        <time>2026-08-27T14:00:08.000Z</time>
        <extensions>
          <ns3:TrackPointExtension>
            <ns3:hr>126</ns3:hr>
            <ns3:cad>93</ns3:cad>
          </ns3:TrackPointExtension>
        </extensions>
      </trkpt>
      <trkpt lat="40.4029664956033229827880859375" lon="116.6840889863669872283935546875">
        <ele>87.8000030517578125</ele>
        <time>2026-08-27T14:00:09.000Z</time>
        <extensions>
          <ns3:TrackPointExtension>
            <ns3:hr>126</ns3:hr>
            <ns3:cad>95</ns3:cad>
          </ns3:TrackPointExtension>
        </extensions>
      </trkpt>
      <trkpt lat="40.402961634099483489990234375" lon="116.68413885869085788726806640625">
        <ele>87.59999847412109375</ele>
        <time>2026-08-27T14:00:10.000Z</time>
        <extensions>
          <ns3:TrackPointExtension>
            <ns3:hr>127</ns3:hr>
            <ns3:cad>95</ns3:cad>
          </ns3:TrackPointExtension>
        </extensions>
      </trkpt>
      <trkpt lat="40.4029688425362110137939453125" lon="116.68417708016932010650634765625">
        <ele>87.59999847412109375</ele>
        <time>2026-08-27T14:00:11.000Z</time>
        <extensions>
          <ns3:TrackPointExtension>
            <ns3:hr>127</ns3:hr>
            <ns3:cad>95</ns3:cad>
          </ns3:TrackPointExtension>
        </extensions>
      </trkpt>
      <trkpt lat="40.4029691778123378753662109375" lon="116.68422670103609561920166015625">
        <ele>87.40000152587890625</ele>
        <time>2026-08-27T14:00:12.000Z</time>
        <extensions>
          <ns3:TrackPointExtension>
            <ns3:hr>127</ns3:hr>
            <ns3:cad>95</ns3:cad>
          </ns3:TrackPointExtension>
        </extensions>
      </trkpt>
      <trkpt lat="40.40297647006809711456298828125" lon="116.6842715442180633544921875">
        <ele>87.40000152587890625</ele>
        <time>2026-08-27T14:00:13.000Z</time>
        <extensions>
          <ns3:TrackPointExtension>
            <ns3:hr>127</ns3:hr>
            <ns3:cad>95</ns3:cad>
          </ns3:TrackPointExtension>
        </extensions>
      </trkpt>
      <trkpt lat="40.40298216976225376129150390625" lon="116.684313118457794189453125">
        <ele>87.40000152587890625</ele>
        <time>2026-08-27T14:00:14.000Z</time>
        <extensions>
          <ns3:TrackPointExtension>
            <ns3:hr>127</ns3:hr>
            <ns3:cad>94</ns3:cad>
          </ns3:TrackPointExtension>
        </extensions>
      </trkpt>
      <trkpt lat="40.40299591608345508575439453125" lon="116.68435678817331790924072265625">
        <ele>87.40000152587890625</ele>
        <time>2026-08-27T14:00:15.000Z</time>
        <extensions>
          <ns3:TrackPointExtension>
            <ns3:hr>127</ns3:hr>
            <ns3:cad>93</ns3:cad>
          </ns3:TrackPointExtension>
        </extensions>
      </trkpt>
      <trkpt lat="40.40301435627043247222900390625" lon="116.6843867115676403045654296875">
        <ele>87.40000152587890625</ele>
        <time>2026-08-27T14:00:16.000Z</time>
        <extensions>
          <ns3:TrackPointExtension>
            <ns3:hr>127</ns3:hr>
            <ns3:cad>93</ns3:cad>
          </ns3:TrackPointExtension>
        </extensions>
      </trkpt>
      <trkpt lat="40.40303665213286876678466796875" lon="116.684427447617053985595703125">
        <ele>87.40000152587890625</ele>
        <time>2026-08-27T14:00:17.000Z</time>
        <extensions>
          <ns3:TrackPointExtension>
            <ns3:hr>128</ns3:hr>
            <ns3:cad>95</ns3:cad>
          </ns3:TrackPointExtension>
        </extensions>
      </trkpt>
      <trkpt lat="40.403055846691131591796875" lon="116.68445720337331295013427734375">
        <ele>87.40000152587890625</ele>
        <time>2026-08-27T14:00:18.000Z</time>
        <extensions>
          <ns3:TrackPointExtension>
            <ns3:hr>128</ns3:hr>
            <ns3:cad>95</ns3:cad>
          </ns3:TrackPointExtension>
        </extensions>
      </trkpt>
      <trkpt lat="40.4030828364193439483642578125" lon="116.6844888031482696533203125">
        <ele>87.40000152587890625</ele>
        <time>2026-08-27T14:00:19.000Z</time>
        <extensions>
          <ns3:TrackPointExtension>
            <ns3:hr>128</ns3:hr>
            <ns3:cad>94</ns3:cad>
          </ns3:TrackPointExtension>
        </extensions>
      </trkpt>
      <trkpt lat="40.40310974232852458953857421875" lon="116.684515960514545440673828125">
        <ele>87.40000152587890625</ele>
        <time>2026-08-27T14:00:20.000Z</time>
        <extensions>
          <ns3:TrackPointExtension>
            <ns3:hr>128</ns3:hr>
            <ns3:cad>94</ns3:cad>
          </ns3:TrackPointExtension>
        </extensions>
      </trkpt>
      <trkpt lat="40.4031364805996417999267578125" lon="116.6845399327576160430908203125">
        <ele>87.40000152587890625</ele>
        <time>2026-08-27T14:00:21.000Z</time>
        <extensions>
          <ns3:TrackPointExtension>
            <ns3:hr>128</ns3:hr>
            <ns3:cad>95</ns3:cad>
          </ns3:TrackPointExtension>
        </extensions>
      </trkpt>
      <trkpt lat="40.40316824801266193389892578125" lon="116.68456281535327434539794921875">
        <ele>87.59999847412109375</ele>
        <time>2026-08-27T14:00:22.000Z</time>
        <extensions>
          <ns3:TrackPointExtension>
            <ns3:hr>128</ns3:hr>
            <ns3:cad>95</ns3:cad>
          </ns3:TrackPointExtension>
        </extensions>
      </trkpt>
      <trkpt lat="40.4031958244740962982177734375" lon="116.68456968851387500762939453125">
        <ele>87.59999847412109375</ele>
        <time>2026-08-27T14:00:23.000Z</time>
        <extensions>
          <ns3:TrackPointExtension>
            <ns3:hr>128</ns3:hr>
            <ns3:cad>94</ns3:cad>
          </ns3:TrackPointExtension>
        </extensions>
      </trkpt>
      <trkpt lat="40.40323496796190738677978515625" lon="116.68457932770252227783203125">
        <ele>87.59999847412109375</ele>
        <time>2026-08-27T14:00:24.000Z</time>
        <extensions>
          <ns3:TrackPointExtension>
            <ns3:hr>129</ns3:hr>
            <ns3:cad>94</ns3:cad>
          </ns3:TrackPointExtension>
        </extensions>
      </trkpt>
      <trkpt lat="40.4032658971846103668212890625" lon="116.6845818422734737396240234375">
        <ele>87.8000030517578125</ele>
        <time>2026-08-27T14:00:25.000Z</time>
        <extensions>
          <ns3:TrackPointExtension>
            <ns3:hr>129</ns3:hr>
            <ns3:cad>95</ns3:cad>
          </ns3:TrackPointExtension>
        </extensions>
      </trkpt>
      <trkpt lat="40.40329850278794765472412109375" lon="116.684589050710201263427734375">
        <ele>87.8000030517578125</ele>
        <time>2026-08-27T14:00:26.000Z</time>
        <extensions>
          <ns3:TrackPointExtension>
            <ns3:hr>129</ns3:hr>
            <ns3:cad>95</ns3:cad>
          </ns3:TrackPointExtension>
        </extensions>
      </trkpt>
      <trkpt lat="40.40333052165806293487548828125" lon="116.68458544649183750152587890625">
        <ele>87.8000030517578125</ele>
        <time>2026-08-27T14:00:27.000Z</time>
        <extensions>
          <ns3:TrackPointExtension>
            <ns3:hr>129</ns3:hr>
            <ns3:cad>95</ns3:cad>
          </ns3:TrackPointExtension>
        </extensions>
      </trkpt>
      <trkpt lat="40.4033631272614002227783203125" lon="116.6845892183482646942138671875">
        <ele>87.8000030517578125</ele>
        <time>2026-08-27T14:00:28.000Z</time>
        <extensions>
          <ns3:TrackPointExtension>
            <ns3:hr>129</ns3:hr>
            <ns3:cad>95</ns3:cad>
          </ns3:TrackPointExtension>
        </extensions>
      </trkpt>
      <trkpt lat="40.40340260602533817291259765625" lon="116.68458846397697925567626953125">
        <ele>87.8000030517578125</ele>
        <time>2026-08-27T14:00:29.000Z</time>
        <extensions>
          <ns3:TrackPointExtension>
            <ns3:hr>129</ns3:hr>
            <ns3:cad>94</ns3:cad>
          </ns3:TrackPointExtension>
        </extensions>
      </trkpt>
      <trkpt lat="40.403433702886104583740234375" lon="116.68458066880702972412109375">
        <ele>87.59999847412109375</ele>
        <time>2026-08-27T14:00:30.000Z</time>
        <extensions>
          <ns3:TrackPointExtension>
            <ns3:hr>130</ns3:hr>
            <ns3:cad>94</ns3:cad>
          </ns3:TrackPointExtension>
        </extensions>
      </trkpt>
      <trkpt lat="40.40347401984035968780517578125" lon="116.6845835186541080474853515625">
        <ele>87.59999847412109375</ele>
        <time>2026-08-27T14:00:31.000Z</time>
        <extensions>
          <ns3:TrackPointExtension>
            <ns3:hr>130</ns3:hr>
            <ns3:cad>94</ns3:cad>
          </ns3:TrackPointExtension>
        </extensions>
      </trkpt>
      <trkpt lat="40.4035051167011260986328125" lon="116.6845744661986827850341796875">
        <ele>87.59999847412109375</ele>
        <time>2026-08-27T14:00:32.000Z</time>
        <extensions>
          <ns3:TrackPointExtension>
            <ns3:hr>130</ns3:hr>
            <ns3:cad>94</ns3:cad>
          </ns3:TrackPointExtension>
        </extensions>
      </trkpt>
      <trkpt lat="40.40354157797992229461669921875" lon="116.684578321874141693115234375">
        <ele>87.59999847412109375</ele>
        <time>2026-08-27T14:00:33.000Z</time>
        <extensions>
          <ns3:TrackPointExtension>
            <ns3:hr>131</ns3:hr>
            <ns3:cad>94</ns3:cad>
          </ns3:TrackPointExtension>
        </extensions>
      </trkpt>
      <trkpt lat="40.40357477031648159027099609375" lon="116.68457622639834880828857421875">
        <ele>87.59999847412109375</ele>
        <time>2026-08-27T14:00:34.000Z</time>
        <extensions>
          <ns3:TrackPointExtension>
            <ns3:hr>131</ns3:hr>
            <ns3:cad>95</ns3:cad>
          </ns3:TrackPointExtension>
        </extensions>
      </trkpt>
      <trkpt lat="40.40360528044402599334716796875" lon="116.68458008207380771636962890625">
        <ele>87.59999847412109375</ele>
        <time>2026-08-27T14:00:35.000Z</time>
        <extensions>
          <ns3:TrackPointExtension>
            <ns3:hr>132</ns3:hr>
            <ns3:cad>95</ns3:cad>
          </ns3:TrackPointExtension>
        </extensions>
      </trkpt>
      <trkpt lat="40.4036450944840908050537109375" lon="116.6845815069973468780517578125">
        <ele>87.59999847412109375</ele>
        <time>2026-08-27T14:00:36.000Z</time>
        <extensions>
          <ns3:TrackPointExtension>
            <ns3:hr>133</ns3:hr>
            <ns3:cad>95</ns3:cad>
          </ns3:TrackPointExtension>
        </extensions>
      </trkpt>
      <trkpt lat="40.40367267094552516937255859375" lon="116.68457773514091968536376953125">
        <ele>87.59999847412109375</ele>
        <time>2026-08-27T14:00:37.000Z</time>
        <extensions>
          <ns3:TrackPointExtension>
            <ns3:hr>134</ns3:hr>
            <ns3:cad>95</ns3:cad>
          </ns3:TrackPointExtension>
        </extensions>
      </trkpt>
      <trkpt lat="40.4037129878997802734375" lon="116.684584356844425201416015625">
        <ele>87.8000030517578125</ele>
        <time>2026-08-27T14:00:38.000Z</time>
        <extensions>
          <ns3:TrackPointExtension>
            <ns3:hr>134</ns3:hr>
            <ns3:cad>94</ns3:cad>
          </ns3:TrackPointExtension>
        </extensions>
      </trkpt>
      <trkpt lat="40.4037416540086269378662109375" lon="116.68457924388349056243896484375">
        <ele>87.59999847412109375</ele>
        <time>2026-08-27T14:00:39.000Z</time>
        <extensions>
          <ns3:TrackPointExtension>
            <ns3:hr>135</ns3:hr>
            <ns3:cad>94</ns3:cad>
          </ns3:TrackPointExtension>
        </extensions>
      </trkpt>
      <trkpt lat="40.4037768580019474029541015625" lon="116.68458276428282260894775390625">
        <ele>87.59999847412109375</ele>
        <time>2026-08-27T14:00:40.000Z</time>
        <extensions>
          <ns3:TrackPointExtension>
            <ns3:hr>135</ns3:hr>
            <ns3:cad>94</ns3:cad>
          </ns3:TrackPointExtension>
        </extensions>
      </trkpt>
      <trkpt lat="40.4038135707378387451171875" lon="116.68458024971187114715576171875">
        <ele>87.59999847412109375</ele>
        <time>2026-08-27T14:00:41.000Z</time>
        <extensions>
          <ns3:TrackPointExtension>
            <ns3:hr>135</ns3:hr>
            <ns3:cad>95</ns3:cad>
          </ns3:TrackPointExtension>
        </extensions>
      </trkpt>
      <trkpt lat="40.40384483523666858673095703125" lon="116.68457622639834880828857421875">
        <ele>87.40000152587890625</ele>
        <time>2026-08-27T14:00:42.000Z</time>
        <extensions>
          <ns3:TrackPointExtension>
            <ns3:hr>135</ns3:hr>
            <ns3:cad>96</ns3:cad>
          </ns3:TrackPointExtension>
        </extensions>
      </trkpt>
      <trkpt lat="40.4038844816386699676513671875" lon="116.68458008207380771636962890625">
        <ele>87.40000152587890625</ele>
        <time>2026-08-27T14:00:43.000Z</time>
        <extensions>
          <ns3:TrackPointExtension>
            <ns3:hr>135</ns3:hr>
            <ns3:cad>96</ns3:cad>
          </ns3:TrackPointExtension>
        </extensions>
      </trkpt>
      <trkpt lat="40.40391373448073863983154296875" lon="116.68457555584609508514404296875">
        <ele>87.40000152587890625</ele>
        <time>2026-08-27T14:00:44.000Z</time>
        <extensions>
          <ns3:TrackPointExtension>
            <ns3:hr>136</ns3:hr>
            <ns3:cad>95</ns3:cad>
          </ns3:TrackPointExtension>
        </extensions>
      </trkpt>
      <trkpt lat="40.40394960902631282806396484375" lon="116.68458075262606143951416015625">
        <ele>87.40000152587890625</ele>
        <time>2026-08-27T14:00:45.000Z</time>
        <extensions>
          <ns3:TrackPointExtension>
            <ns3:hr>136</ns3:hr>
            <ns3:cad>94</ns3:cad>
          </ns3:TrackPointExtension>
        </extensions>
      </trkpt>
      <trkpt lat="40.4039813764393329620361328125" lon="116.6845798306167125701904296875">
        <ele>87.40000152587890625</ele>
        <time>2026-08-27T14:00:46.000Z</time>
        <extensions>
          <ns3:TrackPointExtension>
            <ns3:hr>136</ns3:hr>
            <ns3:cad>94</ns3:cad>
          </ns3:TrackPointExtension>
        </extensions>
      </trkpt>
      <trkpt lat="40.40401113219559192657470703125" lon="116.68458242900669574737548828125">
        <ele>87.40000152587890625</ele>
        <time>2026-08-27T14:00:47.000Z</time>
        <extensions>
          <ns3:TrackPointExtension>
            <ns3:hr>136</ns3:hr>
            <ns3:cad>94</ns3:cad>
          </ns3:TrackPointExtension>
        </extensions>
      </trkpt>
      <trkpt lat="40.404048264026641845703125" lon="116.68458737432956695556640625">
        <ele>87.40000152587890625</ele>
        <time>2026-08-27T14:00:48.000Z</time>
        <extensions>
          <ns3:TrackPointExtension>
            <ns3:hr>135</ns3:hr>
            <ns3:cad>94</ns3:cad>
          </ns3:TrackPointExtension>
        </extensions>
      </trkpt>
      <trkpt lat="40.40407600812613964080810546875" lon="116.68457932770252227783203125">
        <ele>87.40000152587890625</ele>
        <time>2026-08-27T14:00:49.000Z</time>
        <extensions>
          <ns3:TrackPointExtension>
            <ns3:hr>136</ns3:hr>
            <ns3:cad>95</ns3:cad>
          </ns3:TrackPointExtension>
        </extensions>
      </trkpt>
      <trkpt lat="40.40411598980426788330078125" lon="116.68457991443574428558349609375">
        <ele>87.40000152587890625</ele>
        <time>2026-08-27T14:00:50.000Z</time>
        <extensions>
          <ns3:TrackPointExtension>
            <ns3:hr>136</ns3:hr>
            <ns3:cad>95</ns3:cad>
          </ns3:TrackPointExtension>
        </extensions>
      </trkpt>
      <trkpt lat="40.4041439853608608245849609375" lon="116.68456968851387500762939453125">
        <ele>87.40000152587890625</ele>
        <time>2026-08-27T14:00:51.000Z</time>
        <extensions>
          <ns3:TrackPointExtension>
            <ns3:hr>136</ns3:hr>
            <ns3:cad>96</ns3:cad>
          </ns3:TrackPointExtension>
        </extensions>
      </trkpt>
      <trkpt lat="40.404183380305767059326171875" lon="116.6845637373626232147216796875">
        <ele>87.40000152587890625</ele>
        <time>2026-08-27T14:00:52.000Z</time>
        <extensions>
          <ns3:TrackPointExtension>
            <ns3:hr>135</ns3:hr>
            <ns3:cad>96</ns3:cad>
          </ns3:TrackPointExtension>
        </extensions>
      </trkpt>
      <trkpt lat="40.40421523153781890869140625" lon="116.68454588390886783599853515625">
        <ele>87.40000152587890625</ele>
        <time>2026-08-27T14:00:53.000Z</time>
        <extensions>
          <ns3:TrackPointExtension>
            <ns3:hr>135</ns3:hr>
            <ns3:cad>95</ns3:cad>
          </ns3:TrackPointExtension>
        </extensions>
      </trkpt>
      <trkpt lat="40.40424473583698272705078125" lon="116.6845318861305713653564453125">
        <ele>87.40000152587890625</ele>
        <time>2026-08-27T14:00:54.000Z</time>
        <extensions>
          <ns3:TrackPointExtension>
            <ns3:hr>135</ns3:hr>
            <ns3:cad>95</ns3:cad>
          </ns3:TrackPointExtension>
        </extensions>
      </trkpt>
      <trkpt lat="40.4042811132967472076416015625" lon="116.68450799770653247833251953125">
        <ele>87.40000152587890625</ele>
        <time>2026-08-27T14:00:55.000Z</time>
        <extensions>
          <ns3:TrackPointExtension>
            <ns3:hr>135</ns3:hr>
            <ns3:cad>93</ns3:cad>
          </ns3:TrackPointExtension>
        </extensions>
      </trkpt>
      <trkpt lat="40.40430600754916667938232421875" lon="116.6844822652637958526611328125">
        <ele>87.40000152587890625</ele>
        <time>2026-08-27T14:00:56.000Z</time>
        <extensions>
          <ns3:TrackPointExtension>
            <ns3:hr>134</ns3:hr>
            <ns3:cad>93</ns3:cad>
          </ns3:TrackPointExtension>
        </extensions>
      </trkpt>
      <trkpt lat="40.4043404571712017059326171875" lon="116.6844510845839977264404296875">
        <ele>87.40000152587890625</ele>
        <time>2026-08-27T14:00:57.000Z</time>
        <extensions>
          <ns3:TrackPointExtension>
            <ns3:hr>134</ns3:hr>
            <ns3:cad>93</ns3:cad>
          </ns3:TrackPointExtension>
        </extensions>
      </trkpt>
      <trkpt lat="40.40435797534883022308349609375" lon="116.68442149646580219268798828125">
        <ele>87.40000152587890625</ele>
        <time>2026-08-27T14:00:58.000Z</time>
        <extensions>
          <ns3:TrackPointExtension>
            <ns3:hr>134</ns3:hr>
            <ns3:cad>95</ns3:cad>
          </ns3:TrackPointExtension>
        </extensions>
      </trkpt>
      <trkpt lat="40.4043821990489959716796875" lon="116.684387214481830596923828125">
        <ele>87.40000152587890625</ele>
        <time>2026-08-27T14:00:59.000Z</time>
        <extensions>
          <ns3:TrackPointExtension>
            <ns3:hr>133</ns3:hr>
            <ns3:cad>95</ns3:cad>
          </ns3:TrackPointExtension>
        </extensions>
      </trkpt>
      <trkpt lat="40.404398627579212188720703125" lon="116.68434672988951206207275390625">
        <ele>87.40000152587890625</ele>
        <time>2026-08-27T14:01:00.000Z</time>
        <extensions>
          <ns3:TrackPointExtension>
            <ns3:hr>133</ns3:hr>
            <ns3:cad>95</ns3:cad>
          </ns3:TrackPointExtension>
        </extensions>
      </trkpt>
      <trkpt lat="40.4044128768146038055419921875" lon="116.684306748211383819580078125">
        <ele>87.40000152587890625</ele>
        <time>2026-08-27T14:01:01.000Z</time>
        <extensions>
          <ns3:TrackPointExtension>
            <ns3:hr>133</ns3:hr>
            <ns3:cad>95</ns3:cad>
          </ns3:TrackPointExtension>
        </extensions>
      </trkpt>
      <trkpt lat="40.4044266231358051300048828125" lon="116.6842609830200672149658203125">
        <ele>87.40000152587890625</ele>
        <time>2026-08-27T14:01:02.000Z</time>
        <extensions>
          <ns3:TrackPointExtension>
            <ns3:hr>133</ns3:hr>
            <ns3:cad>94</ns3:cad>
          </ns3:TrackPointExtension>
        </extensions>
      </trkpt>
      <trkpt lat="40.40443005971610546112060546875" lon="116.68421966023743152618408203125">
        <ele>87.40000152587890625</ele>
        <time>2026-08-27T14:01:03.000Z</time>
        <extensions>
          <ns3:TrackPointExtension>
            <ns3:hr>133</ns3:hr>
            <ns3:cad>94</ns3:cad>
          </ns3:TrackPointExtension>
        </extensions>
      </trkpt>
      <trkpt lat="40.40443827398121356964111328125" lon="116.684169284999370574951171875">
        <ele>87.40000152587890625</ele>
        <time>2026-08-27T14:01:04.000Z</time>
        <extensions>
          <ns3:TrackPointExtension>
            <ns3:hr>133</ns3:hr>
            <ns3:cad>94</ns3:cad>
          </ns3:TrackPointExtension>
        </extensions>
      </trkpt>
      <trkpt lat="40.4044350050389766693115234375" lon="116.6841268725693225860595703125">
        <ele>87.40000152587890625</ele>
        <time>2026-08-27T14:01:05.000Z</time>
        <extensions>
          <ns3:TrackPointExtension>
            <ns3:hr>134</ns3:hr>
            <ns3:cad>94</ns3:cad>
          </ns3:TrackPointExtension>
        </extensions>
      </trkpt>
      <trkpt lat="40.4044373519718647003173828125" lon="116.68407834134995937347412109375">
        <ele>87.40000152587890625</ele>
        <time>2026-08-27T14:01:06.000Z</time>
        <extensions>
          <ns3:TrackPointExtension>
            <ns3:hr>133</ns3:hr>
            <ns3:cad>95</ns3:cad>
          </ns3:TrackPointExtension>
        </extensions>
      </trkpt>
      <trkpt lat="40.40443190373480319976806640625" lon="116.68403483927249908447265625">
        <ele>87.40000152587890625</ele>
        <time>2026-08-27T14:01:07.000Z</time>
        <extensions>
          <ns3:TrackPointExtension>
            <ns3:hr>133</ns3:hr>
            <ns3:cad>95</ns3:cad>
          </ns3:TrackPointExtension>
        </extensions>
      </trkpt>
      <trkpt lat="40.40442100726068019866943359375" lon="116.68399284593760967254638671875">
        <ele>87.40000152587890625</ele>
        <time>2026-08-27T14:01:08.000Z</time>
        <extensions>
          <ns3:TrackPointExtension>
            <ns3:hr>134</ns3:hr>
            <ns3:cad>94</ns3:cad>
          </ns3:TrackPointExtension>
        </extensions>
      </trkpt>
      <trkpt lat="40.40440893732011318206787109375" lon="116.68394540436565876007080078125">
        <ele>87.40000152587890625</ele>
        <time>2026-08-27T14:01:09.000Z</time>
        <extensions>
          <ns3:TrackPointExtension>
            <ns3:hr>133</ns3:hr>
            <ns3:cad>94</ns3:cad>
          </ns3:TrackPointExtension>
        </extensions>
      </trkpt>
      <trkpt lat="40.40439301170408725738525390625" lon="116.68391522951424121856689453125">
        <ele>87.40000152587890625</ele>
        <time>2026-08-27T14:01:10.000Z</time>
        <extensions>
          <ns3:TrackPointExtension>
            <ns3:hr>133</ns3:hr>
            <ns3:cad>94</ns3:cad>
          </ns3:TrackPointExtension>
        </extensions>
      </trkpt>
      <trkpt lat="40.40437574498355388641357421875" lon="116.683870889246463775634765625">
        <ele>87.59999847412109375</ele>
        <time>2026-08-27T14:01:11.000Z</time>
        <extensions>
          <ns3:TrackPointExtension>
            <ns3:hr>134</ns3:hr>
            <ns3:cad>94</ns3:cad>
          </ns3:TrackPointExtension>
        </extensions>
      </trkpt>
      <trkpt lat="40.40435546077787876129150390625" lon="116.68384373188018798828125">
        <ele>87.40000152587890625</ele>
        <time>2026-08-27T14:01:12.000Z</time>
        <extensions>
          <ns3:TrackPointExtension>
            <ns3:hr>134</ns3:hr>
            <ns3:cad>94</ns3:cad>
          </ns3:TrackPointExtension>
        </extensions>
      </trkpt>
      <trkpt lat="40.40433031506836414337158203125" lon="116.6838075220584869384765625">
        <ele>87.40000152587890625</ele>
        <time>2026-08-27T14:01:13.000Z</time>
        <extensions>
          <ns3:TrackPointExtension>
            <ns3:hr>134</ns3:hr>
            <ns3:cad>95</ns3:cad>
          </ns3:TrackPointExtension>
        </extensions>
      </trkpt>
      <trkpt lat="40.4043069295585155487060546875" lon="116.6837832145392894744873046875">
        <ele>87.59999847412109375</ele>
        <time>2026-08-27T14:01:14.000Z</time>
        <extensions>
          <ns3:TrackPointExtension>
            <ns3:hr>134</ns3:hr>
            <ns3:cad>95</ns3:cad>
          </ns3:TrackPointExtension>
        </extensions>
      </trkpt>
      <trkpt lat="40.4042817838490009307861328125" lon="116.68375052511692047119140625">
        <ele>87.59999847412109375</ele>
        <time>2026-08-27T14:01:15.000Z</time>
        <extensions>
          <ns3:TrackPointExtension>
            <ns3:hr>133</ns3:hr>
            <ns3:cad>95</ns3:cad>
          </ns3:TrackPointExtension>
        </extensions>
      </trkpt>
      <trkpt lat="40.40425152517855167388916015625" lon="116.68372571468353271484375">
        <ele>87.59999847412109375</ele>
        <time>2026-08-27T14:01:16.000Z</time>
        <extensions>
          <ns3:TrackPointExtension>
            <ns3:hr>134</ns3:hr>
            <ns3:cad>95</ns3:cad>
          </ns3:TrackPointExtension>
        </extensions>
      </trkpt>
      <trkpt lat="40.4042207635939121246337890625" lon="116.6837154887616634368896484375">
        <ele>87.59999847412109375</ele>
        <time>2026-08-27T14:01:17.000Z</time>
        <extensions>
          <ns3:TrackPointExtension>
            <ns3:hr>134</ns3:hr>
            <ns3:cad>94</ns3:cad>
          </ns3:TrackPointExtension>
        </extensions>
      </trkpt>
      <trkpt lat="40.40418832562863826751708984375" lon="116.6836975514888763427734375">
        <ele>87.8000030517578125</ele>
        <time>2026-08-27T14:01:18.000Z</time>
        <extensions>
          <ns3:TrackPointExtension>
            <ns3:hr>133</ns3:hr>
            <ns3:cad>93</ns3:cad>
          </ns3:TrackPointExtension>
        </extensions>
      </trkpt>
      <trkpt lat="40.40415831841528415679931640625" lon="116.6836896724998950958251953125">
        <ele>87.59999847412109375</ele>
        <time>2026-08-27T14:01:19.000Z</time>
        <extensions>
          <ns3:TrackPointExtension>
            <ns3:hr>134</ns3:hr>
            <ns3:cad>93</ns3:cad>
          </ns3:TrackPointExtension>
        </extensions>
      </trkpt>
      <trkpt lat="40.40412311442196369171142578125" lon="116.68367751874029636383056640625">
        <ele>87.59999847412109375</ele>
        <time>2026-08-27T14:01:20.000Z</time>
        <extensions>
          <ns3:TrackPointExtension>
            <ns3:hr>134</ns3:hr>
            <ns3:cad>93</ns3:cad>
          </ns3:TrackPointExtension>
        </extensions>
      </trkpt>
      <trkpt lat="40.40409176610410213470458984375" lon="116.6836734116077423095703125">
        <ele>87.59999847412109375</ele>
        <time>2026-08-27T14:01:21.000Z</time>
        <extensions>
          <ns3:TrackPointExtension>
            <ns3:hr>133</ns3:hr>
            <ns3:cad>93</ns3:cad>
          </ns3:TrackPointExtension>
        </extensions>
      </trkpt>
      <trkpt lat="40.40406058542430400848388671875" lon="116.68366611935198307037353515625">
        <ele>87.59999847412109375</ele>
        <time>2026-08-27T14:01:22.000Z</time>
        <extensions>
          <ns3:TrackPointExtension>
            <ns3:hr>134</ns3:hr>
            <ns3:cad>95</ns3:cad>
          </ns3:TrackPointExtension>
        </extensions>
      </trkpt>
      <trkpt lat="40.40402655489742755889892578125" lon="116.68366125784814357757568359375">
        <ele>87.59999847412109375</ele>
        <time>2026-08-27T14:01:23.000Z</time>
        <extensions>
          <ns3:TrackPointExtension>
            <ns3:hr>134</ns3:hr>
            <ns3:cad>95</ns3:cad>
          </ns3:TrackPointExtension>
        </extensions>
      </trkpt>
      <trkpt lat="40.40399705059826374053955078125" lon="116.6836635209619998931884765625">
        <ele>87.40000152587890625</ele>
        <time>2026-08-27T14:01:24.000Z</time>
        <extensions>
          <ns3:TrackPointExtension>
            <ns3:hr>134</ns3:hr>
            <ns3:cad>95</ns3:cad>
          </ns3:TrackPointExtension>
        </extensions>
      </trkpt>
      <trkpt lat="40.4039595834910869598388671875" lon="116.6836559772491455078125">
        <ele>87.40000152587890625</ele>
        <time>2026-08-27T14:01:25.000Z</time>
        <extensions>
          <ns3:TrackPointExtension>
            <ns3:hr>134</ns3:hr>
            <ns3:cad>95</ns3:cad>
          </ns3:TrackPointExtension>
        </extensions>
      </trkpt>
      <trkpt lat="40.40392848663032054901123046875" lon="116.6836588270962238311767578125">
        <ele>87.40000152587890625</ele>
        <time>2026-08-27T14:01:26.000Z</time>
        <extensions>
          <ns3:TrackPointExtension>
            <ns3:hr>134</ns3:hr>
            <ns3:cad>94</ns3:cad>
          </ns3:TrackPointExtension>
        </extensions>
      </trkpt>
      <trkpt lat="40.40388934314250946044921875" lon="116.68365505523979663848876953125">
        <ele>87.40000152587890625</ele>
        <time>2026-08-27T14:01:27.000Z</time>
        <extensions>
          <ns3:TrackPointExtension>
            <ns3:hr>134</ns3:hr>
            <ns3:cad>94</ns3:cad>
          </ns3:TrackPointExtension>
        </extensions>
      </trkpt>
      <trkpt lat="40.40385908447206020355224609375" lon="116.68365924619138240814208984375">
        <ele>87.40000152587890625</ele>
        <time>2026-08-27T14:01:28.000Z</time>
        <extensions>
          <ns3:TrackPointExtension>
            <ns3:hr>134</ns3:hr>
            <ns3:cad>94</ns3:cad>
          </ns3:TrackPointExtension>
        </extensions>
      </trkpt>
      <trkpt lat="40.4038231261074542999267578125" lon="116.68365438468754291534423828125">
        <ele>87.40000152587890625</ele>
        <time>2026-08-27T14:01:29.000Z</time>
        <extensions>
          <ns3:TrackPointExtension>
            <ns3:hr>134</ns3:hr>
            <ns3:cad>94</ns3:cad>
          </ns3:TrackPointExtension>
        </extensions>
      </trkpt>
      <trkpt lat="40.40378607809543609619140625" lon="116.68365069665014743804931640625">
        <ele>87.40000152587890625</ele>
        <time>2026-08-27T14:01:30.000Z</time>
        <extensions>
          <ns3:TrackPointExtension>
            <ns3:hr>135</ns3:hr>
            <ns3:cad>94</ns3:cad>
          </ns3:TrackPointExtension>
        </extensions>
      </trkpt>
      <trkpt lat="40.40375330485403537750244140625" lon="116.68364902026951313018798828125">
        <ele>87.40000152587890625</ele>
        <time>2026-08-27T14:01:31.000Z</time>
        <extensions>
          <ns3:TrackPointExtension>
            <ns3:hr>135</ns3:hr>
            <ns3:cad>94</ns3:cad>
          </ns3:TrackPointExtension>
        </extensions>
      </trkpt>
      <trkpt lat="40.4037116467952728271484375" lon="116.68364365585148334503173828125">
        <ele>87.40000152587890625</ele>
        <time>2026-08-27T14:01:32.000Z</time>
        <extensions>
          <ns3:TrackPointExtension>
            <ns3:hr>135</ns3:hr>
            <ns3:cad>94</ns3:cad>
          </ns3:TrackPointExtension>
        </extensions>
      </trkpt>
      <trkpt lat="40.40368155576288700103759765625" lon="116.68364801444113254547119140625">
        <ele>87.40000152587890625</ele>
        <time>2026-08-27T14:01:33.000Z</time>
        <extensions>
          <ns3:TrackPointExtension>
            <ns3:hr>135</ns3:hr>
            <ns3:cad>94</ns3:cad>
          </ns3:TrackPointExtension>
        </extensions>
      </trkpt>
      <trkpt lat="40.40364853106439113616943359375" lon="116.68364994227886199951171875">
        <ele>87.40000152587890625</ele>
        <time>2026-08-27T14:01:34.000Z</time>
        <extensions>
          <ns3:TrackPointExtension>
            <ns3:hr>134</ns3:hr>
            <ns3:cad>93</ns3:cad>
          </ns3:TrackPointExtension>
        </extensions>
      </trkpt>
      <trkpt lat="40.403614081442356109619140625" lon="116.6836454160511493682861328125">
        <ele>87.40000152587890625</ele>
        <time>2026-08-27T14:01:35.000Z</time>
        <extensions>
          <ns3:TrackPointExtension>
            <ns3:hr>135</ns3:hr>
            <ns3:cad>93</ns3:cad>
          </ns3:TrackPointExtension>
        </extensions>
      </trkpt>
      <trkpt lat="40.40357829071581363677978515625" lon="116.68364189565181732177734375">
        <ele>87.40000152587890625</ele>
        <time>2026-08-27T14:01:36.000Z</time>
        <extensions>
          <ns3:TrackPointExtension>
            <ns3:hr>135</ns3:hr>
            <ns3:cad>93</ns3:cad>
          </ns3:TrackPointExtension>
        </extensions>
      </trkpt>
      <trkpt lat="40.4035428352653980255126953125" lon="116.68364130891859531402587890625">
        <ele>87.1999969482421875</ele>
        <time>2026-08-27T14:01:37.000Z</time>
        <extensions>
          <ns3:TrackPointExtension>
            <ns3:hr>134</ns3:hr>
            <ns3:cad>93</ns3:cad>
          </ns3:TrackPointExtension>
        </extensions>
      </trkpt>
      <trkpt lat="40.40351274423301219940185546875" lon="116.683642566204071044921875">
        <ele>87.1999969482421875</ele>
        <time>2026-08-27T14:01:38.000Z</time>
        <extensions>
          <ns3:TrackPointExtension>
            <ns3:hr>135</ns3:hr>
            <ns3:cad>95</ns3:cad>
          </ns3:TrackPointExtension>
        </extensions>
      </trkpt>
      <trkpt lat="40.40347636677324771881103515625" lon="116.6836410574615001678466796875">
        <ele>87.1999969482421875</ele>
        <time>2026-08-27T14:01:39.000Z</time>
        <extensions>
          <ns3:TrackPointExtension>
            <ns3:hr>135</ns3:hr>
            <ns3:cad>95</ns3:cad>
          </ns3:TrackPointExtension>
        </extensions>
      </trkpt>
      <trkpt lat="40.40344820357859134674072265625" lon="116.683645583689212799072265625">
        <ele>87</ele>
        <time>2026-08-27T14:01:40.000Z</time>
        <extensions>
          <ns3:TrackPointExtension>
            <ns3:hr>134</ns3:hr>
            <ns3:cad>95</ns3:cad>
          </ns3:TrackPointExtension>
        </extensions>
      </trkpt>
      <trkpt lat="40.40340662933886051177978515625" lon="116.68363745324313640594482421875">
        <ele>87</ele>
        <time>2026-08-27T14:01:41.000Z</time>
        <extensions>
          <ns3:TrackPointExtension>
            <ns3:hr>135</ns3:hr>
            <ns3:cad>94</ns3:cad>
          </ns3:TrackPointExtension>
        </extensions>
      </trkpt>
      <trkpt lat="40.40337746031582355499267578125" lon="116.6836403869092464447021484375">
        <ele>87</ele>
        <time>2026-08-27T14:01:42.000Z</time>
        <extensions>
          <ns3:TrackPointExtension>
            <ns3:hr>135</ns3:hr>
            <ns3:cad>93</ns3:cad>
          </ns3:TrackPointExtension>
        </extensions>
      </trkpt>
      <trkpt lat="40.403339825570583343505859375" lon="116.6836363635957241058349609375">
        <ele>87</ele>
        <time>2026-08-27T14:01:43.000Z</time>
        <extensions>
          <ns3:TrackPointExtension>
            <ns3:hr>135</ns3:hr>
            <ns3:cad>93</ns3:cad>
          </ns3:TrackPointExtension>
        </extensions>
      </trkpt>
      <trkpt lat="40.403308980166912078857421875" lon="116.68363996781408786773681640625">
        <ele>87</ele>
        <time>2026-08-27T14:01:44.000Z</time>
        <extensions>
          <ns3:TrackPointExtension>
            <ns3:hr>134</ns3:hr>
            <ns3:cad>93</ns3:cad>
          </ns3:TrackPointExtension>
        </extensions>
      </trkpt>
      <trkpt lat="40.40327587164938449859619140625" lon="116.6836439073085784912109375">
        <ele>87</ele>
        <time>2026-08-27T14:01:45.000Z</time>
        <extensions>
          <ns3:TrackPointExtension>
            <ns3:hr>135</ns3:hr>
            <ns3:cad>93</ns3:cad>
          </ns3:TrackPointExtension>
        </extensions>
      </trkpt>
      <trkpt lat="40.40324418805539608001708984375" lon="116.6836548037827014923095703125">
        <ele>87</ele>
        <time>2026-08-27T14:01:46.000Z</time>
        <extensions>
          <ns3:TrackPointExtension>
            <ns3:hr>135</ns3:hr>
            <ns3:cad>94</ns3:cad>
          </ns3:TrackPointExtension>
        </extensions>
      </trkpt>
      <trkpt lat="40.4032156057655811309814453125" lon="116.683667711913585662841796875">
        <ele>87</ele>
        <time>2026-08-27T14:01:47.000Z</time>
        <extensions>
          <ns3:TrackPointExtension>
            <ns3:hr>134</ns3:hr>
            <ns3:cad>94</ns3:cad>
          </ns3:TrackPointExtension>
        </extensions>
      </trkpt>
      <trkpt lat="40.40317813865840435028076171875" lon="116.68368623591959476470947265625">
        <ele>87</ele>
        <time>2026-08-27T14:01:48.000Z</time>
        <extensions>
          <ns3:TrackPointExtension>
            <ns3:hr>135</ns3:hr>
            <ns3:cad>94</ns3:cad>
          </ns3:TrackPointExtension>
        </extensions>
      </trkpt>
      <trkpt lat="40.40314813144505023956298828125" lon="116.68370953761041164398193359375">
        <ele>87.1999969482421875</ele>
        <time>2026-08-27T14:01:49.000Z</time>
        <extensions>
          <ns3:TrackPointExtension>
            <ns3:hr>135</ns3:hr>
            <ns3:cad>93</ns3:cad>
          </ns3:TrackPointExtension>
        </extensions>
      </trkpt>
      <trkpt lat="40.40311753749847412109375" lon="116.683730743825435638427734375">
        <ele>87.1999969482421875</ele>
        <time>2026-08-27T14:01:50.000Z</time>
        <extensions>
          <ns3:TrackPointExtension>
            <ns3:hr>135</ns3:hr>
            <ns3:cad>93</ns3:cad>
          </ns3:TrackPointExtension>
        </extensions>
      </trkpt>
      <trkpt lat="40.4030962474644184112548828125" lon="116.683756895363330841064453125">
        <ele>87.1999969482421875</ele>
        <time>2026-08-27T14:01:51.000Z</time>
        <extensions>
          <ns3:TrackPointExtension>
            <ns3:hr>134</ns3:hr>
            <ns3:cad>93</ns3:cad>
          </ns3:TrackPointExtension>
        </extensions>
      </trkpt>
      <trkpt lat="40.40306850336492061614990234375" lon="116.68378539383411407470703125">
        <ele>87.1999969482421875</ele>
        <time>2026-08-27T14:01:52.000Z</time>
        <extensions>
          <ns3:TrackPointExtension>
            <ns3:hr>135</ns3:hr>
            <ns3:cad>93</ns3:cad>
          </ns3:TrackPointExtension>
        </extensions>
      </trkpt>
      <trkpt lat="40.40305123664438724517822265625" lon="116.68381615541875362396240234375">
        <ele>87.1999969482421875</ele>
        <time>2026-08-27T14:01:53.000Z</time>
        <extensions>
          <ns3:TrackPointExtension>
            <ns3:hr>135</ns3:hr>
            <ns3:cad>93</ns3:cad>
          </ns3:TrackPointExtension>
        </extensions>
      </trkpt>
      <trkpt lat="40.40303179062902927398681640625" lon="116.6838506050407886505126953125">
        <ele>87</ele>
        <time>2026-08-27T14:01:54.000Z</time>
        <extensions>
          <ns3:TrackPointExtension>
            <ns3:hr>135</ns3:hr>
            <ns3:cad>94</ns3:cad>
          </ns3:TrackPointExtension>
        </extensions>
      </trkpt>
      <trkpt lat="40.4030115902423858642578125" lon="116.68389159254729747772216796875">
        <ele>87</ele>
        <time>2026-08-27T14:01:55.000Z</time>
        <extensions>
          <ns3:TrackPointExtension>
            <ns3:hr>135</ns3:hr>
            <ns3:cad>94</ns3:cad>
          </ns3:TrackPointExtension>
        </extensions>
      </trkpt>
      <trkpt lat="40.40300278924405574798583984375" lon="116.6839287243783473968505859375">
        <ele>87</ele>
        <time>2026-08-27T14:01:56.000Z</time>
        <extensions>
          <ns3:TrackPointExtension>
            <ns3:hr>135</ns3:hr>
            <ns3:cad>94</ns3:cad>
          </ns3:TrackPointExtension>
        </extensions>
      </trkpt>
      <trkpt lat="40.402989797294139862060546875" lon="116.68397792614996433258056640625">
        <ele>87</ele>
        <time>2026-08-27T14:01:57.000Z</time>
        <extensions>
          <ns3:TrackPointExtension>
            <ns3:hr>135</ns3:hr>
            <ns3:cad>94</ns3:cad>
          </ns3:TrackPointExtension>
        </extensions>
      </trkpt>
      <trkpt lat="40.40298535488545894622802734375" lon="116.68401698581874370574951171875">
        <ele>87</ele>
        <time>2026-08-27T14:01:58.000Z</time>
        <extensions>
          <ns3:TrackPointExtension>
            <ns3:hr>135</ns3:hr>
            <ns3:cad>94</ns3:cad>
          </ns3:TrackPointExtension>
        </extensions>
      </trkpt>
      <trkpt lat="40.4029815830290317535400390625" lon="116.68406702578067779541015625">
        <ele>87</ele>
        <time>2026-08-27T14:01:59.000Z</time>
        <extensions>
          <ns3:TrackPointExtension>
            <ns3:hr>135</ns3:hr>
            <ns3:cad>92</ns3:cad>
          </ns3:TrackPointExtension>
        </extensions>
      </trkpt>
      <trkpt lat="40.40298619307577610015869140625" lon="116.684102900326251983642578125">
        <ele>87</ele>
        <time>2026-08-27T14:02:00.000Z</time>
        <extensions>
          <ns3:TrackPointExtension>
            <ns3:hr>135</ns3:hr>
            <ns3:cad>92</ns3:cad>
          </ns3:TrackPointExtension>
        </extensions>
      </trkpt>
      <trkpt lat="40.4029839299619197845458984375" lon="116.68415126390755176544189453125">
        <ele>87</ele>
        <time>2026-08-27T14:02:01.000Z</time>
        <extensions>
          <ns3:TrackPointExtension>
            <ns3:hr>135</ns3:hr>
            <ns3:cad>93</ns3:cad>
          </ns3:TrackPointExtension>
        </extensions>
      </trkpt>
      <trkpt lat="40.4029919765889644622802734375" lon="116.684187389910221099853515625">
        <ele>87</ele>
        <time>2026-08-27T14:02:02.000Z</time>
        <extensions>
          <ns3:TrackPointExtension>
            <ns3:hr>136</ns3:hr>
            <ns3:cad>93</ns3:cad>
          </ns3:TrackPointExtension>
        </extensions>
      </trkpt>
      <trkpt lat="40.402997843921184539794921875" lon="116.6842324845492839813232421875">
        <ele>87</ele>
        <time>2026-08-27T14:02:03.000Z</time>
        <extensions>
          <ns3:TrackPointExtension>
            <ns3:hr>135</ns3:hr>
            <ns3:cad>93</ns3:cad>
          </ns3:TrackPointExtension>
        </extensions>
      </trkpt>
      <trkpt lat="40.40301091969013214111328125" lon="116.6842727176845073699951171875">
        <ele>86.8000030517578125</ele>
        <time>2026-08-27T14:02:04.000Z</time>
        <extensions>
          <ns3:TrackPointExtension>
            <ns3:hr>135</ns3:hr>
            <ns3:cad>93</ns3:cad>
          </ns3:TrackPointExtension>
        </extensions>
      </trkpt>
      <trkpt lat="40.40302357636392116546630859375" lon="116.6843117773532867431640625">
        <ele>86.8000030517578125</ele>
        <time>2026-08-27T14:02:05.000Z</time>
        <extensions>
          <ns3:TrackPointExtension>
            <ns3:hr>135</ns3:hr>
            <ns3:cad>93</ns3:cad>
          </ns3:TrackPointExtension>
        </extensions>
      </trkpt>
      <trkpt lat="40.40304134599864482879638671875" lon="116.6843588836491107940673828125">
        <ele>86.8000030517578125</ele>
        <time>2026-08-27T14:02:06.000Z</time>
        <extensions>
          <ns3:TrackPointExtension>
            <ns3:hr>136</ns3:hr>
            <ns3:cad>93</ns3:cad>
          </ns3:TrackPointExtension>
        </extensions>
      </trkpt>
      <trkpt lat="40.40306230075657367706298828125" lon="116.684391237795352935791015625">
        <ele>86.8000030517578125</ele>
        <time>2026-08-27T14:02:07.000Z</time>
        <extensions>
          <ns3:TrackPointExtension>
            <ns3:hr>135</ns3:hr>
            <ns3:cad>93</ns3:cad>
          </ns3:TrackPointExtension>
        </extensions>
      </trkpt>
      <trkpt lat="40.40308677591383457183837890625" lon="116.684438176453113555908203125">
        <ele>86.8000030517578125</ele>
        <time>2026-08-27T14:02:08.000Z</time>
        <extensions>
          <ns3:TrackPointExtension>
            <ns3:hr>135</ns3:hr>
            <ns3:cad>93</ns3:cad>
          </ns3:TrackPointExtension>
        </extensions>
      </trkpt>
      <trkpt lat="40.40310856886208057403564453125" lon="116.68446072377264499664306640625">
        <ele>87</ele>
        <time>2026-08-27T14:02:09.000Z</time>
        <extensions>
          <ns3:TrackPointExtension>
            <ns3:hr>135</ns3:hr>
            <ns3:cad>93</ns3:cad>
          </ns3:TrackPointExtension>
        </extensions>
      </trkpt>
      <trkpt lat="40.403132624924182891845703125" lon="116.68449693359434604644775390625">
        <ele>86.8000030517578125</ele>
        <time>2026-08-27T14:02:10.000Z</time>
        <extensions>
          <ns3:TrackPointExtension>
            <ns3:hr>135</ns3:hr>
            <ns3:cad>94</ns3:cad>
          </ns3:TrackPointExtension>
        </extensions>
      </trkpt>
      <trkpt lat="40.40315684862434864044189453125" lon="116.6845161281526088714599609375">
        <ele>86.8000030517578125</ele>
        <time>2026-08-27T14:02:11.000Z</time>
        <extensions>
          <ns3:TrackPointExtension>
            <ns3:hr>136</ns3:hr>
            <ns3:cad>94</ns3:cad>
          </ns3:TrackPointExtension>
        </extensions>
      </trkpt>
      <trkpt lat="40.40318601764738559722900390625" lon="116.68453766964375972747802734375">
        <ele>86.8000030517578125</ele>
        <time>2026-08-27T14:02:12.000Z</time>
        <extensions>
          <ns3:TrackPointExtension>
            <ns3:hr>135</ns3:hr>
            <ns3:cad>94</ns3:cad>
          </ns3:TrackPointExtension>
        </extensions>
      </trkpt>
      <trkpt lat="40.40321988053619861602783203125" lon="116.68455384671688079833984375">
        <ele>86.8000030517578125</ele>
        <time>2026-08-27T14:02:13.000Z</time>
        <extensions>
          <ns3:TrackPointExtension>
            <ns3:hr>135</ns3:hr>
            <ns3:cad>94</ns3:cad>
          </ns3:TrackPointExtension>
        </extensions>
      </trkpt>
      <trkpt lat="40.40324829518795013427734375" lon="116.6845639050006866455078125">
        <ele>87</ele>
        <time>2026-08-27T14:02:14.000Z</time>
        <extensions>
          <ns3:TrackPointExtension>
            <ns3:hr>135</ns3:hr>
            <ns3:cad>93</ns3:cad>
          </ns3:TrackPointExtension>
        </extensions>
      </trkpt>
      <trkpt lat="40.4032843373715877532958984375" lon="116.68457622639834880828857421875">
        <ele>87</ele>
        <time>2026-08-27T14:02:15.000Z</time>
        <extensions>
          <ns3:TrackPointExtension>
            <ns3:hr>135</ns3:hr>
            <ns3:cad>93</ns3:cad>
          </ns3:TrackPointExtension>
        </extensions>
      </trkpt>
      <trkpt lat="40.40331342257559299468994140625" lon="116.68457186780869960784912109375">
        <ele>87</ele>
        <time>2026-08-27T14:02:16.000Z</time>
        <extensions>
          <ns3:TrackPointExtension>
            <ns3:hr>135</ns3:hr>
            <ns3:cad>93</ns3:cad>
          </ns3:TrackPointExtension>
        </extensions>
      </trkpt>
      <trkpt lat="40.40335080586373805999755859375" lon="116.68458108790218830108642578125">
        <ele>87</ele>
        <time>2026-08-27T14:02:17.000Z</time>
        <extensions>
          <ns3:TrackPointExtension>
            <ns3:hr>135</ns3:hr>
            <ns3:cad>93</ns3:cad>
          </ns3:TrackPointExtension>
        </extensions>
      </trkpt>
      <trkpt lat="40.4033798910677433013916015625" lon="116.68457170017063617706298828125">
        <ele>86.8000030517578125</ele>
        <time>2026-08-27T14:02:18.000Z</time>
        <extensions>
          <ns3:TrackPointExtension>
            <ns3:hr>135</ns3:hr>
            <ns3:cad>94</ns3:cad>
          </ns3:TrackPointExtension>
        </extensions>
      </trkpt>
      <trkpt lat="40.40341635234653949737548828125" lon="116.68457890860736370086669921875">
        <ele>86.8000030517578125</ele>
        <time>2026-08-27T14:02:19.000Z</time>
        <extensions>
          <ns3:TrackPointExtension>
            <ns3:hr>135</ns3:hr>
            <ns3:cad>94</ns3:cad>
          </ns3:TrackPointExtension>
        </extensions>
      </trkpt>
      <trkpt lat="40.40344652719795703887939453125" lon="116.68457119725644588470458984375">
        <ele>86.8000030517578125</ele>
        <time>2026-08-27T14:02:20.000Z</time>
        <extensions>
          <ns3:TrackPointExtension>
            <ns3:hr>135</ns3:hr>
            <ns3:cad>94</ns3:cad>
          </ns3:TrackPointExtension>
        </extensions>
      </trkpt>
      <trkpt lat="40.4034782946109771728515625" lon="116.6845768131315708160400390625">
        <ele>86.8000030517578125</ele>
        <time>2026-08-27T14:02:21.000Z</time>
        <extensions>
          <ns3:TrackPointExtension>
            <ns3:hr>135</ns3:hr>
            <ns3:cad>94</ns3:cad>
          </ns3:TrackPointExtension>
        </extensions>
      </trkpt>
      <trkpt lat="40.40351190604269504547119140625" lon="116.6845758073031902313232421875">
        <ele>86.8000030517578125</ele>
        <time>2026-08-27T14:02:22.000Z</time>
        <extensions>
          <ns3:TrackPointExtension>
            <ns3:hr>134</ns3:hr>
            <ns3:cad>94</ns3:cad>
          </ns3:TrackPointExtension>
        </extensions>
      </trkpt>
      <trkpt lat="40.40354308672249317169189453125" lon="116.6845778189599514007568359375">
        <ele>86.8000030517578125</ele>
        <time>2026-08-27T14:02:23.000Z</time>
        <extensions>
          <ns3:TrackPointExtension>
            <ns3:hr>135</ns3:hr>
            <ns3:cad>92</ns3:cad>
          </ns3:TrackPointExtension>
        </extensions>
      </trkpt>
      <trkpt lat="40.403579883277416229248046875" lon="116.68458024971187114715576171875">
        <ele>86.8000030517578125</ele>
        <time>2026-08-27T14:02:24.000Z</time>
        <extensions>
          <ns3:TrackPointExtension>
            <ns3:hr>135</ns3:hr>
            <ns3:cad>92</ns3:cad>
          </ns3:TrackPointExtension>
        </extensions>
      </trkpt>
      <trkpt lat="40.4036095552146434783935546875" lon="116.68457396328449249267578125">
        <ele>86.8000030517578125</ele>
        <time>2026-08-27T14:02:25.000Z</time>
        <extensions>
          <ns3:TrackPointExtension>
            <ns3:hr>134</ns3:hr>
            <ns3:cad>92</ns3:cad>
          </ns3:TrackPointExtension>
        </extensions>
      </trkpt>
      <trkpt lat="40.40364802815020084381103515625" lon="116.6845791600644588470458984375">
        <ele>86.8000030517578125</ele>
        <time>2026-08-27T14:02:26.000Z</time>
        <extensions>
          <ns3:TrackPointExtension>
            <ns3:hr>134</ns3:hr>
            <ns3:cad>92</ns3:cad>
          </ns3:TrackPointExtension>
        </extensions>
      </trkpt>
      <trkpt lat="40.40367744863033294677734375" lon="116.68457387946546077728271484375">
        <ele>86.8000030517578125</ele>
        <time>2026-08-27T14:02:27.000Z</time>
        <extensions>
          <ns3:TrackPointExtension>
            <ns3:hr>134</ns3:hr>
            <ns3:cad>94</ns3:cad>
          </ns3:TrackPointExtension>
        </extensions>
      </trkpt>
      <trkpt lat="40.40371608920395374298095703125" lon="116.6845788247883319854736328125">
        <ele>86.8000030517578125</ele>
        <time>2026-08-27T14:02:28.000Z</time>
        <extensions>
          <ns3:TrackPointExtension>
            <ns3:hr>134</ns3:hr>
            <ns3:cad>94</ns3:cad>
          </ns3:TrackPointExtension>
        </extensions>
      </trkpt>
      <trkpt lat="40.40374542586505413055419921875" lon="116.6845714487135410308837890625">
        <ele>86.8000030517578125</ele>
        <time>2026-08-27T14:02:29.000Z</time>
        <extensions>
          <ns3:TrackPointExtension>
            <ns3:hr>135</ns3:hr>
            <ns3:cad>94</ns3:cad>
          </ns3:TrackPointExtension>
        </extensions>
      </trkpt>
      <trkpt lat="40.40378130041062831878662109375" lon="116.68457790277898311614990234375">
        <ele>86.8000030517578125</ele>
        <time>2026-08-27T14:02:30.000Z</time>
        <extensions>
          <ns3:TrackPointExtension>
            <ns3:hr>134</ns3:hr>
            <ns3:cad>93</ns3:cad>
          </ns3:TrackPointExtension>
        </extensions>
      </trkpt>
      <trkpt lat="40.403816588222980499267578125" lon="116.6845773160457611083984375">
        <ele>86.8000030517578125</ele>
        <time>2026-08-27T14:02:31.000Z</time>
        <extensions>
          <ns3:TrackPointExtension>
            <ns3:hr>134</ns3:hr>
            <ns3:cad>93</ns3:cad>
          </ns3:TrackPointExtension>
        </extensions>
      </trkpt>
      <trkpt lat="40.40385137312114238739013671875" lon="116.6845758073031902313232421875">
        <ele>86.8000030517578125</ele>
        <time>2026-08-27T14:02:32.000Z</time>
        <extensions>
          <ns3:TrackPointExtension>
            <ns3:hr>135</ns3:hr>
            <ns3:cad>92</ns3:cad>
          </ns3:TrackPointExtension>
        </extensions>
      </trkpt>
      <trkpt lat="40.40388909168541431427001953125" lon="116.6845781542360782623291015625">
        <ele>86.8000030517578125</ele>
        <time>2026-08-27T14:02:33.000Z</time>
        <extensions>
          <ns3:TrackPointExtension>
            <ns3:hr>134</ns3:hr>
            <ns3:cad>92</ns3:cad>
          </ns3:TrackPointExtension>
        </extensions>
      </trkpt>
      <trkpt lat="40.40392295457422733306884765625" lon="116.68457739986479282379150390625">
        <ele>86.8000030517578125</ele>
        <time>2026-08-27T14:02:34.000Z</time>
        <extensions>
          <ns3:TrackPointExtension>
            <ns3:hr>134</ns3:hr>
            <ns3:cad>92</ns3:cad>
          </ns3:TrackPointExtension>
        </extensions>
      </trkpt>
      <trkpt lat="40.40395832620561122894287109375" lon="116.68458628468215465545654296875">
        <ele>86.59999847412109375</ele>
        <time>2026-08-27T14:02:35.000Z</time>
        <extensions>
          <ns3:TrackPointExtension>
            <ns3:hr>135</ns3:hr>
            <ns3:cad>94</ns3:cad>
          </ns3:TrackPointExtension>
        </extensions>
      </trkpt>
      <trkpt lat="40.40398581884801387786865234375" lon="116.68457572348415851593017578125">
        <ele>86.59999847412109375</ele>
        <time>2026-08-27T14:02:36.000Z</time>
        <extensions>
          <ns3:TrackPointExtension>
            <ns3:hr>134</ns3:hr>
            <ns3:cad>94</ns3:cad>
          </ns3:TrackPointExtension>
        </extensions>
      </trkpt>
      <trkpt lat="40.40402152575552463531494140625" lon="116.68458276428282260894775390625">
        <ele>86.59999847412109375</ele>
        <time>2026-08-27T14:02:37.000Z</time>
        <extensions>
          <ns3:TrackPointExtension>
            <ns3:hr>134</ns3:hr>
            <ns3:cad>94</ns3:cad>
          </ns3:TrackPointExtension>
        </extensions>
      </trkpt>
      <trkpt lat="40.4040480963885784149169921875" lon="116.68457396328449249267578125">
        <ele>86.59999847412109375</ele>
        <time>2026-08-27T14:02:38.000Z</time>
        <extensions>
          <ns3:TrackPointExtension>
            <ns3:hr>135</ns3:hr>
            <ns3:cad>93</ns3:cad>
          </ns3:TrackPointExtension>
        </extensions>
      </trkpt>
      <trkpt lat="40.40408380329608917236328125" lon="116.68458024971187114715576171875">
        <ele>86.59999847412109375</ele>
        <time>2026-08-27T14:02:39.000Z</time>
        <extensions>
          <ns3:TrackPointExtension>
            <ns3:hr>135</ns3:hr>
            <ns3:cad>92</ns3:cad>
          </ns3:TrackPointExtension>
        </extensions>
      </trkpt>
      <trkpt lat="40.40411272086203098297119140625" lon="116.6845707781612873077392578125">
        <ele>86.59999847412109375</ele>
        <time>2026-08-27T14:02:40.000Z</time>
        <extensions>
          <ns3:TrackPointExtension>
            <ns3:hr>135</ns3:hr>
            <ns3:cad>92</ns3:cad>
          </ns3:TrackPointExtension>
        </extensions>
      </trkpt>
      <trkpt lat="40.404149852693080902099609375" lon="116.6845721192657947540283203125">
        <ele>86.59999847412109375</ele>
        <time>2026-08-27T14:02:41.000Z</time>
        <extensions>
          <ns3:TrackPointExtension>
            <ns3:hr>135</ns3:hr>
            <ns3:cad>93</ns3:cad>
          </ns3:TrackPointExtension>
        </extensions>
      </trkpt>
      <trkpt lat="40.40418078191578388214111328125" lon="116.68455745093524456024169921875">
        <ele>86.59999847412109375</ele>
        <time>2026-08-27T14:02:42.000Z</time>
        <extensions>
          <ns3:TrackPointExtension>
            <ns3:hr>135</ns3:hr>
            <ns3:cad>94</ns3:cad>
          </ns3:TrackPointExtension>
        </extensions>
      </trkpt>
      <trkpt lat="40.4042157344520092010498046875" lon="116.68454839847981929779052734375">
        <ele>86.59999847412109375</ele>
        <time>2026-08-27T14:02:43.000Z</time>
        <extensions>
          <ns3:TrackPointExtension>
            <ns3:hr>135</ns3:hr>
            <ns3:cad>94</ns3:cad>
          </ns3:TrackPointExtension>
        </extensions>
      </trkpt>
      <trkpt lat="40.40425001643598079681396484375" lon="116.6845278628170490264892578125">
        <ele>86.59999847412109375</ele>
        <time>2026-08-27T14:02:44.000Z</time>
        <extensions>
          <ns3:TrackPointExtension>
            <ns3:hr>135</ns3:hr>
            <ns3:cad>94</ns3:cad>
          </ns3:TrackPointExtension>
        </extensions>
      </trkpt>
      <trkpt lat="40.40427566505968570709228515625" lon="116.68450799770653247833251953125">
        <ele>86.59999847412109375</ele>
        <time>2026-08-27T14:02:45.000Z</time>
        <extensions>
          <ns3:TrackPointExtension>
            <ns3:hr>134</ns3:hr>
            <ns3:cad>93</ns3:cad>
          </ns3:TrackPointExtension>
        </extensions>
      </trkpt>
      <trkpt lat="40.4043082706630229949951171875" lon="116.68448285199701786041259765625">
        <ele>86.59999847412109375</ele>
        <time>2026-08-27T14:02:46.000Z</time>
        <extensions>
          <ns3:TrackPointExtension>
            <ns3:hr>134</ns3:hr>
            <ns3:cad>93</ns3:cad>
          </ns3:TrackPointExtension>
        </extensions>
      </trkpt>
      <trkpt lat="40.40432813577353954315185546875" lon="116.68445435352623462677001953125">
        <ele>86.59999847412109375</ele>
        <time>2026-08-27T14:02:47.000Z</time>
        <extensions>
          <ns3:TrackPointExtension>
            <ns3:hr>134</ns3:hr>
            <ns3:cad>93</ns3:cad>
          </ns3:TrackPointExtension>
        </extensions>
      </trkpt>
      <trkpt lat="40.4043558798730373382568359375" lon="116.68441982008516788482666015625">
        <ele>86.40000152587890625</ele>
        <time>2026-08-27T14:02:48.000Z</time>
        <extensions>
          <ns3:TrackPointExtension>
            <ns3:hr>134</ns3:hr>
            <ns3:cad>93</ns3:cad>
          </ns3:TrackPointExtension>
        </extensions>
      </trkpt>
      <trkpt lat="40.40437121875584125518798828125" lon="116.68438729830086231231689453125">
        <ele>86.59999847412109375</ele>
        <time>2026-08-27T14:02:49.000Z</time>
        <extensions>
          <ns3:TrackPointExtension>
            <ns3:hr>134</ns3:hr>
            <ns3:cad>93</ns3:cad>
          </ns3:TrackPointExtension>
        </extensions>
      </trkpt>
      <trkpt lat="40.40439602918922901153564453125" lon="116.68434723280370235443115234375">
        <ele>86.59999847412109375</ele>
        <time>2026-08-27T14:02:50.000Z</time>
        <extensions>
          <ns3:TrackPointExtension>
            <ns3:hr>134</ns3:hr>
            <ns3:cad>93</ns3:cad>
          </ns3:TrackPointExtension>
        </extensions>
      </trkpt>
      <trkpt lat="40.4044024832546710968017578125" lon="116.6843112744390964508056640625">
        <ele>86.59999847412109375</ele>
        <time>2026-08-27T14:02:51.000Z</time>
        <extensions>
          <ns3:TrackPointExtension>
            <ns3:hr>134</ns3:hr>
            <ns3:cad>93</ns3:cad>
          </ns3:TrackPointExtension>
        </extensions>
      </trkpt>
      <trkpt lat="40.40441815741360187530517578125" lon="116.6842656768858432769775390625">
        <ele>86.40000152587890625</ele>
        <time>2026-08-27T14:02:52.000Z</time>
        <extensions>
          <ns3:TrackPointExtension>
            <ns3:hr>134</ns3:hr>
            <ns3:cad>93</ns3:cad>
          </ns3:TrackPointExtension>
        </extensions>
      </trkpt>
      <trkpt lat="40.40441866032779216766357421875" lon="116.68422854505479335784912109375">
        <ele>86.40000152587890625</ele>
        <time>2026-08-27T14:02:53.000Z</time>
        <extensions>
          <ns3:TrackPointExtension>
            <ns3:hr>134</ns3:hr>
            <ns3:cad>93</ns3:cad>
          </ns3:TrackPointExtension>
        </extensions>
      </trkpt>
      <trkpt lat="40.40442788042128086090087890625" lon="116.68418261222541332244873046875">
        <ele>86.1999969482421875</ele>
        <time>2026-08-27T14:02:54.000Z</time>
        <extensions>
          <ns3:TrackPointExtension>
            <ns3:hr>134</ns3:hr>
            <ns3:cad>92</ns3:cad>
          </ns3:TrackPointExtension>
        </extensions>
      </trkpt>
      <trkpt lat="40.40442578494548797607421875" lon="116.684143133461475372314453125">
        <ele>86.1999969482421875</ele>
        <time>2026-08-27T14:02:55.000Z</time>
        <extensions>
          <ns3:TrackPointExtension>
            <ns3:hr>134</ns3:hr>
            <ns3:cad>92</ns3:cad>
          </ns3:TrackPointExtension>
        </extensions>
      </trkpt>
      <trkpt lat="40.40442855097353458404541015625" lon="116.684095859527587890625">
        <ele>86.1999969482421875</ele>
        <time>2026-08-27T14:02:56.000Z</time>
        <extensions>
          <ns3:TrackPointExtension>
            <ns3:hr>135</ns3:hr>
            <ns3:cad>91</ns3:cad>
          </ns3:TrackPointExtension>
        </extensions>
      </trkpt>
      <trkpt lat="40.40442444384098052978515625" lon="116.68405336327850818634033203125">
        <ele>86.1999969482421875</ele>
        <time>2026-08-27T14:02:57.000Z</time>
        <extensions>
          <ns3:TrackPointExtension>
            <ns3:hr>135</ns3:hr>
            <ns3:cad>91</ns3:cad>
          </ns3:TrackPointExtension>
        </extensions>
      </trkpt>
      <trkpt lat="40.40441765449941158294677734375" lon="116.68400927446782588958740234375">
        <ele>86.1999969482421875</ele>
        <time>2026-08-27T14:02:58.000Z</time>
        <extensions>
          <ns3:TrackPointExtension>
            <ns3:hr>135</ns3:hr>
            <ns3:cad>92</ns3:cad>
          </ns3:TrackPointExtension>
        </extensions>
      </trkpt>
      <trkpt lat="40.4044051654636859893798828125" lon="116.6839689575135707855224609375">
        <ele>86.1999969482421875</ele>
        <time>2026-08-27T14:02:59.000Z</time>
        <extensions>
          <ns3:TrackPointExtension>
            <ns3:hr>136</ns3:hr>
            <ns3:cad>92</ns3:cad>
          </ns3:TrackPointExtension>
        </extensions>
      </trkpt>
      <trkpt lat="40.404393263161182403564453125" lon="116.68392813764512538909912109375">
        <ele>86.1999969482421875</ele>
        <time>2026-08-27T14:03:00.000Z</time>
        <extensions>
          <ns3:TrackPointExtension>
            <ns3:hr>137</ns3:hr>
            <ns3:cad>94</ns3:cad>
          </ns3:TrackPointExtension>
        </extensions>
      </trkpt>
      <trkpt lat="40.4043759964406490325927734375" lon="116.6838881559669971466064453125">
        <ele>86.1999969482421875</ele>
        <time>2026-08-27T14:03:01.000Z</time>
        <extensions>
          <ns3:TrackPointExtension>
            <ns3:hr>139</ns3:hr>
            <ns3:cad>94</ns3:cad>
          </ns3:TrackPointExtension>
        </extensions>
      </trkpt>
      <trkpt lat="40.4043572209775447845458984375" lon="116.68385387398302555084228515625">
        <ele>86</ele>
        <time>2026-08-27T14:03:02.000Z</time>
        <extensions>
          <ns3:TrackPointExtension>
            <ns3:hr>141</ns3:hr>
            <ns3:cad>94</ns3:cad>
          </ns3:TrackPointExtension>
        </extensions>
      </trkpt>
      <trkpt lat="40.4043330810964107513427734375" lon="116.6838194243609905242919921875">
        <ele>86</ele>
        <time>2026-08-27T14:03:03.000Z</time>
        <extensions>
          <ns3:TrackPointExtension>
            <ns3:hr>144</ns3:hr>
            <ns3:cad>91</ns3:cad>
          </ns3:TrackPointExtension>
        </extensions>
      </trkpt>
      <trkpt lat="40.40430835448205471038818359375" lon="116.68379520066082477569580078125">
        <ele>86</ele>
        <time>2026-08-27T14:03:04.000Z</time>
        <extensions>
          <ns3:TrackPointExtension>
            <ns3:hr>147</ns3:hr>
            <ns3:cad>91</ns3:cad>
          </ns3:TrackPointExtension>
        </extensions>
      </trkpt>
      <trkpt lat="40.4042775928974151611328125" lon="116.68376485817134380340576171875">
        <ele>86</ele>
        <time>2026-08-27T14:03:05.000Z</time>
        <extensions>
          <ns3:TrackPointExtension>
            <ns3:hr>151</ns3:hr>
            <ns3:cad>91</ns3:cad>
          </ns3:TrackPointExtension>
        </extensions>
      </trkpt>
      <trkpt lat="40.40425487793982028961181640625" lon="116.683750189840793609619140625">
        <ele>86</ele>
        <time>2026-08-27T14:03:06.000Z</time>
        <extensions>
          <ns3:TrackPointExtension>
            <ns3:hr>154</ns3:hr>
            <ns3:cad>93</ns3:cad>
          </ns3:TrackPointExtension>
        </extensions>
      </trkpt>
      <trkpt lat="40.404224283993244171142578125" lon="116.68372504413127899169921875">
        <ele>85.8000030517578125</ele>
        <time>2026-08-27T14:03:07.000Z</time>
        <extensions>
          <ns3:TrackPointExtension>
            <ns3:hr>157</ns3:hr>
            <ns3:cad>93</ns3:cad>
          </ns3:TrackPointExtension>
        </extensions>
      </trkpt>
      <trkpt lat="40.4041998088359832763671875" lon="116.68371557258069515228271484375">
        <ele>85.8000030517578125</ele>
        <time>2026-08-27T14:03:08.000Z</time>
        <extensions>
          <ns3:TrackPointExtension>
            <ns3:hr>162</ns3:hr>
            <ns3:cad>93</ns3:cad>
          </ns3:TrackPointExtension>
        </extensions>
      </trkpt>
      <trkpt lat="40.40416502393782138824462890625" lon="116.6836967132985591888427734375">
        <ele>85.8000030517578125</ele>
        <time>2026-08-27T14:03:09.000Z</time>
        <extensions>
          <ns3:TrackPointExtension>
            <ns3:hr>165</ns3:hr>
            <ns3:cad>93</ns3:cad>
          </ns3:TrackPointExtension>
        </extensions>
      </trkpt>
      <trkpt lat="40.40413803420960903167724609375" lon="116.6836960427463054656982421875">
        <ele>85.8000030517578125</ele>
        <time>2026-08-27T14:03:10.000Z</time>
        <extensions>
          <ns3:TrackPointExtension>
            <ns3:hr>169</ns3:hr>
            <ns3:cad>93</ns3:cad>
          </ns3:TrackPointExtension>
        </extensions>
      </trkpt>
      <trkpt lat="40.40410467423498630523681640625" lon="116.68368254788219928741455078125">
        <ele>85.8000030517578125</ele>
        <time>2026-08-27T14:03:11.000Z</time>
        <extensions>
          <ns3:TrackPointExtension>
            <ns3:hr>170</ns3:hr>
            <ns3:cad>92</ns3:cad>
          </ns3:TrackPointExtension>
        </extensions>
      </trkpt>
      <trkpt lat="40.40407533757388591766357421875" lon="116.68368137441575527191162109375">
        <ele>85.8000030517578125</ele>
        <time>2026-08-27T14:03:12.000Z</time>
        <extensions>
          <ns3:TrackPointExtension>
            <ns3:hr>170</ns3:hr>
            <ns3:cad>90</ns3:cad>
          </ns3:TrackPointExtension>
        </extensions>
      </trkpt>
      <trkpt lat="40.40403979830443859100341796875" lon="116.68367299251258373260498046875">
        <ele>85.8000030517578125</ele>
        <time>2026-08-27T14:03:13.000Z</time>
        <extensions>
          <ns3:TrackPointExtension>
            <ns3:hr>170</ns3:hr>
            <ns3:cad>90</ns3:cad>
          </ns3:TrackPointExtension>
        </extensions>
      </trkpt>
      <trkpt lat="40.40400828234851360321044921875" lon="116.68367282487452030181884765625">
        <ele>85.8000030517578125</ele>
        <time>2026-08-27T14:03:14.000Z</time>
        <extensions>
          <ns3:TrackPointExtension>
            <ns3:hr>172</ns3:hr>
            <ns3:cad>92</ns3:cad>
          </ns3:TrackPointExtension>
        </extensions>
      </trkpt>
      <trkpt lat="40.40397542528808116912841796875" lon="116.683668382465839385986328125">
        <ele>86</ele>
        <time>2026-08-27T14:03:15.000Z</time>
        <extensions>
          <ns3:TrackPointExtension>
            <ns3:hr>173</ns3:hr>
            <ns3:cad>93</ns3:cad>
          </ns3:TrackPointExtension>
        </extensions>
      </trkpt>
      <trkpt lat="40.40394105948507785797119140625" lon="116.68366561643779277801513671875">
        <ele>85.8000030517578125</ele>
        <time>2026-08-27T14:03:16.000Z</time>
        <extensions>
          <ns3:TrackPointExtension>
            <ns3:hr>174</ns3:hr>
            <ns3:cad>93</ns3:cad>
          </ns3:TrackPointExtension>
        </extensions>
      </trkpt>
      <trkpt lat="40.40390811860561370849609375" lon="116.6836655326187610626220703125">
        <ele>85.59999847412109375</ele>
        <time>2026-08-27T14:03:17.000Z</time>
        <extensions>
          <ns3:TrackPointExtension>
            <ns3:hr>174</ns3:hr>
            <ns3:cad>93</ns3:cad>
          </ns3:TrackPointExtension>
        </extensions>
      </trkpt>
      <trkpt lat="40.4038704000413417816162109375" lon="116.68366159312427043914794921875">
        <ele>85.59999847412109375</ele>
        <time>2026-08-27T14:03:18.000Z</time>
        <extensions>
          <ns3:TrackPointExtension>
            <ns3:hr>173</ns3:hr>
            <ns3:cad>93</ns3:cad>
          </ns3:TrackPointExtension>
        </extensions>
      </trkpt>
      <trkpt lat="40.40384240448474884033203125" lon="116.6836631856858730316162109375">
        <ele>85.59999847412109375</ele>
        <time>2026-08-27T14:03:19.000Z</time>
        <extensions>
          <ns3:TrackPointExtension>
            <ns3:hr>173</ns3:hr>
            <ns3:cad>92</ns3:cad>
          </ns3:TrackPointExtension>
        </extensions>
      </trkpt>
      <trkpt lat="40.4038066975772380828857421875" lon="116.6836559772491455078125">
        <ele>85.40000152587890625</ele>
        <time>2026-08-27T14:03:20.000Z</time>
        <extensions>
          <ns3:TrackPointExtension>
            <ns3:hr>175</ns3:hr>
            <ns3:cad>91</ns3:cad>
          </ns3:TrackPointExtension>
        </extensions>
      </trkpt>
      <trkpt lat="40.40377937257289886474609375" lon="116.68366335332393646240234375">
        <ele>85.59999847412109375</ele>
        <time>2026-08-27T14:03:21.000Z</time>
        <extensions>
          <ns3:TrackPointExtension>
            <ns3:hr>176</ns3:hr>
            <ns3:cad>91</ns3:cad>
          </ns3:TrackPointExtension>
        </extensions>
      </trkpt>
      <trkpt lat="40.40374190546572208404541015625" lon="116.68365933001041412353515625">
        <ele>85.59999847412109375</ele>
        <time>2026-08-27T14:03:22.000Z</time>
        <extensions>
          <ns3:TrackPointExtension>
            <ns3:hr>176</ns3:hr>
            <ns3:cad>91</ns3:cad>
          </ns3:TrackPointExtension>
        </extensions>
      </trkpt>
      <trkpt lat="40.40371659211814403533935546875" lon="116.68366243131458759307861328125">
        <ele>85.59999847412109375</ele>
        <time>2026-08-27T14:03:23.000Z</time>
        <extensions>
          <ns3:TrackPointExtension>
            <ns3:hr>175</ns3:hr>
            <ns3:cad>93</ns3:cad>
          </ns3:TrackPointExtension>
        </extensions>
      </trkpt>
      <trkpt lat="40.4036796279251575469970703125" lon="116.6836559772491455078125">
        <ele>85.40000152587890625</ele>
        <time>2026-08-27T14:03:24.000Z</time>
        <extensions>
          <ns3:TrackPointExtension>
            <ns3:hr>173</ns3:hr>
            <ns3:cad>94</ns3:cad>
          </ns3:TrackPointExtension>
        </extensions>
      </trkpt>
      <trkpt lat="40.40364920161664485931396484375" lon="116.6836568154394626617431640625">
        <ele>85.40000152587890625</ele>
        <time>2026-08-27T14:03:25.000Z</time>
        <extensions>
          <ns3:TrackPointExtension>
            <ns3:hr>174</ns3:hr>
            <ns3:cad>94</ns3:cad>
          </ns3:TrackPointExtension>
        </extensions>
      </trkpt>
      <trkpt lat="40.4036129079759120941162109375" lon="116.68365530669689178466796875">
        <ele>85.40000152587890625</ele>
        <time>2026-08-27T14:03:26.000Z</time>
        <extensions>
          <ns3:TrackPointExtension>
            <ns3:hr>176</ns3:hr>
            <ns3:cad>92</ns3:cad>
          </ns3:TrackPointExtension>
        </extensions>
      </trkpt>
      <trkpt lat="40.403576530516147613525390625" lon="116.68365220539271831512451171875">
        <ele>85.40000152587890625</ele>
        <time>2026-08-27T14:03:27.000Z</time>
        <extensions>
          <ns3:TrackPointExtension>
            <ns3:hr>175</ns3:hr>
            <ns3:cad>92</ns3:cad>
          </ns3:TrackPointExtension>
        </extensions>
      </trkpt>
      <trkpt lat="40.40354375727474689483642578125" lon="116.68365019373595714569091796875">
        <ele>85.40000152587890625</ele>
        <time>2026-08-27T14:03:28.000Z</time>
        <extensions>
          <ns3:TrackPointExtension>
            <ns3:hr>173</ns3:hr>
            <ns3:cad>91</ns3:cad>
          </ns3:TrackPointExtension>
        </extensions>
      </trkpt>
      <trkpt lat="40.403506793081760406494140625" lon="116.6836474277079105377197265625">
        <ele>85.40000152587890625</ele>
        <time>2026-08-27T14:03:29.000Z</time>
        <extensions>
          <ns3:TrackPointExtension>
            <ns3:hr>173</ns3:hr>
            <ns3:cad>91</ns3:cad>
          </ns3:TrackPointExtension>
        </extensions>
      </trkpt>
      <trkpt lat="40.40347871370613574981689453125" lon="116.6836521215736865997314453125">
        <ele>85.40000152587890625</ele>
        <time>2026-08-27T14:03:30.000Z</time>
        <extensions>
          <ns3:TrackPointExtension>
            <ns3:hr>174</ns3:hr>
            <ns3:cad>92</ns3:cad>
          </ns3:TrackPointExtension>
        </extensions>
      </trkpt>
      <trkpt lat="40.40343948639929294586181640625" lon="116.683648265898227691650390625">
        <ele>85.1999969482421875</ele>
        <time>2026-08-27T14:03:31.000Z</time>
        <extensions>
          <ns3:TrackPointExtension>
            <ns3:hr>176</ns3:hr>
            <ns3:cad>92</ns3:cad>
          </ns3:TrackPointExtension>
        </extensions>
      </trkpt>
      <trkpt lat="40.4034117422997951507568359375" lon="116.68365069665014743804931640625">
        <ele>85</ele>
        <time>2026-08-27T14:03:32.000Z</time>
        <extensions>
          <ns3:TrackPointExtension>
            <ns3:hr>175</ns3:hr>
            <ns3:cad>92</ns3:cad>
          </ns3:TrackPointExtension>
        </extensions>
      </trkpt>
      <trkpt lat="40.403372012078762054443359375" lon="116.68364591896533966064453125">
        <ele>85.1999969482421875</ele>
        <time>2026-08-27T14:03:33.000Z</time>
        <extensions>
          <ns3:TrackPointExtension>
            <ns3:hr>174</ns3:hr>
            <ns3:cad>92</ns3:cad>
          </ns3:TrackPointExtension>
        </extensions>
      </trkpt>
      <trkpt lat="40.403342507779598236083984375" lon="116.68365170247852802276611328125">
        <ele>85.1999969482421875</ele>
        <time>2026-08-27T14:03:34.000Z</time>
        <extensions>
          <ns3:TrackPointExtension>
            <ns3:hr>173</ns3:hr>
            <ns3:cad>92</ns3:cad>
          </ns3:TrackPointExtension>
        </extensions>
      </trkpt>
      <trkpt lat="40.40330772288143634796142578125" lon="116.68364633806049823760986328125">
        <ele>85.1999969482421875</ele>
        <time>2026-08-27T14:03:35.000Z</time>
        <extensions>
          <ns3:TrackPointExtension>
            <ns3:hr>174</ns3:hr>
            <ns3:cad>92</ns3:cad>
          </ns3:TrackPointExtension>
        </extensions>
      </trkpt>
      <trkpt lat="40.40327654220163822174072265625" lon="116.6836501099169254302978515625">
        <ele>85.1999969482421875</ele>
        <time>2026-08-27T14:03:36.000Z</time>
        <extensions>
          <ns3:TrackPointExtension>
            <ns3:hr>177</ns3:hr>
            <ns3:cad>92</ns3:cad>
          </ns3:TrackPointExtension>
        </extensions>
      </trkpt>
      <trkpt lat="40.4032427631318569183349609375" lon="116.68365262448787689208984375">
        <ele>85.1999969482421875</ele>
        <time>2026-08-27T14:03:37.000Z</time>
        <extensions>
          <ns3:TrackPointExtension>
            <ns3:hr>177</ns3:hr>
            <ns3:cad>92</ns3:cad>
          </ns3:TrackPointExtension>
        </extensions>
      </trkpt>
      <trkpt lat="40.403209738433361053466796875" lon="116.683663688600063323974609375">
        <ele>85.1999969482421875</ele>
        <time>2026-08-27T14:03:38.000Z</time>
        <extensions>
          <ns3:TrackPointExtension>
            <ns3:hr>176</ns3:hr>
            <ns3:cad>92</ns3:cad>
          </ns3:TrackPointExtension>
        </extensions>
      </trkpt>
      <trkpt lat="40.4031810723245143890380859375" lon="116.68367634527385234832763671875">
        <ele>85.1999969482421875</ele>
        <time>2026-08-27T14:03:39.000Z</time>
        <extensions>
          <ns3:TrackPointExtension>
            <ns3:hr>175</ns3:hr>
            <ns3:cad>92</ns3:cad>
          </ns3:TrackPointExtension>
        </extensions>
      </trkpt>
      <trkpt lat="40.4031455330550670623779296875" lon="116.6836975514888763427734375">
        <ele>85.1999969482421875</ele>
        <time>2026-08-27T14:03:40.000Z</time>
        <extensions>
          <ns3:TrackPointExtension>
            <ns3:hr>174</ns3:hr>
            <ns3:cad>94</ns3:cad>
          </ns3:TrackPointExtension>
        </extensions>
      </trkpt>
      <trkpt lat="40.40311954915523529052734375" lon="116.6837265528738498687744140625">
        <ele>85.1999969482421875</ele>
        <time>2026-08-27T14:03:41.000Z</time>
        <extensions>
          <ns3:TrackPointExtension>
            <ns3:hr>175</ns3:hr>
            <ns3:cad>94</ns3:cad>
          </ns3:TrackPointExtension>
        </extensions>
      </trkpt>
      <trkpt lat="40.40308333933353424072265625" lon="116.6837570630013942718505859375">
        <ele>85.40000152587890625</ele>
        <time>2026-08-27T14:03:42.000Z</time>
        <extensions>
          <ns3:TrackPointExtension>
            <ns3:hr>178</ns3:hr>
            <ns3:cad>93</ns3:cad>
          </ns3:TrackPointExtension>
        </extensions>
      </trkpt>
      <trkpt lat="40.40306397713720798492431640625" lon="116.683789081871509552001953125">
        <ele>85.40000152587890625</ele>
        <time>2026-08-27T14:03:43.000Z</time>
        <extensions>
          <ns3:TrackPointExtension>
            <ns3:hr>179</ns3:hr>
            <ns3:cad>92</ns3:cad>
          </ns3:TrackPointExtension>
        </extensions>
      </trkpt>
      <trkpt lat="40.40303531102836132049560546875" lon="116.68382470495998859405517578125">
        <ele>85.40000152587890625</ele>
        <time>2026-08-27T14:03:44.000Z</time>
        <extensions>
          <ns3:TrackPointExtension>
            <ns3:hr>178</ns3:hr>
            <ns3:cad>91</ns3:cad>
          </ns3:TrackPointExtension>
        </extensions>
      </trkpt>
      <trkpt lat="40.4030177928507328033447265625" lon="116.68386091478168964385986328125">
        <ele>85.59999847412109375</ele>
        <time>2026-08-27T14:03:45.000Z</time>
        <extensions>
          <ns3:TrackPointExtension>
            <ns3:hr>176</ns3:hr>
            <ns3:cad>91</ns3:cad>
          </ns3:TrackPointExtension>
        </extensions>
      </trkpt>
      <trkpt lat="40.40300060994923114776611328125" lon="116.68390081264078617095947265625">
        <ele>85.59999847412109375</ele>
        <time>2026-08-27T14:03:46.000Z</time>
        <extensions>
          <ns3:TrackPointExtension>
            <ns3:hr>175</ns3:hr>
            <ns3:cad>91</ns3:cad>
          </ns3:TrackPointExtension>
        </extensions>
      </trkpt>
      <trkpt lat="40.40298569016158580780029296875" lon="116.68394632637500762939453125">
        <ele>85.40000152587890625</ele>
        <time>2026-08-27T14:03:47.000Z</time>
        <extensions>
          <ns3:TrackPointExtension>
            <ns3:hr>177</ns3:hr>
            <ns3:cad>93</ns3:cad>
          </ns3:TrackPointExtension>
        </extensions>
      </trkpt>
      <trkpt lat="40.40297806262969970703125" lon="116.6839872300624847412109375">
        <ele>85.59999847412109375</ele>
        <time>2026-08-27T14:03:48.000Z</time>
        <extensions>
          <ns3:TrackPointExtension>
            <ns3:hr>178</ns3:hr>
            <ns3:cad>94</ns3:cad>
          </ns3:TrackPointExtension>
        </extensions>
      </trkpt>
      <trkpt lat="40.4029713571071624755859375" lon="116.6840390302240848541259765625">
        <ele>85.40000152587890625</ele>
        <time>2026-08-27T14:03:49.000Z</time>
        <extensions>
          <ns3:TrackPointExtension>
            <ns3:hr>178</ns3:hr>
            <ns3:cad>94</ns3:cad>
          </ns3:TrackPointExtension>
        </extensions>
      </trkpt>
      <trkpt lat="40.4029732011258602142333984375" lon="116.68407834134995937347412109375">
        <ele>85.40000152587890625</ele>
        <time>2026-08-27T14:03:50.000Z</time>
        <extensions>
          <ns3:TrackPointExtension>
            <ns3:hr>177</ns3:hr>
            <ns3:cad>94</ns3:cad>
          </ns3:TrackPointExtension>
        </extensions>
      </trkpt>
      <trkpt lat="40.402971021831035614013671875" lon="116.68413014151155948638916015625">
        <ele>85.59999847412109375</ele>
        <time>2026-08-27T14:03:51.000Z</time>
        <extensions>
          <ns3:TrackPointExtension>
            <ns3:hr>176</ns3:hr>
            <ns3:cad>94</ns3:cad>
          </ns3:TrackPointExtension>
        </extensions>
      </trkpt>
      <trkpt lat="40.4029732011258602142333984375" lon="116.68417154811322689056396484375">
        <ele>85.59999847412109375</ele>
        <time>2026-08-27T14:03:52.000Z</time>
        <extensions>
          <ns3:TrackPointExtension>
            <ns3:hr>176</ns3:hr>
            <ns3:cad>93</ns3:cad>
          </ns3:TrackPointExtension>
        </extensions>
      </trkpt>
      <trkpt lat="40.40297730825841426849365234375" lon="116.68421999551355838775634765625">
        <ele>85.59999847412109375</ele>
        <time>2026-08-27T14:03:53.000Z</time>
        <extensions>
          <ns3:TrackPointExtension>
            <ns3:hr>176</ns3:hr>
            <ns3:cad>93</ns3:cad>
          </ns3:TrackPointExtension>
        </extensions>
      </trkpt>
      <trkpt lat="40.4029882885515689849853515625" lon="116.684261150658130645751953125">
        <ele>85.59999847412109375</ele>
        <time>2026-08-27T14:03:54.000Z</time>
        <extensions>
          <ns3:TrackPointExtension>
            <ns3:hr>179</ns3:hr>
            <ns3:cad>93</ns3:cad>
          </ns3:TrackPointExtension>
        </extensions>
      </trkpt>
      <trkpt lat="40.40300044231116771697998046875" lon="116.6843049041926860809326171875">
        <ele>85.59999847412109375</ele>
        <time>2026-08-27T14:03:55.000Z</time>
        <extensions>
          <ns3:TrackPointExtension>
            <ns3:hr>179</ns3:hr>
            <ns3:cad>93</ns3:cad>
          </ns3:TrackPointExtension>
        </extensions>
      </trkpt>
      <trkpt lat="40.40301368571817874908447265625" lon="116.6843448020517826080322265625">
        <ele>85.59999847412109375</ele>
        <time>2026-08-27T14:03:56.000Z</time>
        <extensions>
          <ns3:TrackPointExtension>
            <ns3:hr>179</ns3:hr>
            <ns3:cad>95</ns3:cad>
          </ns3:TrackPointExtension>
        </extensions>
      </trkpt>
      <trkpt lat="40.4030325450003147125244140625" lon="116.68438025750219821929931640625">
        <ele>85.59999847412109375</ele>
        <time>2026-08-27T14:03:57.000Z</time>
        <extensions>
          <ns3:TrackPointExtension>
            <ns3:hr>178</ns3:hr>
            <ns3:cad>95</ns3:cad>
          </ns3:TrackPointExtension>
        </extensions>
      </trkpt>
      <trkpt lat="40.4030509851872920989990234375" lon="116.6844182275235652923583984375">
        <ele>85.59999847412109375</ele>
        <time>2026-08-27T14:03:58.000Z</time>
        <extensions>
          <ns3:TrackPointExtension>
            <ns3:hr>177</ns3:hr>
            <ns3:cad>93</ns3:cad>
          </ns3:TrackPointExtension>
        </extensions>
      </trkpt>
      <trkpt lat="40.40307302959263324737548828125" lon="116.68444119393825531005859375">
        <ele>85.59999847412109375</ele>
        <time>2026-08-27T14:03:59.000Z</time>
        <extensions>
          <ns3:TrackPointExtension>
            <ns3:hr>176</ns3:hr>
            <ns3:cad>93</ns3:cad>
          </ns3:TrackPointExtension>
        </extensions>
      </trkpt>
      <trkpt lat="40.40309666655957698822021484375" lon="116.68447832576930522918701171875">
        <ele>85.59999847412109375</ele>
        <time>2026-08-27T14:04:00.000Z</time>
        <extensions>
          <ns3:TrackPointExtension>
            <ns3:hr>177</ns3:hr>
            <ns3:cad>92</ns3:cad>
          </ns3:TrackPointExtension>
        </extensions>
      </trkpt>
      <trkpt lat="40.40311795659363269805908203125" lon="116.68449617922306060791015625">
        <ele>85.59999847412109375</ele>
        <time>2026-08-27T14:04:01.000Z</time>
        <extensions>
          <ns3:TrackPointExtension>
            <ns3:hr>177</ns3:hr>
            <ns3:cad>92</ns3:cad>
          </ns3:TrackPointExtension>
        </extensions>
      </trkpt>
      <trkpt lat="40.40314695797860622406005859375" lon="116.684525348246097564697265625">
        <ele>85.59999847412109375</ele>
        <time>2026-08-27T14:04:02.000Z</time>
        <extensions>
          <ns3:TrackPointExtension>
            <ns3:hr>179</ns3:hr>
            <ns3:cad>92</ns3:cad>
          </ns3:TrackPointExtension>
        </extensions>
      </trkpt>
      <trkpt lat="40.4031778872013092041015625" lon="116.6845369152724742889404296875">
        <ele>85.59999847412109375</ele>
        <time>2026-08-27T14:04:03.000Z</time>
        <extensions>
          <ns3:TrackPointExtension>
            <ns3:hr>179</ns3:hr>
            <ns3:cad>94</ns3:cad>
          </ns3:TrackPointExtension>
        </extensions>
      </trkpt>
      <trkpt lat="40.4032072238624095916748046875" lon="116.6845560260117053985595703125">
        <ele>85.59999847412109375</ele>
        <time>2026-08-27T14:04:04.000Z</time>
        <extensions>
          <ns3:TrackPointExtension>
            <ns3:hr>179</ns3:hr>
            <ns3:cad>94</ns3:cad>
          </ns3:TrackPointExtension>
        </extensions>
      </trkpt>
      <trkpt lat="40.4032353870570659637451171875" lon="116.68456214480102062225341796875">
        <ele>85.59999847412109375</ele>
        <time>2026-08-27T14:04:05.000Z</time>
        <extensions>
          <ns3:TrackPointExtension>
            <ns3:hr>177</ns3:hr>
            <ns3:cad>94</ns3:cad>
          </ns3:TrackPointExtension>
        </extensions>
      </trkpt>
      <trkpt lat="40.4032685793936252593994140625" lon="116.6845748014748096466064453125">
        <ele>85.59999847412109375</ele>
        <time>2026-08-27T14:04:06.000Z</time>
        <extensions>
          <ns3:TrackPointExtension>
            <ns3:hr>178</ns3:hr>
            <ns3:cad>94</ns3:cad>
          </ns3:TrackPointExtension>
        </extensions>
      </trkpt>
      <trkpt lat="40.40330101735889911651611328125" lon="116.68457924388349056243896484375">
        <ele>85.59999847412109375</ele>
        <time>2026-08-27T14:04:07.000Z</time>
        <extensions>
          <ns3:TrackPointExtension>
            <ns3:hr>176</ns3:hr>
            <ns3:cad>94</ns3:cad>
          </ns3:TrackPointExtension>
        </extensions>
      </trkpt>
      <trkpt lat="40.4033329524099826812744140625" lon="116.68458242900669574737548828125">
        <ele>85.40000152587890625</ele>
        <time>2026-08-27T14:04:08.000Z</time>
        <extensions>
          <ns3:TrackPointExtension>
            <ns3:hr>176</ns3:hr>
            <ns3:cad>92</ns3:cad>
          </ns3:TrackPointExtension>
        </extensions>
      </trkpt>
      <trkpt lat="40.40336941368877887725830078125" lon="116.68458226136863231658935546875">
        <ele>85.59999847412109375</ele>
        <time>2026-08-27T14:04:09.000Z</time>
        <extensions>
          <ns3:TrackPointExtension>
            <ns3:hr>177</ns3:hr>
            <ns3:cad>92</ns3:cad>
          </ns3:TrackPointExtension>
        </extensions>
      </trkpt>
      <trkpt lat="40.4034000076353549957275390625" lon="116.68457991443574428558349609375">
        <ele>85.59999847412109375</ele>
        <time>2026-08-27T14:04:10.000Z</time>
        <extensions>
          <ns3:TrackPointExtension>
            <ns3:hr>179</ns3:hr>
            <ns3:cad>92</ns3:cad>
          </ns3:TrackPointExtension>
        </extensions>
      </trkpt>
      <trkpt lat="40.40344007313251495361328125" lon="116.6845858655869960784912109375">
        <ele>85.40000152587890625</ele>
        <time>2026-08-27T14:04:11.000Z</time>
        <extensions>
          <ns3:TrackPointExtension>
            <ns3:hr>180</ns3:hr>
            <ns3:cad>92</ns3:cad>
          </ns3:TrackPointExtension>
        </extensions>
      </trkpt>
      <trkpt lat="40.4034684039652347564697265625" lon="116.6845811717212200164794921875">
        <ele>85.59999847412109375</ele>
        <time>2026-08-27T14:04:12.000Z</time>
        <extensions>
          <ns3:TrackPointExtension>
            <ns3:hr>178</ns3:hr>
            <ns3:cad>92</ns3:cad>
          </ns3:TrackPointExtension>
        </extensions>
      </trkpt>
      <trkpt lat="40.4035059548914432525634765625" lon="116.6845885477960109710693359375">
        <ele>85.59999847412109375</ele>
        <time>2026-08-27T14:04:13.000Z</time>
        <extensions>
          <ns3:TrackPointExtension>
            <ns3:hr>177</ns3:hr>
            <ns3:cad>92</ns3:cad>
          </ns3:TrackPointExtension>
        </extensions>
      </trkpt>
      <trkpt lat="40.40353151969611644744873046875" lon="116.6845773160457611083984375">
        <ele>85.40000152587890625</ele>
        <time>2026-08-27T14:04:14.000Z</time>
        <extensions>
          <ns3:TrackPointExtension>
            <ns3:hr>177</ns3:hr>
            <ns3:cad>92</ns3:cad>
          </ns3:TrackPointExtension>
        </extensions>
      </trkpt>
      <trkpt lat="40.40356823243200778961181640625" lon="116.68458309955894947052001953125">
        <ele>85.40000152587890625</ele>
        <time>2026-08-27T14:04:15.000Z</time>
        <extensions>
          <ns3:TrackPointExtension>
            <ns3:hr>176</ns3:hr>
            <ns3:cad>92</ns3:cad>
          </ns3:TrackPointExtension>
        </extensions>
      </trkpt>
      <trkpt lat="40.40359723381698131561279296875" lon="116.68457723222672939300537109375">
        <ele>85.40000152587890625</ele>
        <time>2026-08-27T14:04:16.000Z</time>
        <extensions>
          <ns3:TrackPointExtension>
            <ns3:hr>175</ns3:hr>
            <ns3:cad>92</ns3:cad>
          </ns3:TrackPointExtension>
        </extensions>
      </trkpt>
      <trkpt lat="40.40363361127674579620361328125" lon="116.68458343483507633209228515625">
        <ele>85.40000152587890625</ele>
        <time>2026-08-27T14:04:17.000Z</time>
        <extensions>
          <ns3:TrackPointExtension>
            <ns3:hr>176</ns3:hr>
            <ns3:cad>91</ns3:cad>
          </ns3:TrackPointExtension>
        </extensions>
      </trkpt>
      <trkpt lat="40.40366403758525848388671875" lon="116.68457706458866596221923828125">
        <ele>85.40000152587890625</ele>
        <time>2026-08-27T14:04:18.000Z</time>
        <extensions>
          <ns3:TrackPointExtension>
            <ns3:hr>177</ns3:hr>
            <ns3:cad>91</ns3:cad>
          </ns3:TrackPointExtension>
        </extensions>
      </trkpt>
      <trkpt lat="40.40369764901697635650634765625" lon="116.68458200991153717041015625">
        <ele>85.40000152587890625</ele>
        <time>2026-08-27T14:04:19.000Z</time>
        <extensions>
          <ns3:TrackPointExtension>
            <ns3:hr>178</ns3:hr>
            <ns3:cad>91</ns3:cad>
          </ns3:TrackPointExtension>
        </extensions>
      </trkpt>
      <trkpt lat="40.4037299193441867828369140625" lon="116.68457890860736370086669921875">
        <ele>85.40000152587890625</ele>
        <time>2026-08-27T14:04:20.000Z</time>
        <extensions>
          <ns3:TrackPointExtension>
            <ns3:hr>179</ns3:hr>
            <ns3:cad>94</ns3:cad>
          </ns3:TrackPointExtension>
        </extensions>
      </trkpt>
      <trkpt lat="40.40376403369009494781494140625" lon="116.6845835186541080474853515625">
        <ele>85.40000152587890625</ele>
        <time>2026-08-27T14:04:21.000Z</time>
        <extensions>
          <ns3:TrackPointExtension>
            <ns3:hr>178</ns3:hr>
            <ns3:cad>94</ns3:cad>
          </ns3:TrackPointExtension>
        </extensions>
      </trkpt>
      <trkpt lat="40.40380007587373256683349609375" lon="116.68458192609250545501708984375">
        <ele>85.40000152587890625</ele>
        <time>2026-08-27T14:04:22.000Z</time>
        <extensions>
          <ns3:TrackPointExtension>
            <ns3:hr>176</ns3:hr>
            <ns3:cad>93</ns3:cad>
          </ns3:TrackPointExtension>
        </extensions>
      </trkpt>
      <trkpt lat="40.40383159182965755462646484375" lon="116.68457890860736370086669921875">
        <ele>85.40000152587890625</ele>
        <time>2026-08-27T14:04:23.000Z</time>
        <extensions>
          <ns3:TrackPointExtension>
            <ns3:hr>174</ns3:hr>
            <ns3:cad>92</ns3:cad>
          </ns3:TrackPointExtension>
        </extensions>
      </trkpt>
      <trkpt lat="40.40387132205069065093994140625" lon="116.68458192609250545501708984375">
        <ele>85.40000152587890625</ele>
        <time>2026-08-27T14:04:24.000Z</time>
        <extensions>
          <ns3:TrackPointExtension>
            <ns3:hr>174</ns3:hr>
            <ns3:cad>91</ns3:cad>
          </ns3:TrackPointExtension>
        </extensions>
      </trkpt>
      <trkpt lat="40.40390141308307647705078125" lon="116.68457664549350738525390625">
        <ele>85.40000152587890625</ele>
        <time>2026-08-27T14:04:25.000Z</time>
        <extensions>
          <ns3:TrackPointExtension>
            <ns3:hr>175</ns3:hr>
            <ns3:cad>91</ns3:cad>
          </ns3:TrackPointExtension>
        </extensions>
      </trkpt>
      <trkpt lat="40.403940975666046142578125" lon="116.68458058498799800872802734375">
        <ele>85.40000152587890625</ele>
        <time>2026-08-27T14:04:26.000Z</time>
        <extensions>
          <ns3:TrackPointExtension>
            <ns3:hr>177</ns3:hr>
            <ns3:cad>91</ns3:cad>
          </ns3:TrackPointExtension>
        </extensions>
      </trkpt>
      <trkpt lat="40.4039679653942584991455078125" lon="116.68457136489450931549072265625">
        <ele>85.40000152587890625</ele>
        <time>2026-08-27T14:04:27.000Z</time>
        <extensions>
          <ns3:TrackPointExtension>
            <ns3:hr>177</ns3:hr>
            <ns3:cad>94</ns3:cad>
          </ns3:TrackPointExtension>
        </extensions>
      </trkpt>
      <trkpt lat="40.40400526486337184906005859375" lon="116.6845791600644588470458984375">
        <ele>85.40000152587890625</ele>
        <time>2026-08-27T14:04:28.000Z</time>
        <extensions>
          <ns3:TrackPointExtension>
            <ns3:hr>176</ns3:hr>
            <ns3:cad>94</ns3:cad>
          </ns3:TrackPointExtension>
        </extensions>
      </trkpt>
      <trkpt lat="40.40403627790510654449462890625" lon="116.684572957456111907958984375">
        <ele>85.40000152587890625</ele>
        <time>2026-08-27T14:04:29.000Z</time>
        <extensions>
          <ns3:TrackPointExtension>
            <ns3:hr>174</ns3:hr>
            <ns3:cad>94</ns3:cad>
          </ns3:TrackPointExtension>
        </extensions>
      </trkpt>
      <trkpt lat="40.40407131426036357879638671875" lon="116.68457890860736370086669921875">
        <ele>85.40000152587890625</ele>
        <time>2026-08-27T14:04:30.000Z</time>
        <extensions>
          <ns3:TrackPointExtension>
            <ns3:hr>175</ns3:hr>
            <ns3:cad>94</ns3:cad>
          </ns3:TrackPointExtension>
        </extensions>
      </trkpt>
      <trkpt lat="40.404106937348842620849609375" lon="116.6845761425793170928955078125">
        <ele>85.40000152587890625</ele>
        <time>2026-08-27T14:04:31.000Z</time>
        <extensions>
          <ns3:TrackPointExtension>
            <ns3:hr>177</ns3:hr>
            <ns3:cad>93</ns3:cad>
          </ns3:TrackPointExtension>
        </extensions>
      </trkpt>
      <trkpt lat="40.40413954295217990875244140625" lon="116.68456885032355785369873046875">
        <ele>85.40000152587890625</ele>
        <time>2026-08-27T14:04:32.000Z</time>
        <extensions>
          <ns3:TrackPointExtension>
            <ns3:hr>177</ns3:hr>
            <ns3:cad>92</ns3:cad>
          </ns3:TrackPointExtension>
        </extensions>
      </trkpt>
      <trkpt lat="40.404177345335483551025390625" lon="116.68455845676362514495849609375">
        <ele>85.1999969482421875</ele>
        <time>2026-08-27T14:04:33.000Z</time>
        <extensions>
          <ns3:TrackPointExtension>
            <ns3:hr>175</ns3:hr>
            <ns3:cad>92</ns3:cad>
          </ns3:TrackPointExtension>
        </extensions>
      </trkpt>
      <trkpt lat="40.4042103700339794158935546875" lon="116.68454487808048725128173828125">
        <ele>85.1999969482421875</ele>
        <time>2026-08-27T14:04:34.000Z</time>
        <extensions>
          <ns3:TrackPointExtension>
            <ns3:hr>173</ns3:hr>
            <ns3:cad>92</ns3:cad>
          </ns3:TrackPointExtension>
        </extensions>
      </trkpt>
      <trkpt lat="40.4042459093034267425537109375" lon="116.68452962301671504974365234375">
        <ele>85.1999969482421875</ele>
        <time>2026-08-27T14:04:35.000Z</time>
        <extensions>
          <ns3:TrackPointExtension>
            <ns3:hr>173</ns3:hr>
            <ns3:cad>92</ns3:cad>
          </ns3:TrackPointExtension>
        </extensions>
      </trkpt>
      <trkpt lat="40.40426887571811676025390625" lon="116.6845003701746463775634765625">
        <ele>85.1999969482421875</ele>
        <time>2026-08-27T14:04:36.000Z</time>
        <extensions>
          <ns3:TrackPointExtension>
            <ns3:hr>175</ns3:hr>
            <ns3:cad>93</ns3:cad>
          </ns3:TrackPointExtension>
        </extensions>
      </trkpt>
      <trkpt lat="40.40430106222629547119140625" lon="116.6844765655696392059326171875">
        <ele>85.1999969482421875</ele>
        <time>2026-08-27T14:04:37.000Z</time>
        <extensions>
          <ns3:TrackPointExtension>
            <ns3:hr>176</ns3:hr>
            <ns3:cad>94</ns3:cad>
          </ns3:TrackPointExtension>
        </extensions>
      </trkpt>
      <trkpt lat="40.40431908331811428070068359375" lon="116.684446223080158233642578125">
        <ele>85.1999969482421875</ele>
        <time>2026-08-27T14:04:38.000Z</time>
        <extensions>
          <ns3:TrackPointExtension>
            <ns3:hr>175</ns3:hr>
            <ns3:cad>94</ns3:cad>
          </ns3:TrackPointExtension>
        </extensions>
      </trkpt>
      <trkpt lat="40.4043446481227874755859375" lon="116.6844165511429309844970703125">
        <ele>85.1999969482421875</ele>
        <time>2026-08-27T14:04:39.000Z</time>
        <extensions>
          <ns3:TrackPointExtension>
            <ns3:hr>175</ns3:hr>
            <ns3:cad>93</ns3:cad>
          </ns3:TrackPointExtension>
        </extensions>
      </trkpt>
      <trkpt lat="40.40436434559524059295654296875" lon="116.68438277207314968109130859375">
        <ele>85.40000152587890625</ele>
        <time>2026-08-27T14:04:40.000Z</time>
        <extensions>
          <ns3:TrackPointExtension>
            <ns3:hr>173</ns3:hr>
            <ns3:cad>93</ns3:cad>
          </ns3:TrackPointExtension>
        </extensions>
      </trkpt>
      <trkpt lat="40.40438647381961345672607421875" lon="116.6843454726040363311767578125">
        <ele>85.1999969482421875</ele>
        <time>2026-08-27T14:04:41.000Z</time>
        <extensions>
          <ns3:TrackPointExtension>
            <ns3:hr>174</ns3:hr>
            <ns3:cad>93</ns3:cad>
          </ns3:TrackPointExtension>
        </extensions>
      </trkpt>
      <trkpt lat="40.4043991304934024810791015625" lon="116.684306077659130096435546875">
        <ele>85.1999969482421875</ele>
        <time>2026-08-27T14:04:42.000Z</time>
        <extensions>
          <ns3:TrackPointExtension>
            <ns3:hr>175</ns3:hr>
            <ns3:cad>91</ns3:cad>
          </ns3:TrackPointExtension>
        </extensions>
      </trkpt>
      <trkpt lat="40.404410026967525482177734375" lon="116.68426475487649440765380859375">
        <ele>85.1999969482421875</ele>
        <time>2026-08-27T14:04:43.000Z</time>
        <extensions>
          <ns3:TrackPointExtension>
            <ns3:hr>177</ns3:hr>
            <ns3:cad>91</ns3:cad>
          </ns3:TrackPointExtension>
        </extensions>
      </trkpt>
      <trkpt lat="40.40441866032779216766357421875" lon="116.68422351591289043426513671875">
        <ele>85.1999969482421875</ele>
        <time>2026-08-27T14:04:44.000Z</time>
        <extensions>
          <ns3:TrackPointExtension>
            <ns3:hr>178</ns3:hr>
            <ns3:cad>91</ns3:cad>
          </ns3:TrackPointExtension>
        </extensions>
      </trkpt>
      <trkpt lat="40.4044236056506633758544921875" lon="116.684183366596698760986328125">
        <ele>85</ele>
        <time>2026-08-27T14:04:45.000Z</time>
        <extensions>
          <ns3:TrackPointExtension>
            <ns3:hr>177</ns3:hr>
            <ns3:cad>91</ns3:cad>
          </ns3:TrackPointExtension>
        </extensions>
      </trkpt>
      <trkpt lat="40.40442846715450286865234375" lon="116.68413818813860416412353515625">
        <ele>85</ele>
        <time>2026-08-27T14:04:46.000Z</time>
        <extensions>
          <ns3:TrackPointExtension>
            <ns3:hr>176</ns3:hr>
            <ns3:cad>91</ns3:cad>
          </ns3:TrackPointExtension>
        </extensions>
      </trkpt>
      <trkpt lat="40.4044259525835514068603515625" lon="116.6841003857553005218505859375">
        <ele>85</ele>
        <time>2026-08-27T14:04:47.000Z</time>
        <extensions>
          <ns3:TrackPointExtension>
            <ns3:hr>174</ns3:hr>
            <ns3:cad>91</ns3:cad>
          </ns3:TrackPointExtension>
        </extensions>
      </trkpt>
      <trkpt lat="40.404426120221614837646484375" lon="116.684047244489192962646484375">
        <ele>85</ele>
        <time>2026-08-27T14:04:48.000Z</time>
        <extensions>
          <ns3:TrackPointExtension>
            <ns3:hr>174</ns3:hr>
            <ns3:cad>92</ns3:cad>
          </ns3:TrackPointExtension>
        </extensions>
      </trkpt>
      <trkpt lat="40.40441363118588924407958984375" lon="116.68401011265814304351806640625">
        <ele>84.8000030517578125</ele>
        <time>2026-08-27T14:04:49.000Z</time>
        <extensions>
          <ns3:TrackPointExtension>
            <ns3:hr>175</ns3:hr>
            <ns3:cad>92</ns3:cad>
          </ns3:TrackPointExtension>
        </extensions>
      </trkpt>
      <trkpt lat="40.4044051654636859893798828125" lon="116.6839604079723358154296875">
        <ele>84.8000030517578125</ele>
        <time>2026-08-27T14:04:50.000Z</time>
        <extensions>
          <ns3:TrackPointExtension>
            <ns3:hr>177</ns3:hr>
            <ns3:cad>92</ns3:cad>
          </ns3:TrackPointExtension>
        </extensions>
      </trkpt>
      <trkpt lat="40.40438982658088207244873046875" lon="116.6839293949306011199951171875">
        <ele>84.8000030517578125</ele>
        <time>2026-08-27T14:04:51.000Z</time>
        <extensions>
          <ns3:TrackPointExtension>
            <ns3:hr>178</ns3:hr>
            <ns3:cad>93</ns3:cad>
          </ns3:TrackPointExtension>
        </extensions>
      </trkpt>
      <trkpt lat="40.4043743200600147247314453125" lon="116.68388505466282367706298828125">
        <ele>84.8000030517578125</ele>
        <time>2026-08-27T14:04:52.000Z</time>
        <extensions>
          <ns3:TrackPointExtension>
            <ns3:hr>178</ns3:hr>
            <ns3:cad>93</ns3:cad>
          </ns3:TrackPointExtension>
        </extensions>
      </trkpt>
      <trkpt lat="40.404354371130466461181640625" lon="116.68385907076299190521240234375">
        <ele>84.8000030517578125</ele>
        <time>2026-08-27T14:04:53.000Z</time>
        <extensions>
          <ns3:TrackPointExtension>
            <ns3:hr>177</ns3:hr>
            <ns3:cad>93</ns3:cad>
          </ns3:TrackPointExtension>
        </extensions>
      </trkpt>
      <trkpt lat="40.40433450601994991302490234375" lon="116.68381766416132450103759765625">
        <ele>84.8000030517578125</ele>
        <time>2026-08-27T14:04:54.000Z</time>
        <extensions>
          <ns3:TrackPointExtension>
            <ns3:hr>176</ns3:hr>
            <ns3:cad>93</ns3:cad>
          </ns3:TrackPointExtension>
        </extensions>
      </trkpt>
      <trkpt lat="40.40431589819490909576416015625" lon="116.68379419483244419097900390625">
        <ele>84.8000030517578125</ele>
        <time>2026-08-27T14:04:55.000Z</time>
        <extensions>
          <ns3:TrackPointExtension>
            <ns3:hr>176</ns3:hr>
            <ns3:cad>93</ns3:cad>
          </ns3:TrackPointExtension>
        </extensions>
      </trkpt>
      <trkpt lat="40.40429360233247280120849609375" lon="116.68375790119171142578125">
        <ele>84.8000030517578125</ele>
        <time>2026-08-27T14:04:56.000Z</time>
        <extensions>
          <ns3:TrackPointExtension>
            <ns3:hr>175</ns3:hr>
            <ns3:cad>92</ns3:cad>
          </ns3:TrackPointExtension>
        </extensions>
      </trkpt>
      <trkpt lat="40.4042708873748779296875" lon="116.6837396286427974700927734375">
        <ele>84.8000030517578125</ele>
        <time>2026-08-27T14:04:57.000Z</time>
        <extensions>
          <ns3:TrackPointExtension>
            <ns3:hr>175</ns3:hr>
            <ns3:cad>92</ns3:cad>
          </ns3:TrackPointExtension>
        </extensions>
      </trkpt>
      <trkpt lat="40.4042412154376506805419921875" lon="116.68371406383812427520751953125">
        <ele>84.8000030517578125</ele>
        <time>2026-08-27T14:04:58.000Z</time>
        <extensions>
          <ns3:TrackPointExtension>
            <ns3:hr>175</ns3:hr>
            <ns3:cad>91</ns3:cad>
          </ns3:TrackPointExtension>
        </extensions>
      </trkpt>
      <trkpt lat="40.4042140580713748931884765625" lon="116.68370232917368412017822265625">
        <ele>84.8000030517578125</ele>
        <time>2026-08-27T14:04:59.000Z</time>
        <extensions>
          <ns3:TrackPointExtension>
            <ns3:hr>175</ns3:hr>
            <ns3:cad>91</ns3:cad>
          </ns3:TrackPointExtension>
        </extensions>
      </trkpt>
      <trkpt lat="40.404183380305767059326171875" lon="116.6836814582347869873046875">
        <ele>84.59999847412109375</ele>
        <time>2026-08-27T14:05:00.000Z</time>
        <extensions>
          <ns3:TrackPointExtension>
            <ns3:hr>177</ns3:hr>
            <ns3:cad>91</ns3:cad>
          </ns3:TrackPointExtension>
        </extensions>
      </trkpt>
      <trkpt lat="40.40415764786303043365478515625" lon="116.6836779378354549407958984375">
        <ele>84.59999847412109375</ele>
        <time>2026-08-27T14:05:01.000Z</time>
        <extensions>
          <ns3:TrackPointExtension>
            <ns3:hr>178</ns3:hr>
            <ns3:cad>91</ns3:cad>
          </ns3:TrackPointExtension>
        </extensions>
      </trkpt>
      <trkpt lat="40.40412537753582000732421875" lon="116.68366561643779277801513671875">
        <ele>84.59999847412109375</ele>
        <time>2026-08-27T14:05:02.000Z</time>
        <extensions>
          <ns3:TrackPointExtension>
            <ns3:hr>178</ns3:hr>
            <ns3:cad>90</ns3:cad>
          </ns3:TrackPointExtension>
        </extensions>
      </trkpt>
      <trkpt lat="40.40409679524600505828857421875" lon="116.683665700256824493408203125">
        <ele>84.59999847412109375</ele>
        <time>2026-08-27T14:05:03.000Z</time>
        <extensions>
          <ns3:TrackPointExtension>
            <ns3:hr>178</ns3:hr>
            <ns3:cad>90</ns3:cad>
          </ns3:TrackPointExtension>
        </extensions>
      </trkpt>
      <trkpt lat="40.404064357280731201171875" lon="116.683656983077526092529296875">
        <ele>84.8000030517578125</ele>
        <time>2026-08-27T14:05:04.000Z</time>
        <extensions>
          <ns3:TrackPointExtension>
            <ns3:hr>178</ns3:hr>
            <ns3:cad>90</ns3:cad>
          </ns3:TrackPointExtension>
        </extensions>
      </trkpt>
      <trkpt lat="40.40403309278190135955810546875" lon="116.68365706689655780792236328125">
        <ele>84.8000030517578125</ele>
        <time>2026-08-27T14:05:05.000Z</time>
        <extensions>
          <ns3:TrackPointExtension>
            <ns3:hr>175</ns3:hr>
            <ns3:cad>90</ns3:cad>
          </ns3:TrackPointExtension>
        </extensions>
      </trkpt>
      <trkpt lat="40.404001660645008087158203125" lon="116.6836546361446380615234375">
        <ele>84.8000030517578125</ele>
        <time>2026-08-27T14:05:06.000Z</time>
        <extensions>
          <ns3:TrackPointExtension>
            <ns3:hr>176</ns3:hr>
            <ns3:cad>90</ns3:cad>
          </ns3:TrackPointExtension>
        </extensions>
      </trkpt>
      <trkpt lat="40.40396670810878276824951171875" lon="116.683653295040130615234375">
        <ele>84.8000030517578125</ele>
        <time>2026-08-27T14:05:07.000Z</time>
        <extensions>
          <ns3:TrackPointExtension>
            <ns3:hr>174</ns3:hr>
            <ns3:cad>92</ns3:cad>
          </ns3:TrackPointExtension>
        </extensions>
      </trkpt>
      <trkpt lat="40.4039371199905872344970703125" lon="116.68364969082176685333251953125">
        <ele>84.8000030517578125</ele>
        <time>2026-08-27T14:05:08.000Z</time>
        <extensions>
          <ns3:TrackPointExtension>
            <ns3:hr>176</ns3:hr>
            <ns3:cad>92</ns3:cad>
          </ns3:TrackPointExtension>
        </extensions>
      </trkpt>
      <trkpt lat="40.40389982052147388458251953125" lon="116.68364834971725940704345703125">
        <ele>84.8000030517578125</ele>
        <time>2026-08-27T14:05:09.000Z</time>
        <extensions>
          <ns3:TrackPointExtension>
            <ns3:hr>177</ns3:hr>
            <ns3:cad>93</ns3:cad>
          </ns3:TrackPointExtension>
        </extensions>
      </trkpt>
      <trkpt lat="40.4038720764219760894775390625" lon="116.68365061283111572265625">
        <ele>85</ele>
        <time>2026-08-27T14:05:10.000Z</time>
        <extensions>
          <ns3:TrackPointExtension>
            <ns3:hr>178</ns3:hr>
            <ns3:cad>93</ns3:cad>
          </ns3:TrackPointExtension>
        </extensions>
      </trkpt>
      <trkpt lat="40.40383704006671905517578125" lon="116.6836450807750225067138671875">
        <ele>85</ele>
        <time>2026-08-27T14:05:11.000Z</time>
        <extensions>
          <ns3:TrackPointExtension>
            <ns3:hr>179</ns3:hr>
            <ns3:cad>93</ns3:cad>
          </ns3:TrackPointExtension>
        </extensions>
      </trkpt>
      <trkpt lat="40.40380954742431640625" lon="116.68364860117435455322265625">
        <ele>84.8000030517578125</ele>
        <time>2026-08-27T14:05:12.000Z</time>
        <extensions>
          <ns3:TrackPointExtension>
            <ns3:hr>179</ns3:hr>
            <ns3:cad>93</ns3:cad>
          </ns3:TrackPointExtension>
        </extensions>
      </trkpt>
      <trkpt lat="40.40377610363066196441650390625" lon="116.6836497746407985687255859375">
        <ele>84.8000030517578125</ele>
        <time>2026-08-27T14:05:13.000Z</time>
        <extensions>
          <ns3:TrackPointExtension>
            <ns3:hr>179</ns3:hr>
            <ns3:cad>93</ns3:cad>
          </ns3:TrackPointExtension>
        </extensions>
      </trkpt>
      <trkpt lat="40.4037440009415149688720703125" lon="116.68365530669689178466796875">
        <ele>84.8000030517578125</ele>
        <time>2026-08-27T14:05:14.000Z</time>
        <extensions>
          <ns3:TrackPointExtension>
            <ns3:hr>179</ns3:hr>
            <ns3:cad>93</ns3:cad>
          </ns3:TrackPointExtension>
        </extensions>
      </trkpt>
      <trkpt lat="40.40370955131947994232177734375" lon="116.68365153484046459197998046875">
        <ele>84.59999847412109375</ele>
        <time>2026-08-27T14:05:15.000Z</time>
        <extensions>
          <ns3:TrackPointExtension>
            <ns3:hr>179</ns3:hr>
            <ns3:cad>91</ns3:cad>
          </ns3:TrackPointExtension>
        </extensions>
      </trkpt>
      <trkpt lat="40.40368105284869670867919921875" lon="116.68365522287786006927490234375">
        <ele>84.59999847412109375</ele>
        <time>2026-08-27T14:05:16.000Z</time>
        <extensions>
          <ns3:TrackPointExtension>
            <ns3:hr>178</ns3:hr>
            <ns3:cad>90</ns3:cad>
          </ns3:TrackPointExtension>
        </extensions>
      </trkpt>
      <trkpt lat="40.40364417247474193572998046875" lon="116.68365421704947948455810546875">
        <ele>84.59999847412109375</ele>
        <time>2026-08-27T14:05:17.000Z</time>
        <extensions>
          <ns3:TrackPointExtension>
            <ns3:hr>178</ns3:hr>
            <ns3:cad>90</ns3:cad>
          </ns3:TrackPointExtension>
        </extensions>
      </trkpt>
      <trkpt lat="40.40361584164202213287353515625" lon="116.683656312525272369384765625">
        <ele>84.59999847412109375</ele>
        <time>2026-08-27T14:05:18.000Z</time>
        <extensions>
          <ns3:TrackPointExtension>
            <ns3:hr>177</ns3:hr>
            <ns3:cad>90</ns3:cad>
          </ns3:TrackPointExtension>
        </extensions>
      </trkpt>
      <trkpt lat="40.4035813920199871063232421875" lon="116.683653630316257476806640625">
        <ele>84.59999847412109375</ele>
        <time>2026-08-27T14:05:19.000Z</time>
        <extensions>
          <ns3:TrackPointExtension>
            <ns3:hr>177</ns3:hr>
            <ns3:cad>90</ns3:cad>
          </ns3:TrackPointExtension>
        </extensions>
      </trkpt>
      <trkpt lat="40.403551720082759857177734375" lon="116.68365337885916233062744140625">
        <ele>84.59999847412109375</ele>
        <time>2026-08-27T14:05:20.000Z</time>
        <extensions>
          <ns3:TrackPointExtension>
            <ns3:hr>177</ns3:hr>
            <ns3:cad>90</ns3:cad>
          </ns3:TrackPointExtension>
        </extensions>
      </trkpt>
      <trkpt lat="40.40351844392716884613037109375" lon="116.6836497746407985687255859375">
        <ele>84.40000152587890625</ele>
        <time>2026-08-27T14:05:21.000Z</time>
        <extensions>
          <ns3:TrackPointExtension>
            <ns3:hr>177</ns3:hr>
            <ns3:cad>90</ns3:cad>
          </ns3:TrackPointExtension>
        </extensions>
      </trkpt>
      <trkpt lat="40.40348826907575130462646484375" lon="116.683647595345973968505859375">
        <ele>84.40000152587890625</ele>
        <time>2026-08-27T14:05:22.000Z</time>
        <extensions>
          <ns3:TrackPointExtension>
            <ns3:hr>176</ns3:hr>
            <ns3:cad>89</ns3:cad>
          </ns3:TrackPointExtension>
        </extensions>
      </trkpt>
      <trkpt lat="40.40345071814954280853271484375" lon="116.68364600278437137603759765625">
        <ele>84.40000152587890625</ele>
        <time>2026-08-27T14:05:23.000Z</time>
        <extensions>
          <ns3:TrackPointExtension>
            <ns3:hr>177</ns3:hr>
            <ns3:cad>89</ns3:cad>
          </ns3:TrackPointExtension>
        </extensions>
      </trkpt>
      <trkpt lat="40.40341819636523723602294921875" lon="116.68365153484046459197998046875">
        <ele>84.40000152587890625</ele>
        <time>2026-08-27T14:05:24.000Z</time>
        <extensions>
          <ns3:TrackPointExtension>
            <ns3:hr>177</ns3:hr>
            <ns3:cad>89</ns3:cad>
          </ns3:TrackPointExtension>
        </extensions>
      </trkpt>
      <trkpt lat="40.40338349528610706329345703125" lon="116.68365371413528919219970703125">
        <ele>84.59999847412109375</ele>
        <time>2026-08-27T14:05:25.000Z</time>
        <extensions>
          <ns3:TrackPointExtension>
            <ns3:hr>177</ns3:hr>
            <ns3:cad>89</ns3:cad>
          </ns3:TrackPointExtension>
        </extensions>
      </trkpt>
      <trkpt lat="40.40335533209145069122314453125" lon="116.6836554743349552154541015625">
        <ele>84.59999847412109375</ele>
        <time>2026-08-27T14:05:26.000Z</time>
        <extensions>
          <ns3:TrackPointExtension>
            <ns3:hr>177</ns3:hr>
            <ns3:cad>89</ns3:cad>
          </ns3:TrackPointExtension>
        </extensions>
      </trkpt>
      <trkpt lat="40.40332213975489139556884765625" lon="116.68365589343011379241943359375">
        <ele>84.8000030517578125</ele>
        <time>2026-08-27T14:05:27.000Z</time>
        <extensions>
          <ns3:TrackPointExtension>
            <ns3:hr>175</ns3:hr>
            <ns3:cad>89</ns3:cad>
          </ns3:TrackPointExtension>
        </extensions>
      </trkpt>
      <trkpt lat="40.40329397656023502349853515625" lon="116.6836626827716827392578125">
        <ele>84.8000030517578125</ele>
        <time>2026-08-27T14:05:28.000Z</time>
        <extensions>
          <ns3:TrackPointExtension>
            <ns3:hr>175</ns3:hr>
            <ns3:cad>89</ns3:cad>
          </ns3:TrackPointExtension>
        </extensions>
      </trkpt>
      <trkpt lat="40.40325902402400970458984375" lon="116.68367215432226657867431640625">
        <ele>84.8000030517578125</ele>
        <time>2026-08-27T14:05:29.000Z</time>
        <extensions>
          <ns3:TrackPointExtension>
            <ns3:hr>175</ns3:hr>
            <ns3:cad>89</ns3:cad>
          </ns3:TrackPointExtension>
        </extensions>
      </trkpt>
      <trkpt lat="40.40323077701032161712646484375" lon="116.6836841404438018798828125">
        <ele>84.8000030517578125</ele>
        <time>2026-08-27T14:05:30.000Z</time>
        <extensions>
          <ns3:TrackPointExtension>
            <ns3:hr>176</ns3:hr>
            <ns3:cad>89</ns3:cad>
          </ns3:TrackPointExtension>
        </extensions>
      </trkpt>
      <trkpt lat="40.40319423191249370574951171875" lon="116.6836988925933837890625">
        <ele>84.8000030517578125</ele>
        <time>2026-08-27T14:05:31.000Z</time>
        <extensions>
          <ns3:TrackPointExtension>
            <ns3:hr>177</ns3:hr>
            <ns3:cad>90</ns3:cad>
          </ns3:TrackPointExtension>
        </extensions>
      </trkpt>
      <trkpt lat="40.40317076258361339569091796875" lon="116.68372009880840778350830078125">
        <ele>84.8000030517578125</ele>
        <time>2026-08-27T14:05:32.000Z</time>
        <extensions>
          <ns3:TrackPointExtension>
            <ns3:hr>177</ns3:hr>
            <ns3:cad>90</ns3:cad>
          </ns3:TrackPointExtension>
        </extensions>
      </trkpt>
      <trkpt lat="40.4031411744654178619384765625" lon="116.68374524451792240142822265625">
        <ele>84.59999847412109375</ele>
        <time>2026-08-27T14:05:33.000Z</time>
        <extensions>
          <ns3:TrackPointExtension>
            <ns3:hr>178</ns3:hr>
            <ns3:cad>90</ns3:cad>
          </ns3:TrackPointExtension>
        </extensions>
      </trkpt>
      <trkpt lat="40.40311778895556926727294921875" lon="116.683766283094882965087890625">
        <ele>84.59999847412109375</ele>
        <time>2026-08-27T14:05:34.000Z</time>
        <extensions>
          <ns3:TrackPointExtension>
            <ns3:hr>178</ns3:hr>
            <ns3:cad>90</ns3:cad>
          </ns3:TrackPointExtension>
        </extensions>
      </trkpt>
      <trkpt lat="40.4030908830463886260986328125" lon="116.683795116841793060302734375">
        <ele>84.59999847412109375</ele>
        <time>2026-08-27T14:05:35.000Z</time>
        <extensions>
          <ns3:TrackPointExtension>
            <ns3:hr>178</ns3:hr>
            <ns3:cad>90</ns3:cad>
          </ns3:TrackPointExtension>
        </extensions>
      </trkpt>
      <trkpt lat="40.4030711017549037933349609375" lon="116.68382386676967144012451171875">
        <ele>84.8000030517578125</ele>
        <time>2026-08-27T14:05:36.000Z</time>
        <extensions>
          <ns3:TrackPointExtension>
            <ns3:hr>177</ns3:hr>
            <ns3:cad>90</ns3:cad>
          </ns3:TrackPointExtension>
        </extensions>
      </trkpt>
      <trkpt lat="40.40304687805473804473876953125" lon="116.6838640160858631134033203125">
        <ele>84.59999847412109375</ele>
        <time>2026-08-27T14:05:37.000Z</time>
        <extensions>
          <ns3:TrackPointExtension>
            <ns3:hr>178</ns3:hr>
            <ns3:cad>90</ns3:cad>
          </ns3:TrackPointExtension>
        </extensions>
      </trkpt>
      <trkpt lat="40.403029359877109527587890625" lon="116.683899052441120147705078125">
        <ele>84.8000030517578125</ele>
        <time>2026-08-27T14:05:38.000Z</time>
        <extensions>
          <ns3:TrackPointExtension>
            <ns3:hr>177</ns3:hr>
            <ns3:cad>89</ns3:cad>
          </ns3:TrackPointExtension>
        </extensions>
      </trkpt>
      <trkpt lat="40.4030117578804492950439453125" lon="116.68394154869019985198974609375">
        <ele>84.8000030517578125</ele>
        <time>2026-08-27T14:05:39.000Z</time>
        <extensions>
          <ns3:TrackPointExtension>
            <ns3:hr>177</ns3:hr>
            <ns3:cad>89</ns3:cad>
          </ns3:TrackPointExtension>
        </extensions>
      </trkpt>
      <trkpt lat="40.40299952030181884765625" lon="116.68398194946348667144775390625">
        <ele>84.8000030517578125</ele>
        <time>2026-08-27T14:05:40.000Z</time>
        <extensions>
          <ns3:TrackPointExtension>
            <ns3:hr>176</ns3:hr>
            <ns3:cad>89</ns3:cad>
          </ns3:TrackPointExtension>
        </extensions>
      </trkpt>
      <trkpt lat="40.4029872827231884002685546875" lon="116.68402872048318386077880859375">
        <ele>84.8000030517578125</ele>
        <time>2026-08-27T14:05:41.000Z</time>
        <extensions>
          <ns3:TrackPointExtension>
            <ns3:hr>178</ns3:hr>
            <ns3:cad>89</ns3:cad>
          </ns3:TrackPointExtension>
        </extensions>
      </trkpt>
      <trkpt lat="40.40298501960933208465576171875" lon="116.68406928889453411102294921875">
        <ele>84.8000030517578125</ele>
        <time>2026-08-27T14:05:42.000Z</time>
        <extensions>
          <ns3:TrackPointExtension>
            <ns3:hr>177</ns3:hr>
            <ns3:cad>90</ns3:cad>
          </ns3:TrackPointExtension>
        </extensions>
      </trkpt>
      <trkpt lat="40.4029832594096660614013671875" lon="116.68411522172391414642333984375">
        <ele>84.8000030517578125</ele>
        <time>2026-08-27T14:05:43.000Z</time>
        <extensions>
          <ns3:TrackPointExtension>
            <ns3:hr>179</ns3:hr>
            <ns3:cad>90</ns3:cad>
          </ns3:TrackPointExtension>
        </extensions>
      </trkpt>
      <trkpt lat="40.40298468433320522308349609375" lon="116.6841520182788372039794921875">
        <ele>84.8000030517578125</ele>
        <time>2026-08-27T14:05:44.000Z</time>
        <extensions>
          <ns3:TrackPointExtension>
            <ns3:hr>177</ns3:hr>
            <ns3:cad>90</ns3:cad>
          </ns3:TrackPointExtension>
        </extensions>
      </trkpt>
      <trkpt lat="40.4029874503612518310546875" lon="116.6841986216604709625244140625">
        <ele>84.8000030517578125</ele>
        <time>2026-08-27T14:05:45.000Z</time>
        <extensions>
          <ns3:TrackPointExtension>
            <ns3:hr>179</ns3:hr>
            <ns3:cad>90</ns3:cad>
          </ns3:TrackPointExtension>
        </extensions>
      </trkpt>
      <trkpt lat="40.4029916413128376007080078125" lon="116.684237010776996612548828125">
        <ele>84.8000030517578125</ele>
        <time>2026-08-27T14:05:46.000Z</time>
        <extensions>
          <ns3:TrackPointExtension>
            <ns3:hr>179</ns3:hr>
            <ns3:cad>89</ns3:cad>
          </ns3:TrackPointExtension>
        </extensions>
      </trkpt>
      <trkpt lat="40.403002202510833740234375" lon="116.684277243912220001220703125">
        <ele>85</ele>
        <time>2026-08-27T14:05:47.000Z</time>
        <extensions>
          <ns3:TrackPointExtension>
            <ns3:hr>177</ns3:hr>
            <ns3:cad>89</ns3:cad>
          </ns3:TrackPointExtension>
        </extensions>
      </trkpt>
      <trkpt lat="40.40301226079463958740234375" lon="116.6843136213719844818115234375">
        <ele>85</ele>
        <time>2026-08-27T14:05:48.000Z</time>
        <extensions>
          <ns3:TrackPointExtension>
            <ns3:hr>178</ns3:hr>
            <ns3:cad>89</ns3:cad>
          </ns3:TrackPointExtension>
        </extensions>
      </trkpt>
      <trkpt lat="40.40302625857293605804443359375" lon="116.68435125611722469329833984375">
        <ele>84.8000030517578125</ele>
        <time>2026-08-27T14:05:49.000Z</time>
        <extensions>
          <ns3:TrackPointExtension>
            <ns3:hr>176</ns3:hr>
            <ns3:cad>89</ns3:cad>
          </ns3:TrackPointExtension>
        </extensions>
      </trkpt>
      <trkpt lat="40.40303849615156650543212890625" lon="116.684384532272815704345703125">
        <ele>84.8000030517578125</ele>
        <time>2026-08-27T14:05:50.000Z</time>
        <extensions>
          <ns3:TrackPointExtension>
            <ns3:hr>177</ns3:hr>
            <ns3:cad>89</ns3:cad>
          </ns3:TrackPointExtension>
        </extensions>
      </trkpt>
      <trkpt lat="40.40306129492819309234619140625" lon="116.68441747315227985382080078125">
        <ele>84.8000030517578125</ele>
        <time>2026-08-27T14:05:51.000Z</time>
        <extensions>
          <ns3:TrackPointExtension>
            <ns3:hr>176</ns3:hr>
            <ns3:cad>90</ns3:cad>
          </ns3:TrackPointExtension>
        </extensions>
      </trkpt>
      <trkpt lat="40.403082668781280517578125" lon="116.6844460554420948028564453125">
        <ele>84.8000030517578125</ele>
        <time>2026-08-27T14:05:52.000Z</time>
        <extensions>
          <ns3:TrackPointExtension>
            <ns3:hr>176</ns3:hr>
            <ns3:cad>90</ns3:cad>
          </ns3:TrackPointExtension>
        </extensions>
      </trkpt>
      <trkpt lat="40.40310823358595371246337890625" lon="116.6844758950173854827880859375">
        <ele>84.8000030517578125</ele>
        <time>2026-08-27T14:05:53.000Z</time>
        <extensions>
          <ns3:TrackPointExtension>
            <ns3:hr>176</ns3:hr>
            <ns3:cad>90</ns3:cad>
          </ns3:TrackPointExtension>
        </extensions>
      </trkpt>
      <trkpt lat="40.40313472039997577667236328125" lon="116.68449860997498035430908203125">
        <ele>84.8000030517578125</ele>
        <time>2026-08-27T14:05:54.000Z</time>
        <extensions>
          <ns3:TrackPointExtension>
            <ns3:hr>176</ns3:hr>
            <ns3:cad>90</ns3:cad>
          </ns3:TrackPointExtension>
        </extensions>
      </trkpt>
      <trkpt lat="40.40316556580364704132080078125" lon="116.684521995484828948974609375">
        <ele>84.59999847412109375</ele>
        <time>2026-08-27T14:05:55.000Z</time>
        <extensions>
          <ns3:TrackPointExtension>
            <ns3:hr>176</ns3:hr>
            <ns3:cad>89</ns3:cad>
          </ns3:TrackPointExtension>
        </extensions>
      </trkpt>
      <trkpt lat="40.40319641120731830596923828125" lon="116.68453817255795001983642578125">
        <ele>84.59999847412109375</ele>
        <time>2026-08-27T14:05:56.000Z</time>
        <extensions>
          <ns3:TrackPointExtension>
            <ns3:hr>177</ns3:hr>
            <ns3:cad>89</ns3:cad>
          </ns3:TrackPointExtension>
        </extensions>
      </trkpt>
      <trkpt lat="40.4032306931912899017333984375" lon="116.684551499783992767333984375">
        <ele>84.59999847412109375</ele>
        <time>2026-08-27T14:05:57.000Z</time>
        <extensions>
          <ns3:TrackPointExtension>
            <ns3:hr>178</ns3:hr>
            <ns3:cad>90</ns3:cad>
          </ns3:TrackPointExtension>
        </extensions>
      </trkpt>
      <trkpt lat="40.4032632149755954742431640625" lon="116.6845610551536083221435546875">
        <ele>84.59999847412109375</ele>
        <time>2026-08-27T14:05:58.000Z</time>
        <extensions>
          <ns3:TrackPointExtension>
            <ns3:hr>178</ns3:hr>
            <ns3:cad>90</ns3:cad>
          </ns3:TrackPointExtension>
        </extensions>
      </trkpt>
      <trkpt lat="40.40329984389245510101318359375" lon="116.68456465937197208404541015625">
        <ele>84.59999847412109375</ele>
        <time>2026-08-27T14:05:59.000Z</time>
        <extensions>
          <ns3:TrackPointExtension>
            <ns3:hr>178</ns3:hr>
            <ns3:cad>90</ns3:cad>
          </ns3:TrackPointExtension>
        </extensions>
      </trkpt>
      <trkpt lat="40.403332449495792388916015625" lon="116.68456734158098697662353515625">
        <ele>84.59999847412109375</ele>
        <time>2026-08-27T14:06:00.000Z</time>
        <extensions>
          <ns3:TrackPointExtension>
            <ns3:hr>178</ns3:hr>
            <ns3:cad>90</ns3:cad>
          </ns3:TrackPointExtension>
        </extensions>
      </trkpt>
      <trkpt lat="40.403366647660732269287109375" lon="116.68456918559968471527099609375">
        <ele>84.8000030517578125</ele>
        <time>2026-08-27T14:06:01.000Z</time>
        <extensions>
          <ns3:TrackPointExtension>
            <ns3:hr>179</ns3:hr>
            <ns3:cad>90</ns3:cad>
          </ns3:TrackPointExtension>
        </extensions>
      </trkpt>
      <trkpt lat="40.403399504721164703369140625" lon="116.68456583283841609954833984375">
        <ele>84.8000030517578125</ele>
        <time>2026-08-27T14:06:02.000Z</time>
        <extensions>
          <ns3:TrackPointExtension>
            <ns3:hr>178</ns3:hr>
            <ns3:cad>90</ns3:cad>
          </ns3:TrackPointExtension>
        </extensions>
      </trkpt>
      <trkpt lat="40.403437726199626922607421875" lon="116.68457086198031902313232421875">
        <ele>84.8000030517578125</ele>
        <time>2026-08-27T14:06:03.000Z</time>
        <extensions>
          <ns3:TrackPointExtension>
            <ns3:hr>178</ns3:hr>
            <ns3:cad>90</ns3:cad>
          </ns3:TrackPointExtension>
        </extensions>
      </trkpt>
      <trkpt lat="40.40346823632717132568359375" lon="116.68456935323774814605712890625">
        <ele>84.8000030517578125</ele>
        <time>2026-08-27T14:06:04.000Z</time>
        <extensions>
          <ns3:TrackPointExtension>
            <ns3:hr>177</ns3:hr>
            <ns3:cad>90</ns3:cad>
          </ns3:TrackPointExtension>
        </extensions>
      </trkpt>
      <trkpt lat="40.40350419469177722930908203125" lon="116.68457304127514362335205078125">
        <ele>84.8000030517578125</ele>
        <time>2026-08-27T14:06:05.000Z</time>
        <extensions>
          <ns3:TrackPointExtension>
            <ns3:hr>178</ns3:hr>
            <ns3:cad>91</ns3:cad>
          </ns3:TrackPointExtension>
        </extensions>
      </trkpt>
      <trkpt lat="40.4035347886383533477783203125" lon="116.68456750921905040740966796875">
        <ele>84.8000030517578125</ele>
        <time>2026-08-27T14:06:06.000Z</time>
        <extensions>
          <ns3:TrackPointExtension>
            <ns3:hr>178</ns3:hr>
            <ns3:cad>91</ns3:cad>
          </ns3:TrackPointExtension>
        </extensions>
      </trkpt>
      <trkpt lat="40.40357208810746669769287109375" lon="116.6845691017806529998779296875">
        <ele>84.8000030517578125</ele>
        <time>2026-08-27T14:06:07.000Z</time>
        <extensions>
          <ns3:TrackPointExtension>
            <ns3:hr>178</ns3:hr>
            <ns3:cad>91</ns3:cad>
          </ns3:TrackPointExtension>
        </extensions>
      </trkpt>
      <trkpt lat="40.403599329292774200439453125" lon="116.68456600047647953033447265625">
        <ele>84.8000030517578125</ele>
        <time>2026-08-27T14:06:08.000Z</time>
        <extensions>
          <ns3:TrackPointExtension>
            <ns3:hr>177</ns3:hr>
            <ns3:cad>91</ns3:cad>
          </ns3:TrackPointExtension>
        </extensions>
      </trkpt>
      <trkpt lat="40.4036373831331729888916015625" lon="116.684572286903858184814453125">
        <ele>84.8000030517578125</ele>
        <time>2026-08-27T14:06:09.000Z</time>
        <extensions>
          <ns3:TrackPointExtension>
            <ns3:hr>177</ns3:hr>
            <ns3:cad>91</ns3:cad>
          </ns3:TrackPointExtension>
        </extensions>
      </trkpt>
      <trkpt lat="40.4036633670330047607421875" lon="116.6845667548477649688720703125">
        <ele>84.59999847412109375</ele>
        <time>2026-08-27T14:06:10.000Z</time>
        <extensions>
          <ns3:TrackPointExtension>
            <ns3:hr>177</ns3:hr>
            <ns3:cad>91</ns3:cad>
          </ns3:TrackPointExtension>
        </extensions>
      </trkpt>
      <trkpt lat="40.4037020914256572723388671875" lon="116.68457396328449249267578125">
        <ele>84.8000030517578125</ele>
        <time>2026-08-27T14:06:11.000Z</time>
        <extensions>
          <ns3:TrackPointExtension>
            <ns3:hr>179</ns3:hr>
            <ns3:cad>90</ns3:cad>
          </ns3:TrackPointExtension>
        </extensions>
      </trkpt>
      <trkpt lat="40.40372882969677448272705078125" lon="116.684565246105194091796875">
        <ele>84.8000030517578125</ele>
        <time>2026-08-27T14:06:12.000Z</time>
        <extensions>
          <ns3:TrackPointExtension>
            <ns3:hr>179</ns3:hr>
            <ns3:cad>90</ns3:cad>
          </ns3:TrackPointExtension>
        </extensions>
      </trkpt>
      <trkpt lat="40.4037661291658878326416015625" lon="116.68457354418933391571044921875">
        <ele>84.8000030517578125</ele>
        <time>2026-08-27T14:06:13.000Z</time>
        <extensions>
          <ns3:TrackPointExtension>
            <ns3:hr>180</ns3:hr>
            <ns3:cad>91</ns3:cad>
          </ns3:TrackPointExtension>
        </extensions>
      </trkpt>
      <trkpt lat="40.40379370562732219696044921875" lon="116.68456650339066982269287109375">
        <ele>84.8000030517578125</ele>
        <time>2026-08-27T14:06:14.000Z</time>
        <extensions>
          <ns3:TrackPointExtension>
            <ns3:hr>180</ns3:hr>
            <ns3:cad>93</ns3:cad>
          </ns3:TrackPointExtension>
        </extensions>
      </trkpt>
      <trkpt lat="40.40383025072515010833740234375" lon="116.684571616351604461669921875">
        <ele>84.8000030517578125</ele>
        <time>2026-08-27T14:06:15.000Z</time>
        <extensions>
          <ns3:TrackPointExtension>
            <ns3:hr>181</ns3:hr>
            <ns3:cad>93</ns3:cad>
          </ns3:TrackPointExtension>
        </extensions>
      </trkpt>
      <trkpt lat="40.40386159904301166534423828125" lon="116.68456750921905040740966796875">
        <ele>84.8000030517578125</ele>
        <time>2026-08-27T14:06:16.000Z</time>
        <extensions>
          <ns3:TrackPointExtension>
            <ns3:hr>179</ns3:hr>
            <ns3:cad>93</ns3:cad>
          </ns3:TrackPointExtension>
        </extensions>
      </trkpt>
      <trkpt lat="40.4038992337882518768310546875" lon="116.68457689695060253143310546875">
        <ele>84.59999847412109375</ele>
        <time>2026-08-27T14:06:17.000Z</time>
        <extensions>
          <ns3:TrackPointExtension>
            <ns3:hr>179</ns3:hr>
            <ns3:cad>93</ns3:cad>
          </ns3:TrackPointExtension>
        </extensions>
      </trkpt>
      <trkpt lat="40.40393385104835033416748046875" lon="116.68457220308482646942138671875">
        <ele>84.59999847412109375</ele>
        <time>2026-08-27T14:06:18.000Z</time>
        <extensions>
          <ns3:TrackPointExtension>
            <ns3:hr>179</ns3:hr>
            <ns3:cad>92</ns3:cad>
          </ns3:TrackPointExtension>
        </extensions>
      </trkpt>
      <trkpt lat="40.40396838448941707611083984375" lon="116.6845758073031902313232421875">
        <ele>84.59999847412109375</ele>
        <time>2026-08-27T14:06:19.000Z</time>
        <extensions>
          <ns3:TrackPointExtension>
            <ns3:hr>180</ns3:hr>
            <ns3:cad>92</ns3:cad>
          </ns3:TrackPointExtension>
        </extensions>
      </trkpt>
      <trkpt lat="40.40400601923465728759765625" lon="116.68457396328449249267578125">
        <ele>84.59999847412109375</ele>
        <time>2026-08-27T14:06:20.000Z</time>
        <extensions>
          <ns3:TrackPointExtension>
            <ns3:hr>179</ns3:hr>
            <ns3:cad>91</ns3:cad>
          </ns3:TrackPointExtension>
        </extensions>
      </trkpt>
      <trkpt lat="40.40403896011412143707275390625" lon="116.68457153253257274627685546875">
        <ele>84.59999847412109375</ele>
        <time>2026-08-27T14:06:21.000Z</time>
        <extensions>
          <ns3:TrackPointExtension>
            <ns3:hr>179</ns3:hr>
            <ns3:cad>91</ns3:cad>
          </ns3:TrackPointExtension>
        </extensions>
      </trkpt>
      <trkpt lat="40.40407634340226650238037109375" lon="116.6845727898180484771728515625">
        <ele>84.59999847412109375</ele>
        <time>2026-08-27T14:06:22.000Z</time>
        <extensions>
          <ns3:TrackPointExtension>
            <ns3:hr>179</ns3:hr>
            <ns3:cad>92</ns3:cad>
          </ns3:TrackPointExtension>
        </extensions>
      </trkpt>
      <trkpt lat="40.404105596244335174560546875" lon="116.68457035906612873077392578125">
        <ele>84.8000030517578125</ele>
        <time>2026-08-27T14:06:23.000Z</time>
        <extensions>
          <ns3:TrackPointExtension>
            <ns3:hr>179</ns3:hr>
            <ns3:cad>92</ns3:cad>
          </ns3:TrackPointExtension>
        </extensions>
      </trkpt>
      <trkpt lat="40.40414507500827312469482421875" lon="116.68456248007714748382568359375">
        <ele>84.59999847412109375</ele>
        <time>2026-08-27T14:06:24.000Z</time>
        <extensions>
          <ns3:TrackPointExtension>
            <ns3:hr>180</ns3:hr>
            <ns3:cad>93</ns3:cad>
          </ns3:TrackPointExtension>
        </extensions>
      </trkpt>
      <trkpt lat="40.40417307056486606597900390625" lon="116.6845466382801532745361328125">
        <ele>84.59999847412109375</ele>
        <time>2026-08-27T14:06:25.000Z</time>
        <extensions>
          <ns3:TrackPointExtension>
            <ns3:hr>181</ns3:hr>
            <ns3:cad>93</ns3:cad>
          </ns3:TrackPointExtension>
        </extensions>
      </trkpt>
      <trkpt lat="40.40421280078589916229248046875" lon="116.6845357418060302734375">
        <ele>84.8000030517578125</ele>
        <time>2026-08-27T14:06:26.000Z</time>
        <extensions>
          <ns3:TrackPointExtension>
            <ns3:hr>181</ns3:hr>
            <ns3:cad>93</ns3:cad>
          </ns3:TrackPointExtension>
        </extensions>
      </trkpt>
      <trkpt lat="40.40423928759992122650146484375" lon="116.6845161281526088714599609375">
        <ele>84.8000030517578125</ele>
        <time>2026-08-27T14:06:27.000Z</time>
        <extensions>
          <ns3:TrackPointExtension>
            <ns3:hr>181</ns3:hr>
            <ns3:cad>92</ns3:cad>
          </ns3:TrackPointExtension>
        </extensions>
      </trkpt>
      <trkpt lat="40.4042723961174488067626953125" lon="116.68449693359434604644775390625">
        <ele>84.8000030517578125</ele>
        <time>2026-08-27T14:06:28.000Z</time>
        <extensions>
          <ns3:TrackPointExtension>
            <ns3:hr>182</ns3:hr>
            <ns3:cad>92</ns3:cad>
          </ns3:TrackPointExtension>
        </extensions>
      </trkpt>
      <trkpt lat="40.40429041720926761627197265625" lon="116.684472374618053436279296875">
        <ele>84.8000030517578125</ele>
        <time>2026-08-27T14:06:29.000Z</time>
        <extensions>
          <ns3:TrackPointExtension>
            <ns3:hr>182</ns3:hr>
            <ns3:cad>91</ns3:cad>
          </ns3:TrackPointExtension>
        </extensions>
      </trkpt>
      <trkpt lat="40.4043213464319705963134765625" lon="116.68444915674626827239990234375">
        <ele>84.8000030517578125</ele>
        <time>2026-08-27T14:06:30.000Z</time>
        <extensions>
          <ns3:TrackPointExtension>
            <ns3:hr>182</ns3:hr>
            <ns3:cad>91</ns3:cad>
          </ns3:TrackPointExtension>
        </extensions>
      </trkpt>
      <trkpt lat="40.40433417074382305145263671875" lon="116.68441864661872386932373046875">
        <ele>84.8000030517578125</ele>
        <time>2026-08-27T14:06:31.000Z</time>
        <extensions>
          <ns3:TrackPointExtension>
            <ns3:hr>181</ns3:hr>
            <ns3:cad>92</ns3:cad>
          </ns3:TrackPointExtension>
        </extensions>
      </trkpt>
      <trkpt lat="40.4043605737388134002685546875" lon="116.68438344262540340423583984375">
        <ele>84.59999847412109375</ele>
        <time>2026-08-27T14:06:32.000Z</time>
        <extensions>
          <ns3:TrackPointExtension>
            <ns3:hr>181</ns3:hr>
            <ns3:cad>92</ns3:cad>
          </ns3:TrackPointExtension>
        </extensions>
      </trkpt>
      <trkpt lat="40.40437339805066585540771484375" lon="116.68434505350887775421142578125">
        <ele>84.59999847412109375</ele>
        <time>2026-08-27T14:06:33.000Z</time>
        <extensions>
          <ns3:TrackPointExtension>
            <ns3:hr>181</ns3:hr>
            <ns3:cad>92</ns3:cad>
          </ns3:TrackPointExtension>
        </extensions>
      </trkpt>
      <trkpt lat="40.40439234115183353424072265625" lon="116.6843042336404323577880859375">
        <ele>84.59999847412109375</ele>
        <time>2026-08-27T14:06:34.000Z</time>
        <extensions>
          <ns3:TrackPointExtension>
            <ns3:hr>181</ns3:hr>
            <ns3:cad>92</ns3:cad>
          </ns3:TrackPointExtension>
        </extensions>
      </trkpt>
      <trkpt lat="40.40440290234982967376708984375" lon="116.6842660121619701385498046875">
        <ele>84.59999847412109375</ele>
        <time>2026-08-27T14:06:35.000Z</time>
        <extensions>
          <ns3:TrackPointExtension>
            <ns3:hr>181</ns3:hr>
            <ns3:cad>91</ns3:cad>
          </ns3:TrackPointExtension>
        </extensions>
      </trkpt>
      <trkpt lat="40.4044170677661895751953125" lon="116.68422351591289043426513671875">
        <ele>84.59999847412109375</ele>
        <time>2026-08-27T14:06:36.000Z</time>
        <extensions>
          <ns3:TrackPointExtension>
            <ns3:hr>181</ns3:hr>
            <ns3:cad>91</ns3:cad>
          </ns3:TrackPointExtension>
        </extensions>
      </trkpt>
      <trkpt lat="40.4044209234416484832763671875" lon="116.684182696044445037841796875">
        <ele>84.59999847412109375</ele>
        <time>2026-08-27T14:06:37.000Z</time>
        <extensions>
          <ns3:TrackPointExtension>
            <ns3:hr>182</ns3:hr>
            <ns3:cad>91</ns3:cad>
          </ns3:TrackPointExtension>
        </extensions>
      </trkpt>
      <trkpt lat="40.404428131878376007080078125" lon="116.684135086834430694580078125">
        <ele>84.59999847412109375</ele>
        <time>2026-08-27T14:06:38.000Z</time>
        <extensions>
          <ns3:TrackPointExtension>
            <ns3:hr>182</ns3:hr>
            <ns3:cad>92</ns3:cad>
          </ns3:TrackPointExtension>
        </extensions>
      </trkpt>
      <trkpt lat="40.40442620404064655303955078125" lon="116.684090159833431243896484375">
        <ele>84.59999847412109375</ele>
        <time>2026-08-27T14:06:39.000Z</time>
        <extensions>
          <ns3:TrackPointExtension>
            <ns3:hr>182</ns3:hr>
            <ns3:cad>92</ns3:cad>
          </ns3:TrackPointExtension>
        </extensions>
      </trkpt>
      <trkpt lat="40.4044236056506633758544921875" lon="116.6840430535376071929931640625">
        <ele>84.59999847412109375</ele>
        <time>2026-08-27T14:06:40.000Z</time>
        <extensions>
          <ns3:TrackPointExtension>
            <ns3:hr>182</ns3:hr>
            <ns3:cad>92</ns3:cad>
          </ns3:TrackPointExtension>
        </extensions>
      </trkpt>
      <trkpt lat="40.404414050281047821044921875" lon="116.68399904854595661163330078125">
        <ele>84.59999847412109375</ele>
        <time>2026-08-27T14:06:41.000Z</time>
        <extensions>
          <ns3:TrackPointExtension>
            <ns3:hr>182</ns3:hr>
            <ns3:cad>92</ns3:cad>
          </ns3:TrackPointExtension>
        </extensions>
      </trkpt>
      <trkpt lat="40.4044051654636859893798828125" lon="116.68395437300205230712890625">
        <ele>84.59999847412109375</ele>
        <time>2026-08-27T14:06:42.000Z</time>
        <extensions>
          <ns3:TrackPointExtension>
            <ns3:hr>182</ns3:hr>
            <ns3:cad>92</ns3:cad>
          </ns3:TrackPointExtension>
        </extensions>
      </trkpt>
      <trkpt lat="40.40438798256218433380126953125" lon="116.6839119605720043182373046875">
        <ele>84.59999847412109375</ele>
        <time>2026-08-27T14:06:43.000Z</time>
        <extensions>
          <ns3:TrackPointExtension>
            <ns3:hr>182</ns3:hr>
            <ns3:cad>92</ns3:cad>
          </ns3:TrackPointExtension>
        </extensions>
      </trkpt>
      <trkpt lat="40.4043716378509998321533203125" lon="116.68387449346482753753662109375">
        <ele>84.59999847412109375</ele>
        <time>2026-08-27T14:06:44.000Z</time>
        <extensions>
          <ns3:TrackPointExtension>
            <ns3:hr>183</ns3:hr>
            <ns3:cad>91</ns3:cad>
          </ns3:TrackPointExtension>
        </extensions>
      </trkpt>
      <trkpt lat="40.404348671436309814453125" lon="116.68383543379604816436767578125">
        <ele>84.59999847412109375</ele>
        <time>2026-08-27T14:06:45.000Z</time>
        <extensions>
          <ns3:TrackPointExtension>
            <ns3:hr>183</ns3:hr>
            <ns3:cad>91</ns3:cad>
          </ns3:TrackPointExtension>
        </extensions>
      </trkpt>
      <trkpt lat="40.4043253697454929351806640625" lon="116.68380442075431346893310546875">
        <ele>84.59999847412109375</ele>
        <time>2026-08-27T14:06:46.000Z</time>
        <extensions>
          <ns3:TrackPointExtension>
            <ns3:hr>182</ns3:hr>
            <ns3:cad>91</ns3:cad>
          </ns3:TrackPointExtension>
        </extensions>
      </trkpt>
      <trkpt lat="40.40429661981761455535888671875" lon="116.68377122841775417327880859375">
        <ele>84.8000030517578125</ele>
        <time>2026-08-27T14:06:47.000Z</time>
        <extensions>
          <ns3:TrackPointExtension>
            <ns3:hr>182</ns3:hr>
            <ns3:cad>91</ns3:cad>
          </ns3:TrackPointExtension>
        </extensions>
      </trkpt>
      <trkpt lat="40.4042708873748779296875" lon="116.683749519288539886474609375">
        <ele>84.59999847412109375</ele>
        <time>2026-08-27T14:06:48.000Z</time>
        <extensions>
          <ns3:TrackPointExtension>
            <ns3:hr>182</ns3:hr>
            <ns3:cad>92</ns3:cad>
          </ns3:TrackPointExtension>
        </extensions>
      </trkpt>
      <trkpt lat="40.4042388685047626495361328125" lon="116.6837243735790252685546875">
        <ele>84.59999847412109375</ele>
        <time>2026-08-27T14:06:49.000Z</time>
        <extensions>
          <ns3:TrackPointExtension>
            <ns3:hr>182</ns3:hr>
            <ns3:cad>91</ns3:cad>
          </ns3:TrackPointExtension>
        </extensions>
      </trkpt>
      <trkpt lat="40.4042113758623600006103515625" lon="116.68370802886784076690673828125">
        <ele>84.59999847412109375</ele>
        <time>2026-08-27T14:06:50.000Z</time>
        <extensions>
          <ns3:TrackPointExtension>
            <ns3:hr>182</ns3:hr>
            <ns3:cad>91</ns3:cad>
          </ns3:TrackPointExtension>
        </extensions>
      </trkpt>
      <trkpt lat="40.40417558513581752777099609375" lon="116.68368942104279994964599609375">
        <ele>84.59999847412109375</ele>
        <time>2026-08-27T14:06:51.000Z</time>
        <extensions>
          <ns3:TrackPointExtension>
            <ns3:hr>182</ns3:hr>
            <ns3:cad>91</ns3:cad>
          </ns3:TrackPointExtension>
        </extensions>
      </trkpt>
      <trkpt lat="40.4041473381221294403076171875" lon="116.6836846433579921722412109375">
        <ele>84.8000030517578125</ele>
        <time>2026-08-27T14:06:52.000Z</time>
        <extensions>
          <ns3:TrackPointExtension>
            <ns3:hr>182</ns3:hr>
            <ns3:cad>91</ns3:cad>
          </ns3:TrackPointExtension>
        </extensions>
      </trkpt>
      <trkpt lat="40.40410970337688922882080078125" lon="116.68367131613194942474365234375">
        <ele>84.8000030517578125</ele>
        <time>2026-08-27T14:06:53.000Z</time>
        <extensions>
          <ns3:TrackPointExtension>
            <ns3:hr>182</ns3:hr>
            <ns3:cad>91</ns3:cad>
          </ns3:TrackPointExtension>
        </extensions>
      </trkpt>
      <trkpt lat="40.40408522821962833404541015625" lon="116.6836725734174251556396484375">
        <ele>84.8000030517578125</ele>
        <time>2026-08-27T14:06:54.000Z</time>
        <extensions>
          <ns3:TrackPointExtension>
            <ns3:hr>182</ns3:hr>
            <ns3:cad>91</ns3:cad>
          </ns3:TrackPointExtension>
        </extensions>
      </trkpt>
      <trkpt lat="40.4040454141795635223388671875" lon="116.68366335332393646240234375">
        <ele>85</ele>
        <time>2026-08-27T14:06:55.000Z</time>
        <extensions>
          <ns3:TrackPointExtension>
            <ns3:hr>182</ns3:hr>
            <ns3:cad>92</ns3:cad>
          </ns3:TrackPointExtension>
        </extensions>
      </trkpt>
      <trkpt lat="40.40401984937489032745361328125" lon="116.68366394005715847015380859375">
        <ele>85</ele>
        <time>2026-08-27T14:06:56.000Z</time>
        <extensions>
          <ns3:TrackPointExtension>
            <ns3:hr>182</ns3:hr>
            <ns3:cad>92</ns3:cad>
          </ns3:TrackPointExtension>
        </extensions>
      </trkpt>
      <trkpt lat="40.40398280136287212371826171875" lon="116.68365471996366977691650390625">
        <ele>85</ele>
        <time>2026-08-27T14:06:57.000Z</time>
        <extensions>
          <ns3:TrackPointExtension>
            <ns3:hr>182</ns3:hr>
            <ns3:cad>92</ns3:cad>
          </ns3:TrackPointExtension>
        </extensions>
      </trkpt>
      <trkpt lat="40.403956733644008636474609375" lon="116.68366209603846073150634765625">
        <ele>85</ele>
        <time>2026-08-27T14:06:58.000Z</time>
        <extensions>
          <ns3:TrackPointExtension>
            <ns3:hr>182</ns3:hr>
            <ns3:cad>92</ns3:cad>
          </ns3:TrackPointExtension>
        </extensions>
      </trkpt>
      <trkpt lat="40.40392152965068817138671875" lon="116.68365388177335262298583984375">
        <ele>85</ele>
        <time>2026-08-27T14:06:59.000Z</time>
        <extensions>
          <ns3:TrackPointExtension>
            <ns3:hr>182</ns3:hr>
            <ns3:cad>91</ns3:cad>
          </ns3:TrackPointExtension>
        </extensions>
      </trkpt>
      <trkpt lat="40.40389311499893665313720703125" lon="116.68365857563912868499755859375">
        <ele>84.8000030517578125</ele>
        <time>2026-08-27T14:07:00.000Z</time>
        <extensions>
          <ns3:TrackPointExtension>
            <ns3:hr>181</ns3:hr>
            <ns3:cad>91</ns3:cad>
          </ns3:TrackPointExtension>
        </extensions>
      </trkpt>
      <trkpt lat="40.403855144977569580078125" lon="116.6836519539356231689453125">
        <ele>85</ele>
        <time>2026-08-27T14:07:01.000Z</time>
        <extensions>
          <ns3:TrackPointExtension>
            <ns3:hr>181</ns3:hr>
            <ns3:cad>91</ns3:cad>
          </ns3:TrackPointExtension>
        </extensions>
      </trkpt>
      <trkpt lat="40.4038261435925960540771484375" lon="116.68366092257201671600341796875">
        <ele>85</ele>
        <time>2026-08-27T14:07:02.000Z</time>
        <extensions>
          <ns3:TrackPointExtension>
            <ns3:hr>181</ns3:hr>
            <ns3:cad>91</ns3:cad>
          </ns3:TrackPointExtension>
        </extensions>
      </trkpt>
      <trkpt lat="40.40378599427640438079833984375" lon="116.68365254066884517669677734375">
        <ele>85</ele>
        <time>2026-08-27T14:07:03.000Z</time>
        <extensions>
          <ns3:TrackPointExtension>
            <ns3:hr>181</ns3:hr>
            <ns3:cad>91</ns3:cad>
          </ns3:TrackPointExtension>
        </extensions>
      </trkpt>
      <trkpt lat="40.40375925600528717041015625" lon="116.6836568154394626617431640625">
        <ele>85</ele>
        <time>2026-08-27T14:07:04.000Z</time>
        <extensions>
          <ns3:TrackPointExtension>
            <ns3:hr>181</ns3:hr>
            <ns3:cad>91</ns3:cad>
          </ns3:TrackPointExtension>
        </extensions>
      </trkpt>
      <trkpt lat="40.40372329764068126678466796875" lon="116.68365220539271831512451171875">
        <ele>85</ele>
        <time>2026-08-27T14:07:05.000Z</time>
        <extensions>
          <ns3:TrackPointExtension>
            <ns3:hr>180</ns3:hr>
            <ns3:cad>91</ns3:cad>
          </ns3:TrackPointExtension>
        </extensions>
      </trkpt>
      <trkpt lat="40.4036937095224857330322265625" lon="116.68365807272493839263916015625">
        <ele>85</ele>
        <time>2026-08-27T14:07:06.000Z</time>
        <extensions>
          <ns3:TrackPointExtension>
            <ns3:hr>180</ns3:hr>
            <ns3:cad>90</ns3:cad>
          </ns3:TrackPointExtension>
        </extensions>
      </trkpt>
      <trkpt lat="40.40365741588175296783447265625" lon="116.68365136720240116119384765625">
        <ele>85</ele>
        <time>2026-08-27T14:07:07.000Z</time>
        <extensions>
          <ns3:TrackPointExtension>
            <ns3:hr>182</ns3:hr>
            <ns3:cad>90</ns3:cad>
          </ns3:TrackPointExtension>
        </extensions>
      </trkpt>
      <trkpt lat="40.4036256484687328338623046875" lon="116.68365136720240116119384765625">
        <ele>85</ele>
        <time>2026-08-27T14:07:08.000Z</time>
        <extensions>
          <ns3:TrackPointExtension>
            <ns3:hr>182</ns3:hr>
            <ns3:cad>90</ns3:cad>
          </ns3:TrackPointExtension>
        </extensions>
      </trkpt>
      <trkpt lat="40.403589271008968353271484375" lon="116.683643572032451629638671875">
        <ele>85</ele>
        <time>2026-08-27T14:07:09.000Z</time>
        <extensions>
          <ns3:TrackPointExtension>
            <ns3:hr>182</ns3:hr>
            <ns3:cad>90</ns3:cad>
          </ns3:TrackPointExtension>
        </extensions>
      </trkpt>
      <trkpt lat="40.40355415083467960357666015625" lon="116.68364323675632476806640625">
        <ele>85</ele>
        <time>2026-08-27T14:07:10.000Z</time>
        <extensions>
          <ns3:TrackPointExtension>
            <ns3:hr>182</ns3:hr>
            <ns3:cad>90</ns3:cad>
          </ns3:TrackPointExtension>
        </extensions>
      </trkpt>
      <trkpt lat="40.4035186953842639923095703125" lon="116.68363812379539012908935546875">
        <ele>85</ele>
        <time>2026-08-27T14:07:11.000Z</time>
        <extensions>
          <ns3:TrackPointExtension>
            <ns3:hr>182</ns3:hr>
            <ns3:cad>90</ns3:cad>
          </ns3:TrackPointExtension>
        </extensions>
      </trkpt>
      <trkpt lat="40.40348592214286327362060546875" lon="116.683638878166675567626953125">
        <ele>85</ele>
        <time>2026-08-27T14:07:12.000Z</time>
        <extensions>
          <ns3:TrackPointExtension>
            <ns3:hr>182</ns3:hr>
            <ns3:cad>92</ns3:cad>
          </ns3:TrackPointExtension>
        </extensions>
      </trkpt>
      <trkpt lat="40.4034536518156528472900390625" lon="116.6836331784725189208984375">
        <ele>85</ele>
        <time>2026-08-27T14:07:13.000Z</time>
        <extensions>
          <ns3:TrackPointExtension>
            <ns3:hr>182</ns3:hr>
            <ns3:cad>92</ns3:cad>
          </ns3:TrackPointExtension>
        </extensions>
      </trkpt>
      <trkpt lat="40.4034204594790935516357421875" lon="116.68363393284380435943603515625">
        <ele>85</ele>
        <time>2026-08-27T14:07:14.000Z</time>
        <extensions>
          <ns3:TrackPointExtension>
            <ns3:hr>182</ns3:hr>
            <ns3:cad>92</ns3:cad>
          </ns3:TrackPointExtension>
        </extensions>
      </trkpt>
      <trkpt lat="40.40338751859962940216064453125" lon="116.68363192118704319000244140625">
        <ele>85</ele>
        <time>2026-08-27T14:07:15.000Z</time>
        <extensions>
          <ns3:TrackPointExtension>
            <ns3:hr>181</ns3:hr>
            <ns3:cad>91</ns3:cad>
          </ns3:TrackPointExtension>
        </extensions>
      </trkpt>
      <trkpt lat="40.40335315279662609100341796875" lon="116.68363192118704319000244140625">
        <ele>85</ele>
        <time>2026-08-27T14:07:16.000Z</time>
        <extensions>
          <ns3:TrackPointExtension>
            <ns3:hr>182</ns3:hr>
            <ns3:cad>91</ns3:cad>
          </ns3:TrackPointExtension>
        </extensions>
      </trkpt>
      <trkpt lat="40.40331778116524219512939453125" lon="116.68363627977669239044189453125">
        <ele>85.1999969482421875</ele>
        <time>2026-08-27T14:07:17.000Z</time>
        <extensions>
          <ns3:TrackPointExtension>
            <ns3:hr>182</ns3:hr>
            <ns3:cad>91</ns3:cad>
          </ns3:TrackPointExtension>
        </extensions>
      </trkpt>
      <trkpt lat="40.40328442119061946868896484375" lon="116.68363912962377071380615234375">
        <ele>85.1999969482421875</ele>
        <time>2026-08-27T14:07:18.000Z</time>
        <extensions>
          <ns3:TrackPointExtension>
            <ns3:hr>182</ns3:hr>
            <ns3:cad>91</ns3:cad>
          </ns3:TrackPointExtension>
        </extensions>
      </trkpt>
      <trkpt lat="40.4032551683485507965087890625" lon="116.6836492717266082763671875">
        <ele>85.40000152587890625</ele>
        <time>2026-08-27T14:07:19.000Z</time>
        <extensions>
          <ns3:TrackPointExtension>
            <ns3:hr>182</ns3:hr>
            <ns3:cad>89</ns3:cad>
          </ns3:TrackPointExtension>
        </extensions>
      </trkpt>
      <trkpt lat="40.403217114508152008056640625" lon="116.6836641915142536163330078125">
        <ele>85.40000152587890625</ele>
        <time>2026-08-27T14:07:20.000Z</time>
        <extensions>
          <ns3:TrackPointExtension>
            <ns3:hr>181</ns3:hr>
            <ns3:cad>89</ns3:cad>
          </ns3:TrackPointExtension>
        </extensions>
      </trkpt>
      <trkpt lat="40.40319607593119144439697265625" lon="116.6836856491863727569580078125">
        <ele>85.40000152587890625</ele>
        <time>2026-08-27T14:07:21.000Z</time>
        <extensions>
          <ns3:TrackPointExtension>
            <ns3:hr>181</ns3:hr>
            <ns3:cad>89</ns3:cad>
          </ns3:TrackPointExtension>
        </extensions>
      </trkpt>
      <trkpt lat="40.40316003374755382537841796875" lon="116.68370752595365047454833984375">
        <ele>85.1999969482421875</ele>
        <time>2026-08-27T14:07:22.000Z</time>
        <extensions>
          <ns3:TrackPointExtension>
            <ns3:hr>181</ns3:hr>
            <ns3:cad>89</ns3:cad>
          </ns3:TrackPointExtension>
        </extensions>
      </trkpt>
      <trkpt lat="40.4031384922564029693603515625" lon="116.68373644351959228515625">
        <ele>85.1999969482421875</ele>
        <time>2026-08-27T14:07:23.000Z</time>
        <extensions>
          <ns3:TrackPointExtension>
            <ns3:hr>180</ns3:hr>
            <ns3:cad>93</ns3:cad>
          </ns3:TrackPointExtension>
        </extensions>
      </trkpt>
      <trkpt lat="40.40310211479663848876953125" lon="116.68376217596232891082763671875">
        <ele>85.1999969482421875</ele>
        <time>2026-08-27T14:07:24.000Z</time>
        <extensions>
          <ns3:TrackPointExtension>
            <ns3:hr>180</ns3:hr>
            <ns3:cad>93</ns3:cad>
          </ns3:TrackPointExtension>
        </extensions>
      </trkpt>
      <trkpt lat="40.40308199822902679443359375" lon="116.6837941110134124755859375">
        <ele>85.1999969482421875</ele>
        <time>2026-08-27T14:07:25.000Z</time>
        <extensions>
          <ns3:TrackPointExtension>
            <ns3:hr>180</ns3:hr>
            <ns3:cad>93</ns3:cad>
          </ns3:TrackPointExtension>
        </extensions>
      </trkpt>
      <trkpt lat="40.4030546732246875762939453125" lon="116.68383241631090641021728515625">
        <ele>85</ele>
        <time>2026-08-27T14:07:26.000Z</time>
        <extensions>
          <ns3:TrackPointExtension>
            <ns3:hr>180</ns3:hr>
            <ns3:cad>92</ns3:cad>
          </ns3:TrackPointExtension>
        </extensions>
      </trkpt>
      <trkpt lat="40.40304101072251796722412109375" lon="116.68386518955230712890625">
        <ele>85</ele>
        <time>2026-08-27T14:07:27.000Z</time>
        <extensions>
          <ns3:TrackPointExtension>
            <ns3:hr>178</ns3:hr>
            <ns3:cad>92</ns3:cad>
          </ns3:TrackPointExtension>
        </extensions>
      </trkpt>
      <trkpt lat="40.40301905013620853424072265625" lon="116.68390902690589427947998046875">
        <ele>85</ele>
        <time>2026-08-27T14:07:28.000Z</time>
        <extensions>
          <ns3:TrackPointExtension>
            <ns3:hr>178</ns3:hr>
            <ns3:cad>92</ns3:cad>
          </ns3:TrackPointExtension>
        </extensions>
      </trkpt>
      <trkpt lat="40.40301267988979816436767578125" lon="116.68394590727984905242919921875">
        <ele>85</ele>
        <time>2026-08-27T14:07:29.000Z</time>
        <extensions>
          <ns3:TrackPointExtension>
            <ns3:hr>179</ns3:hr>
            <ns3:cad>92</ns3:cad>
          </ns3:TrackPointExtension>
        </extensions>
      </trkpt>
      <trkpt lat="40.4029976762831211090087890625" lon="116.683990918099880218505859375">
        <ele>85</ele>
        <time>2026-08-27T14:07:30.000Z</time>
        <extensions>
          <ns3:TrackPointExtension>
            <ns3:hr>179</ns3:hr>
            <ns3:cad>92</ns3:cad>
          </ns3:TrackPointExtension>
        </extensions>
      </trkpt>
      <trkpt lat="40.40299625135958194732666015625" lon="116.68402503244578838348388671875">
        <ele>85</ele>
        <time>2026-08-27T14:07:31.000Z</time>
        <extensions>
          <ns3:TrackPointExtension>
            <ns3:hr>178</ns3:hr>
            <ns3:cad>92</ns3:cad>
          </ns3:TrackPointExtension>
        </extensions>
      </trkpt>
      <trkpt lat="40.40298719890415668487548828125" lon="116.68407440185546875">
        <ele>85</ele>
        <time>2026-08-27T14:07:32.000Z</time>
        <extensions>
          <ns3:TrackPointExtension>
            <ns3:hr>178</ns3:hr>
            <ns3:cad>91</ns3:cad>
          </ns3:TrackPointExtension>
        </extensions>
      </trkpt>
      <trkpt lat="40.40299155749380588531494140625" lon="116.68411488644778728485107421875">
        <ele>85</ele>
        <time>2026-08-27T14:07:33.000Z</time>
        <extensions>
          <ns3:TrackPointExtension>
            <ns3:hr>177</ns3:hr>
            <ns3:cad>90</ns3:cad>
          </ns3:TrackPointExtension>
        </extensions>
      </trkpt>
      <trkpt lat="40.4029899649322032928466796875" lon="116.6841650940477848052978515625">
        <ele>85</ele>
        <time>2026-08-27T14:07:34.000Z</time>
        <extensions>
          <ns3:TrackPointExtension>
            <ns3:hr>177</ns3:hr>
            <ns3:cad>90</ns3:cad>
          </ns3:TrackPointExtension>
        </extensions>
      </trkpt>
      <trkpt lat="40.402994491159915924072265625" lon="116.68420071713626384735107421875">
        <ele>85</ele>
        <time>2026-08-27T14:07:35.000Z</time>
        <extensions>
          <ns3:TrackPointExtension>
            <ns3:hr>176</ns3:hr>
            <ns3:cad>90</ns3:cad>
          </ns3:TrackPointExtension>
        </extensions>
      </trkpt>
      <trkpt lat="40.40299675427377223968505859375" lon="116.68424832634627819061279296875">
        <ele>85</ele>
        <time>2026-08-27T14:07:36.000Z</time>
        <extensions>
          <ns3:TrackPointExtension>
            <ns3:hr>176</ns3:hr>
            <ns3:cad>91</ns3:cad>
          </ns3:TrackPointExtension>
        </extensions>
      </trkpt>
      <trkpt lat="40.40300915949046611785888671875" lon="116.68428294360637664794921875">
        <ele>85</ele>
        <time>2026-08-27T14:07:37.000Z</time>
        <extensions>
          <ns3:TrackPointExtension>
            <ns3:hr>177</ns3:hr>
            <ns3:cad>91</ns3:cad>
          </ns3:TrackPointExtension>
        </extensions>
      </trkpt>
      <trkpt lat="40.40301888249814510345458984375" lon="116.68432862497866153717041015625">
        <ele>85</ele>
        <time>2026-08-27T14:07:38.000Z</time>
        <extensions>
          <ns3:TrackPointExtension>
            <ns3:hr>178</ns3:hr>
            <ns3:cad>90</ns3:cad>
          </ns3:TrackPointExtension>
        </extensions>
      </trkpt>
      <trkpt lat="40.40303505957126617431640625" lon="116.684357710182666778564453125">
        <ele>85</ele>
        <time>2026-08-27T14:07:39.000Z</time>
        <extensions>
          <ns3:TrackPointExtension>
            <ns3:hr>178</ns3:hr>
            <ns3:cad>90</ns3:cad>
          </ns3:TrackPointExtension>
        </extensions>
      </trkpt>
      <trkpt lat="40.40305308066308498382568359375" lon="116.68439601548016071319580078125">
        <ele>85</ele>
        <time>2026-08-27T14:07:40.000Z</time>
        <extensions>
          <ns3:TrackPointExtension>
            <ns3:hr>179</ns3:hr>
            <ns3:cad>90</ns3:cad>
          </ns3:TrackPointExtension>
        </extensions>
      </trkpt>
      <trkpt lat="40.40307152085006237030029296875" lon="116.68442049063742160797119140625">
        <ele>85</ele>
        <time>2026-08-27T14:07:41.000Z</time>
        <extensions>
          <ns3:TrackPointExtension>
            <ns3:hr>180</ns3:hr>
            <ns3:cad>90</ns3:cad>
          </ns3:TrackPointExtension>
        </extensions>
      </trkpt>
      <trkpt lat="40.403096415102481842041015625" lon="116.68445636518299579620361328125">
        <ele>85.1999969482421875</ele>
        <time>2026-08-27T14:07:42.000Z</time>
        <extensions>
          <ns3:TrackPointExtension>
            <ns3:hr>179</ns3:hr>
            <ns3:cad>90</ns3:cad>
          </ns3:TrackPointExtension>
        </extensions>
      </trkpt>
      <trkpt lat="40.40311820805072784423828125" lon="116.6844718717038631439208984375">
        <ele>85.1999969482421875</ele>
        <time>2026-08-27T14:07:43.000Z</time>
        <extensions>
          <ns3:TrackPointExtension>
            <ns3:hr>179</ns3:hr>
            <ns3:cad>90</ns3:cad>
          </ns3:TrackPointExtension>
        </extensions>
      </trkpt>
      <trkpt lat="40.40315014310181140899658203125" lon="116.68449894525110721588134765625">
        <ele>85.1999969482421875</ele>
        <time>2026-08-27T14:07:44.000Z</time>
        <extensions>
          <ns3:TrackPointExtension>
            <ns3:hr>179</ns3:hr>
            <ns3:cad>90</ns3:cad>
          </ns3:TrackPointExtension>
        </extensions>
      </trkpt>
      <trkpt lat="40.403174199163913726806640625" lon="116.68450984172523021697998046875">
        <ele>85.1999969482421875</ele>
        <time>2026-08-27T14:07:45.000Z</time>
        <extensions>
          <ns3:TrackPointExtension>
            <ns3:hr>179</ns3:hr>
            <ns3:cad>90</ns3:cad>
          </ns3:TrackPointExtension>
        </extensions>
      </trkpt>
      <trkpt lat="40.40320537984371185302734375" lon="116.68453079648315906524658203125">
        <ele>85.1999969482421875</ele>
        <time>2026-08-27T14:07:46.000Z</time>
        <extensions>
          <ns3:TrackPointExtension>
            <ns3:hr>179</ns3:hr>
            <ns3:cad>90</ns3:cad>
          </ns3:TrackPointExtension>
        </extensions>
      </trkpt>
      <trkpt lat="40.40323144756257534027099609375" lon="116.68453565798699855804443359375">
        <ele>85.1999969482421875</ele>
        <time>2026-08-27T14:07:47.000Z</time>
        <extensions>
          <ns3:TrackPointExtension>
            <ns3:hr>178</ns3:hr>
            <ns3:cad>90</ns3:cad>
          </ns3:TrackPointExtension>
        </extensions>
      </trkpt>
      <trkpt lat="40.4032689146697521209716796875" lon="116.68455342762172222137451171875">
        <ele>85.1999969482421875</ele>
        <time>2026-08-27T14:07:48.000Z</time>
        <extensions>
          <ns3:TrackPointExtension>
            <ns3:hr>178</ns3:hr>
            <ns3:cad>90</ns3:cad>
          </ns3:TrackPointExtension>
        </extensions>
      </trkpt>
      <trkpt lat="40.40329498238861560821533203125" lon="116.68455116450786590576171875">
        <ele>85.1999969482421875</ele>
        <time>2026-08-27T14:07:49.000Z</time>
        <extensions>
          <ns3:TrackPointExtension>
            <ns3:hr>179</ns3:hr>
            <ns3:cad>88</ns3:cad>
          </ns3:TrackPointExtension>
        </extensions>
      </trkpt>
      <trkpt lat="40.40333270095288753509521484375" lon="116.68456130661070346832275390625">
        <ele>85.1999969482421875</ele>
        <time>2026-08-27T14:07:50.000Z</time>
        <extensions>
          <ns3:TrackPointExtension>
            <ns3:hr>179</ns3:hr>
            <ns3:cad>88</ns3:cad>
          </ns3:TrackPointExtension>
        </extensions>
      </trkpt>
      <trkpt lat="40.40335650555789470672607421875" lon="116.68455409817397594451904296875">
        <ele>85.1999969482421875</ele>
        <time>2026-08-27T14:07:51.000Z</time>
        <extensions>
          <ns3:TrackPointExtension>
            <ns3:hr>178</ns3:hr>
            <ns3:cad>89</ns3:cad>
          </ns3:TrackPointExtension>
        </extensions>
      </trkpt>
      <trkpt lat="40.40339539758861064910888671875" lon="116.68455845676362514495849609375">
        <ele>85.1999969482421875</ele>
        <time>2026-08-27T14:07:52.000Z</time>
        <extensions>
          <ns3:TrackPointExtension>
            <ns3:hr>178</ns3:hr>
            <ns3:cad>89</ns3:cad>
          </ns3:TrackPointExtension>
        </extensions>
      </trkpt>
      <trkpt lat="40.40342540480196475982666015625" lon="116.684555523097515106201171875">
        <ele>85.1999969482421875</ele>
        <time>2026-08-27T14:07:53.000Z</time>
        <extensions>
          <ns3:TrackPointExtension>
            <ns3:hr>177</ns3:hr>
            <ns3:cad>89</ns3:cad>
          </ns3:TrackPointExtension>
        </extensions>
      </trkpt>
      <trkpt lat="40.40346010588109493255615234375" lon="116.68456667102873325347900390625">
        <ele>85.1999969482421875</ele>
        <time>2026-08-27T14:07:54.000Z</time>
        <extensions>
          <ns3:TrackPointExtension>
            <ns3:hr>178</ns3:hr>
            <ns3:cad>90</ns3:cad>
          </ns3:TrackPointExtension>
        </extensions>
      </trkpt>
      <trkpt lat="40.40348240174353122711181640625" lon="116.68456415645778179168701171875">
        <ele>85.1999969482421875</ele>
        <time>2026-08-27T14:07:55.000Z</time>
        <extensions>
          <ns3:TrackPointExtension>
            <ns3:hr>177</ns3:hr>
            <ns3:cad>90</ns3:cad>
          </ns3:TrackPointExtension>
        </extensions>
      </trkpt>
      <trkpt lat="40.403522215783596038818359375" lon="116.68457170017063617706298828125">
        <ele>85.1999969482421875</ele>
        <time>2026-08-27T14:07:56.000Z</time>
        <extensions>
          <ns3:TrackPointExtension>
            <ns3:hr>177</ns3:hr>
            <ns3:cad>89</ns3:cad>
          </ns3:TrackPointExtension>
        </extensions>
      </trkpt>
      <trkpt lat="40.403547026216983795166015625" lon="116.68456859886646270751953125">
        <ele>85.40000152587890625</ele>
        <time>2026-08-27T14:07:57.000Z</time>
        <extensions>
          <ns3:TrackPointExtension>
            <ns3:hr>175</ns3:hr>
            <ns3:cad>89</ns3:cad>
          </ns3:TrackPointExtension>
        </extensions>
      </trkpt>
      <trkpt lat="40.4035847447812557220458984375" lon="116.684573628008365631103515625">
        <ele>85.1999969482421875</ele>
        <time>2026-08-27T14:07:58.000Z</time>
        <extensions>
          <ns3:TrackPointExtension>
            <ns3:hr>176</ns3:hr>
            <ns3:cad>89</ns3:cad>
          </ns3:TrackPointExtension>
        </extensions>
      </trkpt>
      <trkpt lat="40.4036105610430240631103515625" lon="116.68456834740936756134033203125">
        <ele>85.1999969482421875</ele>
        <time>2026-08-27T14:07:59.000Z</time>
        <extensions>
          <ns3:TrackPointExtension>
            <ns3:hr>174</ns3:hr>
            <ns3:cad>89</ns3:cad>
          </ns3:TrackPointExtension>
        </extensions>
      </trkpt>
      <trkpt lat="40.40364786051213741302490234375" lon="116.68457069434225559234619140625">
        <ele>85.1999969482421875</ele>
        <time>2026-08-27T14:08:00.000Z</time>
        <extensions>
          <ns3:TrackPointExtension>
            <ns3:hr>176</ns3:hr>
            <ns3:cad>89</ns3:cad>
          </ns3:TrackPointExtension>
        </extensions>
      </trkpt>
      <trkpt lat="40.4036735929548740386962890625" lon="116.68456667102873325347900390625">
        <ele>85.1999969482421875</ele>
        <time>2026-08-27T14:08:01.000Z</time>
        <extensions>
          <ns3:TrackPointExtension>
            <ns3:hr>174</ns3:hr>
            <ns3:cad>89</ns3:cad>
          </ns3:TrackPointExtension>
        </extensions>
      </trkpt>
      <trkpt lat="40.4037074558436870574951171875" lon="116.68456650339066982269287109375">
        <ele>85.1999969482421875</ele>
        <time>2026-08-27T14:08:02.000Z</time>
        <extensions>
          <ns3:TrackPointExtension>
            <ns3:hr>174</ns3:hr>
            <ns3:cad>89</ns3:cad>
          </ns3:TrackPointExtension>
        </extensions>
      </trkpt>
      <trkpt lat="40.40373536758124828338623046875" lon="116.6845630668103694915771484375">
        <ele>85.1999969482421875</ele>
        <time>2026-08-27T14:08:03.000Z</time>
        <extensions>
          <ns3:TrackPointExtension>
            <ns3:hr>174</ns3:hr>
            <ns3:cad>89</ns3:cad>
          </ns3:TrackPointExtension>
        </extensions>
      </trkpt>
      <trkpt lat="40.4037688113749027252197265625" lon="116.68456348590552806854248046875">
        <ele>85.1999969482421875</ele>
        <time>2026-08-27T14:08:04.000Z</time>
        <extensions>
          <ns3:TrackPointExtension>
            <ns3:hr>174</ns3:hr>
            <ns3:cad>89</ns3:cad>
          </ns3:TrackPointExtension>
        </extensions>
      </trkpt>
      <trkpt lat="40.40380007587373256683349609375" lon="116.68456449173390865325927734375">
        <ele>85.1999969482421875</ele>
        <time>2026-08-27T14:08:05.000Z</time>
        <extensions>
          <ns3:TrackPointExtension>
            <ns3:hr>173</ns3:hr>
            <ns3:cad>89</ns3:cad>
          </ns3:TrackPointExtension>
        </extensions>
      </trkpt>
      <trkpt lat="40.40383377112448215484619140625" lon="116.68456750921905040740966796875">
        <ele>85</ele>
        <time>2026-08-27T14:08:06.000Z</time>
        <extensions>
          <ns3:TrackPointExtension>
            <ns3:hr>172</ns3:hr>
            <ns3:cad>89</ns3:cad>
          </ns3:TrackPointExtension>
        </extensions>
      </trkpt>
      <trkpt lat="40.40386796928942203521728515625" lon="116.6845711134374141693115234375">
        <ele>85</ele>
        <time>2026-08-27T14:08:07.000Z</time>
        <extensions>
          <ns3:TrackPointExtension>
            <ns3:hr>173</ns3:hr>
            <ns3:cad>88</ns3:cad>
          </ns3:TrackPointExtension>
        </extensions>
      </trkpt>
      <trkpt lat="40.4038985632359981536865234375" lon="116.6845667548477649688720703125">
        <ele>85</ele>
        <time>2026-08-27T14:08:08.000Z</time>
        <extensions>
          <ns3:TrackPointExtension>
            <ns3:hr>173</ns3:hr>
            <ns3:cad>87</ns3:cad>
          </ns3:TrackPointExtension>
        </extensions>
      </trkpt>
      <trkpt lat="40.40393167175352573394775390625" lon="116.6845746338367462158203125">
        <ele>85</ele>
        <time>2026-08-27T14:08:09.000Z</time>
        <extensions>
          <ns3:TrackPointExtension>
            <ns3:hr>173</ns3:hr>
            <ns3:cad>87</ns3:cad>
          </ns3:TrackPointExtension>
        </extensions>
      </trkpt>
      <trkpt lat="40.40396134369075298309326171875" lon="116.684575639665126800537109375">
        <ele>85</ele>
        <time>2026-08-27T14:08:10.000Z</time>
        <extensions>
          <ns3:TrackPointExtension>
            <ns3:hr>174</ns3:hr>
            <ns3:cad>88</ns3:cad>
          </ns3:TrackPointExtension>
        </extensions>
      </trkpt>
      <trkpt lat="40.40399604476988315582275390625" lon="116.68458041734993457794189453125">
        <ele>85</ele>
        <time>2026-08-27T14:08:11.000Z</time>
        <extensions>
          <ns3:TrackPointExtension>
            <ns3:hr>175</ns3:hr>
            <ns3:cad>89</ns3:cad>
          </ns3:TrackPointExtension>
        </extensions>
      </trkpt>
      <trkpt lat="40.404025800526142120361328125" lon="116.68457924388349056243896484375">
        <ele>85</ele>
        <time>2026-08-27T14:08:12.000Z</time>
        <extensions>
          <ns3:TrackPointExtension>
            <ns3:hr>173</ns3:hr>
            <ns3:cad>89</ns3:cad>
          </ns3:TrackPointExtension>
        </extensions>
      </trkpt>
      <trkpt lat="40.4040638543665409088134765625" lon="116.68458242900669574737548828125">
        <ele>85</ele>
        <time>2026-08-27T14:08:13.000Z</time>
        <extensions>
          <ns3:TrackPointExtension>
            <ns3:hr>173</ns3:hr>
            <ns3:cad>89</ns3:cad>
          </ns3:TrackPointExtension>
        </extensions>
      </trkpt>
      <trkpt lat="40.40409386157989501953125" lon="116.68457488529384136199951171875">
        <ele>85</ele>
        <time>2026-08-27T14:08:14.000Z</time>
        <extensions>
          <ns3:TrackPointExtension>
            <ns3:hr>172</ns3:hr>
            <ns3:cad>88</ns3:cad>
          </ns3:TrackPointExtension>
        </extensions>
      </trkpt>
      <trkpt lat="40.40413049049675464630126953125" lon="116.684571616351604461669921875">
        <ele>85</ele>
        <time>2026-08-27T14:08:15.000Z</time>
        <extensions>
          <ns3:TrackPointExtension>
            <ns3:hr>172</ns3:hr>
            <ns3:cad>88</ns3:cad>
          </ns3:TrackPointExtension>
        </extensions>
      </trkpt>
      <trkpt lat="40.404159240424633026123046875" lon="116.6845577023923397064208984375">
        <ele>85</ele>
        <time>2026-08-27T14:08:16.000Z</time>
        <extensions>
          <ns3:TrackPointExtension>
            <ns3:hr>171</ns3:hr>
            <ns3:cad>88</ns3:cad>
          </ns3:TrackPointExtension>
        </extensions>
      </trkpt>
      <trkpt lat="40.40419436059892177581787109375" lon="116.68454982340335845947265625">
        <ele>85</ele>
        <time>2026-08-27T14:08:17.000Z</time>
        <extensions>
          <ns3:TrackPointExtension>
            <ns3:hr>171</ns3:hr>
            <ns3:cad>89</ns3:cad>
          </ns3:TrackPointExtension>
        </extensions>
      </trkpt>
      <trkpt lat="40.40421715937554836273193359375" lon="116.6845288686454296112060546875">
        <ele>85</ele>
        <time>2026-08-27T14:08:18.000Z</time>
        <extensions>
          <ns3:TrackPointExtension>
            <ns3:hr>173</ns3:hr>
            <ns3:cad>89</ns3:cad>
          </ns3:TrackPointExtension>
        </extensions>
      </trkpt>
      <trkpt lat="40.40425144135951995849609375" lon="116.6845104284584522247314453125">
        <ele>85</ele>
        <time>2026-08-27T14:08:19.000Z</time>
        <extensions>
          <ns3:TrackPointExtension>
            <ns3:hr>174</ns3:hr>
            <ns3:cad>89</ns3:cad>
          </ns3:TrackPointExtension>
        </extensions>
      </trkpt>
      <trkpt lat="40.404273569583892822265625" lon="116.6844826005399227142333984375">
        <ele>85</ele>
        <time>2026-08-27T14:08:20.000Z</time>
        <extensions>
          <ns3:TrackPointExtension>
            <ns3:hr>175</ns3:hr>
            <ns3:cad>90</ns3:cad>
          </ns3:TrackPointExtension>
        </extensions>
      </trkpt>
      <trkpt lat="40.40430382825434207916259765625" lon="116.68445326387882232666015625">
        <ele>85</ele>
        <time>2026-08-27T14:08:21.000Z</time>
        <extensions>
          <ns3:TrackPointExtension>
            <ns3:hr>176</ns3:hr>
            <ns3:cad>90</ns3:cad>
          </ns3:TrackPointExtension>
        </extensions>
      </trkpt>
      <trkpt lat="40.4043257050216197967529296875" lon="116.684421412646770477294921875">
        <ele>85</ele>
        <time>2026-08-27T14:08:22.000Z</time>
        <extensions>
          <ns3:TrackPointExtension>
            <ns3:hr>174</ns3:hr>
            <ns3:cad>89</ns3:cad>
          </ns3:TrackPointExtension>
        </extensions>
      </trkpt>
      <trkpt lat="40.4043518565595149993896484375" lon="116.684388555586338043212890625">
        <ele>85</ele>
        <time>2026-08-27T14:08:23.000Z</time>
        <extensions>
          <ns3:TrackPointExtension>
            <ns3:hr>175</ns3:hr>
            <ns3:cad>89</ns3:cad>
          </ns3:TrackPointExtension>
        </extensions>
      </trkpt>
      <trkpt lat="40.40436384268105030059814453125" lon="116.684353016316890716552734375">
        <ele>85</ele>
        <time>2026-08-27T14:08:24.000Z</time>
        <extensions>
          <ns3:TrackPointExtension>
            <ns3:hr>173</ns3:hr>
            <ns3:cad>89</ns3:cad>
          </ns3:TrackPointExtension>
        </extensions>
      </trkpt>
      <trkpt lat="40.40438630618155002593994140625" lon="116.684313453733921051025390625">
        <ele>85</ele>
        <time>2026-08-27T14:08:25.000Z</time>
        <extensions>
          <ns3:TrackPointExtension>
            <ns3:hr>175</ns3:hr>
            <ns3:cad>89</ns3:cad>
          </ns3:TrackPointExtension>
        </extensions>
      </trkpt>
      <trkpt lat="40.40439368225634098052978515625" lon="116.68427716009318828582763671875">
        <ele>85</ele>
        <time>2026-08-27T14:08:26.000Z</time>
        <extensions>
          <ns3:TrackPointExtension>
            <ns3:hr>173</ns3:hr>
            <ns3:cad>90</ns3:cad>
          </ns3:TrackPointExtension>
        </extensions>
      </trkpt>
      <trkpt lat="40.404410697519779205322265625" lon="116.684231646358966827392578125">
        <ele>85</ele>
        <time>2026-08-27T14:08:27.000Z</time>
        <extensions>
          <ns3:TrackPointExtension>
            <ns3:hr>174</ns3:hr>
            <ns3:cad>90</ns3:cad>
          </ns3:TrackPointExtension>
        </extensions>
      </trkpt>
      <trkpt lat="40.404410026967525482177734375" lon="116.68419702909886837005615234375">
        <ele>85</ele>
        <time>2026-08-27T14:08:28.000Z</time>
        <extensions>
          <ns3:TrackPointExtension>
            <ns3:hr>173</ns3:hr>
            <ns3:cad>90</ns3:cad>
          </ns3:TrackPointExtension>
        </extensions>
      </trkpt>
      <trkpt lat="40.40441832505166530609130859375" lon="116.6841496713459491729736328125">
        <ele>85.1999969482421875</ele>
        <time>2026-08-27T14:08:29.000Z</time>
        <extensions>
          <ns3:TrackPointExtension>
            <ns3:hr>174</ns3:hr>
            <ns3:cad>90</ns3:cad>
          </ns3:TrackPointExtension>
        </extensions>
      </trkpt>
      <trkpt lat="40.4044185765087604522705078125" lon="116.68410885147750377655029296875">
        <ele>85.1999969482421875</ele>
        <time>2026-08-27T14:08:30.000Z</time>
        <extensions>
          <ns3:TrackPointExtension>
            <ns3:hr>174</ns3:hr>
            <ns3:cad>90</ns3:cad>
          </ns3:TrackPointExtension>
        </extensions>
      </trkpt>
      <trkpt lat="40.40442117489874362945556640625" lon="116.684064678847789764404296875">
        <ele>85.1999969482421875</ele>
        <time>2026-08-27T14:08:31.000Z</time>
        <extensions>
          <ns3:TrackPointExtension>
            <ns3:hr>175</ns3:hr>
            <ns3:cad>88</ns3:cad>
          </ns3:TrackPointExtension>
        </extensions>
      </trkpt>
      <trkpt lat="40.404410026967525482177734375" lon="116.68403291143476963043212890625">
        <ele>85.1999969482421875</ele>
        <time>2026-08-27T14:08:32.000Z</time>
        <extensions>
          <ns3:TrackPointExtension>
            <ns3:hr>175</ns3:hr>
            <ns3:cad>87</ns3:cad>
          </ns3:TrackPointExtension>
        </extensions>
      </trkpt>
      <trkpt lat="40.404404662549495697021484375" lon="116.68398697860538959503173828125">
        <ele>85.40000152587890625</ele>
        <time>2026-08-27T14:08:33.000Z</time>
        <extensions>
          <ns3:TrackPointExtension>
            <ns3:hr>175</ns3:hr>
            <ns3:cad>87</ns3:cad>
          </ns3:TrackPointExtension>
        </extensions>
      </trkpt>
      <trkpt lat="40.40439116768538951873779296875" lon="116.68395797722041606903076171875">
        <ele>85.40000152587890625</ele>
        <time>2026-08-27T14:08:34.000Z</time>
        <extensions>
          <ns3:TrackPointExtension>
            <ns3:hr>176</ns3:hr>
            <ns3:cad>88</ns3:cad>
          </ns3:TrackPointExtension>
        </extensions>
      </trkpt>
      <trkpt lat="40.4043773375451564788818359375" lon="116.68391137383878231048583984375">
        <ele>85.40000152587890625</ele>
        <time>2026-08-27T14:08:35.000Z</time>
        <extensions>
          <ns3:TrackPointExtension>
            <ns3:hr>176</ns3:hr>
            <ns3:cad>88</ns3:cad>
          </ns3:TrackPointExtension>
        </extensions>
      </trkpt>
      <trkpt lat="40.404358394443988800048828125" lon="116.68388388119637966156005859375">
        <ele>85.40000152587890625</ele>
        <time>2026-08-27T14:08:36.000Z</time>
        <extensions>
          <ns3:TrackPointExtension>
            <ns3:hr>176</ns3:hr>
            <ns3:cad>89</ns3:cad>
          </ns3:TrackPointExtension>
        </extensions>
      </trkpt>
      <trkpt lat="40.4043394513428211212158203125" lon="116.68384532444179058074951171875">
        <ele>85.1999969482421875</ele>
        <time>2026-08-27T14:08:37.000Z</time>
        <extensions>
          <ns3:TrackPointExtension>
            <ns3:hr>176</ns3:hr>
            <ns3:cad>89</ns3:cad>
          </ns3:TrackPointExtension>
        </extensions>
      </trkpt>
      <trkpt lat="40.40431723929941654205322265625" lon="116.6838184185326099395751953125">
        <ele>85.1999969482421875</ele>
        <time>2026-08-27T14:08:38.000Z</time>
        <extensions>
          <ns3:TrackPointExtension>
            <ns3:hr>176</ns3:hr>
            <ns3:cad>89</ns3:cad>
          </ns3:TrackPointExtension>
        </extensions>
      </trkpt>
      <trkpt lat="40.40429024957120418548583984375" lon="116.683779694139957427978515625">
        <ele>85</ele>
        <time>2026-08-27T14:08:39.000Z</time>
        <extensions>
          <ns3:TrackPointExtension>
            <ns3:hr>175</ns3:hr>
            <ns3:cad>89</ns3:cad>
          </ns3:TrackPointExtension>
        </extensions>
      </trkpt>
      <trkpt lat="40.40426661260426044464111328125" lon="116.6837634332478046417236328125">
        <ele>85</ele>
        <time>2026-08-27T14:08:40.000Z</time>
        <extensions>
          <ns3:TrackPointExtension>
            <ns3:hr>174</ns3:hr>
            <ns3:cad>89</ns3:cad>
          </ns3:TrackPointExtension>
        </extensions>
      </trkpt>
      <trkpt lat="40.40423409081995487213134765625" lon="116.68373451568186283111572265625">
        <ele>85.1999969482421875</ele>
        <time>2026-08-27T14:08:41.000Z</time>
        <extensions>
          <ns3:TrackPointExtension>
            <ns3:hr>173</ns3:hr>
            <ns3:cad>89</ns3:cad>
          </ns3:TrackPointExtension>
        </extensions>
      </trkpt>
      <trkpt lat="40.40420810692012310028076171875" lon="116.68372747488319873809814453125">
        <ele>85.1999969482421875</ele>
        <time>2026-08-27T14:08:42.000Z</time>
        <extensions>
          <ns3:TrackPointExtension>
            <ns3:hr>173</ns3:hr>
            <ns3:cad>89</ns3:cad>
          </ns3:TrackPointExtension>
        </extensions>
      </trkpt>
      <trkpt lat="40.40417424403131008148193359375" lon="116.6837054304778575897216796875">
        <ele>85.40000152587890625</ele>
        <time>2026-08-27T14:08:43.000Z</time>
        <extensions>
          <ns3:TrackPointExtension>
            <ns3:hr>173</ns3:hr>
            <ns3:cad>89</ns3:cad>
          </ns3:TrackPointExtension>
        </extensions>
      </trkpt>
      <trkpt lat="40.40414876304566860198974609375" lon="116.6837000660598278045654296875">
        <ele>85.40000152587890625</ele>
        <time>2026-08-27T14:08:44.000Z</time>
        <extensions>
          <ns3:TrackPointExtension>
            <ns3:hr>174</ns3:hr>
            <ns3:cad>89</ns3:cad>
          </ns3:TrackPointExtension>
        </extensions>
      </trkpt>
      <trkpt lat="40.40411196649074554443359375" lon="116.68368590064346790313720703125">
        <ele>85.40000152587890625</ele>
        <time>2026-08-27T14:08:45.000Z</time>
        <extensions>
          <ns3:TrackPointExtension>
            <ns3:hr>175</ns3:hr>
            <ns3:cad>89</ns3:cad>
          </ns3:TrackPointExtension>
        </extensions>
      </trkpt>
      <trkpt lat="40.4040873236954212188720703125" lon="116.6836866550147533416748046875">
        <ele>85.40000152587890625</ele>
        <time>2026-08-27T14:08:46.000Z</time>
        <extensions>
          <ns3:TrackPointExtension>
            <ns3:hr>176</ns3:hr>
            <ns3:cad>89</ns3:cad>
          </ns3:TrackPointExtension>
        </extensions>
      </trkpt>
      <trkpt lat="40.404050610959529876708984375" lon="116.683679111301898956298828125">
        <ele>85.1999969482421875</ele>
        <time>2026-08-27T14:08:47.000Z</time>
        <extensions>
          <ns3:TrackPointExtension>
            <ns3:hr>177</ns3:hr>
            <ns3:cad>90</ns3:cad>
          </ns3:TrackPointExtension>
        </extensions>
      </trkpt>
      <trkpt lat="40.40402085520327091217041015625" lon="116.68368221260607242584228515625">
        <ele>85.40000152587890625</ele>
        <time>2026-08-27T14:08:48.000Z</time>
        <extensions>
          <ns3:TrackPointExtension>
            <ns3:hr>177</ns3:hr>
            <ns3:cad>90</ns3:cad>
          </ns3:TrackPointExtension>
        </extensions>
      </trkpt>
      <trkpt lat="40.403981544077396392822265625" lon="116.68367668054997920989990234375">
        <ele>85.1999969482421875</ele>
        <time>2026-08-27T14:08:49.000Z</time>
        <extensions>
          <ns3:TrackPointExtension>
            <ns3:hr>177</ns3:hr>
            <ns3:cad>90</ns3:cad>
          </ns3:TrackPointExtension>
        </extensions>
      </trkpt>
      <trkpt lat="40.4039538837969303131103515625" lon="116.68367768637835979461669921875">
        <ele>85.1999969482421875</ele>
        <time>2026-08-27T14:08:50.000Z</time>
        <extensions>
          <ns3:TrackPointExtension>
            <ns3:hr>178</ns3:hr>
            <ns3:cad>89</ns3:cad>
          </ns3:TrackPointExtension>
        </extensions>
      </trkpt>
      <trkpt lat="40.403919182717800140380859375" lon="116.68367005884647369384765625">
        <ele>85.1999969482421875</ele>
        <time>2026-08-27T14:08:51.000Z</time>
        <extensions>
          <ns3:TrackPointExtension>
            <ns3:hr>178</ns3:hr>
            <ns3:cad>89</ns3:cad>
          </ns3:TrackPointExtension>
        </extensions>
      </trkpt>
      <trkpt lat="40.40389336645603179931640625" lon="116.6836702264845371246337890625">
        <ele>85.1999969482421875</ele>
        <time>2026-08-27T14:08:52.000Z</time>
        <extensions>
          <ns3:TrackPointExtension>
            <ns3:hr>177</ns3:hr>
            <ns3:cad>89</ns3:cad>
          </ns3:TrackPointExtension>
        </extensions>
      </trkpt>
      <trkpt lat="40.40385841391980648040771484375" lon="116.68366360478103160858154296875">
        <ele>85.1999969482421875</ele>
        <time>2026-08-27T14:08:53.000Z</time>
        <extensions>
          <ns3:TrackPointExtension>
            <ns3:hr>178</ns3:hr>
            <ns3:cad>89</ns3:cad>
          </ns3:TrackPointExtension>
        </extensions>
      </trkpt>
      <trkpt lat="40.4038305021822452545166015625" lon="116.68366829864680767059326171875">
        <ele>85.40000152587890625</ele>
        <time>2026-08-27T14:08:54.000Z</time>
        <extensions>
          <ns3:TrackPointExtension>
            <ns3:hr>176</ns3:hr>
            <ns3:cad>90</ns3:cad>
          </ns3:TrackPointExtension>
        </extensions>
      </trkpt>
      <trkpt lat="40.40379789657890796661376953125" lon="116.68366192840039730072021484375">
        <ele>85.1999969482421875</ele>
        <time>2026-08-27T14:08:55.000Z</time>
        <extensions>
          <ns3:TrackPointExtension>
            <ns3:hr>177</ns3:hr>
            <ns3:cad>90</ns3:cad>
          </ns3:TrackPointExtension>
        </extensions>
      </trkpt>
      <trkpt lat="40.40377199649810791015625" lon="116.6836662031710147857666015625">
        <ele>85.40000152587890625</ele>
        <time>2026-08-27T14:08:56.000Z</time>
        <extensions>
          <ns3:TrackPointExtension>
            <ns3:hr>176</ns3:hr>
            <ns3:cad>91</ns3:cad>
          </ns3:TrackPointExtension>
        </extensions>
      </trkpt>
      <trkpt lat="40.40373469702899456024169921875" lon="116.68366226367652416229248046875">
        <ele>85.40000152587890625</ele>
        <time>2026-08-27T14:08:57.000Z</time>
        <extensions>
          <ns3:TrackPointExtension>
            <ns3:hr>176</ns3:hr>
            <ns3:cad>91</ns3:cad>
          </ns3:TrackPointExtension>
        </extensions>
      </trkpt>
      <trkpt lat="40.403705947101116180419921875" lon="116.68367148377001285552978515625">
        <ele>85.40000152587890625</ele>
        <time>2026-08-27T14:08:58.000Z</time>
        <extensions>
          <ns3:TrackPointExtension>
            <ns3:hr>176</ns3:hr>
            <ns3:cad>90</ns3:cad>
          </ns3:TrackPointExtension>
        </extensions>
      </trkpt>
      <trkpt lat="40.40366537868976593017578125" lon="116.68367005884647369384765625">
        <ele>85.40000152587890625</ele>
        <time>2026-08-27T14:08:59.000Z</time>
        <extensions>
          <ns3:TrackPointExtension>
            <ns3:hr>176</ns3:hr>
            <ns3:cad>90</ns3:cad>
          </ns3:TrackPointExtension>
        </extensions>
      </trkpt>
      <trkpt lat="40.4036350362002849578857421875" lon="116.68367014266550540924072265625">
        <ele>85.1999969482421875</ele>
        <time>2026-08-27T14:09:00.000Z</time>
        <extensions>
          <ns3:TrackPointExtension>
            <ns3:hr>175</ns3:hr>
            <ns3:cad>90</ns3:cad>
          </ns3:TrackPointExtension>
        </extensions>
      </trkpt>
      <trkpt lat="40.40359857492148876190185546875" lon="116.6836695559322834014892578125">
        <ele>85.1999969482421875</ele>
        <time>2026-08-27T14:09:01.000Z</time>
        <extensions>
          <ns3:TrackPointExtension>
            <ns3:hr>175</ns3:hr>
            <ns3:cad>90</ns3:cad>
          </ns3:TrackPointExtension>
        </extensions>
      </trkpt>
      <trkpt lat="40.40356940589845180511474609375" lon="116.68366645462810993194580078125">
        <ele>85.1999969482421875</ele>
        <time>2026-08-27T14:09:02.000Z</time>
        <extensions>
          <ns3:TrackPointExtension>
            <ns3:hr>175</ns3:hr>
            <ns3:cad>90</ns3:cad>
          </ns3:TrackPointExtension>
        </extensions>
      </trkpt>
      <trkpt lat="40.40353269316256046295166015625" lon="116.68366326950490474700927734375">
        <ele>85.1999969482421875</ele>
        <time>2026-08-27T14:09:03.000Z</time>
        <extensions>
          <ns3:TrackPointExtension>
            <ns3:hr>175</ns3:hr>
            <ns3:cad>89</ns3:cad>
          </ns3:TrackPointExtension>
        </extensions>
      </trkpt>
      <trkpt lat="40.403504781424999237060546875" lon="116.6836692206561565399169921875">
        <ele>85.40000152587890625</ele>
        <time>2026-08-27T14:09:04.000Z</time>
        <extensions>
          <ns3:TrackPointExtension>
            <ns3:hr>176</ns3:hr>
            <ns3:cad>89</ns3:cad>
          </ns3:TrackPointExtension>
        </extensions>
      </trkpt>
      <trkpt lat="40.4034647159278392791748046875" lon="116.6836648620665073394775390625">
        <ele>85.40000152587890625</ele>
        <time>2026-08-27T14:09:05.000Z</time>
        <extensions>
          <ns3:TrackPointExtension>
            <ns3:hr>177</ns3:hr>
            <ns3:cad>88</ns3:cad>
          </ns3:TrackPointExtension>
        </extensions>
      </trkpt>
      <trkpt lat="40.4034328646957874298095703125" lon="116.6836665384471416473388671875">
        <ele>85.40000152587890625</ele>
        <time>2026-08-27T14:09:06.000Z</time>
        <extensions>
          <ns3:TrackPointExtension>
            <ns3:hr>177</ns3:hr>
            <ns3:cad>89</ns3:cad>
          </ns3:TrackPointExtension>
        </extensions>
      </trkpt>
      <trkpt lat="40.4033951461315155029296875" lon="116.6836626827716827392578125">
        <ele>85.40000152587890625</ele>
        <time>2026-08-27T14:09:07.000Z</time>
        <extensions>
          <ns3:TrackPointExtension>
            <ns3:hr>177</ns3:hr>
            <ns3:cad>89</ns3:cad>
          </ns3:TrackPointExtension>
        </extensions>
      </trkpt>
      <trkpt lat="40.40336203761398792266845703125" lon="116.683664023876190185546875">
        <ele>85.40000152587890625</ele>
        <time>2026-08-27T14:09:08.000Z</time>
        <extensions>
          <ns3:TrackPointExtension>
            <ns3:hr>176</ns3:hr>
            <ns3:cad>90</ns3:cad>
          </ns3:TrackPointExtension>
        </extensions>
      </trkpt>
      <trkpt lat="40.4033267498016357421875" lon="116.68366335332393646240234375">
        <ele>85.1999969482421875</ele>
        <time>2026-08-27T14:09:09.000Z</time>
        <extensions>
          <ns3:TrackPointExtension>
            <ns3:hr>176</ns3:hr>
            <ns3:cad>90</ns3:cad>
          </ns3:TrackPointExtension>
        </extensions>
      </trkpt>
      <trkpt lat="40.40329883806407451629638671875" lon="116.6836729086935520172119140625">
        <ele>85.40000152587890625</ele>
        <time>2026-08-27T14:09:10.000Z</time>
        <extensions>
          <ns3:TrackPointExtension>
            <ns3:hr>176</ns3:hr>
            <ns3:cad>90</ns3:cad>
          </ns3:TrackPointExtension>
        </extensions>
      </trkpt>
      <trkpt lat="40.403266064822673797607421875" lon="116.683674752712249755859375">
        <ele>85.40000152587890625</ele>
        <time>2026-08-27T14:09:11.000Z</time>
        <extensions>
          <ns3:TrackPointExtension>
            <ns3:hr>176</ns3:hr>
            <ns3:cad>90</ns3:cad>
          </ns3:TrackPointExtension>
        </extensions>
      </trkpt>
      <trkpt lat="40.4032387398183345794677734375" lon="116.68368103913962841033935546875">
        <ele>85.40000152587890625</ele>
        <time>2026-08-27T14:09:12.000Z</time>
        <extensions>
          <ns3:TrackPointExtension>
            <ns3:hr>175</ns3:hr>
            <ns3:cad>90</ns3:cad>
          </ns3:TrackPointExtension>
        </extensions>
      </trkpt>
      <trkpt lat="40.4032055474817752838134765625" lon="116.6836930252611637115478515625">
        <ele>85.40000152587890625</ele>
        <time>2026-08-27T14:09:13.000Z</time>
        <extensions>
          <ns3:TrackPointExtension>
            <ns3:hr>176</ns3:hr>
            <ns3:cad>89</ns3:cad>
          </ns3:TrackPointExtension>
        </extensions>
      </trkpt>
      <trkpt lat="40.40317847393453121185302734375" lon="116.6837114654481410980224609375">
        <ele>85.40000152587890625</ele>
        <time>2026-08-27T14:09:14.000Z</time>
        <extensions>
          <ns3:TrackPointExtension>
            <ns3:hr>176</ns3:hr>
            <ns3:cad>89</ns3:cad>
          </ns3:TrackPointExtension>
        </extensions>
      </trkpt>
      <trkpt lat="40.4031485505402088165283203125" lon="116.6837345995008945465087890625">
        <ele>85.40000152587890625</ele>
        <time>2026-08-27T14:09:15.000Z</time>
        <extensions>
          <ns3:TrackPointExtension>
            <ns3:hr>176</ns3:hr>
            <ns3:cad>89</ns3:cad>
          </ns3:TrackPointExtension>
        </extensions>
      </trkpt>
      <trkpt lat="40.40312265045940876007080078125" lon="116.68375614099204540252685546875">
        <ele>85.40000152587890625</ele>
        <time>2026-08-27T14:09:16.000Z</time>
        <extensions>
          <ns3:TrackPointExtension>
            <ns3:hr>175</ns3:hr>
            <ns3:cad>89</ns3:cad>
          </ns3:TrackPointExtension>
        </extensions>
      </trkpt>
      <trkpt lat="40.4030962474644184112548828125" lon="116.68378363363444805145263671875">
        <ele>85.40000152587890625</ele>
        <time>2026-08-27T14:09:17.000Z</time>
        <extensions>
          <ns3:TrackPointExtension>
            <ns3:hr>175</ns3:hr>
            <ns3:cad>90</ns3:cad>
          </ns3:TrackPointExtension>
        </extensions>
      </trkpt>
      <trkpt lat="40.40307085029780864715576171875" lon="116.6838137246668338775634765625">
        <ele>85.40000152587890625</ele>
        <time>2026-08-27T14:09:18.000Z</time>
        <extensions>
          <ns3:TrackPointExtension>
            <ns3:hr>175</ns3:hr>
            <ns3:cad>90</ns3:cad>
          </ns3:TrackPointExtension>
        </extensions>
      </trkpt>
      <trkpt lat="40.403051488101482391357421875" lon="116.68384934775531291961669921875">
        <ele>85.59999847412109375</ele>
        <time>2026-08-27T14:09:19.000Z</time>
        <extensions>
          <ns3:TrackPointExtension>
            <ns3:hr>174</ns3:hr>
            <ns3:cad>89</ns3:cad>
          </ns3:TrackPointExtension>
        </extensions>
      </trkpt>
      <trkpt lat="40.40303371846675872802734375" lon="116.683885641396045684814453125">
        <ele>85.59999847412109375</ele>
        <time>2026-08-27T14:09:20.000Z</time>
        <extensions>
          <ns3:TrackPointExtension>
            <ns3:hr>175</ns3:hr>
            <ns3:cad>89</ns3:cad>
          </ns3:TrackPointExtension>
        </extensions>
      </trkpt>
      <trkpt lat="40.40301569737493991851806640625" lon="116.683922521770000457763671875">
        <ele>85.59999847412109375</ele>
        <time>2026-08-27T14:09:21.000Z</time>
        <extensions>
          <ns3:TrackPointExtension>
            <ns3:hr>176</ns3:hr>
            <ns3:cad>89</ns3:cad>
          </ns3:TrackPointExtension>
        </extensions>
      </trkpt>
      <trkpt lat="40.403003878891468048095703125" lon="116.68395764194428920745849609375">
        <ele>85.59999847412109375</ele>
        <time>2026-08-27T14:09:22.000Z</time>
        <extensions>
          <ns3:TrackPointExtension>
            <ns3:hr>177</ns3:hr>
            <ns3:cad>89</ns3:cad>
          </ns3:TrackPointExtension>
        </extensions>
      </trkpt>
      <trkpt lat="40.40299340151250362396240234375" lon="116.684001982212066650390625">
        <ele>85.59999847412109375</ele>
        <time>2026-08-27T14:09:23.000Z</time>
        <extensions>
          <ns3:TrackPointExtension>
            <ns3:hr>178</ns3:hr>
            <ns3:cad>89</ns3:cad>
          </ns3:TrackPointExtension>
        </extensions>
      </trkpt>
      <trkpt lat="40.40298786945641040802001953125" lon="116.68404330499470233917236328125">
        <ele>85.59999847412109375</ele>
        <time>2026-08-27T14:09:24.000Z</time>
        <extensions>
          <ns3:TrackPointExtension>
            <ns3:hr>178</ns3:hr>
            <ns3:cad>90</ns3:cad>
          </ns3:TrackPointExtension>
        </extensions>
      </trkpt>
      <trkpt lat="40.40298250503838062286376953125" lon="116.68409007601439952850341796875">
        <ele>85.59999847412109375</ele>
        <time>2026-08-27T14:09:25.000Z</time>
        <extensions>
          <ns3:TrackPointExtension>
            <ns3:hr>179</ns3:hr>
            <ns3:cad>90</ns3:cad>
          </ns3:TrackPointExtension>
        </extensions>
      </trkpt>
      <trkpt lat="40.40298099629580974578857421875" lon="116.6841342486441135406494140625">
        <ele>85.59999847412109375</ele>
        <time>2026-08-27T14:09:26.000Z</time>
        <extensions>
          <ns3:TrackPointExtension>
            <ns3:hr>179</ns3:hr>
            <ns3:cad>90</ns3:cad>
          </ns3:TrackPointExtension>
        </extensions>
      </trkpt>
      <trkpt lat="40.402985773980617523193359375" lon="116.68418127112090587615966796875">
        <ele>85.40000152587890625</ele>
        <time>2026-08-27T14:09:27.000Z</time>
        <extensions>
          <ns3:TrackPointExtension>
            <ns3:hr>180</ns3:hr>
            <ns3:cad>90</ns3:cad>
          </ns3:TrackPointExtension>
        </extensions>
      </trkpt>
      <trkpt lat="40.402990467846393585205078125" lon="116.6842232644557952880859375">
        <ele>85.40000152587890625</ele>
        <time>2026-08-27T14:09:28.000Z</time>
        <extensions>
          <ns3:TrackPointExtension>
            <ns3:hr>179</ns3:hr>
            <ns3:cad>90</ns3:cad>
          </ns3:TrackPointExtension>
        </extensions>
      </trkpt>
      <trkpt lat="40.40300027467310428619384765625" lon="116.6842688620090484619140625">
        <ele>85.40000152587890625</ele>
        <time>2026-08-27T14:09:29.000Z</time>
        <extensions>
          <ns3:TrackPointExtension>
            <ns3:hr>179</ns3:hr>
            <ns3:cad>90</ns3:cad>
          </ns3:TrackPointExtension>
        </extensions>
      </trkpt>
      <trkpt lat="40.4030110873281955718994140625" lon="116.68430733494460582733154296875">
        <ele>85.1999969482421875</ele>
        <time>2026-08-27T14:09:30.000Z</time>
        <extensions>
          <ns3:TrackPointExtension>
            <ns3:hr>178</ns3:hr>
            <ns3:cad>90</ns3:cad>
          </ns3:TrackPointExtension>
        </extensions>
      </trkpt>
      <trkpt lat="40.40302474983036518096923828125" lon="116.6843454726040363311767578125">
        <ele>85.1999969482421875</ele>
        <time>2026-08-27T14:09:31.000Z</time>
        <extensions>
          <ns3:TrackPointExtension>
            <ns3:hr>179</ns3:hr>
            <ns3:cad>90</ns3:cad>
          </ns3:TrackPointExtension>
        </extensions>
      </trkpt>
      <trkpt lat="40.403039418160915374755859375" lon="116.6843806765973567962646484375">
        <ele>85.1999969482421875</ele>
        <time>2026-08-27T14:09:32.000Z</time>
        <extensions>
          <ns3:TrackPointExtension>
            <ns3:hr>179</ns3:hr>
            <ns3:cad>90</ns3:cad>
          </ns3:TrackPointExtension>
        </extensions>
      </trkpt>
      <trkpt lat="40.40305961854755878448486328125" lon="116.68441236019134521484375">
        <ele>85.1999969482421875</ele>
        <time>2026-08-27T14:09:33.000Z</time>
        <extensions>
          <ns3:TrackPointExtension>
            <ns3:hr>180</ns3:hr>
            <ns3:cad>89</ns3:cad>
          </ns3:TrackPointExtension>
        </extensions>
      </trkpt>
      <trkpt lat="40.40308333933353424072265625" lon="116.68444119393825531005859375">
        <ele>85.1999969482421875</ele>
        <time>2026-08-27T14:09:34.000Z</time>
        <extensions>
          <ns3:TrackPointExtension>
            <ns3:hr>180</ns3:hr>
            <ns3:cad>89</ns3:cad>
          </ns3:TrackPointExtension>
        </extensions>
      </trkpt>
      <trkpt lat="40.40310680866241455078125" lon="116.68446533381938934326171875">
        <ele>85.1999969482421875</ele>
        <time>2026-08-27T14:09:35.000Z</time>
        <extensions>
          <ns3:TrackPointExtension>
            <ns3:hr>181</ns3:hr>
            <ns3:cad>89</ns3:cad>
          </ns3:TrackPointExtension>
        </extensions>
      </trkpt>
      <trkpt lat="40.4031336307525634765625" lon="116.68449240736663341522216796875">
        <ele>85.1999969482421875</ele>
        <time>2026-08-27T14:09:36.000Z</time>
        <extensions>
          <ns3:TrackPointExtension>
            <ns3:hr>181</ns3:hr>
            <ns3:cad>90</ns3:cad>
          </ns3:TrackPointExtension>
        </extensions>
      </trkpt>
      <trkpt lat="40.4031602852046489715576171875" lon="116.68450565077364444732666015625">
        <ele>85.1999969482421875</ele>
        <time>2026-08-27T14:09:37.000Z</time>
        <extensions>
          <ns3:TrackPointExtension>
            <ns3:hr>181</ns3:hr>
            <ns3:cad>89</ns3:cad>
          </ns3:TrackPointExtension>
        </extensions>
      </trkpt>
      <trkpt lat="40.4031894542276859283447265625" lon="116.68452895246446132659912109375">
        <ele>85.1999969482421875</ele>
        <time>2026-08-27T14:09:38.000Z</time>
        <extensions>
          <ns3:TrackPointExtension>
            <ns3:hr>180</ns3:hr>
            <ns3:cad>89</ns3:cad>
          </ns3:TrackPointExtension>
        </extensions>
      </trkpt>
      <trkpt lat="40.40321820415556430816650390625" lon="116.6845372505486011505126953125">
        <ele>85.1999969482421875</ele>
        <time>2026-08-27T14:09:39.000Z</time>
        <extensions>
          <ns3:TrackPointExtension>
            <ns3:hr>179</ns3:hr>
            <ns3:cad>88</ns3:cad>
          </ns3:TrackPointExtension>
        </extensions>
      </trkpt>
      <trkpt lat="40.403251983225345611572265625" lon="116.68455292470753192901611328125">
        <ele>85.1999969482421875</ele>
        <time>2026-08-27T14:09:40.000Z</time>
        <extensions>
          <ns3:TrackPointExtension>
            <ns3:hr>178</ns3:hr>
            <ns3:cad>88</ns3:cad>
          </ns3:TrackPointExtension>
        </extensions>
      </trkpt>
      <trkpt lat="40.403279475867748260498046875" lon="116.68454973958432674407958984375">
        <ele>85.1999969482421875</ele>
        <time>2026-08-27T14:09:41.000Z</time>
        <extensions>
          <ns3:TrackPointExtension>
            <ns3:hr>178</ns3:hr>
            <ns3:cad>88</ns3:cad>
          </ns3:TrackPointExtension>
        </extensions>
      </trkpt>
      <trkpt lat="40.403315015137195587158203125" lon="116.6845623962581157684326171875">
        <ele>85.1999969482421875</ele>
        <time>2026-08-27T14:09:42.000Z</time>
        <extensions>
          <ns3:TrackPointExtension>
            <ns3:hr>177</ns3:hr>
            <ns3:cad>89</ns3:cad>
          </ns3:TrackPointExtension>
        </extensions>
      </trkpt>
      <trkpt lat="40.403341166675090789794921875" lon="116.68456591665744781494140625">
        <ele>85.1999969482421875</ele>
        <time>2026-08-27T14:09:43.000Z</time>
        <extensions>
          <ns3:TrackPointExtension>
            <ns3:hr>177</ns3:hr>
            <ns3:cad>89</ns3:cad>
          </ns3:TrackPointExtension>
        </extensions>
      </trkpt>
      <trkpt lat="40.40337863378226757049560546875" lon="116.68457672931253910064697265625">
        <ele>85</ele>
        <time>2026-08-27T14:09:44.000Z</time>
        <extensions>
          <ns3:TrackPointExtension>
            <ns3:hr>177</ns3:hr>
            <ns3:cad>89</ns3:cad>
          </ns3:TrackPointExtension>
        </extensions>
      </trkpt>
      <trkpt lat="40.40340520441532135009765625" lon="116.68457052670419216156005859375">
        <ele>85.1999969482421875</ele>
        <time>2026-08-27T14:09:45.000Z</time>
        <extensions>
          <ns3:TrackPointExtension>
            <ns3:hr>177</ns3:hr>
            <ns3:cad>89</ns3:cad>
          </ns3:TrackPointExtension>
        </extensions>
      </trkpt>
      <trkpt lat="40.40344409644603729248046875" lon="116.68457857333123683929443359375">
        <ele>85.1999969482421875</ele>
        <time>2026-08-27T14:09:46.000Z</time>
        <extensions>
          <ns3:TrackPointExtension>
            <ns3:hr>176</ns3:hr>
            <ns3:cad>89</ns3:cad>
          </ns3:TrackPointExtension>
        </extensions>
      </trkpt>
      <trkpt lat="40.4034694097936153411865234375" lon="116.68457002379000186920166015625">
        <ele>85.1999969482421875</ele>
        <time>2026-08-27T14:09:47.000Z</time>
        <extensions>
          <ns3:TrackPointExtension>
            <ns3:hr>176</ns3:hr>
            <ns3:cad>89</ns3:cad>
          </ns3:TrackPointExtension>
        </extensions>
      </trkpt>
      <trkpt lat="40.40350587107241153717041015625" lon="116.68457320891320705413818359375">
        <ele>85.1999969482421875</ele>
        <time>2026-08-27T14:09:48.000Z</time>
        <extensions>
          <ns3:TrackPointExtension>
            <ns3:hr>175</ns3:hr>
            <ns3:cad>89</ns3:cad>
          </ns3:TrackPointExtension>
        </extensions>
      </trkpt>
      <trkpt lat="40.40353571064770221710205078125" lon="116.6845697723329067230224609375">
        <ele>85.40000152587890625</ele>
        <time>2026-08-27T14:09:49.000Z</time>
        <extensions>
          <ns3:TrackPointExtension>
            <ns3:hr>174</ns3:hr>
            <ns3:cad>89</ns3:cad>
          </ns3:TrackPointExtension>
        </extensions>
      </trkpt>
      <trkpt lat="40.40356739424169063568115234375" lon="116.6845774836838245391845703125">
        <ele>85.59999847412109375</ele>
        <time>2026-08-27T14:09:50.000Z</time>
        <extensions>
          <ns3:TrackPointExtension>
            <ns3:hr>174</ns3:hr>
            <ns3:cad>89</ns3:cad>
          </ns3:TrackPointExtension>
        </extensions>
      </trkpt>
      <trkpt lat="40.40359295904636383056640625" lon="116.68457790277898311614990234375">
        <ele>85.8000030517578125</ele>
        <time>2026-08-27T14:09:51.000Z</time>
        <extensions>
          <ns3:TrackPointExtension>
            <ns3:hr>174</ns3:hr>
            <ns3:cad>89</ns3:cad>
          </ns3:TrackPointExtension>
        </extensions>
      </trkpt>
      <trkpt lat="40.4036296717822551727294921875" lon="116.68457807041704654693603515625">
        <ele>85.8000030517578125</ele>
        <time>2026-08-27T14:09:52.000Z</time>
        <extensions>
          <ns3:TrackPointExtension>
            <ns3:hr>175</ns3:hr>
            <ns3:cad>88</ns3:cad>
          </ns3:TrackPointExtension>
        </extensions>
      </trkpt>
      <trkpt lat="40.4036580026149749755859375" lon="116.68457555584609508514404296875">
        <ele>85.8000030517578125</ele>
        <time>2026-08-27T14:09:53.000Z</time>
        <extensions>
          <ns3:TrackPointExtension>
            <ns3:hr>173</ns3:hr>
            <ns3:cad>87</ns3:cad>
          </ns3:TrackPointExtension>
        </extensions>
      </trkpt>
      <trkpt lat="40.403688512742519378662109375" lon="116.68456993997097015380859375">
        <ele>85.59999847412109375</ele>
        <time>2026-08-27T14:09:54.000Z</time>
        <extensions>
          <ns3:TrackPointExtension>
            <ns3:hr>174</ns3:hr>
            <ns3:cad>86</ns3:cad>
          </ns3:TrackPointExtension>
        </extensions>
      </trkpt>
      <trkpt lat="40.40372061543166637420654296875" lon="116.68457530438899993896484375">
        <ele>85.59999847412109375</ele>
        <time>2026-08-27T14:09:55.000Z</time>
        <extensions>
          <ns3:TrackPointExtension>
            <ns3:hr>174</ns3:hr>
            <ns3:cad>86</ns3:cad>
          </ns3:TrackPointExtension>
        </extensions>
      </trkpt>
      <trkpt lat="40.40374743752181529998779296875" lon="116.684567928314208984375">
        <ele>85.40000152587890625</ele>
        <time>2026-08-27T14:09:56.000Z</time>
        <extensions>
          <ns3:TrackPointExtension>
            <ns3:hr>174</ns3:hr>
            <ns3:cad>86</ns3:cad>
          </ns3:TrackPointExtension>
        </extensions>
      </trkpt>
      <trkpt lat="40.403783731162548065185546875" lon="116.684574298560619354248046875">
        <ele>85.40000152587890625</ele>
        <time>2026-08-27T14:09:57.000Z</time>
        <extensions>
          <ns3:TrackPointExtension>
            <ns3:hr>173</ns3:hr>
            <ns3:cad>86</ns3:cad>
          </ns3:TrackPointExtension>
        </extensions>
      </trkpt>
      <trkpt lat="40.40381046943366527557373046875" lon="116.68457119725644588470458984375">
        <ele>85.40000152587890625</ele>
        <time>2026-08-27T14:09:58.000Z</time>
        <extensions>
          <ns3:TrackPointExtension>
            <ns3:hr>173</ns3:hr>
            <ns3:cad>87</ns3:cad>
          </ns3:TrackPointExtension>
        </extensions>
      </trkpt>
      <trkpt lat="40.40384315885603427886962890625" lon="116.68458142317831516265869140625">
        <ele>85.40000152587890625</ele>
        <time>2026-08-27T14:09:59.000Z</time>
        <extensions>
          <ns3:TrackPointExtension>
            <ns3:hr>173</ns3:hr>
            <ns3:cad>88</ns3:cad>
          </ns3:TrackPointExtension>
        </extensions>
      </trkpt>
      <trkpt lat="40.40386729873716831207275390625" lon="116.68457639403641223907470703125">
        <ele>85.40000152587890625</ele>
        <time>2026-08-27T14:10:00.000Z</time>
        <extensions>
          <ns3:TrackPointExtension>
            <ns3:hr>172</ns3:hr>
            <ns3:cad>88</ns3:cad>
          </ns3:TrackPointExtension>
        </extensions>
      </trkpt>
      <trkpt lat="40.40390769951045513153076171875" lon="116.68458159081637859344482421875">
        <ele>85.40000152587890625</ele>
        <time>2026-08-27T14:10:01.000Z</time>
        <extensions>
          <ns3:TrackPointExtension>
            <ns3:hr>172</ns3:hr>
            <ns3:cad>88</ns3:cad>
          </ns3:TrackPointExtension>
        </extensions>
      </trkpt>
      <trkpt lat="40.40393452160060405731201171875" lon="116.6845737956464290618896484375">
        <ele>85.40000152587890625</ele>
        <time>2026-08-27T14:10:02.000Z</time>
        <extensions>
          <ns3:TrackPointExtension>
            <ns3:hr>172</ns3:hr>
            <ns3:cad>88</ns3:cad>
          </ns3:TrackPointExtension>
        </extensions>
      </trkpt>
      <trkpt lat="40.403974838554859161376953125" lon="116.68457798659801483154296875">
        <ele>85.40000152587890625</ele>
        <time>2026-08-27T14:10:03.000Z</time>
        <extensions>
          <ns3:TrackPointExtension>
            <ns3:hr>173</ns3:hr>
            <ns3:cad>88</ns3:cad>
          </ns3:TrackPointExtension>
        </extensions>
      </trkpt>
      <trkpt lat="40.40400543250143527984619140625" lon="116.68457622639834880828857421875">
        <ele>85.40000152587890625</ele>
        <time>2026-08-27T14:10:04.000Z</time>
        <extensions>
          <ns3:TrackPointExtension>
            <ns3:hr>173</ns3:hr>
            <ns3:cad>88</ns3:cad>
          </ns3:TrackPointExtension>
        </extensions>
      </trkpt>
      <trkpt lat="40.404043234884738922119140625" lon="116.68457605876028537750244140625">
        <ele>85.1999969482421875</ele>
        <time>2026-08-27T14:10:05.000Z</time>
        <extensions>
          <ns3:TrackPointExtension>
            <ns3:hr>171</ns3:hr>
            <ns3:cad>88</ns3:cad>
          </ns3:TrackPointExtension>
        </extensions>
      </trkpt>
      <trkpt lat="40.404077433049678802490234375" lon="116.68457186780869960784912109375">
        <ele>85.40000152587890625</ele>
        <time>2026-08-27T14:10:06.000Z</time>
        <extensions>
          <ns3:TrackPointExtension>
            <ns3:hr>172</ns3:hr>
            <ns3:cad>88</ns3:cad>
          </ns3:TrackPointExtension>
        </extensions>
      </trkpt>
      <trkpt lat="40.4041101224720478057861328125" lon="116.68457253836095333099365234375">
        <ele>85.40000152587890625</ele>
        <time>2026-08-27T14:10:07.000Z</time>
        <extensions>
          <ns3:TrackPointExtension>
            <ns3:hr>172</ns3:hr>
            <ns3:cad>88</ns3:cad>
          </ns3:TrackPointExtension>
        </extensions>
      </trkpt>
      <trkpt lat="40.40414012968540191650390625" lon="116.6845667548477649688720703125">
        <ele>85.40000152587890625</ele>
        <time>2026-08-27T14:10:08.000Z</time>
        <extensions>
          <ns3:TrackPointExtension>
            <ns3:hr>173</ns3:hr>
            <ns3:cad>88</ns3:cad>
          </ns3:TrackPointExtension>
        </extensions>
      </trkpt>
      <trkpt lat="40.4041729867458343505859375" lon="116.6845531761646270751953125">
        <ele>85.40000152587890625</ele>
        <time>2026-08-27T14:10:09.000Z</time>
        <extensions>
          <ns3:TrackPointExtension>
            <ns3:hr>174</ns3:hr>
            <ns3:cad>88</ns3:cad>
          </ns3:TrackPointExtension>
        </extensions>
      </trkpt>
      <trkpt lat="40.4042036645114421844482421875" lon="116.68453834019601345062255859375">
        <ele>85.59999847412109375</ele>
        <time>2026-08-27T14:10:10.000Z</time>
        <extensions>
          <ns3:TrackPointExtension>
            <ns3:hr>174</ns3:hr>
            <ns3:cad>88</ns3:cad>
          </ns3:TrackPointExtension>
        </extensions>
      </trkpt>
      <trkpt lat="40.40423534810543060302734375" lon="116.68451629579067230224609375">
        <ele>85.40000152587890625</ele>
        <time>2026-08-27T14:10:11.000Z</time>
        <extensions>
          <ns3:TrackPointExtension>
            <ns3:hr>175</ns3:hr>
            <ns3:cad>89</ns3:cad>
          </ns3:TrackPointExtension>
        </extensions>
      </trkpt>
      <trkpt lat="40.4042673669755458831787109375" lon="116.6844983585178852081298828125">
        <ele>85.40000152587890625</ele>
        <time>2026-08-27T14:10:12.000Z</time>
        <extensions>
          <ns3:TrackPointExtension>
            <ns3:hr>175</ns3:hr>
            <ns3:cad>88</ns3:cad>
          </ns3:TrackPointExtension>
        </extensions>
      </trkpt>
      <trkpt lat="40.404296033084392547607421875" lon="116.684468686580657958984375">
        <ele>85.1999969482421875</ele>
        <time>2026-08-27T14:10:13.000Z</time>
        <extensions>
          <ns3:TrackPointExtension>
            <ns3:hr>176</ns3:hr>
            <ns3:cad>88</ns3:cad>
          </ns3:TrackPointExtension>
        </extensions>
      </trkpt>
      <trkpt lat="40.40432654321193695068359375" lon="116.68444010429084300994873046875">
        <ele>85.1999969482421875</ele>
        <time>2026-08-27T14:10:14.000Z</time>
        <extensions>
          <ns3:TrackPointExtension>
            <ns3:hr>175</ns3:hr>
            <ns3:cad>88</ns3:cad>
          </ns3:TrackPointExtension>
        </extensions>
      </trkpt>
      <trkpt lat="40.40434875525534152984619140625" lon="116.684409677982330322265625">
        <ele>85.1999969482421875</ele>
        <time>2026-08-27T14:10:15.000Z</time>
        <extensions>
          <ns3:TrackPointExtension>
            <ns3:hr>176</ns3:hr>
            <ns3:cad>89</ns3:cad>
          </ns3:TrackPointExtension>
        </extensions>
      </trkpt>
      <trkpt lat="40.40437255986034870147705078125" lon="116.68437455780804157257080078125">
        <ele>85.1999969482421875</ele>
        <time>2026-08-27T14:10:16.000Z</time>
        <extensions>
          <ns3:TrackPointExtension>
            <ns3:hr>176</ns3:hr>
            <ns3:cad>89</ns3:cad>
          </ns3:TrackPointExtension>
        </extensions>
      </trkpt>
      <trkpt lat="40.40438630618155002593994140625" lon="116.68433633632957935333251953125">
        <ele>85.1999969482421875</ele>
        <time>2026-08-27T14:10:17.000Z</time>
        <extensions>
          <ns3:TrackPointExtension>
            <ns3:hr>175</ns3:hr>
            <ns3:cad>90</ns3:cad>
          </ns3:TrackPointExtension>
        </extensions>
      </trkpt>
      <trkpt lat="40.4044021479785442352294921875" lon="116.68429325334727764129638671875">
        <ele>85.1999969482421875</ele>
        <time>2026-08-27T14:10:18.000Z</time>
        <extensions>
          <ns3:TrackPointExtension>
            <ns3:hr>176</ns3:hr>
            <ns3:cad>90</ns3:cad>
          </ns3:TrackPointExtension>
        </extensions>
      </trkpt>
      <trkpt lat="40.40440893732011318206787109375" lon="116.6842583008110523223876953125">
        <ele>85.40000152587890625</ele>
        <time>2026-08-27T14:10:19.000Z</time>
        <extensions>
          <ns3:TrackPointExtension>
            <ns3:hr>175</ns3:hr>
            <ns3:cad>89</ns3:cad>
          </ns3:TrackPointExtension>
        </extensions>
      </trkpt>
      <trkpt lat="40.40442402474582195281982421875" lon="116.6842163912951946258544921875">
        <ele>85.40000152587890625</ele>
        <time>2026-08-27T14:10:20.000Z</time>
        <extensions>
          <ns3:TrackPointExtension>
            <ns3:hr>176</ns3:hr>
            <ns3:cad>89</ns3:cad>
          </ns3:TrackPointExtension>
        </extensions>
      </trkpt>
      <trkpt lat="40.4044219292700290679931640625" lon="116.6841821931302547454833984375">
        <ele>85.40000152587890625</ele>
        <time>2026-08-27T14:10:21.000Z</time>
        <extensions>
          <ns3:TrackPointExtension>
            <ns3:hr>175</ns3:hr>
            <ns3:cad>89</ns3:cad>
          </ns3:TrackPointExtension>
        </extensions>
      </trkpt>
      <trkpt lat="40.40442980825901031494140625" lon="116.68413542211055755615234375">
        <ele>85.59999847412109375</ele>
        <time>2026-08-27T14:10:22.000Z</time>
        <extensions>
          <ns3:TrackPointExtension>
            <ns3:hr>176</ns3:hr>
            <ns3:cad>88</ns3:cad>
          </ns3:TrackPointExtension>
        </extensions>
      </trkpt>
      <trkpt lat="40.40442117489874362945556640625" lon="116.684102900326251983642578125">
        <ele>85.59999847412109375</ele>
        <time>2026-08-27T14:10:23.000Z</time>
        <extensions>
          <ns3:TrackPointExtension>
            <ns3:hr>175</ns3:hr>
            <ns3:cad>88</ns3:cad>
          </ns3:TrackPointExtension>
        </extensions>
      </trkpt>
      <trkpt lat="40.40442285127937793731689453125" lon="116.68405554257333278656005859375">
        <ele>85.59999847412109375</ele>
        <time>2026-08-27T14:10:24.000Z</time>
        <extensions>
          <ns3:TrackPointExtension>
            <ns3:hr>176</ns3:hr>
            <ns3:cad>88</ns3:cad>
          </ns3:TrackPointExtension>
        </extensions>
      </trkpt>
      <trkpt lat="40.40441480465233325958251953125" lon="116.6840185783803462982177734375">
        <ele>85.59999847412109375</ele>
        <time>2026-08-27T14:10:25.000Z</time>
        <extensions>
          <ns3:TrackPointExtension>
            <ns3:hr>176</ns3:hr>
            <ns3:cad>88</ns3:cad>
          </ns3:TrackPointExtension>
        </extensions>
      </trkpt>
      <trkpt lat="40.40440692566335201263427734375" lon="116.68397717177867889404296875">
        <ele>85.59999847412109375</ele>
        <time>2026-08-27T14:10:26.000Z</time>
        <extensions>
          <ns3:TrackPointExtension>
            <ns3:hr>176</ns3:hr>
            <ns3:cad>89</ns3:cad>
          </ns3:TrackPointExtension>
        </extensions>
      </trkpt>
      <trkpt lat="40.40439502336084842681884765625" lon="116.683937273919582366943359375">
        <ele>85.59999847412109375</ele>
        <time>2026-08-27T14:10:27.000Z</time>
        <extensions>
          <ns3:TrackPointExtension>
            <ns3:hr>177</ns3:hr>
            <ns3:cad>89</ns3:cad>
          </ns3:TrackPointExtension>
        </extensions>
      </trkpt>
      <trkpt lat="40.40438194759190082550048828125" lon="116.6839008964598178863525390625">
        <ele>85.59999847412109375</ele>
        <time>2026-08-27T14:10:28.000Z</time>
        <extensions>
          <ns3:TrackPointExtension>
            <ns3:hr>176</ns3:hr>
            <ns3:cad>88</ns3:cad>
          </ns3:TrackPointExtension>
        </extensions>
      </trkpt>
      <trkpt lat="40.4043682850897312164306640625" lon="116.68385990895330905914306640625">
        <ele>85.59999847412109375</ele>
        <time>2026-08-27T14:10:29.000Z</time>
        <extensions>
          <ns3:TrackPointExtension>
            <ns3:hr>175</ns3:hr>
            <ns3:cad>87</ns3:cad>
          </ns3:TrackPointExtension>
        </extensions>
      </trkpt>
      <trkpt lat="40.4043498449027538299560546875" lon="116.6838328354060649871826171875">
        <ele>85.8000030517578125</ele>
        <time>2026-08-27T14:10:30.000Z</time>
        <extensions>
          <ns3:TrackPointExtension>
            <ns3:hr>176</ns3:hr>
            <ns3:cad>87</ns3:cad>
          </ns3:TrackPointExtension>
        </extensions>
      </trkpt>
      <trkpt lat="40.4043285548686981201171875" lon="116.68379570357501506805419921875">
        <ele>85.8000030517578125</ele>
        <time>2026-08-27T14:10:31.000Z</time>
        <extensions>
          <ns3:TrackPointExtension>
            <ns3:hr>177</ns3:hr>
            <ns3:cad>87</ns3:cad>
          </ns3:TrackPointExtension>
        </extensions>
      </trkpt>
      <trkpt lat="40.40430642664432525634765625" lon="116.683776341378688812255859375">
        <ele>85.8000030517578125</ele>
        <time>2026-08-27T14:10:32.000Z</time>
        <extensions>
          <ns3:TrackPointExtension>
            <ns3:hr>176</ns3:hr>
            <ns3:cad>87</ns3:cad>
          </ns3:TrackPointExtension>
        </extensions>
      </trkpt>
      <trkpt lat="40.40427692234516143798828125" lon="116.6837500222027301788330078125">
        <ele>85.8000030517578125</ele>
        <time>2026-08-27T14:10:33.000Z</time>
        <extensions>
          <ns3:TrackPointExtension>
            <ns3:hr>177</ns3:hr>
            <ns3:cad>88</ns3:cad>
          </ns3:TrackPointExtension>
        </extensions>
      </trkpt>
      <trkpt lat="40.404253117740154266357421875" lon="116.68373619206249713897705078125">
        <ele>85.8000030517578125</ele>
        <time>2026-08-27T14:10:34.000Z</time>
        <extensions>
          <ns3:TrackPointExtension>
            <ns3:hr>176</ns3:hr>
            <ns3:cad>88</ns3:cad>
          </ns3:TrackPointExtension>
        </extensions>
      </trkpt>
      <trkpt lat="40.40422436781227588653564453125" lon="116.68371154926717281341552734375">
        <ele>85.59999847412109375</ele>
        <time>2026-08-27T14:10:35.000Z</time>
        <extensions>
          <ns3:TrackPointExtension>
            <ns3:hr>177</ns3:hr>
            <ns3:cad>88</ns3:cad>
          </ns3:TrackPointExtension>
        </extensions>
      </trkpt>
      <trkpt lat="40.40419804863631725311279296875" lon="116.68370417319238185882568359375">
        <ele>85.59999847412109375</ele>
        <time>2026-08-27T14:10:36.000Z</time>
        <extensions>
          <ns3:TrackPointExtension>
            <ns3:hr>176</ns3:hr>
            <ns3:cad>89</ns3:cad>
          </ns3:TrackPointExtension>
        </extensions>
      </trkpt>
      <trkpt lat="40.40416552685201168060302734375" lon="116.683681793510913848876953125">
        <ele>85.8000030517578125</ele>
        <time>2026-08-27T14:10:37.000Z</time>
        <extensions>
          <ns3:TrackPointExtension>
            <ns3:hr>176</ns3:hr>
            <ns3:cad>89</ns3:cad>
          </ns3:TrackPointExtension>
        </extensions>
      </trkpt>
      <trkpt lat="40.4041335918009281158447265625" lon="116.68368087150156497955322265625">
        <ele>85.8000030517578125</ele>
        <time>2026-08-27T14:10:38.000Z</time>
        <extensions>
          <ns3:TrackPointExtension>
            <ns3:hr>175</ns3:hr>
            <ns3:cad>89</ns3:cad>
          </ns3:TrackPointExtension>
        </extensions>
      </trkpt>
      <trkpt lat="40.40409721434116363525390625" lon="116.683667041361331939697265625">
        <ele>85.59999847412109375</ele>
        <time>2026-08-27T14:10:39.000Z</time>
        <extensions>
          <ns3:TrackPointExtension>
            <ns3:hr>175</ns3:hr>
            <ns3:cad>89</ns3:cad>
          </ns3:TrackPointExtension>
        </extensions>
      </trkpt>
      <trkpt lat="40.40407081134617328643798828125" lon="116.683673746883869171142578125">
        <ele>85.59999847412109375</ele>
        <time>2026-08-27T14:10:40.000Z</time>
        <extensions>
          <ns3:TrackPointExtension>
            <ns3:hr>174</ns3:hr>
            <ns3:cad>89</ns3:cad>
          </ns3:TrackPointExtension>
        </extensions>
      </trkpt>
      <trkpt lat="40.40403074584901332855224609375" lon="116.68366947211325168609619140625">
        <ele>85.59999847412109375</ele>
        <time>2026-08-27T14:10:41.000Z</time>
        <extensions>
          <ns3:TrackPointExtension>
            <ns3:hr>175</ns3:hr>
            <ns3:cad>89</ns3:cad>
          </ns3:TrackPointExtension>
        </extensions>
      </trkpt>
      <trkpt lat="40.40400425903499126434326171875" lon="116.68367232196033000946044921875">
        <ele>85.59999847412109375</ele>
        <time>2026-08-27T14:10:42.000Z</time>
        <extensions>
          <ns3:TrackPointExtension>
            <ns3:hr>175</ns3:hr>
            <ns3:cad>89</ns3:cad>
          </ns3:TrackPointExtension>
        </extensions>
      </trkpt>
      <trkpt lat="40.403963439166545867919921875" lon="116.6836655326187610626220703125">
        <ele>85.59999847412109375</ele>
        <time>2026-08-27T14:10:43.000Z</time>
        <extensions>
          <ns3:TrackPointExtension>
            <ns3:hr>175</ns3:hr>
            <ns3:cad>89</ns3:cad>
          </ns3:TrackPointExtension>
        </extensions>
      </trkpt>
      <trkpt lat="40.40393292903900146484375" lon="116.6836749203503131866455078125">
        <ele>85.59999847412109375</ele>
        <time>2026-08-27T14:10:44.000Z</time>
        <extensions>
          <ns3:TrackPointExtension>
            <ns3:hr>175</ns3:hr>
            <ns3:cad>89</ns3:cad>
          </ns3:TrackPointExtension>
        </extensions>
      </trkpt>
      <trkpt lat="40.40389479137957096099853515625" lon="116.683668382465839385986328125">
        <ele>85.59999847412109375</ele>
        <time>2026-08-27T14:10:45.000Z</time>
        <extensions>
          <ns3:TrackPointExtension>
            <ns3:hr>174</ns3:hr>
            <ns3:cad>89</ns3:cad>
          </ns3:TrackPointExtension>
        </extensions>
      </trkpt>
      <trkpt lat="40.40386461652815341949462890625" lon="116.68367265723645687103271484375">
        <ele>85.59999847412109375</ele>
        <time>2026-08-27T14:10:46.000Z</time>
        <extensions>
          <ns3:TrackPointExtension>
            <ns3:hr>175</ns3:hr>
            <ns3:cad>89</ns3:cad>
          </ns3:TrackPointExtension>
        </extensions>
      </trkpt>
      <trkpt lat="40.40382790379226207733154296875" lon="116.683671064674854278564453125">
        <ele>85.59999847412109375</ele>
        <time>2026-08-27T14:10:47.000Z</time>
        <extensions>
          <ns3:TrackPointExtension>
            <ns3:hr>176</ns3:hr>
            <ns3:cad>87</ns3:cad>
          </ns3:TrackPointExtension>
        </extensions>
      </trkpt>
      <trkpt lat="40.40379605256021022796630859375" lon="116.683673746883869171142578125">
        <ele>85.59999847412109375</ele>
        <time>2026-08-27T14:10:48.000Z</time>
        <extensions>
          <ns3:TrackPointExtension>
            <ns3:hr>175</ns3:hr>
            <ns3:cad>87</ns3:cad>
          </ns3:TrackPointExtension>
        </extensions>
      </trkpt>
      <trkpt lat="40.40375950746238231658935546875" lon="116.68366846628487110137939453125">
        <ele>85.59999847412109375</ele>
        <time>2026-08-27T14:10:49.000Z</time>
        <extensions>
          <ns3:TrackPointExtension>
            <ns3:hr>176</ns3:hr>
            <ns3:cad>88</ns3:cad>
          </ns3:TrackPointExtension>
        </extensions>
      </trkpt>
      <trkpt lat="40.403730757534503936767578125" lon="116.6836692206561565399169921875">
        <ele>85.8000030517578125</ele>
        <time>2026-08-27T14:10:50.000Z</time>
        <extensions>
          <ns3:TrackPointExtension>
            <ns3:hr>176</ns3:hr>
            <ns3:cad>88</ns3:cad>
          </ns3:TrackPointExtension>
        </extensions>
      </trkpt>
      <trkpt lat="40.40369463153183460235595703125" lon="116.68366813100874423980712890625">
        <ele>85.59999847412109375</ele>
        <time>2026-08-27T14:10:51.000Z</time>
        <extensions>
          <ns3:TrackPointExtension>
            <ns3:hr>176</ns3:hr>
            <ns3:cad>88</ns3:cad>
          </ns3:TrackPointExtension>
        </extensions>
      </trkpt>
      <trkpt lat="40.40366395376622676849365234375" lon="116.6836742497980594635009765625">
        <ele>85.59999847412109375</ele>
        <time>2026-08-27T14:10:52.000Z</time>
        <extensions>
          <ns3:TrackPointExtension>
            <ns3:hr>175</ns3:hr>
            <ns3:cad>88</ns3:cad>
          </ns3:TrackPointExtension>
        </extensions>
      </trkpt>
      <trkpt lat="40.403625480830669403076171875" lon="116.68367349542677402496337890625">
        <ele>85.59999847412109375</ele>
        <time>2026-08-27T14:10:53.000Z</time>
        <extensions>
          <ns3:TrackPointExtension>
            <ns3:hr>175</ns3:hr>
            <ns3:cad>88</ns3:cad>
          </ns3:TrackPointExtension>
        </extensions>
      </trkpt>
      <trkpt lat="40.40359421633183956146240234375" lon="116.68367785401642322540283203125">
        <ele>85.59999847412109375</ele>
        <time>2026-08-27T14:10:54.000Z</time>
        <extensions>
          <ns3:TrackPointExtension>
            <ns3:hr>175</ns3:hr>
            <ns3:cad>88</ns3:cad>
          </ns3:TrackPointExtension>
        </extensions>
      </trkpt>
      <trkpt lat="40.4035542346537113189697265625" lon="116.68367634527385234832763671875">
        <ele>85.40000152587890625</ele>
        <time>2026-08-27T14:10:55.000Z</time>
        <extensions>
          <ns3:TrackPointExtension>
            <ns3:hr>175</ns3:hr>
            <ns3:cad>88</ns3:cad>
          </ns3:TrackPointExtension>
        </extensions>
      </trkpt>
      <trkpt lat="40.40352062322199344635009765625" lon="116.68367751874029636383056640625">
        <ele>85.40000152587890625</ele>
        <time>2026-08-27T14:10:56.000Z</time>
        <extensions>
          <ns3:TrackPointExtension>
            <ns3:hr>174</ns3:hr>
            <ns3:cad>88</ns3:cad>
          </ns3:TrackPointExtension>
        </extensions>
      </trkpt>
      <trkpt lat="40.4034834913909435272216796875" lon="116.68367399834096431732177734375">
        <ele>85.40000152587890625</ele>
        <time>2026-08-27T14:10:57.000Z</time>
        <extensions>
          <ns3:TrackPointExtension>
            <ns3:hr>174</ns3:hr>
            <ns3:cad>88</ns3:cad>
          </ns3:TrackPointExtension>
        </extensions>
      </trkpt>
      <trkpt lat="40.40345080196857452392578125" lon="116.683674417436122894287109375">
        <ele>85.59999847412109375</ele>
        <time>2026-08-27T14:10:58.000Z</time>
        <extensions>
          <ns3:TrackPointExtension>
            <ns3:hr>173</ns3:hr>
            <ns3:cad>90</ns3:cad>
          </ns3:TrackPointExtension>
        </extensions>
      </trkpt>
      <trkpt lat="40.40341601707041263580322265625" lon="116.68367299251258373260498046875">
        <ele>85.59999847412109375</ele>
        <time>2026-08-27T14:10:59.000Z</time>
        <extensions>
          <ns3:TrackPointExtension>
            <ns3:hr>174</ns3:hr>
            <ns3:cad>90</ns3:cad>
          </ns3:TrackPointExtension>
        </extensions>
      </trkpt>
      <trkpt lat="40.4033862613141536712646484375" lon="116.683671064674854278564453125">
        <ele>85.40000152587890625</ele>
        <time>2026-08-27T14:11:00.000Z</time>
        <extensions>
          <ns3:TrackPointExtension>
            <ns3:hr>175</ns3:hr>
            <ns3:cad>90</ns3:cad>
          </ns3:TrackPointExtension>
        </extensions>
      </trkpt>
      <trkpt lat="40.403352566063404083251953125" lon="116.68366796337068080902099609375">
        <ele>85.59999847412109375</ele>
        <time>2026-08-27T14:11:01.000Z</time>
        <extensions>
          <ns3:TrackPointExtension>
            <ns3:hr>177</ns3:hr>
            <ns3:cad>90</ns3:cad>
          </ns3:TrackPointExtension>
        </extensions>
      </trkpt>
      <trkpt lat="40.40332071483135223388671875" lon="116.68367165140807628631591796875">
        <ele>85.40000152587890625</ele>
        <time>2026-08-27T14:11:02.000Z</time>
        <extensions>
          <ns3:TrackPointExtension>
            <ns3:hr>176</ns3:hr>
            <ns3:cad>89</ns3:cad>
          </ns3:TrackPointExtension>
        </extensions>
      </trkpt>
      <trkpt lat="40.40328710339963436126708984375" lon="116.6836765967309474945068359375">
        <ele>85.59999847412109375</ele>
        <time>2026-08-27T14:11:03.000Z</time>
        <extensions>
          <ns3:TrackPointExtension>
            <ns3:hr>176</ns3:hr>
            <ns3:cad>90</ns3:cad>
          </ns3:TrackPointExtension>
        </extensions>
      </trkpt>
      <trkpt lat="40.40325340814888477325439453125" lon="116.68368481099605560302734375">
        <ele>85.59999847412109375</ele>
        <time>2026-08-27T14:11:04.000Z</time>
        <extensions>
          <ns3:TrackPointExtension>
            <ns3:hr>176</ns3:hr>
            <ns3:cad>89</ns3:cad>
          </ns3:TrackPointExtension>
        </extensions>
      </trkpt>
      <trkpt lat="40.4032233171164989471435546875" lon="116.683698557317256927490234375">
        <ele>85.59999847412109375</ele>
        <time>2026-08-27T14:11:05.000Z</time>
        <extensions>
          <ns3:TrackPointExtension>
            <ns3:hr>177</ns3:hr>
            <ns3:cad>90</ns3:cad>
          </ns3:TrackPointExtension>
        </extensions>
      </trkpt>
      <trkpt lat="40.40319238789379596710205078125" lon="116.68370903469622135162353515625">
        <ele>85.59999847412109375</ele>
        <time>2026-08-27T14:11:06.000Z</time>
        <extensions>
          <ns3:TrackPointExtension>
            <ns3:hr>177</ns3:hr>
            <ns3:cad>90</ns3:cad>
          </ns3:TrackPointExtension>
        </extensions>
      </trkpt>
      <trkpt lat="40.4031676612794399261474609375" lon="116.68373099528253078460693359375">
        <ele>85.59999847412109375</ele>
        <time>2026-08-27T14:11:07.000Z</time>
        <extensions>
          <ns3:TrackPointExtension>
            <ns3:hr>178</ns3:hr>
            <ns3:cad>90</ns3:cad>
          </ns3:TrackPointExtension>
        </extensions>
      </trkpt>
      <trkpt lat="40.4031349718570709228515625" lon="116.68374675326049327850341796875">
        <ele>85.59999847412109375</ele>
        <time>2026-08-27T14:11:08.000Z</time>
        <extensions>
          <ns3:TrackPointExtension>
            <ns3:hr>178</ns3:hr>
            <ns3:cad>90</ns3:cad>
          </ns3:TrackPointExtension>
        </extensions>
      </trkpt>
      <trkpt lat="40.40311284363269805908203125" lon="116.68377173133194446563720703125">
        <ele>85.59999847412109375</ele>
        <time>2026-08-27T14:11:09.000Z</time>
        <extensions>
          <ns3:TrackPointExtension>
            <ns3:hr>178</ns3:hr>
            <ns3:cad>90</ns3:cad>
          </ns3:TrackPointExtension>
        </extensions>
      </trkpt>
      <trkpt lat="40.40308040566742420196533203125" lon="116.68380106799304485321044921875">
        <ele>85.40000152587890625</ele>
        <time>2026-08-27T14:11:10.000Z</time>
        <extensions>
          <ns3:TrackPointExtension>
            <ns3:hr>179</ns3:hr>
            <ns3:cad>90</ns3:cad>
          </ns3:TrackPointExtension>
        </extensions>
      </trkpt>
      <trkpt lat="40.40306347422301769256591796875" lon="116.6838314943015575408935546875">
        <ele>85.40000152587890625</ele>
        <time>2026-08-27T14:11:11.000Z</time>
        <extensions>
          <ns3:TrackPointExtension>
            <ns3:hr>179</ns3:hr>
            <ns3:cad>87</ns3:cad>
          </ns3:TrackPointExtension>
        </extensions>
      </trkpt>
      <trkpt lat="40.40304184891283512115478515625" lon="116.68386694975197315216064453125">
        <ele>85.40000152587890625</ele>
        <time>2026-08-27T14:11:12.000Z</time>
        <extensions>
          <ns3:TrackPointExtension>
            <ns3:hr>180</ns3:hr>
            <ns3:cad>87</ns3:cad>
          </ns3:TrackPointExtension>
        </extensions>
      </trkpt>
      <trkpt lat="40.403029359877109527587890625" lon="116.68390098027884960174560546875">
        <ele>85.40000152587890625</ele>
        <time>2026-08-27T14:11:13.000Z</time>
        <extensions>
          <ns3:TrackPointExtension>
            <ns3:hr>179</ns3:hr>
            <ns3:cad>88</ns3:cad>
          </ns3:TrackPointExtension>
        </extensions>
      </trkpt>
      <trkpt lat="40.40301050059497356414794921875" lon="116.6839454881846904754638671875">
        <ele>85.40000152587890625</ele>
        <time>2026-08-27T14:11:14.000Z</time>
        <extensions>
          <ns3:TrackPointExtension>
            <ns3:hr>180</ns3:hr>
            <ns3:cad>88</ns3:cad>
          </ns3:TrackPointExtension>
        </extensions>
      </trkpt>
      <trkpt lat="40.4030047170817852020263671875" lon="116.68398463167250156402587890625">
        <ele>85.40000152587890625</ele>
        <time>2026-08-27T14:11:15.000Z</time>
        <extensions>
          <ns3:TrackPointExtension>
            <ns3:hr>180</ns3:hr>
            <ns3:cad>89</ns3:cad>
          </ns3:TrackPointExtension>
        </extensions>
      </trkpt>
      <trkpt lat="40.40299348533153533935546875" lon="116.684028804302215576171875">
        <ele>85.40000152587890625</ele>
        <time>2026-08-27T14:11:16.000Z</time>
        <extensions>
          <ns3:TrackPointExtension>
            <ns3:hr>180</ns3:hr>
            <ns3:cad>89</ns3:cad>
          </ns3:TrackPointExtension>
        </extensions>
      </trkpt>
      <trkpt lat="40.4029929824173450469970703125" lon="116.6840676963329315185546875">
        <ele>85.40000152587890625</ele>
        <time>2026-08-27T14:11:17.000Z</time>
        <extensions>
          <ns3:TrackPointExtension>
            <ns3:hr>181</ns3:hr>
            <ns3:cad>89</ns3:cad>
          </ns3:TrackPointExtension>
        </extensions>
      </trkpt>
      <trkpt lat="40.4029874503612518310546875" lon="116.684114299714565277099609375">
        <ele>85.1999969482421875</ele>
        <time>2026-08-27T14:11:18.000Z</time>
        <extensions>
          <ns3:TrackPointExtension>
            <ns3:hr>180</ns3:hr>
            <ns3:cad>89</ns3:cad>
          </ns3:TrackPointExtension>
        </extensions>
      </trkpt>
      <trkpt lat="40.402991138398647308349609375" lon="116.68415419757366180419921875">
        <ele>85.1999969482421875</ele>
        <time>2026-08-27T14:11:19.000Z</time>
        <extensions>
          <ns3:TrackPointExtension>
            <ns3:hr>181</ns3:hr>
            <ns3:cad>89</ns3:cad>
          </ns3:TrackPointExtension>
        </extensions>
      </trkpt>
      <trkpt lat="40.4029933176934719085693359375" lon="116.6842019744217395782470703125">
        <ele>85.1999969482421875</ele>
        <time>2026-08-27T14:11:20.000Z</time>
        <extensions>
          <ns3:TrackPointExtension>
            <ns3:hr>181</ns3:hr>
            <ns3:cad>90</ns3:cad>
          </ns3:TrackPointExtension>
        </extensions>
      </trkpt>
      <trkpt lat="40.4030063934624195098876953125" lon="116.68424128554761409759521484375">
        <ele>85.1999969482421875</ele>
        <time>2026-08-27T14:11:21.000Z</time>
        <extensions>
          <ns3:TrackPointExtension>
            <ns3:hr>180</ns3:hr>
            <ns3:cad>90</ns3:cad>
          </ns3:TrackPointExtension>
        </extensions>
      </trkpt>
      <trkpt lat="40.40301452390849590301513671875" lon="116.68428990058600902557373046875">
        <ele>85.1999969482421875</ele>
        <time>2026-08-27T14:11:22.000Z</time>
        <extensions>
          <ns3:TrackPointExtension>
            <ns3:hr>181</ns3:hr>
            <ns3:cad>90</ns3:cad>
          </ns3:TrackPointExtension>
        </extensions>
      </trkpt>
      <trkpt lat="40.40303195826709270477294921875" lon="116.68432493694126605987548828125">
        <ele>85.1999969482421875</ele>
        <time>2026-08-27T14:11:23.000Z</time>
        <extensions>
          <ns3:TrackPointExtension>
            <ns3:hr>180</ns3:hr>
            <ns3:cad>90</ns3:cad>
          </ns3:TrackPointExtension>
        </extensions>
      </trkpt>
      <trkpt lat="40.40304855443537235260009765625" lon="116.68436801992356777191162109375">
        <ele>85</ele>
        <time>2026-08-27T14:11:24.000Z</time>
        <extensions>
          <ns3:TrackPointExtension>
            <ns3:hr>180</ns3:hr>
            <ns3:cad>90</ns3:cad>
          </ns3:TrackPointExtension>
        </extensions>
      </trkpt>
      <trkpt lat="40.4030647315084934234619140625" lon="116.68439827859401702880859375">
        <ele>85.1999969482421875</ele>
        <time>2026-08-27T14:11:25.000Z</time>
        <extensions>
          <ns3:TrackPointExtension>
            <ns3:hr>180</ns3:hr>
            <ns3:cad>90</ns3:cad>
          </ns3:TrackPointExtension>
        </extensions>
      </trkpt>
      <trkpt lat="40.4030888713896274566650390625" lon="116.684436500072479248046875">
        <ele>85.1999969482421875</ele>
        <time>2026-08-27T14:11:26.000Z</time>
        <extensions>
          <ns3:TrackPointExtension>
            <ns3:hr>179</ns3:hr>
            <ns3:cad>89</ns3:cad>
          </ns3:TrackPointExtension>
        </extensions>
      </trkpt>
      <trkpt lat="40.40310890413820743560791015625" lon="116.6844571195542812347412109375">
        <ele>85.1999969482421875</ele>
        <time>2026-08-27T14:11:27.000Z</time>
        <extensions>
          <ns3:TrackPointExtension>
            <ns3:hr>179</ns3:hr>
            <ns3:cad>89</ns3:cad>
          </ns3:TrackPointExtension>
        </extensions>
      </trkpt>
      <trkpt lat="40.40313698351383209228515625" lon="116.684491150081157684326171875">
        <ele>85.1999969482421875</ele>
        <time>2026-08-27T14:11:28.000Z</time>
        <extensions>
          <ns3:TrackPointExtension>
            <ns3:hr>179</ns3:hr>
            <ns3:cad>88</ns3:cad>
          </ns3:TrackPointExtension>
        </extensions>
      </trkpt>
      <trkpt lat="40.40316045284271240234375" lon="116.68450581841170787811279296875">
        <ele>85.1999969482421875</ele>
        <time>2026-08-27T14:11:29.000Z</time>
        <extensions>
          <ns3:TrackPointExtension>
            <ns3:hr>179</ns3:hr>
            <ns3:cad>88</ns3:cad>
          </ns3:TrackPointExtension>
        </extensions>
      </trkpt>
      <trkpt lat="40.40318920277059078216552734375" lon="116.68453029356896877288818359375">
        <ele>85.1999969482421875</ele>
        <time>2026-08-27T14:11:30.000Z</time>
        <extensions>
          <ns3:TrackPointExtension>
            <ns3:hr>179</ns3:hr>
            <ns3:cad>88</ns3:cad>
          </ns3:TrackPointExtension>
        </extensions>
      </trkpt>
      <trkpt lat="40.40321367792785167694091796875" lon="116.68453909456729888916015625">
        <ele>85</ele>
        <time>2026-08-27T14:11:31.000Z</time>
        <extensions>
          <ns3:TrackPointExtension>
            <ns3:hr>178</ns3:hr>
            <ns3:cad>89</ns3:cad>
          </ns3:TrackPointExtension>
        </extensions>
      </trkpt>
      <trkpt lat="40.4032503068447113037109375" lon="116.68455879203975200653076171875">
        <ele>85.1999969482421875</ele>
        <time>2026-08-27T14:11:32.000Z</time>
        <extensions>
          <ns3:TrackPointExtension>
            <ns3:hr>178</ns3:hr>
            <ns3:cad>89</ns3:cad>
          </ns3:TrackPointExtension>
        </extensions>
      </trkpt>
      <trkpt lat="40.40328056551516056060791015625" lon="116.68456281535327434539794921875">
        <ele>85.1999969482421875</ele>
        <time>2026-08-27T14:11:33.000Z</time>
        <extensions>
          <ns3:TrackPointExtension>
            <ns3:hr>177</ns3:hr>
            <ns3:cad>89</ns3:cad>
          </ns3:TrackPointExtension>
        </extensions>
      </trkpt>
      <trkpt lat="40.40331928990781307220458984375" lon="116.68457119725644588470458984375">
        <ele>85.1999969482421875</ele>
        <time>2026-08-27T14:11:34.000Z</time>
        <extensions>
          <ns3:TrackPointExtension>
            <ns3:hr>177</ns3:hr>
            <ns3:cad>89</ns3:cad>
          </ns3:TrackPointExtension>
        </extensions>
      </trkpt>
      <trkpt lat="40.40334594435989856719970703125" lon="116.68457069434225559234619140625">
        <ele>85</ele>
        <time>2026-08-27T14:11:35.000Z</time>
        <extensions>
          <ns3:TrackPointExtension>
            <ns3:hr>178</ns3:hr>
            <ns3:cad>89</ns3:cad>
          </ns3:TrackPointExtension>
        </extensions>
      </trkpt>
      <trkpt lat="40.4033817350864410400390625" lon="116.6845737956464290618896484375">
        <ele>85</ele>
        <time>2026-08-27T14:11:36.000Z</time>
        <extensions>
          <ns3:TrackPointExtension>
            <ns3:hr>177</ns3:hr>
            <ns3:cad>88</ns3:cad>
          </ns3:TrackPointExtension>
        </extensions>
      </trkpt>
      <trkpt lat="40.40341400541365146636962890625" lon="116.68457128107547760009765625">
        <ele>85.1999969482421875</ele>
        <time>2026-08-27T14:11:37.000Z</time>
        <extensions>
          <ns3:TrackPointExtension>
            <ns3:hr>177</ns3:hr>
            <ns3:cad>88</ns3:cad>
          </ns3:TrackPointExtension>
        </extensions>
      </trkpt>
      <trkpt lat="40.40344585664570331573486328125" lon="116.684576980769634246826171875">
        <ele>85.1999969482421875</ele>
        <time>2026-08-27T14:11:38.000Z</time>
        <extensions>
          <ns3:TrackPointExtension>
            <ns3:hr>177</ns3:hr>
            <ns3:cad>88</ns3:cad>
          </ns3:TrackPointExtension>
        </extensions>
      </trkpt>
      <trkpt lat="40.4034730978310108184814453125" lon="116.68457203544676303863525390625">
        <ele>85.40000152587890625</ele>
        <time>2026-08-27T14:11:39.000Z</time>
        <extensions>
          <ns3:TrackPointExtension>
            <ns3:hr>178</ns3:hr>
            <ns3:cad>88</ns3:cad>
          </ns3:TrackPointExtension>
        </extensions>
      </trkpt>
      <trkpt lat="40.40350503288209438323974609375" lon="116.6845704428851604461669921875">
        <ele>85.40000152587890625</ele>
        <time>2026-08-27T14:11:40.000Z</time>
        <extensions>
          <ns3:TrackPointExtension>
            <ns3:hr>178</ns3:hr>
            <ns3:cad>89</ns3:cad>
          </ns3:TrackPointExtension>
        </extensions>
      </trkpt>
      <trkpt lat="40.4035341180860996246337890625" lon="116.68457329273223876953125">
        <ele>85.40000152587890625</ele>
        <time>2026-08-27T14:11:41.000Z</time>
        <extensions>
          <ns3:TrackPointExtension>
            <ns3:hr>178</ns3:hr>
            <ns3:cad>89</ns3:cad>
          </ns3:TrackPointExtension>
        </extensions>
      </trkpt>
      <trkpt lat="40.4035679809749126434326171875" lon="116.68457253836095333099365234375">
        <ele>85.40000152587890625</ele>
        <time>2026-08-27T14:11:42.000Z</time>
        <extensions>
          <ns3:TrackPointExtension>
            <ns3:hr>177</ns3:hr>
            <ns3:cad>89</ns3:cad>
          </ns3:TrackPointExtension>
        </extensions>
      </trkpt>
      <trkpt lat="40.4035991616547107696533203125" lon="116.68457387946546077728271484375">
        <ele>85.40000152587890625</ele>
        <time>2026-08-27T14:11:43.000Z</time>
        <extensions>
          <ns3:TrackPointExtension>
            <ns3:hr>177</ns3:hr>
            <ns3:cad>89</ns3:cad>
          </ns3:TrackPointExtension>
        </extensions>
      </trkpt>
      <trkpt lat="40.40363193489611148834228515625" lon="116.68457396328449249267578125">
        <ele>85.40000152587890625</ele>
        <time>2026-08-27T14:11:44.000Z</time>
        <extensions>
          <ns3:TrackPointExtension>
            <ns3:hr>178</ns3:hr>
            <ns3:cad>89</ns3:cad>
          </ns3:TrackPointExtension>
        </extensions>
      </trkpt>
      <trkpt lat="40.40366110391914844512939453125" lon="116.68457354418933391571044921875">
        <ele>85.40000152587890625</ele>
        <time>2026-08-27T14:11:45.000Z</time>
        <extensions>
          <ns3:TrackPointExtension>
            <ns3:hr>178</ns3:hr>
            <ns3:cad>89</ns3:cad>
          </ns3:TrackPointExtension>
        </extensions>
      </trkpt>
      <trkpt lat="40.40369194932281970977783203125" lon="116.6845684312283992767333984375">
        <ele>85.40000152587890625</ele>
        <time>2026-08-27T14:11:46.000Z</time>
        <extensions>
          <ns3:TrackPointExtension>
            <ns3:hr>178</ns3:hr>
            <ns3:cad>89</ns3:cad>
          </ns3:TrackPointExtension>
        </extensions>
      </trkpt>
      <trkpt lat="40.4037252254784107208251953125" lon="116.68457237072288990020751953125">
        <ele>85.40000152587890625</ele>
        <time>2026-08-27T14:11:47.000Z</time>
        <extensions>
          <ns3:TrackPointExtension>
            <ns3:hr>178</ns3:hr>
            <ns3:cad>89</ns3:cad>
          </ns3:TrackPointExtension>
        </extensions>
      </trkpt>
      <trkpt lat="40.4037554003298282623291015625" lon="116.68456801213324069976806640625">
        <ele>85.1999969482421875</ele>
        <time>2026-08-27T14:11:48.000Z</time>
        <extensions>
          <ns3:TrackPointExtension>
            <ns3:hr>178</ns3:hr>
            <ns3:cad>89</ns3:cad>
          </ns3:TrackPointExtension>
        </extensions>
      </trkpt>
      <trkpt lat="40.4037895984947681427001953125" lon="116.68457253836095333099365234375">
        <ele>85.1999969482421875</ele>
        <time>2026-08-27T14:11:49.000Z</time>
        <extensions>
          <ns3:TrackPointExtension>
            <ns3:hr>178</ns3:hr>
            <ns3:cad>89</ns3:cad>
          </ns3:TrackPointExtension>
        </extensions>
      </trkpt>
      <trkpt lat="40.40381918661296367645263671875" lon="116.68456734158098697662353515625">
        <ele>85</ele>
        <time>2026-08-27T14:11:50.000Z</time>
        <extensions>
          <ns3:TrackPointExtension>
            <ns3:hr>178</ns3:hr>
            <ns3:cad>89</ns3:cad>
          </ns3:TrackPointExtension>
        </extensions>
      </trkpt>
      <trkpt lat="40.40385372005403041839599609375" lon="116.68457455001771450042724609375">
        <ele>85</ele>
        <time>2026-08-27T14:11:51.000Z</time>
        <extensions>
          <ns3:TrackPointExtension>
            <ns3:hr>178</ns3:hr>
            <ns3:cad>89</ns3:cad>
          </ns3:TrackPointExtension>
        </extensions>
      </trkpt>
      <trkpt lat="40.4038807936012744903564453125" lon="116.6845691017806529998779296875">
        <ele>85</ele>
        <time>2026-08-27T14:11:52.000Z</time>
        <extensions>
          <ns3:TrackPointExtension>
            <ns3:hr>177</ns3:hr>
            <ns3:cad>89</ns3:cad>
          </ns3:TrackPointExtension>
        </extensions>
      </trkpt>
      <trkpt lat="40.40391725488007068634033203125" lon="116.68457530438899993896484375">
        <ele>85</ele>
        <time>2026-08-27T14:11:53.000Z</time>
        <extensions>
          <ns3:TrackPointExtension>
            <ns3:hr>177</ns3:hr>
            <ns3:cad>89</ns3:cad>
          </ns3:TrackPointExtension>
        </extensions>
      </trkpt>
      <trkpt lat="40.40394173003733158111572265625" lon="116.6845640726387500762939453125">
        <ele>85</ele>
        <time>2026-08-27T14:11:54.000Z</time>
        <extensions>
          <ns3:TrackPointExtension>
            <ns3:hr>178</ns3:hr>
            <ns3:cad>88</ns3:cad>
          </ns3:TrackPointExtension>
        </extensions>
      </trkpt>
      <trkpt lat="40.4039790295064449310302734375" lon="116.68457253836095333099365234375">
        <ele>85</ele>
        <time>2026-08-27T14:11:55.000Z</time>
        <extensions>
          <ns3:TrackPointExtension>
            <ns3:hr>178</ns3:hr>
            <ns3:cad>88</ns3:cad>
          </ns3:TrackPointExtension>
        </extensions>
      </trkpt>
      <trkpt lat="40.40400844998657703399658203125" lon="116.68456918559968471527099609375">
        <ele>85</ele>
        <time>2026-08-27T14:11:56.000Z</time>
        <extensions>
          <ns3:TrackPointExtension>
            <ns3:hr>177</ns3:hr>
            <ns3:cad>88</ns3:cad>
          </ns3:TrackPointExtension>
        </extensions>
      </trkpt>
      <trkpt lat="40.4040484316647052764892578125" lon="116.6845707781612873077392578125">
        <ele>85</ele>
        <time>2026-08-27T14:11:57.000Z</time>
        <extensions>
          <ns3:TrackPointExtension>
            <ns3:hr>178</ns3:hr>
            <ns3:cad>88</ns3:cad>
          </ns3:TrackPointExtension>
        </extensions>
      </trkpt>
      <trkpt lat="40.404075086116790771484375" lon="116.6845637373626232147216796875">
        <ele>85.1999969482421875</ele>
        <time>2026-08-27T14:11:58.000Z</time>
        <extensions>
          <ns3:TrackPointExtension>
            <ns3:hr>178</ns3:hr>
            <ns3:cad>89</ns3:cad>
          </ns3:TrackPointExtension>
        </extensions>
      </trkpt>
      <trkpt lat="40.4041139781475067138671875" lon="116.68456180952489376068115234375">
        <ele>85.1999969482421875</ele>
        <time>2026-08-27T14:11:59.000Z</time>
        <extensions>
          <ns3:TrackPointExtension>
            <ns3:hr>178</ns3:hr>
            <ns3:cad>89</ns3:cad>
          </ns3:TrackPointExtension>
        </extensions>
      </trkpt>
      <trkpt lat="40.4041389562189579010009765625" lon="116.68455041013658046722412109375">
        <ele>85.1999969482421875</ele>
        <time>2026-08-27T14:12:00.000Z</time>
        <extensions>
          <ns3:TrackPointExtension>
            <ns3:hr>178</ns3:hr>
            <ns3:cad>89</ns3:cad>
          </ns3:TrackPointExtension>
        </extensions>
      </trkpt>
      <trkpt lat="40.404177345335483551025390625" lon="116.684541441500186920166015625">
        <ele>85.1999969482421875</ele>
        <time>2026-08-27T14:12:01.000Z</time>
        <extensions>
          <ns3:TrackPointExtension>
            <ns3:hr>178</ns3:hr>
            <ns3:cad>88</ns3:cad>
          </ns3:TrackPointExtension>
        </extensions>
      </trkpt>
      <trkpt lat="40.40420391596853733062744140625" lon="116.68452811427414417266845703125">
        <ele>85</ele>
        <time>2026-08-27T14:12:02.000Z</time>
        <extensions>
          <ns3:TrackPointExtension>
            <ns3:hr>178</ns3:hr>
            <ns3:cad>88</ns3:cad>
          </ns3:TrackPointExtension>
        </extensions>
      </trkpt>
      <trkpt lat="40.4042402096092700958251953125" lon="116.68451017700135707855224609375">
        <ele>85</ele>
        <time>2026-08-27T14:12:03.000Z</time>
        <extensions>
          <ns3:TrackPointExtension>
            <ns3:hr>178</ns3:hr>
            <ns3:cad>88</ns3:cad>
          </ns3:TrackPointExtension>
        </extensions>
      </trkpt>
      <trkpt lat="40.40426527149975299835205078125" lon="116.684485115110874176025390625">
        <ele>85</ele>
        <time>2026-08-27T14:12:04.000Z</time>
        <extensions>
          <ns3:TrackPointExtension>
            <ns3:hr>178</ns3:hr>
            <ns3:cad>89</ns3:cad>
          </ns3:TrackPointExtension>
        </extensions>
      </trkpt>
      <trkpt lat="40.4043017327785491943359375" lon="116.68445552699267864227294921875">
        <ele>85</ele>
        <time>2026-08-27T14:12:05.000Z</time>
        <extensions>
          <ns3:TrackPointExtension>
            <ns3:hr>178</ns3:hr>
            <ns3:cad>89</ns3:cad>
          </ns3:TrackPointExtension>
        </extensions>
      </trkpt>
      <trkpt lat="40.4043220169842243194580078125" lon="116.6844279505312442779541015625">
        <ele>85</ele>
        <time>2026-08-27T14:12:06.000Z</time>
        <extensions>
          <ns3:TrackPointExtension>
            <ns3:hr>178</ns3:hr>
            <ns3:cad>89</ns3:cad>
          </ns3:TrackPointExtension>
        </extensions>
      </trkpt>
      <trkpt lat="40.404350347816944122314453125" lon="116.6843934170901775360107421875">
        <ele>85.1999969482421875</ele>
        <time>2026-08-27T14:12:07.000Z</time>
        <extensions>
          <ns3:TrackPointExtension>
            <ns3:hr>178</ns3:hr>
            <ns3:cad>89</ns3:cad>
          </ns3:TrackPointExtension>
        </extensions>
      </trkpt>
      <trkpt lat="40.40436920709908008575439453125" lon="116.68435829691588878631591796875">
        <ele>85.1999969482421875</ele>
        <time>2026-08-27T14:12:08.000Z</time>
        <extensions>
          <ns3:TrackPointExtension>
            <ns3:hr>177</ns3:hr>
            <ns3:cad>89</ns3:cad>
          </ns3:TrackPointExtension>
        </extensions>
      </trkpt>
      <trkpt lat="40.40438555181026458740234375" lon="116.68431990779936313629150390625">
        <ele>85.1999969482421875</ele>
        <time>2026-08-27T14:12:09.000Z</time>
        <extensions>
          <ns3:TrackPointExtension>
            <ns3:hr>177</ns3:hr>
            <ns3:cad>89</ns3:cad>
          </ns3:TrackPointExtension>
        </extensions>
      </trkpt>
      <trkpt lat="40.4043984599411487579345703125" lon="116.6842824406921863555908203125">
        <ele>85.1999969482421875</ele>
        <time>2026-08-27T14:12:10.000Z</time>
        <extensions>
          <ns3:TrackPointExtension>
            <ns3:hr>176</ns3:hr>
            <ns3:cad>88</ns3:cad>
          </ns3:TrackPointExtension>
        </extensions>
      </trkpt>
      <trkpt lat="40.40440826676785945892333984375" lon="116.68424681760370731353759765625">
        <ele>85.40000152587890625</ele>
        <time>2026-08-27T14:12:11.000Z</time>
        <extensions>
          <ns3:TrackPointExtension>
            <ns3:hr>176</ns3:hr>
            <ns3:cad>88</ns3:cad>
          </ns3:TrackPointExtension>
        </extensions>
      </trkpt>
      <trkpt lat="40.4044209234416484832763671875" lon="116.684206835925579071044921875">
        <ele>85.1999969482421875</ele>
        <time>2026-08-27T14:12:12.000Z</time>
        <extensions>
          <ns3:TrackPointExtension>
            <ns3:hr>176</ns3:hr>
            <ns3:cad>88</ns3:cad>
          </ns3:TrackPointExtension>
        </extensions>
      </trkpt>
      <trkpt lat="40.40442234836518764495849609375" lon="116.6841728053987026214599609375">
        <ele>85.1999969482421875</ele>
        <time>2026-08-27T14:12:13.000Z</time>
        <extensions>
          <ns3:TrackPointExtension>
            <ns3:hr>176</ns3:hr>
            <ns3:cad>88</ns3:cad>
          </ns3:TrackPointExtension>
        </extensions>
      </trkpt>
      <trkpt lat="40.40443441830575466156005859375" lon="116.68412729166448116302490234375">
        <ele>85.40000152587890625</ele>
        <time>2026-08-27T14:12:14.000Z</time>
        <extensions>
          <ns3:TrackPointExtension>
            <ns3:hr>174</ns3:hr>
            <ns3:cad>88</ns3:cad>
          </ns3:TrackPointExtension>
        </extensions>
      </trkpt>
      <trkpt lat="40.4044293053448200225830078125" lon="116.68408404104411602020263671875">
        <ele>85.40000152587890625</ele>
        <time>2026-08-27T14:12:15.000Z</time>
        <extensions>
          <ns3:TrackPointExtension>
            <ns3:hr>175</ns3:hr>
            <ns3:cad>88</ns3:cad>
          </ns3:TrackPointExtension>
        </extensions>
      </trkpt>
      <trkpt lat="40.404428131878376007080078125" lon="116.6840340010821819305419921875">
        <ele>85.40000152587890625</ele>
        <time>2026-08-27T14:12:16.000Z</time>
        <extensions>
          <ns3:TrackPointExtension>
            <ns3:hr>175</ns3:hr>
            <ns3:cad>88</ns3:cad>
          </ns3:TrackPointExtension>
        </extensions>
      </trkpt>
      <trkpt lat="40.4044169001281261444091796875" lon="116.684000976383686065673828125">
        <ele>85.40000152587890625</ele>
        <time>2026-08-27T14:12:17.000Z</time>
        <extensions>
          <ns3:TrackPointExtension>
            <ns3:hr>176</ns3:hr>
            <ns3:cad>88</ns3:cad>
          </ns3:TrackPointExtension>
        </extensions>
      </trkpt>
      <trkpt lat="40.40440910495817661285400390625" lon="116.68395428918302059173583984375">
        <ele>85.40000152587890625</ele>
        <time>2026-08-27T14:12:18.000Z</time>
        <extensions>
          <ns3:TrackPointExtension>
            <ns3:hr>176</ns3:hr>
            <ns3:cad>88</ns3:cad>
          </ns3:TrackPointExtension>
        </extensions>
      </trkpt>
      <trkpt lat="40.40438957512378692626953125" lon="116.683923192322254180908203125">
        <ele>85.40000152587890625</ele>
        <time>2026-08-27T14:12:19.000Z</time>
        <extensions>
          <ns3:TrackPointExtension>
            <ns3:hr>176</ns3:hr>
            <ns3:cad>88</ns3:cad>
          </ns3:TrackPointExtension>
        </extensions>
      </trkpt>
      <trkpt lat="40.40437121875584125518798828125" lon="116.6838811151683330535888671875">
        <ele>85.40000152587890625</ele>
        <time>2026-08-27T14:12:20.000Z</time>
        <extensions>
          <ns3:TrackPointExtension>
            <ns3:hr>177</ns3:hr>
            <ns3:cad>88</ns3:cad>
          </ns3:TrackPointExtension>
        </extensions>
      </trkpt>
      <trkpt lat="40.4043508507311344146728515625" lon="116.68385353870689868927001953125">
        <ele>85.40000152587890625</ele>
        <time>2026-08-27T14:12:21.000Z</time>
        <extensions>
          <ns3:TrackPointExtension>
            <ns3:hr>176</ns3:hr>
            <ns3:cad>88</ns3:cad>
          </ns3:TrackPointExtension>
        </extensions>
      </trkpt>
      <trkpt lat="40.404328219592571258544921875" lon="116.6838187538087368011474609375">
        <ele>85.40000152587890625</ele>
        <time>2026-08-27T14:12:22.000Z</time>
        <extensions>
          <ns3:TrackPointExtension>
            <ns3:hr>177</ns3:hr>
            <ns3:cad>88</ns3:cad>
          </ns3:TrackPointExtension>
        </extensions>
      </trkpt>
      <trkpt lat="40.40430449880659580230712890625" lon="116.68378950096666812896728515625">
        <ele>85.40000152587890625</ele>
        <time>2026-08-27T14:12:23.000Z</time>
        <extensions>
          <ns3:TrackPointExtension>
            <ns3:hr>176</ns3:hr>
            <ns3:cad>88</ns3:cad>
          </ns3:TrackPointExtension>
        </extensions>
      </trkpt>
      <trkpt lat="40.40427834726870059967041015625" lon="116.68376259505748748779296875">
        <ele>85.1999969482421875</ele>
        <time>2026-08-27T14:12:24.000Z</time>
        <extensions>
          <ns3:TrackPointExtension>
            <ns3:hr>176</ns3:hr>
            <ns3:cad>88</ns3:cad>
          </ns3:TrackPointExtension>
        </extensions>
      </trkpt>
      <trkpt lat="40.40425118990242481231689453125" lon="116.68373635970056056976318359375">
        <ele>85.1999969482421875</ele>
        <time>2026-08-27T14:12:25.000Z</time>
        <extensions>
          <ns3:TrackPointExtension>
            <ns3:hr>176</ns3:hr>
            <ns3:cad>88</ns3:cad>
          </ns3:TrackPointExtension>
        </extensions>
      </trkpt>
      <trkpt lat="40.40422101505100727081298828125" lon="116.68371624313294887542724609375">
        <ele>85.1999969482421875</ele>
        <time>2026-08-27T14:12:26.000Z</time>
        <extensions>
          <ns3:TrackPointExtension>
            <ns3:hr>176</ns3:hr>
            <ns3:cad>88</ns3:cad>
          </ns3:TrackPointExtension>
        </extensions>
      </trkpt>
      <trkpt lat="40.40418799035251140594482421875" lon="116.68369495309889316558837890625">
        <ele>85.1999969482421875</ele>
        <time>2026-08-27T14:12:27.000Z</time>
        <extensions>
          <ns3:TrackPointExtension>
            <ns3:hr>177</ns3:hr>
            <ns3:cad>87</ns3:cad>
          </ns3:TrackPointExtension>
        </extensions>
      </trkpt>
      <trkpt lat="40.404158569872379302978515625" lon="116.68368891812860965728759765625">
        <ele>85.1999969482421875</ele>
        <time>2026-08-27T14:12:28.000Z</time>
        <extensions>
          <ns3:TrackPointExtension>
            <ns3:hr>177</ns3:hr>
            <ns3:cad>87</ns3:cad>
          </ns3:TrackPointExtension>
        </extensions>
      </trkpt>
      <trkpt lat="40.40412378497421741485595703125" lon="116.68367332778871059417724609375">
        <ele>85.1999969482421875</ele>
        <time>2026-08-27T14:12:29.000Z</time>
        <extensions>
          <ns3:TrackPointExtension>
            <ns3:hr>177</ns3:hr>
            <ns3:cad>88</ns3:cad>
          </ns3:TrackPointExtension>
        </extensions>
      </trkpt>
      <trkpt lat="40.4040967114269733428955078125" lon="116.683671064674854278564453125">
        <ele>85.1999969482421875</ele>
        <time>2026-08-27T14:12:30.000Z</time>
        <extensions>
          <ns3:TrackPointExtension>
            <ns3:hr>177</ns3:hr>
            <ns3:cad>88</ns3:cad>
          </ns3:TrackPointExtension>
        </extensions>
      </trkpt>
      <trkpt lat="40.4040605016052722930908203125" lon="116.683658324182033538818359375">
        <ele>85.1999969482421875</ele>
        <time>2026-08-27T14:12:31.000Z</time>
        <extensions>
          <ns3:TrackPointExtension>
            <ns3:hr>176</ns3:hr>
            <ns3:cad>89</ns3:cad>
          </ns3:TrackPointExtension>
        </extensions>
      </trkpt>
      <trkpt lat="40.40403208695352077484130859375" lon="116.683658324182033538818359375">
        <ele>85.1999969482421875</ele>
        <time>2026-08-27T14:12:32.000Z</time>
        <extensions>
          <ns3:TrackPointExtension>
            <ns3:hr>177</ns3:hr>
            <ns3:cad>89</ns3:cad>
          </ns3:TrackPointExtension>
        </extensions>
      </trkpt>
      <trkpt lat="40.4039947874844074249267578125" lon="116.6836487688124179840087890625">
        <ele>85.1999969482421875</ele>
        <time>2026-08-27T14:12:33.000Z</time>
        <extensions>
          <ns3:TrackPointExtension>
            <ns3:hr>177</ns3:hr>
            <ns3:cad>88</ns3:cad>
          </ns3:TrackPointExtension>
        </extensions>
      </trkpt>
      <trkpt lat="40.4039672948420047760009765625" lon="116.68365421704947948455810546875">
        <ele>85</ele>
        <time>2026-08-27T14:12:34.000Z</time>
        <extensions>
          <ns3:TrackPointExtension>
            <ns3:hr>177</ns3:hr>
            <ns3:cad>87</ns3:cad>
          </ns3:TrackPointExtension>
        </extensions>
      </trkpt>
      <trkpt lat="40.403925217688083648681640625" lon="116.6836477629840373992919921875">
        <ele>85</ele>
        <time>2026-08-27T14:12:35.000Z</time>
        <extensions>
          <ns3:TrackPointExtension>
            <ns3:hr>178</ns3:hr>
            <ns3:cad>87</ns3:cad>
          </ns3:TrackPointExtension>
        </extensions>
      </trkpt>
      <trkpt lat="40.40389495901763439178466796875" lon="116.6836519539356231689453125">
        <ele>85</ele>
        <time>2026-08-27T14:12:36.000Z</time>
        <extensions>
          <ns3:TrackPointExtension>
            <ns3:hr>177</ns3:hr>
            <ns3:cad>87</ns3:cad>
          </ns3:TrackPointExtension>
        </extensions>
      </trkpt>
      <trkpt lat="40.4038526304066181182861328125" lon="116.68364726006984710693359375">
        <ele>85</ele>
        <time>2026-08-27T14:12:37.000Z</time>
        <extensions>
          <ns3:TrackPointExtension>
            <ns3:hr>177</ns3:hr>
            <ns3:cad>88</ns3:cad>
          </ns3:TrackPointExtension>
        </extensions>
      </trkpt>
      <trkpt lat="40.4038204438984394073486328125" lon="116.68365170247852802276611328125">
        <ele>85</ele>
        <time>2026-08-27T14:12:38.000Z</time>
        <extensions>
          <ns3:TrackPointExtension>
            <ns3:hr>177</ns3:hr>
            <ns3:cad>88</ns3:cad>
          </ns3:TrackPointExtension>
        </extensions>
      </trkpt>
      <trkpt lat="40.40378046222031116485595703125" lon="116.68364860117435455322265625">
        <ele>85</ele>
        <time>2026-08-27T14:12:39.000Z</time>
        <extensions>
          <ns3:TrackPointExtension>
            <ns3:hr>176</ns3:hr>
            <ns3:cad>89</ns3:cad>
          </ns3:TrackPointExtension>
        </extensions>
      </trkpt>
      <trkpt lat="40.403749532997608184814453125" lon="116.683647930622100830078125">
        <ele>84.8000030517578125</ele>
        <time>2026-08-27T14:12:40.000Z</time>
        <extensions>
          <ns3:TrackPointExtension>
            <ns3:hr>176</ns3:hr>
            <ns3:cad>89</ns3:cad>
          </ns3:TrackPointExtension>
        </extensions>
      </trkpt>
      <trkpt lat="40.40371156297624111175537109375" lon="116.6836460866034030914306640625">
        <ele>84.8000030517578125</ele>
        <time>2026-08-27T14:12:41.000Z</time>
        <extensions>
          <ns3:TrackPointExtension>
            <ns3:hr>176</ns3:hr>
            <ns3:cad>88</ns3:cad>
          </ns3:TrackPointExtension>
        </extensions>
      </trkpt>
      <trkpt lat="40.40367920882999897003173828125" lon="116.6836480982601642608642578125">
        <ele>84.8000030517578125</ele>
        <time>2026-08-27T14:12:42.000Z</time>
        <extensions>
          <ns3:TrackPointExtension>
            <ns3:hr>177</ns3:hr>
            <ns3:cad>87</ns3:cad>
          </ns3:TrackPointExtension>
        </extensions>
      </trkpt>
      <trkpt lat="40.40364216081798076629638671875" lon="116.683647595345973968505859375">
        <ele>84.8000030517578125</ele>
        <time>2026-08-27T14:12:43.000Z</time>
        <extensions>
          <ns3:TrackPointExtension>
            <ns3:hr>178</ns3:hr>
            <ns3:cad>87</ns3:cad>
          </ns3:TrackPointExtension>
        </extensions>
      </trkpt>
      <trkpt lat="40.4036122374236583709716796875" lon="116.68364818207919597625732421875">
        <ele>84.8000030517578125</ele>
        <time>2026-08-27T14:12:44.000Z</time>
        <extensions>
          <ns3:TrackPointExtension>
            <ns3:hr>178</ns3:hr>
            <ns3:cad>88</ns3:cad>
          </ns3:TrackPointExtension>
        </extensions>
      </trkpt>
      <trkpt lat="40.403573177754878997802734375" lon="116.68364533223211765289306640625">
        <ele>84.8000030517578125</ele>
        <time>2026-08-27T14:12:45.000Z</time>
        <extensions>
          <ns3:TrackPointExtension>
            <ns3:hr>178</ns3:hr>
            <ns3:cad>88</ns3:cad>
          </ns3:TrackPointExtension>
        </extensions>
      </trkpt>
      <trkpt lat="40.40354199707508087158203125" lon="116.6836447454988956451416015625">
        <ele>84.8000030517578125</ele>
        <time>2026-08-27T14:12:46.000Z</time>
        <extensions>
          <ns3:TrackPointExtension>
            <ns3:hr>178</ns3:hr>
            <ns3:cad>89</ns3:cad>
          </ns3:TrackPointExtension>
        </extensions>
      </trkpt>
      <trkpt lat="40.4035049490630626678466796875" lon="116.68363963253796100616455078125">
        <ele>84.8000030517578125</ele>
        <time>2026-08-27T14:12:47.000Z</time>
        <extensions>
          <ns3:TrackPointExtension>
            <ns3:hr>179</ns3:hr>
            <ns3:cad>89</ns3:cad>
          </ns3:TrackPointExtension>
        </extensions>
      </trkpt>
      <trkpt lat="40.40347603149712085723876953125" lon="116.6836427338421344757080078125">
        <ele>84.8000030517578125</ele>
        <time>2026-08-27T14:12:48.000Z</time>
        <extensions>
          <ns3:TrackPointExtension>
            <ns3:hr>178</ns3:hr>
            <ns3:cad>90</ns3:cad>
          </ns3:TrackPointExtension>
        </extensions>
      </trkpt>
      <trkpt lat="40.403439737856388092041015625" lon="116.683639548718929290771484375">
        <ele>84.8000030517578125</ele>
        <time>2026-08-27T14:12:49.000Z</time>
        <extensions>
          <ns3:TrackPointExtension>
            <ns3:hr>178</ns3:hr>
            <ns3:cad>90</ns3:cad>
          </ns3:TrackPointExtension>
        </extensions>
      </trkpt>
      <trkpt lat="40.40340931154787540435791015625" lon="116.6836444102227687835693359375">
        <ele>84.8000030517578125</ele>
        <time>2026-08-27T14:12:50.000Z</time>
        <extensions>
          <ns3:TrackPointExtension>
            <ns3:hr>178</ns3:hr>
            <ns3:cad>90</ns3:cad>
          </ns3:TrackPointExtension>
        </extensions>
      </trkpt>
      <trkpt lat="40.40337159298360347747802734375" lon="116.683643572032451629638671875">
        <ele>84.8000030517578125</ele>
        <time>2026-08-27T14:12:51.000Z</time>
        <extensions>
          <ns3:TrackPointExtension>
            <ns3:hr>179</ns3:hr>
            <ns3:cad>90</ns3:cad>
          </ns3:TrackPointExtension>
        </extensions>
      </trkpt>
      <trkpt lat="40.40334007702767848968505859375" lon="116.68365052901208400726318359375">
        <ele>84.8000030517578125</ele>
        <time>2026-08-27T14:12:52.000Z</time>
        <extensions>
          <ns3:TrackPointExtension>
            <ns3:hr>178</ns3:hr>
            <ns3:cad>90</ns3:cad>
          </ns3:TrackPointExtension>
        </extensions>
      </trkpt>
      <trkpt lat="40.403302609920501708984375" lon="116.683653295040130615234375">
        <ele>84.8000030517578125</ele>
        <time>2026-08-27T14:12:53.000Z</time>
        <extensions>
          <ns3:TrackPointExtension>
            <ns3:hr>179</ns3:hr>
            <ns3:cad>90</ns3:cad>
          </ns3:TrackPointExtension>
        </extensions>
      </trkpt>
      <trkpt lat="40.4032692499458789825439453125" lon="116.683663688600063323974609375">
        <ele>84.8000030517578125</ele>
        <time>2026-08-27T14:12:54.000Z</time>
        <extensions>
          <ns3:TrackPointExtension>
            <ns3:hr>179</ns3:hr>
            <ns3:cad>90</ns3:cad>
          </ns3:TrackPointExtension>
        </extensions>
      </trkpt>
      <trkpt lat="40.4032363928854465484619140625" lon="116.68367718346416950225830078125">
        <ele>84.8000030517578125</ele>
        <time>2026-08-27T14:12:55.000Z</time>
        <extensions>
          <ns3:TrackPointExtension>
            <ns3:hr>180</ns3:hr>
            <ns3:cad>90</ns3:cad>
          </ns3:TrackPointExtension>
        </extensions>
      </trkpt>
      <trkpt lat="40.40320529602468013763427734375" lon="116.6836900077760219573974609375">
        <ele>84.8000030517578125</ele>
        <time>2026-08-27T14:12:56.000Z</time>
        <extensions>
          <ns3:TrackPointExtension>
            <ns3:hr>179</ns3:hr>
            <ns3:cad>90</ns3:cad>
          </ns3:TrackPointExtension>
        </extensions>
      </trkpt>
      <trkpt lat="40.40318450890481472015380859375" lon="116.68371221981942653656005859375">
        <ele>84.8000030517578125</ele>
        <time>2026-08-27T14:12:57.000Z</time>
        <extensions>
          <ns3:TrackPointExtension>
            <ns3:hr>180</ns3:hr>
            <ns3:cad>89</ns3:cad>
          </ns3:TrackPointExtension>
        </extensions>
      </trkpt>
      <trkpt lat="40.4031564295291900634765625" lon="116.68373149819672107696533203125">
        <ele>84.8000030517578125</ele>
        <time>2026-08-27T14:12:58.000Z</time>
        <extensions>
          <ns3:TrackPointExtension>
            <ns3:hr>180</ns3:hr>
            <ns3:cad>89</ns3:cad>
          </ns3:TrackPointExtension>
        </extensions>
      </trkpt>
      <trkpt lat="40.40313974954187870025634765625" lon="116.68375697918236255645751953125">
        <ele>84.8000030517578125</ele>
        <time>2026-08-27T14:12:59.000Z</time>
        <extensions>
          <ns3:TrackPointExtension>
            <ns3:hr>179</ns3:hr>
            <ns3:cad>89</ns3:cad>
          </ns3:TrackPointExtension>
        </extensions>
      </trkpt>
      <trkpt lat="40.4031126759946346282958984375" lon="116.68378246016800403594970703125">
        <ele>84.8000030517578125</ele>
        <time>2026-08-27T14:13:00.000Z</time>
        <extensions>
          <ns3:TrackPointExtension>
            <ns3:hr>177</ns3:hr>
            <ns3:cad>89</ns3:cad>
          </ns3:TrackPointExtension>
        </extensions>
      </trkpt>
      <trkpt lat="40.4030972532927989959716796875" lon="116.6838093660771846771240234375">
        <ele>84.8000030517578125</ele>
        <time>2026-08-27T14:13:01.000Z</time>
        <extensions>
          <ns3:TrackPointExtension>
            <ns3:hr>176</ns3:hr>
            <ns3:cad>89</ns3:cad>
          </ns3:TrackPointExtension>
        </extensions>
      </trkpt>
      <trkpt lat="40.40306632407009601593017578125" lon="116.68384331278502941131591796875">
        <ele>84.59999847412109375</ele>
        <time>2026-08-27T14:13:02.000Z</time>
        <extensions>
          <ns3:TrackPointExtension>
            <ns3:hr>176</ns3:hr>
            <ns3:cad>89</ns3:cad>
          </ns3:TrackPointExtension>
        </extensions>
      </trkpt>
      <trkpt lat="40.4030499793589115142822265625" lon="116.68387969024479389190673828125">
        <ele>84.59999847412109375</ele>
        <time>2026-08-27T14:13:03.000Z</time>
        <extensions>
          <ns3:TrackPointExtension>
            <ns3:hr>176</ns3:hr>
            <ns3:cad>89</ns3:cad>
          </ns3:TrackPointExtension>
        </extensions>
      </trkpt>
      <trkpt lat="40.40302977897226810455322265625" lon="116.6839193366467952728271484375">
        <ele>84.59999847412109375</ele>
        <time>2026-08-27T14:13:04.000Z</time>
        <extensions>
          <ns3:TrackPointExtension>
            <ns3:hr>175</ns3:hr>
            <ns3:cad>89</ns3:cad>
          </ns3:TrackPointExtension>
        </extensions>
      </trkpt>
      <trkpt lat="40.4030177928507328033447265625" lon="116.68395814485847949981689453125">
        <ele>84.59999847412109375</ele>
        <time>2026-08-27T14:13:05.000Z</time>
        <extensions>
          <ns3:TrackPointExtension>
            <ns3:hr>175</ns3:hr>
            <ns3:cad>89</ns3:cad>
          </ns3:TrackPointExtension>
        </extensions>
      </trkpt>
      <trkpt lat="40.403012931346893310546875" lon="116.6839977912604808807373046875">
        <ele>84.59999847412109375</ele>
        <time>2026-08-27T14:13:06.000Z</time>
        <extensions>
          <ns3:TrackPointExtension>
            <ns3:hr>175</ns3:hr>
            <ns3:cad>87</ns3:cad>
          </ns3:TrackPointExtension>
        </extensions>
      </trkpt>
      <trkpt lat="40.403003878891468048095703125" lon="116.68404045514762401580810546875">
        <ele>84.59999847412109375</ele>
        <time>2026-08-27T14:13:07.000Z</time>
        <extensions>
          <ns3:TrackPointExtension>
            <ns3:hr>175</ns3:hr>
            <ns3:cad>86</ns3:cad>
          </ns3:TrackPointExtension>
        </extensions>
      </trkpt>
      <trkpt lat="40.40300228632986545562744140625" lon="116.6840795986354351043701171875">
        <ele>84.59999847412109375</ele>
        <time>2026-08-27T14:13:08.000Z</time>
        <extensions>
          <ns3:TrackPointExtension>
            <ns3:hr>174</ns3:hr>
            <ns3:cad>86</ns3:cad>
          </ns3:TrackPointExtension>
        </extensions>
      </trkpt>
      <trkpt lat="40.40299750864505767822265625" lon="116.68412343598902225494384765625">
        <ele>84.59999847412109375</ele>
        <time>2026-08-27T14:13:09.000Z</time>
        <extensions>
          <ns3:TrackPointExtension>
            <ns3:hr>173</ns3:hr>
            <ns3:cad>87</ns3:cad>
          </ns3:TrackPointExtension>
        </extensions>
      </trkpt>
      <trkpt lat="40.4030033759772777557373046875" lon="116.68416014872491359710693359375">
        <ele>84.59999847412109375</ele>
        <time>2026-08-27T14:13:10.000Z</time>
        <extensions>
          <ns3:TrackPointExtension>
            <ns3:hr>174</ns3:hr>
            <ns3:cad>87</ns3:cad>
          </ns3:TrackPointExtension>
        </extensions>
      </trkpt>
      <trkpt lat="40.40300547145307064056396484375" lon="116.68420515954494476318359375">
        <ele>84.40000152587890625</ele>
        <time>2026-08-27T14:13:11.000Z</time>
        <extensions>
          <ns3:TrackPointExtension>
            <ns3:hr>174</ns3:hr>
            <ns3:cad>88</ns3:cad>
          </ns3:TrackPointExtension>
        </extensions>
      </trkpt>
      <trkpt lat="40.4030161164700984954833984375" lon="116.68424002826213836669921875">
        <ele>84.40000152587890625</ele>
        <time>2026-08-27T14:13:12.000Z</time>
        <extensions>
          <ns3:TrackPointExtension>
            <ns3:hr>175</ns3:hr>
            <ns3:cad>87</ns3:cad>
          </ns3:TrackPointExtension>
        </extensions>
      </trkpt>
      <trkpt lat="40.4030251689255237579345703125" lon="116.684285961091518402099609375">
        <ele>84.40000152587890625</ele>
        <time>2026-08-27T14:13:13.000Z</time>
        <extensions>
          <ns3:TrackPointExtension>
            <ns3:hr>175</ns3:hr>
            <ns3:cad>88</ns3:cad>
          </ns3:TrackPointExtension>
        </extensions>
      </trkpt>
      <trkpt lat="40.40304176509380340576171875" lon="116.68431705795228481292724609375">
        <ele>84.40000152587890625</ele>
        <time>2026-08-27T14:13:14.000Z</time>
        <extensions>
          <ns3:TrackPointExtension>
            <ns3:hr>176</ns3:hr>
            <ns3:cad>88</ns3:cad>
          </ns3:TrackPointExtension>
        </extensions>
      </trkpt>
      <trkpt lat="40.40306028909981250762939453125" lon="116.6843619011342525482177734375">
        <ele>84.1999969482421875</ele>
        <time>2026-08-27T14:13:15.000Z</time>
        <extensions>
          <ns3:TrackPointExtension>
            <ns3:hr>175</ns3:hr>
            <ns3:cad>88</ns3:cad>
          </ns3:TrackPointExtension>
        </extensions>
      </trkpt>
      <trkpt lat="40.40307370014488697052001953125" lon="116.68438511900603771209716796875">
        <ele>84.1999969482421875</ele>
        <time>2026-08-27T14:13:16.000Z</time>
        <extensions>
          <ns3:TrackPointExtension>
            <ns3:hr>175</ns3:hr>
            <ns3:cad>87</ns3:cad>
          </ns3:TrackPointExtension>
        </extensions>
      </trkpt>
      <trkpt lat="40.40309540927410125732421875" lon="116.68442107737064361572265625">
        <ele>84.1999969482421875</ele>
        <time>2026-08-27T14:13:17.000Z</time>
        <extensions>
          <ns3:TrackPointExtension>
            <ns3:hr>175</ns3:hr>
            <ns3:cad>87</ns3:cad>
          </ns3:TrackPointExtension>
        </extensions>
      </trkpt>
      <trkpt lat="40.4031143523752689361572265625" lon="116.68444731272757053375244140625">
        <ele>84.1999969482421875</ele>
        <time>2026-08-27T14:13:18.000Z</time>
        <extensions>
          <ns3:TrackPointExtension>
            <ns3:hr>175</ns3:hr>
            <ns3:cad>87</ns3:cad>
          </ns3:TrackPointExtension>
        </extensions>
      </trkpt>
      <trkpt lat="40.40314176119863986968994140625" lon="116.684475727379322052001953125">
        <ele>84.1999969482421875</ele>
        <time>2026-08-27T14:13:19.000Z</time>
        <extensions>
          <ns3:TrackPointExtension>
            <ns3:hr>175</ns3:hr>
            <ns3:cad>88</ns3:cad>
          </ns3:TrackPointExtension>
        </extensions>
      </trkpt>
      <trkpt lat="40.40316556580364704132080078125" lon="116.68449961580336093902587890625">
        <ele>84.40000152587890625</ele>
        <time>2026-08-27T14:13:20.000Z</time>
        <extensions>
          <ns3:TrackPointExtension>
            <ns3:hr>175</ns3:hr>
            <ns3:cad>88</ns3:cad>
          </ns3:TrackPointExtension>
        </extensions>
      </trkpt>
      <trkpt lat="40.4031980037689208984375" lon="116.684522330760955810546875">
        <ele>84.40000152587890625</ele>
        <time>2026-08-27T14:13:21.000Z</time>
        <extensions>
          <ns3:TrackPointExtension>
            <ns3:hr>176</ns3:hr>
            <ns3:cad>88</ns3:cad>
          </ns3:TrackPointExtension>
        </extensions>
      </trkpt>
      <trkpt lat="40.40323295630514621734619140625" lon="116.68453683145344257354736328125">
        <ele>84.40000152587890625</ele>
        <time>2026-08-27T14:13:22.000Z</time>
        <extensions>
          <ns3:TrackPointExtension>
            <ns3:hr>176</ns3:hr>
            <ns3:cad>88</ns3:cad>
          </ns3:TrackPointExtension>
        </extensions>
      </trkpt>
      <trkpt lat="40.40326430462300777435302734375" lon="116.68454102240502834320068359375">
        <ele>84.40000152587890625</ele>
        <time>2026-08-27T14:13:23.000Z</time>
        <extensions>
          <ns3:TrackPointExtension>
            <ns3:hr>176</ns3:hr>
            <ns3:cad>88</ns3:cad>
          </ns3:TrackPointExtension>
        </extensions>
      </trkpt>
      <trkpt lat="40.4033007659018039703369140625" lon="116.684549488127231597900390625">
        <ele>84.40000152587890625</ele>
        <time>2026-08-27T14:13:24.000Z</time>
        <extensions>
          <ns3:TrackPointExtension>
            <ns3:hr>176</ns3:hr>
            <ns3:cad>87</ns3:cad>
          </ns3:TrackPointExtension>
        </extensions>
      </trkpt>
      <trkpt lat="40.40333152748644351959228515625" lon="116.68454437516629695892333984375">
        <ele>84.40000152587890625</ele>
        <time>2026-08-27T14:13:25.000Z</time>
        <extensions>
          <ns3:TrackPointExtension>
            <ns3:hr>177</ns3:hr>
            <ns3:cad>87</ns3:cad>
          </ns3:TrackPointExtension>
        </extensions>
      </trkpt>
      <trkpt lat="40.40336765348911285400390625" lon="116.68454923667013645172119140625">
        <ele>84.1999969482421875</ele>
        <time>2026-08-27T14:13:26.000Z</time>
        <extensions>
          <ns3:TrackPointExtension>
            <ns3:hr>177</ns3:hr>
            <ns3:cad>87</ns3:cad>
          </ns3:TrackPointExtension>
        </extensions>
      </trkpt>
      <trkpt lat="40.40339087136089801788330078125" lon="116.6845402680337429046630859375">
        <ele>84.40000152587890625</ele>
        <time>2026-08-27T14:13:27.000Z</time>
        <extensions>
          <ns3:TrackPointExtension>
            <ns3:hr>177</ns3:hr>
            <ns3:cad>87</ns3:cad>
          </ns3:TrackPointExtension>
        </extensions>
      </trkpt>
      <trkpt lat="40.40342724882066249847412109375" lon="116.6845456324517726898193359375">
        <ele>84.40000152587890625</ele>
        <time>2026-08-27T14:13:28.000Z</time>
        <extensions>
          <ns3:TrackPointExtension>
            <ns3:hr>177</ns3:hr>
            <ns3:cad>87</ns3:cad>
          </ns3:TrackPointExtension>
        </extensions>
      </trkpt>
      <trkpt lat="40.40344987995922565460205078125" lon="116.684537418186664581298828125">
        <ele>84.40000152587890625</ele>
        <time>2026-08-27T14:13:29.000Z</time>
        <extensions>
          <ns3:TrackPointExtension>
            <ns3:hr>177</ns3:hr>
            <ns3:cad>89</ns3:cad>
          </ns3:TrackPointExtension>
        </extensions>
      </trkpt>
      <trkpt lat="40.40348541922867298126220703125" lon="116.68454580008983612060546875">
        <ele>84.59999847412109375</ele>
        <time>2026-08-27T14:13:30.000Z</time>
        <extensions>
          <ns3:TrackPointExtension>
            <ns3:hr>178</ns3:hr>
            <ns3:cad>89</ns3:cad>
          </ns3:TrackPointExtension>
        </extensions>
      </trkpt>
      <trkpt lat="40.4035106487572193145751953125" lon="116.68453909456729888916015625">
        <ele>84.59999847412109375</ele>
        <time>2026-08-27T14:13:31.000Z</time>
        <extensions>
          <ns3:TrackPointExtension>
            <ns3:hr>177</ns3:hr>
            <ns3:cad>88</ns3:cad>
          </ns3:TrackPointExtension>
        </extensions>
      </trkpt>
      <trkpt lat="40.40354878641664981842041015625" lon="116.68454303406178951263427734375">
        <ele>84.59999847412109375</ele>
        <time>2026-08-27T14:13:32.000Z</time>
        <extensions>
          <ns3:TrackPointExtension>
            <ns3:hr>177</ns3:hr>
            <ns3:cad>87</ns3:cad>
          </ns3:TrackPointExtension>
        </extensions>
      </trkpt>
      <trkpt lat="40.403579883277416229248046875" lon="116.684540770947933197021484375">
        <ele>84.59999847412109375</ele>
        <time>2026-08-27T14:13:33.000Z</time>
        <extensions>
          <ns3:TrackPointExtension>
            <ns3:hr>177</ns3:hr>
            <ns3:cad>87</ns3:cad>
          </ns3:TrackPointExtension>
        </extensions>
      </trkpt>
      <trkpt lat="40.403616093099117279052734375" lon="116.68454923667013645172119140625">
        <ele>84.59999847412109375</ele>
        <time>2026-08-27T14:13:34.000Z</time>
        <extensions>
          <ns3:TrackPointExtension>
            <ns3:hr>177</ns3:hr>
            <ns3:cad>88</ns3:cad>
          </ns3:TrackPointExtension>
        </extensions>
      </trkpt>
      <trkpt lat="40.4036486148834228515625" lon="116.68454370461404323577880859375">
        <ele>84.59999847412109375</ele>
        <time>2026-08-27T14:13:35.000Z</time>
        <extensions>
          <ns3:TrackPointExtension>
            <ns3:hr>178</ns3:hr>
            <ns3:cad>88</ns3:cad>
          </ns3:TrackPointExtension>
        </extensions>
      </trkpt>
      <trkpt lat="40.4036816395819187164306640625" lon="116.68455024249851703643798828125">
        <ele>84.59999847412109375</ele>
        <time>2026-08-27T14:13:36.000Z</time>
        <extensions>
          <ns3:TrackPointExtension>
            <ns3:hr>178</ns3:hr>
            <ns3:cad>89</ns3:cad>
          </ns3:TrackPointExtension>
        </extensions>
      </trkpt>
      <trkpt lat="40.4037074558436870574951171875" lon="116.68454688973724842071533203125">
        <ele>84.8000030517578125</ele>
        <time>2026-08-27T14:13:37.000Z</time>
        <extensions>
          <ns3:TrackPointExtension>
            <ns3:hr>178</ns3:hr>
            <ns3:cad>89</ns3:cad>
          </ns3:TrackPointExtension>
        </extensions>
      </trkpt>
      <trkpt lat="40.40374391712248325347900390625" lon="116.68454873375594615936279296875">
        <ele>84.59999847412109375</ele>
        <time>2026-08-27T14:13:38.000Z</time>
        <extensions>
          <ns3:TrackPointExtension>
            <ns3:hr>179</ns3:hr>
            <ns3:cad>89</ns3:cad>
          </ns3:TrackPointExtension>
        </extensions>
      </trkpt>
      <trkpt lat="40.403776355087757110595703125" lon="116.68454906903207302093505859375">
        <ele>84.59999847412109375</ele>
        <time>2026-08-27T14:13:39.000Z</time>
        <extensions>
          <ns3:TrackPointExtension>
            <ns3:hr>178</ns3:hr>
            <ns3:cad>89</ns3:cad>
          </ns3:TrackPointExtension>
        </extensions>
      </trkpt>
      <trkpt lat="40.403810553252696990966796875" lon="116.68454973958432674407958984375">
        <ele>84.59999847412109375</ele>
        <time>2026-08-27T14:13:40.000Z</time>
        <extensions>
          <ns3:TrackPointExtension>
            <ns3:hr>179</ns3:hr>
            <ns3:cad>89</ns3:cad>
          </ns3:TrackPointExtension>
        </extensions>
      </trkpt>
      <trkpt lat="40.40384248830378055572509765625" lon="116.68454454280436038970947265625">
        <ele>84.40000152587890625</ele>
        <time>2026-08-27T14:13:41.000Z</time>
        <extensions>
          <ns3:TrackPointExtension>
            <ns3:hr>178</ns3:hr>
            <ns3:cad>88</ns3:cad>
          </ns3:TrackPointExtension>
        </extensions>
      </trkpt>
      <trkpt lat="40.40387769229710102081298828125" lon="116.684544794261455535888671875">
        <ele>84.40000152587890625</ele>
        <time>2026-08-27T14:13:42.000Z</time>
        <extensions>
          <ns3:TrackPointExtension>
            <ns3:hr>178</ns3:hr>
            <ns3:cad>88</ns3:cad>
          </ns3:TrackPointExtension>
        </extensions>
      </trkpt>
      <trkpt lat="40.40391021408140659332275390625" lon="116.684543788433074951171875">
        <ele>84.40000152587890625</ele>
        <time>2026-08-27T14:13:43.000Z</time>
        <extensions>
          <ns3:TrackPointExtension>
            <ns3:hr>177</ns3:hr>
            <ns3:cad>87</ns3:cad>
          </ns3:TrackPointExtension>
        </extensions>
      </trkpt>
      <trkpt lat="40.4039438255131244659423828125" lon="116.6845469735562801361083984375">
        <ele>84.40000152587890625</ele>
        <time>2026-08-27T14:13:44.000Z</time>
        <extensions>
          <ns3:TrackPointExtension>
            <ns3:hr>178</ns3:hr>
            <ns3:cad>87</ns3:cad>
          </ns3:TrackPointExtension>
        </extensions>
      </trkpt>
      <trkpt lat="40.40397693403065204620361328125" lon="116.68455158360302448272705078125">
        <ele>84.40000152587890625</ele>
        <time>2026-08-27T14:13:45.000Z</time>
        <extensions>
          <ns3:TrackPointExtension>
            <ns3:hr>177</ns3:hr>
            <ns3:cad>89</ns3:cad>
          </ns3:TrackPointExtension>
        </extensions>
      </trkpt>
      <trkpt lat="40.4040135629475116729736328125" lon="116.68455443345010280609130859375">
        <ele>84.40000152587890625</ele>
        <time>2026-08-27T14:13:46.000Z</time>
        <extensions>
          <ns3:TrackPointExtension>
            <ns3:hr>178</ns3:hr>
            <ns3:cad>89</ns3:cad>
          </ns3:TrackPointExtension>
        </extensions>
      </trkpt>
      <trkpt lat="40.4040497727692127227783203125" lon="116.68455644510686397552490234375">
        <ele>84.40000152587890625</ele>
        <time>2026-08-27T14:13:47.000Z</time>
        <extensions>
          <ns3:TrackPointExtension>
            <ns3:hr>178</ns3:hr>
            <ns3:cad>89</ns3:cad>
          </ns3:TrackPointExtension>
        </extensions>
      </trkpt>
      <trkpt lat="40.40408623404800891876220703125" lon="116.68455828912556171417236328125">
        <ele>84.40000152587890625</ele>
        <time>2026-08-27T14:13:48.000Z</time>
        <extensions>
          <ns3:TrackPointExtension>
            <ns3:hr>178</ns3:hr>
            <ns3:cad>89</ns3:cad>
          </ns3:TrackPointExtension>
        </extensions>
      </trkpt>
      <trkpt lat="40.40412194095551967620849609375" lon="116.68455828912556171417236328125">
        <ele>84.40000152587890625</ele>
        <time>2026-08-27T14:13:49.000Z</time>
        <extensions>
          <ns3:TrackPointExtension>
            <ns3:hr>178</ns3:hr>
            <ns3:cad>89</ns3:cad>
          </ns3:TrackPointExtension>
        </extensions>
      </trkpt>
      <trkpt lat="40.40415848605334758758544921875" lon="116.68455242179334163665771484375">
        <ele>84.40000152587890625</ele>
        <time>2026-08-27T14:13:50.000Z</time>
        <extensions>
          <ns3:TrackPointExtension>
            <ns3:hr>178</ns3:hr>
            <ns3:cad>89</ns3:cad>
          </ns3:TrackPointExtension>
        </extensions>
      </trkpt>
      <trkpt lat="40.4041905887424945831298828125" lon="116.68453716672956943511962890625">
        <ele>84.40000152587890625</ele>
        <time>2026-08-27T14:13:51.000Z</time>
        <extensions>
          <ns3:TrackPointExtension>
            <ns3:hr>177</ns3:hr>
            <ns3:cad>89</ns3:cad>
          </ns3:TrackPointExtension>
        </extensions>
      </trkpt>
      <trkpt lat="40.40422369726002216339111328125" lon="116.68452073819935321807861328125">
        <ele>84.40000152587890625</ele>
        <time>2026-08-27T14:13:52.000Z</time>
        <extensions>
          <ns3:TrackPointExtension>
            <ns3:hr>178</ns3:hr>
            <ns3:cad>90</ns3:cad>
          </ns3:TrackPointExtension>
        </extensions>
      </trkpt>
      <trkpt lat="40.40425269864499568939208984375" lon="116.684502549469470977783203125">
        <ele>84.40000152587890625</ele>
        <time>2026-08-27T14:13:53.000Z</time>
        <extensions>
          <ns3:TrackPointExtension>
            <ns3:hr>178</ns3:hr>
            <ns3:cad>90</ns3:cad>
          </ns3:TrackPointExtension>
        </extensions>
      </trkpt>
      <trkpt lat="40.40428237058222293853759765625" lon="116.68447815813124179840087890625">
        <ele>84.40000152587890625</ele>
        <time>2026-08-27T14:13:54.000Z</time>
        <extensions>
          <ns3:TrackPointExtension>
            <ns3:hr>179</ns3:hr>
            <ns3:cad>90</ns3:cad>
          </ns3:TrackPointExtension>
        </extensions>
      </trkpt>
      <trkpt lat="40.4043062590062618255615234375" lon="116.6844514198601245880126953125">
        <ele>84.40000152587890625</ele>
        <time>2026-08-27T14:13:55.000Z</time>
        <extensions>
          <ns3:TrackPointExtension>
            <ns3:hr>178</ns3:hr>
            <ns3:cad>90</ns3:cad>
          </ns3:TrackPointExtension>
        </extensions>
      </trkpt>
      <trkpt lat="40.40433115325868129730224609375" lon="116.68441764079034328460693359375">
        <ele>84.59999847412109375</ele>
        <time>2026-08-27T14:13:56.000Z</time>
        <extensions>
          <ns3:TrackPointExtension>
            <ns3:hr>178</ns3:hr>
            <ns3:cad>90</ns3:cad>
          </ns3:TrackPointExtension>
        </extensions>
      </trkpt>
      <trkpt lat="40.40434959344565868377685546875" lon="116.68438428081572055816650390625">
        <ele>84.59999847412109375</ele>
        <time>2026-08-27T14:13:57.000Z</time>
        <extensions>
          <ns3:TrackPointExtension>
            <ns3:hr>178</ns3:hr>
            <ns3:cad>89</ns3:cad>
          </ns3:TrackPointExtension>
        </extensions>
      </trkpt>
      <trkpt lat="40.404370129108428955078125" lon="116.6843454726040363311767578125">
        <ele>84.59999847412109375</ele>
        <time>2026-08-27T14:13:58.000Z</time>
        <extensions>
          <ns3:TrackPointExtension>
            <ns3:hr>178</ns3:hr>
            <ns3:cad>89</ns3:cad>
          </ns3:TrackPointExtension>
        </extensions>
      </trkpt>
      <trkpt lat="40.40438479743897914886474609375" lon="116.68430708348751068115234375">
        <ele>84.59999847412109375</ele>
        <time>2026-08-27T14:13:59.000Z</time>
        <extensions>
          <ns3:TrackPointExtension>
            <ns3:hr>178</ns3:hr>
            <ns3:cad>89</ns3:cad>
          </ns3:TrackPointExtension>
        </extensions>
      </trkpt>
      <trkpt lat="40.4044031538069248199462890625" lon="116.6842609830200672149658203125">
        <ele>84.59999847412109375</ele>
        <time>2026-08-27T14:14:00.000Z</time>
        <extensions>
          <ns3:TrackPointExtension>
            <ns3:hr>177</ns3:hr>
            <ns3:cad>90</ns3:cad>
          </ns3:TrackPointExtension>
        </extensions>
      </trkpt>
      <trkpt lat="40.404407344758510589599609375" lon="116.68421815149486064910888671875">
        <ele>84.8000030517578125</ele>
        <time>2026-08-27T14:14:01.000Z</time>
        <extensions>
          <ns3:TrackPointExtension>
            <ns3:hr>177</ns3:hr>
            <ns3:cad>90</ns3:cad>
          </ns3:TrackPointExtension>
        </extensions>
      </trkpt>
      <trkpt lat="40.404415391385555267333984375" lon="116.6841717995703220367431640625">
        <ele>84.8000030517578125</ele>
        <time>2026-08-27T14:14:02.000Z</time>
        <extensions>
          <ns3:TrackPointExtension>
            <ns3:hr>178</ns3:hr>
            <ns3:cad>91</ns3:cad>
          </ns3:TrackPointExtension>
        </extensions>
      </trkpt>
      <trkpt lat="40.4044148884713649749755859375" lon="116.6841305606067180633544921875">
        <ele>84.8000030517578125</ele>
        <time>2026-08-27T14:14:03.000Z</time>
        <extensions>
          <ns3:TrackPointExtension>
            <ns3:hr>178</ns3:hr>
            <ns3:cad>91</ns3:cad>
          </ns3:TrackPointExtension>
        </extensions>
      </trkpt>
      <trkpt lat="40.40441513992846012115478515625" lon="116.68408152647316455841064453125">
        <ele>84.8000030517578125</ele>
        <time>2026-08-27T14:14:04.000Z</time>
        <extensions>
          <ns3:TrackPointExtension>
            <ns3:hr>179</ns3:hr>
            <ns3:cad>91</ns3:cad>
          </ns3:TrackPointExtension>
        </extensions>
      </trkpt>
      <trkpt lat="40.40440893732011318206787109375" lon="116.68404213152825832366943359375">
        <ele>84.8000030517578125</ele>
        <time>2026-08-27T14:14:05.000Z</time>
        <extensions>
          <ns3:TrackPointExtension>
            <ns3:hr>179</ns3:hr>
            <ns3:cad>91</ns3:cad>
          </ns3:TrackPointExtension>
        </extensions>
      </trkpt>
      <trkpt lat="40.40440273471176624298095703125" lon="116.68399368412792682647705078125">
        <ele>84.8000030517578125</ele>
        <time>2026-08-27T14:14:06.000Z</time>
        <extensions>
          <ns3:TrackPointExtension>
            <ns3:hr>179</ns3:hr>
            <ns3:cad>90</ns3:cad>
          </ns3:TrackPointExtension>
        </extensions>
      </trkpt>
      <trkpt lat="40.4043920896947383880615234375" lon="116.683958061039447784423828125">
        <ele>84.8000030517578125</ele>
        <time>2026-08-27T14:14:07.000Z</time>
        <extensions>
          <ns3:TrackPointExtension>
            <ns3:hr>180</ns3:hr>
            <ns3:cad>90</ns3:cad>
          </ns3:TrackPointExtension>
        </extensions>
      </trkpt>
      <trkpt lat="40.40437616407871246337890625" lon="116.6839173249900341033935546875">
        <ele>84.8000030517578125</ele>
        <time>2026-08-27T14:14:08.000Z</time>
        <extensions>
          <ns3:TrackPointExtension>
            <ns3:hr>181</ns3:hr>
            <ns3:cad>90</ns3:cad>
          </ns3:TrackPointExtension>
        </extensions>
      </trkpt>
      <trkpt lat="40.404358394443988800048828125" lon="116.68388488702476024627685546875">
        <ele>84.8000030517578125</ele>
        <time>2026-08-27T14:14:09.000Z</time>
        <extensions>
          <ns3:TrackPointExtension>
            <ns3:hr>181</ns3:hr>
            <ns3:cad>90</ns3:cad>
          </ns3:TrackPointExtension>
        </extensions>
      </trkpt>
      <trkpt lat="40.40433584712445735931396484375" lon="116.68384666554629802703857421875">
        <ele>84.8000030517578125</ele>
        <time>2026-08-27T14:14:10.000Z</time>
        <extensions>
          <ns3:TrackPointExtension>
            <ns3:hr>181</ns3:hr>
            <ns3:cad>90</ns3:cad>
          </ns3:TrackPointExtension>
        </extensions>
      </trkpt>
      <trkpt lat="40.40431237779557704925537109375" lon="116.68381950818002223968505859375">
        <ele>84.8000030517578125</ele>
        <time>2026-08-27T14:14:11.000Z</time>
        <extensions>
          <ns3:TrackPointExtension>
            <ns3:hr>181</ns3:hr>
            <ns3:cad>90</ns3:cad>
          </ns3:TrackPointExtension>
        </extensions>
      </trkpt>
      <trkpt lat="40.4042848013341426849365234375" lon="116.6837847232818603515625">
        <ele>84.59999847412109375</ele>
        <time>2026-08-27T14:14:12.000Z</time>
        <extensions>
          <ns3:TrackPointExtension>
            <ns3:hr>182</ns3:hr>
            <ns3:cad>91</ns3:cad>
          </ns3:TrackPointExtension>
        </extensions>
      </trkpt>
      <trkpt lat="40.4042593203485012054443359375" lon="116.68376385234296321868896484375">
        <ele>84.59999847412109375</ele>
        <time>2026-08-27T14:14:13.000Z</time>
        <extensions>
          <ns3:TrackPointExtension>
            <ns3:hr>181</ns3:hr>
            <ns3:cad>91</ns3:cad>
          </ns3:TrackPointExtension>
        </extensions>
      </trkpt>
      <trkpt lat="40.40422872640192508697509765625" lon="116.68373577296733856201171875">
        <ele>84.59999847412109375</ele>
        <time>2026-08-27T14:14:14.000Z</time>
        <extensions>
          <ns3:TrackPointExtension>
            <ns3:hr>181</ns3:hr>
            <ns3:cad>90</ns3:cad>
          </ns3:TrackPointExtension>
        </extensions>
      </trkpt>
      <trkpt lat="40.4042019881308078765869140625" lon="116.6837208531796932220458984375">
        <ele>84.59999847412109375</ele>
        <time>2026-08-27T14:14:15.000Z</time>
        <extensions>
          <ns3:TrackPointExtension>
            <ns3:hr>181</ns3:hr>
            <ns3:cad>90</ns3:cad>
          </ns3:TrackPointExtension>
        </extensions>
      </trkpt>
      <trkpt lat="40.4041687957942485809326171875" lon="116.68370132334530353546142578125">
        <ele>84.59999847412109375</ele>
        <time>2026-08-27T14:14:16.000Z</time>
        <extensions>
          <ns3:TrackPointExtension>
            <ns3:hr>181</ns3:hr>
            <ns3:cad>90</ns3:cad>
          </ns3:TrackPointExtension>
        </extensions>
      </trkpt>
      <trkpt lat="40.40414155460894107818603515625" lon="116.683698557317256927490234375">
        <ele>84.59999847412109375</ele>
        <time>2026-08-27T14:14:17.000Z</time>
        <extensions>
          <ns3:TrackPointExtension>
            <ns3:hr>181</ns3:hr>
            <ns3:cad>90</ns3:cad>
          </ns3:TrackPointExtension>
        </extensions>
      </trkpt>
      <trkpt lat="40.40410450659692287445068359375" lon="116.68368824757635593414306640625">
        <ele>84.59999847412109375</ele>
        <time>2026-08-27T14:14:18.000Z</time>
        <extensions>
          <ns3:TrackPointExtension>
            <ns3:hr>181</ns3:hr>
            <ns3:cad>90</ns3:cad>
          </ns3:TrackPointExtension>
        </extensions>
      </trkpt>
      <trkpt lat="40.40407709777355194091796875" lon="116.68369285762310028076171875">
        <ele>84.59999847412109375</ele>
        <time>2026-08-27T14:14:19.000Z</time>
        <extensions>
          <ns3:TrackPointExtension>
            <ns3:hr>181</ns3:hr>
            <ns3:cad>90</ns3:cad>
          </ns3:TrackPointExtension>
        </extensions>
      </trkpt>
      <trkpt lat="40.4040397144854068756103515625" lon="116.68368891812860965728759765625">
        <ele>84.59999847412109375</ele>
        <time>2026-08-27T14:14:20.000Z</time>
        <extensions>
          <ns3:TrackPointExtension>
            <ns3:hr>181</ns3:hr>
            <ns3:cad>90</ns3:cad>
          </ns3:TrackPointExtension>
        </extensions>
      </trkpt>
      <trkpt lat="40.4040098749101161956787109375" lon="116.6836940310895442962646484375">
        <ele>84.59999847412109375</ele>
        <time>2026-08-27T14:14:21.000Z</time>
        <extensions>
          <ns3:TrackPointExtension>
            <ns3:hr>183</ns3:hr>
            <ns3:cad>90</ns3:cad>
          </ns3:TrackPointExtension>
        </extensions>
      </trkpt>
      <trkpt lat="40.403973162174224853515625" lon="116.68368816375732421875">
        <ele>84.59999847412109375</ele>
        <time>2026-08-27T14:14:22.000Z</time>
        <extensions>
          <ns3:TrackPointExtension>
            <ns3:hr>182</ns3:hr>
            <ns3:cad>90</ns3:cad>
          </ns3:TrackPointExtension>
        </extensions>
      </trkpt>
      <trkpt lat="40.403944663703441619873046875" lon="116.683690510690212249755859375">
        <ele>84.59999847412109375</ele>
        <time>2026-08-27T14:14:23.000Z</time>
        <extensions>
          <ns3:TrackPointExtension>
            <ns3:hr>183</ns3:hr>
            <ns3:cad>91</ns3:cad>
          </ns3:TrackPointExtension>
        </extensions>
      </trkpt>
      <trkpt lat="40.40390786714851856231689453125" lon="116.68368657119572162628173828125">
        <ele>84.59999847412109375</ele>
        <time>2026-08-27T14:14:24.000Z</time>
        <extensions>
          <ns3:TrackPointExtension>
            <ns3:hr>183</ns3:hr>
            <ns3:cad>91</ns3:cad>
          </ns3:TrackPointExtension>
        </extensions>
      </trkpt>
      <trkpt lat="40.40387727320194244384765625" lon="116.68368749320507049560546875">
        <ele>84.59999847412109375</ele>
        <time>2026-08-27T14:14:25.000Z</time>
        <extensions>
          <ns3:TrackPointExtension>
            <ns3:hr>183</ns3:hr>
            <ns3:cad>93</ns3:cad>
          </ns3:TrackPointExtension>
        </extensions>
      </trkpt>
      <trkpt lat="40.40384282357990741729736328125" lon="116.683684475719928741455078125">
        <ele>84.59999847412109375</ele>
        <time>2026-08-27T14:14:26.000Z</time>
        <extensions>
          <ns3:TrackPointExtension>
            <ns3:hr>183</ns3:hr>
            <ns3:cad>93</ns3:cad>
          </ns3:TrackPointExtension>
        </extensions>
      </trkpt>
      <trkpt lat="40.40381046943366527557373046875" lon="116.68368481099605560302734375">
        <ele>84.59999847412109375</ele>
        <time>2026-08-27T14:14:27.000Z</time>
        <extensions>
          <ns3:TrackPointExtension>
            <ns3:hr>184</ns3:hr>
            <ns3:cad>93</ns3:cad>
          </ns3:TrackPointExtension>
        </extensions>
      </trkpt>
      <trkpt lat="40.403778366744518280029296875" lon="116.683680452406406402587890625">
        <ele>84.59999847412109375</ele>
        <time>2026-08-27T14:14:28.000Z</time>
        <extensions>
          <ns3:TrackPointExtension>
            <ns3:hr>183</ns3:hr>
            <ns3:cad>93</ns3:cad>
          </ns3:TrackPointExtension>
        </extensions>
      </trkpt>
      <trkpt lat="40.40374509058892726898193359375" lon="116.68368070386350154876708984375">
        <ele>84.59999847412109375</ele>
        <time>2026-08-27T14:14:29.000Z</time>
        <extensions>
          <ns3:TrackPointExtension>
            <ns3:hr>183</ns3:hr>
            <ns3:cad>92</ns3:cad>
          </ns3:TrackPointExtension>
        </extensions>
      </trkpt>
      <trkpt lat="40.403710640966892242431640625" lon="116.68368036858737468719482421875">
        <ele>84.40000152587890625</ele>
        <time>2026-08-27T14:14:30.000Z</time>
        <extensions>
          <ns3:TrackPointExtension>
            <ns3:hr>183</ns3:hr>
            <ns3:cad>92</ns3:cad>
          </ns3:TrackPointExtension>
        </extensions>
      </trkpt>
      <trkpt lat="40.40367744863033294677734375" lon="116.68368212878704071044921875">
        <ele>84.59999847412109375</ele>
        <time>2026-08-27T14:14:31.000Z</time>
        <extensions>
          <ns3:TrackPointExtension>
            <ns3:hr>183</ns3:hr>
            <ns3:cad>92</ns3:cad>
          </ns3:TrackPointExtension>
        </extensions>
      </trkpt>
      <trkpt lat="40.4036437533795833587646484375" lon="116.68367936275899410247802734375">
        <ele>84.59999847412109375</ele>
        <time>2026-08-27T14:14:32.000Z</time>
        <extensions>
          <ns3:TrackPointExtension>
            <ns3:hr>182</ns3:hr>
            <ns3:cad>91</ns3:cad>
          </ns3:TrackPointExtension>
        </extensions>
      </trkpt>
      <trkpt lat="40.40361114777624607086181640625" lon="116.6836802847683429718017578125">
        <ele>84.40000152587890625</ele>
        <time>2026-08-27T14:14:33.000Z</time>
        <extensions>
          <ns3:TrackPointExtension>
            <ns3:hr>181</ns3:hr>
            <ns3:cad>91</ns3:cad>
          </ns3:TrackPointExtension>
        </extensions>
      </trkpt>
      <trkpt lat="40.4035800509154796600341796875" lon="116.68367835693061351776123046875">
        <ele>84.40000152587890625</ele>
        <time>2026-08-27T14:14:34.000Z</time>
        <extensions>
          <ns3:TrackPointExtension>
            <ns3:hr>180</ns3:hr>
            <ns3:cad>90</ns3:cad>
          </ns3:TrackPointExtension>
        </extensions>
      </trkpt>
      <trkpt lat="40.40354509837925434112548828125" lon="116.68367684818804264068603515625">
        <ele>84.40000152587890625</ele>
        <time>2026-08-27T14:14:35.000Z</time>
        <extensions>
          <ns3:TrackPointExtension>
            <ns3:hr>180</ns3:hr>
            <ns3:cad>90</ns3:cad>
          </ns3:TrackPointExtension>
        </extensions>
      </trkpt>
      <trkpt lat="40.40351442061364650726318359375" lon="116.68367986567318439483642578125">
        <ele>84.40000152587890625</ele>
        <time>2026-08-27T14:14:36.000Z</time>
        <extensions>
          <ns3:TrackPointExtension>
            <ns3:hr>180</ns3:hr>
            <ns3:cad>90</ns3:cad>
          </ns3:TrackPointExtension>
        </extensions>
      </trkpt>
      <trkpt lat="40.40347787551581859588623046875" lon="116.6836802847683429718017578125">
        <ele>84.40000152587890625</ele>
        <time>2026-08-27T14:14:37.000Z</time>
        <extensions>
          <ns3:TrackPointExtension>
            <ns3:hr>181</ns3:hr>
            <ns3:cad>90</ns3:cad>
          </ns3:TrackPointExtension>
        </extensions>
      </trkpt>
      <trkpt lat="40.4034466110169887542724609375" lon="116.6836826317012310028076171875">
        <ele>84.40000152587890625</ele>
        <time>2026-08-27T14:14:38.000Z</time>
        <extensions>
          <ns3:TrackPointExtension>
            <ns3:hr>181</ns3:hr>
            <ns3:cad>91</ns3:cad>
          </ns3:TrackPointExtension>
        </extensions>
      </trkpt>
      <trkpt lat="40.40340729989111423492431640625" lon="116.68367818929255008697509765625">
        <ele>84.40000152587890625</ele>
        <time>2026-08-27T14:14:39.000Z</time>
        <extensions>
          <ns3:TrackPointExtension>
            <ns3:hr>181</ns3:hr>
            <ns3:cad>91</ns3:cad>
          </ns3:TrackPointExtension>
        </extensions>
      </trkpt>
      <trkpt lat="40.403378047049045562744140625" lon="116.68368204496800899505615234375">
        <ele>84.40000152587890625</ele>
        <time>2026-08-27T14:14:40.000Z</time>
        <extensions>
          <ns3:TrackPointExtension>
            <ns3:hr>181</ns3:hr>
            <ns3:cad>91</ns3:cad>
          </ns3:TrackPointExtension>
        </extensions>
      </trkpt>
      <trkpt lat="40.40333957411348819732666015625" lon="116.68367617763578891754150390625">
        <ele>84.40000152587890625</ele>
        <time>2026-08-27T14:14:41.000Z</time>
        <extensions>
          <ns3:TrackPointExtension>
            <ns3:hr>182</ns3:hr>
            <ns3:cad>92</ns3:cad>
          </ns3:TrackPointExtension>
        </extensions>
      </trkpt>
      <trkpt lat="40.40331107564270496368408203125" lon="116.6836849786341190338134765625">
        <ele>84.40000152587890625</ele>
        <time>2026-08-27T14:14:42.000Z</time>
        <extensions>
          <ns3:TrackPointExtension>
            <ns3:hr>180</ns3:hr>
            <ns3:cad>93</ns3:cad>
          </ns3:TrackPointExtension>
        </extensions>
      </trkpt>
      <trkpt lat="40.40327218361198902130126953125" lon="116.68368523009121417999267578125">
        <ele>84.40000152587890625</ele>
        <time>2026-08-27T14:14:43.000Z</time>
        <extensions>
          <ns3:TrackPointExtension>
            <ns3:hr>180</ns3:hr>
            <ns3:cad>93</ns3:cad>
          </ns3:TrackPointExtension>
        </extensions>
      </trkpt>
      <trkpt lat="40.40324536152184009552001953125" lon="116.683698557317256927490234375">
        <ele>84.40000152587890625</ele>
        <time>2026-08-27T14:14:44.000Z</time>
        <extensions>
          <ns3:TrackPointExtension>
            <ns3:hr>179</ns3:hr>
            <ns3:cad>93</ns3:cad>
          </ns3:TrackPointExtension>
        </extensions>
      </trkpt>
      <trkpt lat="40.40320831350982189178466796875" lon="116.68370769359171390533447265625">
        <ele>84.40000152587890625</ele>
        <time>2026-08-27T14:14:45.000Z</time>
        <extensions>
          <ns3:TrackPointExtension>
            <ns3:hr>179</ns3:hr>
            <ns3:cad>92</ns3:cad>
          </ns3:TrackPointExtension>
        </extensions>
      </trkpt>
      <trkpt lat="40.4031832516193389892578125" lon="116.68372915126383304595947265625">
        <ele>84.40000152587890625</ele>
        <time>2026-08-27T14:14:46.000Z</time>
        <extensions>
          <ns3:TrackPointExtension>
            <ns3:hr>179</ns3:hr>
            <ns3:cad>92</ns3:cad>
          </ns3:TrackPointExtension>
        </extensions>
      </trkpt>
      <trkpt lat="40.40314863435924053192138671875" lon="116.68375094421207904815673828125">
        <ele>84.40000152587890625</ele>
        <time>2026-08-27T14:14:47.000Z</time>
        <extensions>
          <ns3:TrackPointExtension>
            <ns3:hr>179</ns3:hr>
            <ns3:cad>91</ns3:cad>
          </ns3:TrackPointExtension>
        </extensions>
      </trkpt>
      <trkpt lat="40.4031280986964702606201171875" lon="116.68377441354095935821533203125">
        <ele>84.40000152587890625</ele>
        <time>2026-08-27T14:14:48.000Z</time>
        <extensions>
          <ns3:TrackPointExtension>
            <ns3:hr>178</ns3:hr>
            <ns3:cad>91</ns3:cad>
          </ns3:TrackPointExtension>
        </extensions>
      </trkpt>
      <trkpt lat="40.403098426759243011474609375" lon="116.68380341492593288421630859375">
        <ele>84.40000152587890625</ele>
        <time>2026-08-27T14:14:49.000Z</time>
        <extensions>
          <ns3:TrackPointExtension>
            <ns3:hr>179</ns3:hr>
            <ns3:cad>92</ns3:cad>
          </ns3:TrackPointExtension>
        </extensions>
      </trkpt>
      <trkpt lat="40.40307973511517047882080078125" lon="116.6838348470628261566162109375">
        <ele>84.40000152587890625</ele>
        <time>2026-08-27T14:14:50.000Z</time>
        <extensions>
          <ns3:TrackPointExtension>
            <ns3:hr>178</ns3:hr>
            <ns3:cad>92</ns3:cad>
          </ns3:TrackPointExtension>
        </extensions>
      </trkpt>
      <trkpt lat="40.40305593051016330718994140625" lon="116.683873571455478668212890625">
        <ele>84.40000152587890625</ele>
        <time>2026-08-27T14:14:51.000Z</time>
        <extensions>
          <ns3:TrackPointExtension>
            <ns3:hr>179</ns3:hr>
            <ns3:cad>92</ns3:cad>
          </ns3:TrackPointExtension>
        </extensions>
      </trkpt>
      <trkpt lat="40.4030437767505645751953125" lon="116.683909781277179718017578125">
        <ele>84.40000152587890625</ele>
        <time>2026-08-27T14:14:52.000Z</time>
        <extensions>
          <ns3:TrackPointExtension>
            <ns3:hr>178</ns3:hr>
            <ns3:cad>92</ns3:cad>
          </ns3:TrackPointExtension>
        </extensions>
      </trkpt>
      <trkpt lat="40.40302659384906291961669921875" lon="116.68395328335464000701904296875">
        <ele>84.40000152587890625</ele>
        <time>2026-08-27T14:14:53.000Z</time>
        <extensions>
          <ns3:TrackPointExtension>
            <ns3:hr>178</ns3:hr>
            <ns3:cad>91</ns3:cad>
          </ns3:TrackPointExtension>
        </extensions>
      </trkpt>
      <trkpt lat="40.403019301593303680419921875" lon="116.68399804271757602691650390625">
        <ele>84.40000152587890625</ele>
        <time>2026-08-27T14:14:54.000Z</time>
        <extensions>
          <ns3:TrackPointExtension>
            <ns3:hr>178</ns3:hr>
            <ns3:cad>91</ns3:cad>
          </ns3:TrackPointExtension>
        </extensions>
      </trkpt>
      <trkpt lat="40.40301024913787841796875" lon="116.68404313735663890838623046875">
        <ele>84.40000152587890625</ele>
        <time>2026-08-27T14:14:55.000Z</time>
        <extensions>
          <ns3:TrackPointExtension>
            <ns3:hr>179</ns3:hr>
            <ns3:cad>91</ns3:cad>
          </ns3:TrackPointExtension>
        </extensions>
      </trkpt>
      <trkpt lat="40.403008572757244110107421875" lon="116.684086807072162628173828125">
        <ele>84.40000152587890625</ele>
        <time>2026-08-27T14:14:56.000Z</time>
        <extensions>
          <ns3:TrackPointExtension>
            <ns3:hr>179</ns3:hr>
            <ns3:cad>91</ns3:cad>
          </ns3:TrackPointExtension>
        </extensions>
      </trkpt>
      <trkpt lat="40.40300446562469005584716796875" lon="116.6841325722634792327880859375">
        <ele>84.40000152587890625</ele>
        <time>2026-08-27T14:14:57.000Z</time>
        <extensions>
          <ns3:TrackPointExtension>
            <ns3:hr>178</ns3:hr>
            <ns3:cad>91</ns3:cad>
          </ns3:TrackPointExtension>
        </extensions>
      </trkpt>
      <trkpt lat="40.4030084051191806793212890625" lon="116.6841758228838443756103515625">
        <ele>84.40000152587890625</ele>
        <time>2026-08-27T14:14:58.000Z</time>
        <extensions>
          <ns3:TrackPointExtension>
            <ns3:hr>178</ns3:hr>
            <ns3:cad>92</ns3:cad>
          </ns3:TrackPointExtension>
        </extensions>
      </trkpt>
      <trkpt lat="40.4030114226043224334716796875" lon="116.6842224262654781341552734375">
        <ele>84.40000152587890625</ele>
        <time>2026-08-27T14:14:59.000Z</time>
        <extensions>
          <ns3:TrackPointExtension>
            <ns3:hr>179</ns3:hr>
            <ns3:cad>92</ns3:cad>
          </ns3:TrackPointExtension>
        </extensions>
      </trkpt>
      <trkpt lat="40.40302324108779430389404296875" lon="116.68426148593425750732421875">
        <ele>84.40000152587890625</ele>
        <time>2026-08-27T14:15:00.000Z</time>
        <extensions>
          <ns3:TrackPointExtension>
            <ns3:hr>179</ns3:hr>
            <ns3:cad>90</ns3:cad>
          </ns3:TrackPointExtension>
        </extensions>
      </trkpt>
      <trkpt lat="40.40303170680999755859375" lon="116.68430549092590808868408203125">
        <ele>84.1999969482421875</ele>
        <time>2026-08-27T14:15:01.000Z</time>
        <extensions>
          <ns3:TrackPointExtension>
            <ns3:hr>179</ns3:hr>
            <ns3:cad>90</ns3:cad>
          </ns3:TrackPointExtension>
        </extensions>
      </trkpt>
      <trkpt lat="40.40304587222635746002197265625" lon="116.68434455059468746185302734375">
        <ele>84.1999969482421875</ele>
        <time>2026-08-27T14:15:02.000Z</time>
        <extensions>
          <ns3:TrackPointExtension>
            <ns3:hr>179</ns3:hr>
            <ns3:cad>90</ns3:cad>
          </ns3:TrackPointExtension>
        </extensions>
      </trkpt>
      <trkpt lat="40.40306322276592254638671875" lon="116.68438143096864223480224609375">
        <ele>84.1999969482421875</ele>
        <time>2026-08-27T14:15:03.000Z</time>
        <extensions>
          <ns3:TrackPointExtension>
            <ns3:hr>179</ns3:hr>
            <ns3:cad>90</ns3:cad>
          </ns3:TrackPointExtension>
        </extensions>
      </trkpt>
      <trkpt lat="40.4030848480761051177978515625" lon="116.68441303074359893798828125">
        <ele>84.1999969482421875</ele>
        <time>2026-08-27T14:15:04.000Z</time>
        <extensions>
          <ns3:TrackPointExtension>
            <ns3:hr>179</ns3:hr>
            <ns3:cad>91</ns3:cad>
          </ns3:TrackPointExtension>
        </extensions>
      </trkpt>
      <trkpt lat="40.40310588665306568145751953125" lon="116.68444379232823848724365234375">
        <ele>84.1999969482421875</ele>
        <time>2026-08-27T14:15:05.000Z</time>
        <extensions>
          <ns3:TrackPointExtension>
            <ns3:hr>178</ns3:hr>
            <ns3:cad>91</ns3:cad>
          </ns3:TrackPointExtension>
        </extensions>
      </trkpt>
      <trkpt lat="40.4031311161816120147705078125" lon="116.68446944095194339752197265625">
        <ele>84.1999969482421875</ele>
        <time>2026-08-27T14:15:06.000Z</time>
        <extensions>
          <ns3:TrackPointExtension>
            <ns3:hr>178</ns3:hr>
            <ns3:cad>91</ns3:cad>
          </ns3:TrackPointExtension>
        </extensions>
      </trkpt>
      <trkpt lat="40.4031572677195072174072265625" lon="116.68449257500469684600830078125">
        <ele>84.1999969482421875</ele>
        <time>2026-08-27T14:15:07.000Z</time>
        <extensions>
          <ns3:TrackPointExtension>
            <ns3:hr>178</ns3:hr>
            <ns3:cad>91</ns3:cad>
          </ns3:TrackPointExtension>
        </extensions>
      </trkpt>
      <trkpt lat="40.4031877778470516204833984375" lon="116.68451101519167423248291015625">
        <ele>84.1999969482421875</ele>
        <time>2026-08-27T14:15:08.000Z</time>
        <extensions>
          <ns3:TrackPointExtension>
            <ns3:hr>178</ns3:hr>
            <ns3:cad>91</ns3:cad>
          </ns3:TrackPointExtension>
        </extensions>
      </trkpt>
      <trkpt lat="40.40321770124137401580810546875" lon="116.6845258511602878570556640625">
        <ele>84.1999969482421875</ele>
        <time>2026-08-27T14:15:09.000Z</time>
        <extensions>
          <ns3:TrackPointExtension>
            <ns3:hr>177</ns3:hr>
            <ns3:cad>90</ns3:cad>
          </ns3:TrackPointExtension>
        </extensions>
      </trkpt>
      <trkpt lat="40.4032508097589015960693359375" lon="116.684538424015045166015625">
        <ele>84.1999969482421875</ele>
        <time>2026-08-27T14:15:10.000Z</time>
        <extensions>
          <ns3:TrackPointExtension>
            <ns3:hr>176</ns3:hr>
            <ns3:cad>90</ns3:cad>
          </ns3:TrackPointExtension>
        </extensions>
      </trkpt>
      <trkpt lat="40.403280816972255706787109375" lon="116.6845459677278995513916015625">
        <ele>84.1999969482421875</ele>
        <time>2026-08-27T14:15:11.000Z</time>
        <extensions>
          <ns3:TrackPointExtension>
            <ns3:hr>177</ns3:hr>
            <ns3:cad>90</ns3:cad>
          </ns3:TrackPointExtension>
        </extensions>
      </trkpt>
      <trkpt lat="40.403313338756561279296875" lon="116.68455024249851703643798828125">
        <ele>84.1999969482421875</ele>
        <time>2026-08-27T14:15:12.000Z</time>
        <extensions>
          <ns3:TrackPointExtension>
            <ns3:hr>176</ns3:hr>
            <ns3:cad>90</ns3:cad>
          </ns3:TrackPointExtension>
        </extensions>
      </trkpt>
      <trkpt lat="40.4033443517982959747314453125" lon="116.68455761857330799102783203125">
        <ele>84.1999969482421875</ele>
        <time>2026-08-27T14:15:13.000Z</time>
        <extensions>
          <ns3:TrackPointExtension>
            <ns3:hr>176</ns3:hr>
            <ns3:cad>90</ns3:cad>
          </ns3:TrackPointExtension>
        </extensions>
      </trkpt>
      <trkpt lat="40.403375364840030670166015625" lon="116.68456030078232288360595703125">
        <ele>84.1999969482421875</ele>
        <time>2026-08-27T14:15:14.000Z</time>
        <extensions>
          <ns3:TrackPointExtension>
            <ns3:hr>176</ns3:hr>
            <ns3:cad>90</ns3:cad>
          </ns3:TrackPointExtension>
        </extensions>
      </trkpt>
      <trkpt lat="40.4034070484340190887451171875" lon="116.68455694802105426788330078125">
        <ele>84.1999969482421875</ele>
        <time>2026-08-27T14:15:15.000Z</time>
        <extensions>
          <ns3:TrackPointExtension>
            <ns3:hr>175</ns3:hr>
            <ns3:cad>90</ns3:cad>
          </ns3:TrackPointExtension>
        </extensions>
      </trkpt>
      <trkpt lat="40.40343873202800750732421875" lon="116.6845566965639591217041015625">
        <ele>84.1999969482421875</ele>
        <time>2026-08-27T14:15:16.000Z</time>
        <extensions>
          <ns3:TrackPointExtension>
            <ns3:hr>175</ns3:hr>
            <ns3:cad>89</ns3:cad>
          </ns3:TrackPointExtension>
        </extensions>
      </trkpt>
      <trkpt lat="40.40346823632717132568359375" lon="116.68455518782138824462890625">
        <ele>84.1999969482421875</ele>
        <time>2026-08-27T14:15:17.000Z</time>
        <extensions>
          <ns3:TrackPointExtension>
            <ns3:hr>177</ns3:hr>
            <ns3:cad>89</ns3:cad>
          </ns3:TrackPointExtension>
        </extensions>
      </trkpt>
      <trkpt lat="40.40350042283535003662109375" lon="116.684554517269134521484375">
        <ele>84.40000152587890625</ele>
        <time>2026-08-27T14:15:18.000Z</time>
        <extensions>
          <ns3:TrackPointExtension>
            <ns3:hr>178</ns3:hr>
            <ns3:cad>90</ns3:cad>
          </ns3:TrackPointExtension>
        </extensions>
      </trkpt>
      <trkpt lat="40.40353051386773586273193359375" lon="116.68455828912556171417236328125">
        <ele>84.40000152587890625</ele>
        <time>2026-08-27T14:15:19.000Z</time>
        <extensions>
          <ns3:TrackPointExtension>
            <ns3:hr>179</ns3:hr>
            <ns3:cad>90</ns3:cad>
          </ns3:TrackPointExtension>
        </extensions>
      </trkpt>
      <trkpt lat="40.4035639576613903045654296875" lon="116.684558205306529998779296875">
        <ele>84.1999969482421875</ele>
        <time>2026-08-27T14:15:20.000Z</time>
        <extensions>
          <ns3:TrackPointExtension>
            <ns3:hr>179</ns3:hr>
            <ns3:cad>90</ns3:cad>
          </ns3:TrackPointExtension>
        </extensions>
      </trkpt>
      <trkpt lat="40.4035968147218227386474609375" lon="116.6845560260117053985595703125">
        <ele>84.40000152587890625</ele>
        <time>2026-08-27T14:15:21.000Z</time>
        <extensions>
          <ns3:TrackPointExtension>
            <ns3:hr>178</ns3:hr>
            <ns3:cad>90</ns3:cad>
          </ns3:TrackPointExtension>
        </extensions>
      </trkpt>
      <trkpt lat="40.403628833591938018798828125" lon="116.6845516674220561981201171875">
        <ele>84.40000152587890625</ele>
        <time>2026-08-27T14:15:22.000Z</time>
        <extensions>
          <ns3:TrackPointExtension>
            <ns3:hr>178</ns3:hr>
            <ns3:cad>90</ns3:cad>
          </ns3:TrackPointExtension>
        </extensions>
      </trkpt>
      <trkpt lat="40.40366395376622676849365234375" lon="116.6845513321459293365478515625">
        <ele>84.40000152587890625</ele>
        <time>2026-08-27T14:15:23.000Z</time>
        <extensions>
          <ns3:TrackPointExtension>
            <ns3:hr>177</ns3:hr>
            <ns3:cad>90</ns3:cad>
          </ns3:TrackPointExtension>
        </extensions>
      </trkpt>
      <trkpt lat="40.40369488298892974853515625" lon="116.68454647064208984375">
        <ele>84.40000152587890625</ele>
        <time>2026-08-27T14:15:24.000Z</time>
        <extensions>
          <ns3:TrackPointExtension>
            <ns3:hr>177</ns3:hr>
            <ns3:cad>89</ns3:cad>
          </ns3:TrackPointExtension>
        </extensions>
      </trkpt>
      <trkpt lat="40.403732098639011383056640625" lon="116.68455359525978565216064453125">
        <ele>84.40000152587890625</ele>
        <time>2026-08-27T14:15:25.000Z</time>
        <extensions>
          <ns3:TrackPointExtension>
            <ns3:hr>177</ns3:hr>
            <ns3:cad>89</ns3:cad>
          </ns3:TrackPointExtension>
        </extensions>
      </trkpt>
      <trkpt lat="40.40375850163400173187255859375" lon="116.6845446266233921051025390625">
        <ele>84.40000152587890625</ele>
        <time>2026-08-27T14:15:26.000Z</time>
        <extensions>
          <ns3:TrackPointExtension>
            <ns3:hr>177</ns3:hr>
            <ns3:cad>89</ns3:cad>
          </ns3:TrackPointExtension>
        </extensions>
      </trkpt>
      <trkpt lat="40.4037952981889247894287109375" lon="116.68455242179334163665771484375">
        <ele>84.40000152587890625</ele>
        <time>2026-08-27T14:15:27.000Z</time>
        <extensions>
          <ns3:TrackPointExtension>
            <ns3:hr>177</ns3:hr>
            <ns3:cad>88</ns3:cad>
          </ns3:TrackPointExtension>
        </extensions>
      </trkpt>
      <trkpt lat="40.4038227908313274383544921875" lon="116.68454638682305812835693359375">
        <ele>84.40000152587890625</ele>
        <time>2026-08-27T14:15:28.000Z</time>
        <extensions>
          <ns3:TrackPointExtension>
            <ns3:hr>176</ns3:hr>
            <ns3:cad>87</ns3:cad>
          </ns3:TrackPointExtension>
        </extensions>
      </trkpt>
      <trkpt lat="40.4038613475859165191650390625" lon="116.68455493636429309844970703125">
        <ele>84.40000152587890625</ele>
        <time>2026-08-27T14:15:29.000Z</time>
        <extensions>
          <ns3:TrackPointExtension>
            <ns3:hr>175</ns3:hr>
            <ns3:cad>87</ns3:cad>
          </ns3:TrackPointExtension>
        </extensions>
      </trkpt>
      <trkpt lat="40.40388775058090686798095703125" lon="116.6845499910414218902587890625">
        <ele>84.59999847412109375</ele>
        <time>2026-08-27T14:15:30.000Z</time>
        <extensions>
          <ns3:TrackPointExtension>
            <ns3:hr>175</ns3:hr>
            <ns3:cad>87</ns3:cad>
          </ns3:TrackPointExtension>
        </extensions>
      </trkpt>
      <trkpt lat="40.40392689406871795654296875" lon="116.684554852545261383056640625">
        <ele>84.59999847412109375</ele>
        <time>2026-08-27T14:15:31.000Z</time>
        <extensions>
          <ns3:TrackPointExtension>
            <ns3:hr>175</ns3:hr>
            <ns3:cad>88</ns3:cad>
          </ns3:TrackPointExtension>
        </extensions>
      </trkpt>
      <trkpt lat="40.40395447053015232086181640625" lon="116.68455057777464389801025390625">
        <ele>84.59999847412109375</ele>
        <time>2026-08-27T14:15:32.000Z</time>
        <extensions>
          <ns3:TrackPointExtension>
            <ns3:hr>176</ns3:hr>
            <ns3:cad>88</ns3:cad>
          </ns3:TrackPointExtension>
        </extensions>
      </trkpt>
      <trkpt lat="40.40399168618023395538330078125" lon="116.68455074541270732879638671875">
        <ele>84.8000030517578125</ele>
        <time>2026-08-27T14:15:33.000Z</time>
        <extensions>
          <ns3:TrackPointExtension>
            <ns3:hr>176</ns3:hr>
            <ns3:cad>88</ns3:cad>
          </ns3:TrackPointExtension>
        </extensions>
      </trkpt>
      <trkpt lat="40.40401984937489032745361328125" lon="116.68454672209918498992919921875">
        <ele>84.8000030517578125</ele>
        <time>2026-08-27T14:15:34.000Z</time>
        <extensions>
          <ns3:TrackPointExtension>
            <ns3:hr>176</ns3:hr>
            <ns3:cad>88</ns3:cad>
          </ns3:TrackPointExtension>
        </extensions>
      </trkpt>
      <trkpt lat="40.40406092070043087005615234375" lon="116.68455242179334163665771484375">
        <ele>84.8000030517578125</ele>
        <time>2026-08-27T14:15:35.000Z</time>
        <extensions>
          <ns3:TrackPointExtension>
            <ns3:hr>176</ns3:hr>
            <ns3:cad>88</ns3:cad>
          </ns3:TrackPointExtension>
        </extensions>
      </trkpt>
      <trkpt lat="40.4040893353521823883056640625" lon="116.68455258943140506744384765625">
        <ele>85</ele>
        <time>2026-08-27T14:15:36.000Z</time>
        <extensions>
          <ns3:TrackPointExtension>
            <ns3:hr>175</ns3:hr>
            <ns3:cad>88</ns3:cad>
          </ns3:TrackPointExtension>
        </extensions>
      </trkpt>
      <trkpt lat="40.40412998758256435394287109375" lon="116.68455258943140506744384765625">
        <ele>84.8000030517578125</ele>
        <time>2026-08-27T14:15:37.000Z</time>
        <extensions>
          <ns3:TrackPointExtension>
            <ns3:hr>175</ns3:hr>
            <ns3:cad>88</ns3:cad>
          </ns3:TrackPointExtension>
        </extensions>
      </trkpt>
      <trkpt lat="40.40415999479591846466064453125" lon="116.6845419444143772125244140625">
        <ele>84.8000030517578125</ele>
        <time>2026-08-27T14:15:38.000Z</time>
        <extensions>
          <ns3:TrackPointExtension>
            <ns3:hr>173</ns3:hr>
            <ns3:cad>89</ns3:cad>
          </ns3:TrackPointExtension>
        </extensions>
      </trkpt>
      <trkpt lat="40.40419871918857097625732421875" lon="116.6845318861305713653564453125">
        <ele>84.8000030517578125</ele>
        <time>2026-08-27T14:15:39.000Z</time>
        <extensions>
          <ns3:TrackPointExtension>
            <ns3:hr>173</ns3:hr>
            <ns3:cad>90</ns3:cad>
          </ns3:TrackPointExtension>
        </extensions>
      </trkpt>
      <trkpt lat="40.404227636754512786865234375" lon="116.6845144517719745635986328125">
        <ele>84.8000030517578125</ele>
        <time>2026-08-27T14:15:40.000Z</time>
        <extensions>
          <ns3:TrackPointExtension>
            <ns3:hr>174</ns3:hr>
            <ns3:cad>91</ns3:cad>
          </ns3:TrackPointExtension>
        </extensions>
      </trkpt>
      <trkpt lat="40.404264517128467559814453125" lon="116.684492491185665130615234375">
        <ele>84.59999847412109375</ele>
        <time>2026-08-27T14:15:41.000Z</time>
        <extensions>
          <ns3:TrackPointExtension>
            <ns3:hr>174</ns3:hr>
            <ns3:cad>91</ns3:cad>
          </ns3:TrackPointExtension>
        </extensions>
      </trkpt>
      <trkpt lat="40.40428890846669673919677734375" lon="116.684465669095516204833984375">
        <ele>84.59999847412109375</ele>
        <time>2026-08-27T14:15:42.000Z</time>
        <extensions>
          <ns3:TrackPointExtension>
            <ns3:hr>174</ns3:hr>
            <ns3:cad>91</ns3:cad>
          </ns3:TrackPointExtension>
        </extensions>
      </trkpt>
      <trkpt lat="40.40432008914649486541748046875" lon="116.6844363324344158172607421875">
        <ele>84.8000030517578125</ele>
        <time>2026-08-27T14:15:43.000Z</time>
        <extensions>
          <ns3:TrackPointExtension>
            <ns3:hr>175</ns3:hr>
            <ns3:cad>91</ns3:cad>
          </ns3:TrackPointExtension>
        </extensions>
      </trkpt>
      <trkpt lat="40.4043414629995822906494140625" lon="116.6844041459262371063232421875">
        <ele>84.8000030517578125</ele>
        <time>2026-08-27T14:15:44.000Z</time>
        <extensions>
          <ns3:TrackPointExtension>
            <ns3:hr>176</ns3:hr>
            <ns3:cad>91</ns3:cad>
          </ns3:TrackPointExtension>
        </extensions>
      </trkpt>
      <trkpt lat="40.40436401031911373138427734375" lon="116.68436567299067974090576171875">
        <ele>84.8000030517578125</ele>
        <time>2026-08-27T14:15:45.000Z</time>
        <extensions>
          <ns3:TrackPointExtension>
            <ns3:hr>177</ns3:hr>
            <ns3:cad>88</ns3:cad>
          </ns3:TrackPointExtension>
        </extensions>
      </trkpt>
      <trkpt lat="40.40437960065901279449462890625" lon="116.684329546988010406494140625">
        <ele>84.8000030517578125</ele>
        <time>2026-08-27T14:15:46.000Z</time>
        <extensions>
          <ns3:TrackPointExtension>
            <ns3:hr>177</ns3:hr>
            <ns3:cad>88</ns3:cad>
          </ns3:TrackPointExtension>
        </extensions>
      </trkpt>
      <trkpt lat="40.40439552627503871917724609375" lon="116.68429040350019931793212890625">
        <ele>84.8000030517578125</ele>
        <time>2026-08-27T14:15:47.000Z</time>
        <extensions>
          <ns3:TrackPointExtension>
            <ns3:hr>176</ns3:hr>
            <ns3:cad>88</ns3:cad>
          </ns3:TrackPointExtension>
        </extensions>
      </trkpt>
      <trkpt lat="40.40440700948238372802734375" lon="116.68424966745078563690185546875">
        <ele>84.8000030517578125</ele>
        <time>2026-08-27T14:15:48.000Z</time>
        <extensions>
          <ns3:TrackPointExtension>
            <ns3:hr>176</ns3:hr>
            <ns3:cad>88</ns3:cad>
          </ns3:TrackPointExtension>
        </extensions>
      </trkpt>
      <trkpt lat="40.40441572666168212890625" lon="116.684209518134593963623046875">
        <ele>84.8000030517578125</ele>
        <time>2026-08-27T14:15:49.000Z</time>
        <extensions>
          <ns3:TrackPointExtension>
            <ns3:hr>176</ns3:hr>
            <ns3:cad>88</ns3:cad>
          </ns3:TrackPointExtension>
        </extensions>
      </trkpt>
      <trkpt lat="40.4044215939939022064208984375" lon="116.68416484259068965911865234375">
        <ele>85</ele>
        <time>2026-08-27T14:15:50.000Z</time>
        <extensions>
          <ns3:TrackPointExtension>
            <ns3:hr>176</ns3:hr>
            <ns3:cad>88</ns3:cad>
          </ns3:TrackPointExtension>
        </extensions>
      </trkpt>
      <trkpt lat="40.40442067198455333709716796875" lon="116.68412611819803714752197265625">
        <ele>85</ele>
        <time>2026-08-27T14:15:51.000Z</time>
        <extensions>
          <ns3:TrackPointExtension>
            <ns3:hr>177</ns3:hr>
            <ns3:cad>88</ns3:cad>
          </ns3:TrackPointExtension>
        </extensions>
      </trkpt>
      <trkpt lat="40.404422767460346221923828125" lon="116.68407716788351535797119140625">
        <ele>85</ele>
        <time>2026-08-27T14:15:52.000Z</time>
        <extensions>
          <ns3:TrackPointExtension>
            <ns3:hr>177</ns3:hr>
            <ns3:cad>88</ns3:cad>
          </ns3:TrackPointExtension>
        </extensions>
      </trkpt>
      <trkpt lat="40.4044152237474918365478515625" lon="116.68403810821473598480224609375">
        <ele>85</ele>
        <time>2026-08-27T14:15:53.000Z</time>
        <extensions>
          <ns3:TrackPointExtension>
            <ns3:hr>178</ns3:hr>
            <ns3:cad>87</ns3:cad>
          </ns3:TrackPointExtension>
        </extensions>
      </trkpt>
      <trkpt lat="40.40441027842462062835693359375" lon="116.683991588652133941650390625">
        <ele>85</ele>
        <time>2026-08-27T14:15:54.000Z</time>
        <extensions>
          <ns3:TrackPointExtension>
            <ns3:hr>179</ns3:hr>
            <ns3:cad>87</ns3:cad>
          </ns3:TrackPointExtension>
        </extensions>
      </trkpt>
      <trkpt lat="40.40439703501760959625244140625" lon="116.6839535348117351531982421875">
        <ele>84.8000030517578125</ele>
        <time>2026-08-27T14:15:55.000Z</time>
        <extensions>
          <ns3:TrackPointExtension>
            <ns3:hr>179</ns3:hr>
            <ns3:cad>87</ns3:cad>
          </ns3:TrackPointExtension>
        </extensions>
      </trkpt>
      <trkpt lat="40.40438043884932994842529296875" lon="116.68390919454395771026611328125">
        <ele>85</ele>
        <time>2026-08-27T14:15:56.000Z</time>
        <extensions>
          <ns3:TrackPointExtension>
            <ns3:hr>180</ns3:hr>
            <ns3:cad>88</ns3:cad>
          </ns3:TrackPointExtension>
        </extensions>
      </trkpt>
      <trkpt lat="40.40435981936752796173095703125" lon="116.68387658894062042236328125">
        <ele>85</ele>
        <time>2026-08-27T14:15:57.000Z</time>
        <extensions>
          <ns3:TrackPointExtension>
            <ns3:hr>180</ns3:hr>
            <ns3:cad>89</ns3:cad>
          </ns3:TrackPointExtension>
        </extensions>
      </trkpt>
      <trkpt lat="40.40433936752378940582275390625" lon="116.68383635580539703369140625">
        <ele>85</ele>
        <time>2026-08-27T14:15:58.000Z</time>
        <extensions>
          <ns3:TrackPointExtension>
            <ns3:hr>180</ns3:hr>
            <ns3:cad>89</ns3:cad>
          </ns3:TrackPointExtension>
        </extensions>
      </trkpt>
      <trkpt lat="40.40431715548038482666015625" lon="116.68381012044847011566162109375">
        <ele>85</ele>
        <time>2026-08-27T14:15:59.000Z</time>
        <extensions>
          <ns3:TrackPointExtension>
            <ns3:hr>180</ns3:hr>
            <ns3:cad>90</ns3:cad>
          </ns3:TrackPointExtension>
        </extensions>
      </trkpt>
      <trkpt lat="40.404289998114109039306640625" lon="116.68377391062676906585693359375">
        <ele>85.1999969482421875</ele>
        <time>2026-08-27T14:16:00.000Z</time>
        <extensions>
          <ns3:TrackPointExtension>
            <ns3:hr>180</ns3:hr>
            <ns3:cad>90</ns3:cad>
          </ns3:TrackPointExtension>
        </extensions>
      </trkpt>
      <trkpt lat="40.4042643494904041290283203125" lon="116.68375379405915737152099609375">
        <ele>85.1999969482421875</ele>
        <time>2026-08-27T14:16:01.000Z</time>
        <extensions>
          <ns3:TrackPointExtension>
            <ns3:hr>180</ns3:hr>
            <ns3:cad>90</ns3:cad>
          </ns3:TrackPointExtension>
        </extensions>
      </trkpt>
      <trkpt lat="40.40423241443932056427001953125" lon="116.68372496031224727630615234375">
        <ele>85.1999969482421875</ele>
        <time>2026-08-27T14:16:02.000Z</time>
        <extensions>
          <ns3:TrackPointExtension>
            <ns3:hr>179</ns3:hr>
            <ns3:cad>89</ns3:cad>
          </ns3:TrackPointExtension>
        </extensions>
      </trkpt>
      <trkpt lat="40.4042056761682033538818359375" lon="116.68371724896132946014404296875">
        <ele>85.1999969482421875</ele>
        <time>2026-08-27T14:16:03.000Z</time>
        <extensions>
          <ns3:TrackPointExtension>
            <ns3:hr>179</ns3:hr>
            <ns3:cad>89</ns3:cad>
          </ns3:TrackPointExtension>
        </extensions>
      </trkpt>
      <trkpt lat="40.4041691310703754425048828125" lon="116.68369880877435207366943359375">
        <ele>85.1999969482421875</ele>
        <time>2026-08-27T14:16:04.000Z</time>
        <extensions>
          <ns3:TrackPointExtension>
            <ns3:hr>178</ns3:hr>
            <ns3:cad>88</ns3:cad>
          </ns3:TrackPointExtension>
        </extensions>
      </trkpt>
      <trkpt lat="40.4041389562189579010009765625" lon="116.68369445018470287322998046875">
        <ele>85.1999969482421875</ele>
        <time>2026-08-27T14:16:05.000Z</time>
        <extensions>
          <ns3:TrackPointExtension>
            <ns3:hr>178</ns3:hr>
            <ns3:cad>89</ns3:cad>
          </ns3:TrackPointExtension>
        </extensions>
      </trkpt>
      <trkpt lat="40.4040992259979248046875" lon="116.68368539772927761077880859375">
        <ele>85.1999969482421875</ele>
        <time>2026-08-27T14:16:06.000Z</time>
        <extensions>
          <ns3:TrackPointExtension>
            <ns3:hr>178</ns3:hr>
            <ns3:cad>88</ns3:cad>
          </ns3:TrackPointExtension>
        </extensions>
      </trkpt>
      <trkpt lat="40.40406594984233379364013671875" lon="116.68368439190089702606201171875">
        <ele>85.1999969482421875</ele>
        <time>2026-08-27T14:16:07.000Z</time>
        <extensions>
          <ns3:TrackPointExtension>
            <ns3:hr>178</ns3:hr>
            <ns3:cad>88</ns3:cad>
          </ns3:TrackPointExtension>
        </extensions>
      </trkpt>
      <trkpt lat="40.40402747690677642822265625" lon="116.68368137441575527191162109375">
        <ele>85.1999969482421875</ele>
        <time>2026-08-27T14:16:08.000Z</time>
        <extensions>
          <ns3:TrackPointExtension>
            <ns3:hr>178</ns3:hr>
            <ns3:cad>88</ns3:cad>
          </ns3:TrackPointExtension>
        </extensions>
      </trkpt>
      <trkpt lat="40.40399235673248767852783203125" lon="116.6836782731115818023681640625">
        <ele>85.1999969482421875</ele>
        <time>2026-08-27T14:16:09.000Z</time>
        <extensions>
          <ns3:TrackPointExtension>
            <ns3:hr>179</ns3:hr>
            <ns3:cad>88</ns3:cad>
          </ns3:TrackPointExtension>
        </extensions>
      </trkpt>
      <trkpt lat="40.40395983494818210601806640625" lon="116.6836802847683429718017578125">
        <ele>85.1999969482421875</ele>
        <time>2026-08-27T14:16:10.000Z</time>
        <extensions>
          <ns3:TrackPointExtension>
            <ns3:hr>177</ns3:hr>
            <ns3:cad>87</ns3:cad>
          </ns3:TrackPointExtension>
        </extensions>
      </trkpt>
      <trkpt lat="40.40392555296421051025390625" lon="116.68367617763578891754150390625">
        <ele>85.1999969482421875</ele>
        <time>2026-08-27T14:16:11.000Z</time>
        <extensions>
          <ns3:TrackPointExtension>
            <ns3:hr>178</ns3:hr>
            <ns3:cad>87</ns3:cad>
          </ns3:TrackPointExtension>
        </extensions>
      </trkpt>
      <trkpt lat="40.40390065871179103851318359375" lon="116.68368305079638957977294921875">
        <ele>85.1999969482421875</ele>
        <time>2026-08-27T14:16:12.000Z</time>
        <extensions>
          <ns3:TrackPointExtension>
            <ns3:hr>177</ns3:hr>
            <ns3:cad>87</ns3:cad>
          </ns3:TrackPointExtension>
        </extensions>
      </trkpt>
      <trkpt lat="40.40386495180428028106689453125" lon="116.68367567472159862518310546875">
        <ele>85.40000152587890625</ele>
        <time>2026-08-27T14:16:13.000Z</time>
        <extensions>
          <ns3:TrackPointExtension>
            <ns3:hr>177</ns3:hr>
            <ns3:cad>87</ns3:cad>
          </ns3:TrackPointExtension>
        </extensions>
      </trkpt>
      <trkpt lat="40.403838716447353363037109375" lon="116.68368170969188213348388671875">
        <ele>85.40000152587890625</ele>
        <time>2026-08-27T14:16:14.000Z</time>
        <extensions>
          <ns3:TrackPointExtension>
            <ns3:hr>177</ns3:hr>
            <ns3:cad>87</ns3:cad>
          </ns3:TrackPointExtension>
        </extensions>
      </trkpt>
      <trkpt lat="40.4038016684353351593017578125" lon="116.68367718346416950225830078125">
        <ele>85.40000152587890625</ele>
        <time>2026-08-27T14:16:15.000Z</time>
        <extensions>
          <ns3:TrackPointExtension>
            <ns3:hr>179</ns3:hr>
            <ns3:cad>87</ns3:cad>
          </ns3:TrackPointExtension>
        </extensions>
      </trkpt>
      <trkpt lat="40.40377107448875904083251953125" lon="116.68367969803512096405029296875">
        <ele>85.40000152587890625</ele>
        <time>2026-08-27T14:16:16.000Z</time>
        <extensions>
          <ns3:TrackPointExtension>
            <ns3:hr>178</ns3:hr>
            <ns3:cad>87</ns3:cad>
          </ns3:TrackPointExtension>
        </extensions>
      </trkpt>
      <trkpt lat="40.403737463057041168212890625" lon="116.68367802165448665618896484375">
        <ele>85.40000152587890625</ele>
        <time>2026-08-27T14:16:17.000Z</time>
        <extensions>
          <ns3:TrackPointExtension>
            <ns3:hr>179</ns3:hr>
            <ns3:cad>87</ns3:cad>
          </ns3:TrackPointExtension>
        </extensions>
      </trkpt>
      <trkpt lat="40.40370804257690906524658203125" lon="116.6836802847683429718017578125">
        <ele>85.40000152587890625</ele>
        <time>2026-08-27T14:16:18.000Z</time>
        <extensions>
          <ns3:TrackPointExtension>
            <ns3:hr>179</ns3:hr>
            <ns3:cad>87</ns3:cad>
          </ns3:TrackPointExtension>
        </extensions>
      </trkpt>
      <trkpt lat="40.40366915054619312286376953125" lon="116.68367810547351837158203125">
        <ele>85.40000152587890625</ele>
        <time>2026-08-27T14:16:19.000Z</time>
        <extensions>
          <ns3:TrackPointExtension>
            <ns3:hr>181</ns3:hr>
            <ns3:cad>86</ns3:cad>
          </ns3:TrackPointExtension>
        </extensions>
      </trkpt>
      <trkpt lat="40.403636209666728973388671875" lon="116.68368355371057987213134765625">
        <ele>85.40000152587890625</ele>
        <time>2026-08-27T14:16:20.000Z</time>
        <extensions>
          <ns3:TrackPointExtension>
            <ns3:hr>180</ns3:hr>
            <ns3:cad>86</ns3:cad>
          </ns3:TrackPointExtension>
        </extensions>
      </trkpt>
      <trkpt lat="40.40359966456890106201171875" lon="116.68368640355765819549560546875">
        <ele>85.40000152587890625</ele>
        <time>2026-08-27T14:16:21.000Z</time>
        <extensions>
          <ns3:TrackPointExtension>
            <ns3:hr>180</ns3:hr>
            <ns3:cad>87</ns3:cad>
          </ns3:TrackPointExtension>
        </extensions>
      </trkpt>
      <trkpt lat="40.4035641252994537353515625" lon="116.68368506245315074920654296875">
        <ele>85.1999969482421875</ele>
        <time>2026-08-27T14:16:22.000Z</time>
        <extensions>
          <ns3:TrackPointExtension>
            <ns3:hr>179</ns3:hr>
            <ns3:cad>88</ns3:cad>
          </ns3:TrackPointExtension>
        </extensions>
      </trkpt>
      <trkpt lat="40.403530932962894439697265625" lon="116.6836868226528167724609375">
        <ele>85.1999969482421875</ele>
        <time>2026-08-27T14:16:23.000Z</time>
        <extensions>
          <ns3:TrackPointExtension>
            <ns3:hr>178</ns3:hr>
            <ns3:cad>88</ns3:cad>
          </ns3:TrackPointExtension>
        </extensions>
      </trkpt>
      <trkpt lat="40.40349774062633514404296875" lon="116.6836782731115818023681640625">
        <ele>85.1999969482421875</ele>
        <time>2026-08-27T14:16:24.000Z</time>
        <extensions>
          <ns3:TrackPointExtension>
            <ns3:hr>177</ns3:hr>
            <ns3:cad>88</ns3:cad>
          </ns3:TrackPointExtension>
        </extensions>
      </trkpt>
      <trkpt lat="40.40346932597458362579345703125" lon="116.6836833022534847259521484375">
        <ele>85</ele>
        <time>2026-08-27T14:16:25.000Z</time>
        <extensions>
          <ns3:TrackPointExtension>
            <ns3:hr>177</ns3:hr>
            <ns3:cad>88</ns3:cad>
          </ns3:TrackPointExtension>
        </extensions>
      </trkpt>
      <trkpt lat="40.4034301824867725372314453125" lon="116.6836779378354549407958984375">
        <ele>85</ele>
        <time>2026-08-27T14:16:26.000Z</time>
        <extensions>
          <ns3:TrackPointExtension>
            <ns3:hr>177</ns3:hr>
            <ns3:cad>88</ns3:cad>
          </ns3:TrackPointExtension>
        </extensions>
      </trkpt>
      <trkpt lat="40.40340118110179901123046875" lon="116.68368154205381870269775390625">
        <ele>85</ele>
        <time>2026-08-27T14:16:27.000Z</time>
        <extensions>
          <ns3:TrackPointExtension>
            <ns3:hr>176</ns3:hr>
            <ns3:cad>86</ns3:cad>
          </ns3:TrackPointExtension>
        </extensions>
      </trkpt>
      <trkpt lat="40.40336153469979763031005859375" lon="116.683675758540630340576171875">
        <ele>85</ele>
        <time>2026-08-27T14:16:28.000Z</time>
        <extensions>
          <ns3:TrackPointExtension>
            <ns3:hr>176</ns3:hr>
            <ns3:cad>86</ns3:cad>
          </ns3:TrackPointExtension>
        </extensions>
      </trkpt>
      <trkpt lat="40.40333035401999950408935546875" lon="116.6836799494922161102294921875">
        <ele>85</ele>
        <time>2026-08-27T14:16:29.000Z</time>
        <extensions>
          <ns3:TrackPointExtension>
            <ns3:hr>175</ns3:hr>
            <ns3:cad>87</ns3:cad>
          </ns3:TrackPointExtension>
        </extensions>
      </trkpt>
      <trkpt lat="40.40328777395188808441162109375" lon="116.68367751874029636383056640625">
        <ele>85</ele>
        <time>2026-08-27T14:16:30.000Z</time>
        <extensions>
          <ns3:TrackPointExtension>
            <ns3:hr>175</ns3:hr>
            <ns3:cad>87</ns3:cad>
          </ns3:TrackPointExtension>
        </extensions>
      </trkpt>
      <trkpt lat="40.4032571800053119659423828125" lon="116.68368774466216564178466796875">
        <ele>85</ele>
        <time>2026-08-27T14:16:31.000Z</time>
        <extensions>
          <ns3:TrackPointExtension>
            <ns3:hr>175</ns3:hr>
            <ns3:cad>88</ns3:cad>
          </ns3:TrackPointExtension>
        </extensions>
      </trkpt>
      <trkpt lat="40.4032208025455474853515625" lon="116.6836975514888763427734375">
        <ele>84.8000030517578125</ele>
        <time>2026-08-27T14:16:32.000Z</time>
        <extensions>
          <ns3:TrackPointExtension>
            <ns3:hr>176</ns3:hr>
            <ns3:cad>88</ns3:cad>
          </ns3:TrackPointExtension>
        </extensions>
      </trkpt>
      <trkpt lat="40.40319087915122509002685546875" lon="116.68371020816266536712646484375">
        <ele>84.8000030517578125</ele>
        <time>2026-08-27T14:16:33.000Z</time>
        <extensions>
          <ns3:TrackPointExtension>
            <ns3:hr>177</ns3:hr>
            <ns3:cad>87</ns3:cad>
          </ns3:TrackPointExtension>
        </extensions>
      </trkpt>
      <trkpt lat="40.40315986610949039459228515625" lon="116.6837319172918796539306640625">
        <ele>84.8000030517578125</ele>
        <time>2026-08-27T14:16:34.000Z</time>
        <extensions>
          <ns3:TrackPointExtension>
            <ns3:hr>176</ns3:hr>
            <ns3:cad>87</ns3:cad>
          </ns3:TrackPointExtension>
        </extensions>
      </trkpt>
      <trkpt lat="40.40312868542969226837158203125" lon="116.6837587393820285797119140625">
        <ele>84.8000030517578125</ele>
        <time>2026-08-27T14:16:35.000Z</time>
        <extensions>
          <ns3:TrackPointExtension>
            <ns3:hr>177</ns3:hr>
            <ns3:cad>87</ns3:cad>
          </ns3:TrackPointExtension>
        </extensions>
      </trkpt>
      <trkpt lat="40.4031083174049854278564453125" lon="116.6837879084050655364990234375">
        <ele>84.8000030517578125</ele>
        <time>2026-08-27T14:16:36.000Z</time>
        <extensions>
          <ns3:TrackPointExtension>
            <ns3:hr>177</ns3:hr>
            <ns3:cad>87</ns3:cad>
          </ns3:TrackPointExtension>
        </extensions>
      </trkpt>
      <trkpt lat="40.40307990275323390960693359375" lon="116.68381917290389537811279296875">
        <ele>84.8000030517578125</ele>
        <time>2026-08-27T14:16:37.000Z</time>
        <extensions>
          <ns3:TrackPointExtension>
            <ns3:hr>178</ns3:hr>
            <ns3:cad>87</ns3:cad>
          </ns3:TrackPointExtension>
        </extensions>
      </trkpt>
      <trkpt lat="40.4030652344226837158203125" lon="116.68385353870689868927001953125">
        <ele>84.8000030517578125</ele>
        <time>2026-08-27T14:16:38.000Z</time>
        <extensions>
          <ns3:TrackPointExtension>
            <ns3:hr>179</ns3:hr>
            <ns3:cad>88</ns3:cad>
          </ns3:TrackPointExtension>
        </extensions>
      </trkpt>
      <trkpt lat="40.4030436091125011444091796875" lon="116.683895699679851531982421875">
        <ele>84.8000030517578125</ele>
        <time>2026-08-27T14:16:39.000Z</time>
        <extensions>
          <ns3:TrackPointExtension>
            <ns3:hr>180</ns3:hr>
            <ns3:cad>88</ns3:cad>
          </ns3:TrackPointExtension>
        </extensions>
      </trkpt>
      <trkpt lat="40.4030318744480609893798828125" lon="116.68393350206315517425537109375">
        <ele>84.59999847412109375</ele>
        <time>2026-08-27T14:16:40.000Z</time>
        <extensions>
          <ns3:TrackPointExtension>
            <ns3:hr>180</ns3:hr>
            <ns3:cad>88</ns3:cad>
          </ns3:TrackPointExtension>
        </extensions>
      </trkpt>
      <trkpt lat="40.403016619384288787841796875" lon="116.68397717177867889404296875">
        <ele>84.59999847412109375</ele>
        <time>2026-08-27T14:16:41.000Z</time>
        <extensions>
          <ns3:TrackPointExtension>
            <ns3:hr>181</ns3:hr>
            <ns3:cad>87</ns3:cad>
          </ns3:TrackPointExtension>
        </extensions>
      </trkpt>
      <trkpt lat="40.40300932712852954864501953125" lon="116.684017069637775421142578125">
        <ele>84.59999847412109375</ele>
        <time>2026-08-27T14:16:42.000Z</time>
        <extensions>
          <ns3:TrackPointExtension>
            <ns3:hr>182</ns3:hr>
            <ns3:cad>87</ns3:cad>
          </ns3:TrackPointExtension>
        </extensions>
      </trkpt>
      <trkpt lat="40.402999855577945709228515625" lon="116.684064008295536041259765625">
        <ele>84.59999847412109375</ele>
        <time>2026-08-27T14:16:43.000Z</time>
        <extensions>
          <ns3:TrackPointExtension>
            <ns3:hr>182</ns3:hr>
            <ns3:cad>86</ns3:cad>
          </ns3:TrackPointExtension>
        </extensions>
      </trkpt>
      <trkpt lat="40.4029941558837890625" lon="116.68410432524979114532470703125">
        <ele>84.59999847412109375</ele>
        <time>2026-08-27T14:16:44.000Z</time>
        <extensions>
          <ns3:TrackPointExtension>
            <ns3:hr>181</ns3:hr>
            <ns3:cad>86</ns3:cad>
          </ns3:TrackPointExtension>
        </extensions>
      </trkpt>
      <trkpt lat="40.40299440734088420867919921875" lon="116.68415243737399578094482421875">
        <ele>84.40000152587890625</ele>
        <time>2026-08-27T14:16:45.000Z</time>
        <extensions>
          <ns3:TrackPointExtension>
            <ns3:hr>181</ns3:hr>
            <ns3:cad>87</ns3:cad>
          </ns3:TrackPointExtension>
        </extensions>
      </trkpt>
      <trkpt lat="40.40299742482602596282958984375" lon="116.68419870547950267791748046875">
        <ele>84.40000152587890625</ele>
        <time>2026-08-27T14:16:46.000Z</time>
        <extensions>
          <ns3:TrackPointExtension>
            <ns3:hr>179</ns3:hr>
            <ns3:cad>88</ns3:cad>
          </ns3:TrackPointExtension>
        </extensions>
      </trkpt>
      <trkpt lat="40.40300765074789524078369140625" lon="116.68424044735729694366455078125">
        <ele>84.40000152587890625</ele>
        <time>2026-08-27T14:16:47.000Z</time>
        <extensions>
          <ns3:TrackPointExtension>
            <ns3:hr>179</ns3:hr>
            <ns3:cad>88</ns3:cad>
          </ns3:TrackPointExtension>
        </extensions>
      </trkpt>
      <trkpt lat="40.4030154459178447723388671875" lon="116.6842841170728206634521484375">
        <ele>84.40000152587890625</ele>
        <time>2026-08-27T14:16:48.000Z</time>
        <extensions>
          <ns3:TrackPointExtension>
            <ns3:hr>179</ns3:hr>
            <ns3:cad>89</ns3:cad>
          </ns3:TrackPointExtension>
        </extensions>
      </trkpt>
      <trkpt lat="40.40303061716258525848388671875" lon="116.684320159256458282470703125">
        <ele>84.40000152587890625</ele>
        <time>2026-08-27T14:16:49.000Z</time>
        <extensions>
          <ns3:TrackPointExtension>
            <ns3:hr>178</ns3:hr>
            <ns3:cad>89</ns3:cad>
          </ns3:TrackPointExtension>
        </extensions>
      </trkpt>
      <trkpt lat="40.40304939262568950653076171875" lon="116.68436433188617229461669921875">
        <ele>84.40000152587890625</ele>
        <time>2026-08-27T14:16:50.000Z</time>
        <extensions>
          <ns3:TrackPointExtension>
            <ns3:hr>179</ns3:hr>
            <ns3:cad>89</ns3:cad>
          </ns3:TrackPointExtension>
        </extensions>
      </trkpt>
      <trkpt lat="40.40307017974555492401123046875" lon="116.68439115397632122039794921875">
        <ele>84.1999969482421875</ele>
        <time>2026-08-27T14:16:51.000Z</time>
        <extensions>
          <ns3:TrackPointExtension>
            <ns3:hr>178</ns3:hr>
            <ns3:cad>87</ns3:cad>
          </ns3:TrackPointExtension>
        </extensions>
      </trkpt>
      <trkpt lat="40.40309264324605464935302734375" lon="116.684428788721561431884765625">
        <ele>84.1999969482421875</ele>
        <time>2026-08-27T14:16:52.000Z</time>
        <extensions>
          <ns3:TrackPointExtension>
            <ns3:hr>180</ns3:hr>
            <ns3:cad>87</ns3:cad>
          </ns3:TrackPointExtension>
        </extensions>
      </trkpt>
      <trkpt lat="40.40311510674655437469482421875" lon="116.68445167131721973419189453125">
        <ele>84.1999969482421875</ele>
        <time>2026-08-27T14:16:53.000Z</time>
        <extensions>
          <ns3:TrackPointExtension>
            <ns3:hr>180</ns3:hr>
            <ns3:cad>87</ns3:cad>
          </ns3:TrackPointExtension>
        </extensions>
      </trkpt>
      <trkpt lat="40.403144694864749908447265625" lon="116.68448670767247676849365234375">
        <ele>84.1999969482421875</ele>
        <time>2026-08-27T14:16:54.000Z</time>
        <extensions>
          <ns3:TrackPointExtension>
            <ns3:hr>180</ns3:hr>
            <ns3:cad>87</ns3:cad>
          </ns3:TrackPointExtension>
        </extensions>
      </trkpt>
      <trkpt lat="40.40316917002201080322265625" lon="116.68450548313558101654052734375">
        <ele>84.1999969482421875</ele>
        <time>2026-08-27T14:16:55.000Z</time>
        <extensions>
          <ns3:TrackPointExtension>
            <ns3:hr>181</ns3:hr>
            <ns3:cad>88</ns3:cad>
          </ns3:TrackPointExtension>
        </extensions>
      </trkpt>
      <trkpt lat="40.4031978361308574676513671875" lon="116.684524677693843841552734375">
        <ele>84.1999969482421875</ele>
        <time>2026-08-27T14:16:56.000Z</time>
        <extensions>
          <ns3:TrackPointExtension>
            <ns3:hr>181</ns3:hr>
            <ns3:cad>88</ns3:cad>
          </ns3:TrackPointExtension>
        </extensions>
      </trkpt>
      <trkpt lat="40.40322809480130672454833984375" lon="116.684538424015045166015625">
        <ele>84.1999969482421875</ele>
        <time>2026-08-27T14:16:57.000Z</time>
        <extensions>
          <ns3:TrackPointExtension>
            <ns3:hr>181</ns3:hr>
            <ns3:cad>87</ns3:cad>
          </ns3:TrackPointExtension>
        </extensions>
      </trkpt>
      <trkpt lat="40.403259359300136566162109375" lon="116.68454504571855068206787109375">
        <ele>84.1999969482421875</ele>
        <time>2026-08-27T14:16:58.000Z</time>
        <extensions>
          <ns3:TrackPointExtension>
            <ns3:hr>180</ns3:hr>
            <ns3:cad>87</ns3:cad>
          </ns3:TrackPointExtension>
        </extensions>
      </trkpt>
      <trkpt lat="40.40329280309379100799560546875" lon="116.68455518782138824462890625">
        <ele>84</ele>
        <time>2026-08-27T14:16:59.000Z</time>
        <extensions>
          <ns3:TrackPointExtension>
            <ns3:hr>180</ns3:hr>
            <ns3:cad>86</ns3:cad>
          </ns3:TrackPointExtension>
        </extensions>
      </trkpt>
      <trkpt lat="40.40331962518393993377685546875" lon="116.684548817574977874755859375">
        <ele>84</ele>
        <time>2026-08-27T14:17:00.000Z</time>
        <extensions>
          <ns3:TrackPointExtension>
            <ns3:hr>180</ns3:hr>
            <ns3:cad>86</ns3:cad>
          </ns3:TrackPointExtension>
        </extensions>
      </trkpt>
      <trkpt lat="40.40335533209145069122314453125" lon="116.684554181993007659912109375">
        <ele>84</ele>
        <time>2026-08-27T14:17:01.000Z</time>
        <extensions>
          <ns3:TrackPointExtension>
            <ns3:hr>180</ns3:hr>
            <ns3:cad>87</ns3:cad>
          </ns3:TrackPointExtension>
        </extensions>
      </trkpt>
      <trkpt lat="40.4033808968961238861083984375" lon="116.684546135365962982177734375">
        <ele>84</ele>
        <time>2026-08-27T14:17:02.000Z</time>
        <extensions>
          <ns3:TrackPointExtension>
            <ns3:hr>180</ns3:hr>
            <ns3:cad>87</ns3:cad>
          </ns3:TrackPointExtension>
        </extensions>
      </trkpt>
      <trkpt lat="40.40341836400330066680908203125" lon="116.6845530085265636444091796875">
        <ele>84</ele>
        <time>2026-08-27T14:17:03.000Z</time>
        <extensions>
          <ns3:TrackPointExtension>
            <ns3:hr>182</ns3:hr>
            <ns3:cad>87</ns3:cad>
          </ns3:TrackPointExtension>
        </extensions>
      </trkpt>
      <trkpt lat="40.40344409644603729248046875" lon="116.6845479793846607208251953125">
        <ele>84</ele>
        <time>2026-08-27T14:17:04.000Z</time>
        <extensions>
          <ns3:TrackPointExtension>
            <ns3:hr>182</ns3:hr>
            <ns3:cad>87</ns3:cad>
          </ns3:TrackPointExtension>
        </extensions>
      </trkpt>
      <trkpt lat="40.403479970991611480712890625" lon="116.68455309234559535980224609375">
        <ele>84</ele>
        <time>2026-08-27T14:17:05.000Z</time>
        <extensions>
          <ns3:TrackPointExtension>
            <ns3:hr>181</ns3:hr>
            <ns3:cad>87</ns3:cad>
          </ns3:TrackPointExtension>
        </extensions>
      </trkpt>
      <trkpt lat="40.40350981056690216064453125" lon="116.6845520026981830596923828125">
        <ele>84.1999969482421875</ele>
        <time>2026-08-27T14:17:06.000Z</time>
        <extensions>
          <ns3:TrackPointExtension>
            <ns3:hr>180</ns3:hr>
            <ns3:cad>87</ns3:cad>
          </ns3:TrackPointExtension>
        </extensions>
      </trkpt>
      <trkpt lat="40.40354426018893718719482421875" lon="116.684550829231739044189453125">
        <ele>84.1999969482421875</ele>
        <time>2026-08-27T14:17:07.000Z</time>
        <extensions>
          <ns3:TrackPointExtension>
            <ns3:hr>180</ns3:hr>
            <ns3:cad>86</ns3:cad>
          </ns3:TrackPointExtension>
        </extensions>
      </trkpt>
      <trkpt lat="40.40357812307775020599365234375" lon="116.6845526732504367828369140625">
        <ele>84.40000152587890625</ele>
        <time>2026-08-27T14:17:08.000Z</time>
        <extensions>
          <ns3:TrackPointExtension>
            <ns3:hr>179</ns3:hr>
            <ns3:cad>86</ns3:cad>
          </ns3:TrackPointExtension>
        </extensions>
      </trkpt>
      <trkpt lat="40.40360863320529460906982421875" lon="116.68454722501337528228759765625">
        <ele>84.59999847412109375</ele>
        <time>2026-08-27T14:17:09.000Z</time>
        <extensions>
          <ns3:TrackPointExtension>
            <ns3:hr>179</ns3:hr>
            <ns3:cad>86</ns3:cad>
          </ns3:TrackPointExtension>
        </extensions>
      </trkpt>
      <trkpt lat="40.403642244637012481689453125" lon="116.684552170336246490478515625">
        <ele>84.59999847412109375</ele>
        <time>2026-08-27T14:17:10.000Z</time>
        <extensions>
          <ns3:TrackPointExtension>
            <ns3:hr>179</ns3:hr>
            <ns3:cad>87</ns3:cad>
          </ns3:TrackPointExtension>
        </extensions>
      </trkpt>
      <trkpt lat="40.4036729224026203155517578125" lon="116.6845469735562801361083984375">
        <ele>84.59999847412109375</ele>
        <time>2026-08-27T14:17:11.000Z</time>
        <extensions>
          <ns3:TrackPointExtension>
            <ns3:hr>179</ns3:hr>
            <ns3:cad>87</ns3:cad>
          </ns3:TrackPointExtension>
        </extensions>
      </trkpt>
      <trkpt lat="40.40370787493884563446044921875" lon="116.6845516674220561981201171875">
        <ele>84.59999847412109375</ele>
        <time>2026-08-27T14:17:12.000Z</time>
        <extensions>
          <ns3:TrackPointExtension>
            <ns3:hr>179</ns3:hr>
            <ns3:cad>88</ns3:cad>
          </ns3:TrackPointExtension>
        </extensions>
      </trkpt>
      <trkpt lat="40.4037336073815822601318359375" lon="116.684543453156948089599609375">
        <ele>84.40000152587890625</ele>
        <time>2026-08-27T14:17:13.000Z</time>
        <extensions>
          <ns3:TrackPointExtension>
            <ns3:hr>179</ns3:hr>
            <ns3:cad>88</ns3:cad>
          </ns3:TrackPointExtension>
        </extensions>
      </trkpt>
      <trkpt lat="40.403774678707122802734375" lon="116.684552170336246490478515625">
        <ele>84.40000152587890625</ele>
        <time>2026-08-27T14:17:14.000Z</time>
        <extensions>
          <ns3:TrackPointExtension>
            <ns3:hr>179</ns3:hr>
            <ns3:cad>88</ns3:cad>
          </ns3:TrackPointExtension>
        </extensions>
      </trkpt>
      <trkpt lat="40.4038016684353351593017578125" lon="116.68454471044242382049560546875">
        <ele>84.40000152587890625</ele>
        <time>2026-08-27T14:17:15.000Z</time>
        <extensions>
          <ns3:TrackPointExtension>
            <ns3:hr>180</ns3:hr>
            <ns3:cad>88</ns3:cad>
          </ns3:TrackPointExtension>
        </extensions>
      </trkpt>
      <trkpt lat="40.40384064428508281707763671875" lon="116.68454806320369243621826171875">
        <ele>84.40000152587890625</ele>
        <time>2026-08-27T14:17:16.000Z</time>
        <extensions>
          <ns3:TrackPointExtension>
            <ns3:hr>181</ns3:hr>
            <ns3:cad>87</ns3:cad>
          </ns3:TrackPointExtension>
        </extensions>
      </trkpt>
      <trkpt lat="40.40387048386037349700927734375" lon="116.6845412738621234893798828125">
        <ele>84.40000152587890625</ele>
        <time>2026-08-27T14:17:17.000Z</time>
        <extensions>
          <ns3:TrackPointExtension>
            <ns3:hr>180</ns3:hr>
            <ns3:cad>87</ns3:cad>
          </ns3:TrackPointExtension>
        </extensions>
      </trkpt>
      <trkpt lat="40.40390619076788425445556640625" lon="116.6845478117465972900390625">
        <ele>84.59999847412109375</ele>
        <time>2026-08-27T14:17:18.000Z</time>
        <extensions>
          <ns3:TrackPointExtension>
            <ns3:hr>179</ns3:hr>
            <ns3:cad>87</ns3:cad>
          </ns3:TrackPointExtension>
        </extensions>
      </trkpt>
      <trkpt lat="40.4039367847144603729248046875" lon="116.68454454280436038970947265625">
        <ele>84.59999847412109375</ele>
        <time>2026-08-27T14:17:19.000Z</time>
        <extensions>
          <ns3:TrackPointExtension>
            <ns3:hr>179</ns3:hr>
            <ns3:cad>88</ns3:cad>
          </ns3:TrackPointExtension>
        </extensions>
      </trkpt>
      <trkpt lat="40.40397240780293941497802734375" lon="116.68454119004309177398681640625">
        <ele>84.59999847412109375</ele>
        <time>2026-08-27T14:17:20.000Z</time>
        <extensions>
          <ns3:TrackPointExtension>
            <ns3:hr>178</ns3:hr>
            <ns3:cad>88</ns3:cad>
          </ns3:TrackPointExtension>
        </extensions>
      </trkpt>
      <trkpt lat="40.40400744415819644927978515625" lon="116.68454571627080440521240234375">
        <ele>84.59999847412109375</ele>
        <time>2026-08-27T14:17:21.000Z</time>
        <extensions>
          <ns3:TrackPointExtension>
            <ns3:hr>177</ns3:hr>
            <ns3:cad>88</ns3:cad>
          </ns3:TrackPointExtension>
        </extensions>
      </trkpt>
      <trkpt lat="40.40403678081929683685302734375" lon="116.684541441500186920166015625">
        <ele>84.59999847412109375</ele>
        <time>2026-08-27T14:17:22.000Z</time>
        <extensions>
          <ns3:TrackPointExtension>
            <ns3:hr>177</ns3:hr>
            <ns3:cad>89</ns3:cad>
          </ns3:TrackPointExtension>
        </extensions>
      </trkpt>
      <trkpt lat="40.4040737450122833251953125" lon="116.6845493204891681671142578125">
        <ele>84.40000152587890625</ele>
        <time>2026-08-27T14:17:23.000Z</time>
        <extensions>
          <ns3:TrackPointExtension>
            <ns3:hr>177</ns3:hr>
            <ns3:cad>89</ns3:cad>
          </ns3:TrackPointExtension>
        </extensions>
      </trkpt>
      <trkpt lat="40.4041007347404956817626953125" lon="116.6845436207950115203857421875">
        <ele>84.40000152587890625</ele>
        <time>2026-08-27T14:17:24.000Z</time>
        <extensions>
          <ns3:TrackPointExtension>
            <ns3:hr>176</ns3:hr>
            <ns3:cad>89</ns3:cad>
          </ns3:TrackPointExtension>
        </extensions>
      </trkpt>
      <trkpt lat="40.4041402973234653472900390625" lon="116.684541441500186920166015625">
        <ele>84.59999847412109375</ele>
        <time>2026-08-27T14:17:25.000Z</time>
        <extensions>
          <ns3:TrackPointExtension>
            <ns3:hr>177</ns3:hr>
            <ns3:cad>89</ns3:cad>
          </ns3:TrackPointExtension>
        </extensions>
      </trkpt>
      <trkpt lat="40.4041676223278045654296875" lon="116.68452895246446132659912109375">
        <ele>84.59999847412109375</ele>
        <time>2026-08-27T14:17:26.000Z</time>
        <extensions>
          <ns3:TrackPointExtension>
            <ns3:hr>177</ns3:hr>
            <ns3:cad>89</ns3:cad>
          </ns3:TrackPointExtension>
        </extensions>
      </trkpt>
      <trkpt lat="40.40420743636786937713623046875" lon="116.6845178045332431793212890625">
        <ele>84.59999847412109375</ele>
        <time>2026-08-27T14:17:27.000Z</time>
        <extensions>
          <ns3:TrackPointExtension>
            <ns3:hr>177</ns3:hr>
            <ns3:cad>89</ns3:cad>
          </ns3:TrackPointExtension>
        </extensions>
      </trkpt>
      <trkpt lat="40.40423308499157428741455078125" lon="116.6844983585178852081298828125">
        <ele>84.59999847412109375</ele>
        <time>2026-08-27T14:17:28.000Z</time>
        <extensions>
          <ns3:TrackPointExtension>
            <ns3:hr>177</ns3:hr>
            <ns3:cad>89</ns3:cad>
          </ns3:TrackPointExtension>
        </extensions>
      </trkpt>
      <trkpt lat="40.40426812134683132171630859375" lon="116.68447530828416347503662109375">
        <ele>84.59999847412109375</ele>
        <time>2026-08-27T14:17:29.000Z</time>
        <extensions>
          <ns3:TrackPointExtension>
            <ns3:hr>177</ns3:hr>
            <ns3:cad>88</ns3:cad>
          </ns3:TrackPointExtension>
        </extensions>
      </trkpt>
      <trkpt lat="40.4042891599237918853759765625" lon="116.68445058166980743408203125">
        <ele>84.59999847412109375</ele>
        <time>2026-08-27T14:17:30.000Z</time>
        <extensions>
          <ns3:TrackPointExtension>
            <ns3:hr>178</ns3:hr>
            <ns3:cad>87</ns3:cad>
          </ns3:TrackPointExtension>
        </extensions>
      </trkpt>
      <trkpt lat="40.40431388653814792633056640625" lon="116.68441898189485073089599609375">
        <ele>84.59999847412109375</ele>
        <time>2026-08-27T14:17:31.000Z</time>
        <extensions>
          <ns3:TrackPointExtension>
            <ns3:hr>179</ns3:hr>
            <ns3:cad>87</ns3:cad>
          </ns3:TrackPointExtension>
        </extensions>
      </trkpt>
      <trkpt lat="40.40433450601994991302490234375" lon="116.68438847176730632781982421875">
        <ele>84.59999847412109375</ele>
        <time>2026-08-27T14:17:32.000Z</time>
        <extensions>
          <ns3:TrackPointExtension>
            <ns3:hr>179</ns3:hr>
            <ns3:cad>87</ns3:cad>
          </ns3:TrackPointExtension>
        </extensions>
      </trkpt>
      <trkpt lat="40.4043538682162761688232421875" lon="116.6843572072684764862060546875">
        <ele>84.59999847412109375</ele>
        <time>2026-08-27T14:17:33.000Z</time>
        <extensions>
          <ns3:TrackPointExtension>
            <ns3:hr>180</ns3:hr>
            <ns3:cad>87</ns3:cad>
          </ns3:TrackPointExtension>
        </extensions>
      </trkpt>
      <trkpt lat="40.40437616407871246337890625" lon="116.6843199916183948516845703125">
        <ele>84.8000030517578125</ele>
        <time>2026-08-27T14:17:34.000Z</time>
        <extensions>
          <ns3:TrackPointExtension>
            <ns3:hr>181</ns3:hr>
            <ns3:cad>87</ns3:cad>
          </ns3:TrackPointExtension>
        </extensions>
      </trkpt>
      <trkpt lat="40.40438831783831119537353515625" lon="116.68428671546280384063720703125">
        <ele>84.8000030517578125</ele>
        <time>2026-08-27T14:17:35.000Z</time>
        <extensions>
          <ns3:TrackPointExtension>
            <ns3:hr>181</ns3:hr>
            <ns3:cad>88</ns3:cad>
          </ns3:TrackPointExtension>
        </extensions>
      </trkpt>
      <trkpt lat="40.4044036567211151123046875" lon="116.68424195609986782073974609375">
        <ele>84.8000030517578125</ele>
        <time>2026-08-27T14:17:36.000Z</time>
        <extensions>
          <ns3:TrackPointExtension>
            <ns3:hr>180</ns3:hr>
            <ns3:cad>88</ns3:cad>
          </ns3:TrackPointExtension>
        </extensions>
      </trkpt>
      <trkpt lat="40.404408015310764312744140625" lon="116.6842006333172321319580078125">
        <ele>84.8000030517578125</ele>
        <time>2026-08-27T14:17:37.000Z</time>
        <extensions>
          <ns3:TrackPointExtension>
            <ns3:hr>180</ns3:hr>
            <ns3:cad>88</ns3:cad>
          </ns3:TrackPointExtension>
        </extensions>
      </trkpt>
      <trkpt lat="40.4044170677661895751953125" lon="116.68415092863142490386962890625">
        <ele>85</ele>
        <time>2026-08-27T14:17:38.000Z</time>
        <extensions>
          <ns3:TrackPointExtension>
            <ns3:hr>179</ns3:hr>
            <ns3:cad>88</ns3:cad>
          </ns3:TrackPointExtension>
        </extensions>
      </trkpt>
      <trkpt lat="40.40441396646201610565185546875" lon="116.684114970266819000244140625">
        <ele>84.8000030517578125</ele>
        <time>2026-08-27T14:17:39.000Z</time>
        <extensions>
          <ns3:TrackPointExtension>
            <ns3:hr>178</ns3:hr>
            <ns3:cad>86</ns3:cad>
          </ns3:TrackPointExtension>
        </extensions>
      </trkpt>
      <trkpt lat="40.404412709176540374755859375" lon="116.68406593613326549530029296875">
        <ele>85</ele>
        <time>2026-08-27T14:17:40.000Z</time>
        <extensions>
          <ns3:TrackPointExtension>
            <ns3:hr>179</ns3:hr>
            <ns3:cad>86</ns3:cad>
          </ns3:TrackPointExtension>
        </extensions>
      </trkpt>
      <trkpt lat="40.40440290234982967376708984375" lon="116.684027798473834991455078125">
        <ele>85</ele>
        <time>2026-08-27T14:17:41.000Z</time>
        <extensions>
          <ns3:TrackPointExtension>
            <ns3:hr>178</ns3:hr>
            <ns3:cad>86</ns3:cad>
          </ns3:TrackPointExtension>
        </extensions>
      </trkpt>
      <trkpt lat="40.40439359843730926513671875" lon="116.6839873977005481719970703125">
        <ele>85</ele>
        <time>2026-08-27T14:17:42.000Z</time>
        <extensions>
          <ns3:TrackPointExtension>
            <ns3:hr>179</ns3:hr>
            <ns3:cad>86</ns3:cad>
          </ns3:TrackPointExtension>
        </extensions>
      </trkpt>
      <trkpt lat="40.40438144467771053314208984375" lon="116.6839511878788471221923828125">
        <ele>85</ele>
        <time>2026-08-27T14:17:43.000Z</time>
        <extensions>
          <ns3:TrackPointExtension>
            <ns3:hr>177</ns3:hr>
            <ns3:cad>86</ns3:cad>
          </ns3:TrackPointExtension>
        </extensions>
      </trkpt>
      <trkpt lat="40.40436585433781147003173828125" lon="116.68391807936131954193115234375">
        <ele>85</ele>
        <time>2026-08-27T14:17:44.000Z</time>
        <extensions>
          <ns3:TrackPointExtension>
            <ns3:hr>178</ns3:hr>
            <ns3:cad>86</ns3:cad>
          </ns3:TrackPointExtension>
        </extensions>
      </trkpt>
      <trkpt lat="40.40435110218822956085205078125" lon="116.68387801386415958404541015625">
        <ele>85</ele>
        <time>2026-08-27T14:17:45.000Z</time>
        <extensions>
          <ns3:TrackPointExtension>
            <ns3:hr>178</ns3:hr>
            <ns3:cad>86</ns3:cad>
          </ns3:TrackPointExtension>
        </extensions>
      </trkpt>
      <trkpt lat="40.40432964451611042022705078125" lon="116.68384633027017116546630859375">
        <ele>85</ele>
        <time>2026-08-27T14:17:46.000Z</time>
        <extensions>
          <ns3:TrackPointExtension>
            <ns3:hr>179</ns3:hr>
            <ns3:cad>87</ns3:cad>
          </ns3:TrackPointExtension>
        </extensions>
      </trkpt>
      <trkpt lat="40.40430642664432525634765625" lon="116.6838103719055652618408203125">
        <ele>85.1999969482421875</ele>
        <time>2026-08-27T14:17:47.000Z</time>
        <extensions>
          <ns3:TrackPointExtension>
            <ns3:hr>179</ns3:hr>
            <ns3:cad>87</ns3:cad>
          </ns3:TrackPointExtension>
        </extensions>
      </trkpt>
      <trkpt lat="40.4042816162109375" lon="116.6837914288043975830078125">
        <ele>85.1999969482421875</ele>
        <time>2026-08-27T14:17:48.000Z</time>
        <extensions>
          <ns3:TrackPointExtension>
            <ns3:hr>180</ns3:hr>
            <ns3:cad>87</ns3:cad>
          </ns3:TrackPointExtension>
        </extensions>
      </trkpt>
      <trkpt lat="40.40425403974950313568115234375" lon="116.68375991284847259521484375">
        <ele>85.1999969482421875</ele>
        <time>2026-08-27T14:17:49.000Z</time>
        <extensions>
          <ns3:TrackPointExtension>
            <ns3:hr>182</ns3:hr>
            <ns3:cad>87</ns3:cad>
          </ns3:TrackPointExtension>
        </extensions>
      </trkpt>
      <trkpt lat="40.404233001172542572021484375" lon="116.683744154870510101318359375">
        <ele>85.1999969482421875</ele>
        <time>2026-08-27T14:17:50.000Z</time>
        <extensions>
          <ns3:TrackPointExtension>
            <ns3:hr>183</ns3:hr>
            <ns3:cad>87</ns3:cad>
          </ns3:TrackPointExtension>
        </extensions>
      </trkpt>
      <trkpt lat="40.40420274250209331512451171875" lon="116.68372143991291522979736328125">
        <ele>85.1999969482421875</ele>
        <time>2026-08-27T14:17:51.000Z</time>
        <extensions>
          <ns3:TrackPointExtension>
            <ns3:hr>181</ns3:hr>
            <ns3:cad>88</ns3:cad>
          </ns3:TrackPointExtension>
        </extensions>
      </trkpt>
      <trkpt lat="40.40417809970676898956298828125" lon="116.6837118007242679595947265625">
        <ele>85.1999969482421875</ele>
        <time>2026-08-27T14:17:52.000Z</time>
        <extensions>
          <ns3:TrackPointExtension>
            <ns3:hr>181</ns3:hr>
            <ns3:cad>88</ns3:cad>
          </ns3:TrackPointExtension>
        </extensions>
      </trkpt>
      <trkpt lat="40.40414105169475078582763671875" lon="116.6836933605372905731201171875">
        <ele>85.40000152587890625</ele>
        <time>2026-08-27T14:17:53.000Z</time>
        <extensions>
          <ns3:TrackPointExtension>
            <ns3:hr>180</ns3:hr>
            <ns3:cad>88</ns3:cad>
          </ns3:TrackPointExtension>
        </extensions>
      </trkpt>
      <trkpt lat="40.40410802699625492095947265625" lon="116.6836921870708465576171875">
        <ele>85.40000152587890625</ele>
        <time>2026-08-27T14:17:54.000Z</time>
        <extensions>
          <ns3:TrackPointExtension>
            <ns3:hr>180</ns3:hr>
            <ns3:cad>88</ns3:cad>
          </ns3:TrackPointExtension>
        </extensions>
      </trkpt>
      <trkpt lat="40.40406913496553897857666015625" lon="116.68369009159505367279052734375">
        <ele>85.40000152587890625</ele>
        <time>2026-08-27T14:17:55.000Z</time>
        <extensions>
          <ns3:TrackPointExtension>
            <ns3:hr>181</ns3:hr>
            <ns3:cad>88</ns3:cad>
          </ns3:TrackPointExtension>
        </extensions>
      </trkpt>
      <trkpt lat="40.4040393792092800140380859375" lon="116.68369042687118053436279296875">
        <ele>85.1999969482421875</ele>
        <time>2026-08-27T14:17:56.000Z</time>
        <extensions>
          <ns3:TrackPointExtension>
            <ns3:hr>181</ns3:hr>
            <ns3:cad>87</ns3:cad>
          </ns3:TrackPointExtension>
        </extensions>
      </trkpt>
      <trkpt lat="40.4040061868727207183837890625" lon="116.6836903430521488189697265625">
        <ele>85.1999969482421875</ele>
        <time>2026-08-27T14:17:57.000Z</time>
        <extensions>
          <ns3:TrackPointExtension>
            <ns3:hr>181</ns3:hr>
            <ns3:cad>87</ns3:cad>
          </ns3:TrackPointExtension>
        </extensions>
      </trkpt>
      <trkpt lat="40.40397291071712970733642578125" lon="116.68368606828153133392333984375">
        <ele>85.1999969482421875</ele>
        <time>2026-08-27T14:17:58.000Z</time>
        <extensions>
          <ns3:TrackPointExtension>
            <ns3:hr>181</ns3:hr>
            <ns3:cad>87</ns3:cad>
          </ns3:TrackPointExtension>
        </extensions>
      </trkpt>
      <trkpt lat="40.4039424844086170196533203125" lon="116.68368707410991191864013671875">
        <ele>85</ele>
        <time>2026-08-27T14:17:59.000Z</time>
        <extensions>
          <ns3:TrackPointExtension>
            <ns3:hr>182</ns3:hr>
            <ns3:cad>87</ns3:cad>
          </ns3:TrackPointExtension>
        </extensions>
      </trkpt>
      <trkpt lat="40.4039074480533599853515625" lon="116.68368137441575527191162109375">
        <ele>85</ele>
        <time>2026-08-27T14:18:00.000Z</time>
        <extensions>
          <ns3:TrackPointExtension>
            <ns3:hr>183</ns3:hr>
            <ns3:cad>88</ns3:cad>
          </ns3:TrackPointExtension>
        </extensions>
      </trkpt>
      <trkpt lat="40.4038807936012744903564453125" lon="116.68368883430957794189453125">
        <ele>84.8000030517578125</ele>
        <time>2026-08-27T14:18:01.000Z</time>
        <extensions>
          <ns3:TrackPointExtension>
            <ns3:hr>181</ns3:hr>
            <ns3:cad>88</ns3:cad>
          </ns3:TrackPointExtension>
        </extensions>
      </trkpt>
      <trkpt lat="40.40384399704635143280029296875" lon="116.68368271552026271820068359375">
        <ele>84.8000030517578125</ele>
        <time>2026-08-27T14:18:02.000Z</time>
        <extensions>
          <ns3:TrackPointExtension>
            <ns3:hr>180</ns3:hr>
            <ns3:cad>88</ns3:cad>
          </ns3:TrackPointExtension>
        </extensions>
      </trkpt>
      <trkpt lat="40.4038137383759021759033203125" lon="116.683687828481197357177734375">
        <ele>84.8000030517578125</ele>
        <time>2026-08-27T14:18:03.000Z</time>
        <extensions>
          <ns3:TrackPointExtension>
            <ns3:hr>180</ns3:hr>
            <ns3:cad>87</ns3:cad>
          </ns3:TrackPointExtension>
        </extensions>
      </trkpt>
      <trkpt lat="40.40377266705036163330078125" lon="116.683680452406406402587890625">
        <ele>84.8000030517578125</ele>
        <time>2026-08-27T14:18:04.000Z</time>
        <extensions>
          <ns3:TrackPointExtension>
            <ns3:hr>180</ns3:hr>
            <ns3:cad>87</ns3:cad>
          </ns3:TrackPointExtension>
        </extensions>
      </trkpt>
      <trkpt lat="40.4037433303892612457275390625" lon="116.683679111301898956298828125">
        <ele>84.8000030517578125</ele>
        <time>2026-08-27T14:18:05.000Z</time>
        <extensions>
          <ns3:TrackPointExtension>
            <ns3:hr>179</ns3:hr>
            <ns3:cad>86</ns3:cad>
          </ns3:TrackPointExtension>
        </extensions>
      </trkpt>
      <trkpt lat="40.403703935444355010986328125" lon="116.68367902748286724090576171875">
        <ele>84.8000030517578125</ele>
        <time>2026-08-27T14:18:06.000Z</time>
        <extensions>
          <ns3:TrackPointExtension>
            <ns3:hr>180</ns3:hr>
            <ns3:cad>86</ns3:cad>
          </ns3:TrackPointExtension>
        </extensions>
      </trkpt>
      <trkpt lat="40.4036700725555419921875" lon="116.683679781854152679443359375">
        <ele>84.8000030517578125</ele>
        <time>2026-08-27T14:18:07.000Z</time>
        <extensions>
          <ns3:TrackPointExtension>
            <ns3:hr>180</ns3:hr>
            <ns3:cad>86</ns3:cad>
          </ns3:TrackPointExtension>
        </extensions>
      </trkpt>
      <trkpt lat="40.40363394655287265777587890625" lon="116.68368271552026271820068359375">
        <ele>84.8000030517578125</ele>
        <time>2026-08-27T14:18:08.000Z</time>
        <extensions>
          <ns3:TrackPointExtension>
            <ns3:hr>182</ns3:hr>
            <ns3:cad>88</ns3:cad>
          </ns3:TrackPointExtension>
        </extensions>
      </trkpt>
      <trkpt lat="40.403597988188266754150390625" lon="116.68368170969188213348388671875">
        <ele>84.8000030517578125</ele>
        <time>2026-08-27T14:18:09.000Z</time>
        <extensions>
          <ns3:TrackPointExtension>
            <ns3:hr>182</ns3:hr>
            <ns3:cad>88</ns3:cad>
          </ns3:TrackPointExtension>
        </extensions>
      </trkpt>
      <trkpt lat="40.403562448918819427490234375" lon="116.68368305079638957977294921875">
        <ele>84.8000030517578125</ele>
        <time>2026-08-27T14:18:10.000Z</time>
        <extensions>
          <ns3:TrackPointExtension>
            <ns3:hr>183</ns3:hr>
            <ns3:cad>88</ns3:cad>
          </ns3:TrackPointExtension>
        </extensions>
      </trkpt>
      <trkpt lat="40.403527580201625823974609375" lon="116.683678440749645233154296875">
        <ele>84.8000030517578125</ele>
        <time>2026-08-27T14:18:11.000Z</time>
        <extensions>
          <ns3:TrackPointExtension>
            <ns3:hr>182</ns3:hr>
            <ns3:cad>88</ns3:cad>
          </ns3:TrackPointExtension>
        </extensions>
      </trkpt>
      <trkpt lat="40.40349178947508335113525390625" lon="116.6836826317012310028076171875">
        <ele>84.8000030517578125</ele>
        <time>2026-08-27T14:18:12.000Z</time>
        <extensions>
          <ns3:TrackPointExtension>
            <ns3:hr>181</ns3:hr>
            <ns3:cad>87</ns3:cad>
          </ns3:TrackPointExtension>
        </extensions>
      </trkpt>
      <trkpt lat="40.4034526459872722625732421875" lon="116.68367600999772548675537109375">
        <ele>85</ele>
        <time>2026-08-27T14:18:13.000Z</time>
        <extensions>
          <ns3:TrackPointExtension>
            <ns3:hr>182</ns3:hr>
            <ns3:cad>86</ns3:cad>
          </ns3:TrackPointExtension>
        </extensions>
      </trkpt>
      <trkpt lat="40.4034248180687427520751953125" lon="116.6836787760257720947265625">
        <ele>85</ele>
        <time>2026-08-27T14:18:14.000Z</time>
        <extensions>
          <ns3:TrackPointExtension>
            <ns3:hr>181</ns3:hr>
            <ns3:cad>86</ns3:cad>
          </ns3:TrackPointExtension>
        </extensions>
      </trkpt>
      <trkpt lat="40.40338642895221710205078125" lon="116.6836707293987274169921875">
        <ele>85</ele>
        <time>2026-08-27T14:18:15.000Z</time>
        <extensions>
          <ns3:TrackPointExtension>
            <ns3:hr>182</ns3:hr>
            <ns3:cad>86</ns3:cad>
          </ns3:TrackPointExtension>
        </extensions>
      </trkpt>
      <trkpt lat="40.4033584333956241607666015625" lon="116.68367450125515460968017578125">
        <ele>85</ele>
        <time>2026-08-27T14:18:16.000Z</time>
        <extensions>
          <ns3:TrackPointExtension>
            <ns3:hr>182</ns3:hr>
            <ns3:cad>88</ns3:cad>
          </ns3:TrackPointExtension>
        </extensions>
      </trkpt>
      <trkpt lat="40.40332071483135223388671875" lon="116.6836719028651714324951171875">
        <ele>85</ele>
        <time>2026-08-27T14:18:17.000Z</time>
        <extensions>
          <ns3:TrackPointExtension>
            <ns3:hr>183</ns3:hr>
            <ns3:cad>88</ns3:cad>
          </ns3:TrackPointExtension>
        </extensions>
      </trkpt>
      <trkpt lat="40.40328995324671268463134765625" lon="116.68368187732994556427001953125">
        <ele>85</ele>
        <time>2026-08-27T14:18:18.000Z</time>
        <extensions>
          <ns3:TrackPointExtension>
            <ns3:hr>184</ns3:hr>
            <ns3:cad>88</ns3:cad>
          </ns3:TrackPointExtension>
        </extensions>
      </trkpt>
      <trkpt lat="40.40325164794921875" lon="116.683690510690212249755859375">
        <ele>85</ele>
        <time>2026-08-27T14:18:19.000Z</time>
        <extensions>
          <ns3:TrackPointExtension>
            <ns3:hr>183</ns3:hr>
            <ns3:cad>88</ns3:cad>
          </ns3:TrackPointExtension>
        </extensions>
      </trkpt>
      <trkpt lat="40.403218455612659454345703125" lon="116.68370182625949382781982421875">
        <ele>85</ele>
        <time>2026-08-27T14:18:20.000Z</time>
        <extensions>
          <ns3:TrackPointExtension>
            <ns3:hr>182</ns3:hr>
            <ns3:cad>88</ns3:cad>
          </ns3:TrackPointExtension>
        </extensions>
      </trkpt>
      <trkpt lat="40.4031871072947978973388671875" lon="116.6837203502655029296875">
        <ele>85</ele>
        <time>2026-08-27T14:18:21.000Z</time>
        <extensions>
          <ns3:TrackPointExtension>
            <ns3:hr>181</ns3:hr>
            <ns3:cad>86</ns3:cad>
          </ns3:TrackPointExtension>
        </extensions>
      </trkpt>
      <trkpt lat="40.403154753148555755615234375" lon="116.68373954482376575469970703125">
        <ele>85</ele>
        <time>2026-08-27T14:18:22.000Z</time>
        <extensions>
          <ns3:TrackPointExtension>
            <ns3:hr>182</ns3:hr>
            <ns3:cad>86</ns3:cad>
          </ns3:TrackPointExtension>
        </extensions>
      </trkpt>
      <trkpt lat="40.40313027799129486083984375" lon="116.6837657801806926727294921875">
        <ele>85</ele>
        <time>2026-08-27T14:18:23.000Z</time>
        <extensions>
          <ns3:TrackPointExtension>
            <ns3:hr>180</ns3:hr>
            <ns3:cad>87</ns3:cad>
          </ns3:TrackPointExtension>
        </extensions>
      </trkpt>
      <trkpt lat="40.40309884585440158843994140625" lon="116.6837941110134124755859375">
        <ele>84.8000030517578125</ele>
        <time>2026-08-27T14:18:24.000Z</time>
        <extensions>
          <ns3:TrackPointExtension>
            <ns3:hr>181</ns3:hr>
            <ns3:cad>87</ns3:cad>
          </ns3:TrackPointExtension>
        </extensions>
      </trkpt>
      <trkpt lat="40.40308157913386821746826171875" lon="116.683831326663494110107421875">
        <ele>84.8000030517578125</ele>
        <time>2026-08-27T14:18:25.000Z</time>
        <extensions>
          <ns3:TrackPointExtension>
            <ns3:hr>181</ns3:hr>
            <ns3:cad>88</ns3:cad>
          </ns3:TrackPointExtension>
        </extensions>
      </trkpt>
      <trkpt lat="40.40305542759597301483154296875" lon="116.6838693805038928985595703125">
        <ele>84.8000030517578125</ele>
        <time>2026-08-27T14:18:26.000Z</time>
        <extensions>
          <ns3:TrackPointExtension>
            <ns3:hr>183</ns3:hr>
            <ns3:cad>88</ns3:cad>
          </ns3:TrackPointExtension>
        </extensions>
      </trkpt>
      <trkpt lat="40.40304201655089855194091796875" lon="116.68390232138335704803466796875">
        <ele>84.8000030517578125</ele>
        <time>2026-08-27T14:18:27.000Z</time>
        <extensions>
          <ns3:TrackPointExtension>
            <ns3:hr>182</ns3:hr>
            <ns3:cad>88</ns3:cad>
          </ns3:TrackPointExtension>
        </extensions>
      </trkpt>
      <trkpt lat="40.40302106179296970367431640625" lon="116.68394205160439014434814453125">
        <ele>84.8000030517578125</ele>
        <time>2026-08-27T14:18:28.000Z</time>
        <extensions>
          <ns3:TrackPointExtension>
            <ns3:hr>181</ns3:hr>
            <ns3:cad>88</ns3:cad>
          </ns3:TrackPointExtension>
        </extensions>
      </trkpt>
      <trkpt lat="40.40300765074789524078369140625" lon="116.6839786805212497711181640625">
        <ele>84.8000030517578125</ele>
        <time>2026-08-27T14:18:29.000Z</time>
        <extensions>
          <ns3:TrackPointExtension>
            <ns3:hr>180</ns3:hr>
            <ns3:cad>88</ns3:cad>
          </ns3:TrackPointExtension>
        </extensions>
      </trkpt>
      <trkpt lat="40.40299256332218647003173828125" lon="116.68402151204645633697509765625">
        <ele>84.8000030517578125</ele>
        <time>2026-08-27T14:18:30.000Z</time>
        <extensions>
          <ns3:TrackPointExtension>
            <ns3:hr>179</ns3:hr>
            <ns3:cad>87</ns3:cad>
          </ns3:TrackPointExtension>
        </extensions>
      </trkpt>
      <trkpt lat="40.402983762323856353759765625" lon="116.6840621642768383026123046875">
        <ele>84.8000030517578125</ele>
        <time>2026-08-27T14:18:31.000Z</time>
        <extensions>
          <ns3:TrackPointExtension>
            <ns3:hr>179</ns3:hr>
            <ns3:cad>87</ns3:cad>
          </ns3:TrackPointExtension>
        </extensions>
      </trkpt>
      <trkpt lat="40.40298141539096832275390625" lon="116.684108264744281768798828125">
        <ele>84.59999847412109375</ele>
        <time>2026-08-27T14:18:32.000Z</time>
        <extensions>
          <ns3:TrackPointExtension>
            <ns3:hr>178</ns3:hr>
            <ns3:cad>87</ns3:cad>
          </ns3:TrackPointExtension>
        </extensions>
      </trkpt>
      <trkpt lat="40.40298267267644405364990234375" lon="116.68415486812591552734375">
        <ele>84.59999847412109375</ele>
        <time>2026-08-27T14:18:33.000Z</time>
        <extensions>
          <ns3:TrackPointExtension>
            <ns3:hr>179</ns3:hr>
            <ns3:cad>87</ns3:cad>
          </ns3:TrackPointExtension>
        </extensions>
      </trkpt>
      <trkpt lat="40.4029879532754421234130859375" lon="116.68419132940471172332763671875">
        <ele>84.59999847412109375</ele>
        <time>2026-08-27T14:18:34.000Z</time>
        <extensions>
          <ns3:TrackPointExtension>
            <ns3:hr>178</ns3:hr>
            <ns3:cad>88</ns3:cad>
          </ns3:TrackPointExtension>
        </extensions>
      </trkpt>
      <trkpt lat="40.40299155749380588531494140625" lon="116.68423843570053577423095703125">
        <ele>84.59999847412109375</ele>
        <time>2026-08-27T14:18:35.000Z</time>
        <extensions>
          <ns3:TrackPointExtension>
            <ns3:hr>179</ns3:hr>
            <ns3:cad>88</ns3:cad>
          </ns3:TrackPointExtension>
        </extensions>
      </trkpt>
      <trkpt lat="40.40300513617694377899169921875" lon="116.68426928110420703887939453125">
        <ele>84.59999847412109375</ele>
        <time>2026-08-27T14:18:36.000Z</time>
        <extensions>
          <ns3:TrackPointExtension>
            <ns3:hr>180</ns3:hr>
            <ns3:cad>88</ns3:cad>
          </ns3:TrackPointExtension>
        </extensions>
      </trkpt>
      <trkpt lat="40.4030174575746059417724609375" lon="116.6843171417713165283203125">
        <ele>84.8000030517578125</ele>
        <time>2026-08-27T14:18:37.000Z</time>
        <extensions>
          <ns3:TrackPointExtension>
            <ns3:hr>181</ns3:hr>
            <ns3:cad>88</ns3:cad>
          </ns3:TrackPointExtension>
        </extensions>
      </trkpt>
      <trkpt lat="40.403033383190631866455078125" lon="116.68434974737465381622314453125">
        <ele>84.8000030517578125</ele>
        <time>2026-08-27T14:18:38.000Z</time>
        <extensions>
          <ns3:TrackPointExtension>
            <ns3:hr>181</ns3:hr>
            <ns3:cad>88</ns3:cad>
          </ns3:TrackPointExtension>
        </extensions>
      </trkpt>
      <trkpt lat="40.4030509851872920989990234375" lon="116.684393920004367828369140625">
        <ele>84.8000030517578125</ele>
        <time>2026-08-27T14:18:39.000Z</time>
        <extensions>
          <ns3:TrackPointExtension>
            <ns3:hr>180</ns3:hr>
            <ns3:cad>88</ns3:cad>
          </ns3:TrackPointExtension>
        </extensions>
      </trkpt>
      <trkpt lat="40.40307101793587207794189453125" lon="116.6844276152551174163818359375">
        <ele>84.59999847412109375</ele>
        <time>2026-08-27T14:18:40.000Z</time>
        <extensions>
          <ns3:TrackPointExtension>
            <ns3:hr>180</ns3:hr>
            <ns3:cad>88</ns3:cad>
          </ns3:TrackPointExtension>
        </extensions>
      </trkpt>
      <trkpt lat="40.4030947387218475341796875" lon="116.68445871211588382720947265625">
        <ele>84.59999847412109375</ele>
        <time>2026-08-27T14:18:41.000Z</time>
        <extensions>
          <ns3:TrackPointExtension>
            <ns3:hr>179</ns3:hr>
            <ns3:cad>88</ns3:cad>
          </ns3:TrackPointExtension>
        </extensions>
      </trkpt>
      <trkpt lat="40.40312181226909160614013671875" lon="116.68448746204376220703125">
        <ele>84.59999847412109375</ele>
        <time>2026-08-27T14:18:42.000Z</time>
        <extensions>
          <ns3:TrackPointExtension>
            <ns3:hr>180</ns3:hr>
            <ns3:cad>88</ns3:cad>
          </ns3:TrackPointExtension>
        </extensions>
      </trkpt>
      <trkpt lat="40.40314863435924053192138671875" lon="116.68450833298265933990478515625">
        <ele>84.59999847412109375</ele>
        <time>2026-08-27T14:18:43.000Z</time>
        <extensions>
          <ns3:TrackPointExtension>
            <ns3:hr>178</ns3:hr>
            <ns3:cad>87</ns3:cad>
          </ns3:TrackPointExtension>
        </extensions>
      </trkpt>
      <trkpt lat="40.40317947976291179656982421875" lon="116.68452861718833446502685546875">
        <ele>84.59999847412109375</ele>
        <time>2026-08-27T14:18:44.000Z</time>
        <extensions>
          <ns3:TrackPointExtension>
            <ns3:hr>178</ns3:hr>
            <ns3:cad>87</ns3:cad>
          </ns3:TrackPointExtension>
        </extensions>
      </trkpt>
      <trkpt lat="40.40320998989045619964599609375" lon="116.684538759291172027587890625">
        <ele>84.40000152587890625</ele>
        <time>2026-08-27T14:18:45.000Z</time>
        <extensions>
          <ns3:TrackPointExtension>
            <ns3:hr>179</ns3:hr>
            <ns3:cad>87</ns3:cad>
          </ns3:TrackPointExtension>
        </extensions>
      </trkpt>
      <trkpt lat="40.40324485860764980316162109375" lon="116.68455510400235652923583984375">
        <ele>84.40000152587890625</ele>
        <time>2026-08-27T14:18:46.000Z</time>
        <extensions>
          <ns3:TrackPointExtension>
            <ns3:hr>179</ns3:hr>
            <ns3:cad>87</ns3:cad>
          </ns3:TrackPointExtension>
        </extensions>
      </trkpt>
      <trkpt lat="40.403272770345211029052734375" lon="116.6845563612878322601318359375">
        <ele>84.59999847412109375</ele>
        <time>2026-08-27T14:18:47.000Z</time>
        <extensions>
          <ns3:TrackPointExtension>
            <ns3:hr>178</ns3:hr>
            <ns3:cad>87</ns3:cad>
          </ns3:TrackPointExtension>
        </extensions>
      </trkpt>
      <trkpt lat="40.40331132709980010986328125" lon="116.6845637373626232147216796875">
        <ele>84.59999847412109375</ele>
        <time>2026-08-27T14:18:48.000Z</time>
        <extensions>
          <ns3:TrackPointExtension>
            <ns3:hr>180</ns3:hr>
            <ns3:cad>87</ns3:cad>
          </ns3:TrackPointExtension>
        </extensions>
      </trkpt>
      <trkpt lat="40.40334376506507396697998046875" lon="116.6845603846013545989990234375">
        <ele>84.8000030517578125</ele>
        <time>2026-08-27T14:18:49.000Z</time>
        <extensions>
          <ns3:TrackPointExtension>
            <ns3:hr>180</ns3:hr>
            <ns3:cad>88</ns3:cad>
          </ns3:TrackPointExtension>
        </extensions>
      </trkpt>
      <trkpt lat="40.4033819027245044708251953125" lon="116.68456784449517726898193359375">
        <ele>85</ele>
        <time>2026-08-27T14:18:50.000Z</time>
        <extensions>
          <ns3:TrackPointExtension>
            <ns3:hr>181</ns3:hr>
            <ns3:cad>88</ns3:cad>
          </ns3:TrackPointExtension>
        </extensions>
      </trkpt>
      <trkpt lat="40.40340830571949481964111328125" lon="116.6845607198774814605712890625">
        <ele>85</ele>
        <time>2026-08-27T14:18:51.000Z</time>
        <extensions>
          <ns3:TrackPointExtension>
            <ns3:hr>181</ns3:hr>
            <ns3:cad>89</ns3:cad>
          </ns3:TrackPointExtension>
        </extensions>
      </trkpt>
      <trkpt lat="40.40344887413084506988525390625" lon="116.6845670901238918304443359375">
        <ele>85</ele>
        <time>2026-08-27T14:18:52.000Z</time>
        <extensions>
          <ns3:TrackPointExtension>
            <ns3:hr>182</ns3:hr>
            <ns3:cad>89</ns3:cad>
          </ns3:TrackPointExtension>
        </extensions>
      </trkpt>
      <trkpt lat="40.40347536094486713409423828125" lon="116.68456030078232288360595703125">
        <ele>85</ele>
        <time>2026-08-27T14:18:53.000Z</time>
        <extensions>
          <ns3:TrackPointExtension>
            <ns3:hr>182</ns3:hr>
            <ns3:cad>88</ns3:cad>
          </ns3:TrackPointExtension>
        </extensions>
      </trkpt>
      <trkpt lat="40.40351425297558307647705078125" lon="116.68456482701003551483154296875">
        <ele>85</ele>
        <time>2026-08-27T14:18:54.000Z</time>
        <extensions>
          <ns3:TrackPointExtension>
            <ns3:hr>181</ns3:hr>
            <ns3:cad>87</ns3:cad>
          </ns3:TrackPointExtension>
        </extensions>
      </trkpt>
      <trkpt lat="40.4035475291311740875244140625" lon="116.68456130661070346832275390625">
        <ele>84.8000030517578125</ele>
        <time>2026-08-27T14:18:55.000Z</time>
        <extensions>
          <ns3:TrackPointExtension>
            <ns3:hr>181</ns3:hr>
            <ns3:cad>87</ns3:cad>
          </ns3:TrackPointExtension>
        </extensions>
      </trkpt>
      <trkpt lat="40.40358382277190685272216796875" lon="116.68456097133457660675048828125">
        <ele>84.8000030517578125</ele>
        <time>2026-08-27T14:18:56.000Z</time>
        <extensions>
          <ns3:TrackPointExtension>
            <ns3:hr>180</ns3:hr>
            <ns3:cad>87</ns3:cad>
          </ns3:TrackPointExtension>
        </extensions>
      </trkpt>
      <trkpt lat="40.403618775308132171630859375" lon="116.6845597140491008758544921875">
        <ele>84.59999847412109375</ele>
        <time>2026-08-27T14:18:57.000Z</time>
        <extensions>
          <ns3:TrackPointExtension>
            <ns3:hr>179</ns3:hr>
            <ns3:cad>88</ns3:cad>
          </ns3:TrackPointExtension>
        </extensions>
      </trkpt>
      <trkpt lat="40.40365154854953289031982421875" lon="116.68455795384943485260009765625">
        <ele>84.59999847412109375</ele>
        <time>2026-08-27T14:18:58.000Z</time>
        <extensions>
          <ns3:TrackPointExtension>
            <ns3:hr>179</ns3:hr>
            <ns3:cad>88</ns3:cad>
          </ns3:TrackPointExtension>
        </extensions>
      </trkpt>
      <trkpt lat="40.403687171638011932373046875" lon="116.68456281535327434539794921875">
        <ele>84.40000152587890625</ele>
        <time>2026-08-27T14:18:59.000Z</time>
        <extensions>
          <ns3:TrackPointExtension>
            <ns3:hr>180</ns3:hr>
            <ns3:cad>88</ns3:cad>
          </ns3:TrackPointExtension>
        </extensions>
      </trkpt>
      <trkpt lat="40.40371810086071491241455078125" lon="116.68455610983073711395263671875">
        <ele>84.40000152587890625</ele>
        <time>2026-08-27T14:19:00.000Z</time>
        <extensions>
          <ns3:TrackPointExtension>
            <ns3:hr>180</ns3:hr>
            <ns3:cad>88</ns3:cad>
          </ns3:TrackPointExtension>
        </extensions>
      </trkpt>
      <trkpt lat="40.40375397540628910064697265625" lon="116.68456256389617919921875">
        <ele>84.1999969482421875</ele>
        <time>2026-08-27T14:19:01.000Z</time>
        <extensions>
          <ns3:TrackPointExtension>
            <ns3:hr>180</ns3:hr>
            <ns3:cad>87</ns3:cad>
          </ns3:TrackPointExtension>
        </extensions>
      </trkpt>
      <trkpt lat="40.4037828929722309112548828125" lon="116.68455116450786590576171875">
        <ele>84.40000152587890625</ele>
        <time>2026-08-27T14:19:02.000Z</time>
        <extensions>
          <ns3:TrackPointExtension>
            <ns3:hr>181</ns3:hr>
            <ns3:cad>87</ns3:cad>
          </ns3:TrackPointExtension>
        </extensions>
      </trkpt>
      <trkpt lat="40.40382270701229572296142578125" lon="116.684558875858783721923828125">
        <ele>84.40000152587890625</ele>
        <time>2026-08-27T14:19:03.000Z</time>
        <extensions>
          <ns3:TrackPointExtension>
            <ns3:hr>182</ns3:hr>
            <ns3:cad>87</ns3:cad>
          </ns3:TrackPointExtension>
        </extensions>
      </trkpt>
      <trkpt lat="40.40385179221630096435546875" lon="116.684554181993007659912109375">
        <ele>84.40000152587890625</ele>
        <time>2026-08-27T14:19:04.000Z</time>
        <extensions>
          <ns3:TrackPointExtension>
            <ns3:hr>182</ns3:hr>
            <ns3:cad>87</ns3:cad>
          </ns3:TrackPointExtension>
        </extensions>
      </trkpt>
      <trkpt lat="40.40388976223766803741455078125" lon="116.68455912731587886810302734375">
        <ele>84.59999847412109375</ele>
        <time>2026-08-27T14:19:05.000Z</time>
        <extensions>
          <ns3:TrackPointExtension>
            <ns3:hr>181</ns3:hr>
            <ns3:cad>87</ns3:cad>
          </ns3:TrackPointExtension>
        </extensions>
      </trkpt>
      <trkpt lat="40.4039220325648784637451171875" lon="116.68456298299133777618408203125">
        <ele>84.59999847412109375</ele>
        <time>2026-08-27T14:19:06.000Z</time>
        <extensions>
          <ns3:TrackPointExtension>
            <ns3:hr>181</ns3:hr>
            <ns3:cad>87</ns3:cad>
          </ns3:TrackPointExtension>
        </extensions>
      </trkpt>
      <trkpt lat="40.4039595834910869598388671875" lon="116.68456231243908405303955078125">
        <ele>84.59999847412109375</ele>
        <time>2026-08-27T14:19:07.000Z</time>
        <extensions>
          <ns3:TrackPointExtension>
            <ns3:hr>180</ns3:hr>
            <ns3:cad>87</ns3:cad>
          </ns3:TrackPointExtension>
        </extensions>
      </trkpt>
      <trkpt lat="40.40399353019893169403076171875" lon="116.68456457555294036865234375">
        <ele>84.59999847412109375</ele>
        <time>2026-08-27T14:19:08.000Z</time>
        <extensions>
          <ns3:TrackPointExtension>
            <ns3:hr>180</ns3:hr>
            <ns3:cad>87</ns3:cad>
          </ns3:TrackPointExtension>
        </extensions>
      </trkpt>
      <trkpt lat="40.40402269922196865081787109375" lon="116.68456063605844974517822265625">
        <ele>84.59999847412109375</ele>
        <time>2026-08-27T14:19:09.000Z</time>
        <extensions>
          <ns3:TrackPointExtension>
            <ns3:hr>179</ns3:hr>
            <ns3:cad>87</ns3:cad>
          </ns3:TrackPointExtension>
        </extensions>
      </trkpt>
      <trkpt lat="40.40405807085335254669189453125" lon="116.68456725776195526123046875">
        <ele>84.40000152587890625</ele>
        <time>2026-08-27T14:19:10.000Z</time>
        <extensions>
          <ns3:TrackPointExtension>
            <ns3:hr>180</ns3:hr>
            <ns3:cad>87</ns3:cad>
          </ns3:TrackPointExtension>
        </extensions>
      </trkpt>
      <trkpt lat="40.40408380329608917236328125" lon="116.684561558067798614501953125">
        <ele>84.40000152587890625</ele>
        <time>2026-08-27T14:19:11.000Z</time>
        <extensions>
          <ns3:TrackPointExtension>
            <ns3:hr>181</ns3:hr>
            <ns3:cad>86</ns3:cad>
          </ns3:TrackPointExtension>
        </extensions>
      </trkpt>
      <trkpt lat="40.40412001311779022216796875" lon="116.6845623962581157684326171875">
        <ele>84.40000152587890625</ele>
        <time>2026-08-27T14:19:12.000Z</time>
        <extensions>
          <ns3:TrackPointExtension>
            <ns3:hr>182</ns3:hr>
            <ns3:cad>86</ns3:cad>
          </ns3:TrackPointExtension>
        </extensions>
      </trkpt>
      <trkpt lat="40.404147841036319732666015625" lon="116.68455250561237335205078125">
        <ele>84.40000152587890625</ele>
        <time>2026-08-27T14:19:13.000Z</time>
        <extensions>
          <ns3:TrackPointExtension>
            <ns3:hr>183</ns3:hr>
            <ns3:cad>87</ns3:cad>
          </ns3:TrackPointExtension>
        </extensions>
      </trkpt>
      <trkpt lat="40.4041852243244647979736328125" lon="116.6845446266233921051025390625">
        <ele>84.40000152587890625</ele>
        <time>2026-08-27T14:19:14.000Z</time>
        <extensions>
          <ns3:TrackPointExtension>
            <ns3:hr>182</ns3:hr>
            <ns3:cad>88</ns3:cad>
          </ns3:TrackPointExtension>
        </extensions>
      </trkpt>
      <trkpt lat="40.4042105376720428466796875" lon="116.68452442623674869537353515625">
        <ele>84.40000152587890625</ele>
        <time>2026-08-27T14:19:15.000Z</time>
        <extensions>
          <ns3:TrackPointExtension>
            <ns3:hr>181</ns3:hr>
            <ns3:cad>88</ns3:cad>
          </ns3:TrackPointExtension>
        </extensions>
      </trkpt>
      <trkpt lat="40.4042472504079341888427734375" lon="116.68450648896396160125732421875">
        <ele>84.40000152587890625</ele>
        <time>2026-08-27T14:19:16.000Z</time>
        <extensions>
          <ns3:TrackPointExtension>
            <ns3:hr>180</ns3:hr>
            <ns3:cad>88</ns3:cad>
          </ns3:TrackPointExtension>
        </extensions>
      </trkpt>
      <trkpt lat="40.40427147410809993743896484375" lon="116.68448436073958873748779296875">
        <ele>84.40000152587890625</ele>
        <time>2026-08-27T14:19:17.000Z</time>
        <extensions>
          <ns3:TrackPointExtension>
            <ns3:hr>180</ns3:hr>
            <ns3:cad>88</ns3:cad>
          </ns3:TrackPointExtension>
        </extensions>
      </trkpt>
      <trkpt lat="40.40430097840726375579833984375" lon="116.68445602990686893463134765625">
        <ele>84.40000152587890625</ele>
        <time>2026-08-27T14:19:18.000Z</time>
        <extensions>
          <ns3:TrackPointExtension>
            <ns3:hr>180</ns3:hr>
            <ns3:cad>88</ns3:cad>
          </ns3:TrackPointExtension>
        </extensions>
      </trkpt>
      <trkpt lat="40.40432662703096866607666015625" lon="116.68442753143608570098876953125">
        <ele>84.59999847412109375</ele>
        <time>2026-08-27T14:19:19.000Z</time>
        <extensions>
          <ns3:TrackPointExtension>
            <ns3:hr>178</ns3:hr>
            <ns3:cad>87</ns3:cad>
          </ns3:TrackPointExtension>
        </extensions>
      </trkpt>
      <trkpt lat="40.40435043163597583770751953125" lon="116.684394590556621551513671875">
        <ele>84.59999847412109375</ele>
        <time>2026-08-27T14:19:20.000Z</time>
        <extensions>
          <ns3:TrackPointExtension>
            <ns3:hr>179</ns3:hr>
            <ns3:cad>87</ns3:cad>
          </ns3:TrackPointExtension>
        </extensions>
      </trkpt>
      <trkpt lat="40.40437038056552410125732421875" lon="116.68436206877231597900390625">
        <ele>84.8000030517578125</ele>
        <time>2026-08-27T14:19:21.000Z</time>
        <extensions>
          <ns3:TrackPointExtension>
            <ns3:hr>178</ns3:hr>
            <ns3:cad>87</ns3:cad>
          </ns3:TrackPointExtension>
        </extensions>
      </trkpt>
      <trkpt lat="40.40438714437186717987060546875" lon="116.6843230091035366058349609375">
        <ele>85</ele>
        <time>2026-08-27T14:19:22.000Z</time>
        <extensions>
          <ns3:TrackPointExtension>
            <ns3:hr>179</ns3:hr>
            <ns3:cad>88</ns3:cad>
          </ns3:TrackPointExtension>
        </extensions>
      </trkpt>
      <trkpt lat="40.40440172888338565826416015625" lon="116.684284619987010955810546875">
        <ele>85</ele>
        <time>2026-08-27T14:19:23.000Z</time>
        <extensions>
          <ns3:TrackPointExtension>
            <ns3:hr>179</ns3:hr>
            <ns3:cad>88</ns3:cad>
          </ns3:TrackPointExtension>
        </extensions>
      </trkpt>
      <trkpt lat="40.40441245771944522857666015625" lon="116.684245727956295013427734375">
        <ele>85</ele>
        <time>2026-08-27T14:19:24.000Z</time>
        <extensions>
          <ns3:TrackPointExtension>
            <ns3:hr>179</ns3:hr>
            <ns3:cad>89</ns3:cad>
          </ns3:TrackPointExtension>
        </extensions>
      </trkpt>
      <trkpt lat="40.4044215939939022064208984375" lon="116.684200130403041839599609375">
        <ele>85</ele>
        <time>2026-08-27T14:19:25.000Z</time>
        <extensions>
          <ns3:TrackPointExtension>
            <ns3:hr>180</ns3:hr>
            <ns3:cad>89</ns3:cad>
          </ns3:TrackPointExtension>
        </extensions>
      </trkpt>
      <trkpt lat="40.40442184545099735260009765625" lon="116.684161908924579620361328125">
        <ele>85</ele>
        <time>2026-08-27T14:19:26.000Z</time>
        <extensions>
          <ns3:TrackPointExtension>
            <ns3:hr>179</ns3:hr>
            <ns3:cad>88</ns3:cad>
          </ns3:TrackPointExtension>
        </extensions>
      </trkpt>
      <trkpt lat="40.40442989207804203033447265625" lon="116.684113629162311553955078125">
        <ele>85</ele>
        <time>2026-08-27T14:19:27.000Z</time>
        <extensions>
          <ns3:TrackPointExtension>
            <ns3:hr>180</ns3:hr>
            <ns3:cad>88</ns3:cad>
          </ns3:TrackPointExtension>
        </extensions>
      </trkpt>
      <trkpt lat="40.40442486293613910675048828125" lon="116.6840732283890247344970703125">
        <ele>85</ele>
        <time>2026-08-27T14:19:28.000Z</time>
        <extensions>
          <ns3:TrackPointExtension>
            <ns3:hr>181</ns3:hr>
            <ns3:cad>88</ns3:cad>
          </ns3:TrackPointExtension>
        </extensions>
      </trkpt>
      <trkpt lat="40.4044199176132678985595703125" lon="116.6840256191790103912353515625">
        <ele>85</ele>
        <time>2026-08-27T14:19:29.000Z</time>
        <extensions>
          <ns3:TrackPointExtension>
            <ns3:hr>182</ns3:hr>
            <ns3:cad>89</ns3:cad>
          </ns3:TrackPointExtension>
        </extensions>
      </trkpt>
      <trkpt lat="40.40440860204398632049560546875" lon="116.68398924171924591064453125">
        <ele>84.8000030517578125</ele>
        <time>2026-08-27T14:19:30.000Z</time>
        <extensions>
          <ns3:TrackPointExtension>
            <ns3:hr>183</ns3:hr>
            <ns3:cad>89</ns3:cad>
          </ns3:TrackPointExtension>
        </extensions>
      </trkpt>
      <trkpt lat="40.404397286474704742431640625" lon="116.68394154869019985198974609375">
        <ele>84.8000030517578125</ele>
        <time>2026-08-27T14:19:31.000Z</time>
        <extensions>
          <ns3:TrackPointExtension>
            <ns3:hr>184</ns3:hr>
            <ns3:cad>89</ns3:cad>
          </ns3:TrackPointExtension>
        </extensions>
      </trkpt>
      <trkpt lat="40.40437976829707622528076171875" lon="116.6839086078107357025146484375">
        <ele>84.8000030517578125</ele>
        <time>2026-08-27T14:19:32.000Z</time>
        <extensions>
          <ns3:TrackPointExtension>
            <ns3:hr>184</ns3:hr>
            <ns3:cad>89</ns3:cad>
          </ns3:TrackPointExtension>
        </extensions>
      </trkpt>
      <trkpt lat="40.4043607413768768310546875" lon="116.6838640160858631134033203125">
        <ele>85</ele>
        <time>2026-08-27T14:19:33.000Z</time>
        <extensions>
          <ns3:TrackPointExtension>
            <ns3:hr>182</ns3:hr>
            <ns3:cad>89</ns3:cad>
          </ns3:TrackPointExtension>
        </extensions>
      </trkpt>
      <trkpt lat="40.40434062480926513671875" lon="116.68383509851992130279541015625">
        <ele>85</ele>
        <time>2026-08-27T14:19:34.000Z</time>
        <extensions>
          <ns3:TrackPointExtension>
            <ns3:hr>181</ns3:hr>
            <ns3:cad>89</ns3:cad>
          </ns3:TrackPointExtension>
        </extensions>
      </trkpt>
      <trkpt lat="40.40431690402328968048095703125" lon="116.6837956197559833526611328125">
        <ele>84.8000030517578125</ele>
        <time>2026-08-27T14:19:35.000Z</time>
        <extensions>
          <ns3:TrackPointExtension>
            <ns3:hr>181</ns3:hr>
            <ns3:cad>88</ns3:cad>
          </ns3:TrackPointExtension>
        </extensions>
      </trkpt>
      <trkpt lat="40.40429410524666309356689453125" lon="116.6837711445987224578857421875">
        <ele>84.8000030517578125</ele>
        <time>2026-08-27T14:19:36.000Z</time>
        <extensions>
          <ns3:TrackPointExtension>
            <ns3:hr>179</ns3:hr>
            <ns3:cad>88</ns3:cad>
          </ns3:TrackPointExtension>
        </extensions>
      </trkpt>
      <trkpt lat="40.40426460094749927520751953125" lon="116.6837431490421295166015625">
        <ele>84.59999847412109375</ele>
        <time>2026-08-27T14:19:37.000Z</time>
        <extensions>
          <ns3:TrackPointExtension>
            <ns3:hr>180</ns3:hr>
            <ns3:cad>88</ns3:cad>
          </ns3:TrackPointExtension>
        </extensions>
      </trkpt>
      <trkpt lat="40.404236353933811187744140625" lon="116.68372311629354953765869140625">
        <ele>84.59999847412109375</ele>
        <time>2026-08-27T14:19:38.000Z</time>
        <extensions>
          <ns3:TrackPointExtension>
            <ns3:hr>179</ns3:hr>
            <ns3:cad>88</ns3:cad>
          </ns3:TrackPointExtension>
        </extensions>
      </trkpt>
      <trkpt lat="40.40420450270175933837890625" lon="116.683706603944301605224609375">
        <ele>84.40000152587890625</ele>
        <time>2026-08-27T14:19:39.000Z</time>
        <extensions>
          <ns3:TrackPointExtension>
            <ns3:hr>180</ns3:hr>
            <ns3:cad>88</ns3:cad>
          </ns3:TrackPointExtension>
        </extensions>
      </trkpt>
      <trkpt lat="40.40417231619358062744140625" lon="116.683690845966339111328125">
        <ele>84.40000152587890625</ele>
        <time>2026-08-27T14:19:40.000Z</time>
        <extensions>
          <ns3:TrackPointExtension>
            <ns3:hr>180</ns3:hr>
            <ns3:cad>88</ns3:cad>
          </ns3:TrackPointExtension>
        </extensions>
      </trkpt>
      <trkpt lat="40.40414004586637020111083984375" lon="116.6836868226528167724609375">
        <ele>84.40000152587890625</ele>
        <time>2026-08-27T14:19:41.000Z</time>
        <extensions>
          <ns3:TrackPointExtension>
            <ns3:hr>181</ns3:hr>
            <ns3:cad>88</ns3:cad>
          </ns3:TrackPointExtension>
        </extensions>
      </trkpt>
      <trkpt lat="40.40410668589174747467041015625" lon="116.68367718346416950225830078125">
        <ele>84.40000152587890625</ele>
        <time>2026-08-27T14:19:42.000Z</time>
        <extensions>
          <ns3:TrackPointExtension>
            <ns3:hr>180</ns3:hr>
            <ns3:cad>87</ns3:cad>
          </ns3:TrackPointExtension>
        </extensions>
      </trkpt>
      <trkpt lat="40.4040799476206302642822265625" lon="116.6836787760257720947265625">
        <ele>84.40000152587890625</ele>
        <time>2026-08-27T14:19:43.000Z</time>
        <extensions>
          <ns3:TrackPointExtension>
            <ns3:hr>179</ns3:hr>
            <ns3:cad>87</ns3:cad>
          </ns3:TrackPointExtension>
        </extensions>
      </trkpt>
      <trkpt lat="40.4040442407131195068359375" lon="116.68367265723645687103271484375">
        <ele>84.40000152587890625</ele>
        <time>2026-08-27T14:19:44.000Z</time>
        <extensions>
          <ns3:TrackPointExtension>
            <ns3:hr>179</ns3:hr>
            <ns3:cad>86</ns3:cad>
          </ns3:TrackPointExtension>
        </extensions>
      </trkpt>
      <trkpt lat="40.40401917882263660430908203125" lon="116.68367550708353519439697265625">
        <ele>84.40000152587890625</ele>
        <time>2026-08-27T14:19:45.000Z</time>
        <extensions>
          <ns3:TrackPointExtension>
            <ns3:hr>178</ns3:hr>
            <ns3:cad>86</ns3:cad>
          </ns3:TrackPointExtension>
        </extensions>
      </trkpt>
      <trkpt lat="40.4039803706109523773193359375" lon="116.683671735227108001708984375">
        <ele>84.40000152587890625</ele>
        <time>2026-08-27T14:19:46.000Z</time>
        <extensions>
          <ns3:TrackPointExtension>
            <ns3:hr>179</ns3:hr>
            <ns3:cad>87</ns3:cad>
          </ns3:TrackPointExtension>
        </extensions>
      </trkpt>
      <trkpt lat="40.403950698673725128173828125" lon="116.68367399834096431732177734375">
        <ele>84.40000152587890625</ele>
        <time>2026-08-27T14:19:47.000Z</time>
        <extensions>
          <ns3:TrackPointExtension>
            <ns3:hr>179</ns3:hr>
            <ns3:cad>88</ns3:cad>
          </ns3:TrackPointExtension>
        </extensions>
      </trkpt>
      <trkpt lat="40.40391624905169010162353515625" lon="116.68367500416934490203857421875">
        <ele>84.40000152587890625</ele>
        <time>2026-08-27T14:19:48.000Z</time>
        <extensions>
          <ns3:TrackPointExtension>
            <ns3:hr>179</ns3:hr>
            <ns3:cad>88</ns3:cad>
          </ns3:TrackPointExtension>
        </extensions>
      </trkpt>
      <trkpt lat="40.40388263761997222900390625" lon="116.68367265723645687103271484375">
        <ele>84.1999969482421875</ele>
        <time>2026-08-27T14:19:49.000Z</time>
        <extensions>
          <ns3:TrackPointExtension>
            <ns3:hr>179</ns3:hr>
            <ns3:cad>88</ns3:cad>
          </ns3:TrackPointExtension>
        </extensions>
      </trkpt>
      <trkpt lat="40.4038529656827449798583984375" lon="116.68367533944547176361083984375">
        <ele>84.1999969482421875</ele>
        <time>2026-08-27T14:19:50.000Z</time>
        <extensions>
          <ns3:TrackPointExtension>
            <ns3:hr>180</ns3:hr>
            <ns3:cad>87</ns3:cad>
          </ns3:TrackPointExtension>
        </extensions>
      </trkpt>
      <trkpt lat="40.4038167558610439300537109375" lon="116.68366871774196624755859375">
        <ele>84.1999969482421875</ele>
        <time>2026-08-27T14:19:51.000Z</time>
        <extensions>
          <ns3:TrackPointExtension>
            <ns3:hr>181</ns3:hr>
            <ns3:cad>87</ns3:cad>
          </ns3:TrackPointExtension>
        </extensions>
      </trkpt>
      <trkpt lat="40.403790436685085296630859375" lon="116.68367265723645687103271484375">
        <ele>84.1999969482421875</ele>
        <time>2026-08-27T14:19:52.000Z</time>
        <extensions>
          <ns3:TrackPointExtension>
            <ns3:hr>181</ns3:hr>
            <ns3:cad>86</ns3:cad>
          </ns3:TrackPointExtension>
        </extensions>
      </trkpt>
      <trkpt lat="40.4037545621395111083984375" lon="116.6836621798574924468994140625">
        <ele>84.1999969482421875</ele>
        <time>2026-08-27T14:19:53.000Z</time>
        <extensions>
          <ns3:TrackPointExtension>
            <ns3:hr>180</ns3:hr>
            <ns3:cad>86</ns3:cad>
          </ns3:TrackPointExtension>
        </extensions>
      </trkpt>
      <trkpt lat="40.4037279076874256134033203125" lon="116.68366997502744197845458984375">
        <ele>84.1999969482421875</ele>
        <time>2026-08-27T14:19:54.000Z</time>
        <extensions>
          <ns3:TrackPointExtension>
            <ns3:hr>179</ns3:hr>
            <ns3:cad>87</ns3:cad>
          </ns3:TrackPointExtension>
        </extensions>
      </trkpt>
      <trkpt lat="40.40368742309510707855224609375" lon="116.68366259895265102386474609375">
        <ele>84.1999969482421875</ele>
        <time>2026-08-27T14:19:55.000Z</time>
        <extensions>
          <ns3:TrackPointExtension>
            <ns3:hr>179</ns3:hr>
            <ns3:cad>87</ns3:cad>
          </ns3:TrackPointExtension>
        </extensions>
      </trkpt>
      <trkpt lat="40.40365858934819698333740234375" lon="116.6836665384471416473388671875">
        <ele>84.1999969482421875</ele>
        <time>2026-08-27T14:19:56.000Z</time>
        <extensions>
          <ns3:TrackPointExtension>
            <ns3:hr>178</ns3:hr>
            <ns3:cad>88</ns3:cad>
          </ns3:TrackPointExtension>
        </extensions>
      </trkpt>
      <trkpt lat="40.40361835621297359466552734375" lon="116.68366469442844390869140625">
        <ele>84.1999969482421875</ele>
        <time>2026-08-27T14:19:57.000Z</time>
        <extensions>
          <ns3:TrackPointExtension>
            <ns3:hr>178</ns3:hr>
            <ns3:cad>88</ns3:cad>
          </ns3:TrackPointExtension>
        </extensions>
      </trkpt>
      <trkpt lat="40.4035877622663974761962890625" lon="116.68366813100874423980712890625">
        <ele>84.1999969482421875</ele>
        <time>2026-08-27T14:19:58.000Z</time>
        <extensions>
          <ns3:TrackPointExtension>
            <ns3:hr>177</ns3:hr>
            <ns3:cad>88</ns3:cad>
          </ns3:TrackPointExtension>
        </extensions>
      </trkpt>
      <trkpt lat="40.40354945696890354156494140625" lon="116.6836672089993953704833984375">
        <ele>84.1999969482421875</ele>
        <time>2026-08-27T14:19:59.000Z</time>
        <extensions>
          <ns3:TrackPointExtension>
            <ns3:hr>177</ns3:hr>
            <ns3:cad>88</ns3:cad>
          </ns3:TrackPointExtension>
        </extensions>
      </trkpt>
      <trkpt lat="40.403519533574581146240234375" lon="116.68366880156099796295166015625">
        <ele>84.1999969482421875</ele>
        <time>2026-08-27T14:20:00.000Z</time>
        <extensions>
          <ns3:TrackPointExtension>
            <ns3:hr>176</ns3:hr>
            <ns3:cad>87</ns3:cad>
          </ns3:TrackPointExtension>
        </extensions>
      </trkpt>
      <trkpt lat="40.40348793379962444305419921875" lon="116.683669723570346832275390625">
        <ele>84.1999969482421875</ele>
        <time>2026-08-27T14:20:01.000Z</time>
        <extensions>
          <ns3:TrackPointExtension>
            <ns3:hr>176</ns3:hr>
            <ns3:cad>87</ns3:cad>
          </ns3:TrackPointExtension>
        </extensions>
      </trkpt>
      <trkpt lat="40.4034576751291751861572265625" lon="116.68366578407585620880126953125">
        <ele>84.40000152587890625</ele>
        <time>2026-08-27T14:20:02.000Z</time>
        <extensions>
          <ns3:TrackPointExtension>
            <ns3:hr>177</ns3:hr>
            <ns3:cad>87</ns3:cad>
          </ns3:TrackPointExtension>
        </extensions>
      </trkpt>
      <trkpt lat="40.40342641063034534454345703125" lon="116.6836658678948879241943359375">
        <ele>84.1999969482421875</ele>
        <time>2026-08-27T14:20:03.000Z</time>
        <extensions>
          <ns3:TrackPointExtension>
            <ns3:hr>177</ns3:hr>
            <ns3:cad>88</ns3:cad>
          </ns3:TrackPointExtension>
        </extensions>
      </trkpt>
      <trkpt lat="40.4033916257321834564208984375" lon="116.68366310186684131622314453125">
        <ele>84.1999969482421875</ele>
        <time>2026-08-27T14:20:04.000Z</time>
        <extensions>
          <ns3:TrackPointExtension>
            <ns3:hr>178</ns3:hr>
            <ns3:cad>88</ns3:cad>
          </ns3:TrackPointExtension>
        </extensions>
      </trkpt>
      <trkpt lat="40.4033574275672435760498046875" lon="116.6836655326187610626220703125">
        <ele>84.1999969482421875</ele>
        <time>2026-08-27T14:20:05.000Z</time>
        <extensions>
          <ns3:TrackPointExtension>
            <ns3:hr>177</ns3:hr>
            <ns3:cad>89</ns3:cad>
          </ns3:TrackPointExtension>
        </extensions>
      </trkpt>
      <trkpt lat="40.40331996046006679534912109375" lon="116.68366067111492156982421875">
        <ele>84.1999969482421875</ele>
        <time>2026-08-27T14:20:06.000Z</time>
        <extensions>
          <ns3:TrackPointExtension>
            <ns3:hr>179</ns3:hr>
            <ns3:cad>89</ns3:cad>
          </ns3:TrackPointExtension>
        </extensions>
      </trkpt>
      <trkpt lat="40.40328584611415863037109375" lon="116.683667711913585662841796875">
        <ele>84.1999969482421875</ele>
        <time>2026-08-27T14:20:07.000Z</time>
        <extensions>
          <ns3:TrackPointExtension>
            <ns3:hr>178</ns3:hr>
            <ns3:cad>88</ns3:cad>
          </ns3:TrackPointExtension>
        </extensions>
      </trkpt>
      <trkpt lat="40.40325055830180644989013671875" lon="116.6836739145219326019287109375">
        <ele>84.1999969482421875</ele>
        <time>2026-08-27T14:20:08.000Z</time>
        <extensions>
          <ns3:TrackPointExtension>
            <ns3:hr>179</ns3:hr>
            <ns3:cad>88</ns3:cad>
          </ns3:TrackPointExtension>
        </extensions>
      </trkpt>
      <trkpt lat="40.403227172791957855224609375" lon="116.68368824757635593414306640625">
        <ele>84.1999969482421875</ele>
        <time>2026-08-27T14:20:09.000Z</time>
        <extensions>
          <ns3:TrackPointExtension>
            <ns3:hr>179</ns3:hr>
            <ns3:cad>88</ns3:cad>
          </ns3:TrackPointExtension>
        </extensions>
      </trkpt>
      <trkpt lat="40.40319205261766910552978515625" lon="116.683699898421764373779296875">
        <ele>84.1999969482421875</ele>
        <time>2026-08-27T14:20:10.000Z</time>
        <extensions>
          <ns3:TrackPointExtension>
            <ns3:hr>180</ns3:hr>
            <ns3:cad>88</ns3:cad>
          </ns3:TrackPointExtension>
        </extensions>
      </trkpt>
      <trkpt lat="40.40316774509847164154052734375" lon="116.6837221942842006683349609375">
        <ele>84</ele>
        <time>2026-08-27T14:20:11.000Z</time>
        <extensions>
          <ns3:TrackPointExtension>
            <ns3:hr>180</ns3:hr>
            <ns3:cad>88</ns3:cad>
          </ns3:TrackPointExtension>
        </extensions>
      </trkpt>
      <trkpt lat="40.40313103236258029937744140625" lon="116.683743484318256378173828125">
        <ele>84</ele>
        <time>2026-08-27T14:20:12.000Z</time>
        <extensions>
          <ns3:TrackPointExtension>
            <ns3:hr>182</ns3:hr>
            <ns3:cad>88</ns3:cad>
          </ns3:TrackPointExtension>
        </extensions>
      </trkpt>
      <trkpt lat="40.403107814490795135498046875" lon="116.68377139605581760406494140625">
        <ele>84</ele>
        <time>2026-08-27T14:20:13.000Z</time>
        <extensions>
          <ns3:TrackPointExtension>
            <ns3:hr>183</ns3:hr>
            <ns3:cad>88</ns3:cad>
          </ns3:TrackPointExtension>
        </extensions>
      </trkpt>
      <trkpt lat="40.40307621471583843231201171875" lon="116.68380157090723514556884765625">
        <ele>83.8000030517578125</ele>
        <time>2026-08-27T14:20:14.000Z</time>
        <extensions>
          <ns3:TrackPointExtension>
            <ns3:hr>182</ns3:hr>
            <ns3:cad>88</ns3:cad>
          </ns3:TrackPointExtension>
        </extensions>
      </trkpt>
      <trkpt lat="40.40305115282535552978515625" lon="116.68383526615798473358154296875">
        <ele>83.8000030517578125</ele>
        <time>2026-08-27T14:20:15.000Z</time>
        <extensions>
          <ns3:TrackPointExtension>
            <ns3:hr>181</ns3:hr>
            <ns3:cad>88</ns3:cad>
          </ns3:TrackPointExtension>
        </extensions>
      </trkpt>
      <trkpt lat="40.4030352272093296051025390625" lon="116.68387298472225666046142578125">
        <ele>83.8000030517578125</ele>
        <time>2026-08-27T14:20:16.000Z</time>
        <extensions>
          <ns3:TrackPointExtension>
            <ns3:hr>180</ns3:hr>
            <ns3:cad>88</ns3:cad>
          </ns3:TrackPointExtension>
        </extensions>
      </trkpt>
      <trkpt lat="40.403014607727527618408203125" lon="116.68391522951424121856689453125">
        <ele>83.8000030517578125</ele>
        <time>2026-08-27T14:20:17.000Z</time>
        <extensions>
          <ns3:TrackPointExtension>
            <ns3:hr>180</ns3:hr>
            <ns3:cad>87</ns3:cad>
          </ns3:TrackPointExtension>
        </extensions>
      </trkpt>
      <trkpt lat="40.40300899185240268707275390625" lon="116.68395462445914745330810546875">
        <ele>83.8000030517578125</ele>
        <time>2026-08-27T14:20:18.000Z</time>
        <extensions>
          <ns3:TrackPointExtension>
            <ns3:hr>180</ns3:hr>
            <ns3:cad>87</ns3:cad>
          </ns3:TrackPointExtension>
        </extensions>
      </trkpt>
      <trkpt lat="40.4029943235218524932861328125" lon="116.684002988040447235107421875">
        <ele>83.8000030517578125</ele>
        <time>2026-08-27T14:20:19.000Z</time>
        <extensions>
          <ns3:TrackPointExtension>
            <ns3:hr>181</ns3:hr>
            <ns3:cad>87</ns3:cad>
          </ns3:TrackPointExtension>
        </extensions>
      </trkpt>
      <trkpt lat="40.40299340151250362396240234375" lon="116.6840417124330997467041015625">
        <ele>83.8000030517578125</ele>
        <time>2026-08-27T14:20:20.000Z</time>
        <extensions>
          <ns3:TrackPointExtension>
            <ns3:hr>182</ns3:hr>
            <ns3:cad>87</ns3:cad>
          </ns3:TrackPointExtension>
        </extensions>
      </trkpt>
      <trkpt lat="40.40298636071383953094482421875" lon="116.6840923391282558441162109375">
        <ele>83.59999847412109375</ele>
        <time>2026-08-27T14:20:21.000Z</time>
        <extensions>
          <ns3:TrackPointExtension>
            <ns3:hr>183</ns3:hr>
            <ns3:cad>87</ns3:cad>
          </ns3:TrackPointExtension>
        </extensions>
      </trkpt>
      <trkpt lat="40.40298837237060070037841796875" lon="116.68413081206381320953369140625">
        <ele>83.59999847412109375</ele>
        <time>2026-08-27T14:20:22.000Z</time>
        <extensions>
          <ns3:TrackPointExtension>
            <ns3:hr>182</ns3:hr>
            <ns3:cad>87</ns3:cad>
          </ns3:TrackPointExtension>
        </extensions>
      </trkpt>
      <trkpt lat="40.4029899649322032928466796875" lon="116.6841764934360980987548828125">
        <ele>83.59999847412109375</ele>
        <time>2026-08-27T14:20:23.000Z</time>
        <extensions>
          <ns3:TrackPointExtension>
            <ns3:hr>183</ns3:hr>
            <ns3:cad>87</ns3:cad>
          </ns3:TrackPointExtension>
        </extensions>
      </trkpt>
      <trkpt lat="40.40299206040799617767333984375" lon="116.684221588075160980224609375">
        <ele>83.40000152587890625</ele>
        <time>2026-08-27T14:20:24.000Z</time>
        <extensions>
          <ns3:TrackPointExtension>
            <ns3:hr>183</ns3:hr>
            <ns3:cad>87</ns3:cad>
          </ns3:TrackPointExtension>
        </extensions>
      </trkpt>
      <trkpt lat="40.4030016995966434478759765625" lon="116.684263832867145538330078125">
        <ele>83.40000152587890625</ele>
        <time>2026-08-27T14:20:25.000Z</time>
        <extensions>
          <ns3:TrackPointExtension>
            <ns3:hr>182</ns3:hr>
            <ns3:cad>86</ns3:cad>
          </ns3:TrackPointExtension>
        </extensions>
      </trkpt>
      <trkpt lat="40.40301267988979816436767578125" lon="116.68430934660136699676513671875">
        <ele>83.59999847412109375</ele>
        <time>2026-08-27T14:20:26.000Z</time>
        <extensions>
          <ns3:TrackPointExtension>
            <ns3:hr>184</ns3:hr>
            <ns3:cad>86</ns3:cad>
          </ns3:TrackPointExtension>
        </extensions>
      </trkpt>
      <trkpt lat="40.403030700981616973876953125" lon="116.684340946376323699951171875">
        <ele>83.59999847412109375</ele>
        <time>2026-08-27T14:20:27.000Z</time>
        <extensions>
          <ns3:TrackPointExtension>
            <ns3:hr>185</ns3:hr>
            <ns3:cad>87</ns3:cad>
          </ns3:TrackPointExtension>
        </extensions>
      </trkpt>
      <trkpt lat="40.403049476444721221923828125" lon="116.68438511900603771209716796875">
        <ele>83.59999847412109375</ele>
        <time>2026-08-27T14:20:28.000Z</time>
        <extensions>
          <ns3:TrackPointExtension>
            <ns3:hr>184</ns3:hr>
            <ns3:cad>87</ns3:cad>
          </ns3:TrackPointExtension>
        </extensions>
      </trkpt>
      <trkpt lat="40.4030679166316986083984375" lon="116.684411354362964630126953125">
        <ele>83.59999847412109375</ele>
        <time>2026-08-27T14:20:29.000Z</time>
        <extensions>
          <ns3:TrackPointExtension>
            <ns3:hr>184</ns3:hr>
            <ns3:cad>88</ns3:cad>
          </ns3:TrackPointExtension>
        </extensions>
      </trkpt>
      <trkpt lat="40.40309146977961063385009765625" lon="116.68444949202239513397216796875">
        <ele>83.59999847412109375</ele>
        <time>2026-08-27T14:20:30.000Z</time>
        <extensions>
          <ns3:TrackPointExtension>
            <ns3:hr>184</ns3:hr>
            <ns3:cad>87</ns3:cad>
          </ns3:TrackPointExtension>
        </extensions>
      </trkpt>
      <trkpt lat="40.40311686694622039794921875" lon="116.68447245843708515167236328125">
        <ele>83.59999847412109375</ele>
        <time>2026-08-27T14:20:31.000Z</time>
        <extensions>
          <ns3:TrackPointExtension>
            <ns3:hr>184</ns3:hr>
            <ns3:cad>87</ns3:cad>
          </ns3:TrackPointExtension>
        </extensions>
      </trkpt>
      <trkpt lat="40.40314813144505023956298828125" lon="116.684502549469470977783203125">
        <ele>83.59999847412109375</ele>
        <time>2026-08-27T14:20:32.000Z</time>
        <extensions>
          <ns3:TrackPointExtension>
            <ns3:hr>184</ns3:hr>
            <ns3:cad>87</ns3:cad>
          </ns3:TrackPointExtension>
        </extensions>
      </trkpt>
      <trkpt lat="40.403176210820674896240234375" lon="116.6845241747796535491943359375">
        <ele>83.59999847412109375</ele>
        <time>2026-08-27T14:20:33.000Z</time>
        <extensions>
          <ns3:TrackPointExtension>
            <ns3:hr>185</ns3:hr>
            <ns3:cad>87</ns3:cad>
          </ns3:TrackPointExtension>
        </extensions>
      </trkpt>
      <trkpt lat="40.40320806205272674560546875" lon="116.68454085476696491241455078125">
        <ele>83.59999847412109375</ele>
        <time>2026-08-27T14:20:34.000Z</time>
        <extensions>
          <ns3:TrackPointExtension>
            <ns3:hr>185</ns3:hr>
            <ns3:cad>86</ns3:cad>
          </ns3:TrackPointExtension>
        </extensions>
      </trkpt>
      <trkpt lat="40.4032420925796031951904296875" lon="116.68455518782138824462890625">
        <ele>83.59999847412109375</ele>
        <time>2026-08-27T14:20:35.000Z</time>
        <extensions>
          <ns3:TrackPointExtension>
            <ns3:hr>183</ns3:hr>
            <ns3:cad>86</ns3:cad>
          </ns3:TrackPointExtension>
        </extensions>
      </trkpt>
      <trkpt lat="40.40327168069779872894287109375" lon="116.6845580376684665679931640625">
        <ele>83.59999847412109375</ele>
        <time>2026-08-27T14:20:36.000Z</time>
        <extensions>
          <ns3:TrackPointExtension>
            <ns3:hr>183</ns3:hr>
            <ns3:cad>86</ns3:cad>
          </ns3:TrackPointExtension>
        </extensions>
      </trkpt>
      <trkpt lat="40.40330822579562664031982421875" lon="116.684564240276813507080078125">
        <ele>83.8000030517578125</ele>
        <time>2026-08-27T14:20:37.000Z</time>
        <extensions>
          <ns3:TrackPointExtension>
            <ns3:hr>184</ns3:hr>
            <ns3:cad>87</ns3:cad>
          </ns3:TrackPointExtension>
        </extensions>
      </trkpt>
      <trkpt lat="40.4033396579325199127197265625" lon="116.68455728329718112945556640625">
        <ele>83.8000030517578125</ele>
        <time>2026-08-27T14:20:38.000Z</time>
        <extensions>
          <ns3:TrackPointExtension>
            <ns3:hr>185</ns3:hr>
            <ns3:cad>88</ns3:cad>
          </ns3:TrackPointExtension>
        </extensions>
      </trkpt>
      <trkpt lat="40.40337813086807727813720703125" lon="116.68456264771521091461181640625">
        <ele>83.8000030517578125</ele>
        <time>2026-08-27T14:20:39.000Z</time>
        <extensions>
          <ns3:TrackPointExtension>
            <ns3:hr>185</ns3:hr>
            <ns3:cad>88</ns3:cad>
          </ns3:TrackPointExtension>
        </extensions>
      </trkpt>
      <trkpt lat="40.403409898281097412109375" lon="116.68456113897264003753662109375">
        <ele>84</ele>
        <time>2026-08-27T14:20:40.000Z</time>
        <extensions>
          <ns3:TrackPointExtension>
            <ns3:hr>183</ns3:hr>
            <ns3:cad>87</ns3:cad>
          </ns3:TrackPointExtension>
        </extensions>
      </trkpt>
      <trkpt lat="40.40345071814954280853271484375" lon="116.6845692694187164306640625">
        <ele>84</ele>
        <time>2026-08-27T14:20:41.000Z</time>
        <extensions>
          <ns3:TrackPointExtension>
            <ns3:hr>183</ns3:hr>
            <ns3:cad>87</ns3:cad>
          </ns3:TrackPointExtension>
        </extensions>
      </trkpt>
      <trkpt lat="40.4034787975251674652099609375" lon="116.68456449173390865325927734375">
        <ele>84</ele>
        <time>2026-08-27T14:20:42.000Z</time>
        <extensions>
          <ns3:TrackPointExtension>
            <ns3:hr>182</ns3:hr>
            <ns3:cad>86</ns3:cad>
          </ns3:TrackPointExtension>
        </extensions>
      </trkpt>
      <trkpt lat="40.40351458825170993804931640625" lon="116.68456532992422580718994140625">
        <ele>84.1999969482421875</ele>
        <time>2026-08-27T14:20:43.000Z</time>
        <extensions>
          <ns3:TrackPointExtension>
            <ns3:hr>183</ns3:hr>
            <ns3:cad>86</ns3:cad>
          </ns3:TrackPointExtension>
        </extensions>
      </trkpt>
      <trkpt lat="40.40354610420763492584228515625" lon="116.68456600047647953033447265625">
        <ele>84.1999969482421875</ele>
        <time>2026-08-27T14:20:44.000Z</time>
        <extensions>
          <ns3:TrackPointExtension>
            <ns3:hr>183</ns3:hr>
            <ns3:cad>86</ns3:cad>
          </ns3:TrackPointExtension>
        </extensions>
      </trkpt>
      <trkpt lat="40.4035817272961139678955078125" lon="116.68456868268549442291259765625">
        <ele>84</ele>
        <time>2026-08-27T14:20:45.000Z</time>
        <extensions>
          <ns3:TrackPointExtension>
            <ns3:hr>183</ns3:hr>
            <ns3:cad>86</ns3:cad>
          </ns3:TrackPointExtension>
        </extensions>
      </trkpt>
      <trkpt lat="40.40361667983233928680419921875" lon="116.68456784449517726898193359375">
        <ele>84</ele>
        <time>2026-08-27T14:20:46.000Z</time>
        <extensions>
          <ns3:TrackPointExtension>
            <ns3:hr>184</ns3:hr>
            <ns3:cad>86</ns3:cad>
          </ns3:TrackPointExtension>
        </extensions>
      </trkpt>
      <trkpt lat="40.403646938502788543701171875" lon="116.68456189334392547607421875">
        <ele>84</ele>
        <time>2026-08-27T14:20:47.000Z</time>
        <extensions>
          <ns3:TrackPointExtension>
            <ns3:hr>183</ns3:hr>
            <ns3:cad>86</ns3:cad>
          </ns3:TrackPointExtension>
        </extensions>
      </trkpt>
      <trkpt lat="40.403683818876743316650390625" lon="116.68456767685711383819580078125">
        <ele>84</ele>
        <time>2026-08-27T14:20:48.000Z</time>
        <extensions>
          <ns3:TrackPointExtension>
            <ns3:hr>182</ns3:hr>
            <ns3:cad>86</ns3:cad>
          </ns3:TrackPointExtension>
        </extensions>
      </trkpt>
      <trkpt lat="40.403711311519145965576171875" lon="116.6845593787729740142822265625">
        <ele>84</ele>
        <time>2026-08-27T14:20:49.000Z</time>
        <extensions>
          <ns3:TrackPointExtension>
            <ns3:hr>182</ns3:hr>
            <ns3:cad>87</ns3:cad>
          </ns3:TrackPointExtension>
        </extensions>
      </trkpt>
      <trkpt lat="40.40375146083533763885498046875" lon="116.68456415645778179168701171875">
        <ele>84</ele>
        <time>2026-08-27T14:20:50.000Z</time>
        <extensions>
          <ns3:TrackPointExtension>
            <ns3:hr>182</ns3:hr>
            <ns3:cad>87</ns3:cad>
          </ns3:TrackPointExtension>
        </extensions>
      </trkpt>
      <trkpt lat="40.40377761237323284149169921875" lon="116.68455694802105426788330078125">
        <ele>84</ele>
        <time>2026-08-27T14:20:51.000Z</time>
        <extensions>
          <ns3:TrackPointExtension>
            <ns3:hr>181</ns3:hr>
            <ns3:cad>87</ns3:cad>
          </ns3:TrackPointExtension>
        </extensions>
      </trkpt>
      <trkpt lat="40.4038167558610439300537109375" lon="116.684562899172306060791015625">
        <ele>84</ele>
        <time>2026-08-27T14:20:52.000Z</time>
        <extensions>
          <ns3:TrackPointExtension>
            <ns3:hr>182</ns3:hr>
            <ns3:cad>87</ns3:cad>
          </ns3:TrackPointExtension>
        </extensions>
      </trkpt>
      <trkpt lat="40.40385036729276180267333984375" lon="116.6845617257058620452880859375">
        <ele>84</ele>
        <time>2026-08-27T14:20:53.000Z</time>
        <extensions>
          <ns3:TrackPointExtension>
            <ns3:hr>183</ns3:hr>
            <ns3:cad>88</ns3:cad>
          </ns3:TrackPointExtension>
        </extensions>
      </trkpt>
      <trkpt lat="40.4038886725902557373046875" lon="116.684564910829067230224609375">
        <ele>84</ele>
        <time>2026-08-27T14:20:54.000Z</time>
        <extensions>
          <ns3:TrackPointExtension>
            <ns3:hr>183</ns3:hr>
            <ns3:cad>88</ns3:cad>
          </ns3:TrackPointExtension>
        </extensions>
      </trkpt>
      <trkpt lat="40.4039220325648784637451171875" lon="116.6845639050006866455078125">
        <ele>84</ele>
        <time>2026-08-27T14:20:55.000Z</time>
        <extensions>
          <ns3:TrackPointExtension>
            <ns3:hr>184</ns3:hr>
            <ns3:cad>88</ns3:cad>
          </ns3:TrackPointExtension>
        </extensions>
      </trkpt>
      <trkpt lat="40.40395799092948436737060546875" lon="116.68456030078232288360595703125">
        <ele>84</ele>
        <time>2026-08-27T14:20:56.000Z</time>
        <extensions>
          <ns3:TrackPointExtension>
            <ns3:hr>183</ns3:hr>
            <ns3:cad>88</ns3:cad>
          </ns3:TrackPointExtension>
        </extensions>
      </trkpt>
      <trkpt lat="40.40399386547505855560302734375" lon="116.68456600047647953033447265625">
        <ele>84</ele>
        <time>2026-08-27T14:20:57.000Z</time>
        <extensions>
          <ns3:TrackPointExtension>
            <ns3:hr>183</ns3:hr>
            <ns3:cad>88</ns3:cad>
          </ns3:TrackPointExtension>
        </extensions>
      </trkpt>
      <trkpt lat="40.4040232859551906585693359375" lon="116.68456030078232288360595703125">
        <ele>83.8000030517578125</ele>
        <time>2026-08-27T14:20:58.000Z</time>
        <extensions>
          <ns3:TrackPointExtension>
            <ns3:hr>182</ns3:hr>
            <ns3:cad>87</ns3:cad>
          </ns3:TrackPointExtension>
        </extensions>
      </trkpt>
      <trkpt lat="40.40406460873782634735107421875" lon="116.68456734158098697662353515625">
        <ele>83.8000030517578125</ele>
        <time>2026-08-27T14:20:59.000Z</time>
        <extensions>
          <ns3:TrackPointExtension>
            <ns3:hr>183</ns3:hr>
            <ns3:cad>86</ns3:cad>
          </ns3:TrackPointExtension>
        </extensions>
      </trkpt>
      <trkpt lat="40.404094196856021881103515625" lon="116.68456055223941802978515625">
        <ele>83.8000030517578125</ele>
        <time>2026-08-27T14:21:00.000Z</time>
        <extensions>
          <ns3:TrackPointExtension>
            <ns3:hr>184</ns3:hr>
            <ns3:cad>86</ns3:cad>
          </ns3:TrackPointExtension>
        </extensions>
      </trkpt>
      <trkpt lat="40.40413468144834041595458984375" lon="116.68455912731587886810302734375">
        <ele>83.8000030517578125</ele>
        <time>2026-08-27T14:21:01.000Z</time>
        <extensions>
          <ns3:TrackPointExtension>
            <ns3:hr>183</ns3:hr>
            <ns3:cad>86</ns3:cad>
          </ns3:TrackPointExtension>
        </extensions>
      </trkpt>
      <trkpt lat="40.40416401810944080352783203125" lon="116.684552170336246490478515625">
        <ele>83.8000030517578125</ele>
        <time>2026-08-27T14:21:02.000Z</time>
        <extensions>
          <ns3:TrackPointExtension>
            <ns3:hr>184</ns3:hr>
            <ns3:cad>86</ns3:cad>
          </ns3:TrackPointExtension>
        </extensions>
      </trkpt>
      <trkpt lat="40.40420039556920528411865234375" lon="116.6845385916531085968017578125">
        <ele>83.8000030517578125</ele>
        <time>2026-08-27T14:21:03.000Z</time>
        <extensions>
          <ns3:TrackPointExtension>
            <ns3:hr>184</ns3:hr>
            <ns3:cad>86</ns3:cad>
          </ns3:TrackPointExtension>
        </extensions>
      </trkpt>
      <trkpt lat="40.4042338393628597259521484375" lon="116.68452300131320953369140625">
        <ele>84</ele>
        <time>2026-08-27T14:21:04.000Z</time>
        <extensions>
          <ns3:TrackPointExtension>
            <ns3:hr>183</ns3:hr>
            <ns3:cad>86</ns3:cad>
          </ns3:TrackPointExtension>
        </extensions>
      </trkpt>
      <trkpt lat="40.40426057763397693634033203125" lon="116.68450347147881984710693359375">
        <ele>84</ele>
        <time>2026-08-27T14:21:05.000Z</time>
        <extensions>
          <ns3:TrackPointExtension>
            <ns3:hr>184</ns3:hr>
            <ns3:cad>86</ns3:cad>
          </ns3:TrackPointExtension>
        </extensions>
      </trkpt>
      <trkpt lat="40.4042935185134410858154296875" lon="116.68447933159768581390380859375">
        <ele>84</ele>
        <time>2026-08-27T14:21:06.000Z</time>
        <extensions>
          <ns3:TrackPointExtension>
            <ns3:hr>186</ns3:hr>
            <ns3:cad>86</ns3:cad>
          </ns3:TrackPointExtension>
        </extensions>
      </trkpt>
      <trkpt lat="40.404316149652004241943359375" lon="116.6844499111175537109375">
        <ele>84</ele>
        <time>2026-08-27T14:21:07.000Z</time>
        <extensions>
          <ns3:TrackPointExtension>
            <ns3:hr>185</ns3:hr>
            <ns3:cad>86</ns3:cad>
          </ns3:TrackPointExtension>
        </extensions>
      </trkpt>
      <trkpt lat="40.40434875525534152984619140625" lon="116.6844188980758190155029296875">
        <ele>84</ele>
        <time>2026-08-27T14:21:08.000Z</time>
        <extensions>
          <ns3:TrackPointExtension>
            <ns3:hr>185</ns3:hr>
            <ns3:cad>86</ns3:cad>
          </ns3:TrackPointExtension>
        </extensions>
      </trkpt>
      <trkpt lat="40.40436350740492343902587890625" lon="116.68438486754894256591796875">
        <ele>84</ele>
        <time>2026-08-27T14:21:09.000Z</time>
        <extensions>
          <ns3:TrackPointExtension>
            <ns3:hr>185</ns3:hr>
            <ns3:cad>86</ns3:cad>
          </ns3:TrackPointExtension>
        </extensions>
      </trkpt>
      <trkpt lat="40.404389239847660064697265625" lon="116.68434354476630687713623046875">
        <ele>84</ele>
        <time>2026-08-27T14:21:10.000Z</time>
        <extensions>
          <ns3:TrackPointExtension>
            <ns3:hr>185</ns3:hr>
            <ns3:cad>86</ns3:cad>
          </ns3:TrackPointExtension>
        </extensions>
      </trkpt>
      <trkpt lat="40.40440072305500507354736328125" lon="116.68430440127849578857421875">
        <ele>84.1999969482421875</ele>
        <time>2026-08-27T14:21:11.000Z</time>
        <extensions>
          <ns3:TrackPointExtension>
            <ns3:hr>187</ns3:hr>
            <ns3:cad>87</ns3:cad>
          </ns3:TrackPointExtension>
        </extensions>
      </trkpt>
      <trkpt lat="40.404418073594570159912109375" lon="116.684257127344608306884765625">
        <ele>84.1999969482421875</ele>
        <time>2026-08-27T14:21:12.000Z</time>
        <extensions>
          <ns3:TrackPointExtension>
            <ns3:hr>187</ns3:hr>
            <ns3:cad>87</ns3:cad>
          </ns3:TrackPointExtension>
        </extensions>
      </trkpt>
      <trkpt lat="40.404423438012599945068359375" lon="116.68421588838100433349609375">
        <ele>84.1999969482421875</ele>
        <time>2026-08-27T14:21:13.000Z</time>
        <extensions>
          <ns3:TrackPointExtension>
            <ns3:hr>185</ns3:hr>
            <ns3:cad>87</ns3:cad>
          </ns3:TrackPointExtension>
        </extensions>
      </trkpt>
      <trkpt lat="40.4044269584119319915771484375" lon="116.684172637760639190673828125">
        <ele>84.1999969482421875</ele>
        <time>2026-08-27T14:21:14.000Z</time>
        <extensions>
          <ns3:TrackPointExtension>
            <ns3:hr>186</ns3:hr>
            <ns3:cad>87</ns3:cad>
          </ns3:TrackPointExtension>
        </extensions>
      </trkpt>
      <trkpt lat="40.40442846715450286865234375" lon="116.68412779457867145538330078125">
        <ele>84.1999969482421875</ele>
        <time>2026-08-27T14:21:15.000Z</time>
        <extensions>
          <ns3:TrackPointExtension>
            <ns3:hr>186</ns3:hr>
            <ns3:cad>86</ns3:cad>
          </ns3:TrackPointExtension>
        </extensions>
      </trkpt>
      <trkpt lat="40.4044219292700290679931640625" lon="116.68408605270087718963623046875">
        <ele>84</ele>
        <time>2026-08-27T14:21:16.000Z</time>
        <extensions>
          <ns3:TrackPointExtension>
            <ns3:hr>187</ns3:hr>
            <ns3:cad>86</ns3:cad>
          </ns3:TrackPointExtension>
        </extensions>
      </trkpt>
      <trkpt lat="40.40441832505166530609130859375" lon="116.684035174548625946044921875">
        <ele>84</ele>
        <time>2026-08-27T14:21:17.000Z</time>
        <extensions>
          <ns3:TrackPointExtension>
            <ns3:hr>186</ns3:hr>
            <ns3:cad>87</ns3:cad>
          </ns3:TrackPointExtension>
        </extensions>
      </trkpt>
      <trkpt lat="40.4044036567211151123046875" lon="116.68399468995630741119384765625">
        <ele>84</ele>
        <time>2026-08-27T14:21:18.000Z</time>
        <extensions>
          <ns3:TrackPointExtension>
            <ns3:hr>185</ns3:hr>
            <ns3:cad>87</ns3:cad>
          </ns3:TrackPointExtension>
        </extensions>
      </trkpt>
      <trkpt lat="40.4043890722095966339111328125" lon="116.6839421354234218597412109375">
        <ele>84</ele>
        <time>2026-08-27T14:21:19.000Z</time>
        <extensions>
          <ns3:TrackPointExtension>
            <ns3:hr>186</ns3:hr>
            <ns3:cad>87</ns3:cad>
          </ns3:TrackPointExtension>
        </extensions>
      </trkpt>
      <trkpt lat="40.404369793832302093505859375" lon="116.6839059256017208099365234375">
        <ele>84</ele>
        <time>2026-08-27T14:21:20.000Z</time>
        <extensions>
          <ns3:TrackPointExtension>
            <ns3:hr>187</ns3:hr>
            <ns3:cad>87</ns3:cad>
          </ns3:TrackPointExtension>
        </extensions>
      </trkpt>
      <trkpt lat="40.40434691123664379119873046875" lon="116.6838583163917064666748046875">
        <ele>84</ele>
        <time>2026-08-27T14:21:21.000Z</time>
        <extensions>
          <ns3:TrackPointExtension>
            <ns3:hr>187</ns3:hr>
            <ns3:cad>86</ns3:cad>
          </ns3:TrackPointExtension>
        </extensions>
      </trkpt>
      <trkpt lat="40.40432277135550975799560546875" lon="116.6838278062641620635986328125">
        <ele>84</ele>
        <time>2026-08-27T14:21:22.000Z</time>
        <extensions>
          <ns3:TrackPointExtension>
            <ns3:hr>188</ns3:hr>
            <ns3:cad>86</ns3:cad>
          </ns3:TrackPointExtension>
        </extensions>
      </trkpt>
      <trkpt lat="40.40429326705634593963623046875" lon="116.68378648348152637481689453125">
        <ele>84</ele>
        <time>2026-08-27T14:21:23.000Z</time>
        <extensions>
          <ns3:TrackPointExtension>
            <ns3:hr>187</ns3:hr>
            <ns3:cad>86</ns3:cad>
          </ns3:TrackPointExtension>
        </extensions>
      </trkpt>
      <trkpt lat="40.4042663611471652984619140625" lon="116.6837641038000583648681640625">
        <ele>84</ele>
        <time>2026-08-27T14:21:24.000Z</time>
        <extensions>
          <ns3:TrackPointExtension>
            <ns3:hr>186</ns3:hr>
            <ns3:cad>87</ns3:cad>
          </ns3:TrackPointExtension>
        </extensions>
      </trkpt>
      <trkpt lat="40.4042294807732105255126953125" lon="116.68373216874897480010986328125">
        <ele>84</ele>
        <time>2026-08-27T14:21:25.000Z</time>
        <extensions>
          <ns3:TrackPointExtension>
            <ns3:hr>187</ns3:hr>
            <ns3:cad>88</ns3:cad>
          </ns3:TrackPointExtension>
        </extensions>
      </trkpt>
      <trkpt lat="40.40420073084533214569091796875" lon="116.6837164945900440216064453125">
        <ele>84</ele>
        <time>2026-08-27T14:21:26.000Z</time>
        <extensions>
          <ns3:TrackPointExtension>
            <ns3:hr>186</ns3:hr>
            <ns3:cad>89</ns3:cad>
          </ns3:TrackPointExtension>
        </extensions>
      </trkpt>
      <trkpt lat="40.40415932424366474151611328125" lon="116.68369914405047893524169921875">
        <ele>84</ele>
        <time>2026-08-27T14:21:27.000Z</time>
        <extensions>
          <ns3:TrackPointExtension>
            <ns3:hr>187</ns3:hr>
            <ns3:cad>89</ns3:cad>
          </ns3:TrackPointExtension>
        </extensions>
      </trkpt>
      <trkpt lat="40.40412269532680511474609375" lon="116.68369260616600513458251953125">
        <ele>83.8000030517578125</ele>
        <time>2026-08-27T14:21:28.000Z</time>
        <extensions>
          <ns3:TrackPointExtension>
            <ns3:hr>188</ns3:hr>
            <ns3:cad>89</ns3:cad>
          </ns3:TrackPointExtension>
        </extensions>
      </trkpt>
      <trkpt lat="40.4040843062102794647216796875" lon="116.6836886666715145111083984375">
        <ele>83.8000030517578125</ele>
        <time>2026-08-27T14:21:29.000Z</time>
        <extensions>
          <ns3:TrackPointExtension>
            <ns3:hr>187</ns3:hr>
            <ns3:cad>89</ns3:cad>
          </ns3:TrackPointExtension>
        </extensions>
      </trkpt>
      <trkpt lat="40.40404784493148326873779296875" lon="116.68368388898670673370361328125">
        <ele>83.59999847412109375</ele>
        <time>2026-08-27T14:21:30.000Z</time>
        <extensions>
          <ns3:TrackPointExtension>
            <ns3:hr>187</ns3:hr>
            <ns3:cad>89</ns3:cad>
          </ns3:TrackPointExtension>
        </extensions>
      </trkpt>
      <trkpt lat="40.4040085338056087493896484375" lon="116.6836839728057384490966796875">
        <ele>83.59999847412109375</ele>
        <time>2026-08-27T14:21:31.000Z</time>
        <extensions>
          <ns3:TrackPointExtension>
            <ns3:hr>188</ns3:hr>
            <ns3:cad>88</ns3:cad>
          </ns3:TrackPointExtension>
        </extensions>
      </trkpt>
      <trkpt lat="40.403969474136829376220703125" lon="116.68368221260607242584228515625">
        <ele>83.59999847412109375</ele>
        <time>2026-08-27T14:21:32.000Z</time>
        <extensions>
          <ns3:TrackPointExtension>
            <ns3:hr>188</ns3:hr>
            <ns3:cad>86</ns3:cad>
          </ns3:TrackPointExtension>
        </extensions>
      </trkpt>
      <trkpt lat="40.40392982773482799530029296875" lon="116.6836869902908802032470703125">
        <ele>83.59999847412109375</ele>
        <time>2026-08-27T14:21:33.000Z</time>
        <extensions>
          <ns3:TrackPointExtension>
            <ns3:hr>189</ns3:hr>
            <ns3:cad>86</ns3:cad>
          </ns3:TrackPointExtension>
        </extensions>
      </trkpt>
      <trkpt lat="40.40388624183833599090576171875" lon="116.6836873255670070648193359375">
        <ele>83.8000030517578125</ele>
        <time>2026-08-27T14:21:34.000Z</time>
        <extensions>
          <ns3:TrackPointExtension>
            <ns3:hr>189</ns3:hr>
            <ns3:cad>87</ns3:cad>
          </ns3:TrackPointExtension>
        </extensions>
      </trkpt>
      <trkpt lat="40.40385170839726924896240234375" lon="116.6836910136044025421142578125">
        <ele>83.8000030517578125</ele>
        <time>2026-08-27T14:21:35.000Z</time>
        <extensions>
          <ns3:TrackPointExtension>
            <ns3:hr>188</ns3:hr>
            <ns3:cad>88</ns3:cad>
          </ns3:TrackPointExtension>
        </extensions>
      </trkpt>
      <trkpt lat="40.40380996651947498321533203125" lon="116.6836896724998950958251953125">
        <ele>83.8000030517578125</ele>
        <time>2026-08-27T14:21:36.000Z</time>
        <extensions>
          <ns3:TrackPointExtension>
            <ns3:hr>188</ns3:hr>
            <ns3:cad>89</ns3:cad>
          </ns3:TrackPointExtension>
        </extensions>
      </trkpt>
      <trkpt lat="40.4037748463451862335205078125" lon="116.6836943663656711578369140625">
        <ele>83.8000030517578125</ele>
        <time>2026-08-27T14:21:37.000Z</time>
        <extensions>
          <ns3:TrackPointExtension>
            <ns3:hr>189</ns3:hr>
            <ns3:cad>89</ns3:cad>
          </ns3:TrackPointExtension>
        </extensions>
      </trkpt>
      <trkpt lat="40.40373151190578937530517578125" lon="116.68368975631892681121826171875">
        <ele>83.59999847412109375</ele>
        <time>2026-08-27T14:21:38.000Z</time>
        <extensions>
          <ns3:TrackPointExtension>
            <ns3:hr>190</ns3:hr>
            <ns3:cad>89</ns3:cad>
          </ns3:TrackPointExtension>
        </extensions>
      </trkpt>
      <trkpt lat="40.403697229921817779541015625" lon="116.68369009159505367279052734375">
        <ele>83.59999847412109375</ele>
        <time>2026-08-27T14:21:39.000Z</time>
        <extensions>
          <ns3:TrackPointExtension>
            <ns3:hr>190</ns3:hr>
            <ns3:cad>88</ns3:cad>
          </ns3:TrackPointExtension>
        </extensions>
      </trkpt>
      <trkpt lat="40.40365255437791347503662109375" lon="116.683685481548309326171875">
        <ele>83.59999847412109375</ele>
        <time>2026-08-27T14:21:40.000Z</time>
        <extensions>
          <ns3:TrackPointExtension>
            <ns3:hr>189</ns3:hr>
            <ns3:cad>88</ns3:cad>
          </ns3:TrackPointExtension>
        </extensions>
      </trkpt>
      <trkpt lat="40.403616093099117279052734375" lon="116.6836866550147533416748046875">
        <ele>83.59999847412109375</ele>
        <time>2026-08-27T14:21:41.000Z</time>
        <extensions>
          <ns3:TrackPointExtension>
            <ns3:hr>190</ns3:hr>
            <ns3:cad>87</ns3:cad>
          </ns3:TrackPointExtension>
        </extensions>
      </trkpt>
      <trkpt lat="40.4035713337361812591552734375" lon="116.68367944657802581787109375">
        <ele>83.59999847412109375</ele>
        <time>2026-08-27T14:21:42.000Z</time>
        <extensions>
          <ns3:TrackPointExtension>
            <ns3:hr>190</ns3:hr>
            <ns3:cad>87</ns3:cad>
          </ns3:TrackPointExtension>
        </extensions>
      </trkpt>
      <trkpt lat="40.4035346210002899169921875" lon="116.6836866550147533416748046875">
        <ele>83.59999847412109375</ele>
        <time>2026-08-27T14:21:43.000Z</time>
        <extensions>
          <ns3:TrackPointExtension>
            <ns3:hr>191</ns3:hr>
            <ns3:cad>88</ns3:cad>
          </ns3:TrackPointExtension>
        </extensions>
      </trkpt>
      <trkpt lat="40.40349346585571765899658203125" lon="116.68368455953896045684814453125">
        <ele>83.59999847412109375</ele>
        <time>2026-08-27T14:21:44.000Z</time>
        <extensions>
          <ns3:TrackPointExtension>
            <ns3:hr>190</ns3:hr>
            <ns3:cad>89</ns3:cad>
          </ns3:TrackPointExtension>
        </extensions>
      </trkpt>
      <trkpt lat="40.40345658548176288604736328125" lon="116.68368816375732421875">
        <ele>83.59999847412109375</ele>
        <time>2026-08-27T14:21:45.000Z</time>
        <extensions>
          <ns3:TrackPointExtension>
            <ns3:hr>190</ns3:hr>
            <ns3:cad>89</ns3:cad>
          </ns3:TrackPointExtension>
        </extensions>
      </trkpt>
      <trkpt lat="40.403413586318492889404296875" lon="116.68367969803512096405029296875">
        <ele>83.40000152587890625</ele>
        <time>2026-08-27T14:21:46.000Z</time>
        <extensions>
          <ns3:TrackPointExtension>
            <ns3:hr>191</ns3:hr>
            <ns3:cad>89</ns3:cad>
          </ns3:TrackPointExtension>
        </extensions>
      </trkpt>
      <trkpt lat="40.403376035392284393310546875" lon="116.6836809553205966949462890625">
        <ele>83.40000152587890625</ele>
        <time>2026-08-27T14:21:47.000Z</time>
        <extensions>
          <ns3:TrackPointExtension>
            <ns3:hr>191</ns3:hr>
            <ns3:cad>89</ns3:cad>
          </ns3:TrackPointExtension>
        </extensions>
      </trkpt>
      <trkpt lat="40.40333152748644351959228515625" lon="116.6836779378354549407958984375">
        <ele>83.40000152587890625</ele>
        <time>2026-08-27T14:21:48.000Z</time>
        <extensions>
          <ns3:TrackPointExtension>
            <ns3:hr>192</ns3:hr>
            <ns3:cad>89</ns3:cad>
          </ns3:TrackPointExtension>
        </extensions>
      </trkpt>
      <trkpt lat="40.40329657495021820068359375" lon="116.6836853139102458953857421875">
        <ele>83.1999969482421875</ele>
        <time>2026-08-27T14:21:49.000Z</time>
        <extensions>
          <ns3:TrackPointExtension>
            <ns3:hr>192</ns3:hr>
            <ns3:cad>89</ns3:cad>
          </ns3:TrackPointExtension>
        </extensions>
      </trkpt>
      <trkpt lat="40.40324963629245758056640625" lon="116.6836895048618316650390625">
        <ele>83.1999969482421875</ele>
        <time>2026-08-27T14:21:50.000Z</time>
        <extensions>
          <ns3:TrackPointExtension>
            <ns3:hr>192</ns3:hr>
            <ns3:cad>89</ns3:cad>
          </ns3:TrackPointExtension>
        </extensions>
      </trkpt>
      <trkpt lat="40.4032139293849468231201171875" lon="116.68370920233428478240966796875">
        <ele>83.1999969482421875</ele>
        <time>2026-08-27T14:21:51.000Z</time>
        <extensions>
          <ns3:TrackPointExtension>
            <ns3:hr>191</ns3:hr>
            <ns3:cad>90</ns3:cad>
          </ns3:TrackPointExtension>
        </extensions>
      </trkpt>
      <trkpt lat="40.4031673260033130645751953125" lon="116.68373133055865764617919921875">
        <ele>83.1999969482421875</ele>
        <time>2026-08-27T14:21:52.000Z</time>
        <extensions>
          <ns3:TrackPointExtension>
            <ns3:hr>192</ns3:hr>
            <ns3:cad>89</ns3:cad>
          </ns3:TrackPointExtension>
        </extensions>
      </trkpt>
      <trkpt lat="40.40313698351383209228515625" lon="116.68375982902944087982177734375">
        <ele>83.1999969482421875</ele>
        <time>2026-08-27T14:21:53.000Z</time>
        <extensions>
          <ns3:TrackPointExtension>
            <ns3:hr>193</ns3:hr>
            <ns3:cad>89</ns3:cad>
          </ns3:TrackPointExtension>
        </extensions>
      </trkpt>
      <trkpt lat="40.403099097311496734619140625" lon="116.683791093528270721435546875">
        <ele>83.1999969482421875</ele>
        <time>2026-08-27T14:21:54.000Z</time>
        <extensions>
          <ns3:TrackPointExtension>
            <ns3:hr>192</ns3:hr>
            <ns3:cad>89</ns3:cad>
          </ns3:TrackPointExtension>
        </extensions>
      </trkpt>
      <trkpt lat="40.4030714370310306549072265625" lon="116.6838284768164157867431640625">
        <ele>83.1999969482421875</ele>
        <time>2026-08-27T14:21:55.000Z</time>
        <extensions>
          <ns3:TrackPointExtension>
            <ns3:hr>192</ns3:hr>
            <ns3:cad>89</ns3:cad>
          </ns3:TrackPointExtension>
        </extensions>
      </trkpt>
      <trkpt lat="40.40304050780832767486572265625" lon="116.6838723979890346527099609375">
        <ele>83.40000152587890625</ele>
        <time>2026-08-27T14:21:56.000Z</time>
        <extensions>
          <ns3:TrackPointExtension>
            <ns3:hr>191</ns3:hr>
            <ns3:cad>88</ns3:cad>
          </ns3:TrackPointExtension>
        </extensions>
      </trkpt>
      <trkpt lat="40.40302659384906291961669921875" lon="116.683912463486194610595703125">
        <ele>83.40000152587890625</ele>
        <time>2026-08-27T14:21:57.000Z</time>
        <extensions>
          <ns3:TrackPointExtension>
            <ns3:hr>192</ns3:hr>
            <ns3:cad>88</ns3:cad>
          </ns3:TrackPointExtension>
        </extensions>
      </trkpt>
      <trkpt lat="40.40300547145307064056396484375" lon="116.68396585620939731597900390625">
        <ele>83.40000152587890625</ele>
        <time>2026-08-27T14:21:58.000Z</time>
        <extensions>
          <ns3:TrackPointExtension>
            <ns3:hr>193</ns3:hr>
            <ns3:cad>88</ns3:cad>
          </ns3:TrackPointExtension>
        </extensions>
      </trkpt>
      <trkpt lat="40.40299759246408939361572265625" lon="116.68400960974395275115966796875">
        <ele>83.40000152587890625</ele>
        <time>2026-08-27T14:21:59.000Z</time>
        <extensions>
          <ns3:TrackPointExtension>
            <ns3:hr>192</ns3:hr>
            <ns3:cad>89</ns3:cad>
          </ns3:TrackPointExtension>
        </extensions>
      </trkpt>
      <trkpt lat="40.4029856063425540924072265625" lon="116.6840611584484577178955078125">
        <ele>83.40000152587890625</ele>
        <time>2026-08-27T14:22:00.000Z</time>
        <extensions>
          <ns3:TrackPointExtension>
            <ns3:hr>192</ns3:hr>
            <ns3:cad>90</ns3:cad>
          </ns3:TrackPointExtension>
        </extensions>
      </trkpt>
      <trkpt lat="40.40298887528479099273681640625" lon="116.6841079294681549072265625">
        <ele>83.40000152587890625</ele>
        <time>2026-08-27T14:22:01.000Z</time>
        <extensions>
          <ns3:TrackPointExtension>
            <ns3:hr>192</ns3:hr>
            <ns3:cad>91</ns3:cad>
          </ns3:TrackPointExtension>
        </extensions>
      </trkpt>
      <trkpt lat="40.402990467846393585205078125" lon="116.68416635133326053619384765625">
        <ele>83.1999969482421875</ele>
        <time>2026-08-27T14:22:02.000Z</time>
        <extensions>
          <ns3:TrackPointExtension>
            <ns3:hr>193</ns3:hr>
            <ns3:cad>91</ns3:cad>
          </ns3:TrackPointExtension>
        </extensions>
      </trkpt>
      <trkpt lat="40.402996838092803955078125" lon="116.6842110268771648406982421875">
        <ele>83.1999969482421875</ele>
        <time>2026-08-27T14:22:03.000Z</time>
        <extensions>
          <ns3:TrackPointExtension>
            <ns3:hr>193</ns3:hr>
            <ns3:cad>91</ns3:cad>
          </ns3:TrackPointExtension>
        </extensions>
      </trkpt>
      <trkpt lat="40.4030073992908000946044921875" lon="116.6842616535723209381103515625">
        <ele>83.1999969482421875</ele>
        <time>2026-08-27T14:22:04.000Z</time>
        <extensions>
          <ns3:TrackPointExtension>
            <ns3:hr>192</ns3:hr>
            <ns3:cad>91</ns3:cad>
          </ns3:TrackPointExtension>
        </extensions>
      </trkpt>
      <trkpt lat="40.403021313250064849853515625" lon="116.684308089315891265869140625">
        <ele>83</ele>
        <time>2026-08-27T14:22:05.000Z</time>
        <extensions>
          <ns3:TrackPointExtension>
            <ns3:hr>192</ns3:hr>
            <ns3:cad>90</ns3:cad>
          </ns3:TrackPointExtension>
        </extensions>
      </trkpt>
      <trkpt lat="40.40304201655089855194091796875" lon="116.68435377068817615509033203125">
        <ele>83.1999969482421875</ele>
        <time>2026-08-27T14:22:06.000Z</time>
        <extensions>
          <ns3:TrackPointExtension>
            <ns3:hr>193</ns3:hr>
            <ns3:cad>88</ns3:cad>
          </ns3:TrackPointExtension>
        </extensions>
      </trkpt>
      <trkpt lat="40.4030660726130008697509765625" lon="116.6844004578888416290283203125">
        <ele>83.1999969482421875</ele>
        <time>2026-08-27T14:22:07.000Z</time>
        <extensions>
          <ns3:TrackPointExtension>
            <ns3:hr>192</ns3:hr>
            <ns3:cad>88</ns3:cad>
          </ns3:TrackPointExtension>
        </extensions>
      </trkpt>
      <trkpt lat="40.40309465490281581878662109375" lon="116.68443658389151096343994140625">
        <ele>83.40000152587890625</ele>
        <time>2026-08-27T14:22:08.000Z</time>
        <extensions>
          <ns3:TrackPointExtension>
            <ns3:hr>193</ns3:hr>
            <ns3:cad>88</ns3:cad>
          </ns3:TrackPointExtension>
        </extensions>
      </trkpt>
      <trkpt lat="40.403125584125518798828125" lon="116.6844732128083705902099609375">
        <ele>83.40000152587890625</ele>
        <time>2026-08-27T14:22:09.000Z</time>
        <extensions>
          <ns3:TrackPointExtension>
            <ns3:hr>193</ns3:hr>
            <ns3:cad>88</ns3:cad>
          </ns3:TrackPointExtension>
        </extensions>
      </trkpt>
      <trkpt lat="40.40315986610949039459228515625" lon="116.68449760414659976959228515625">
        <ele>83.40000152587890625</ele>
        <time>2026-08-27T14:22:10.000Z</time>
        <extensions>
          <ns3:TrackPointExtension>
            <ns3:hr>194</ns3:hr>
            <ns3:cad>88</ns3:cad>
          </ns3:TrackPointExtension>
        </extensions>
      </trkpt>
      <trkpt lat="40.4031939804553985595703125" lon="116.68452224694192409515380859375">
        <ele>83.59999847412109375</ele>
        <time>2026-08-27T14:22:11.000Z</time>
        <extensions>
          <ns3:TrackPointExtension>
            <ns3:hr>193</ns3:hr>
            <ns3:cad>89</ns3:cad>
          </ns3:TrackPointExtension>
        </extensions>
      </trkpt>
      <trkpt lat="40.403232537209987640380859375" lon="116.68453481979668140411376953125">
        <ele>83.59999847412109375</ele>
        <time>2026-08-27T14:22:12.000Z</time>
        <extensions>
          <ns3:TrackPointExtension>
            <ns3:hr>193</ns3:hr>
            <ns3:cad>89</ns3:cad>
          </ns3:TrackPointExtension>
        </extensions>
      </trkpt>
      <trkpt lat="40.4032732732594013214111328125" lon="116.6845452971756458282470703125">
        <ele>83.59999847412109375</ele>
        <time>2026-08-27T14:22:13.000Z</time>
        <extensions>
          <ns3:TrackPointExtension>
            <ns3:hr>193</ns3:hr>
            <ns3:cad>89</ns3:cad>
          </ns3:TrackPointExtension>
        </extensions>
      </trkpt>
      <trkpt lat="40.40331057272851467132568359375" lon="116.6845483146607875823974609375">
        <ele>83.59999847412109375</ele>
        <time>2026-08-27T14:22:14.000Z</time>
        <extensions>
          <ns3:TrackPointExtension>
            <ns3:hr>193</ns3:hr>
            <ns3:cad>89</ns3:cad>
          </ns3:TrackPointExtension>
        </extensions>
      </trkpt>
      <trkpt lat="40.4033480398356914520263671875" lon="116.68455141596496105194091796875">
        <ele>83.59999847412109375</ele>
        <time>2026-08-27T14:22:15.000Z</time>
        <extensions>
          <ns3:TrackPointExtension>
            <ns3:hr>193</ns3:hr>
            <ns3:cad>89</ns3:cad>
          </ns3:TrackPointExtension>
        </extensions>
      </trkpt>
      <trkpt lat="40.40338450111448764801025390625" lon="116.68454705737531185150146484375">
        <ele>83.59999847412109375</ele>
        <time>2026-08-27T14:22:16.000Z</time>
        <extensions>
          <ns3:TrackPointExtension>
            <ns3:hr>192</ns3:hr>
            <ns3:cad>89</ns3:cad>
          </ns3:TrackPointExtension>
        </extensions>
      </trkpt>
      <trkpt lat="40.403425656259059906005859375" lon="116.6845516674220561981201171875">
        <ele>83.59999847412109375</ele>
        <time>2026-08-27T14:22:17.000Z</time>
        <extensions>
          <ns3:TrackPointExtension>
            <ns3:hr>193</ns3:hr>
            <ns3:cad>89</ns3:cad>
          </ns3:TrackPointExtension>
        </extensions>
      </trkpt>
      <trkpt lat="40.40346044115722179412841796875" lon="116.68454638682305812835693359375">
        <ele>83.59999847412109375</ele>
        <time>2026-08-27T14:22:18.000Z</time>
        <extensions>
          <ns3:TrackPointExtension>
            <ns3:hr>192</ns3:hr>
            <ns3:cad>89</ns3:cad>
          </ns3:TrackPointExtension>
        </extensions>
      </trkpt>
      <trkpt lat="40.40350268594920635223388671875" lon="116.68455325998365879058837890625">
        <ele>83.59999847412109375</ele>
        <time>2026-08-27T14:22:19.000Z</time>
        <extensions>
          <ns3:TrackPointExtension>
            <ns3:hr>193</ns3:hr>
            <ns3:cad>89</ns3:cad>
          </ns3:TrackPointExtension>
        </extensions>
      </trkpt>
      <trkpt lat="40.40353587828576564788818359375" lon="116.68454848229885101318359375">
        <ele>83.59999847412109375</ele>
        <time>2026-08-27T14:22:20.000Z</time>
        <extensions>
          <ns3:TrackPointExtension>
            <ns3:hr>192</ns3:hr>
            <ns3:cad>89</ns3:cad>
          </ns3:TrackPointExtension>
        </extensions>
      </trkpt>
      <trkpt lat="40.403579212725162506103515625" lon="116.6845523379743099212646484375">
        <ele>83.59999847412109375</ele>
        <time>2026-08-27T14:22:21.000Z</time>
        <extensions>
          <ns3:TrackPointExtension>
            <ns3:hr>192</ns3:hr>
            <ns3:cad>89</ns3:cad>
          </ns3:TrackPointExtension>
        </extensions>
      </trkpt>
      <trkpt lat="40.40361014194786548614501953125" lon="116.68454403989017009735107421875">
        <ele>83.59999847412109375</ele>
        <time>2026-08-27T14:22:22.000Z</time>
        <extensions>
          <ns3:TrackPointExtension>
            <ns3:hr>192</ns3:hr>
            <ns3:cad>89</ns3:cad>
          </ns3:TrackPointExtension>
        </extensions>
      </trkpt>
      <trkpt lat="40.4036538116633892059326171875" lon="116.68455074541270732879638671875">
        <ele>83.59999847412109375</ele>
        <time>2026-08-27T14:22:23.000Z</time>
        <extensions>
          <ns3:TrackPointExtension>
            <ns3:hr>193</ns3:hr>
            <ns3:cad>87</ns3:cad>
          </ns3:TrackPointExtension>
        </extensions>
      </trkpt>
      <trkpt lat="40.40368692018091678619384765625" lon="116.68454001657664775848388671875">
        <ele>83.59999847412109375</ele>
        <time>2026-08-27T14:22:24.000Z</time>
        <extensions>
          <ns3:TrackPointExtension>
            <ns3:hr>192</ns3:hr>
            <ns3:cad>87</ns3:cad>
          </ns3:TrackPointExtension>
        </extensions>
      </trkpt>
      <trkpt lat="40.40373134426772594451904296875" lon="116.684541441500186920166015625">
        <ele>83.59999847412109375</ele>
        <time>2026-08-27T14:22:25.000Z</time>
        <extensions>
          <ns3:TrackPointExtension>
            <ns3:hr>193</ns3:hr>
            <ns3:cad>87</ns3:cad>
          </ns3:TrackPointExtension>
        </extensions>
      </trkpt>
      <trkpt lat="40.4037641175091266632080078125" lon="116.6845345683395862579345703125">
        <ele>83.40000152587890625</ele>
        <time>2026-08-27T14:22:26.000Z</time>
        <extensions>
          <ns3:TrackPointExtension>
            <ns3:hr>192</ns3:hr>
            <ns3:cad>88</ns3:cad>
          </ns3:TrackPointExtension>
        </extensions>
      </trkpt>
      <trkpt lat="40.40381013415753841400146484375" lon="116.68454018421471118927001953125">
        <ele>83.40000152587890625</ele>
        <time>2026-08-27T14:22:27.000Z</time>
        <extensions>
          <ns3:TrackPointExtension>
            <ns3:hr>193</ns3:hr>
            <ns3:cad>88</ns3:cad>
          </ns3:TrackPointExtension>
        </extensions>
      </trkpt>
      <trkpt lat="40.403846092522144317626953125" lon="116.68453716672956943511962890625">
        <ele>83.59999847412109375</ele>
        <time>2026-08-27T14:22:28.000Z</time>
        <extensions>
          <ns3:TrackPointExtension>
            <ns3:hr>192</ns3:hr>
            <ns3:cad>88</ns3:cad>
          </ns3:TrackPointExtension>
        </extensions>
      </trkpt>
      <trkpt lat="40.4038891755044460296630859375" lon="116.68454756028950214385986328125">
        <ele>83.59999847412109375</ele>
        <time>2026-08-27T14:22:29.000Z</time>
        <extensions>
          <ns3:TrackPointExtension>
            <ns3:hr>192</ns3:hr>
            <ns3:cad>88</ns3:cad>
          </ns3:TrackPointExtension>
        </extensions>
      </trkpt>
      <trkpt lat="40.40392362512648105621337890625" lon="116.684538424015045166015625">
        <ele>83.8000030517578125</ele>
        <time>2026-08-27T14:22:30.000Z</time>
        <extensions>
          <ns3:TrackPointExtension>
            <ns3:hr>193</ns3:hr>
            <ns3:cad>89</ns3:cad>
          </ns3:TrackPointExtension>
        </extensions>
      </trkpt>
      <trkpt lat="40.40397006087005138397216796875" lon="116.6845439560711383819580078125">
        <ele>83.8000030517578125</ele>
        <time>2026-08-27T14:22:31.000Z</time>
        <extensions>
          <ns3:TrackPointExtension>
            <ns3:hr>193</ns3:hr>
            <ns3:cad>89</ns3:cad>
          </ns3:TrackPointExtension>
        </extensions>
      </trkpt>
      <trkpt lat="40.4040040075778961181640625" lon="116.68453951366245746612548828125">
        <ele>83.8000030517578125</ele>
        <time>2026-08-27T14:22:32.000Z</time>
        <extensions>
          <ns3:TrackPointExtension>
            <ns3:hr>195</ns3:hr>
            <ns3:cad>89</ns3:cad>
          </ns3:TrackPointExtension>
        </extensions>
      </trkpt>
      <trkpt lat="40.40404952131211757659912109375" lon="116.68454471044242382049560546875">
        <ele>83.8000030517578125</ele>
        <time>2026-08-27T14:22:33.000Z</time>
        <extensions>
          <ns3:TrackPointExtension>
            <ns3:hr>194</ns3:hr>
            <ns3:cad>89</ns3:cad>
          </ns3:TrackPointExtension>
        </extensions>
      </trkpt>
      <trkpt lat="40.4040817916393280029296875" lon="116.68454110622406005859375">
        <ele>83.59999847412109375</ele>
        <time>2026-08-27T14:22:34.000Z</time>
        <extensions>
          <ns3:TrackPointExtension>
            <ns3:hr>193</ns3:hr>
            <ns3:cad>89</ns3:cad>
          </ns3:TrackPointExtension>
        </extensions>
      </trkpt>
      <trkpt lat="40.40412797592580318450927734375" lon="116.68454336933791637420654296875">
        <ele>83.59999847412109375</ele>
        <time>2026-08-27T14:22:35.000Z</time>
        <extensions>
          <ns3:TrackPointExtension>
            <ns3:hr>193</ns3:hr>
            <ns3:cad>89</ns3:cad>
          </ns3:TrackPointExtension>
        </extensions>
      </trkpt>
      <trkpt lat="40.40415965951979160308837890625" lon="116.6845332272350788116455078125">
        <ele>83.59999847412109375</ele>
        <time>2026-08-27T14:22:36.000Z</time>
        <extensions>
          <ns3:TrackPointExtension>
            <ns3:hr>194</ns3:hr>
            <ns3:cad>89</ns3:cad>
          </ns3:TrackPointExtension>
        </extensions>
      </trkpt>
      <trkpt lat="40.40420240722596645355224609375" lon="116.68452358804643154144287109375">
        <ele>83.59999847412109375</ele>
        <time>2026-08-27T14:22:37.000Z</time>
        <extensions>
          <ns3:TrackPointExtension>
            <ns3:hr>193</ns3:hr>
            <ns3:cad>89</ns3:cad>
          </ns3:TrackPointExtension>
        </extensions>
      </trkpt>
      <trkpt lat="40.40422864258289337158203125" lon="116.6845057345926761627197265625">
        <ele>83.59999847412109375</ele>
        <time>2026-08-27T14:22:38.000Z</time>
        <extensions>
          <ns3:TrackPointExtension>
            <ns3:hr>194</ns3:hr>
            <ns3:cad>89</ns3:cad>
          </ns3:TrackPointExtension>
        </extensions>
      </trkpt>
      <trkpt lat="40.40426929481327533721923828125" lon="116.68448536656796932220458984375">
        <ele>83.59999847412109375</ele>
        <time>2026-08-27T14:22:39.000Z</time>
        <extensions>
          <ns3:TrackPointExtension>
            <ns3:hr>193</ns3:hr>
            <ns3:cad>89</ns3:cad>
          </ns3:TrackPointExtension>
        </extensions>
      </trkpt>
      <trkpt lat="40.40429309941828250885009765625" lon="116.68445636518299579620361328125">
        <ele>83.59999847412109375</ele>
        <time>2026-08-27T14:22:40.000Z</time>
        <extensions>
          <ns3:TrackPointExtension>
            <ns3:hr>193</ns3:hr>
            <ns3:cad>89</ns3:cad>
          </ns3:TrackPointExtension>
        </extensions>
      </trkpt>
      <trkpt lat="40.40432914160192012786865234375" lon="116.684424765408039093017578125">
        <ele>83.59999847412109375</ele>
        <time>2026-08-27T14:22:41.000Z</time>
        <extensions>
          <ns3:TrackPointExtension>
            <ns3:hr>194</ns3:hr>
            <ns3:cad>89</ns3:cad>
          </ns3:TrackPointExtension>
        </extensions>
      </trkpt>
      <trkpt lat="40.40434590540826320648193359375" lon="116.6843840293586254119873046875">
        <ele>83.59999847412109375</ele>
        <time>2026-08-27T14:22:42.000Z</time>
        <extensions>
          <ns3:TrackPointExtension>
            <ns3:hr>193</ns3:hr>
            <ns3:cad>89</ns3:cad>
          </ns3:TrackPointExtension>
        </extensions>
      </trkpt>
      <trkpt lat="40.40437348186969757080078125" lon="116.6843414492905139923095703125">
        <ele>83.59999847412109375</ele>
        <time>2026-08-27T14:22:43.000Z</time>
        <extensions>
          <ns3:TrackPointExtension>
            <ns3:hr>194</ns3:hr>
            <ns3:cad>89</ns3:cad>
          </ns3:TrackPointExtension>
        </extensions>
      </trkpt>
      <trkpt lat="40.4043900780379772186279296875" lon="116.68429769575595855712890625">
        <ele>83.59999847412109375</ele>
        <time>2026-08-27T14:22:44.000Z</time>
        <extensions>
          <ns3:TrackPointExtension>
            <ns3:hr>193</ns3:hr>
            <ns3:cad>91</ns3:cad>
          </ns3:TrackPointExtension>
        </extensions>
      </trkpt>
      <trkpt lat="40.40440591983497142791748046875" lon="116.68425302021205425262451171875">
        <ele>83.59999847412109375</ele>
        <time>2026-08-27T14:22:45.000Z</time>
        <extensions>
          <ns3:TrackPointExtension>
            <ns3:hr>194</ns3:hr>
            <ns3:cad>91</ns3:cad>
          </ns3:TrackPointExtension>
        </extensions>
      </trkpt>
      <trkpt lat="40.40441145189106464385986328125" lon="116.6842070035636425018310546875">
        <ele>83.59999847412109375</ele>
        <time>2026-08-27T14:22:46.000Z</time>
        <extensions>
          <ns3:TrackPointExtension>
            <ns3:hr>193</ns3:hr>
            <ns3:cad>91</ns3:cad>
          </ns3:TrackPointExtension>
        </extensions>
      </trkpt>
      <trkpt lat="40.40441849268972873687744140625" lon="116.6841607354581356048583984375">
        <ele>83.59999847412109375</ele>
        <time>2026-08-27T14:22:47.000Z</time>
        <extensions>
          <ns3:TrackPointExtension>
            <ns3:hr>193</ns3:hr>
            <ns3:cad>89</ns3:cad>
          </ns3:TrackPointExtension>
        </extensions>
      </trkpt>
      <trkpt lat="40.404422096908092498779296875" lon="116.68410918675363063812255859375">
        <ele>83.59999847412109375</ele>
        <time>2026-08-27T14:22:48.000Z</time>
        <extensions>
          <ns3:TrackPointExtension>
            <ns3:hr>194</ns3:hr>
            <ns3:cad>88</ns3:cad>
          </ns3:TrackPointExtension>
        </extensions>
      </trkpt>
      <trkpt lat="40.40441681630909442901611328125" lon="116.68405872769653797149658203125">
        <ele>83.59999847412109375</ele>
        <time>2026-08-27T14:22:49.000Z</time>
        <extensions>
          <ns3:TrackPointExtension>
            <ns3:hr>194</ns3:hr>
            <ns3:cad>88</ns3:cad>
          </ns3:TrackPointExtension>
        </extensions>
      </trkpt>
      <trkpt lat="40.40441396646201610565185546875" lon="116.6840055026113986968994140625">
        <ele>83.40000152587890625</ele>
        <time>2026-08-27T14:22:50.000Z</time>
        <extensions>
          <ns3:TrackPointExtension>
            <ns3:hr>193</ns3:hr>
            <ns3:cad>88</ns3:cad>
          </ns3:TrackPointExtension>
        </extensions>
      </trkpt>
      <trkpt lat="40.4044021479785442352294921875" lon="116.68396099470555782318115234375">
        <ele>83.40000152587890625</ele>
        <time>2026-08-27T14:22:51.000Z</time>
        <extensions>
          <ns3:TrackPointExtension>
            <ns3:hr>193</ns3:hr>
            <ns3:cad>88</ns3:cad>
          </ns3:TrackPointExtension>
        </extensions>
      </trkpt>
      <trkpt lat="40.40438446216285228729248046875" lon="116.683913134038448333740234375">
        <ele>83.40000152587890625</ele>
        <time>2026-08-27T14:22:52.000Z</time>
        <extensions>
          <ns3:TrackPointExtension>
            <ns3:hr>194</ns3:hr>
            <ns3:cad>88</ns3:cad>
          </ns3:TrackPointExtension>
        </extensions>
      </trkpt>
      <trkpt lat="40.40436099283397197723388671875" lon="116.68387432582676410675048828125">
        <ele>83.40000152587890625</ele>
        <time>2026-08-27T14:22:53.000Z</time>
        <extensions>
          <ns3:TrackPointExtension>
            <ns3:hr>193</ns3:hr>
            <ns3:cad>88</ns3:cad>
          </ns3:TrackPointExtension>
        </extensions>
      </trkpt>
      <trkpt lat="40.4043354280292987823486328125" lon="116.68382956646382808685302734375">
        <ele>83.1999969482421875</ele>
        <time>2026-08-27T14:22:54.000Z</time>
        <extensions>
          <ns3:TrackPointExtension>
            <ns3:hr>193</ns3:hr>
            <ns3:cad>88</ns3:cad>
          </ns3:TrackPointExtension>
        </extensions>
      </trkpt>
      <trkpt lat="40.40430667810142040252685546875" lon="116.68379838578402996063232421875">
        <ele>83.1999969482421875</ele>
        <time>2026-08-27T14:22:55.000Z</time>
        <extensions>
          <ns3:TrackPointExtension>
            <ns3:hr>193</ns3:hr>
            <ns3:cad>88</ns3:cad>
          </ns3:TrackPointExtension>
        </extensions>
      </trkpt>
      <trkpt lat="40.40427164174616336822509765625" lon="116.68376234360039234161376953125">
        <ele>83.1999969482421875</ele>
        <time>2026-08-27T14:22:56.000Z</time>
        <extensions>
          <ns3:TrackPointExtension>
            <ns3:hr>194</ns3:hr>
            <ns3:cad>88</ns3:cad>
          </ns3:TrackPointExtension>
        </extensions>
      </trkpt>
      <trkpt lat="40.404236018657684326171875" lon="116.6837396286427974700927734375">
        <ele>83.1999969482421875</ele>
        <time>2026-08-27T14:22:57.000Z</time>
        <extensions>
          <ns3:TrackPointExtension>
            <ns3:hr>193</ns3:hr>
            <ns3:cad>90</ns3:cad>
          </ns3:TrackPointExtension>
        </extensions>
      </trkpt>
      <trkpt lat="40.4041986353695392608642578125" lon="116.68371305800974369049072265625">
        <ele>83.1999969482421875</ele>
        <time>2026-08-27T14:22:58.000Z</time>
        <extensions>
          <ns3:TrackPointExtension>
            <ns3:hr>194</ns3:hr>
            <ns3:cad>90</ns3:cad>
          </ns3:TrackPointExtension>
        </extensions>
      </trkpt>
      <trkpt lat="40.4041647724807262420654296875" lon="116.68369830586016178131103515625">
        <ele>83.1999969482421875</ele>
        <time>2026-08-27T14:22:59.000Z</time>
        <extensions>
          <ns3:TrackPointExtension>
            <ns3:hr>194</ns3:hr>
            <ns3:cad>89</ns3:cad>
          </ns3:TrackPointExtension>
        </extensions>
      </trkpt>
      <trkpt lat="40.40411992929875850677490234375" lon="116.68368472717702388763427734375">
        <ele>83.40000152587890625</ele>
        <time>2026-08-27T14:23:00.000Z</time>
        <extensions>
          <ns3:TrackPointExtension>
            <ns3:hr>195</ns3:hr>
            <ns3:cad>89</ns3:cad>
          </ns3:TrackPointExtension>
        </extensions>
      </trkpt>
      <trkpt lat="40.40408791042864322662353515625" lon="116.683687828481197357177734375">
        <ele>83.40000152587890625</ele>
        <time>2026-08-27T14:23:01.000Z</time>
        <extensions>
          <ns3:TrackPointExtension>
            <ns3:hr>193</ns3:hr>
            <ns3:cad>89</ns3:cad>
          </ns3:TrackPointExtension>
        </extensions>
      </trkpt>
      <trkpt lat="40.40404046885669231414794921875" lon="116.683679781854152679443359375">
        <ele>83.40000152587890625</ele>
        <time>2026-08-27T14:23:02.000Z</time>
        <extensions>
          <ns3:TrackPointExtension>
            <ns3:hr>194</ns3:hr>
            <ns3:cad>89</ns3:cad>
          </ns3:TrackPointExtension>
        </extensions>
      </trkpt>
      <trkpt lat="40.40401029400527477264404296875" lon="116.6836863197386264801025390625">
        <ele>83.40000152587890625</ele>
        <time>2026-08-27T14:23:03.000Z</time>
        <extensions>
          <ns3:TrackPointExtension>
            <ns3:hr>194</ns3:hr>
            <ns3:cad>88</ns3:cad>
          </ns3:TrackPointExtension>
        </extensions>
      </trkpt>
      <trkpt lat="40.40396469645202159881591796875" lon="116.68368757702410221099853515625">
        <ele>83.40000152587890625</ele>
        <time>2026-08-27T14:23:04.000Z</time>
        <extensions>
          <ns3:TrackPointExtension>
            <ns3:hr>194</ns3:hr>
            <ns3:cad>88</ns3:cad>
          </ns3:TrackPointExtension>
        </extensions>
      </trkpt>
      <trkpt lat="40.40393033064901828765869140625" lon="116.68369025923311710357666015625">
        <ele>83.40000152587890625</ele>
        <time>2026-08-27T14:23:05.000Z</time>
        <extensions>
          <ns3:TrackPointExtension>
            <ns3:hr>195</ns3:hr>
            <ns3:cad>88</ns3:cad>
          </ns3:TrackPointExtension>
        </extensions>
      </trkpt>
      <trkpt lat="40.40388590656220912933349609375" lon="116.683688499033451080322265625">
        <ele>83.40000152587890625</ele>
        <time>2026-08-27T14:23:06.000Z</time>
        <extensions>
          <ns3:TrackPointExtension>
            <ns3:hr>195</ns3:hr>
            <ns3:cad>88</ns3:cad>
          </ns3:TrackPointExtension>
        </extensions>
      </trkpt>
      <trkpt lat="40.403852798044681549072265625" lon="116.68369143269956111907958984375">
        <ele>83.1999969482421875</ele>
        <time>2026-08-27T14:23:07.000Z</time>
        <extensions>
          <ns3:TrackPointExtension>
            <ns3:hr>194</ns3:hr>
            <ns3:cad>88</ns3:cad>
          </ns3:TrackPointExtension>
        </extensions>
      </trkpt>
      <trkpt lat="40.40380753576755523681640625" lon="116.6836926899850368499755859375">
        <ele>83.1999969482421875</ele>
        <time>2026-08-27T14:23:08.000Z</time>
        <extensions>
          <ns3:TrackPointExtension>
            <ns3:hr>196</ns3:hr>
            <ns3:cad>88</ns3:cad>
          </ns3:TrackPointExtension>
        </extensions>
      </trkpt>
      <trkpt lat="40.40377275086939334869384765625" lon="116.68369553983211517333984375">
        <ele>83.1999969482421875</ele>
        <time>2026-08-27T14:23:09.000Z</time>
        <extensions>
          <ns3:TrackPointExtension>
            <ns3:hr>196</ns3:hr>
            <ns3:cad>88</ns3:cad>
          </ns3:TrackPointExtension>
        </extensions>
      </trkpt>
      <trkpt lat="40.40372614748775959014892578125" lon="116.68369411490857601165771484375">
        <ele>83.1999969482421875</ele>
        <time>2026-08-27T14:23:10.000Z</time>
        <extensions>
          <ns3:TrackPointExtension>
            <ns3:hr>196</ns3:hr>
            <ns3:cad>88</ns3:cad>
          </ns3:TrackPointExtension>
        </extensions>
      </trkpt>
      <trkpt lat="40.403690524399280548095703125" lon="116.6836920194327831268310546875">
        <ele>83.1999969482421875</ele>
        <time>2026-08-27T14:23:11.000Z</time>
        <extensions>
          <ns3:TrackPointExtension>
            <ns3:hr>195</ns3:hr>
            <ns3:cad>89</ns3:cad>
          </ns3:TrackPointExtension>
        </extensions>
      </trkpt>
      <trkpt lat="40.40365171618759632110595703125" lon="116.68369553983211517333984375">
        <ele>83</ele>
        <time>2026-08-27T14:23:12.000Z</time>
        <extensions>
          <ns3:TrackPointExtension>
            <ns3:hr>195</ns3:hr>
            <ns3:cad>89</ns3:cad>
          </ns3:TrackPointExtension>
        </extensions>
      </trkpt>
      <trkpt lat="40.403612740337848663330078125" lon="116.68369553983211517333984375">
        <ele>83</ele>
        <time>2026-08-27T14:23:13.000Z</time>
        <extensions>
          <ns3:TrackPointExtension>
            <ns3:hr>196</ns3:hr>
            <ns3:cad>89</ns3:cad>
          </ns3:TrackPointExtension>
        </extensions>
      </trkpt>
      <trkpt lat="40.403582565486431121826171875" lon="116.683700568974018096923828125">
        <ele>83.1999969482421875</ele>
        <time>2026-08-27T14:23:14.000Z</time>
        <extensions>
          <ns3:TrackPointExtension>
            <ns3:hr>196</ns3:hr>
            <ns3:cad>89</ns3:cad>
          </ns3:TrackPointExtension>
        </extensions>
      </trkpt>
      <trkpt lat="40.4035455174744129180908203125" lon="116.6836953721940517425537109375">
        <ele>83.1999969482421875</ele>
        <time>2026-08-27T14:23:15.000Z</time>
        <extensions>
          <ns3:TrackPointExtension>
            <ns3:hr>194</ns3:hr>
            <ns3:cad>89</ns3:cad>
          </ns3:TrackPointExtension>
        </extensions>
      </trkpt>
      <trkpt lat="40.4035069607198238372802734375" lon="116.68369688093662261962890625">
        <ele>83</ele>
        <time>2026-08-27T14:23:16.000Z</time>
        <extensions>
          <ns3:TrackPointExtension>
            <ns3:hr>196</ns3:hr>
            <ns3:cad>89</ns3:cad>
          </ns3:TrackPointExtension>
        </extensions>
      </trkpt>
      <trkpt lat="40.4034643806517124176025390625" lon="116.6836923547089099884033203125">
        <ele>83</ele>
        <time>2026-08-27T14:23:17.000Z</time>
        <extensions>
          <ns3:TrackPointExtension>
            <ns3:hr>196</ns3:hr>
            <ns3:cad>89</ns3:cad>
          </ns3:TrackPointExtension>
        </extensions>
      </trkpt>
      <trkpt lat="40.4034291766583919525146484375" lon="116.6836988925933837890625">
        <ele>83</ele>
        <time>2026-08-27T14:23:18.000Z</time>
        <extensions>
          <ns3:TrackPointExtension>
            <ns3:hr>195</ns3:hr>
            <ns3:cad>89</ns3:cad>
          </ns3:TrackPointExtension>
        </extensions>
      </trkpt>
      <trkpt lat="40.40338567458093166351318359375" lon="116.68368992395699024200439453125">
        <ele>83</ele>
        <time>2026-08-27T14:23:19.000Z</time>
        <extensions>
          <ns3:TrackPointExtension>
            <ns3:hr>196</ns3:hr>
            <ns3:cad>89</ns3:cad>
          </ns3:TrackPointExtension>
        </extensions>
      </trkpt>
      <trkpt lat="40.403353907167911529541015625" lon="116.68368791230022907257080078125">
        <ele>82.8000030517578125</ele>
        <time>2026-08-27T14:23:20.000Z</time>
        <extensions>
          <ns3:TrackPointExtension>
            <ns3:hr>195</ns3:hr>
            <ns3:cad>89</ns3:cad>
          </ns3:TrackPointExtension>
        </extensions>
      </trkpt>
      <trkpt lat="40.40330864489078521728515625" lon="116.6836774349212646484375">
        <ele>82.8000030517578125</ele>
        <time>2026-08-27T14:23:21.000Z</time>
        <extensions>
          <ns3:TrackPointExtension>
            <ns3:hr>195</ns3:hr>
            <ns3:cad>89</ns3:cad>
          </ns3:TrackPointExtension>
        </extensions>
      </trkpt>
      <trkpt lat="40.403276123106479644775390625" lon="116.6836843080818653106689453125">
        <ele>82.8000030517578125</ele>
        <time>2026-08-27T14:23:22.000Z</time>
        <extensions>
          <ns3:TrackPointExtension>
            <ns3:hr>195</ns3:hr>
            <ns3:cad>89</ns3:cad>
          </ns3:TrackPointExtension>
        </extensions>
      </trkpt>
      <trkpt lat="40.40323354303836822509765625" lon="116.683695204555988311767578125">
        <ele>82.8000030517578125</ele>
        <time>2026-08-27T14:23:23.000Z</time>
        <extensions>
          <ns3:TrackPointExtension>
            <ns3:hr>195</ns3:hr>
            <ns3:cad>89</ns3:cad>
          </ns3:TrackPointExtension>
        </extensions>
      </trkpt>
      <trkpt lat="40.40320160798728466033935546875" lon="116.6837118007242679595947265625">
        <ele>82.8000030517578125</ele>
        <time>2026-08-27T14:23:24.000Z</time>
        <extensions>
          <ns3:TrackPointExtension>
            <ns3:hr>195</ns3:hr>
            <ns3:cad>89</ns3:cad>
          </ns3:TrackPointExtension>
        </extensions>
      </trkpt>
      <trkpt lat="40.40316506288945674896240234375" lon="116.68373334221541881561279296875">
        <ele>82.8000030517578125</ele>
        <time>2026-08-27T14:23:25.000Z</time>
        <extensions>
          <ns3:TrackPointExtension>
            <ns3:hr>195</ns3:hr>
            <ns3:cad>89</ns3:cad>
          </ns3:TrackPointExtension>
        </extensions>
      </trkpt>
      <trkpt lat="40.40313002653419971466064453125" lon="116.68375899083912372589111328125">
        <ele>82.8000030517578125</ele>
        <time>2026-08-27T14:23:26.000Z</time>
        <extensions>
          <ns3:TrackPointExtension>
            <ns3:hr>195</ns3:hr>
            <ns3:cad>89</ns3:cad>
          </ns3:TrackPointExtension>
        </extensions>
      </trkpt>
      <trkpt lat="40.403101444244384765625" lon="116.68378815986216068267822265625">
        <ele>82.8000030517578125</ele>
        <time>2026-08-27T14:23:27.000Z</time>
        <extensions>
          <ns3:TrackPointExtension>
            <ns3:hr>195</ns3:hr>
            <ns3:cad>87</ns3:cad>
          </ns3:TrackPointExtension>
        </extensions>
      </trkpt>
      <trkpt lat="40.4030697606503963470458984375" lon="116.68382252566516399383544921875">
        <ele>82.8000030517578125</ele>
        <time>2026-08-27T14:23:28.000Z</time>
        <extensions>
          <ns3:TrackPointExtension>
            <ns3:hr>195</ns3:hr>
            <ns3:cad>87</ns3:cad>
          </ns3:TrackPointExtension>
        </extensions>
      </trkpt>
      <trkpt lat="40.4030469618737697601318359375" lon="116.683862507343292236328125">
        <ele>82.8000030517578125</ele>
        <time>2026-08-27T14:23:29.000Z</time>
        <extensions>
          <ns3:TrackPointExtension>
            <ns3:hr>195</ns3:hr>
            <ns3:cad>87</ns3:cad>
          </ns3:TrackPointExtension>
        </extensions>
      </trkpt>
      <trkpt lat="40.4030248336493968963623046875" lon="116.68390785343945026397705078125">
        <ele>82.8000030517578125</ele>
        <time>2026-08-27T14:23:30.000Z</time>
        <extensions>
          <ns3:TrackPointExtension>
            <ns3:hr>196</ns3:hr>
            <ns3:cad>87</ns3:cad>
          </ns3:TrackPointExtension>
        </extensions>
      </trkpt>
      <trkpt lat="40.40301360189914703369140625" lon="116.68395730666816234588623046875">
        <ele>82.59999847412109375</ele>
        <time>2026-08-27T14:23:31.000Z</time>
        <extensions>
          <ns3:TrackPointExtension>
            <ns3:hr>195</ns3:hr>
            <ns3:cad>87</ns3:cad>
          </ns3:TrackPointExtension>
        </extensions>
      </trkpt>
      <trkpt lat="40.4030013643205165863037109375" lon="116.68401338160037994384765625">
        <ele>82.59999847412109375</ele>
        <time>2026-08-27T14:23:32.000Z</time>
        <extensions>
          <ns3:TrackPointExtension>
            <ns3:hr>196</ns3:hr>
            <ns3:cad>87</ns3:cad>
          </ns3:TrackPointExtension>
        </extensions>
      </trkpt>
      <trkpt lat="40.40299608372151851654052734375" lon="116.684061996638774871826171875">
        <ele>82.59999847412109375</ele>
        <time>2026-08-27T14:23:33.000Z</time>
        <extensions>
          <ns3:TrackPointExtension>
            <ns3:hr>195</ns3:hr>
            <ns3:cad>89</ns3:cad>
          </ns3:TrackPointExtension>
        </extensions>
      </trkpt>
      <trkpt lat="40.4029892943799495697021484375" lon="116.68411907739937305450439453125">
        <ele>82.59999847412109375</ele>
        <time>2026-08-27T14:23:34.000Z</time>
        <extensions>
          <ns3:TrackPointExtension>
            <ns3:hr>195</ns3:hr>
            <ns3:cad>89</ns3:cad>
          </ns3:TrackPointExtension>
        </extensions>
      </trkpt>
      <trkpt lat="40.4029936529695987701416015625" lon="116.68416115455329418182373046875">
        <ele>82.59999847412109375</ele>
        <time>2026-08-27T14:23:35.000Z</time>
        <extensions>
          <ns3:TrackPointExtension>
            <ns3:hr>196</ns3:hr>
            <ns3:cad>89</ns3:cad>
          </ns3:TrackPointExtension>
        </extensions>
      </trkpt>
      <trkpt lat="40.40299977175891399383544921875" lon="116.68421613983809947967529296875">
        <ele>82.59999847412109375</ele>
        <time>2026-08-27T14:23:36.000Z</time>
        <extensions>
          <ns3:TrackPointExtension>
            <ns3:hr>196</ns3:hr>
            <ns3:cad>89</ns3:cad>
          </ns3:TrackPointExtension>
        </extensions>
      </trkpt>
      <trkpt lat="40.40301837958395481109619140625" lon="116.68425503186881542205810546875">
        <ele>82.59999847412109375</ele>
        <time>2026-08-27T14:23:37.000Z</time>
        <extensions>
          <ns3:TrackPointExtension>
            <ns3:hr>194</ns3:hr>
            <ns3:cad>89</ns3:cad>
          </ns3:TrackPointExtension>
        </extensions>
      </trkpt>
      <trkpt lat="40.40303179062902927398681640625" lon="116.68430917896330356597900390625">
        <ele>82.59999847412109375</ele>
        <time>2026-08-27T14:23:38.000Z</time>
        <extensions>
          <ns3:TrackPointExtension>
            <ns3:hr>195</ns3:hr>
            <ns3:cad>89</ns3:cad>
          </ns3:TrackPointExtension>
        </extensions>
      </trkpt>
      <trkpt lat="40.4030516557395458221435546875" lon="116.68434388004243373870849609375">
        <ele>82.59999847412109375</ele>
        <time>2026-08-27T14:23:39.000Z</time>
        <extensions>
          <ns3:TrackPointExtension>
            <ns3:hr>195</ns3:hr>
            <ns3:cad>88</ns3:cad>
          </ns3:TrackPointExtension>
        </extensions>
      </trkpt>
      <trkpt lat="40.40307504124939441680908203125" lon="116.6843920759856700897216796875">
        <ele>82.8000030517578125</ele>
        <time>2026-08-27T14:23:40.000Z</time>
        <extensions>
          <ns3:TrackPointExtension>
            <ns3:hr>195</ns3:hr>
            <ns3:cad>88</ns3:cad>
          </ns3:TrackPointExtension>
        </extensions>
      </trkpt>
      <trkpt lat="40.40309884585440158843994140625" lon="116.68442308902740478515625">
        <ele>82.8000030517578125</ele>
        <time>2026-08-27T14:23:41.000Z</time>
        <extensions>
          <ns3:TrackPointExtension>
            <ns3:hr>196</ns3:hr>
            <ns3:cad>88</ns3:cad>
          </ns3:TrackPointExtension>
        </extensions>
      </trkpt>
      <trkpt lat="40.40312717668712139129638671875" lon="116.68446089141070842742919921875">
        <ele>82.8000030517578125</ele>
        <time>2026-08-27T14:23:42.000Z</time>
        <extensions>
          <ns3:TrackPointExtension>
            <ns3:hr>196</ns3:hr>
            <ns3:cad>88</ns3:cad>
          </ns3:TrackPointExtension>
        </extensions>
      </trkpt>
      <trkpt lat="40.4031549207866191864013671875" lon="116.6844914853572845458984375">
        <ele>82.8000030517578125</ele>
        <time>2026-08-27T14:23:43.000Z</time>
        <extensions>
          <ns3:TrackPointExtension>
            <ns3:hr>194</ns3:hr>
            <ns3:cad>88</ns3:cad>
          </ns3:TrackPointExtension>
        </extensions>
      </trkpt>
      <trkpt lat="40.4031877778470516204833984375" lon="116.68451235629618167877197265625">
        <ele>82.8000030517578125</ele>
        <time>2026-08-27T14:23:44.000Z</time>
        <extensions>
          <ns3:TrackPointExtension>
            <ns3:hr>195</ns3:hr>
            <ns3:cad>88</ns3:cad>
          </ns3:TrackPointExtension>
        </extensions>
      </trkpt>
      <trkpt lat="40.403223820030689239501953125" lon="116.684533059597015380859375">
        <ele>82.8000030517578125</ele>
        <time>2026-08-27T14:23:45.000Z</time>
        <extensions>
          <ns3:TrackPointExtension>
            <ns3:hr>195</ns3:hr>
            <ns3:cad>88</ns3:cad>
          </ns3:TrackPointExtension>
        </extensions>
      </trkpt>
      <trkpt lat="40.403255335986614227294921875" lon="116.68454253114759922027587890625">
        <ele>82.8000030517578125</ele>
        <time>2026-08-27T14:23:46.000Z</time>
        <extensions>
          <ns3:TrackPointExtension>
            <ns3:hr>195</ns3:hr>
            <ns3:cad>87</ns3:cad>
          </ns3:TrackPointExtension>
        </extensions>
      </trkpt>
      <trkpt lat="40.40329129435122013092041015625" lon="116.68455091305077075958251953125">
        <ele>82.8000030517578125</ele>
        <time>2026-08-27T14:23:47.000Z</time>
        <extensions>
          <ns3:TrackPointExtension>
            <ns3:hr>195</ns3:hr>
            <ns3:cad>87</ns3:cad>
          </ns3:TrackPointExtension>
        </extensions>
      </trkpt>
      <trkpt lat="40.40331996046006679534912109375" lon="116.6845503263175487518310546875">
        <ele>82.8000030517578125</ele>
        <time>2026-08-27T14:23:48.000Z</time>
        <extensions>
          <ns3:TrackPointExtension>
            <ns3:hr>196</ns3:hr>
            <ns3:cad>88</ns3:cad>
          </ns3:TrackPointExtension>
        </extensions>
      </trkpt>
      <trkpt lat="40.403358601033687591552734375" lon="116.6845597140491008758544921875">
        <ele>82.8000030517578125</ele>
        <time>2026-08-27T14:23:49.000Z</time>
        <extensions>
          <ns3:TrackPointExtension>
            <ns3:hr>195</ns3:hr>
            <ns3:cad>88</ns3:cad>
          </ns3:TrackPointExtension>
        </extensions>
      </trkpt>
      <trkpt lat="40.40338818915188312530517578125" lon="116.6845506615936756134033203125">
        <ele>82.8000030517578125</ele>
        <time>2026-08-27T14:23:50.000Z</time>
        <extensions>
          <ns3:TrackPointExtension>
            <ns3:hr>195</ns3:hr>
            <ns3:cad>88</ns3:cad>
          </ns3:TrackPointExtension>
        </extensions>
      </trkpt>
      <trkpt lat="40.40343596599996089935302734375" lon="116.6845550201833248138427734375">
        <ele>82.8000030517578125</ele>
        <time>2026-08-27T14:23:51.000Z</time>
        <extensions>
          <ns3:TrackPointExtension>
            <ns3:hr>196</ns3:hr>
            <ns3:cad>88</ns3:cad>
          </ns3:TrackPointExtension>
        </extensions>
      </trkpt>
      <trkpt lat="40.4034729301929473876953125" lon="116.6845451295375823974609375">
        <ele>82.8000030517578125</ele>
        <time>2026-08-27T14:23:52.000Z</time>
        <extensions>
          <ns3:TrackPointExtension>
            <ns3:hr>195</ns3:hr>
            <ns3:cad>88</ns3:cad>
          </ns3:TrackPointExtension>
        </extensions>
      </trkpt>
      <trkpt lat="40.403518863022327423095703125" lon="116.6845463030040264129638671875">
        <ele>82.8000030517578125</ele>
        <time>2026-08-27T14:23:53.000Z</time>
        <extensions>
          <ns3:TrackPointExtension>
            <ns3:hr>195</ns3:hr>
            <ns3:cad>88</ns3:cad>
          </ns3:TrackPointExtension>
        </extensions>
      </trkpt>
      <trkpt lat="40.40355163626372814178466796875" lon="116.68453431688249111175537109375">
        <ele>82.8000030517578125</ele>
        <time>2026-08-27T14:23:54.000Z</time>
        <extensions>
          <ns3:TrackPointExtension>
            <ns3:hr>196</ns3:hr>
            <ns3:cad>88</ns3:cad>
          </ns3:TrackPointExtension>
        </extensions>
      </trkpt>
      <trkpt lat="40.40359823964536190032958984375" lon="116.68454202823340892791748046875">
        <ele>82.8000030517578125</ele>
        <time>2026-08-27T14:23:55.000Z</time>
        <extensions>
          <ns3:TrackPointExtension>
            <ns3:hr>196</ns3:hr>
            <ns3:cad>88</ns3:cad>
          </ns3:TrackPointExtension>
        </extensions>
      </trkpt>
      <trkpt lat="40.40363143198192119598388671875" lon="116.6845370829105377197265625">
        <ele>82.59999847412109375</ele>
        <time>2026-08-27T14:23:56.000Z</time>
        <extensions>
          <ns3:TrackPointExtension>
            <ns3:hr>194</ns3:hr>
            <ns3:cad>88</ns3:cad>
          </ns3:TrackPointExtension>
        </extensions>
      </trkpt>
      <trkpt lat="40.4036779515445232391357421875" lon="116.68454370461404323577880859375">
        <ele>82.59999847412109375</ele>
        <time>2026-08-27T14:23:57.000Z</time>
        <extensions>
          <ns3:TrackPointExtension>
            <ns3:hr>195</ns3:hr>
            <ns3:cad>88</ns3:cad>
          </ns3:TrackPointExtension>
        </extensions>
      </trkpt>
      <trkpt lat="40.40371290408074855804443359375" lon="116.6845419444143772125244140625">
        <ele>82.59999847412109375</ele>
        <time>2026-08-27T14:23:58.000Z</time>
        <extensions>
          <ns3:TrackPointExtension>
            <ns3:hr>196</ns3:hr>
            <ns3:cad>88</ns3:cad>
          </ns3:TrackPointExtension>
        </extensions>
      </trkpt>
      <trkpt lat="40.40375665761530399322509765625" lon="116.6845479793846607208251953125">
        <ele>82.59999847412109375</ele>
        <time>2026-08-27T14:23:59.000Z</time>
        <extensions>
          <ns3:TrackPointExtension>
            <ns3:hr>196</ns3:hr>
            <ns3:cad>88</ns3:cad>
          </ns3:TrackPointExtension>
        </extensions>
      </trkpt>
      <trkpt lat="40.40379404090344905853271484375" lon="116.6845451295375823974609375">
        <ele>82.59999847412109375</ele>
        <time>2026-08-27T14:24:00.000Z</time>
        <extensions>
          <ns3:TrackPointExtension>
            <ns3:hr>196</ns3:hr>
            <ns3:cad>88</ns3:cad>
          </ns3:TrackPointExtension>
        </extensions>
      </trkpt>
      <trkpt lat="40.4038331843912601470947265625" lon="116.68455443345010280609130859375">
        <ele>82.59999847412109375</ele>
        <time>2026-08-27T14:24:01.000Z</time>
        <extensions>
          <ns3:TrackPointExtension>
            <ns3:hr>197</ns3:hr>
            <ns3:cad>88</ns3:cad>
          </ns3:TrackPointExtension>
        </extensions>
      </trkpt>
      <trkpt lat="40.40386863984167575836181640625" lon="116.68455577455461025238037109375">
        <ele>82.8000030517578125</ele>
        <time>2026-08-27T14:24:02.000Z</time>
        <extensions>
          <ns3:TrackPointExtension>
            <ns3:hr>195</ns3:hr>
            <ns3:cad>88</ns3:cad>
          </ns3:TrackPointExtension>
        </extensions>
      </trkpt>
      <trkpt lat="40.40390769951045513153076171875" lon="116.68455116450786590576171875">
        <ele>82.59999847412109375</ele>
        <time>2026-08-27T14:24:03.000Z</time>
        <extensions>
          <ns3:TrackPointExtension>
            <ns3:hr>196</ns3:hr>
            <ns3:cad>88</ns3:cad>
          </ns3:TrackPointExtension>
        </extensions>
      </trkpt>
      <trkpt lat="40.40394566953182220458984375" lon="116.68455426581203937530517578125">
        <ele>82.8000030517578125</ele>
        <time>2026-08-27T14:24:04.000Z</time>
        <extensions>
          <ns3:TrackPointExtension>
            <ns3:hr>196</ns3:hr>
            <ns3:cad>88</ns3:cad>
          </ns3:TrackPointExtension>
        </extensions>
      </trkpt>
      <trkpt lat="40.40397995151579380035400390625" lon="116.684546135365962982177734375">
        <ele>82.8000030517578125</ele>
        <time>2026-08-27T14:24:05.000Z</time>
        <extensions>
          <ns3:TrackPointExtension>
            <ns3:hr>195</ns3:hr>
            <ns3:cad>88</ns3:cad>
          </ns3:TrackPointExtension>
        </extensions>
      </trkpt>
      <trkpt lat="40.4040202684700489044189453125" lon="116.68455158360302448272705078125">
        <ele>82.59999847412109375</ele>
        <time>2026-08-27T14:24:06.000Z</time>
        <extensions>
          <ns3:TrackPointExtension>
            <ns3:hr>195</ns3:hr>
            <ns3:cad>88</ns3:cad>
          </ns3:TrackPointExtension>
        </extensions>
      </trkpt>
      <trkpt lat="40.40405136533081531524658203125" lon="116.68454169295728206634521484375">
        <ele>82.59999847412109375</ele>
        <time>2026-08-27T14:24:07.000Z</time>
        <extensions>
          <ns3:TrackPointExtension>
            <ns3:hr>195</ns3:hr>
            <ns3:cad>89</ns3:cad>
          </ns3:TrackPointExtension>
        </extensions>
      </trkpt>
      <trkpt lat="40.40409059263765811920166015625" lon="116.68454303406178951263427734375">
        <ele>82.59999847412109375</ele>
        <time>2026-08-27T14:24:08.000Z</time>
        <extensions>
          <ns3:TrackPointExtension>
            <ns3:hr>195</ns3:hr>
            <ns3:cad>89</ns3:cad>
          </ns3:TrackPointExtension>
        </extensions>
      </trkpt>
      <trkpt lat="40.4041215218603610992431640625" lon="116.6845345683395862579345703125">
        <ele>82.59999847412109375</ele>
        <time>2026-08-27T14:24:09.000Z</time>
        <extensions>
          <ns3:TrackPointExtension>
            <ns3:hr>195</ns3:hr>
            <ns3:cad>89</ns3:cad>
          </ns3:TrackPointExtension>
        </extensions>
      </trkpt>
      <trkpt lat="40.40416301228106021881103515625" lon="116.68453314341604709625244140625">
        <ele>82.59999847412109375</ele>
        <time>2026-08-27T14:24:10.000Z</time>
        <extensions>
          <ns3:TrackPointExtension>
            <ns3:hr>195</ns3:hr>
            <ns3:cad>89</ns3:cad>
          </ns3:TrackPointExtension>
        </extensions>
      </trkpt>
      <trkpt lat="40.404196791350841522216796875" lon="116.68451755307614803314208984375">
        <ele>82.59999847412109375</ele>
        <time>2026-08-27T14:24:11.000Z</time>
        <extensions>
          <ns3:TrackPointExtension>
            <ns3:hr>196</ns3:hr>
            <ns3:cad>87</ns3:cad>
          </ns3:TrackPointExtension>
        </extensions>
      </trkpt>
      <trkpt lat="40.4042361862957477569580078125" lon="116.68450447730720043182373046875">
        <ele>82.59999847412109375</ele>
        <time>2026-08-27T14:24:12.000Z</time>
        <extensions>
          <ns3:TrackPointExtension>
            <ns3:hr>194</ns3:hr>
            <ns3:cad>87</ns3:cad>
          </ns3:TrackPointExtension>
        </extensions>
      </trkpt>
      <trkpt lat="40.40426091291010379791259765625" lon="116.68447782285511493682861328125">
        <ele>82.59999847412109375</ele>
        <time>2026-08-27T14:24:13.000Z</time>
        <extensions>
          <ns3:TrackPointExtension>
            <ns3:hr>195</ns3:hr>
            <ns3:cad>88</ns3:cad>
          </ns3:TrackPointExtension>
        </extensions>
      </trkpt>
      <trkpt lat="40.40429879911243915557861328125" lon="116.68445468880236148834228515625">
        <ele>82.59999847412109375</ele>
        <time>2026-08-27T14:24:14.000Z</time>
        <extensions>
          <ns3:TrackPointExtension>
            <ns3:hr>196</ns3:hr>
            <ns3:cad>89</ns3:cad>
          </ns3:TrackPointExtension>
        </extensions>
      </trkpt>
      <trkpt lat="40.4043246991932392120361328125" lon="116.68442484922707080841064453125">
        <ele>82.59999847412109375</ele>
        <time>2026-08-27T14:24:15.000Z</time>
        <extensions>
          <ns3:TrackPointExtension>
            <ns3:hr>195</ns3:hr>
            <ns3:cad>89</ns3:cad>
          </ns3:TrackPointExtension>
        </extensions>
      </trkpt>
      <trkpt lat="40.40435831062495708465576171875" lon="116.68438226915895938873291015625">
        <ele>82.59999847412109375</ele>
        <time>2026-08-27T14:24:16.000Z</time>
        <extensions>
          <ns3:TrackPointExtension>
            <ns3:hr>195</ns3:hr>
            <ns3:cad>89</ns3:cad>
          </ns3:TrackPointExtension>
        </extensions>
      </trkpt>
      <trkpt lat="40.40436971001327037811279296875" lon="116.6843426227569580078125">
        <ele>82.59999847412109375</ele>
        <time>2026-08-27T14:24:17.000Z</time>
        <extensions>
          <ns3:TrackPointExtension>
            <ns3:hr>195</ns3:hr>
            <ns3:cad>89</ns3:cad>
          </ns3:TrackPointExtension>
        </extensions>
      </trkpt>
      <trkpt lat="40.404393263161182403564453125" lon="116.6842956840991973876953125">
        <ele>82.59999847412109375</ele>
        <time>2026-08-27T14:24:18.000Z</time>
        <extensions>
          <ns3:TrackPointExtension>
            <ns3:hr>195</ns3:hr>
            <ns3:cad>89</ns3:cad>
          </ns3:TrackPointExtension>
        </extensions>
      </trkpt>
      <trkpt lat="40.4044014774262905120849609375" lon="116.684251092374324798583984375">
        <ele>82.59999847412109375</ele>
        <time>2026-08-27T14:24:19.000Z</time>
        <extensions>
          <ns3:TrackPointExtension>
            <ns3:hr>194</ns3:hr>
            <ns3:cad>89</ns3:cad>
          </ns3:TrackPointExtension>
        </extensions>
      </trkpt>
      <trkpt lat="40.4044170677661895751953125" lon="116.68420650064945220947265625">
        <ele>82.59999847412109375</ele>
        <time>2026-08-27T14:24:20.000Z</time>
        <extensions>
          <ns3:TrackPointExtension>
            <ns3:hr>195</ns3:hr>
            <ns3:cad>89</ns3:cad>
          </ns3:TrackPointExtension>
        </extensions>
      </trkpt>
      <trkpt lat="40.4044229350984096527099609375" lon="116.684161238372325897216796875">
        <ele>82.40000152587890625</ele>
        <time>2026-08-27T14:24:21.000Z</time>
        <extensions>
          <ns3:TrackPointExtension>
            <ns3:hr>195</ns3:hr>
            <ns3:cad>87</ns3:cad>
          </ns3:TrackPointExtension>
        </extensions>
      </trkpt>
      <trkpt lat="40.404426790773868560791015625" lon="116.6841111145913600921630859375">
        <ele>82.59999847412109375</ele>
        <time>2026-08-27T14:24:22.000Z</time>
        <extensions>
          <ns3:TrackPointExtension>
            <ns3:hr>195</ns3:hr>
            <ns3:cad>87</ns3:cad>
          </ns3:TrackPointExtension>
        </extensions>
      </trkpt>
      <trkpt lat="40.40442570112645626068115234375" lon="116.68406627140939235687255859375">
        <ele>82.59999847412109375</ele>
        <time>2026-08-27T14:24:23.000Z</time>
        <extensions>
          <ns3:TrackPointExtension>
            <ns3:hr>194</ns3:hr>
            <ns3:cad>87</ns3:cad>
          </ns3:TrackPointExtension>
        </extensions>
      </trkpt>
      <trkpt lat="40.4044185765087604522705078125" lon="116.68402268551290035247802734375">
        <ele>82.59999847412109375</ele>
        <time>2026-08-27T14:24:24.000Z</time>
        <extensions>
          <ns3:TrackPointExtension>
            <ns3:hr>195</ns3:hr>
            <ns3:cad>87</ns3:cad>
          </ns3:TrackPointExtension>
        </extensions>
      </trkpt>
      <trkpt lat="40.40440927259624004364013671875" lon="116.68397180736064910888671875">
        <ele>82.59999847412109375</ele>
        <time>2026-08-27T14:24:25.000Z</time>
        <extensions>
          <ns3:TrackPointExtension>
            <ns3:hr>195</ns3:hr>
            <ns3:cad>87</ns3:cad>
          </ns3:TrackPointExtension>
        </extensions>
      </trkpt>
      <trkpt lat="40.404391586780548095703125" lon="116.6839287243783473968505859375">
        <ele>82.40000152587890625</ele>
        <time>2026-08-27T14:24:26.000Z</time>
        <extensions>
          <ns3:TrackPointExtension>
            <ns3:hr>193</ns3:hr>
            <ns3:cad>87</ns3:cad>
          </ns3:TrackPointExtension>
        </extensions>
      </trkpt>
      <trkpt lat="40.4043692909181118011474609375" lon="116.68388052843511104583740234375">
        <ele>82.40000152587890625</ele>
        <time>2026-08-27T14:24:27.000Z</time>
        <extensions>
          <ns3:TrackPointExtension>
            <ns3:hr>194</ns3:hr>
            <ns3:cad>87</ns3:cad>
          </ns3:TrackPointExtension>
        </extensions>
      </trkpt>
      <trkpt lat="40.4043454863131046295166015625" lon="116.6838422231376171112060546875">
        <ele>82.40000152587890625</ele>
        <time>2026-08-27T14:24:28.000Z</time>
        <extensions>
          <ns3:TrackPointExtension>
            <ns3:hr>195</ns3:hr>
            <ns3:cad>87</ns3:cad>
          </ns3:TrackPointExtension>
        </extensions>
      </trkpt>
      <trkpt lat="40.40431606583297252655029296875" lon="116.6838006488978862762451171875">
        <ele>82.1999969482421875</ele>
        <time>2026-08-27T14:24:29.000Z</time>
        <extensions>
          <ns3:TrackPointExtension>
            <ns3:hr>194</ns3:hr>
            <ns3:cad>87</ns3:cad>
          </ns3:TrackPointExtension>
        </extensions>
      </trkpt>
      <trkpt lat="40.40428488515317440032958984375" lon="116.68377592228353023529052734375">
        <ele>82.1999969482421875</ele>
        <time>2026-08-27T14:24:30.000Z</time>
        <extensions>
          <ns3:TrackPointExtension>
            <ns3:hr>195</ns3:hr>
            <ns3:cad>87</ns3:cad>
          </ns3:TrackPointExtension>
        </extensions>
      </trkpt>
      <trkpt lat="40.4042469151318073272705078125" lon="116.68374474160373210906982421875">
        <ele>82.1999969482421875</ele>
        <time>2026-08-27T14:24:31.000Z</time>
        <extensions>
          <ns3:TrackPointExtension>
            <ns3:hr>195</ns3:hr>
            <ns3:cad>87</ns3:cad>
          </ns3:TrackPointExtension>
        </extensions>
      </trkpt>
      <trkpt lat="40.4042137227952480316162109375" lon="116.6837295703589916229248046875">
        <ele>82.1999969482421875</ele>
        <time>2026-08-27T14:24:32.000Z</time>
        <extensions>
          <ns3:TrackPointExtension>
            <ns3:hr>194</ns3:hr>
            <ns3:cad>89</ns3:cad>
          </ns3:TrackPointExtension>
        </extensions>
      </trkpt>
      <trkpt lat="40.4041729867458343505859375" lon="116.68370601721107959747314453125">
        <ele>82.1999969482421875</ele>
        <time>2026-08-27T14:24:33.000Z</time>
        <extensions>
          <ns3:TrackPointExtension>
            <ns3:hr>195</ns3:hr>
            <ns3:cad>89</ns3:cad>
          </ns3:TrackPointExtension>
        </extensions>
      </trkpt>
      <trkpt lat="40.40414205752313137054443359375" lon="116.6837044246494770050048828125">
        <ele>82</ele>
        <time>2026-08-27T14:24:34.000Z</time>
        <extensions>
          <ns3:TrackPointExtension>
            <ns3:hr>196</ns3:hr>
            <ns3:cad>89</ns3:cad>
          </ns3:TrackPointExtension>
        </extensions>
      </trkpt>
      <trkpt lat="40.40409947745501995086669921875" lon="116.683691181242465972900390625">
        <ele>82</ele>
        <time>2026-08-27T14:24:35.000Z</time>
        <extensions>
          <ns3:TrackPointExtension>
            <ns3:hr>196</ns3:hr>
            <ns3:cad>89</ns3:cad>
          </ns3:TrackPointExtension>
        </extensions>
      </trkpt>
      <trkpt lat="40.40406846441328525543212890625" lon="116.68369327671825885772705078125">
        <ele>82</ele>
        <time>2026-08-27T14:24:36.000Z</time>
        <extensions>
          <ns3:TrackPointExtension>
            <ns3:hr>195</ns3:hr>
            <ns3:cad>89</ns3:cad>
          </ns3:TrackPointExtension>
        </extensions>
      </trkpt>
      <trkpt lat="40.40402856655418872833251953125" lon="116.68368816375732421875">
        <ele>82</ele>
        <time>2026-08-27T14:24:37.000Z</time>
        <extensions>
          <ns3:TrackPointExtension>
            <ns3:hr>196</ns3:hr>
            <ns3:cad>89</ns3:cad>
          </ns3:TrackPointExtension>
        </extensions>
      </trkpt>
      <trkpt lat="40.4039934463798999786376953125" lon="116.68368439190089702606201171875">
        <ele>82</ele>
        <time>2026-08-27T14:24:38.000Z</time>
        <extensions>
          <ns3:TrackPointExtension>
            <ns3:hr>195</ns3:hr>
            <ns3:cad>89</ns3:cad>
          </ns3:TrackPointExtension>
        </extensions>
      </trkpt>
      <trkpt lat="40.40395095013082027435302734375" lon="116.683683805167675018310546875">
        <ele>82</ele>
        <time>2026-08-27T14:24:39.000Z</time>
        <extensions>
          <ns3:TrackPointExtension>
            <ns3:hr>195</ns3:hr>
            <ns3:cad>89</ns3:cad>
          </ns3:TrackPointExtension>
        </extensions>
      </trkpt>
      <trkpt lat="40.4039139859378337860107421875" lon="116.6836822964251041412353515625">
        <ele>82</ele>
        <time>2026-08-27T14:24:40.000Z</time>
        <extensions>
          <ns3:TrackPointExtension>
            <ns3:hr>196</ns3:hr>
            <ns3:cad>89</ns3:cad>
          </ns3:TrackPointExtension>
        </extensions>
      </trkpt>
      <trkpt lat="40.403876937925815582275390625" lon="116.68368472717702388763427734375">
        <ele>82</ele>
        <time>2026-08-27T14:24:41.000Z</time>
        <extensions>
          <ns3:TrackPointExtension>
            <ns3:hr>195</ns3:hr>
            <ns3:cad>87</ns3:cad>
          </ns3:TrackPointExtension>
        </extensions>
      </trkpt>
      <trkpt lat="40.40383310057222843170166015625" lon="116.68368103913962841033935546875">
        <ele>82</ele>
        <time>2026-08-27T14:24:42.000Z</time>
        <extensions>
          <ns3:TrackPointExtension>
            <ns3:hr>195</ns3:hr>
            <ns3:cad>87</ns3:cad>
          </ns3:TrackPointExtension>
        </extensions>
      </trkpt>
      <trkpt lat="40.40380158461630344390869140625" lon="116.683683805167675018310546875">
        <ele>82.1999969482421875</ele>
        <time>2026-08-27T14:24:43.000Z</time>
        <extensions>
          <ns3:TrackPointExtension>
            <ns3:hr>195</ns3:hr>
            <ns3:cad>87</ns3:cad>
          </ns3:TrackPointExtension>
        </extensions>
      </trkpt>
      <trkpt lat="40.40378331206738948822021484375" lon="116.6836916841566562652587890625">
        <ele>82.1999969482421875</ele>
        <time>2026-08-27T14:24:44.000Z</time>
        <extensions>
          <ns3:TrackPointExtension>
            <ns3:hr>196</ns3:hr>
            <ns3:cad>87</ns3:cad>
          </ns3:TrackPointExtension>
        </extensions>
      </trkpt>
    </trkseg>
  </trk>
</gpx>
