<gpx xmlns:ns3="http://www.garmin.com/xmlschemas/TrackPointExtension/v1" xmlns="http://www.topografix.com/GPX/1/1" xmlns:xsi="http://www.w3.org/2001/XMLSchema-instance" xmlns:ns2="http://www.garmin.com/xmlschemas/GpxExtensions/v3" creator="Garmin Connect" version="1.1" xsi:schemaLocation="http://www.topografix.com/GPX/1/1 http://www.topografix.com/GPX/11.xsd">
  <extensions>
<distance>5220.0</distance>
<average_hr>174.0</average_hr>
<average_speed>3.9920001029968266</average_speed>
<start_time>2026-09-03T10:41:40+00:00</start_time>
<end_time>2026-09-03T11:03:27.724000+00:00</end_time>
<moving_time>1296.604</moving_time>
<elapsed_time>1307.724</elapsed_time>
</extensions>
<metadata>
    <link href="connect.garmin.com">
      <text>Garmin Connect</text>
    </link>
    <time>2026-09-03T10:41:40.000Z</time>
  </metadata>
  <trk>
    <name>怀柔区 操场跑步</name>
    <type>track_running</type>
    <trkseg>
      <trkpt lat="40.4033034481108188629150390625" lon="116.683676429092884063720703125">
        <ele>80.8000030517578125</ele>
        <time>2026-09-03T10:41:40.000Z</time>
        <extensions>
          <ns3:TrackPointExtension>
            <ns3:hr>114</ns3:hr>
            <ns3:cad>0</ns3:cad>
          </ns3:TrackPointExtension>
        </extensions>
      </trkpt>
      <trkpt lat="40.40324452333152294158935546875" lon="116.68367944657802581787109375">
        <ele>80.8000030517578125</ele>
        <time>2026-09-03T10:41:41.000Z</time>
        <extensions>
          <ns3:TrackPointExtension>
            <ns3:hr>114</ns3:hr>
            <ns3:cad>0</ns3:cad>
          </ns3:TrackPointExtension>
        </extensions>
      </trkpt>
      <trkpt lat="40.40318794548511505126953125" lon="116.683695875108242034912109375">
        <ele>80.8000030517578125</ele>
        <time>2026-09-03T10:41:42.000Z</time>
        <extensions>
          <ns3:TrackPointExtension>
            <ns3:hr>113</ns3:hr>
            <ns3:cad>0</ns3:cad>
          </ns3:TrackPointExtension>
        </extensions>
      </trkpt>
      <trkpt lat="40.4031649790704250335693359375" lon="116.68370618484914302825927734375">
        <ele>80.8000030517578125</ele>
        <time>2026-09-03T10:41:43.000Z</time>
        <extensions>
          <ns3:TrackPointExtension>
            <ns3:hr>114</ns3:hr>
            <ns3:cad>0</ns3:cad>
          </ns3:TrackPointExtension>
        </extensions>
      </trkpt>
      <trkpt lat="40.40310571901500225067138671875" lon="116.683746166527271270751953125">
        <ele>80.8000030517578125</ele>
        <time>2026-09-03T10:41:44.000Z</time>
        <extensions>
          <ns3:TrackPointExtension>
            <ns3:hr>114</ns3:hr>
            <ns3:cad>0</ns3:cad>
          </ns3:TrackPointExtension>
        </extensions>
      </trkpt>
      <trkpt lat="40.403071604669094085693359375" lon="116.68377927504479885101318359375">
        <ele>80.8000030517578125</ele>
        <time>2026-09-03T10:41:45.000Z</time>
        <extensions>
          <ns3:TrackPointExtension>
            <ns3:hr>115</ns3:hr>
            <ns3:cad>0</ns3:cad>
          </ns3:TrackPointExtension>
        </extensions>
      </trkpt>
      <trkpt lat="40.40304637514054775238037109375" lon="116.68380953371524810791015625">
        <ele>80.8000030517578125</ele>
        <time>2026-09-03T10:41:46.000Z</time>
        <extensions>
          <ns3:TrackPointExtension>
            <ns3:hr>117</ns3:hr>
            <ns3:cad>96</ns3:cad>
          </ns3:TrackPointExtension>
        </extensions>
      </trkpt>
      <trkpt lat="40.4030100814998149871826171875" lon="116.6838703863322734832763671875">
        <ele>80.8000030517578125</ele>
        <time>2026-09-03T10:41:47.000Z</time>
        <extensions>
          <ns3:TrackPointExtension>
            <ns3:hr>119</ns3:hr>
            <ns3:cad>96</ns3:cad>
          </ns3:TrackPointExtension>
        </extensions>
      </trkpt>
      <trkpt lat="40.40298753418028354644775390625" lon="116.6839226894080638885498046875">
        <ele>80.8000030517578125</ele>
        <time>2026-09-03T10:41:48.000Z</time>
        <extensions>
          <ns3:TrackPointExtension>
            <ns3:hr>121</ns3:hr>
            <ns3:cad>97</ns3:cad>
          </ns3:TrackPointExtension>
        </extensions>
      </trkpt>
      <trkpt lat="40.40296758525073528289794921875" lon="116.68399251066148281097412109375">
        <ele>80.8000030517578125</ele>
        <time>2026-09-03T10:41:49.000Z</time>
        <extensions>
          <ns3:TrackPointExtension>
            <ns3:hr>122</ns3:hr>
            <ns3:cad>98</ns3:cad>
          </ns3:TrackPointExtension>
        </extensions>
      </trkpt>
      <trkpt lat="40.4029557667672634124755859375" lon="116.68407549150288105010986328125">
        <ele>80.8000030517578125</ele>
        <time>2026-09-03T10:41:50.000Z</time>
        <extensions>
          <ns3:TrackPointExtension>
            <ns3:hr>123</ns3:hr>
            <ns3:cad>99</ns3:cad>
          </ns3:TrackPointExtension>
        </extensions>
      </trkpt>
      <trkpt lat="40.4029554314911365509033203125" lon="116.68410566635429859161376953125">
        <ele>80.8000030517578125</ele>
        <time>2026-09-03T10:41:51.000Z</time>
        <extensions>
          <ns3:TrackPointExtension>
            <ns3:hr>124</ns3:hr>
            <ns3:cad>99</ns3:cad>
          </ns3:TrackPointExtension>
        </extensions>
      </trkpt>
      <trkpt lat="40.40296129882335662841796875" lon="116.68419434688985347747802734375">
        <ele>80.8000030517578125</ele>
        <time>2026-09-03T10:41:52.000Z</time>
        <extensions>
          <ns3:TrackPointExtension>
            <ns3:hr>124</ns3:hr>
            <ns3:cad>99</ns3:cad>
          </ns3:TrackPointExtension>
        </extensions>
      </trkpt>
      <trkpt lat="40.40297160856425762176513671875" lon="116.6842448897659778594970703125">
        <ele>80.8000030517578125</ele>
        <time>2026-09-03T10:41:53.000Z</time>
        <extensions>
          <ns3:TrackPointExtension>
            <ns3:hr>125</ns3:hr>
            <ns3:cad>97</ns3:cad>
          </ns3:TrackPointExtension>
        </extensions>
      </trkpt>
      <trkpt lat="40.40299423970282077789306640625" lon="116.68431320227682590484619140625">
        <ele>80.8000030517578125</ele>
        <time>2026-09-03T10:41:54.000Z</time>
        <extensions>
          <ns3:TrackPointExtension>
            <ns3:hr>126</ns3:hr>
            <ns3:cad>97</ns3:cad>
          </ns3:TrackPointExtension>
        </extensions>
      </trkpt>
      <trkpt lat="40.40302005596458911895751953125" lon="116.684366427361965179443359375">
        <ele>80.8000030517578125</ele>
        <time>2026-09-03T10:41:55.000Z</time>
        <extensions>
          <ns3:TrackPointExtension>
            <ns3:hr>126</ns3:hr>
            <ns3:cad>96</ns3:cad>
          </ns3:TrackPointExtension>
        </extensions>
      </trkpt>
      <trkpt lat="40.4030348919332027435302734375" lon="116.68439098633825778961181640625">
        <ele>80.8000030517578125</ele>
        <time>2026-09-03T10:41:56.000Z</time>
        <extensions>
          <ns3:TrackPointExtension>
            <ns3:hr>126</ns3:hr>
            <ns3:cad>96</ns3:cad>
          </ns3:TrackPointExtension>
        </extensions>
      </trkpt>
      <trkpt lat="40.40307956747710704803466796875" lon="116.68444748036563396453857421875">
        <ele>80.8000030517578125</ele>
        <time>2026-09-03T10:41:57.000Z</time>
        <extensions>
          <ns3:TrackPointExtension>
            <ns3:hr>125</ns3:hr>
            <ns3:cad>96</ns3:cad>
          </ns3:TrackPointExtension>
        </extensions>
      </trkpt>
      <trkpt lat="40.4031126759946346282958984375" lon="116.6844782419502735137939453125">
        <ele>80.8000030517578125</ele>
        <time>2026-09-03T10:41:58.000Z</time>
        <extensions>
          <ns3:TrackPointExtension>
            <ns3:hr>123</ns3:hr>
            <ns3:cad>96</ns3:cad>
          </ns3:TrackPointExtension>
        </extensions>
      </trkpt>
      <trkpt lat="40.40316045284271240234375" lon="116.684509254992008209228515625">
        <ele>80.8000030517578125</ele>
        <time>2026-09-03T10:41:59.000Z</time>
        <extensions>
          <ns3:TrackPointExtension>
            <ns3:hr>119</ns3:hr>
            <ns3:cad>96</ns3:cad>
          </ns3:TrackPointExtension>
        </extensions>
      </trkpt>
      <trkpt lat="40.40320915170013904571533203125" lon="116.68452945537865161895751953125">
        <ele>80.8000030517578125</ele>
        <time>2026-09-03T10:42:00.000Z</time>
        <extensions>
          <ns3:TrackPointExtension>
            <ns3:hr>114</ns3:hr>
            <ns3:cad>96</ns3:cad>
          </ns3:TrackPointExtension>
        </extensions>
      </trkpt>
      <trkpt lat="40.40323555469512939453125" lon="116.6845370829105377197265625">
        <ele>80.8000030517578125</ele>
        <time>2026-09-03T10:42:01.000Z</time>
        <extensions>
          <ns3:TrackPointExtension>
            <ns3:hr>111</ns3:hr>
            <ns3:cad>95</ns3:cad>
          </ns3:TrackPointExtension>
        </extensions>
      </trkpt>
      <trkpt lat="40.4033034481108188629150390625" lon="116.68454219587147235870361328125">
        <ele>80.8000030517578125</ele>
        <time>2026-09-03T10:42:02.000Z</time>
        <extensions>
          <ns3:TrackPointExtension>
            <ns3:hr>111</ns3:hr>
            <ns3:cad>95</ns3:cad>
          </ns3:TrackPointExtension>
        </extensions>
      </trkpt>
      <trkpt lat="40.40333144366741180419921875" lon="116.6845426149666309356689453125">
        <ele>80.8000030517578125</ele>
        <time>2026-09-03T10:42:03.000Z</time>
        <extensions>
          <ns3:TrackPointExtension>
            <ns3:hr>112</ns3:hr>
            <ns3:cad>94</ns3:cad>
          </ns3:TrackPointExtension>
        </extensions>
      </trkpt>
      <trkpt lat="40.4033792205154895782470703125" lon="116.68454336933791637420654296875">
        <ele>80.8000030517578125</ele>
        <time>2026-09-03T10:42:04.000Z</time>
        <extensions>
          <ns3:TrackPointExtension>
            <ns3:hr>114</ns3:hr>
            <ns3:cad>94</ns3:cad>
          </ns3:TrackPointExtension>
        </extensions>
      </trkpt>
      <trkpt lat="40.40344619192183017730712890625" lon="116.68454437516629695892333984375">
        <ele>80.8000030517578125</ele>
        <time>2026-09-03T10:42:05.000Z</time>
        <extensions>
          <ns3:TrackPointExtension>
            <ns3:hr>115</ns3:hr>
            <ns3:cad>95</ns3:cad>
          </ns3:TrackPointExtension>
        </extensions>
      </trkpt>
      <trkpt lat="40.4034643806517124176025390625" lon="116.68454471044242382049560546875">
        <ele>80.8000030517578125</ele>
        <time>2026-09-03T10:42:06.000Z</time>
        <extensions>
          <ns3:TrackPointExtension>
            <ns3:hr>117</ns3:hr>
            <ns3:cad>95</ns3:cad>
          </ns3:TrackPointExtension>
        </extensions>
      </trkpt>
      <trkpt lat="40.4035311006009578704833984375" lon="116.68454571627080440521240234375">
        <ele>80.8000030517578125</ele>
        <time>2026-09-03T10:42:07.000Z</time>
        <extensions>
          <ns3:TrackPointExtension>
            <ns3:hr>119</ns3:hr>
            <ns3:cad>97</ns3:cad>
          </ns3:TrackPointExtension>
        </extensions>
      </trkpt>
      <trkpt lat="40.40355415083467960357666015625" lon="116.68454605154693126678466796875">
        <ele>80.8000030517578125</ele>
        <time>2026-09-03T10:42:08.000Z</time>
        <extensions>
          <ns3:TrackPointExtension>
            <ns3:hr>120</ns3:hr>
            <ns3:cad>97</ns3:cad>
          </ns3:TrackPointExtension>
        </extensions>
      </trkpt>
      <trkpt lat="40.40360729210078716278076171875" lon="116.68454688973724842071533203125">
        <ele>80.8000030517578125</ele>
        <time>2026-09-03T10:42:09.000Z</time>
        <extensions>
          <ns3:TrackPointExtension>
            <ns3:hr>122</ns3:hr>
            <ns3:cad>97</ns3:cad>
          </ns3:TrackPointExtension>
        </extensions>
      </trkpt>
      <trkpt lat="40.40365062654018402099609375" lon="116.68454756028950214385986328125">
        <ele>80.8000030517578125</ele>
        <time>2026-09-03T10:42:10.000Z</time>
        <extensions>
          <ns3:TrackPointExtension>
            <ns3:hr>124</ns3:hr>
            <ns3:cad>97</ns3:cad>
          </ns3:TrackPointExtension>
        </extensions>
      </trkpt>
      <trkpt lat="40.40368490852415561676025390625" lon="116.684548147022724151611328125">
        <ele>80.8000030517578125</ele>
        <time>2026-09-03T10:42:11.000Z</time>
        <extensions>
          <ns3:TrackPointExtension>
            <ns3:hr>125</ns3:hr>
            <ns3:cad>94</ns3:cad>
          </ns3:TrackPointExtension>
        </extensions>
      </trkpt>
      <trkpt lat="40.40374710224568843841552734375" lon="116.68454906903207302093505859375">
        <ele>80.8000030517578125</ele>
        <time>2026-09-03T10:42:12.000Z</time>
        <extensions>
          <ns3:TrackPointExtension>
            <ns3:hr>126</ns3:hr>
            <ns3:cad>94</ns3:cad>
          </ns3:TrackPointExtension>
        </extensions>
      </trkpt>
      <trkpt lat="40.40376721881330013275146484375" lon="116.68454940430819988250732421875">
        <ele>80.8000030517578125</ele>
        <time>2026-09-03T10:42:13.000Z</time>
        <extensions>
          <ns3:TrackPointExtension>
            <ns3:hr>128</ns3:hr>
            <ns3:cad>95</ns3:cad>
          </ns3:TrackPointExtension>
        </extensions>
      </trkpt>
      <trkpt lat="40.40383159182965755462646484375" lon="116.68455041013658046722412109375">
        <ele>80.8000030517578125</ele>
        <time>2026-09-03T10:42:14.000Z</time>
        <extensions>
          <ns3:TrackPointExtension>
            <ns3:hr>129</ns3:hr>
            <ns3:cad>96</ns3:cad>
          </ns3:TrackPointExtension>
        </extensions>
      </trkpt>
      <trkpt lat="40.40386386215686798095703125" lon="116.68455091305077075958251953125">
        <ele>80.8000030517578125</ele>
        <time>2026-09-03T10:42:15.000Z</time>
        <extensions>
          <ns3:TrackPointExtension>
            <ns3:hr>131</ns3:hr>
            <ns3:cad>96</ns3:cad>
          </ns3:TrackPointExtension>
        </extensions>
      </trkpt>
      <trkpt lat="40.403914153575897216796875" lon="116.6845516674220561981201171875">
        <ele>80.8000030517578125</ele>
        <time>2026-09-03T10:42:16.000Z</time>
        <extensions>
          <ns3:TrackPointExtension>
            <ns3:hr>132</ns3:hr>
            <ns3:cad>96</ns3:cad>
          </ns3:TrackPointExtension>
        </extensions>
      </trkpt>
      <trkpt lat="40.40397224016487598419189453125" lon="116.68455258943140506744384765625">
        <ele>80.8000030517578125</ele>
        <time>2026-09-03T10:42:17.000Z</time>
        <extensions>
          <ns3:TrackPointExtension>
            <ns3:hr>133</ns3:hr>
            <ns3:cad>95</ns3:cad>
          </ns3:TrackPointExtension>
        </extensions>
      </trkpt>
      <trkpt lat="40.40399285964667797088623046875" lon="116.68455292470753192901611328125">
        <ele>80.8000030517578125</ele>
        <time>2026-09-03T10:42:18.000Z</time>
        <extensions>
          <ns3:TrackPointExtension>
            <ns3:hr>135</ns3:hr>
            <ns3:cad>94</ns3:cad>
          </ns3:TrackPointExtension>
        </extensions>
      </trkpt>
      <trkpt lat="40.40405564010143280029296875" lon="116.68455258943140506744384765625">
        <ele>80.8000030517578125</ele>
        <time>2026-09-03T10:42:19.000Z</time>
        <extensions>
          <ns3:TrackPointExtension>
            <ns3:hr>136</ns3:hr>
            <ns3:cad>94</ns3:cad>
          </ns3:TrackPointExtension>
        </extensions>
      </trkpt>
      <trkpt lat="40.4040866531431674957275390625" lon="116.68455024249851703643798828125">
        <ele>80.8000030517578125</ele>
        <time>2026-09-03T10:42:20.000Z</time>
        <extensions>
          <ns3:TrackPointExtension>
            <ns3:hr>137</ns3:hr>
            <ns3:cad>94</ns3:cad>
          </ns3:TrackPointExtension>
        </extensions>
      </trkpt>
      <trkpt lat="40.4041362740099430084228515625" lon="116.68453641235828399658203125">
        <ele>80.8000030517578125</ele>
        <time>2026-09-03T10:42:21.000Z</time>
        <extensions>
          <ns3:TrackPointExtension>
            <ns3:hr>139</ns3:hr>
            <ns3:cad>95</ns3:cad>
          </ns3:TrackPointExtension>
        </extensions>
      </trkpt>
      <trkpt lat="40.40418597869575023651123046875" lon="116.68451135046780109405517578125">
        <ele>80.8000030517578125</ele>
        <time>2026-09-03T10:42:22.000Z</time>
        <extensions>
          <ns3:TrackPointExtension>
            <ns3:hr>140</ns3:hr>
            <ns3:cad>96</ns3:cad>
          </ns3:TrackPointExtension>
        </extensions>
      </trkpt>
      <trkpt lat="40.40422252379357814788818359375" lon="116.68448503129184246063232421875">
        <ele>80.8000030517578125</ele>
        <time>2026-09-03T10:42:23.000Z</time>
        <extensions>
          <ns3:TrackPointExtension>
            <ns3:hr>141</ns3:hr>
            <ns3:cad>97</ns3:cad>
          </ns3:TrackPointExtension>
        </extensions>
      </trkpt>
      <trkpt lat="40.40425487793982028961181640625" lon="116.68445435352623462677001953125">
        <ele>80.8000030517578125</ele>
        <time>2026-09-03T10:42:24.000Z</time>
        <extensions>
          <ns3:TrackPointExtension>
            <ns3:hr>142</ns3:hr>
            <ns3:cad>97</ns3:cad>
          </ns3:TrackPointExtension>
        </extensions>
      </trkpt>
      <trkpt lat="40.404274575412273406982421875" lon="116.684430800378322601318359375">
        <ele>80.8000030517578125</ele>
        <time>2026-09-03T10:42:25.000Z</time>
        <extensions>
          <ns3:TrackPointExtension>
            <ns3:hr>143</ns3:hr>
            <ns3:cad>96</ns3:cad>
          </ns3:TrackPointExtension>
        </extensions>
      </trkpt>
      <trkpt lat="40.40430684573948383331298828125" lon="116.6843833588063716888427734375">
        <ele>80.8000030517578125</ele>
        <time>2026-09-03T10:42:26.000Z</time>
        <extensions>
          <ns3:TrackPointExtension>
            <ns3:hr>144</ns3:hr>
            <ns3:cad>96</ns3:cad>
          </ns3:TrackPointExtension>
        </extensions>
      </trkpt>
      <trkpt lat="40.40432788431644439697265625" lon="116.68434203602373600006103515625">
        <ele>80.8000030517578125</ele>
        <time>2026-09-03T10:42:27.000Z</time>
        <extensions>
          <ns3:TrackPointExtension>
            <ns3:hr>145</ns3:hr>
            <ns3:cad>96</ns3:cad>
          </ns3:TrackPointExtension>
        </extensions>
      </trkpt>
      <trkpt lat="40.40434255264699459075927734375" lon="116.68430599384009838104248046875">
        <ele>80.8000030517578125</ele>
        <time>2026-09-03T10:42:28.000Z</time>
        <extensions>
          <ns3:TrackPointExtension>
            <ns3:hr>146</ns3:hr>
            <ns3:cad>96</ns3:cad>
          </ns3:TrackPointExtension>
        </extensions>
      </trkpt>
      <trkpt lat="40.404359400272369384765625" lon="116.68424933217465877532958984375">
        <ele>80.8000030517578125</ele>
        <time>2026-09-03T10:42:29.000Z</time>
        <extensions>
          <ns3:TrackPointExtension>
            <ns3:hr>146</ns3:hr>
            <ns3:cad>96</ns3:cad>
          </ns3:TrackPointExtension>
        </extensions>
      </trkpt>
      <trkpt lat="40.40436350740492343902587890625" lon="116.6842308081686496734619140625">
        <ele>80.8000030517578125</ele>
        <time>2026-09-03T10:42:30.000Z</time>
        <extensions>
          <ns3:TrackPointExtension>
            <ns3:hr>147</ns3:hr>
            <ns3:cad>95</ns3:cad>
          </ns3:TrackPointExtension>
        </extensions>
      </trkpt>
      <trkpt lat="40.4043729789555072784423828125" lon="116.6841637529432773590087890625">
        <ele>80.8000030517578125</ele>
        <time>2026-09-03T10:42:31.000Z</time>
        <extensions>
          <ns3:TrackPointExtension>
            <ns3:hr>148</ns3:hr>
            <ns3:cad>95</ns3:cad>
          </ns3:TrackPointExtension>
        </extensions>
      </trkpt>
      <trkpt lat="40.40437406860291957855224609375" lon="116.68413567356765270233154296875">
        <ele>80.8000030517578125</ele>
        <time>2026-09-03T10:42:32.000Z</time>
        <extensions>
          <ns3:TrackPointExtension>
            <ns3:hr>149</ns3:hr>
            <ns3:cad>95</ns3:cad>
          </ns3:TrackPointExtension>
        </extensions>
      </trkpt>
      <trkpt lat="40.4043729789555072784423828125" lon="116.68408068828284740447998046875">
        <ele>80.8000030517578125</ele>
        <time>2026-09-03T10:42:33.000Z</time>
        <extensions>
          <ns3:TrackPointExtension>
            <ns3:hr>149</ns3:hr>
            <ns3:cad>94</ns3:cad>
          </ns3:TrackPointExtension>
        </extensions>
      </trkpt>
      <trkpt lat="40.40436736308038234710693359375" lon="116.684030480682849884033203125">
        <ele>80.8000030517578125</ele>
        <time>2026-09-03T10:42:34.000Z</time>
        <extensions>
          <ns3:TrackPointExtension>
            <ns3:hr>150</ns3:hr>
            <ns3:cad>93</ns3:cad>
          </ns3:TrackPointExtension>
        </extensions>
      </trkpt>
      <trkpt lat="40.40436199866235256195068359375" lon="116.6840041615068912506103515625">
        <ele>80.8000030517578125</ele>
        <time>2026-09-03T10:42:35.000Z</time>
        <extensions>
          <ns3:TrackPointExtension>
            <ns3:hr>150</ns3:hr>
            <ns3:cad>93</ns3:cad>
          </ns3:TrackPointExtension>
        </extensions>
      </trkpt>
      <trkpt lat="40.40434255264699459075927734375" lon="116.68393484316766262054443359375">
        <ele>80.8000030517578125</ele>
        <time>2026-09-03T10:42:36.000Z</time>
        <extensions>
          <ns3:TrackPointExtension>
            <ns3:hr>151</ns3:hr>
            <ns3:cad>93</ns3:cad>
          </ns3:TrackPointExtension>
        </extensions>
      </trkpt>
      <trkpt lat="40.404337607324123382568359375" lon="116.68392143212258815765380859375">
        <ele>80.8000030517578125</ele>
        <time>2026-09-03T10:42:37.000Z</time>
        <extensions>
          <ns3:TrackPointExtension>
            <ns3:hr>151</ns3:hr>
            <ns3:cad>93</ns3:cad>
          </ns3:TrackPointExtension>
        </extensions>
      </trkpt>
      <trkpt lat="40.404308773577213287353515625" lon="116.68386208824813365936279296875">
        <ele>80.8000030517578125</ele>
        <time>2026-09-03T10:42:38.000Z</time>
        <extensions>
          <ns3:TrackPointExtension>
            <ns3:hr>152</ns3:hr>
            <ns3:cad>96</ns3:cad>
          </ns3:TrackPointExtension>
        </extensions>
      </trkpt>
      <trkpt lat="40.40429435670375823974609375" lon="116.68383828364312648773193359375">
        <ele>80.8000030517578125</ele>
        <time>2026-09-03T10:42:39.000Z</time>
        <extensions>
          <ns3:TrackPointExtension>
            <ns3:hr>152</ns3:hr>
            <ns3:cad>96</ns3:cad>
          </ns3:TrackPointExtension>
        </extensions>
      </trkpt>
      <trkpt lat="40.404265187680721282958984375" lon="116.68379939161241054534912109375">
        <ele>80.8000030517578125</ele>
        <time>2026-09-03T10:42:40.000Z</time>
        <extensions>
          <ns3:TrackPointExtension>
            <ns3:hr>152</ns3:hr>
            <ns3:cad>95</ns3:cad>
          </ns3:TrackPointExtension>
        </extensions>
      </trkpt>
      <trkpt lat="40.40423258207738399505615234375" lon="116.68376569636166095733642578125">
        <ele>80.8000030517578125</ele>
        <time>2026-09-03T10:42:41.000Z</time>
        <extensions>
          <ns3:TrackPointExtension>
            <ns3:hr>153</ns3:hr>
            <ns3:cad>95</ns3:cad>
          </ns3:TrackPointExtension>
        </extensions>
      </trkpt>
      <trkpt lat="40.40421254932880401611328125" lon="116.6837485134601593017578125">
        <ele>80.8000030517578125</ele>
        <time>2026-09-03T10:42:42.000Z</time>
        <extensions>
          <ns3:TrackPointExtension>
            <ns3:hr>153</ns3:hr>
            <ns3:cad>95</ns3:cad>
          </ns3:TrackPointExtension>
        </extensions>
      </trkpt>
      <trkpt lat="40.40416385047137737274169921875" lon="116.683718003332614898681640625">
        <ele>80.8000030517578125</ele>
        <time>2026-09-03T10:42:43.000Z</time>
        <extensions>
          <ns3:TrackPointExtension>
            <ns3:hr>153</ns3:hr>
            <ns3:cad>93</ns3:cad>
          </ns3:TrackPointExtension>
        </extensions>
      </trkpt>
      <trkpt lat="40.40415429510176181793212890625" lon="116.683713309466838836669921875">
        <ele>80.8000030517578125</ele>
        <time>2026-09-03T10:42:44.000Z</time>
        <extensions>
          <ns3:TrackPointExtension>
            <ns3:hr>153</ns3:hr>
            <ns3:cad>93</ns3:cad>
          </ns3:TrackPointExtension>
        </extensions>
      </trkpt>
      <trkpt lat="40.4040963761508464813232421875" lon="116.68369344435632228851318359375">
        <ele>80.8000030517578125</ele>
        <time>2026-09-03T10:42:45.000Z</time>
        <extensions>
          <ns3:TrackPointExtension>
            <ns3:hr>154</ns3:hr>
            <ns3:cad>95</ns3:cad>
          </ns3:TrackPointExtension>
        </extensions>
      </trkpt>
      <trkpt lat="40.4040769301354885101318359375" lon="116.68369092978537082672119140625">
        <ele>80.8000030517578125</ele>
        <time>2026-09-03T10:42:46.000Z</time>
        <extensions>
          <ns3:TrackPointExtension>
            <ns3:hr>154</ns3:hr>
            <ns3:cad>95</ns3:cad>
          </ns3:TrackPointExtension>
        </extensions>
      </trkpt>
      <trkpt lat="40.4040273092687129974365234375" lon="116.68368774466216564178466796875">
        <ele>80.8000030517578125</ele>
        <time>2026-09-03T10:42:47.000Z</time>
        <extensions>
          <ns3:TrackPointExtension>
            <ns3:hr>154</ns3:hr>
            <ns3:cad>95</ns3:cad>
          </ns3:TrackPointExtension>
        </extensions>
      </trkpt>
      <trkpt lat="40.40399101562798023223876953125" lon="116.683687157928943634033203125">
        <ele>80.8000030517578125</ele>
        <time>2026-09-03T10:42:48.000Z</time>
        <extensions>
          <ns3:TrackPointExtension>
            <ns3:hr>154</ns3:hr>
            <ns3:cad>94</ns3:cad>
          </ns3:TrackPointExtension>
        </extensions>
      </trkpt>
      <trkpt lat="40.4039542190730571746826171875" lon="116.68368657119572162628173828125">
        <ele>80.8000030517578125</ele>
        <time>2026-09-03T10:42:49.000Z</time>
        <extensions>
          <ns3:TrackPointExtension>
            <ns3:hr>155</ns3:hr>
            <ns3:cad>93</ns3:cad>
          </ns3:TrackPointExtension>
        </extensions>
      </trkpt>
      <trkpt lat="40.403907783329486846923828125" lon="116.683685816824436187744140625">
        <ele>80.8000030517578125</ele>
        <time>2026-09-03T10:42:50.000Z</time>
        <extensions>
          <ns3:TrackPointExtension>
            <ns3:hr>155</ns3:hr>
            <ns3:cad>93</ns3:cad>
          </ns3:TrackPointExtension>
        </extensions>
      </trkpt>
      <trkpt lat="40.4038846492767333984375" lon="116.683685481548309326171875">
        <ele>80.8000030517578125</ele>
        <time>2026-09-03T10:42:51.000Z</time>
        <extensions>
          <ns3:TrackPointExtension>
            <ns3:hr>155</ns3:hr>
            <ns3:cad>93</ns3:cad>
          </ns3:TrackPointExtension>
        </extensions>
      </trkpt>
      <trkpt lat="40.40382404811680316925048828125" lon="116.68368455953896045684814453125">
        <ele>80.8000030517578125</ele>
        <time>2026-09-03T10:42:52.000Z</time>
        <extensions>
          <ns3:TrackPointExtension>
            <ns3:hr>155</ns3:hr>
            <ns3:cad>92</ns3:cad>
          </ns3:TrackPointExtension>
        </extensions>
      </trkpt>
      <trkpt lat="40.4038110561668872833251953125" lon="116.6836843080818653106689453125">
        <ele>80.8000030517578125</ele>
        <time>2026-09-03T10:42:53.000Z</time>
        <extensions>
          <ns3:TrackPointExtension>
            <ns3:hr>155</ns3:hr>
            <ns3:cad>92</ns3:cad>
          </ns3:TrackPointExtension>
        </extensions>
      </trkpt>
      <trkpt lat="40.40374944917857646942138671875" lon="116.68368338607251644134521484375">
        <ele>80.8000030517578125</ele>
        <time>2026-09-03T10:42:54.000Z</time>
        <extensions>
          <ns3:TrackPointExtension>
            <ns3:hr>155</ns3:hr>
            <ns3:cad>92</ns3:cad>
          </ns3:TrackPointExtension>
        </extensions>
      </trkpt>
      <trkpt lat="40.40373620577156543731689453125" lon="116.683683134615421295166015625">
        <ele>80.8000030517578125</ele>
        <time>2026-09-03T10:42:55.000Z</time>
        <extensions>
          <ns3:TrackPointExtension>
            <ns3:hr>155</ns3:hr>
            <ns3:cad>92</ns3:cad>
          </ns3:TrackPointExtension>
        </extensions>
      </trkpt>
      <trkpt lat="40.4036772809922695159912109375" lon="116.68368221260607242584228515625">
        <ele>80.8000030517578125</ele>
        <time>2026-09-03T10:42:56.000Z</time>
        <extensions>
          <ns3:TrackPointExtension>
            <ns3:hr>156</ns3:hr>
            <ns3:cad>92</ns3:cad>
          </ns3:TrackPointExtension>
        </extensions>
      </trkpt>
      <trkpt lat="40.4036611877381801605224609375" lon="116.6836819611489772796630859375">
        <ele>80.8000030517578125</ele>
        <time>2026-09-03T10:42:57.000Z</time>
        <extensions>
          <ns3:TrackPointExtension>
            <ns3:hr>156</ns3:hr>
            <ns3:cad>92</ns3:cad>
          </ns3:TrackPointExtension>
        </extensions>
      </trkpt>
      <trkpt lat="40.40361307561397552490234375" lon="116.6836812905967235565185546875">
        <ele>80.8000030517578125</ele>
        <time>2026-09-03T10:42:58.000Z</time>
        <extensions>
          <ns3:TrackPointExtension>
            <ns3:hr>156</ns3:hr>
            <ns3:cad>92</ns3:cad>
          </ns3:TrackPointExtension>
        </extensions>
      </trkpt>
      <trkpt lat="40.40357762016355991363525390625" lon="116.68368070386350154876708984375">
        <ele>80.8000030517578125</ele>
        <time>2026-09-03T10:42:59.000Z</time>
        <extensions>
          <ns3:TrackPointExtension>
            <ns3:hr>156</ns3:hr>
            <ns3:cad>92</ns3:cad>
          </ns3:TrackPointExtension>
        </extensions>
      </trkpt>
      <trkpt lat="40.40352934040129184722900390625" lon="116.6836799494922161102294921875">
        <ele>80.8000030517578125</ele>
        <time>2026-09-03T10:43:00.000Z</time>
        <extensions>
          <ns3:TrackPointExtension>
            <ns3:hr>156</ns3:hr>
            <ns3:cad>91</ns3:cad>
          </ns3:TrackPointExtension>
        </extensions>
      </trkpt>
      <trkpt lat="40.40348156355321407318115234375" lon="116.68367919512093067169189453125">
        <ele>80.8000030517578125</ele>
        <time>2026-09-03T10:43:01.000Z</time>
        <extensions>
          <ns3:TrackPointExtension>
            <ns3:hr>155</ns3:hr>
            <ns3:cad>91</ns3:cad>
          </ns3:TrackPointExtension>
        </extensions>
      </trkpt>
      <trkpt lat="40.40345390327274799346923828125" lon="116.6836787760257720947265625">
        <ele>80.8000030517578125</ele>
        <time>2026-09-03T10:43:02.000Z</time>
        <extensions>
          <ns3:TrackPointExtension>
            <ns3:hr>156</ns3:hr>
            <ns3:cad>91</ns3:cad>
          </ns3:TrackPointExtension>
        </extensions>
      </trkpt>
      <trkpt lat="40.4033986665308475494384765625" lon="116.6836779378354549407958984375">
        <ele>80.8000030517578125</ele>
        <time>2026-09-03T10:43:03.000Z</time>
        <extensions>
          <ns3:TrackPointExtension>
            <ns3:hr>156</ns3:hr>
            <ns3:cad>94</ns3:cad>
          </ns3:TrackPointExtension>
        </extensions>
      </trkpt>
      <trkpt lat="40.40337712503969669342041015625" lon="116.6836776025593280792236328125">
        <ele>80.8000030517578125</ele>
        <time>2026-09-03T10:43:04.000Z</time>
        <extensions>
          <ns3:TrackPointExtension>
            <ns3:hr>156</ns3:hr>
            <ns3:cad>95</ns3:cad>
          </ns3:TrackPointExtension>
        </extensions>
      </trkpt>
      <trkpt lat="40.4033119976520538330078125" lon="116.6836765967309474945068359375">
        <ele>80.8000030517578125</ele>
        <time>2026-09-03T10:43:05.000Z</time>
        <extensions>
          <ns3:TrackPointExtension>
            <ns3:hr>156</ns3:hr>
            <ns3:cad>95</ns3:cad>
          </ns3:TrackPointExtension>
        </extensions>
      </trkpt>
      <trkpt lat="40.40328358300030231475830078125" lon="116.68367651291191577911376953125">
        <ele>80.8000030517578125</ele>
        <time>2026-09-03T10:43:06.000Z</time>
        <extensions>
          <ns3:TrackPointExtension>
            <ns3:hr>157</ns3:hr>
            <ns3:cad>95</ns3:cad>
          </ns3:TrackPointExtension>
        </extensions>
      </trkpt>
      <trkpt lat="40.4032330401241779327392578125" lon="116.68368212878704071044921875">
        <ele>80.8000030517578125</ele>
        <time>2026-09-03T10:43:07.000Z</time>
        <extensions>
          <ns3:TrackPointExtension>
            <ns3:hr>157</ns3:hr>
            <ns3:cad>95</ns3:cad>
          </ns3:TrackPointExtension>
        </extensions>
      </trkpt>
      <trkpt lat="40.4031975008547306060791015625" lon="116.68369160033762454986572265625">
        <ele>80.8000030517578125</ele>
        <time>2026-09-03T10:43:08.000Z</time>
        <extensions>
          <ns3:TrackPointExtension>
            <ns3:hr>157</ns3:hr>
            <ns3:cad>95</ns3:cad>
          </ns3:TrackPointExtension>
        </extensions>
      </trkpt>
      <trkpt lat="40.4031676612794399261474609375" lon="116.68370501138269901275634765625">
        <ele>80.8000030517578125</ele>
        <time>2026-09-03T10:43:09.000Z</time>
        <extensions>
          <ns3:TrackPointExtension>
            <ns3:hr>157</ns3:hr>
            <ns3:cad>95</ns3:cad>
          </ns3:TrackPointExtension>
        </extensions>
      </trkpt>
      <trkpt lat="40.4031161963939666748046875" lon="116.68373669497668743133544921875">
        <ele>80.8000030517578125</ele>
        <time>2026-09-03T10:43:10.000Z</time>
        <extensions>
          <ns3:TrackPointExtension>
            <ns3:hr>158</ns3:hr>
            <ns3:cad>95</ns3:cad>
          </ns3:TrackPointExtension>
        </extensions>
      </trkpt>
      <trkpt lat="40.40309264324605464935302734375" lon="116.68375798501074314117431640625">
        <ele>80.8000030517578125</ele>
        <time>2026-09-03T10:43:11.000Z</time>
        <extensions>
          <ns3:TrackPointExtension>
            <ns3:hr>158</ns3:hr>
            <ns3:cad>95</ns3:cad>
          </ns3:TrackPointExtension>
        </extensions>
      </trkpt>
      <trkpt lat="40.40305207483470439910888671875" lon="116.6838026605546474456787109375">
        <ele>80.8000030517578125</ele>
        <time>2026-09-03T10:43:12.000Z</time>
        <extensions>
          <ns3:TrackPointExtension>
            <ns3:hr>158</ns3:hr>
            <ns3:cad>95</ns3:cad>
          </ns3:TrackPointExtension>
        </extensions>
      </trkpt>
      <trkpt lat="40.40303983725607395172119140625" lon="116.68381967581808567047119140625">
        <ele>80.8000030517578125</ele>
        <time>2026-09-03T10:43:13.000Z</time>
        <extensions>
          <ns3:TrackPointExtension>
            <ns3:hr>158</ns3:hr>
            <ns3:cad>95</ns3:cad>
          </ns3:TrackPointExtension>
        </extensions>
      </trkpt>
      <trkpt lat="40.40300128050148487091064453125" lon="116.68388891033828258514404296875">
        <ele>80.8000030517578125</ele>
        <time>2026-09-03T10:43:14.000Z</time>
        <extensions>
          <ns3:TrackPointExtension>
            <ns3:hr>158</ns3:hr>
            <ns3:cad>95</ns3:cad>
          </ns3:TrackPointExtension>
        </extensions>
      </trkpt>
      <trkpt lat="40.40298753418028354644775390625" lon="116.68392277322709560394287109375">
        <ele>80.8000030517578125</ele>
        <time>2026-09-03T10:43:15.000Z</time>
        <extensions>
          <ns3:TrackPointExtension>
            <ns3:hr>158</ns3:hr>
            <ns3:cad>92</ns3:cad>
          </ns3:TrackPointExtension>
        </extensions>
      </trkpt>
      <trkpt lat="40.40297177620232105255126953125" lon="116.6839738190174102783203125">
        <ele>80.8000030517578125</ele>
        <time>2026-09-03T10:43:16.000Z</time>
        <extensions>
          <ns3:TrackPointExtension>
            <ns3:hr>159</ns3:hr>
            <ns3:cad>92</ns3:cad>
          </ns3:TrackPointExtension>
        </extensions>
      </trkpt>
      <trkpt lat="40.4029584489762783050537109375" lon="116.68405068106949329376220703125">
        <ele>80.8000030517578125</ele>
        <time>2026-09-03T10:43:17.000Z</time>
        <extensions>
          <ns3:TrackPointExtension>
            <ns3:hr>159</ns3:hr>
            <ns3:cad>93</ns3:cad>
          </ns3:TrackPointExtension>
        </extensions>
      </trkpt>
      <trkpt lat="40.40295568294823169708251953125" lon="116.68408303521573543548583984375">
        <ele>80.8000030517578125</ele>
        <time>2026-09-03T10:43:18.000Z</time>
        <extensions>
          <ns3:TrackPointExtension>
            <ns3:hr>159</ns3:hr>
            <ns3:cad>95</ns3:cad>
          </ns3:TrackPointExtension>
        </extensions>
      </trkpt>
      <trkpt lat="40.4029594548046588897705078125" lon="116.68417758308351039886474609375">
        <ele>80.8000030517578125</ele>
        <time>2026-09-03T10:43:19.000Z</time>
        <extensions>
          <ns3:TrackPointExtension>
            <ns3:hr>158</ns3:hr>
            <ns3:cad>95</ns3:cad>
          </ns3:TrackPointExtension>
        </extensions>
      </trkpt>
      <trkpt lat="40.40296356193721294403076171875" lon="116.68420557864010334014892578125">
        <ele>80.8000030517578125</ele>
        <time>2026-09-03T10:43:20.000Z</time>
        <extensions>
          <ns3:TrackPointExtension>
            <ns3:hr>159</ns3:hr>
            <ns3:cad>95</ns3:cad>
          </ns3:TrackPointExtension>
        </extensions>
      </trkpt>
      <trkpt lat="40.402985103428363800048828125" lon="116.68428872711956501007080078125">
        <ele>80.8000030517578125</ele>
        <time>2026-09-03T10:43:21.000Z</time>
        <extensions>
          <ns3:TrackPointExtension>
            <ns3:hr>159</ns3:hr>
            <ns3:cad>95</ns3:cad>
          </ns3:TrackPointExtension>
        </extensions>
      </trkpt>
      <trkpt lat="40.4029913060367107391357421875" lon="116.684306748211383819580078125">
        <ele>80.8000030517578125</ele>
        <time>2026-09-03T10:43:22.000Z</time>
        <extensions>
          <ns3:TrackPointExtension>
            <ns3:hr>159</ns3:hr>
            <ns3:cad>92</ns3:cad>
          </ns3:TrackPointExtension>
        </extensions>
      </trkpt>
      <trkpt lat="40.40302726440131664276123046875" lon="116.6843783296644687652587890625">
        <ele>80.8000030517578125</ele>
        <time>2026-09-03T10:43:23.000Z</time>
        <extensions>
          <ns3:TrackPointExtension>
            <ns3:hr>159</ns3:hr>
            <ns3:cad>92</ns3:cad>
          </ns3:TrackPointExtension>
        </extensions>
      </trkpt>
      <trkpt lat="40.403045117855072021484375" lon="116.68440607376396656036376953125">
        <ele>80.8000030517578125</ele>
        <time>2026-09-03T10:43:24.000Z</time>
        <extensions>
          <ns3:TrackPointExtension>
            <ns3:hr>159</ns3:hr>
            <ns3:cad>92</ns3:cad>
          </ns3:TrackPointExtension>
        </extensions>
      </trkpt>
      <trkpt lat="40.4030794836580753326416015625" lon="116.6844473965466022491455078125">
        <ele>80.8000030517578125</ele>
        <time>2026-09-03T10:43:25.000Z</time>
        <extensions>
          <ns3:TrackPointExtension>
            <ns3:hr>158</ns3:hr>
            <ns3:cad>93</ns3:cad>
          </ns3:TrackPointExtension>
        </extensions>
      </trkpt>
      <trkpt lat="40.4031109996140003204345703125" lon="116.684477068483829498291015625">
        <ele>80.8000030517578125</ele>
        <time>2026-09-03T10:43:26.000Z</time>
        <extensions>
          <ns3:TrackPointExtension>
            <ns3:hr>159</ns3:hr>
            <ns3:cad>93</ns3:cad>
          </ns3:TrackPointExtension>
        </extensions>
      </trkpt>
      <trkpt lat="40.40315533988177776336669921875" lon="116.68450682424008846282958984375">
        <ele>80.8000030517578125</ele>
        <time>2026-09-03T10:43:27.000Z</time>
        <extensions>
          <ns3:TrackPointExtension>
            <ns3:hr>159</ns3:hr>
            <ns3:cad>93</ns3:cad>
          </ns3:TrackPointExtension>
        </extensions>
      </trkpt>
      <trkpt lat="40.40319423191249370574951171875" lon="116.68452509678900241851806640625">
        <ele>80.8000030517578125</ele>
        <time>2026-09-03T10:43:28.000Z</time>
        <extensions>
          <ns3:TrackPointExtension>
            <ns3:hr>159</ns3:hr>
            <ns3:cad>93</ns3:cad>
          </ns3:TrackPointExtension>
        </extensions>
      </trkpt>
      <trkpt lat="40.403230525553226470947265625" lon="116.6845355741679668426513671875">
        <ele>80.8000030517578125</ele>
        <time>2026-09-03T10:43:29.000Z</time>
        <extensions>
          <ns3:TrackPointExtension>
            <ns3:hr>158</ns3:hr>
            <ns3:cad>93</ns3:cad>
          </ns3:TrackPointExtension>
        </extensions>
      </trkpt>
      <trkpt lat="40.4032783024013042449951171875" lon="116.6845416091382503509521484375">
        <ele>80.8000030517578125</ele>
        <time>2026-09-03T10:43:30.000Z</time>
        <extensions>
          <ns3:TrackPointExtension>
            <ns3:hr>158</ns3:hr>
            <ns3:cad>91</ns3:cad>
          </ns3:TrackPointExtension>
        </extensions>
      </trkpt>
      <trkpt lat="40.40329347364604473114013671875" lon="116.68454202823340892791748046875">
        <ele>80.8000030517578125</ele>
        <time>2026-09-03T10:43:31.000Z</time>
        <extensions>
          <ns3:TrackPointExtension>
            <ns3:hr>158</ns3:hr>
            <ns3:cad>91</ns3:cad>
          </ns3:TrackPointExtension>
        </extensions>
      </trkpt>
      <trkpt lat="40.4033567570149898529052734375" lon="116.68454303406178951263427734375">
        <ele>80.8000030517578125</ele>
        <time>2026-09-03T10:43:32.000Z</time>
        <extensions>
          <ns3:TrackPointExtension>
            <ns3:hr>158</ns3:hr>
            <ns3:cad>92</ns3:cad>
          </ns3:TrackPointExtension>
        </extensions>
      </trkpt>
      <trkpt lat="40.4033736884593963623046875" lon="116.6845432855188846588134765625">
        <ele>80.8000030517578125</ele>
        <time>2026-09-03T10:43:33.000Z</time>
        <extensions>
          <ns3:TrackPointExtension>
            <ns3:hr>158</ns3:hr>
            <ns3:cad>92</ns3:cad>
          </ns3:TrackPointExtension>
        </extensions>
      </trkpt>
      <trkpt lat="40.40342557244002819061279296875" lon="116.68454403989017009735107421875">
        <ele>80.8000030517578125</ele>
        <time>2026-09-03T10:43:34.000Z</time>
        <extensions>
          <ns3:TrackPointExtension>
            <ns3:hr>159</ns3:hr>
            <ns3:cad>94</ns3:cad>
          </ns3:TrackPointExtension>
        </extensions>
      </trkpt>
      <trkpt lat="40.40345759131014347076416015625" lon="116.68454454280436038970947265625">
        <ele>80.8000030517578125</ele>
        <time>2026-09-03T10:43:35.000Z</time>
        <extensions>
          <ns3:TrackPointExtension>
            <ns3:hr>158</ns3:hr>
            <ns3:cad>94</ns3:cad>
          </ns3:TrackPointExtension>
        </extensions>
      </trkpt>
      <trkpt lat="40.403502099215984344482421875" lon="116.6845452971756458282470703125">
        <ele>80.8000030517578125</ele>
        <time>2026-09-03T10:43:36.000Z</time>
        <extensions>
          <ns3:TrackPointExtension>
            <ns3:hr>158</ns3:hr>
            <ns3:cad>94</ns3:cad>
          </ns3:TrackPointExtension>
        </extensions>
      </trkpt>
      <trkpt lat="40.40354308672249317169189453125" lon="116.68454588390886783599853515625">
        <ele>80.8000030517578125</ele>
        <time>2026-09-03T10:43:37.000Z</time>
        <extensions>
          <ns3:TrackPointExtension>
            <ns3:hr>158</ns3:hr>
            <ns3:cad>94</ns3:cad>
          </ns3:TrackPointExtension>
        </extensions>
      </trkpt>
      <trkpt lat="40.4035783745348453521728515625" lon="116.68454647064208984375">
        <ele>80.8000030517578125</ele>
        <time>2026-09-03T10:43:38.000Z</time>
        <extensions>
          <ns3:TrackPointExtension>
            <ns3:hr>158</ns3:hr>
            <ns3:cad>94</ns3:cad>
          </ns3:TrackPointExtension>
        </extensions>
      </trkpt>
      <trkpt lat="40.4036259837448596954345703125" lon="116.68454722501337528228759765625">
        <ele>80.8000030517578125</ele>
        <time>2026-09-03T10:43:39.000Z</time>
        <extensions>
          <ns3:TrackPointExtension>
            <ns3:hr>158</ns3:hr>
            <ns3:cad>94</ns3:cad>
          </ns3:TrackPointExtension>
        </extensions>
      </trkpt>
      <trkpt lat="40.40365330874919891357421875" lon="116.6845476441085338592529296875">
        <ele>80.8000030517578125</ele>
        <time>2026-09-03T10:43:40.000Z</time>
        <extensions>
          <ns3:TrackPointExtension>
            <ns3:hr>158</ns3:hr>
            <ns3:cad>94</ns3:cad>
          </ns3:TrackPointExtension>
        </extensions>
      </trkpt>
      <trkpt lat="40.4037165082991123199462890625" lon="116.68454856611788272857666015625">
        <ele>80.8000030517578125</ele>
        <time>2026-09-03T10:43:41.000Z</time>
        <extensions>
          <ns3:TrackPointExtension>
            <ns3:hr>158</ns3:hr>
            <ns3:cad>93</ns3:cad>
          </ns3:TrackPointExtension>
        </extensions>
      </trkpt>
      <trkpt lat="40.4037419892847537994384765625" lon="116.6845489852130413055419921875">
        <ele>80.8000030517578125</ele>
        <time>2026-09-03T10:43:42.000Z</time>
        <extensions>
          <ns3:TrackPointExtension>
            <ns3:hr>158</ns3:hr>
            <ns3:cad>93</ns3:cad>
          </ns3:TrackPointExtension>
        </extensions>
      </trkpt>
      <trkpt lat="40.40379278361797332763671875" lon="116.68454982340335845947265625">
        <ele>80.8000030517578125</ele>
        <time>2026-09-03T10:43:43.000Z</time>
        <extensions>
          <ns3:TrackPointExtension>
            <ns3:hr>159</ns3:hr>
            <ns3:cad>93</ns3:cad>
          </ns3:TrackPointExtension>
        </extensions>
      </trkpt>
      <trkpt lat="40.40381952188909053802490234375" lon="116.68455024249851703643798828125">
        <ele>80.8000030517578125</ele>
        <time>2026-09-03T10:43:44.000Z</time>
        <extensions>
          <ns3:TrackPointExtension>
            <ns3:hr>158</ns3:hr>
            <ns3:cad>93</ns3:cad>
          </ns3:TrackPointExtension>
        </extensions>
      </trkpt>
      <trkpt lat="40.40387081913650035858154296875" lon="116.6845509968698024749755859375">
        <ele>80.8000030517578125</ele>
        <time>2026-09-03T10:43:45.000Z</time>
        <extensions>
          <ns3:TrackPointExtension>
            <ns3:hr>158</ns3:hr>
            <ns3:cad>93</ns3:cad>
          </ns3:TrackPointExtension>
        </extensions>
      </trkpt>
      <trkpt lat="40.40390945971012115478515625" lon="116.68455158360302448272705078125">
        <ele>80.8000030517578125</ele>
        <time>2026-09-03T10:43:46.000Z</time>
        <extensions>
          <ns3:TrackPointExtension>
            <ns3:hr>158</ns3:hr>
            <ns3:cad>93</ns3:cad>
          </ns3:TrackPointExtension>
        </extensions>
      </trkpt>
      <trkpt lat="40.4039501957595348358154296875" lon="116.68455225415527820587158203125">
        <ele>80.8000030517578125</ele>
        <time>2026-09-03T10:43:47.000Z</time>
        <extensions>
          <ns3:TrackPointExtension>
            <ns3:hr>159</ns3:hr>
            <ns3:cad>93</ns3:cad>
          </ns3:TrackPointExtension>
        </extensions>
      </trkpt>
      <trkpt lat="40.4040088690817356109619140625" lon="116.6845531761646270751953125">
        <ele>80.8000030517578125</ele>
        <time>2026-09-03T10:43:48.000Z</time>
        <extensions>
          <ns3:TrackPointExtension>
            <ns3:hr>159</ns3:hr>
            <ns3:cad>92</ns3:cad>
          </ns3:TrackPointExtension>
        </extensions>
      </trkpt>
      <trkpt lat="40.40403418242931365966796875" lon="116.68455359525978565216064453125">
        <ele>80.8000030517578125</ele>
        <time>2026-09-03T10:43:49.000Z</time>
        <extensions>
          <ns3:TrackPointExtension>
            <ns3:hr>159</ns3:hr>
            <ns3:cad>92</ns3:cad>
          </ns3:TrackPointExtension>
        </extensions>
      </trkpt>
      <trkpt lat="40.4040970467031002044677734375" lon="116.68454756028950214385986328125">
        <ele>80.8000030517578125</ele>
        <time>2026-09-03T10:43:50.000Z</time>
        <extensions>
          <ns3:TrackPointExtension>
            <ns3:hr>159</ns3:hr>
            <ns3:cad>95</ns3:cad>
          </ns3:TrackPointExtension>
        </extensions>
      </trkpt>
      <trkpt lat="40.404121689498424530029296875" lon="116.6845412738621234893798828125">
        <ele>80.8000030517578125</ele>
        <time>2026-09-03T10:43:51.000Z</time>
        <extensions>
          <ns3:TrackPointExtension>
            <ns3:hr>159</ns3:hr>
            <ns3:cad>95</ns3:cad>
          </ns3:TrackPointExtension>
        </extensions>
      </trkpt>
      <trkpt lat="40.40417675860226154327392578125" lon="116.6845174692571163177490234375">
        <ele>80.8000030517578125</ele>
        <time>2026-09-03T10:43:52.000Z</time>
        <extensions>
          <ns3:TrackPointExtension>
            <ns3:hr>159</ns3:hr>
            <ns3:cad>95</ns3:cad>
          </ns3:TrackPointExtension>
        </extensions>
      </trkpt>
      <trkpt lat="40.40421447716653347015380859375" lon="116.68449223972856998443603515625">
        <ele>80.8000030517578125</ele>
        <time>2026-09-03T10:43:53.000Z</time>
        <extensions>
          <ns3:TrackPointExtension>
            <ns3:hr>159</ns3:hr>
            <ns3:cad>94</ns3:cad>
          </ns3:TrackPointExtension>
        </extensions>
      </trkpt>
      <trkpt lat="40.40425001643598079681396484375" lon="116.6844601370394229888916015625">
        <ele>80.8000030517578125</ele>
        <time>2026-09-03T10:43:54.000Z</time>
        <extensions>
          <ns3:TrackPointExtension>
            <ns3:hr>160</ns3:hr>
            <ns3:cad>93</ns3:cad>
          </ns3:TrackPointExtension>
        </extensions>
      </trkpt>
      <trkpt lat="40.40428890846669673919677734375" lon="116.68441168963909149169921875">
        <ele>80.8000030517578125</ele>
        <time>2026-09-03T10:43:55.000Z</time>
        <extensions>
          <ns3:TrackPointExtension>
            <ns3:hr>160</ns3:hr>
            <ns3:cad>93</ns3:cad>
          </ns3:TrackPointExtension>
        </extensions>
      </trkpt>
      <trkpt lat="40.4043045826256275177001953125" lon="116.6843868792057037353515625">
        <ele>80.8000030517578125</ele>
        <time>2026-09-03T10:43:56.000Z</time>
        <extensions>
          <ns3:TrackPointExtension>
            <ns3:hr>160</ns3:hr>
            <ns3:cad>93</ns3:cad>
          </ns3:TrackPointExtension>
        </extensions>
      </trkpt>
      <trkpt lat="40.40433458983898162841796875" lon="116.6843280382454395294189453125">
        <ele>80.8000030517578125</ele>
        <time>2026-09-03T10:43:57.000Z</time>
        <extensions>
          <ns3:TrackPointExtension>
            <ns3:hr>161</ns3:hr>
            <ns3:cad>93</ns3:cad>
          </ns3:TrackPointExtension>
        </extensions>
      </trkpt>
      <trkpt lat="40.4043407924473285675048828125" lon="116.68431119062006473541259765625">
        <ele>80.8000030517578125</ele>
        <time>2026-09-03T10:43:58.000Z</time>
        <extensions>
          <ns3:TrackPointExtension>
            <ns3:hr>161</ns3:hr>
            <ns3:cad>95</ns3:cad>
          </ns3:TrackPointExtension>
        </extensions>
      </trkpt>
      <trkpt lat="40.40436183102428913116455078125" lon="116.68423826806247234344482421875">
        <ele>80.8000030517578125</ele>
        <time>2026-09-03T10:43:59.000Z</time>
        <extensions>
          <ns3:TrackPointExtension>
            <ns3:hr>161</ns3:hr>
            <ns3:cad>95</ns3:cad>
          </ns3:TrackPointExtension>
        </extensions>
      </trkpt>
      <trkpt lat="40.40436853654682636260986328125" lon="116.68420289643108844757080078125">
        <ele>80.8000030517578125</ele>
        <time>2026-09-03T10:44:00.000Z</time>
        <extensions>
          <ns3:TrackPointExtension>
            <ns3:hr>161</ns3:hr>
            <ns3:cad>94</ns3:cad>
          </ns3:TrackPointExtension>
        </extensions>
      </trkpt>
      <trkpt lat="40.4043739847838878631591796875" lon="116.6841459833085536956787109375">
        <ele>80.8000030517578125</ele>
        <time>2026-09-03T10:44:01.000Z</time>
        <extensions>
          <ns3:TrackPointExtension>
            <ns3:hr>162</ns3:hr>
            <ns3:cad>94</ns3:cad>
          </ns3:TrackPointExtension>
        </extensions>
      </trkpt>
      <trkpt lat="40.404373817145824432373046875" lon="116.684089489281177520751953125">
        <ele>80.8000030517578125</ele>
        <time>2026-09-03T10:44:02.000Z</time>
        <extensions>
          <ns3:TrackPointExtension>
            <ns3:hr>162</ns3:hr>
            <ns3:cad>94</ns3:cad>
          </ns3:TrackPointExtension>
        </extensions>
      </trkpt>
      <trkpt lat="40.40437155403196811676025390625" lon="116.68406576849520206451416015625">
        <ele>80.8000030517578125</ele>
        <time>2026-09-03T10:44:03.000Z</time>
        <extensions>
          <ns3:TrackPointExtension>
            <ns3:hr>162</ns3:hr>
            <ns3:cad>93</ns3:cad>
          </ns3:TrackPointExtension>
        </extensions>
      </trkpt>
      <trkpt lat="40.404359735548496246337890625" lon="116.683992929756641387939453125">
        <ele>80.8000030517578125</ele>
        <time>2026-09-03T10:44:04.000Z</time>
        <extensions>
          <ns3:TrackPointExtension>
            <ns3:hr>162</ns3:hr>
            <ns3:cad>93</ns3:cad>
          </ns3:TrackPointExtension>
        </extensions>
      </trkpt>
      <trkpt lat="40.40435445494949817657470703125" lon="116.6839719749987125396728515625">
        <ele>80.8000030517578125</ele>
        <time>2026-09-03T10:44:05.000Z</time>
        <extensions>
          <ns3:TrackPointExtension>
            <ns3:hr>163</ns3:hr>
            <ns3:cad>93</ns3:cad>
          </ns3:TrackPointExtension>
        </extensions>
      </trkpt>
      <trkpt lat="40.40432780049741268157958984375" lon="116.683899722993373870849609375">
        <ele>80.8000030517578125</ele>
        <time>2026-09-03T10:44:06.000Z</time>
        <extensions>
          <ns3:TrackPointExtension>
            <ns3:hr>163</ns3:hr>
            <ns3:cad>93</ns3:cad>
          </ns3:TrackPointExtension>
        </extensions>
      </trkpt>
      <trkpt lat="40.40431179106235504150390625" lon="116.68386711739003658294677734375">
        <ele>80.8000030517578125</ele>
        <time>2026-09-03T10:44:07.000Z</time>
        <extensions>
          <ns3:TrackPointExtension>
            <ns3:hr>163</ns3:hr>
            <ns3:cad>94</ns3:cad>
          </ns3:TrackPointExtension>
        </extensions>
      </trkpt>
      <trkpt lat="40.40428094565868377685546875" lon="116.68381917290389537811279296875">
        <ele>80.8000030517578125</ele>
        <time>2026-09-03T10:44:08.000Z</time>
        <extensions>
          <ns3:TrackPointExtension>
            <ns3:hr>163</ns3:hr>
            <ns3:cad>94</ns3:cad>
          </ns3:TrackPointExtension>
        </extensions>
      </trkpt>
      <trkpt lat="40.40426057763397693634033203125" lon="116.6837936080992221832275390625">
        <ele>80.8000030517578125</ele>
        <time>2026-09-03T10:44:09.000Z</time>
        <extensions>
          <ns3:TrackPointExtension>
            <ns3:hr>163</ns3:hr>
            <ns3:cad>94</ns3:cad>
          </ns3:TrackPointExtension>
        </extensions>
      </trkpt>
      <trkpt lat="40.40422503836452960968017578125" lon="116.68375857174396514892578125">
        <ele>80.8000030517578125</ele>
        <time>2026-09-03T10:44:10.000Z</time>
        <extensions>
          <ns3:TrackPointExtension>
            <ns3:hr>163</ns3:hr>
            <ns3:cad>93</ns3:cad>
          </ns3:TrackPointExtension>
        </extensions>
      </trkpt>
      <trkpt lat="40.404190756380558013916015625" lon="116.6837332583963871002197265625">
        <ele>80.8000030517578125</ele>
        <time>2026-09-03T10:44:11.000Z</time>
        <extensions>
          <ns3:TrackPointExtension>
            <ns3:hr>163</ns3:hr>
            <ns3:cad>92</ns3:cad>
          </ns3:TrackPointExtension>
        </extensions>
      </trkpt>
      <trkpt lat="40.40415882132947444915771484375" lon="116.68371557258069515228271484375">
        <ele>80.8000030517578125</ele>
        <time>2026-09-03T10:44:12.000Z</time>
        <extensions>
          <ns3:TrackPointExtension>
            <ns3:hr>163</ns3:hr>
            <ns3:cad>92</ns3:cad>
          </ns3:TrackPointExtension>
        </extensions>
      </trkpt>
      <trkpt lat="40.40410316549241542816162109375" lon="116.6836953721940517425537109375">
        <ele>80.8000030517578125</ele>
        <time>2026-09-03T10:44:13.000Z</time>
        <extensions>
          <ns3:TrackPointExtension>
            <ns3:hr>163</ns3:hr>
            <ns3:cad>93</ns3:cad>
          </ns3:TrackPointExtension>
        </extensions>
      </trkpt>
      <trkpt lat="40.4040752537548542022705078125" lon="116.68369076214730739593505859375">
        <ele>80.8000030517578125</ele>
        <time>2026-09-03T10:44:14.000Z</time>
        <extensions>
          <ns3:TrackPointExtension>
            <ns3:hr>163</ns3:hr>
            <ns3:cad>93</ns3:cad>
          </ns3:TrackPointExtension>
        </extensions>
      </trkpt>
      <trkpt lat="40.40401968173682689666748046875" lon="116.68368757702410221099853515625">
        <ele>80.8000030517578125</ele>
        <time>2026-09-03T10:44:15.000Z</time>
        <extensions>
          <ns3:TrackPointExtension>
            <ns3:hr>163</ns3:hr>
            <ns3:cad>94</ns3:cad>
          </ns3:TrackPointExtension>
        </extensions>
      </trkpt>
      <trkpt lat="40.4039850644767284393310546875" lon="116.68368707410991191864013671875">
        <ele>80.8000030517578125</ele>
        <time>2026-09-03T10:44:16.000Z</time>
        <extensions>
          <ns3:TrackPointExtension>
            <ns3:hr>163</ns3:hr>
            <ns3:cad>94</ns3:cad>
          </ns3:TrackPointExtension>
        </extensions>
      </trkpt>
      <trkpt lat="40.40393619798123836517333984375" lon="116.6836863197386264801025390625">
        <ele>80.8000030517578125</ele>
        <time>2026-09-03T10:44:17.000Z</time>
        <extensions>
          <ns3:TrackPointExtension>
            <ns3:hr>163</ns3:hr>
            <ns3:cad>94</ns3:cad>
          </ns3:TrackPointExtension>
        </extensions>
      </trkpt>
      <trkpt lat="40.4038955457508563995361328125" lon="116.6836856491863727569580078125">
        <ele>80.8000030517578125</ele>
        <time>2026-09-03T10:44:18.000Z</time>
        <extensions>
          <ns3:TrackPointExtension>
            <ns3:hr>163</ns3:hr>
            <ns3:cad>94</ns3:cad>
          </ns3:TrackPointExtension>
        </extensions>
      </trkpt>
      <trkpt lat="40.40386025793850421905517578125" lon="116.68368506245315074920654296875">
        <ele>80.8000030517578125</ele>
        <time>2026-09-03T10:44:19.000Z</time>
        <extensions>
          <ns3:TrackPointExtension>
            <ns3:hr>163</ns3:hr>
            <ns3:cad>94</ns3:cad>
          </ns3:TrackPointExtension>
        </extensions>
      </trkpt>
      <trkpt lat="40.40380963124334812164306640625" lon="116.6836843080818653106689453125">
        <ele>80.8000030517578125</ele>
        <time>2026-09-03T10:44:20.000Z</time>
        <extensions>
          <ns3:TrackPointExtension>
            <ns3:hr>163</ns3:hr>
            <ns3:cad>93</ns3:cad>
          </ns3:TrackPointExtension>
        </extensions>
      </trkpt>
      <trkpt lat="40.40378482080996036529541015625" lon="116.68368388898670673370361328125">
        <ele>80.8000030517578125</ele>
        <time>2026-09-03T10:44:21.000Z</time>
        <extensions>
          <ns3:TrackPointExtension>
            <ns3:hr>163</ns3:hr>
            <ns3:cad>93</ns3:cad>
          </ns3:TrackPointExtension>
        </extensions>
      </trkpt>
      <trkpt lat="40.40372279472649097442626953125" lon="116.6836829669773578643798828125">
        <ele>80.8000030517578125</ele>
        <time>2026-09-03T10:44:22.000Z</time>
        <extensions>
          <ns3:TrackPointExtension>
            <ns3:hr>163</ns3:hr>
            <ns3:cad>93</ns3:cad>
          </ns3:TrackPointExtension>
        </extensions>
      </trkpt>
      <trkpt lat="40.4037061147391796112060546875" lon="116.68368271552026271820068359375">
        <ele>80.8000030517578125</ele>
        <time>2026-09-03T10:44:23.000Z</time>
        <extensions>
          <ns3:TrackPointExtension>
            <ns3:hr>163</ns3:hr>
            <ns3:cad>94</ns3:cad>
          </ns3:TrackPointExtension>
        </extensions>
      </trkpt>
      <trkpt lat="40.403644256293773651123046875" lon="116.68368170969188213348388671875">
        <ele>80.8000030517578125</ele>
        <time>2026-09-03T10:44:24.000Z</time>
        <extensions>
          <ns3:TrackPointExtension>
            <ns3:hr>163</ns3:hr>
            <ns3:cad>94</ns3:cad>
          </ns3:TrackPointExtension>
        </extensions>
      </trkpt>
      <trkpt lat="40.4036206193268299102783203125" lon="116.68368137441575527191162109375">
        <ele>80.8000030517578125</ele>
        <time>2026-09-03T10:44:25.000Z</time>
        <extensions>
          <ns3:TrackPointExtension>
            <ns3:hr>164</ns3:hr>
            <ns3:cad>94</ns3:cad>
          </ns3:TrackPointExtension>
        </extensions>
      </trkpt>
      <trkpt lat="40.40356890298426151275634765625" lon="116.68368053622543811798095703125">
        <ele>80.8000030517578125</ele>
        <time>2026-09-03T10:44:26.000Z</time>
        <extensions>
          <ns3:TrackPointExtension>
            <ns3:hr>163</ns3:hr>
            <ns3:cad>92</ns3:cad>
          </ns3:TrackPointExtension>
        </extensions>
      </trkpt>
      <trkpt lat="40.403537638485431671142578125" lon="116.683680117130279541015625">
        <ele>80.8000030517578125</ele>
        <time>2026-09-03T10:44:27.000Z</time>
        <extensions>
          <ns3:TrackPointExtension>
            <ns3:hr>164</ns3:hr>
            <ns3:cad>92</ns3:cad>
          </ns3:TrackPointExtension>
        </extensions>
      </trkpt>
      <trkpt lat="40.40348835289478302001953125" lon="116.6836792789399623870849609375">
        <ele>80.8000030517578125</ele>
        <time>2026-09-03T10:44:28.000Z</time>
        <extensions>
          <ns3:TrackPointExtension>
            <ns3:hr>164</ns3:hr>
            <ns3:cad>92</ns3:cad>
          </ns3:TrackPointExtension>
        </extensions>
      </trkpt>
      <trkpt lat="40.40344300679862499237060546875" lon="116.6836786083877086639404296875">
        <ele>80.8000030517578125</ele>
        <time>2026-09-03T10:44:29.000Z</time>
        <extensions>
          <ns3:TrackPointExtension>
            <ns3:hr>164</ns3:hr>
            <ns3:cad>93</ns3:cad>
          </ns3:TrackPointExtension>
        </extensions>
      </trkpt>
      <trkpt lat="40.40341165848076343536376953125" lon="116.68367810547351837158203125">
        <ele>80.8000030517578125</ele>
        <time>2026-09-03T10:44:30.000Z</time>
        <extensions>
          <ns3:TrackPointExtension>
            <ns3:hr>163</ns3:hr>
            <ns3:cad>94</ns3:cad>
          </ns3:TrackPointExtension>
        </extensions>
      </trkpt>
      <trkpt lat="40.403353236615657806396484375" lon="116.68367718346416950225830078125">
        <ele>80.8000030517578125</ele>
        <time>2026-09-03T10:44:31.000Z</time>
        <extensions>
          <ns3:TrackPointExtension>
            <ns3:hr>164</ns3:hr>
            <ns3:cad>95</ns3:cad>
          </ns3:TrackPointExtension>
        </extensions>
      </trkpt>
      <trkpt lat="40.4033359698951244354248046875" lon="116.6836769320070743560791015625">
        <ele>80.8000030517578125</ele>
        <time>2026-09-03T10:44:32.000Z</time>
        <extensions>
          <ns3:TrackPointExtension>
            <ns3:hr>164</ns3:hr>
            <ns3:cad>95</ns3:cad>
          </ns3:TrackPointExtension>
        </extensions>
      </trkpt>
      <trkpt lat="40.40327268652617931365966796875" lon="116.68367735110223293304443359375">
        <ele>80.8000030517578125</ele>
        <time>2026-09-03T10:44:33.000Z</time>
        <extensions>
          <ns3:TrackPointExtension>
            <ns3:hr>163</ns3:hr>
            <ns3:cad>92</ns3:cad>
          </ns3:TrackPointExtension>
        </extensions>
      </trkpt>
      <trkpt lat="40.40323999710381031036376953125" lon="116.68368036858737468719482421875">
        <ele>80.8000030517578125</ele>
        <time>2026-09-03T10:44:34.000Z</time>
        <extensions>
          <ns3:TrackPointExtension>
            <ns3:hr>164</ns3:hr>
            <ns3:cad>92</ns3:cad>
          </ns3:TrackPointExtension>
        </extensions>
      </trkpt>
      <trkpt lat="40.403196327388286590576171875" lon="116.68369210325181484222412109375">
        <ele>80.8000030517578125</ele>
        <time>2026-09-03T10:44:35.000Z</time>
        <extensions>
          <ns3:TrackPointExtension>
            <ns3:hr>164</ns3:hr>
            <ns3:cad>92</ns3:cad>
          </ns3:TrackPointExtension>
        </extensions>
      </trkpt>
      <trkpt lat="40.40315265767276287078857421875" lon="116.68371255509555339813232421875">
        <ele>80.8000030517578125</ele>
        <time>2026-09-03T10:44:36.000Z</time>
        <extensions>
          <ns3:TrackPointExtension>
            <ns3:hr>164</ns3:hr>
            <ns3:cad>92</ns3:cad>
          </ns3:TrackPointExtension>
        </extensions>
      </trkpt>
      <trkpt lat="40.4031230695545673370361328125" lon="116.683732084929943084716796875">
        <ele>80.8000030517578125</ele>
        <time>2026-09-03T10:44:37.000Z</time>
        <extensions>
          <ns3:TrackPointExtension>
            <ns3:hr>164</ns3:hr>
            <ns3:cad>96</ns3:cad>
          </ns3:TrackPointExtension>
        </extensions>
      </trkpt>
      <trkpt lat="40.40307235904037952423095703125" lon="116.68377843685448169708251953125">
        <ele>80.8000030517578125</ele>
        <time>2026-09-03T10:44:38.000Z</time>
        <extensions>
          <ns3:TrackPointExtension>
            <ns3:hr>164</ns3:hr>
            <ns3:cad>96</ns3:cad>
          </ns3:TrackPointExtension>
        </extensions>
      </trkpt>
      <trkpt lat="40.403045117855072021484375" lon="116.68381129391491413116455078125">
        <ele>80.8000030517578125</ele>
        <time>2026-09-03T10:44:39.000Z</time>
        <extensions>
          <ns3:TrackPointExtension>
            <ns3:hr>164</ns3:hr>
            <ns3:cad>96</ns3:cad>
          </ns3:TrackPointExtension>
        </extensions>
      </trkpt>
      <trkpt lat="40.403004549443721771240234375" lon="116.68388195335865020751953125">
        <ele>80.8000030517578125</ele>
        <time>2026-09-03T10:44:40.000Z</time>
        <extensions>
          <ns3:TrackPointExtension>
            <ns3:hr>164</ns3:hr>
            <ns3:cad>96</ns3:cad>
          </ns3:TrackPointExtension>
        </extensions>
      </trkpt>
      <trkpt lat="40.40299214422702789306640625" lon="116.6839092783629894256591796875">
        <ele>80.8000030517578125</ele>
        <time>2026-09-03T10:44:41.000Z</time>
        <extensions>
          <ns3:TrackPointExtension>
            <ns3:hr>164</ns3:hr>
            <ns3:cad>96</ns3:cad>
          </ns3:TrackPointExtension>
        </extensions>
      </trkpt>
      <trkpt lat="40.40297110565006732940673828125" lon="116.683976836502552032470703125">
        <ele>80.8000030517578125</ele>
        <time>2026-09-03T10:44:42.000Z</time>
        <extensions>
          <ns3:TrackPointExtension>
            <ns3:hr>165</ns3:hr>
            <ns3:cad>96</ns3:cad>
          </ns3:TrackPointExtension>
        </extensions>
      </trkpt>
      <trkpt lat="40.4029584489762783050537109375" lon="116.6840507648885250091552734375">
        <ele>80.8000030517578125</ele>
        <time>2026-09-03T10:44:43.000Z</time>
        <extensions>
          <ns3:TrackPointExtension>
            <ns3:hr>165</ns3:hr>
            <ns3:cad>96</ns3:cad>
          </ns3:TrackPointExtension>
        </extensions>
      </trkpt>
      <trkpt lat="40.402955599129199981689453125" lon="116.684090159833431243896484375">
        <ele>80.8000030517578125</ele>
        <time>2026-09-03T10:44:44.000Z</time>
        <extensions>
          <ns3:TrackPointExtension>
            <ns3:hr>165</ns3:hr>
            <ns3:cad>96</ns3:cad>
          </ns3:TrackPointExtension>
        </extensions>
      </trkpt>
      <trkpt lat="40.40296087972819805145263671875" lon="116.6841925866901874542236328125">
        <ele>80.8000030517578125</ele>
        <time>2026-09-03T10:44:45.000Z</time>
        <extensions>
          <ns3:TrackPointExtension>
            <ns3:hr>164</ns3:hr>
            <ns3:cad>95</ns3:cad>
          </ns3:TrackPointExtension>
        </extensions>
      </trkpt>
      <trkpt lat="40.40296842344105243682861328125" lon="116.68422938324511051177978515625">
        <ele>80.8000030517578125</ele>
        <time>2026-09-03T10:44:46.000Z</time>
        <extensions>
          <ns3:TrackPointExtension>
            <ns3:hr>165</ns3:hr>
            <ns3:cad>95</ns3:cad>
          </ns3:TrackPointExtension>
        </extensions>
      </trkpt>
      <trkpt lat="40.4029906354844570159912109375" lon="116.684305407106876373291015625">
        <ele>80.8000030517578125</ele>
        <time>2026-09-03T10:44:47.000Z</time>
        <extensions>
          <ns3:TrackPointExtension>
            <ns3:hr>165</ns3:hr>
            <ns3:cad>95</ns3:cad>
          </ns3:TrackPointExtension>
        </extensions>
      </trkpt>
      <trkpt lat="40.4030142724514007568359375" lon="116.6843568719923496246337890625">
        <ele>80.8000030517578125</ele>
        <time>2026-09-03T10:44:48.000Z</time>
        <extensions>
          <ns3:TrackPointExtension>
            <ns3:hr>165</ns3:hr>
            <ns3:cad>94</ns3:cad>
          </ns3:TrackPointExtension>
        </extensions>
      </trkpt>
      <trkpt lat="40.4030419327318668365478515625" lon="116.68440221808850765228271484375">
        <ele>80.8000030517578125</ele>
        <time>2026-09-03T10:44:49.000Z</time>
        <extensions>
          <ns3:TrackPointExtension>
            <ns3:hr>165</ns3:hr>
            <ns3:cad>94</ns3:cad>
          </ns3:TrackPointExtension>
        </extensions>
      </trkpt>
      <trkpt lat="40.40308375842869281768798828125" lon="116.68445150367915630340576171875">
        <ele>80.8000030517578125</ele>
        <time>2026-09-03T10:44:50.000Z</time>
        <extensions>
          <ns3:TrackPointExtension>
            <ns3:hr>165</ns3:hr>
            <ns3:cad>93</ns3:cad>
          </ns3:TrackPointExtension>
        </extensions>
      </trkpt>
      <trkpt lat="40.4031193815171718597412109375" lon="116.68448285199701786041259765625">
        <ele>80.8000030517578125</ele>
        <time>2026-09-03T10:44:51.000Z</time>
        <extensions>
          <ns3:TrackPointExtension>
            <ns3:hr>165</ns3:hr>
            <ns3:cad>93</ns3:cad>
          </ns3:TrackPointExtension>
        </extensions>
      </trkpt>
      <trkpt lat="40.40315818972885608673095703125" lon="116.68450816534459590911865234375">
        <ele>80.8000030517578125</ele>
        <time>2026-09-03T10:44:52.000Z</time>
        <extensions>
          <ns3:TrackPointExtension>
            <ns3:hr>166</ns3:hr>
            <ns3:cad>95</ns3:cad>
          </ns3:TrackPointExtension>
        </extensions>
      </trkpt>
      <trkpt lat="40.403180234134197235107421875" lon="116.6845188103616237640380859375">
        <ele>80.8000030517578125</ele>
        <time>2026-09-03T10:44:53.000Z</time>
        <extensions>
          <ns3:TrackPointExtension>
            <ns3:hr>165</ns3:hr>
            <ns3:cad>95</ns3:cad>
          </ns3:TrackPointExtension>
        </extensions>
      </trkpt>
      <trkpt lat="40.40323463268578052520751953125" lon="116.68453683145344257354736328125">
        <ele>80.8000030517578125</ele>
        <time>2026-09-03T10:44:54.000Z</time>
        <extensions>
          <ns3:TrackPointExtension>
            <ns3:hr>165</ns3:hr>
            <ns3:cad>94</ns3:cad>
          </ns3:TrackPointExtension>
        </extensions>
      </trkpt>
      <trkpt lat="40.4032655619084835052490234375" lon="116.6845402680337429046630859375">
        <ele>80.8000030517578125</ele>
        <time>2026-09-03T10:44:55.000Z</time>
        <extensions>
          <ns3:TrackPointExtension>
            <ns3:hr>166</ns3:hr>
            <ns3:cad>94</ns3:cad>
          </ns3:TrackPointExtension>
        </extensions>
      </trkpt>
      <trkpt lat="40.40330738760530948638916015625" lon="116.68454219587147235870361328125">
        <ele>80.8000030517578125</ele>
        <time>2026-09-03T10:44:56.000Z</time>
        <extensions>
          <ns3:TrackPointExtension>
            <ns3:hr>165</ns3:hr>
            <ns3:cad>94</ns3:cad>
          </ns3:TrackPointExtension>
        </extensions>
      </trkpt>
      <trkpt lat="40.40335633791983127593994140625" lon="116.6845429502427577972412109375">
        <ele>80.8000030517578125</ele>
        <time>2026-09-03T10:44:57.000Z</time>
        <extensions>
          <ns3:TrackPointExtension>
            <ns3:hr>166</ns3:hr>
            <ns3:cad>94</ns3:cad>
          </ns3:TrackPointExtension>
        </extensions>
      </trkpt>
      <trkpt lat="40.403385423123836517333984375" lon="116.684543453156948089599609375">
        <ele>80.8000030517578125</ele>
        <time>2026-09-03T10:44:58.000Z</time>
        <extensions>
          <ns3:TrackPointExtension>
            <ns3:hr>165</ns3:hr>
            <ns3:cad>94</ns3:cad>
          </ns3:TrackPointExtension>
        </extensions>
      </trkpt>
      <trkpt lat="40.4034456051886081695556640625" lon="116.68454437516629695892333984375">
        <ele>80.8000030517578125</ele>
        <time>2026-09-03T10:44:59.000Z</time>
        <extensions>
          <ns3:TrackPointExtension>
            <ns3:hr>165</ns3:hr>
            <ns3:cad>94</ns3:cad>
          </ns3:TrackPointExtension>
        </extensions>
      </trkpt>
      <trkpt lat="40.4034667275846004486083984375" lon="116.68454471044242382049560546875">
        <ele>80.8000030517578125</ele>
        <time>2026-09-03T10:45:00.000Z</time>
        <extensions>
          <ns3:TrackPointExtension>
            <ns3:hr>165</ns3:hr>
            <ns3:cad>94</ns3:cad>
          </ns3:TrackPointExtension>
        </extensions>
      </trkpt>
      <trkpt lat="40.4035198688507080078125" lon="116.68454554863274097442626953125">
        <ele>80.8000030517578125</ele>
        <time>2026-09-03T10:45:01.000Z</time>
        <extensions>
          <ns3:TrackPointExtension>
            <ns3:hr>166</ns3:hr>
            <ns3:cad>94</ns3:cad>
          </ns3:TrackPointExtension>
        </extensions>
      </trkpt>
      <trkpt lat="40.40353738702833652496337890625" lon="116.68454580008983612060546875">
        <ele>80.8000030517578125</ele>
        <time>2026-09-03T10:45:02.000Z</time>
        <extensions>
          <ns3:TrackPointExtension>
            <ns3:hr>165</ns3:hr>
            <ns3:cad>94</ns3:cad>
          </ns3:TrackPointExtension>
        </extensions>
      </trkpt>
      <trkpt lat="40.403591953217983245849609375" lon="116.6845466382801532745361328125">
        <ele>80.8000030517578125</ele>
        <time>2026-09-03T10:45:03.000Z</time>
        <extensions>
          <ns3:TrackPointExtension>
            <ns3:hr>166</ns3:hr>
            <ns3:cad>94</ns3:cad>
          </ns3:TrackPointExtension>
        </extensions>
      </trkpt>
      <trkpt lat="40.4036266542971134185791015625" lon="116.68454722501337528228759765625">
        <ele>80.8000030517578125</ele>
        <time>2026-09-03T10:45:04.000Z</time>
        <extensions>
          <ns3:TrackPointExtension>
            <ns3:hr>166</ns3:hr>
            <ns3:cad>94</ns3:cad>
          </ns3:TrackPointExtension>
        </extensions>
      </trkpt>
      <trkpt lat="40.40366730652749538421630859375" lon="116.6845478117465972900390625">
        <ele>80.8000030517578125</ele>
        <time>2026-09-03T10:45:05.000Z</time>
        <extensions>
          <ns3:TrackPointExtension>
            <ns3:hr>166</ns3:hr>
            <ns3:cad>94</ns3:cad>
          </ns3:TrackPointExtension>
        </extensions>
      </trkpt>
      <trkpt lat="40.40371692739427089691162109375" lon="116.6845486499369144439697265625">
        <ele>80.8000030517578125</ele>
        <time>2026-09-03T10:45:06.000Z</time>
        <extensions>
          <ns3:TrackPointExtension>
            <ns3:hr>165</ns3:hr>
            <ns3:cad>94</ns3:cad>
          </ns3:TrackPointExtension>
        </extensions>
      </trkpt>
      <trkpt lat="40.4037473537027835845947265625" lon="116.68454906903207302093505859375">
        <ele>80.8000030517578125</ele>
        <time>2026-09-03T10:45:07.000Z</time>
        <extensions>
          <ns3:TrackPointExtension>
            <ns3:hr>166</ns3:hr>
            <ns3:cad>94</ns3:cad>
          </ns3:TrackPointExtension>
        </extensions>
      </trkpt>
      <trkpt lat="40.40380041114985942840576171875" lon="116.68454990722239017486572265625">
        <ele>80.8000030517578125</ele>
        <time>2026-09-03T10:45:08.000Z</time>
        <extensions>
          <ns3:TrackPointExtension>
            <ns3:hr>166</ns3:hr>
            <ns3:cad>92</ns3:cad>
          </ns3:TrackPointExtension>
        </extensions>
      </trkpt>
      <trkpt lat="40.4038204438984394073486328125" lon="116.68455024249851703643798828125">
        <ele>80.8000030517578125</ele>
        <time>2026-09-03T10:45:09.000Z</time>
        <extensions>
          <ns3:TrackPointExtension>
            <ns3:hr>166</ns3:hr>
            <ns3:cad>92</ns3:cad>
          </ns3:TrackPointExtension>
        </extensions>
      </trkpt>
      <trkpt lat="40.4038784466683864593505859375" lon="116.68455116450786590576171875">
        <ele>80.8000030517578125</ele>
        <time>2026-09-03T10:45:10.000Z</time>
        <extensions>
          <ns3:TrackPointExtension>
            <ns3:hr>165</ns3:hr>
            <ns3:cad>94</ns3:cad>
          </ns3:TrackPointExtension>
        </extensions>
      </trkpt>
      <trkpt lat="40.40390686132013797760009765625" lon="116.68455158360302448272705078125">
        <ele>80.8000030517578125</ele>
        <time>2026-09-03T10:45:11.000Z</time>
        <extensions>
          <ns3:TrackPointExtension>
            <ns3:hr>166</ns3:hr>
            <ns3:cad>94</ns3:cad>
          </ns3:TrackPointExtension>
        </extensions>
      </trkpt>
      <trkpt lat="40.4039495252072811126708984375" lon="116.68455225415527820587158203125">
        <ele>80.8000030517578125</ele>
        <time>2026-09-03T10:45:12.000Z</time>
        <extensions>
          <ns3:TrackPointExtension>
            <ns3:hr>166</ns3:hr>
            <ns3:cad>94</ns3:cad>
          </ns3:TrackPointExtension>
        </extensions>
      </trkpt>
      <trkpt lat="40.40399889461696147918701171875" lon="116.6845530085265636444091796875">
        <ele>80.8000030517578125</ele>
        <time>2026-09-03T10:45:13.000Z</time>
        <extensions>
          <ns3:TrackPointExtension>
            <ns3:hr>165</ns3:hr>
            <ns3:cad>94</ns3:cad>
          </ns3:TrackPointExtension>
        </extensions>
      </trkpt>
      <trkpt lat="40.40402789600193500518798828125" lon="116.68455342762172222137451171875">
        <ele>80.8000030517578125</ele>
        <time>2026-09-03T10:45:14.000Z</time>
        <extensions>
          <ns3:TrackPointExtension>
            <ns3:hr>165</ns3:hr>
            <ns3:cad>93</ns3:cad>
          </ns3:TrackPointExtension>
        </extensions>
      </trkpt>
      <trkpt lat="40.40408539585769176483154296875" lon="116.68455041013658046722412109375">
        <ele>80.8000030517578125</ele>
        <time>2026-09-03T10:45:15.000Z</time>
        <extensions>
          <ns3:TrackPointExtension>
            <ns3:hr>165</ns3:hr>
            <ns3:cad>93</ns3:cad>
          </ns3:TrackPointExtension>
        </extensions>
      </trkpt>
      <trkpt lat="40.40410635061562061309814453125" lon="116.68454521335661411285400390625">
        <ele>80.8000030517578125</ele>
        <time>2026-09-03T10:45:16.000Z</time>
        <extensions>
          <ns3:TrackPointExtension>
            <ns3:hr>165</ns3:hr>
            <ns3:cad>93</ns3:cad>
          </ns3:TrackPointExtension>
        </extensions>
      </trkpt>
      <trkpt lat="40.40416066534817218780517578125" lon="116.6845255158841609954833984375">
        <ele>80.8000030517578125</ele>
        <time>2026-09-03T10:45:17.000Z</time>
        <extensions>
          <ns3:TrackPointExtension>
            <ns3:hr>164</ns3:hr>
            <ns3:cad>93</ns3:cad>
          </ns3:TrackPointExtension>
        </extensions>
      </trkpt>
      <trkpt lat="40.4041848890483379364013671875" lon="116.6845121048390865325927734375">
        <ele>80.8000030517578125</ele>
        <time>2026-09-03T10:45:18.000Z</time>
        <extensions>
          <ns3:TrackPointExtension>
            <ns3:hr>164</ns3:hr>
            <ns3:cad>93</ns3:cad>
          </ns3:TrackPointExtension>
        </extensions>
      </trkpt>
      <trkpt lat="40.4042294807732105255126953125" lon="116.68447874486446380615234375">
        <ele>80.8000030517578125</ele>
        <time>2026-09-03T10:45:19.000Z</time>
        <extensions>
          <ns3:TrackPointExtension>
            <ns3:hr>163</ns3:hr>
            <ns3:cad>93</ns3:cad>
          </ns3:TrackPointExtension>
        </extensions>
      </trkpt>
      <trkpt lat="40.40425705723464488983154296875" lon="116.6844517551362514495849609375">
        <ele>80.8000030517578125</ele>
        <time>2026-09-03T10:45:20.000Z</time>
        <extensions>
          <ns3:TrackPointExtension>
            <ns3:hr>163</ns3:hr>
            <ns3:cad>93</ns3:cad>
          </ns3:TrackPointExtension>
        </extensions>
      </trkpt>
      <trkpt lat="40.40428387932479381561279296875" lon="116.68441948480904102325439453125">
        <ele>80.8000030517578125</ele>
        <time>2026-09-03T10:45:21.000Z</time>
        <extensions>
          <ns3:TrackPointExtension>
            <ns3:hr>163</ns3:hr>
            <ns3:cad>93</ns3:cad>
          </ns3:TrackPointExtension>
        </extensions>
      </trkpt>
      <trkpt lat="40.4043124616146087646484375" lon="116.684374473989009857177734375">
        <ele>80.8000030517578125</ele>
        <time>2026-09-03T10:45:22.000Z</time>
        <extensions>
          <ns3:TrackPointExtension>
            <ns3:hr>163</ns3:hr>
            <ns3:cad>93</ns3:cad>
          </ns3:TrackPointExtension>
        </extensions>
      </trkpt>
      <trkpt lat="40.40432520210742950439453125" lon="116.684347651898860931396484375">
        <ele>80.8000030517578125</ele>
        <time>2026-09-03T10:45:23.000Z</time>
        <extensions>
          <ns3:TrackPointExtension>
            <ns3:hr>163</ns3:hr>
            <ns3:cad>92</ns3:cad>
          </ns3:TrackPointExtension>
        </extensions>
      </trkpt>
      <trkpt lat="40.4043478332459926605224609375" lon="116.68429040350019931793212890625">
        <ele>80.8000030517578125</ele>
        <time>2026-09-03T10:45:24.000Z</time>
        <extensions>
          <ns3:TrackPointExtension>
            <ns3:hr>164</ns3:hr>
            <ns3:cad>92</ns3:cad>
          </ns3:TrackPointExtension>
        </extensions>
      </trkpt>
      <trkpt lat="40.40435479022562503814697265625" lon="116.68426995165646076202392578125">
        <ele>80.8000030517578125</ele>
        <time>2026-09-03T10:45:25.000Z</time>
        <extensions>
          <ns3:TrackPointExtension>
            <ns3:hr>163</ns3:hr>
            <ns3:cad>95</ns3:cad>
          </ns3:TrackPointExtension>
        </extensions>
      </trkpt>
      <trkpt lat="40.404367782175540924072265625" lon="116.6842098534107208251953125">
        <ele>80.8000030517578125</ele>
        <time>2026-09-03T10:45:26.000Z</time>
        <extensions>
          <ns3:TrackPointExtension>
            <ns3:hr>163</ns3:hr>
            <ns3:cad>95</ns3:cad>
          </ns3:TrackPointExtension>
        </extensions>
      </trkpt>
      <trkpt lat="40.40437088347971439361572265625" lon="116.68418236076831817626953125">
        <ele>80.8000030517578125</ele>
        <time>2026-09-03T10:45:27.000Z</time>
        <extensions>
          <ns3:TrackPointExtension>
            <ns3:hr>163</ns3:hr>
            <ns3:cad>95</ns3:cad>
          </ns3:TrackPointExtension>
        </extensions>
      </trkpt>
      <trkpt lat="40.4043741524219512939453125" lon="116.68412712402641773223876953125">
        <ele>80.8000030517578125</ele>
        <time>2026-09-03T10:45:28.000Z</time>
        <extensions>
          <ns3:TrackPointExtension>
            <ns3:hr>163</ns3:hr>
            <ns3:cad>94</ns3:cad>
          </ns3:TrackPointExtension>
        </extensions>
      </trkpt>
      <trkpt lat="40.404373146593570709228515625" lon="116.68408303521573543548583984375">
        <ele>80.8000030517578125</ele>
        <time>2026-09-03T10:45:29.000Z</time>
        <extensions>
          <ns3:TrackPointExtension>
            <ns3:hr>163</ns3:hr>
            <ns3:cad>94</ns3:cad>
          </ns3:TrackPointExtension>
        </extensions>
      </trkpt>
      <trkpt lat="40.4043699614703655242919921875" lon="116.68404917232692241668701171875">
        <ele>80.8000030517578125</ele>
        <time>2026-09-03T10:45:30.000Z</time>
        <extensions>
          <ns3:TrackPointExtension>
            <ns3:hr>163</ns3:hr>
            <ns3:cad>94</ns3:cad>
          </ns3:TrackPointExtension>
        </extensions>
      </trkpt>
      <trkpt lat="40.404357053339481353759765625" lon="116.683980189263820648193359375">
        <ele>80.8000030517578125</ele>
        <time>2026-09-03T10:45:31.000Z</time>
        <extensions>
          <ns3:TrackPointExtension>
            <ns3:hr>163</ns3:hr>
            <ns3:cad>93</ns3:cad>
          </ns3:TrackPointExtension>
        </extensions>
      </trkpt>
      <trkpt lat="40.40434800088405609130859375" lon="116.6839518584311008453369140625">
        <ele>80.8000030517578125</ele>
        <time>2026-09-03T10:45:32.000Z</time>
        <extensions>
          <ns3:TrackPointExtension>
            <ns3:hr>163</ns3:hr>
            <ns3:cad>93</ns3:cad>
          </ns3:TrackPointExtension>
        </extensions>
      </trkpt>
      <trkpt lat="40.40432386100292205810546875" lon="116.683891005814075469970703125">
        <ele>80.8000030517578125</ele>
        <time>2026-09-03T10:45:33.000Z</time>
        <extensions>
          <ns3:TrackPointExtension>
            <ns3:hr>164</ns3:hr>
            <ns3:cad>93</ns3:cad>
          </ns3:TrackPointExtension>
        </extensions>
      </trkpt>
      <trkpt lat="40.40430550463497638702392578125" lon="116.6838566400110721588134765625">
        <ele>80.8000030517578125</ele>
        <time>2026-09-03T10:45:34.000Z</time>
        <extensions>
          <ns3:TrackPointExtension>
            <ns3:hr>163</ns3:hr>
            <ns3:cad>95</ns3:cad>
          </ns3:TrackPointExtension>
        </extensions>
      </trkpt>
      <trkpt lat="40.40427331812679767608642578125" lon="116.68380961753427982330322265625">
        <ele>80.8000030517578125</ele>
        <time>2026-09-03T10:45:35.000Z</time>
        <extensions>
          <ns3:TrackPointExtension>
            <ns3:hr>163</ns3:hr>
            <ns3:cad>95</ns3:cad>
          </ns3:TrackPointExtension>
        </extensions>
      </trkpt>
      <trkpt lat="40.40423794649541378021240234375" lon="116.6837708093225955963134765625">
        <ele>80.8000030517578125</ele>
        <time>2026-09-03T10:45:36.000Z</time>
        <extensions>
          <ns3:TrackPointExtension>
            <ns3:hr>163</ns3:hr>
            <ns3:cad>95</ns3:cad>
          </ns3:TrackPointExtension>
        </extensions>
      </trkpt>
      <trkpt lat="40.40421565063297748565673828125" lon="116.6837506927549839019775390625">
        <ele>80.8000030517578125</ele>
        <time>2026-09-03T10:45:37.000Z</time>
        <extensions>
          <ns3:TrackPointExtension>
            <ns3:hr>163</ns3:hr>
            <ns3:cad>95</ns3:cad>
          </ns3:TrackPointExtension>
        </extensions>
      </trkpt>
      <trkpt lat="40.404166616499423980712890625" lon="116.683719344437122344970703125">
        <ele>80.8000030517578125</ele>
        <time>2026-09-03T10:45:38.000Z</time>
        <extensions>
          <ns3:TrackPointExtension>
            <ns3:hr>163</ns3:hr>
            <ns3:cad>94</ns3:cad>
          </ns3:TrackPointExtension>
        </extensions>
      </trkpt>
      <trkpt lat="40.40415429510176181793212890625" lon="116.683713309466838836669921875">
        <ele>80.8000030517578125</ele>
        <time>2026-09-03T10:45:39.000Z</time>
        <extensions>
          <ns3:TrackPointExtension>
            <ns3:hr>163</ns3:hr>
            <ns3:cad>93</ns3:cad>
          </ns3:TrackPointExtension>
        </extensions>
      </trkpt>
      <trkpt lat="40.40409595705568790435791015625" lon="116.68369327671825885772705078125">
        <ele>80.8000030517578125</ele>
        <time>2026-09-03T10:45:40.000Z</time>
        <extensions>
          <ns3:TrackPointExtension>
            <ns3:hr>163</ns3:hr>
            <ns3:cad>93</ns3:cad>
          </ns3:TrackPointExtension>
        </extensions>
      </trkpt>
      <trkpt lat="40.40406947024166584014892578125" lon="116.68369017541408538818359375">
        <ele>80.8000030517578125</ele>
        <time>2026-09-03T10:45:41.000Z</time>
        <extensions>
          <ns3:TrackPointExtension>
            <ns3:hr>163</ns3:hr>
            <ns3:cad>93</ns3:cad>
          </ns3:TrackPointExtension>
        </extensions>
      </trkpt>
      <trkpt lat="40.4040159098803997039794921875" lon="116.68368749320507049560546875">
        <ele>80.8000030517578125</ele>
        <time>2026-09-03T10:45:42.000Z</time>
        <extensions>
          <ns3:TrackPointExtension>
            <ns3:hr>163</ns3:hr>
            <ns3:cad>94</ns3:cad>
          </ns3:TrackPointExtension>
        </extensions>
      </trkpt>
      <trkpt lat="40.40397576056420803070068359375" lon="116.68368690647184848785400390625">
        <ele>80.8000030517578125</ele>
        <time>2026-09-03T10:45:43.000Z</time>
        <extensions>
          <ns3:TrackPointExtension>
            <ns3:hr>164</ns3:hr>
            <ns3:cad>94</ns3:cad>
          </ns3:TrackPointExtension>
        </extensions>
      </trkpt>
      <trkpt lat="40.4039488546550273895263671875" lon="116.683686487376689910888671875">
        <ele>80.8000030517578125</ele>
        <time>2026-09-03T10:45:44.000Z</time>
        <extensions>
          <ns3:TrackPointExtension>
            <ns3:hr>164</ns3:hr>
            <ns3:cad>94</ns3:cad>
          </ns3:TrackPointExtension>
        </extensions>
      </trkpt>
      <trkpt lat="40.40389127098023891448974609375" lon="116.68368556536734104156494140625">
        <ele>80.8000030517578125</ele>
        <time>2026-09-03T10:45:45.000Z</time>
        <extensions>
          <ns3:TrackPointExtension>
            <ns3:hr>164</ns3:hr>
            <ns3:cad>94</ns3:cad>
          </ns3:TrackPointExtension>
        </extensions>
      </trkpt>
      <trkpt lat="40.40387266315519809722900390625" lon="116.6836853139102458953857421875">
        <ele>80.8000030517578125</ele>
        <time>2026-09-03T10:45:46.000Z</time>
        <extensions>
          <ns3:TrackPointExtension>
            <ns3:hr>164</ns3:hr>
            <ns3:cad>94</ns3:cad>
          </ns3:TrackPointExtension>
        </extensions>
      </trkpt>
      <trkpt lat="40.40381968952715396881103515625" lon="116.683684475719928741455078125">
        <ele>80.8000030517578125</ele>
        <time>2026-09-03T10:45:47.000Z</time>
        <extensions>
          <ns3:TrackPointExtension>
            <ns3:hr>164</ns3:hr>
            <ns3:cad>94</ns3:cad>
          </ns3:TrackPointExtension>
        </extensions>
      </trkpt>
      <trkpt lat="40.4037976451218128204345703125" lon="116.6836841404438018798828125">
        <ele>80.8000030517578125</ele>
        <time>2026-09-03T10:45:48.000Z</time>
        <extensions>
          <ns3:TrackPointExtension>
            <ns3:hr>164</ns3:hr>
            <ns3:cad>94</ns3:cad>
          </ns3:TrackPointExtension>
        </extensions>
      </trkpt>
      <trkpt lat="40.40374852716922760009765625" lon="116.68368338607251644134521484375">
        <ele>80.8000030517578125</ele>
        <time>2026-09-03T10:45:49.000Z</time>
        <extensions>
          <ns3:TrackPointExtension>
            <ns3:hr>164</ns3:hr>
            <ns3:cad>95</ns3:cad>
          </ns3:TrackPointExtension>
        </extensions>
      </trkpt>
      <trkpt lat="40.40371106006205081939697265625" lon="116.68368279933929443359375">
        <ele>80.8000030517578125</ele>
        <time>2026-09-03T10:45:50.000Z</time>
        <extensions>
          <ns3:TrackPointExtension>
            <ns3:hr>164</ns3:hr>
            <ns3:cad>95</ns3:cad>
          </ns3:TrackPointExtension>
        </extensions>
      </trkpt>
      <trkpt lat="40.4036732576787471771240234375" lon="116.68368221260607242584228515625">
        <ele>80.8000030517578125</ele>
        <time>2026-09-03T10:45:51.000Z</time>
        <extensions>
          <ns3:TrackPointExtension>
            <ns3:hr>164</ns3:hr>
            <ns3:cad>95</ns3:cad>
          </ns3:TrackPointExtension>
        </extensions>
      </trkpt>
      <trkpt lat="40.40361902676522731781005859375" lon="116.68368137441575527191162109375">
        <ele>80.8000030517578125</ele>
        <time>2026-09-03T10:45:52.000Z</time>
        <extensions>
          <ns3:TrackPointExtension>
            <ns3:hr>164</ns3:hr>
            <ns3:cad>95</ns3:cad>
          </ns3:TrackPointExtension>
        </extensions>
      </trkpt>
      <trkpt lat="40.4035964794456958770751953125" lon="116.6836809553205966949462890625">
        <ele>80.8000030517578125</ele>
        <time>2026-09-03T10:45:53.000Z</time>
        <extensions>
          <ns3:TrackPointExtension>
            <ns3:hr>165</ns3:hr>
            <ns3:cad>93</ns3:cad>
          </ns3:TrackPointExtension>
        </extensions>
      </trkpt>
      <trkpt lat="40.40353403426706790924072265625" lon="116.68368003331124782562255859375">
        <ele>80.8000030517578125</ele>
        <time>2026-09-03T10:45:54.000Z</time>
        <extensions>
          <ns3:TrackPointExtension>
            <ns3:hr>165</ns3:hr>
            <ns3:cad>93</ns3:cad>
          </ns3:TrackPointExtension>
        </extensions>
      </trkpt>
      <trkpt lat="40.40350452996790409088134765625" lon="116.68367953039705753326416015625">
        <ele>80.8000030517578125</ele>
        <time>2026-09-03T10:45:55.000Z</time>
        <extensions>
          <ns3:TrackPointExtension>
            <ns3:hr>164</ns3:hr>
            <ns3:cad>93</ns3:cad>
          </ns3:TrackPointExtension>
        </extensions>
      </trkpt>
      <trkpt lat="40.403451137244701385498046875" lon="116.68367869220674037933349609375">
        <ele>80.8000030517578125</ele>
        <time>2026-09-03T10:45:56.000Z</time>
        <extensions>
          <ns3:TrackPointExtension>
            <ns3:hr>164</ns3:hr>
            <ns3:cad>93</ns3:cad>
          </ns3:TrackPointExtension>
        </extensions>
      </trkpt>
      <trkpt lat="40.403408892452716827392578125" lon="116.68367810547351837158203125">
        <ele>80.8000030517578125</ele>
        <time>2026-09-03T10:45:57.000Z</time>
        <extensions>
          <ns3:TrackPointExtension>
            <ns3:hr>164</ns3:hr>
            <ns3:cad>93</ns3:cad>
          </ns3:TrackPointExtension>
        </extensions>
      </trkpt>
      <trkpt lat="40.40337159298360347747802734375" lon="116.68367751874029636383056640625">
        <ele>80.8000030517578125</ele>
        <time>2026-09-03T10:45:58.000Z</time>
        <extensions>
          <ns3:TrackPointExtension>
            <ns3:hr>165</ns3:hr>
            <ns3:cad>96</ns3:cad>
          </ns3:TrackPointExtension>
        </extensions>
      </trkpt>
      <trkpt lat="40.40331342257559299468994140625" lon="116.6836765967309474945068359375">
        <ele>80.8000030517578125</ele>
        <time>2026-09-03T10:45:59.000Z</time>
        <extensions>
          <ns3:TrackPointExtension>
            <ns3:hr>164</ns3:hr>
            <ns3:cad>96</ns3:cad>
          </ns3:TrackPointExtension>
        </extensions>
      </trkpt>
      <trkpt lat="40.40329531766474246978759765625" lon="116.6836762614548206329345703125">
        <ele>80.8000030517578125</ele>
        <time>2026-09-03T10:46:00.000Z</time>
        <extensions>
          <ns3:TrackPointExtension>
            <ns3:hr>164</ns3:hr>
            <ns3:cad>95</ns3:cad>
          </ns3:TrackPointExtension>
        </extensions>
      </trkpt>
      <trkpt lat="40.4032357223331928253173828125" lon="116.6836814582347869873046875">
        <ele>80.8000030517578125</ele>
        <time>2026-09-03T10:46:01.000Z</time>
        <extensions>
          <ns3:TrackPointExtension>
            <ns3:hr>165</ns3:hr>
            <ns3:cad>95</ns3:cad>
          </ns3:TrackPointExtension>
        </extensions>
      </trkpt>
      <trkpt lat="40.40320479311048984527587890625" lon="116.68368942104279994964599609375">
        <ele>80.8000030517578125</ele>
        <time>2026-09-03T10:46:02.000Z</time>
        <extensions>
          <ns3:TrackPointExtension>
            <ns3:hr>165</ns3:hr>
            <ns3:cad>95</ns3:cad>
          </ns3:TrackPointExtension>
        </extensions>
      </trkpt>
      <trkpt lat="40.4031582735478878021240234375" lon="116.68370920233428478240966796875">
        <ele>80.8000030517578125</ele>
        <time>2026-09-03T10:46:03.000Z</time>
        <extensions>
          <ns3:TrackPointExtension>
            <ns3:hr>165</ns3:hr>
            <ns3:cad>93</ns3:cad>
          </ns3:TrackPointExtension>
        </extensions>
      </trkpt>
      <trkpt lat="40.40313086472451686859130859375" lon="116.68372697196900844573974609375">
        <ele>80.8000030517578125</ele>
        <time>2026-09-03T10:46:04.000Z</time>
        <extensions>
          <ns3:TrackPointExtension>
            <ns3:hr>165</ns3:hr>
            <ns3:cad>93</ns3:cad>
          </ns3:TrackPointExtension>
        </extensions>
      </trkpt>
      <trkpt lat="40.40308744646608829498291015625" lon="116.68376267887651920318603515625">
        <ele>80.8000030517578125</ele>
        <time>2026-09-03T10:46:05.000Z</time>
        <extensions>
          <ns3:TrackPointExtension>
            <ns3:hr>164</ns3:hr>
            <ns3:cad>93</ns3:cad>
          </ns3:TrackPointExtension>
        </extensions>
      </trkpt>
      <trkpt lat="40.40305190719664096832275390625" lon="116.68380282819271087646484375">
        <ele>80.8000030517578125</ele>
        <time>2026-09-03T10:46:06.000Z</time>
        <extensions>
          <ns3:TrackPointExtension>
            <ns3:hr>165</ns3:hr>
            <ns3:cad>93</ns3:cad>
          </ns3:TrackPointExtension>
        </extensions>
      </trkpt>
      <trkpt lat="40.40302340872585773468017578125" lon="116.6838455758988857269287109375">
        <ele>80.8000030517578125</ele>
        <time>2026-09-03T10:46:07.000Z</time>
        <extensions>
          <ns3:TrackPointExtension>
            <ns3:hr>165</ns3:hr>
            <ns3:cad>93</ns3:cad>
          </ns3:TrackPointExtension>
        </extensions>
      </trkpt>
      <trkpt lat="40.40299138985574245452880859375" lon="116.6839112900197505950927734375">
        <ele>80.8000030517578125</ele>
        <time>2026-09-03T10:46:08.000Z</time>
        <extensions>
          <ns3:TrackPointExtension>
            <ns3:hr>165</ns3:hr>
            <ns3:cad>93</ns3:cad>
          </ns3:TrackPointExtension>
        </extensions>
      </trkpt>
      <trkpt lat="40.402980409562587738037109375" lon="116.6839434765279293060302734375">
        <ele>80.8000030517578125</ele>
        <time>2026-09-03T10:46:09.000Z</time>
        <extensions>
          <ns3:TrackPointExtension>
            <ns3:hr>164</ns3:hr>
            <ns3:cad>93</ns3:cad>
          </ns3:TrackPointExtension>
        </extensions>
      </trkpt>
      <trkpt lat="40.40296087972819805145263671875" lon="116.68402947485446929931640625">
        <ele>80.8000030517578125</ele>
        <time>2026-09-03T10:46:10.000Z</time>
        <extensions>
          <ns3:TrackPointExtension>
            <ns3:hr>165</ns3:hr>
            <ns3:cad>93</ns3:cad>
          </ns3:TrackPointExtension>
        </extensions>
      </trkpt>
      <trkpt lat="40.4029571078717708587646484375" lon="116.68406258337199687957763671875">
        <ele>80.8000030517578125</ele>
        <time>2026-09-03T10:46:11.000Z</time>
        <extensions>
          <ns3:TrackPointExtension>
            <ns3:hr>165</ns3:hr>
            <ns3:cad>92</ns3:cad>
          </ns3:TrackPointExtension>
        </extensions>
      </trkpt>
      <trkpt lat="40.40295551531016826629638671875" lon="116.684136427938938140869140625">
        <ele>80.8000030517578125</ele>
        <time>2026-09-03T10:46:12.000Z</time>
        <extensions>
          <ns3:TrackPointExtension>
            <ns3:hr>164</ns3:hr>
            <ns3:cad>92</ns3:cad>
          </ns3:TrackPointExtension>
        </extensions>
      </trkpt>
      <trkpt lat="40.40296129882335662841796875" lon="116.68419451452791690826416015625">
        <ele>80.8000030517578125</ele>
        <time>2026-09-03T10:46:13.000Z</time>
        <extensions>
          <ns3:TrackPointExtension>
            <ns3:hr>165</ns3:hr>
            <ns3:cad>92</ns3:cad>
          </ns3:TrackPointExtension>
        </extensions>
      </trkpt>
      <trkpt lat="40.40297093801200389862060546875" lon="116.68424195609986782073974609375">
        <ele>80.8000030517578125</ele>
        <time>2026-09-03T10:46:14.000Z</time>
        <extensions>
          <ns3:TrackPointExtension>
            <ns3:hr>165</ns3:hr>
            <ns3:cad>92</ns3:cad>
          </ns3:TrackPointExtension>
        </extensions>
      </trkpt>
      <trkpt lat="40.402998514473438262939453125" lon="116.6843226738274097442626953125">
        <ele>80.8000030517578125</ele>
        <time>2026-09-03T10:46:15.000Z</time>
        <extensions>
          <ns3:TrackPointExtension>
            <ns3:hr>164</ns3:hr>
            <ns3:cad>92</ns3:cad>
          </ns3:TrackPointExtension>
        </extensions>
      </trkpt>
      <trkpt lat="40.4030084051191806793212890625" lon="116.68434463441371917724609375">
        <ele>80.8000030517578125</ele>
        <time>2026-09-03T10:46:16.000Z</time>
        <extensions>
          <ns3:TrackPointExtension>
            <ns3:hr>165</ns3:hr>
            <ns3:cad>94</ns3:cad>
          </ns3:TrackPointExtension>
        </extensions>
      </trkpt>
      <trkpt lat="40.40304134599864482879638671875" lon="116.6844014637172222137451171875">
        <ele>80.8000030517578125</ele>
        <time>2026-09-03T10:46:17.000Z</time>
        <extensions>
          <ns3:TrackPointExtension>
            <ns3:hr>165</ns3:hr>
            <ns3:cad>94</ns3:cad>
          </ns3:TrackPointExtension>
        </extensions>
      </trkpt>
      <trkpt lat="40.40306582115590572357177734375" lon="116.684432141482830047607421875">
        <ele>80.8000030517578125</ele>
        <time>2026-09-03T10:46:18.000Z</time>
        <extensions>
          <ns3:TrackPointExtension>
            <ns3:hr>165</ns3:hr>
            <ns3:cad>94</ns3:cad>
          </ns3:TrackPointExtension>
        </extensions>
      </trkpt>
      <trkpt lat="40.40310504846274852752685546875" lon="116.684471704065799713134765625">
        <ele>80.8000030517578125</ele>
        <time>2026-09-03T10:46:19.000Z</time>
        <extensions>
          <ns3:TrackPointExtension>
            <ns3:hr>164</ns3:hr>
            <ns3:cad>94</ns3:cad>
          </ns3:TrackPointExtension>
        </extensions>
      </trkpt>
      <trkpt lat="40.4031441919505596160888671875" lon="116.68450028635561466217041015625">
        <ele>80.8000030517578125</ele>
        <time>2026-09-03T10:46:20.000Z</time>
        <extensions>
          <ns3:TrackPointExtension>
            <ns3:hr>165</ns3:hr>
            <ns3:cad>94</ns3:cad>
          </ns3:TrackPointExtension>
        </extensions>
      </trkpt>
      <trkpt lat="40.4031830839812755584716796875" lon="116.68452023528516292572021484375">
        <ele>80.8000030517578125</ele>
        <time>2026-09-03T10:46:21.000Z</time>
        <extensions>
          <ns3:TrackPointExtension>
            <ns3:hr>165</ns3:hr>
            <ns3:cad>95</ns3:cad>
          </ns3:TrackPointExtension>
        </extensions>
      </trkpt>
      <trkpt lat="40.40322926826775074005126953125" lon="116.6845352388918399810791015625">
        <ele>80.8000030517578125</ele>
        <time>2026-09-03T10:46:22.000Z</time>
        <extensions>
          <ns3:TrackPointExtension>
            <ns3:hr>164</ns3:hr>
            <ns3:cad>97</ns3:cad>
          </ns3:TrackPointExtension>
        </extensions>
      </trkpt>
      <trkpt lat="40.4032538272440433502197265625" lon="116.68453901074826717376708984375">
        <ele>80.8000030517578125</ele>
        <time>2026-09-03T10:46:23.000Z</time>
        <extensions>
          <ns3:TrackPointExtension>
            <ns3:hr>165</ns3:hr>
            <ns3:cad>97</ns3:cad>
          </ns3:TrackPointExtension>
        </extensions>
      </trkpt>
      <trkpt lat="40.403312332928180694580078125" lon="116.6845422796905040740966796875">
        <ele>80.8000030517578125</ele>
        <time>2026-09-03T10:46:24.000Z</time>
        <extensions>
          <ns3:TrackPointExtension>
            <ns3:hr>164</ns3:hr>
            <ns3:cad>97</ns3:cad>
          </ns3:TrackPointExtension>
        </extensions>
      </trkpt>
      <trkpt lat="40.40333337150514125823974609375" lon="116.6845426149666309356689453125">
        <ele>80.8000030517578125</ele>
        <time>2026-09-03T10:46:25.000Z</time>
        <extensions>
          <ns3:TrackPointExtension>
            <ns3:hr>164</ns3:hr>
            <ns3:cad>97</ns3:cad>
          </ns3:TrackPointExtension>
        </extensions>
      </trkpt>
      <trkpt lat="40.40338433347642421722412109375" lon="116.684543453156948089599609375">
        <ele>80.8000030517578125</ele>
        <time>2026-09-03T10:46:26.000Z</time>
        <extensions>
          <ns3:TrackPointExtension>
            <ns3:hr>164</ns3:hr>
            <ns3:cad>97</ns3:cad>
          </ns3:TrackPointExtension>
        </extensions>
      </trkpt>
      <trkpt lat="40.40342071093618869781494140625" lon="116.6845439560711383819580078125">
        <ele>80.8000030517578125</ele>
        <time>2026-09-03T10:46:27.000Z</time>
        <extensions>
          <ns3:TrackPointExtension>
            <ns3:hr>164</ns3:hr>
            <ns3:cad>93</ns3:cad>
          </ns3:TrackPointExtension>
        </extensions>
      </trkpt>
      <trkpt lat="40.4034586809575557708740234375" lon="116.6845446266233921051025390625">
        <ele>80.8000030517578125</ele>
        <time>2026-09-03T10:46:28.000Z</time>
        <extensions>
          <ns3:TrackPointExtension>
            <ns3:hr>164</ns3:hr>
            <ns3:cad>93</ns3:cad>
          </ns3:TrackPointExtension>
        </extensions>
      </trkpt>
      <trkpt lat="40.40350536815822124481201171875" lon="116.6845452971756458282470703125">
        <ele>80.8000030517578125</ele>
        <time>2026-09-03T10:46:29.000Z</time>
        <extensions>
          <ns3:TrackPointExtension>
            <ns3:hr>164</ns3:hr>
            <ns3:cad>95</ns3:cad>
          </ns3:TrackPointExtension>
        </extensions>
      </trkpt>
      <trkpt lat="40.403531603515148162841796875" lon="116.68454571627080440521240234375">
        <ele>80.8000030517578125</ele>
        <time>2026-09-03T10:46:30.000Z</time>
        <extensions>
          <ns3:TrackPointExtension>
            <ns3:hr>163</ns3:hr>
            <ns3:cad>95</ns3:cad>
          </ns3:TrackPointExtension>
        </extensions>
      </trkpt>
      <trkpt lat="40.4035867564380168914794921875" lon="116.68454655446112155914306640625">
        <ele>80.8000030517578125</ele>
        <time>2026-09-03T10:46:31.000Z</time>
        <extensions>
          <ns3:TrackPointExtension>
            <ns3:hr>163</ns3:hr>
            <ns3:cad>95</ns3:cad>
          </ns3:TrackPointExtension>
        </extensions>
      </trkpt>
      <trkpt lat="40.40361366234719753265380859375" lon="116.6845469735562801361083984375">
        <ele>80.8000030517578125</ele>
        <time>2026-09-03T10:46:32.000Z</time>
        <extensions>
          <ns3:TrackPointExtension>
            <ns3:hr>163</ns3:hr>
            <ns3:cad>94</ns3:cad>
          </ns3:TrackPointExtension>
        </extensions>
      </trkpt>
      <trkpt lat="40.4036601819097995758056640625" lon="116.68454772792756557464599609375">
        <ele>80.8000030517578125</ele>
        <time>2026-09-03T10:46:33.000Z</time>
        <extensions>
          <ns3:TrackPointExtension>
            <ns3:hr>163</ns3:hr>
            <ns3:cad>94</ns3:cad>
          </ns3:TrackPointExtension>
        </extensions>
      </trkpt>
      <trkpt lat="40.4036875069141387939453125" lon="116.684548147022724151611328125">
        <ele>80.8000030517578125</ele>
        <time>2026-09-03T10:46:34.000Z</time>
        <extensions>
          <ns3:TrackPointExtension>
            <ns3:hr>163</ns3:hr>
            <ns3:cad>94</ns3:cad>
          </ns3:TrackPointExtension>
        </extensions>
      </trkpt>
      <trkpt lat="40.4037198610603809356689453125" lon="116.6845486499369144439697265625">
        <ele>80.8000030517578125</ele>
        <time>2026-09-03T10:46:35.000Z</time>
        <extensions>
          <ns3:TrackPointExtension>
            <ns3:hr>164</ns3:hr>
            <ns3:cad>94</ns3:cad>
          </ns3:TrackPointExtension>
        </extensions>
      </trkpt>
      <trkpt lat="40.403765626251697540283203125" lon="116.68454940430819988250732421875">
        <ele>80.8000030517578125</ele>
        <time>2026-09-03T10:46:36.000Z</time>
        <extensions>
          <ns3:TrackPointExtension>
            <ns3:hr>163</ns3:hr>
            <ns3:cad>94</ns3:cad>
          </ns3:TrackPointExtension>
        </extensions>
      </trkpt>
      <trkpt lat="40.4037922807037830352783203125" lon="116.68454982340335845947265625">
        <ele>80.8000030517578125</ele>
        <time>2026-09-03T10:46:37.000Z</time>
        <extensions>
          <ns3:TrackPointExtension>
            <ns3:hr>163</ns3:hr>
            <ns3:cad>95</ns3:cad>
          </ns3:TrackPointExtension>
        </extensions>
      </trkpt>
      <trkpt lat="40.4038462601602077484130859375" lon="116.6845506615936756134033203125">
        <ele>80.8000030517578125</ele>
        <time>2026-09-03T10:46:38.000Z</time>
        <extensions>
          <ns3:TrackPointExtension>
            <ns3:hr>163</ns3:hr>
            <ns3:cad>95</ns3:cad>
          </ns3:TrackPointExtension>
        </extensions>
      </trkpt>
      <trkpt lat="40.4038636945188045501708984375" lon="116.68455091305077075958251953125">
        <ele>80.8000030517578125</ele>
        <time>2026-09-03T10:46:39.000Z</time>
        <extensions>
          <ns3:TrackPointExtension>
            <ns3:hr>163</ns3:hr>
            <ns3:cad>95</ns3:cad>
          </ns3:TrackPointExtension>
        </extensions>
      </trkpt>
      <trkpt lat="40.40392211638391017913818359375" lon="116.68455183506011962890625">
        <ele>80.8000030517578125</ele>
        <time>2026-09-03T10:46:40.000Z</time>
        <extensions>
          <ns3:TrackPointExtension>
            <ns3:hr>163</ns3:hr>
            <ns3:cad>95</ns3:cad>
          </ns3:TrackPointExtension>
        </extensions>
      </trkpt>
      <trkpt lat="40.403956063091754913330078125" lon="116.6845523379743099212646484375">
        <ele>80.8000030517578125</ele>
        <time>2026-09-03T10:46:41.000Z</time>
        <extensions>
          <ns3:TrackPointExtension>
            <ns3:hr>163</ns3:hr>
            <ns3:cad>95</ns3:cad>
          </ns3:TrackPointExtension>
        </extensions>
      </trkpt>
      <trkpt lat="40.40400057099759578704833984375" lon="116.6845530085265636444091796875">
        <ele>80.8000030517578125</ele>
        <time>2026-09-03T10:46:42.000Z</time>
        <extensions>
          <ns3:TrackPointExtension>
            <ns3:hr>164</ns3:hr>
            <ns3:cad>95</ns3:cad>
          </ns3:TrackPointExtension>
        </extensions>
      </trkpt>
      <trkpt lat="40.4040346853435039520263671875" lon="116.68455359525978565216064453125">
        <ele>80.8000030517578125</ele>
        <time>2026-09-03T10:46:43.000Z</time>
        <extensions>
          <ns3:TrackPointExtension>
            <ns3:hr>164</ns3:hr>
            <ns3:cad>95</ns3:cad>
          </ns3:TrackPointExtension>
        </extensions>
      </trkpt>
      <trkpt lat="40.40407835505902767181396484375" lon="116.68455091305077075958251953125">
        <ele>80.8000030517578125</ele>
        <time>2026-09-03T10:46:44.000Z</time>
        <extensions>
          <ns3:TrackPointExtension>
            <ns3:hr>163</ns3:hr>
            <ns3:cad>95</ns3:cad>
          </ns3:TrackPointExtension>
        </extensions>
      </trkpt>
      <trkpt lat="40.40412730537354946136474609375" lon="116.68453984893858432769775390625">
        <ele>80.8000030517578125</ele>
        <time>2026-09-03T10:46:45.000Z</time>
        <extensions>
          <ns3:TrackPointExtension>
            <ns3:hr>163</ns3:hr>
            <ns3:cad>95</ns3:cad>
          </ns3:TrackPointExtension>
        </extensions>
      </trkpt>
      <trkpt lat="40.4041490145027637481689453125" lon="116.684530712664127349853515625">
        <ele>80.8000030517578125</ele>
        <time>2026-09-03T10:46:46.000Z</time>
        <extensions>
          <ns3:TrackPointExtension>
            <ns3:hr>163</ns3:hr>
            <ns3:cad>95</ns3:cad>
          </ns3:TrackPointExtension>
        </extensions>
      </trkpt>
      <trkpt lat="40.40419486351311206817626953125" lon="116.68450548313558101654052734375">
        <ele>80.8000030517578125</ele>
        <time>2026-09-03T10:46:47.000Z</time>
        <extensions>
          <ns3:TrackPointExtension>
            <ns3:hr>163</ns3:hr>
            <ns3:cad>95</ns3:cad>
          </ns3:TrackPointExtension>
        </extensions>
      </trkpt>
      <trkpt lat="40.404222272336483001708984375" lon="116.68448519892990589141845703125">
        <ele>80.8000030517578125</ele>
        <time>2026-09-03T10:46:48.000Z</time>
        <extensions>
          <ns3:TrackPointExtension>
            <ns3:hr>163</ns3:hr>
            <ns3:cad>95</ns3:cad>
          </ns3:TrackPointExtension>
        </extensions>
      </trkpt>
      <trkpt lat="40.40426057763397693634033203125" lon="116.684447564184665679931640625">
        <ele>80.8000030517578125</ele>
        <time>2026-09-03T10:46:49.000Z</time>
        <extensions>
          <ns3:TrackPointExtension>
            <ns3:hr>164</ns3:hr>
            <ns3:cad>95</ns3:cad>
          </ns3:TrackPointExtension>
        </extensions>
      </trkpt>
      <trkpt lat="40.4042868129909038543701171875" lon="116.68441495858132839202880859375">
        <ele>80.8000030517578125</ele>
        <time>2026-09-03T10:46:50.000Z</time>
        <extensions>
          <ns3:TrackPointExtension>
            <ns3:hr>163</ns3:hr>
            <ns3:cad>93</ns3:cad>
          </ns3:TrackPointExtension>
        </extensions>
      </trkpt>
      <trkpt lat="40.404305420815944671630859375" lon="116.68438562192022800445556640625">
        <ele>80.8000030517578125</ele>
        <time>2026-09-03T10:46:51.000Z</time>
        <extensions>
          <ns3:TrackPointExtension>
            <ns3:hr>163</ns3:hr>
            <ns3:cad>93</ns3:cad>
          </ns3:TrackPointExtension>
        </extensions>
      </trkpt>
      <trkpt lat="40.40433316491544246673583984375" lon="116.68433097191154956817626953125">
        <ele>80.8000030517578125</ele>
        <time>2026-09-03T10:46:52.000Z</time>
        <extensions>
          <ns3:TrackPointExtension>
            <ns3:hr>164</ns3:hr>
            <ns3:cad>93</ns3:cad>
          </ns3:TrackPointExtension>
        </extensions>
      </trkpt>
      <trkpt lat="40.40434339083731174468994140625" lon="116.6843035630881786346435546875">
        <ele>80.8000030517578125</ele>
        <time>2026-09-03T10:46:53.000Z</time>
        <extensions>
          <ns3:TrackPointExtension>
            <ns3:hr>163</ns3:hr>
            <ns3:cad>95</ns3:cad>
          </ns3:TrackPointExtension>
        </extensions>
      </trkpt>
      <trkpt lat="40.4043575562536716461181640625" lon="116.68425754643976688385009765625">
        <ele>80.8000030517578125</ele>
        <time>2026-09-03T10:46:54.000Z</time>
        <extensions>
          <ns3:TrackPointExtension>
            <ns3:hr>163</ns3:hr>
            <ns3:cad>95</ns3:cad>
          </ns3:TrackPointExtension>
        </extensions>
      </trkpt>
      <trkpt lat="40.40436216630041599273681640625" lon="116.68423675931990146636962890625">
        <ele>80.8000030517578125</ele>
        <time>2026-09-03T10:46:55.000Z</time>
        <extensions>
          <ns3:TrackPointExtension>
            <ns3:hr>164</ns3:hr>
            <ns3:cad>95</ns3:cad>
          </ns3:TrackPointExtension>
        </extensions>
      </trkpt>
      <trkpt lat="40.40437214076519012451171875" lon="116.68417121283710002899169921875">
        <ele>80.8000030517578125</ele>
        <time>2026-09-03T10:46:56.000Z</time>
        <extensions>
          <ns3:TrackPointExtension>
            <ns3:hr>163</ns3:hr>
            <ns3:cad>95</ns3:cad>
          </ns3:TrackPointExtension>
        </extensions>
      </trkpt>
      <trkpt lat="40.4043741524219512939453125" lon="116.6841288842260837554931640625">
        <ele>80.8000030517578125</ele>
        <time>2026-09-03T10:46:57.000Z</time>
        <extensions>
          <ns3:TrackPointExtension>
            <ns3:hr>163</ns3:hr>
            <ns3:cad>94</ns3:cad>
          </ns3:TrackPointExtension>
        </extensions>
      </trkpt>
      <trkpt lat="40.404373817145824432373046875" lon="116.68409007601439952850341796875">
        <ele>84.40000152587890625</ele>
        <time>2026-09-03T10:46:58.000Z</time>
        <extensions>
          <ns3:TrackPointExtension>
            <ns3:hr>163</ns3:hr>
            <ns3:cad>94</ns3:cad>
          </ns3:TrackPointExtension>
        </extensions>
      </trkpt>
      <trkpt lat="40.4043679498136043548583984375" lon="116.68403341434895992279052734375">
        <ele>84.40000152587890625</ele>
        <time>2026-09-03T10:46:59.000Z</time>
        <extensions>
          <ns3:TrackPointExtension>
            <ns3:hr>163</ns3:hr>
            <ns3:cad>94</ns3:cad>
          </ns3:TrackPointExtension>
        </extensions>
      </trkpt>
      <trkpt lat="40.404363088309764862060546875" lon="116.684009693562984466552734375">
        <ele>84.40000152587890625</ele>
        <time>2026-09-03T10:47:00.000Z</time>
        <extensions>
          <ns3:TrackPointExtension>
            <ns3:hr>163</ns3:hr>
            <ns3:cad>95</ns3:cad>
          </ns3:TrackPointExtension>
        </extensions>
      </trkpt>
      <trkpt lat="40.40434657596051692962646484375" lon="116.68394741602241992950439453125">
        <ele>84.40000152587890625</ele>
        <time>2026-09-03T10:47:01.000Z</time>
        <extensions>
          <ns3:TrackPointExtension>
            <ns3:hr>163</ns3:hr>
            <ns3:cad>95</ns3:cad>
          </ns3:TrackPointExtension>
        </extensions>
      </trkpt>
      <trkpt lat="40.40433987043797969818115234375" lon="116.683926545083522796630859375">
        <ele>84.40000152587890625</ele>
        <time>2026-09-03T10:47:02.000Z</time>
        <extensions>
          <ns3:TrackPointExtension>
            <ns3:hr>163</ns3:hr>
            <ns3:cad>95</ns3:cad>
          </ns3:TrackPointExtension>
        </extensions>
      </trkpt>
      <trkpt lat="40.404310114681720733642578125" lon="116.683864183723926544189453125">
        <ele>84.40000152587890625</ele>
        <time>2026-09-03T10:47:03.000Z</time>
        <extensions>
          <ns3:TrackPointExtension>
            <ns3:hr>163</ns3:hr>
            <ns3:cad>95</ns3:cad>
          </ns3:TrackPointExtension>
        </extensions>
      </trkpt>
      <trkpt lat="40.40429033339023590087890625" lon="116.6838314943015575408935546875">
        <ele>84.40000152587890625</ele>
        <time>2026-09-03T10:47:04.000Z</time>
        <extensions>
          <ns3:TrackPointExtension>
            <ns3:hr>163</ns3:hr>
            <ns3:cad>95</ns3:cad>
          </ns3:TrackPointExtension>
        </extensions>
      </trkpt>
      <trkpt lat="40.404262840747833251953125" lon="116.68379637412726879119873046875">
        <ele>84.40000152587890625</ele>
        <time>2026-09-03T10:47:05.000Z</time>
        <extensions>
          <ns3:TrackPointExtension>
            <ns3:hr>163</ns3:hr>
            <ns3:cad>94</ns3:cad>
          </ns3:TrackPointExtension>
        </extensions>
      </trkpt>
      <trkpt lat="40.4042278043925762176513671875" lon="116.68376117013394832611083984375">
        <ele>84.40000152587890625</ele>
        <time>2026-09-03T10:47:06.000Z</time>
        <extensions>
          <ns3:TrackPointExtension>
            <ns3:hr>163</ns3:hr>
            <ns3:cad>94</ns3:cad>
          </ns3:TrackPointExtension>
        </extensions>
      </trkpt>
      <trkpt lat="40.40420492179691791534423828125" lon="116.68374323286116123199462890625">
        <ele>84.40000152587890625</ele>
        <time>2026-09-03T10:47:07.000Z</time>
        <extensions>
          <ns3:TrackPointExtension>
            <ns3:hr>163</ns3:hr>
            <ns3:cad>94</ns3:cad>
          </ns3:TrackPointExtension>
        </extensions>
      </trkpt>
      <trkpt lat="40.4041537083685398101806640625" lon="116.68371305800974369049072265625">
        <ele>84.40000152587890625</ele>
        <time>2026-09-03T10:47:08.000Z</time>
        <extensions>
          <ns3:TrackPointExtension>
            <ns3:hr>163</ns3:hr>
            <ns3:cad>93</ns3:cad>
          </ns3:TrackPointExtension>
        </extensions>
      </trkpt>
      <trkpt lat="40.40413032285869121551513671875" lon="116.683703251183032989501953125">
        <ele>84.40000152587890625</ele>
        <time>2026-09-03T10:47:09.000Z</time>
        <extensions>
          <ns3:TrackPointExtension>
            <ns3:hr>162</ns3:hr>
            <ns3:cad>93</ns3:cad>
          </ns3:TrackPointExtension>
        </extensions>
      </trkpt>
      <trkpt lat="40.40408246219158172607421875" lon="116.68369151651859283447265625">
        <ele>84.40000152587890625</ele>
        <time>2026-09-03T10:47:10.000Z</time>
        <extensions>
          <ns3:TrackPointExtension>
            <ns3:hr>163</ns3:hr>
            <ns3:cad>95</ns3:cad>
          </ns3:TrackPointExtension>
        </extensions>
      </trkpt>
      <trkpt lat="40.40405740030109882354736328125" lon="116.68368891812860965728759765625">
        <ele>84.40000152587890625</ele>
        <time>2026-09-03T10:47:11.000Z</time>
        <extensions>
          <ns3:TrackPointExtension>
            <ns3:hr>163</ns3:hr>
            <ns3:cad>95</ns3:cad>
          </ns3:TrackPointExtension>
        </extensions>
      </trkpt>
      <trkpt lat="40.4040075279772281646728515625" lon="116.68368740938603878021240234375">
        <ele>84.40000152587890625</ele>
        <time>2026-09-03T10:47:12.000Z</time>
        <extensions>
          <ns3:TrackPointExtension>
            <ns3:hr>162</ns3:hr>
            <ns3:cad>94</ns3:cad>
          </ns3:TrackPointExtension>
        </extensions>
      </trkpt>
      <trkpt lat="40.4039683006703853607177734375" lon="116.6836868226528167724609375">
        <ele>84.40000152587890625</ele>
        <time>2026-09-03T10:47:13.000Z</time>
        <extensions>
          <ns3:TrackPointExtension>
            <ns3:hr>162</ns3:hr>
            <ns3:cad>94</ns3:cad>
          </ns3:TrackPointExtension>
        </extensions>
      </trkpt>
      <trkpt lat="40.40392295457422733306884765625" lon="116.68368606828153133392333984375">
        <ele>84.40000152587890625</ele>
        <time>2026-09-03T10:47:14.000Z</time>
        <extensions>
          <ns3:TrackPointExtension>
            <ns3:hr>162</ns3:hr>
            <ns3:cad>94</ns3:cad>
          </ns3:TrackPointExtension>
        </extensions>
      </trkpt>
      <trkpt lat="40.40388397872447967529296875" lon="116.683685481548309326171875">
        <ele>84.40000152587890625</ele>
        <time>2026-09-03T10:47:15.000Z</time>
        <extensions>
          <ns3:TrackPointExtension>
            <ns3:hr>162</ns3:hr>
            <ns3:cad>93</ns3:cad>
          </ns3:TrackPointExtension>
        </extensions>
      </trkpt>
      <trkpt lat="40.403862185776233673095703125" lon="116.683685146272182464599609375">
        <ele>84.40000152587890625</ele>
        <time>2026-09-03T10:47:16.000Z</time>
        <extensions>
          <ns3:TrackPointExtension>
            <ns3:hr>163</ns3:hr>
            <ns3:cad>93</ns3:cad>
          </ns3:TrackPointExtension>
        </extensions>
      </trkpt>
      <trkpt lat="40.40379454381763935089111328125" lon="116.68368405662477016448974609375">
        <ele>84.40000152587890625</ele>
        <time>2026-09-03T10:47:17.000Z</time>
        <extensions>
          <ns3:TrackPointExtension>
            <ns3:hr>162</ns3:hr>
            <ns3:cad>93</ns3:cad>
          </ns3:TrackPointExtension>
        </extensions>
      </trkpt>
      <trkpt lat="40.40377627126872539520263671875" lon="116.683683805167675018310546875">
        <ele>84.40000152587890625</ele>
        <time>2026-09-03T10:47:18.000Z</time>
        <extensions>
          <ns3:TrackPointExtension>
            <ns3:hr>162</ns3:hr>
            <ns3:cad>93</ns3:cad>
          </ns3:TrackPointExtension>
        </extensions>
      </trkpt>
      <trkpt lat="40.40370703674852848052978515625" lon="116.68368271552026271820068359375">
        <ele>84.40000152587890625</ele>
        <time>2026-09-03T10:47:19.000Z</time>
        <extensions>
          <ns3:TrackPointExtension>
            <ns3:hr>162</ns3:hr>
            <ns3:cad>93</ns3:cad>
          </ns3:TrackPointExtension>
        </extensions>
      </trkpt>
      <trkpt lat="40.403677113354206085205078125" lon="116.68368221260607242584228515625">
        <ele>84.40000152587890625</ele>
        <time>2026-09-03T10:47:20.000Z</time>
        <extensions>
          <ns3:TrackPointExtension>
            <ns3:hr>162</ns3:hr>
            <ns3:cad>93</ns3:cad>
          </ns3:TrackPointExtension>
        </extensions>
      </trkpt>
      <trkpt lat="40.40362841449677944183349609375" lon="116.6836814582347869873046875">
        <ele>84.40000152587890625</ele>
        <time>2026-09-03T10:47:21.000Z</time>
        <extensions>
          <ns3:TrackPointExtension>
            <ns3:hr>163</ns3:hr>
            <ns3:cad>93</ns3:cad>
          </ns3:TrackPointExtension>
        </extensions>
      </trkpt>
      <trkpt lat="40.40358667261898517608642578125" lon="116.68368087150156497955322265625">
        <ele>84.40000152587890625</ele>
        <time>2026-09-03T10:47:22.000Z</time>
        <extensions>
          <ns3:TrackPointExtension>
            <ns3:hr>162</ns3:hr>
            <ns3:cad>93</ns3:cad>
          </ns3:TrackPointExtension>
        </extensions>
      </trkpt>
      <trkpt lat="40.4035515524446964263916015625" lon="116.6836802847683429718017578125">
        <ele>84.40000152587890625</ele>
        <time>2026-09-03T10:47:23.000Z</time>
        <extensions>
          <ns3:TrackPointExtension>
            <ns3:hr>162</ns3:hr>
            <ns3:cad>93</ns3:cad>
          </ns3:TrackPointExtension>
        </extensions>
      </trkpt>
      <trkpt lat="40.40349799208343029022216796875" lon="116.68367944657802581787109375">
        <ele>84.40000152587890625</ele>
        <time>2026-09-03T10:47:24.000Z</time>
        <extensions>
          <ns3:TrackPointExtension>
            <ns3:hr>162</ns3:hr>
            <ns3:cad>93</ns3:cad>
          </ns3:TrackPointExtension>
        </extensions>
      </trkpt>
      <trkpt lat="40.4034757800400257110595703125" lon="116.683679111301898956298828125">
        <ele>84.40000152587890625</ele>
        <time>2026-09-03T10:47:25.000Z</time>
        <extensions>
          <ns3:TrackPointExtension>
            <ns3:hr>163</ns3:hr>
            <ns3:cad>93</ns3:cad>
          </ns3:TrackPointExtension>
        </extensions>
      </trkpt>
      <trkpt lat="40.4034107364714145660400390625" lon="116.68367810547351837158203125">
        <ele>84.40000152587890625</ele>
        <time>2026-09-03T10:47:26.000Z</time>
        <extensions>
          <ns3:TrackPointExtension>
            <ns3:hr>162</ns3:hr>
            <ns3:cad>94</ns3:cad>
          </ns3:TrackPointExtension>
        </extensions>
      </trkpt>
      <trkpt lat="40.403388440608978271484375" lon="116.683677770197391510009765625">
        <ele>84.40000152587890625</ele>
        <time>2026-09-03T10:47:27.000Z</time>
        <extensions>
          <ns3:TrackPointExtension>
            <ns3:hr>162</ns3:hr>
            <ns3:cad>94</ns3:cad>
          </ns3:TrackPointExtension>
        </extensions>
      </trkpt>
      <trkpt lat="40.40333303622901439666748046875" lon="116.68367684818804264068603515625">
        <ele>84.40000152587890625</ele>
        <time>2026-09-03T10:47:28.000Z</time>
        <extensions>
          <ns3:TrackPointExtension>
            <ns3:hr>163</ns3:hr>
            <ns3:cad>94</ns3:cad>
          </ns3:TrackPointExtension>
        </extensions>
      </trkpt>
      <trkpt lat="40.40330906398594379425048828125" lon="116.68367651291191577911376953125">
        <ele>84.40000152587890625</ele>
        <time>2026-09-03T10:47:29.000Z</time>
        <extensions>
          <ns3:TrackPointExtension>
            <ns3:hr>163</ns3:hr>
            <ns3:cad>94</ns3:cad>
          </ns3:TrackPointExtension>
        </extensions>
      </trkpt>
      <trkpt lat="40.40326128713786602020263671875" lon="116.68367818929255008697509765625">
        <ele>84.40000152587890625</ele>
        <time>2026-09-03T10:47:30.000Z</time>
        <extensions>
          <ns3:TrackPointExtension>
            <ns3:hr>163</ns3:hr>
            <ns3:cad>93</ns3:cad>
          </ns3:TrackPointExtension>
        </extensions>
      </trkpt>
      <trkpt lat="40.4032384045422077178955078125" lon="116.68368078768253326416015625">
        <ele>84.40000152587890625</ele>
        <time>2026-09-03T10:47:31.000Z</time>
        <extensions>
          <ns3:TrackPointExtension>
            <ns3:hr>163</ns3:hr>
            <ns3:cad>93</ns3:cad>
          </ns3:TrackPointExtension>
        </extensions>
      </trkpt>
      <trkpt lat="40.40320697240531444549560546875" lon="116.68368883430957794189453125">
        <ele>84.40000152587890625</ele>
        <time>2026-09-03T10:47:32.000Z</time>
        <extensions>
          <ns3:TrackPointExtension>
            <ns3:hr>163</ns3:hr>
            <ns3:cad>93</ns3:cad>
          </ns3:TrackPointExtension>
        </extensions>
      </trkpt>
      <trkpt lat="40.40317093022167682647705078125" lon="116.68370350264012813568115234375">
        <ele>84.40000152587890625</ele>
        <time>2026-09-03T10:47:33.000Z</time>
        <extensions>
          <ns3:TrackPointExtension>
            <ns3:hr>163</ns3:hr>
            <ns3:cad>93</ns3:cad>
          </ns3:TrackPointExtension>
        </extensions>
      </trkpt>
      <trkpt lat="40.40316975675523281097412109375" lon="116.68370400555431842803955078125">
        <ele>84.40000152587890625</ele>
        <time>2026-09-03T10:47:34.000Z</time>
        <extensions>
          <ns3:TrackPointExtension>
            <ns3:hr>163</ns3:hr>
            <ns3:cad>93</ns3:cad>
          </ns3:TrackPointExtension>
        </extensions>
      </trkpt>
      <trkpt lat="40.40315936319530010223388671875" lon="116.68370869942009449005126953125">
        <ele>84.40000152587890625</ele>
        <time>2026-09-03T10:47:35.000Z</time>
        <extensions>
          <ns3:TrackPointExtension>
            <ns3:hr>163</ns3:hr>
            <ns3:cad>93</ns3:cad>
          </ns3:TrackPointExtension>
        </extensions>
      </trkpt>
      <trkpt lat="40.403130948543548583984375" lon="116.6837268881499767303466796875">
        <ele>84.40000152587890625</ele>
        <time>2026-09-03T10:47:36.000Z</time>
        <extensions>
          <ns3:TrackPointExtension>
            <ns3:hr>162</ns3:hr>
            <ns3:cad>84</ns3:cad>
          </ns3:TrackPointExtension>
        </extensions>
      </trkpt>
      <trkpt lat="40.4031269252300262451171875" lon="116.6837295703589916229248046875">
        <ele>84.40000152587890625</ele>
        <time>2026-09-03T10:47:37.000Z</time>
        <extensions>
          <ns3:TrackPointExtension>
            <ns3:hr>163</ns3:hr>
            <ns3:cad>84</ns3:cad>
          </ns3:TrackPointExtension>
        </extensions>
      </trkpt>
      <trkpt lat="40.403115190565586090087890625" lon="116.6837376169860363006591796875">
        <ele>84.40000152587890625</ele>
        <time>2026-09-03T10:47:38.000Z</time>
        <extensions>
          <ns3:TrackPointExtension>
            <ns3:hr>163</ns3:hr>
            <ns3:cad>79</ns3:cad>
          </ns3:TrackPointExtension>
        </extensions>
      </trkpt>
      <trkpt lat="40.4030999355018138885498046875" lon="116.6837513633072376251220703125">
        <ele>84.40000152587890625</ele>
        <time>2026-09-03T10:47:39.000Z</time>
        <extensions>
          <ns3:TrackPointExtension>
            <ns3:hr>163</ns3:hr>
            <ns3:cad>79</ns3:cad>
          </ns3:TrackPointExtension>
        </extensions>
      </trkpt>
      <trkpt lat="40.4030882008373737335205078125" lon="116.68376200832426548004150390625">
        <ele>84.40000152587890625</ele>
        <time>2026-09-03T10:47:40.000Z</time>
        <extensions>
          <ns3:TrackPointExtension>
            <ns3:hr>162</ns3:hr>
            <ns3:cad>79</ns3:cad>
          </ns3:TrackPointExtension>
        </extensions>
      </trkpt>
      <trkpt lat="40.40308258496224880218505859375" lon="116.6837671212852001190185546875">
        <ele>84.40000152587890625</ele>
        <time>2026-09-03T10:47:41.000Z</time>
        <extensions>
          <ns3:TrackPointExtension>
            <ns3:hr>162</ns3:hr>
            <ns3:cad>80</ns3:cad>
          </ns3:TrackPointExtension>
        </extensions>
      </trkpt>
      <trkpt lat="40.40306724607944488525390625" lon="116.6837845556437969207763671875">
        <ele>84.40000152587890625</ele>
        <time>2026-09-03T10:47:42.000Z</time>
        <extensions>
          <ns3:TrackPointExtension>
            <ns3:hr>162</ns3:hr>
            <ns3:cad>80</ns3:cad>
          </ns3:TrackPointExtension>
        </extensions>
      </trkpt>
      <trkpt lat="40.4030607081949710845947265625" lon="116.6837922669947147369384765625">
        <ele>84.40000152587890625</ele>
        <time>2026-09-03T10:47:43.000Z</time>
        <extensions>
          <ns3:TrackPointExtension>
            <ns3:hr>163</ns3:hr>
            <ns3:cad>80</ns3:cad>
          </ns3:TrackPointExtension>
        </extensions>
      </trkpt>
      <trkpt lat="40.40304738096892833709716796875" lon="116.68380827642977237701416015625">
        <ele>84.40000152587890625</ele>
        <time>2026-09-03T10:47:44.000Z</time>
        <extensions>
          <ns3:TrackPointExtension>
            <ns3:hr>166</ns3:hr>
            <ns3:cad>78</ns3:cad>
          </ns3:TrackPointExtension>
        </extensions>
      </trkpt>
      <trkpt lat="40.40303396992385387420654296875" lon="116.6838289797306060791015625">
        <ele>84.40000152587890625</ele>
        <time>2026-09-03T10:47:45.000Z</time>
        <extensions>
          <ns3:TrackPointExtension>
            <ns3:hr>172</ns3:hr>
            <ns3:cad>78</ns3:cad>
          </ns3:TrackPointExtension>
        </extensions>
      </trkpt>
      <trkpt lat="40.40302927605807781219482421875" lon="116.68383635580539703369140625">
        <ele>84.40000152587890625</ele>
        <time>2026-09-03T10:47:46.000Z</time>
        <extensions>
          <ns3:TrackPointExtension>
            <ns3:hr>181</ns3:hr>
            <ns3:cad>78</ns3:cad>
          </ns3:TrackPointExtension>
        </extensions>
      </trkpt>
      <trkpt lat="40.4030167870223522186279296875" lon="116.6838563047349452972412109375">
        <ele>84.40000152587890625</ele>
        <time>2026-09-03T10:47:47.000Z</time>
        <extensions>
          <ns3:TrackPointExtension>
            <ns3:hr>184</ns3:hr>
            <ns3:cad>80</ns3:cad>
          </ns3:TrackPointExtension>
        </extensions>
      </trkpt>
      <trkpt lat="40.40300262160599231719970703125" lon="116.68388597667217254638671875">
        <ele>84.40000152587890625</ele>
        <time>2026-09-03T10:47:48.000Z</time>
        <extensions>
          <ns3:TrackPointExtension>
            <ns3:hr>185</ns3:hr>
            <ns3:cad>80</ns3:cad>
          </ns3:TrackPointExtension>
        </extensions>
      </trkpt>
      <trkpt lat="40.40300077758729457855224609375" lon="116.6838898323476314544677734375">
        <ele>84.40000152587890625</ele>
        <time>2026-09-03T10:47:49.000Z</time>
        <extensions>
          <ns3:TrackPointExtension>
            <ns3:hr>185</ns3:hr>
            <ns3:cad>81</ns3:cad>
          </ns3:TrackPointExtension>
        </extensions>
      </trkpt>
      <trkpt lat="40.4029869474470615386962890625" lon="116.68392444960772991180419921875">
        <ele>84.40000152587890625</ele>
        <time>2026-09-03T10:47:50.000Z</time>
        <extensions>
          <ns3:TrackPointExtension>
            <ns3:hr>185</ns3:hr>
            <ns3:cad>81</ns3:cad>
          </ns3:TrackPointExtension>
        </extensions>
      </trkpt>
      <trkpt lat="40.40297797881066799163818359375" lon="116.68395076878368854522705078125">
        <ele>84.40000152587890625</ele>
        <time>2026-09-03T10:47:51.000Z</time>
        <extensions>
          <ns3:TrackPointExtension>
            <ns3:hr>184</ns3:hr>
            <ns3:cad>81</ns3:cad>
          </ns3:TrackPointExtension>
        </extensions>
      </trkpt>
      <trkpt lat="40.40297697298228740692138671875" lon="116.683953702449798583984375">
        <ele>84.40000152587890625</ele>
        <time>2026-09-03T10:47:52.000Z</time>
        <extensions>
          <ns3:TrackPointExtension>
            <ns3:hr>184</ns3:hr>
            <ns3:cad>81</ns3:cad>
          </ns3:TrackPointExtension>
        </extensions>
      </trkpt>
      <trkpt lat="40.4029668308794498443603515625" lon="116.68399594724178314208984375">
        <ele>84.40000152587890625</ele>
        <time>2026-09-03T10:47:53.000Z</time>
        <extensions>
          <ns3:TrackPointExtension>
            <ns3:hr>182</ns3:hr>
            <ns3:cad>80</ns3:cad>
          </ns3:TrackPointExtension>
        </extensions>
      </trkpt>
      <trkpt lat="40.4029624722898006439208984375" lon="116.68401564471423625946044921875">
        <ele>84.40000152587890625</ele>
        <time>2026-09-03T10:47:54.000Z</time>
        <extensions>
          <ns3:TrackPointExtension>
            <ns3:hr>182</ns3:hr>
            <ns3:cad>80</ns3:cad>
          </ns3:TrackPointExtension>
        </extensions>
      </trkpt>
      <trkpt lat="40.402961634099483489990234375" lon="116.68402235023677349090576171875">
        <ele>84.40000152587890625</ele>
        <time>2026-09-03T10:47:55.000Z</time>
        <extensions>
          <ns3:TrackPointExtension>
            <ns3:hr>181</ns3:hr>
            <ns3:cad>80</ns3:cad>
          </ns3:TrackPointExtension>
        </extensions>
      </trkpt>
      <trkpt lat="40.4029557667672634124755859375" lon="116.6840745694935321807861328125">
        <ele>84.40000152587890625</ele>
        <time>2026-09-03T10:47:56.000Z</time>
        <extensions>
          <ns3:TrackPointExtension>
            <ns3:hr>181</ns3:hr>
            <ns3:cad>80</ns3:cad>
          </ns3:TrackPointExtension>
        </extensions>
      </trkpt>
      <trkpt lat="40.402955599129199981689453125" lon="116.68408588506281375885009765625">
        <ele>84.40000152587890625</ele>
        <time>2026-09-03T10:47:57.000Z</time>
        <extensions>
          <ns3:TrackPointExtension>
            <ns3:hr>180</ns3:hr>
            <ns3:cad>81</ns3:cad>
          </ns3:TrackPointExtension>
        </extensions>
      </trkpt>
      <trkpt lat="40.402955599129199981689453125" lon="116.68408806435763835906982421875">
        <ele>84.40000152587890625</ele>
        <time>2026-09-03T10:47:58.000Z</time>
        <extensions>
          <ns3:TrackPointExtension>
            <ns3:hr>180</ns3:hr>
            <ns3:cad>81</ns3:cad>
          </ns3:TrackPointExtension>
        </extensions>
      </trkpt>
      <trkpt lat="40.40295635350048542022705078125" lon="116.68414522893726825714111328125">
        <ele>84.40000152587890625</ele>
        <time>2026-09-03T10:47:59.000Z</time>
        <extensions>
          <ns3:TrackPointExtension>
            <ns3:hr>180</ns3:hr>
            <ns3:cad>81</ns3:cad>
          </ns3:TrackPointExtension>
        </extensions>
      </trkpt>
      <trkpt lat="40.40295652113854885101318359375" lon="116.6841469891369342803955078125">
        <ele>84.40000152587890625</ele>
        <time>2026-09-03T10:48:00.000Z</time>
        <extensions>
          <ns3:TrackPointExtension>
            <ns3:hr>179</ns3:hr>
            <ns3:cad>81</ns3:cad>
          </ns3:TrackPointExtension>
        </extensions>
      </trkpt>
      <trkpt lat="40.402959622442722320556640625" lon="116.68417993001639842987060546875">
        <ele>84.40000152587890625</ele>
        <time>2026-09-03T10:48:01.000Z</time>
        <extensions>
          <ns3:TrackPointExtension>
            <ns3:hr>178</ns3:hr>
            <ns3:cad>81</ns3:cad>
          </ns3:TrackPointExtension>
        </extensions>
      </trkpt>
      <trkpt lat="40.4029654897749423980712890625" lon="116.6842150501906871795654296875">
        <ele>84.40000152587890625</ele>
        <time>2026-09-03T10:48:02.000Z</time>
        <extensions>
          <ns3:TrackPointExtension>
            <ns3:hr>177</ns3:hr>
            <ns3:cad>81</ns3:cad>
          </ns3:TrackPointExtension>
        </extensions>
      </trkpt>
      <trkpt lat="40.402967669069766998291015625" lon="116.684225611388683319091796875">
        <ele>84.40000152587890625</ele>
        <time>2026-09-03T10:48:03.000Z</time>
        <extensions>
          <ns3:TrackPointExtension>
            <ns3:hr>177</ns3:hr>
            <ns3:cad>81</ns3:cad>
          </ns3:TrackPointExtension>
        </extensions>
      </trkpt>
      <trkpt lat="40.40297873318195343017578125" lon="116.6842688620090484619140625">
        <ele>84.40000152587890625</ele>
        <time>2026-09-03T10:48:04.000Z</time>
        <extensions>
          <ns3:TrackPointExtension>
            <ns3:hr>177</ns3:hr>
            <ns3:cad>81</ns3:cad>
          </ns3:TrackPointExtension>
        </extensions>
      </trkpt>
      <trkpt lat="40.40298451669514179229736328125" lon="116.68428696691989898681640625">
        <ele>84.40000152587890625</ele>
        <time>2026-09-03T10:48:05.000Z</time>
        <extensions>
          <ns3:TrackPointExtension>
            <ns3:hr>176</ns3:hr>
            <ns3:cad>82</ns3:cad>
          </ns3:TrackPointExtension>
        </extensions>
      </trkpt>
      <trkpt lat="40.40298904292285442352294921875" lon="116.6843010485172271728515625">
        <ele>84.40000152587890625</ele>
        <time>2026-09-03T10:48:06.000Z</time>
        <extensions>
          <ns3:TrackPointExtension>
            <ns3:hr>175</ns3:hr>
            <ns3:cad>82</ns3:cad>
          </ns3:TrackPointExtension>
        </extensions>
      </trkpt>
      <trkpt lat="40.40300698019564151763916015625" lon="116.6843414492905139923095703125">
        <ele>84.40000152587890625</ele>
        <time>2026-09-03T10:48:07.000Z</time>
        <extensions>
          <ns3:TrackPointExtension>
            <ns3:hr>175</ns3:hr>
            <ns3:cad>82</ns3:cad>
          </ns3:TrackPointExtension>
        </extensions>
      </trkpt>
      <trkpt lat="40.40301360189914703369140625" lon="116.68435578234493732452392578125">
        <ele>84.40000152587890625</ele>
        <time>2026-09-03T10:48:08.000Z</time>
        <extensions>
          <ns3:TrackPointExtension>
            <ns3:hr>175</ns3:hr>
            <ns3:cad>82</ns3:cad>
          </ns3:TrackPointExtension>
        </extensions>
      </trkpt>
      <trkpt lat="40.4030322097241878509521484375" lon="116.684386543929576873779296875">
        <ele>84.40000152587890625</ele>
        <time>2026-09-03T10:48:09.000Z</time>
        <extensions>
          <ns3:TrackPointExtension>
            <ns3:hr>175</ns3:hr>
            <ns3:cad>82</ns3:cad>
          </ns3:TrackPointExtension>
        </extensions>
      </trkpt>
      <trkpt lat="40.40304654277861118316650390625" lon="116.68440791778266429901123046875">
        <ele>84.40000152587890625</ele>
        <time>2026-09-03T10:48:10.000Z</time>
        <extensions>
          <ns3:TrackPointExtension>
            <ns3:hr>174</ns3:hr>
            <ns3:cad>82</ns3:cad>
          </ns3:TrackPointExtension>
        </extensions>
      </trkpt>
      <trkpt lat="40.40305919945240020751953125" lon="116.68442384339869022369384765625">
        <ele>84.40000152587890625</ele>
        <time>2026-09-03T10:48:11.000Z</time>
        <extensions>
          <ns3:TrackPointExtension>
            <ns3:hr>173</ns3:hr>
            <ns3:cad>82</ns3:cad>
          </ns3:TrackPointExtension>
        </extensions>
      </trkpt>
      <trkpt lat="40.4030845127999782562255859375" lon="116.68445217423141002655029296875">
        <ele>84.40000152587890625</ele>
        <time>2026-09-03T10:48:12.000Z</time>
        <extensions>
          <ns3:TrackPointExtension>
            <ns3:hr>172</ns3:hr>
            <ns3:cad>83</ns3:cad>
          </ns3:TrackPointExtension>
        </extensions>
      </trkpt>
      <trkpt lat="40.40309666655957698822021484375" lon="116.68446374125778675079345703125">
        <ele>84.40000152587890625</ele>
        <time>2026-09-03T10:48:13.000Z</time>
        <extensions>
          <ns3:TrackPointExtension>
            <ns3:hr>171</ns3:hr>
            <ns3:cad>83</ns3:cad>
          </ns3:TrackPointExtension>
        </extensions>
      </trkpt>
      <trkpt lat="40.403119884431362152099609375" lon="116.6844832710921764373779296875">
        <ele>84.40000152587890625</ele>
        <time>2026-09-03T10:48:14.000Z</time>
        <extensions>
          <ns3:TrackPointExtension>
            <ns3:hr>169</ns3:hr>
            <ns3:cad>83</ns3:cad>
          </ns3:TrackPointExtension>
        </extensions>
      </trkpt>
      <trkpt lat="40.403142012655735015869140625" lon="116.68449877761304378509521484375">
        <ele>84.40000152587890625</ele>
        <time>2026-09-03T10:48:15.000Z</time>
        <extensions>
          <ns3:TrackPointExtension>
            <ns3:hr>169</ns3:hr>
            <ns3:cad>83</ns3:cad>
          </ns3:TrackPointExtension>
        </extensions>
      </trkpt>
      <trkpt lat="40.40315533988177776336669921875" lon="116.68450682424008846282958984375">
        <ele>84.40000152587890625</ele>
        <time>2026-09-03T10:48:16.000Z</time>
        <extensions>
          <ns3:TrackPointExtension>
            <ns3:hr>169</ns3:hr>
            <ns3:cad>83</ns3:cad>
          </ns3:TrackPointExtension>
        </extensions>
      </trkpt>
      <trkpt lat="40.40319574065506458282470703125" lon="116.68452559970319271087646484375">
        <ele>84.40000152587890625</ele>
        <time>2026-09-03T10:48:17.000Z</time>
        <extensions>
          <ns3:TrackPointExtension>
            <ns3:hr>168</ns3:hr>
            <ns3:cad>83</ns3:cad>
          </ns3:TrackPointExtension>
        </extensions>
      </trkpt>
      <trkpt lat="40.4032122530043125152587890625" lon="116.68453037738800048828125">
        <ele>84.40000152587890625</ele>
        <time>2026-09-03T10:48:18.000Z</time>
        <extensions>
          <ns3:TrackPointExtension>
            <ns3:hr>169</ns3:hr>
            <ns3:cad>83</ns3:cad>
          </ns3:TrackPointExtension>
        </extensions>
      </trkpt>
      <trkpt lat="40.40324351750314235687255859375" lon="116.6845379211008548736572265625">
        <ele>84.40000152587890625</ele>
        <time>2026-09-03T10:48:19.000Z</time>
        <extensions>
          <ns3:TrackPointExtension>
            <ns3:hr>169</ns3:hr>
            <ns3:cad>83</ns3:cad>
          </ns3:TrackPointExtension>
        </extensions>
      </trkpt>
      <trkpt lat="40.40325374342501163482666015625" lon="116.68453901074826717376708984375">
        <ele>84.40000152587890625</ele>
        <time>2026-09-03T10:48:20.000Z</time>
        <extensions>
          <ns3:TrackPointExtension>
            <ns3:hr>169</ns3:hr>
            <ns3:cad>84</ns3:cad>
          </ns3:TrackPointExtension>
        </extensions>
      </trkpt>
      <trkpt lat="40.4032870195806026458740234375" lon="116.6845419444143772125244140625">
        <ele>84.40000152587890625</ele>
        <time>2026-09-03T10:48:21.000Z</time>
        <extensions>
          <ns3:TrackPointExtension>
            <ns3:hr>169</ns3:hr>
            <ns3:cad>85</ns3:cad>
          </ns3:TrackPointExtension>
        </extensions>
      </trkpt>
      <trkpt lat="40.4033061303198337554931640625" lon="116.68454219587147235870361328125">
        <ele>84.40000152587890625</ele>
        <time>2026-09-03T10:48:22.000Z</time>
        <extensions>
          <ns3:TrackPointExtension>
            <ns3:hr>168</ns3:hr>
            <ns3:cad>86</ns3:cad>
          </ns3:TrackPointExtension>
        </extensions>
      </trkpt>
      <trkpt lat="40.40333638899028301239013671875" lon="116.68454269878566265106201171875">
        <ele>84.40000152587890625</ele>
        <time>2026-09-03T10:48:23.000Z</time>
        <extensions>
          <ns3:TrackPointExtension>
            <ns3:hr>168</ns3:hr>
            <ns3:cad>86</ns3:cad>
          </ns3:TrackPointExtension>
        </extensions>
      </trkpt>
      <trkpt lat="40.40336488746106624603271484375" lon="116.68454311788082122802734375">
        <ele>84.40000152587890625</ele>
        <time>2026-09-03T10:48:24.000Z</time>
        <extensions>
          <ns3:TrackPointExtension>
            <ns3:hr>168</ns3:hr>
            <ns3:cad>87</ns3:cad>
          </ns3:TrackPointExtension>
        </extensions>
      </trkpt>
      <trkpt lat="40.4033946432173252105712890625" lon="116.6845436207950115203857421875">
        <ele>84.40000152587890625</ele>
        <time>2026-09-03T10:48:25.000Z</time>
        <extensions>
          <ns3:TrackPointExtension>
            <ns3:hr>168</ns3:hr>
            <ns3:cad>87</ns3:cad>
          </ns3:TrackPointExtension>
        </extensions>
      </trkpt>
      <trkpt lat="40.403420627117156982421875" lon="116.6845439560711383819580078125">
        <ele>84.40000152587890625</ele>
        <time>2026-09-03T10:48:26.000Z</time>
        <extensions>
          <ns3:TrackPointExtension>
            <ns3:hr>167</ns3:hr>
            <ns3:cad>87</ns3:cad>
          </ns3:TrackPointExtension>
        </extensions>
      </trkpt>
      <trkpt lat="40.403431020677089691162109375" lon="116.684544123709201812744140625">
        <ele>84.40000152587890625</ele>
        <time>2026-09-03T10:48:27.000Z</time>
        <extensions>
          <ns3:TrackPointExtension>
            <ns3:hr>167</ns3:hr>
            <ns3:cad>88</ns3:cad>
          </ns3:TrackPointExtension>
        </extensions>
      </trkpt>
      <trkpt lat="40.40346463210880756378173828125" lon="116.68454471044242382049560546875">
        <ele>84.40000152587890625</ele>
        <time>2026-09-03T10:48:28.000Z</time>
        <extensions>
          <ns3:TrackPointExtension>
            <ns3:hr>167</ns3:hr>
            <ns3:cad>88</ns3:cad>
          </ns3:TrackPointExtension>
        </extensions>
      </trkpt>
      <trkpt lat="40.40347251109778881072998046875" lon="116.684544794261455535888671875">
        <ele>84.40000152587890625</ele>
        <time>2026-09-03T10:48:29.000Z</time>
        <extensions>
          <ns3:TrackPointExtension>
            <ns3:hr>167</ns3:hr>
            <ns3:cad>88</ns3:cad>
          </ns3:TrackPointExtension>
        </extensions>
      </trkpt>
      <trkpt lat="40.4035077989101409912109375" lon="116.68454538099467754364013671875">
        <ele>84.40000152587890625</ele>
        <time>2026-09-03T10:48:30.000Z</time>
        <extensions>
          <ns3:TrackPointExtension>
            <ns3:hr>167</ns3:hr>
            <ns3:cad>88</ns3:cad>
          </ns3:TrackPointExtension>
        </extensions>
      </trkpt>
      <trkpt lat="40.4035217128694057464599609375" lon="116.68454554863274097442626953125">
        <ele>84.40000152587890625</ele>
        <time>2026-09-03T10:48:31.000Z</time>
        <extensions>
          <ns3:TrackPointExtension>
            <ns3:hr>167</ns3:hr>
            <ns3:cad>88</ns3:cad>
          </ns3:TrackPointExtension>
        </extensions>
      </trkpt>
      <trkpt lat="40.40354627184569835662841796875" lon="116.6845459677278995513916015625">
        <ele>84.40000152587890625</ele>
        <time>2026-09-03T10:48:32.000Z</time>
        <extensions>
          <ns3:TrackPointExtension>
            <ns3:hr>167</ns3:hr>
            <ns3:cad>88</ns3:cad>
          </ns3:TrackPointExtension>
        </extensions>
      </trkpt>
      <trkpt lat="40.4035703279078006744384765625" lon="116.6845463030040264129638671875">
        <ele>84.40000152587890625</ele>
        <time>2026-09-03T10:48:33.000Z</time>
        <extensions>
          <ns3:TrackPointExtension>
            <ns3:hr>167</ns3:hr>
            <ns3:cad>86</ns3:cad>
          </ns3:TrackPointExtension>
        </extensions>
      </trkpt>
      <trkpt lat="40.40358047001063823699951171875" lon="116.68454647064208984375">
        <ele>84.40000152587890625</ele>
        <time>2026-09-03T10:48:34.000Z</time>
        <extensions>
          <ns3:TrackPointExtension>
            <ns3:hr>166</ns3:hr>
            <ns3:cad>85</ns3:cad>
          </ns3:TrackPointExtension>
        </extensions>
      </trkpt>
      <trkpt lat="40.40361399762332439422607421875" lon="116.6845469735562801361083984375">
        <ele>84.40000152587890625</ele>
        <time>2026-09-03T10:48:35.000Z</time>
        <extensions>
          <ns3:TrackPointExtension>
            <ns3:hr>166</ns3:hr>
            <ns3:cad>85</ns3:cad>
          </ns3:TrackPointExtension>
        </extensions>
      </trkpt>
      <trkpt lat="40.4036239720880985260009765625" lon="116.68454714119434356689453125">
        <ele>84.40000152587890625</ele>
        <time>2026-09-03T10:48:36.000Z</time>
        <extensions>
          <ns3:TrackPointExtension>
            <ns3:hr>166</ns3:hr>
            <ns3:cad>85</ns3:cad>
          </ns3:TrackPointExtension>
        </extensions>
      </trkpt>
      <trkpt lat="40.40365674532949924468994140625" lon="116.6845476441085338592529296875">
        <ele>84.40000152587890625</ele>
        <time>2026-09-03T10:48:37.000Z</time>
        <extensions>
          <ns3:TrackPointExtension>
            <ns3:hr>165</ns3:hr>
            <ns3:cad>86</ns3:cad>
          </ns3:TrackPointExtension>
        </extensions>
      </trkpt>
      <trkpt lat="40.4036633670330047607421875" lon="116.6845478117465972900390625">
        <ele>84.40000152587890625</ele>
        <time>2026-09-03T10:48:38.000Z</time>
        <extensions>
          <ns3:TrackPointExtension>
            <ns3:hr>165</ns3:hr>
            <ns3:cad>87</ns3:cad>
          </ns3:TrackPointExtension>
        </extensions>
      </trkpt>
      <trkpt lat="40.4036843217909336090087890625" lon="116.68454806320369243621826171875">
        <ele>84.40000152587890625</ele>
        <time>2026-09-03T10:48:39.000Z</time>
        <extensions>
          <ns3:TrackPointExtension>
            <ns3:hr>165</ns3:hr>
            <ns3:cad>87</ns3:cad>
          </ns3:TrackPointExtension>
        </extensions>
      </trkpt>
      <trkpt lat="40.40369949303567409515380859375" lon="116.6845483146607875823974609375">
        <ele>84.40000152587890625</ele>
        <time>2026-09-03T10:48:40.000Z</time>
        <extensions>
          <ns3:TrackPointExtension>
            <ns3:hr>164</ns3:hr>
            <ns3:cad>86</ns3:cad>
          </ns3:TrackPointExtension>
        </extensions>
      </trkpt>
      <trkpt lat="40.40370536036789417266845703125" lon="116.68454839847981929779052734375">
        <ele>84.40000152587890625</ele>
        <time>2026-09-03T10:48:41.000Z</time>
        <extensions>
          <ns3:TrackPointExtension>
            <ns3:hr>164</ns3:hr>
            <ns3:cad>85</ns3:cad>
          </ns3:TrackPointExtension>
        </extensions>
      </trkpt>
      <trkpt lat="40.40371458046138286590576171875" lon="116.68454856611788272857666015625">
        <ele>84.40000152587890625</ele>
        <time>2026-09-03T10:48:42.000Z</time>
        <extensions>
          <ns3:TrackPointExtension>
            <ns3:hr>163</ns3:hr>
            <ns3:cad>85</ns3:cad>
          </ns3:TrackPointExtension>
        </extensions>
      </trkpt>
      <trkpt lat="40.40372815914452075958251953125" lon="116.684548817574977874755859375">
        <ele>84.40000152587890625</ele>
        <time>2026-09-03T10:48:43.000Z</time>
        <extensions>
          <ns3:TrackPointExtension>
            <ns3:hr>163</ns3:hr>
            <ns3:cad>84</ns3:cad>
          </ns3:TrackPointExtension>
        </extensions>
      </trkpt>
      <trkpt lat="40.403742492198944091796875" lon="116.6845489852130413055419921875">
        <ele>84.40000152587890625</ele>
        <time>2026-09-03T10:48:44.000Z</time>
        <extensions>
          <ns3:TrackPointExtension>
            <ns3:hr>163</ns3:hr>
            <ns3:cad>84</ns3:cad>
          </ns3:TrackPointExtension>
        </extensions>
      </trkpt>
      <trkpt lat="40.40375732816755771636962890625" lon="116.68454923667013645172119140625">
        <ele>84.40000152587890625</ele>
        <time>2026-09-03T10:48:45.000Z</time>
        <extensions>
          <ns3:TrackPointExtension>
            <ns3:hr>163</ns3:hr>
            <ns3:cad>84</ns3:cad>
          </ns3:TrackPointExtension>
        </extensions>
      </trkpt>
      <trkpt lat="40.4037728346884250640869140625" lon="116.684549488127231597900390625">
        <ele>84.40000152587890625</ele>
        <time>2026-09-03T10:48:46.000Z</time>
        <extensions>
          <ns3:TrackPointExtension>
            <ns3:hr>162</ns3:hr>
            <ns3:cad>84</ns3:cad>
          </ns3:TrackPointExtension>
        </extensions>
      </trkpt>
      <trkpt lat="40.40377132594585418701171875" lon="116.684549488127231597900390625">
        <ele>84.40000152587890625</ele>
        <time>2026-09-03T10:48:47.000Z</time>
        <extensions>
          <ns3:TrackPointExtension>
            <ns3:hr>162</ns3:hr>
            <ns3:cad>84</ns3:cad>
          </ns3:TrackPointExtension>
        </extensions>
      </trkpt>
      <trkpt lat="40.40377610363066196441650390625" lon="116.68454957194626331329345703125">
        <ele>84.40000152587890625</ele>
        <time>2026-09-03T10:48:48.000Z</time>
        <extensions>
          <ns3:TrackPointExtension>
            <ns3:hr>161</ns3:hr>
            <ns3:cad>84</ns3:cad>
          </ns3:TrackPointExtension>
        </extensions>
      </trkpt>
      <trkpt lat="40.4037775285542011260986328125" lon="116.68454957194626331329345703125">
        <ele>84.40000152587890625</ele>
        <time>2026-09-03T10:48:49.000Z</time>
        <extensions>
          <ns3:TrackPointExtension>
            <ns3:hr>161</ns3:hr>
            <ns3:cad>84</ns3:cad>
          </ns3:TrackPointExtension>
        </extensions>
      </trkpt>
      <trkpt lat="40.40376688353717327117919921875" lon="116.68454940430819988250732421875">
        <ele>84.40000152587890625</ele>
        <time>2026-09-03T10:48:50.000Z</time>
        <extensions>
          <ns3:TrackPointExtension>
            <ns3:hr>160</ns3:hr>
            <ns3:cad>84</ns3:cad>
          </ns3:TrackPointExtension>
        </extensions>
      </trkpt>
      <trkpt lat="40.40377358905971050262451171875" lon="116.684549488127231597900390625">
        <ele>84.40000152587890625</ele>
        <time>2026-09-03T10:48:51.000Z</time>
        <extensions>
          <ns3:TrackPointExtension>
            <ns3:hr>159</ns3:hr>
            <ns3:cad>0</ns3:cad>
          </ns3:TrackPointExtension>
        </extensions>
      </trkpt>
      <trkpt lat="40.4037952981889247894287109375" lon="116.68454982340335845947265625">
        <ele>84.40000152587890625</ele>
        <time>2026-09-03T10:48:52.000Z</time>
        <extensions>
          <ns3:TrackPointExtension>
            <ns3:hr>158</ns3:hr>
            <ns3:cad>0</ns3:cad>
          </ns3:TrackPointExtension>
        </extensions>
      </trkpt>
      <trkpt lat="40.403807871043682098388671875" lon="116.6845499910414218902587890625">
        <ele>84.40000152587890625</ele>
        <time>2026-09-03T10:48:53.000Z</time>
        <extensions>
          <ns3:TrackPointExtension>
            <ns3:hr>157</ns3:hr>
            <ns3:cad>0</ns3:cad>
          </ns3:TrackPointExtension>
        </extensions>
      </trkpt>
      <trkpt lat="40.40382991544902324676513671875" lon="116.68455041013658046722412109375">
        <ele>84.40000152587890625</ele>
        <time>2026-09-03T10:48:54.000Z</time>
        <extensions>
          <ns3:TrackPointExtension>
            <ns3:hr>156</ns3:hr>
            <ns3:cad>0</ns3:cad>
          </ns3:TrackPointExtension>
        </extensions>
      </trkpt>
      <trkpt lat="40.40382220409810543060302734375" lon="116.68455024249851703643798828125">
        <ele>84.40000152587890625</ele>
        <time>2026-09-03T10:48:55.000Z</time>
        <extensions>
          <ns3:TrackPointExtension>
            <ns3:hr>156</ns3:hr>
            <ns3:cad>50</ns3:cad>
          </ns3:TrackPointExtension>
        </extensions>
      </trkpt>
      <trkpt lat="40.40381315164268016815185546875" lon="116.68455007486045360565185546875">
        <ele>84.40000152587890625</ele>
        <time>2026-09-03T10:48:56.000Z</time>
        <extensions>
          <ns3:TrackPointExtension>
            <ns3:hr>155</ns3:hr>
            <ns3:cad>50</ns3:cad>
          </ns3:TrackPointExtension>
        </extensions>
      </trkpt>
      <trkpt lat="40.4038087092339992523193359375" lon="116.68455007486045360565185546875">
        <ele>84.40000152587890625</ele>
        <time>2026-09-03T10:48:57.000Z</time>
        <extensions>
          <ns3:TrackPointExtension>
            <ns3:hr>155</ns3:hr>
            <ns3:cad>50</ns3:cad>
          </ns3:TrackPointExtension>
        </extensions>
      </trkpt>
      <trkpt lat="40.4038097150623798370361328125" lon="116.68455007486045360565185546875">
        <ele>84.40000152587890625</ele>
        <time>2026-09-03T10:48:58.000Z</time>
        <extensions>
          <ns3:TrackPointExtension>
            <ns3:hr>154</ns3:hr>
            <ns3:cad>53</ns3:cad>
          </ns3:TrackPointExtension>
        </extensions>
      </trkpt>
      <trkpt lat="40.4038134030997753143310546875" lon="116.68455007486045360565185546875">
        <ele>84.40000152587890625</ele>
        <time>2026-09-03T10:48:59.000Z</time>
        <extensions>
          <ns3:TrackPointExtension>
            <ns3:hr>153</ns3:hr>
            <ns3:cad>53</ns3:cad>
          </ns3:TrackPointExtension>
        </extensions>
      </trkpt>
      <trkpt lat="40.40381566621363162994384765625" lon="116.684550158679485321044921875">
        <ele>84.40000152587890625</ele>
        <time>2026-09-03T10:49:00.000Z</time>
        <extensions>
          <ns3:TrackPointExtension>
            <ns3:hr>153</ns3:hr>
            <ns3:cad>53</ns3:cad>
          </ns3:TrackPointExtension>
        </extensions>
      </trkpt>
      <trkpt lat="40.40382253937423229217529296875" lon="116.68455024249851703643798828125">
        <ele>84.40000152587890625</ele>
        <time>2026-09-03T10:49:01.000Z</time>
        <extensions>
          <ns3:TrackPointExtension>
            <ns3:hr>152</ns3:hr>
            <ns3:cad>53</ns3:cad>
          </ns3:TrackPointExtension>
        </extensions>
      </trkpt>
      <trkpt lat="40.4038278199732303619384765625" lon="116.6845503263175487518310546875">
        <ele>84.40000152587890625</ele>
        <time>2026-09-03T10:49:02.000Z</time>
        <extensions>
          <ns3:TrackPointExtension>
            <ns3:hr>152</ns3:hr>
            <ns3:cad>55</ns3:cad>
          </ns3:TrackPointExtension>
        </extensions>
      </trkpt>
      <trkpt lat="40.40383393876254558563232421875" lon="116.68455041013658046722412109375">
        <ele>84.40000152587890625</ele>
        <time>2026-09-03T10:49:03.000Z</time>
        <extensions>
          <ns3:TrackPointExtension>
            <ns3:hr>152</ns3:hr>
            <ns3:cad>57</ns3:cad>
          </ns3:TrackPointExtension>
        </extensions>
      </trkpt>
      <trkpt lat="40.4038412310183048248291015625" lon="116.68455057777464389801025390625">
        <ele>84.40000152587890625</ele>
        <time>2026-09-03T10:49:04.000Z</time>
        <extensions>
          <ns3:TrackPointExtension>
            <ns3:hr>151</ns3:hr>
            <ns3:cad>58</ns3:cad>
          </ns3:TrackPointExtension>
        </extensions>
      </trkpt>
      <trkpt lat="40.40385019965469837188720703125" lon="116.6845506615936756134033203125">
        <ele>84.40000152587890625</ele>
        <time>2026-09-03T10:49:05.000Z</time>
        <extensions>
          <ns3:TrackPointExtension>
            <ns3:hr>151</ns3:hr>
            <ns3:cad>58</ns3:cad>
          </ns3:TrackPointExtension>
        </extensions>
      </trkpt>
      <trkpt lat="40.40386763401329517364501953125" lon="116.6845509968698024749755859375">
        <ele>84.40000152587890625</ele>
        <time>2026-09-03T10:49:06.000Z</time>
        <extensions>
          <ns3:TrackPointExtension>
            <ns3:hr>151</ns3:hr>
            <ns3:cad>58</ns3:cad>
          </ns3:TrackPointExtension>
        </extensions>
      </trkpt>
      <trkpt lat="40.4038834758102893829345703125" lon="116.68455116450786590576171875">
        <ele>84.40000152587890625</ele>
        <time>2026-09-03T10:49:07.000Z</time>
        <extensions>
          <ns3:TrackPointExtension>
            <ns3:hr>150</ns3:hr>
            <ns3:cad>54</ns3:cad>
          </ns3:TrackPointExtension>
        </extensions>
      </trkpt>
      <trkpt lat="40.4038967192173004150390625" lon="116.68455141596496105194091796875">
        <ele>84.40000152587890625</ele>
        <time>2026-09-03T10:49:08.000Z</time>
        <extensions>
          <ns3:TrackPointExtension>
            <ns3:hr>149</ns3:hr>
            <ns3:cad>54</ns3:cad>
          </ns3:TrackPointExtension>
        </extensions>
      </trkpt>
      <trkpt lat="40.4039082862436771392822265625" lon="116.68455158360302448272705078125">
        <ele>84.40000152587890625</ele>
        <time>2026-09-03T10:49:09.000Z</time>
        <extensions>
          <ns3:TrackPointExtension>
            <ns3:hr>149</ns3:hr>
            <ns3:cad>0</ns3:cad>
          </ns3:TrackPointExtension>
        </extensions>
      </trkpt>
      <trkpt lat="40.4039149917662143707275390625" lon="116.6845516674220561981201171875">
        <ele>84.40000152587890625</ele>
        <time>2026-09-03T10:49:10.000Z</time>
        <extensions>
          <ns3:TrackPointExtension>
            <ns3:hr>149</ns3:hr>
            <ns3:cad>0</ns3:cad>
          </ns3:TrackPointExtension>
        </extensions>
      </trkpt>
      <trkpt lat="40.40391876362264156341552734375" lon="116.68455175124108791351318359375">
        <ele>84.40000152587890625</ele>
        <time>2026-09-03T10:49:11.000Z</time>
        <extensions>
          <ns3:TrackPointExtension>
            <ns3:hr>148</ns3:hr>
            <ns3:cad>0</ns3:cad>
          </ns3:TrackPointExtension>
        </extensions>
      </trkpt>
      <trkpt lat="40.403921194374561309814453125" lon="116.68455183506011962890625">
        <ele>84.40000152587890625</ele>
        <time>2026-09-03T10:49:12.000Z</time>
        <extensions>
          <ns3:TrackPointExtension>
            <ns3:hr>148</ns3:hr>
            <ns3:cad>53</ns3:cad>
          </ns3:TrackPointExtension>
        </extensions>
      </trkpt>
      <trkpt lat="40.4039262235164642333984375" lon="116.68455183506011962890625">
        <ele>84.40000152587890625</ele>
        <time>2026-09-03T10:49:13.000Z</time>
        <extensions>
          <ns3:TrackPointExtension>
            <ns3:hr>147</ns3:hr>
            <ns3:cad>53</ns3:cad>
          </ns3:TrackPointExtension>
        </extensions>
      </trkpt>
      <trkpt lat="40.4039408080279827117919921875" lon="116.68455208651721477508544921875">
        <ele>84.40000152587890625</ele>
        <time>2026-09-03T10:49:14.000Z</time>
        <extensions>
          <ns3:TrackPointExtension>
            <ns3:hr>147</ns3:hr>
            <ns3:cad>55</ns3:cad>
          </ns3:TrackPointExtension>
        </extensions>
      </trkpt>
      <trkpt lat="40.4039478488266468048095703125" lon="116.684552170336246490478515625">
        <ele>84.40000152587890625</ele>
        <time>2026-09-03T10:49:15.000Z</time>
        <extensions>
          <ns3:TrackPointExtension>
            <ns3:hr>146</ns3:hr>
            <ns3:cad>55</ns3:cad>
          </ns3:TrackPointExtension>
        </extensions>
      </trkpt>
      <trkpt lat="40.4039569012820720672607421875" lon="116.6845523379743099212646484375">
        <ele>84.40000152587890625</ele>
        <time>2026-09-03T10:49:16.000Z</time>
        <extensions>
          <ns3:TrackPointExtension>
            <ns3:hr>145</ns3:hr>
            <ns3:cad>54</ns3:cad>
          </ns3:TrackPointExtension>
        </extensions>
      </trkpt>
      <trkpt lat="40.4039729945361614227294921875" lon="116.68455258943140506744384765625">
        <ele>84.40000152587890625</ele>
        <time>2026-09-03T10:49:17.000Z</time>
        <extensions>
          <ns3:TrackPointExtension>
            <ns3:hr>144</ns3:hr>
            <ns3:cad>54</ns3:cad>
          </ns3:TrackPointExtension>
        </extensions>
      </trkpt>
      <trkpt lat="40.4039813764393329620361328125" lon="116.68455275706946849822998046875">
        <ele>84.40000152587890625</ele>
        <time>2026-09-03T10:49:18.000Z</time>
        <extensions>
          <ns3:TrackPointExtension>
            <ns3:hr>144</ns3:hr>
            <ns3:cad>54</ns3:cad>
          </ns3:TrackPointExtension>
        </extensions>
      </trkpt>
      <trkpt lat="40.40398187935352325439453125" lon="116.68455275706946849822998046875">
        <ele>84.40000152587890625</ele>
        <time>2026-09-03T10:49:19.000Z</time>
        <extensions>
          <ns3:TrackPointExtension>
            <ns3:hr>143</ns3:hr>
            <ns3:cad>54</ns3:cad>
          </ns3:TrackPointExtension>
        </extensions>
      </trkpt>
      <trkpt lat="40.40398850105702877044677734375" lon="116.684552840888500213623046875">
        <ele>84.40000152587890625</ele>
        <time>2026-09-03T10:49:20.000Z</time>
        <extensions>
          <ns3:TrackPointExtension>
            <ns3:hr>142</ns3:hr>
            <ns3:cad>56</ns3:cad>
          </ns3:TrackPointExtension>
        </extensions>
      </trkpt>
      <trkpt lat="40.4039905965328216552734375" lon="116.684552840888500213623046875">
        <ele>84.40000152587890625</ele>
        <time>2026-09-03T10:49:21.000Z</time>
        <extensions>
          <ns3:TrackPointExtension>
            <ns3:hr>142</ns3:hr>
            <ns3:cad>56</ns3:cad>
          </ns3:TrackPointExtension>
        </extensions>
      </trkpt>
      <trkpt lat="40.40399353019893169403076171875" lon="116.68455292470753192901611328125">
        <ele>84.40000152587890625</ele>
        <time>2026-09-03T10:49:22.000Z</time>
        <extensions>
          <ns3:TrackPointExtension>
            <ns3:hr>142</ns3:hr>
            <ns3:cad>53</ns3:cad>
          </ns3:TrackPointExtension>
        </extensions>
      </trkpt>
      <trkpt lat="40.4039951227605342864990234375" lon="116.68455292470753192901611328125">
        <ele>84.40000152587890625</ele>
        <time>2026-09-03T10:49:23.000Z</time>
        <extensions>
          <ns3:TrackPointExtension>
            <ns3:hr>142</ns3:hr>
            <ns3:cad>53</ns3:cad>
          </ns3:TrackPointExtension>
        </extensions>
      </trkpt>
      <trkpt lat="40.40399855934083461761474609375" lon="116.6845530085265636444091796875">
        <ele>84.40000152587890625</ele>
        <time>2026-09-03T10:49:24.000Z</time>
        <extensions>
          <ns3:TrackPointExtension>
            <ns3:hr>141</ns3:hr>
            <ns3:cad>54</ns3:cad>
          </ns3:TrackPointExtension>
        </extensions>
      </trkpt>
      <trkpt lat="40.40401138365268707275390625" lon="116.6845531761646270751953125">
        <ele>84.40000152587890625</ele>
        <time>2026-09-03T10:49:25.000Z</time>
        <extensions>
          <ns3:TrackPointExtension>
            <ns3:hr>141</ns3:hr>
            <ns3:cad>55</ns3:cad>
          </ns3:TrackPointExtension>
        </extensions>
      </trkpt>
      <trkpt lat="40.4040174186229705810546875" lon="116.68455325998365879058837890625">
        <ele>84.40000152587890625</ele>
        <time>2026-09-03T10:49:26.000Z</time>
        <extensions>
          <ns3:TrackPointExtension>
            <ns3:hr>141</ns3:hr>
            <ns3:cad>56</ns3:cad>
          </ns3:TrackPointExtension>
        </extensions>
      </trkpt>
      <trkpt lat="40.40403150022029876708984375" lon="116.684553511440753936767578125">
        <ele>84.40000152587890625</ele>
        <time>2026-09-03T10:49:27.000Z</time>
        <extensions>
          <ns3:TrackPointExtension>
            <ns3:hr>141</ns3:hr>
            <ns3:cad>55</ns3:cad>
          </ns3:TrackPointExtension>
        </extensions>
      </trkpt>
      <trkpt lat="40.404048599302768707275390625" lon="116.6845531761646270751953125">
        <ele>84.40000152587890625</ele>
        <time>2026-09-03T10:49:28.000Z</time>
        <extensions>
          <ns3:TrackPointExtension>
            <ns3:hr>142</ns3:hr>
            <ns3:cad>54</ns3:cad>
          </ns3:TrackPointExtension>
        </extensions>
      </trkpt>
      <trkpt lat="40.4040648601949214935302734375" lon="116.68455191887915134429931640625">
        <ele>84.40000152587890625</ele>
        <time>2026-09-03T10:49:29.000Z</time>
        <extensions>
          <ns3:TrackPointExtension>
            <ns3:hr>141</ns3:hr>
            <ns3:cad>54</ns3:cad>
          </ns3:TrackPointExtension>
        </extensions>
      </trkpt>
      <trkpt lat="40.40408371947705745697021484375" lon="116.6845504939556121826171875">
        <ele>84.40000152587890625</ele>
        <time>2026-09-03T10:49:30.000Z</time>
        <extensions>
          <ns3:TrackPointExtension>
            <ns3:hr>141</ns3:hr>
            <ns3:cad>54</ns3:cad>
          </ns3:TrackPointExtension>
        </extensions>
      </trkpt>
      <trkpt lat="40.404118336737155914306640625" lon="116.684542112052440643310546875">
        <ele>84.40000152587890625</ele>
        <time>2026-09-03T10:49:31.000Z</time>
        <extensions>
          <ns3:TrackPointExtension>
            <ns3:hr>140</ns3:hr>
            <ns3:cad>54</ns3:cad>
          </ns3:TrackPointExtension>
        </extensions>
      </trkpt>
      <trkpt lat="40.40417189709842205047607421875" lon="116.68452040292322635650634765625">
        <ele>84.40000152587890625</ele>
        <time>2026-09-03T10:49:32.000Z</time>
        <extensions>
          <ns3:TrackPointExtension>
            <ns3:hr>140</ns3:hr>
            <ns3:cad>54</ns3:cad>
          </ns3:TrackPointExtension>
        </extensions>
      </trkpt>
      <trkpt lat="40.40420718491077423095703125" lon="116.6844973526895046234130859375">
        <ele>84.40000152587890625</ele>
        <time>2026-09-03T10:49:33.000Z</time>
        <extensions>
          <ns3:TrackPointExtension>
            <ns3:hr>140</ns3:hr>
            <ns3:cad>54</ns3:cad>
          </ns3:TrackPointExtension>
        </extensions>
      </trkpt>
      <trkpt lat="40.40425186045467853546142578125" lon="116.68445804156363010406494140625">
        <ele>84.40000152587890625</ele>
        <time>2026-09-03T10:49:34.000Z</time>
        <extensions>
          <ns3:TrackPointExtension>
            <ns3:hr>141</ns3:hr>
            <ns3:cad>0</ns3:cad>
          </ns3:TrackPointExtension>
        </extensions>
      </trkpt>
      <trkpt lat="40.4042888246476650238037109375" lon="116.68441168963909149169921875">
        <ele>84.40000152587890625</ele>
        <time>2026-09-03T10:49:35.000Z</time>
        <extensions>
          <ns3:TrackPointExtension>
            <ns3:hr>140</ns3:hr>
            <ns3:cad>0</ns3:cad>
          </ns3:TrackPointExtension>
        </extensions>
      </trkpt>
      <trkpt lat="40.40430701337754726409912109375" lon="116.68438310734927654266357421875">
        <ele>84.40000152587890625</ele>
        <time>2026-09-03T10:49:36.000Z</time>
        <extensions>
          <ns3:TrackPointExtension>
            <ns3:hr>141</ns3:hr>
            <ns3:cad>94</ns3:cad>
          </ns3:TrackPointExtension>
        </extensions>
      </trkpt>
      <trkpt lat="40.40433056652545928955078125" lon="116.6843364201486110687255859375">
        <ele>84.40000152587890625</ele>
        <time>2026-09-03T10:49:37.000Z</time>
        <extensions>
          <ns3:TrackPointExtension>
            <ns3:hr>143</ns3:hr>
            <ns3:cad>96</ns3:cad>
          </ns3:TrackPointExtension>
        </extensions>
      </trkpt>
      <trkpt lat="40.40434858761727809906005859375" lon="116.68428830802440643310546875">
        <ele>84.40000152587890625</ele>
        <time>2026-09-03T10:49:38.000Z</time>
        <extensions>
          <ns3:TrackPointExtension>
            <ns3:hr>147</ns3:hr>
            <ns3:cad>96</ns3:cad>
          </ns3:TrackPointExtension>
        </extensions>
      </trkpt>
      <trkpt lat="40.404362417757511138916015625" lon="116.68423558585345745086669921875">
        <ele>84.40000152587890625</ele>
        <time>2026-09-03T10:49:39.000Z</time>
        <extensions>
          <ns3:TrackPointExtension>
            <ns3:hr>148</ns3:hr>
            <ns3:cad>96</ns3:cad>
          </ns3:TrackPointExtension>
        </extensions>
      </trkpt>
      <trkpt lat="40.40437071584165096282958984375" lon="116.6841838695108890533447265625">
        <ele>84.40000152587890625</ele>
        <time>2026-09-03T10:49:40.000Z</time>
        <extensions>
          <ns3:TrackPointExtension>
            <ns3:hr>150</ns3:hr>
            <ns3:cad>96</ns3:cad>
          </ns3:TrackPointExtension>
        </extensions>
      </trkpt>
      <trkpt lat="40.40437406860291957855224609375" lon="116.68414355255663394927978515625">
        <ele>84.40000152587890625</ele>
        <time>2026-09-03T10:49:41.000Z</time>
        <extensions>
          <ns3:TrackPointExtension>
            <ns3:hr>151</ns3:hr>
            <ns3:cad>96</ns3:cad>
          </ns3:TrackPointExtension>
        </extensions>
      </trkpt>
      <trkpt lat="40.40437373332679271697998046875" lon="116.68408848345279693603515625">
        <ele>84.40000152587890625</ele>
        <time>2026-09-03T10:49:42.000Z</time>
        <extensions>
          <ns3:TrackPointExtension>
            <ns3:hr>153</ns3:hr>
            <ns3:cad>96</ns3:cad>
          </ns3:TrackPointExtension>
        </extensions>
      </trkpt>
      <trkpt lat="40.4043709672987461090087890625" lon="116.6840601526200771331787109375">
        <ele>84.40000152587890625</ele>
        <time>2026-09-03T10:49:43.000Z</time>
        <extensions>
          <ns3:TrackPointExtension>
            <ns3:hr>154</ns3:hr>
            <ns3:cad>96</ns3:cad>
          </ns3:TrackPointExtension>
        </extensions>
      </trkpt>
      <trkpt lat="40.40435914881527423858642578125" lon="116.6839899122714996337890625">
        <ele>84.40000152587890625</ele>
        <time>2026-09-03T10:49:44.000Z</time>
        <extensions>
          <ns3:TrackPointExtension>
            <ns3:hr>154</ns3:hr>
            <ns3:cad>96</ns3:cad>
          </ns3:TrackPointExtension>
        </extensions>
      </trkpt>
      <trkpt lat="40.404346995055675506591796875" lon="116.6839488409459590911865234375">
        <ele>84.40000152587890625</ele>
        <time>2026-09-03T10:49:45.000Z</time>
        <extensions>
          <ns3:TrackPointExtension>
            <ns3:hr>155</ns3:hr>
            <ns3:cad>96</ns3:cad>
          </ns3:TrackPointExtension>
        </extensions>
      </trkpt>
      <trkpt lat="40.40432880632579326629638671875" lon="116.6839019022881984710693359375">
        <ele>84.40000152587890625</ele>
        <time>2026-09-03T10:49:46.000Z</time>
        <extensions>
          <ns3:TrackPointExtension>
            <ns3:hr>156</ns3:hr>
            <ns3:cad>94</ns3:cad>
          </ns3:TrackPointExtension>
        </extensions>
      </trkpt>
      <trkpt lat="40.40431539528071880340576171875" lon="116.68387298472225666046142578125">
        <ele>84.40000152587890625</ele>
        <time>2026-09-03T10:49:47.000Z</time>
        <extensions>
          <ns3:TrackPointExtension>
            <ns3:hr>157</ns3:hr>
            <ns3:cad>94</ns3:cad>
          </ns3:TrackPointExtension>
        </extensions>
      </trkpt>
      <trkpt lat="40.404294021427631378173828125" lon="116.68383761309087276458740234375">
        <ele>84.40000152587890625</ele>
        <time>2026-09-03T10:49:48.000Z</time>
        <extensions>
          <ns3:TrackPointExtension>
            <ns3:hr>157</ns3:hr>
            <ns3:cad>94</ns3:cad>
          </ns3:TrackPointExtension>
        </extensions>
      </trkpt>
      <trkpt lat="40.40426577441394329071044921875" lon="116.68380014598369598388671875">
        <ele>84.40000152587890625</ele>
        <time>2026-09-03T10:49:49.000Z</time>
        <extensions>
          <ns3:TrackPointExtension>
            <ns3:hr>158</ns3:hr>
            <ns3:cad>94</ns3:cad>
          </ns3:TrackPointExtension>
        </extensions>
      </trkpt>
      <trkpt lat="40.4042465798556804656982421875" lon="116.683779023587703704833984375">
        <ele>84.40000152587890625</ele>
        <time>2026-09-03T10:49:50.000Z</time>
        <extensions>
          <ns3:TrackPointExtension>
            <ns3:hr>159</ns3:hr>
            <ns3:cad>92</ns3:cad>
          </ns3:TrackPointExtension>
        </extensions>
      </trkpt>
      <trkpt lat="40.40419972501695156097412109375" lon="116.68373954482376575469970703125">
        <ele>84.40000152587890625</ele>
        <time>2026-09-03T10:49:51.000Z</time>
        <extensions>
          <ns3:TrackPointExtension>
            <ns3:hr>159</ns3:hr>
            <ns3:cad>92</ns3:cad>
          </ns3:TrackPointExtension>
        </extensions>
      </trkpt>
      <trkpt lat="40.40418631397187709808349609375" lon="116.68373015709221363067626953125">
        <ele>84.40000152587890625</ele>
        <time>2026-09-03T10:49:52.000Z</time>
        <extensions>
          <ns3:TrackPointExtension>
            <ns3:hr>161</ns3:hr>
            <ns3:cad>94</ns3:cad>
          </ns3:TrackPointExtension>
        </extensions>
      </trkpt>
      <trkpt lat="40.404135771095752716064453125" lon="116.68370484374463558197021484375">
        <ele>84.40000152587890625</ele>
        <time>2026-09-03T10:49:53.000Z</time>
        <extensions>
          <ns3:TrackPointExtension>
            <ns3:hr>163</ns3:hr>
            <ns3:cad>94</ns3:cad>
          </ns3:TrackPointExtension>
        </extensions>
      </trkpt>
      <trkpt lat="40.40411506779491901397705078125" lon="116.68369880877435207366943359375">
        <ele>84.40000152587890625</ele>
        <time>2026-09-03T10:49:54.000Z</time>
        <extensions>
          <ns3:TrackPointExtension>
            <ns3:hr>164</ns3:hr>
            <ns3:cad>94</ns3:cad>
          </ns3:TrackPointExtension>
        </extensions>
      </trkpt>
      <trkpt lat="40.40406829677522182464599609375" lon="116.68369009159505367279052734375">
        <ele>84.40000152587890625</ele>
        <time>2026-09-03T10:49:55.000Z</time>
        <extensions>
          <ns3:TrackPointExtension>
            <ns3:hr>166</ns3:hr>
            <ns3:cad>94</ns3:cad>
          </ns3:TrackPointExtension>
        </extensions>
      </trkpt>
      <trkpt lat="40.40403443388640880584716796875" lon="116.683687828481197357177734375">
        <ele>84.40000152587890625</ele>
        <time>2026-09-03T10:49:56.000Z</time>
        <extensions>
          <ns3:TrackPointExtension>
            <ns3:hr>167</ns3:hr>
            <ns3:cad>93</ns3:cad>
          </ns3:TrackPointExtension>
        </extensions>
      </trkpt>
      <trkpt lat="40.40400107391178607940673828125" lon="116.6836873255670070648193359375">
        <ele>84.40000152587890625</ele>
        <time>2026-09-03T10:49:57.000Z</time>
        <extensions>
          <ns3:TrackPointExtension>
            <ns3:hr>168</ns3:hr>
            <ns3:cad>93</ns3:cad>
          </ns3:TrackPointExtension>
        </extensions>
      </trkpt>
      <trkpt lat="40.40395413525402545928955078125" lon="116.68368657119572162628173828125">
        <ele>84.40000152587890625</ele>
        <time>2026-09-03T10:49:58.000Z</time>
        <extensions>
          <ns3:TrackPointExtension>
            <ns3:hr>170</ns3:hr>
            <ns3:cad>93</ns3:cad>
          </ns3:TrackPointExtension>
        </extensions>
      </trkpt>
      <trkpt lat="40.403923876583576202392578125" lon="116.68368606828153133392333984375">
        <ele>84.40000152587890625</ele>
        <time>2026-09-03T10:49:59.000Z</time>
        <extensions>
          <ns3:TrackPointExtension>
            <ns3:hr>171</ns3:hr>
            <ns3:cad>95</ns3:cad>
          </ns3:TrackPointExtension>
        </extensions>
      </trkpt>
      <trkpt lat="40.40387190878391265869140625" lon="116.6836853139102458953857421875">
        <ele>84.40000152587890625</ele>
        <time>2026-09-03T10:50:00.000Z</time>
        <extensions>
          <ns3:TrackPointExtension>
            <ns3:hr>172</ns3:hr>
            <ns3:cad>95</ns3:cad>
          </ns3:TrackPointExtension>
        </extensions>
      </trkpt>
      <trkpt lat="40.40385321713984012603759765625" lon="116.6836849786341190338134765625">
        <ele>84.40000152587890625</ele>
        <time>2026-09-03T10:50:01.000Z</time>
        <extensions>
          <ns3:TrackPointExtension>
            <ns3:hr>173</ns3:hr>
            <ns3:cad>95</ns3:cad>
          </ns3:TrackPointExtension>
        </extensions>
      </trkpt>
      <trkpt lat="40.40379890240728855133056640625" lon="116.6836841404438018798828125">
        <ele>84.40000152587890625</ele>
        <time>2026-09-03T10:50:02.000Z</time>
        <extensions>
          <ns3:TrackPointExtension>
            <ns3:hr>175</ns3:hr>
            <ns3:cad>94</ns3:cad>
          </ns3:TrackPointExtension>
        </extensions>
      </trkpt>
      <trkpt lat="40.40377962402999401092529296875" lon="116.683683805167675018310546875">
        <ele>84.40000152587890625</ele>
        <time>2026-09-03T10:50:03.000Z</time>
        <extensions>
          <ns3:TrackPointExtension>
            <ns3:hr>176</ns3:hr>
            <ns3:cad>94</ns3:cad>
          </ns3:TrackPointExtension>
        </extensions>
      </trkpt>
      <trkpt lat="40.4037289135158061981201171875" lon="116.68368305079638957977294921875">
        <ele>84.40000152587890625</ele>
        <time>2026-09-03T10:50:04.000Z</time>
        <extensions>
          <ns3:TrackPointExtension>
            <ns3:hr>177</ns3:hr>
            <ns3:cad>92</ns3:cad>
          </ns3:TrackPointExtension>
        </extensions>
      </trkpt>
      <trkpt lat="40.40370418690145015716552734375" lon="116.6836826317012310028076171875">
        <ele>84.40000152587890625</ele>
        <time>2026-09-03T10:50:05.000Z</time>
        <extensions>
          <ns3:TrackPointExtension>
            <ns3:hr>178</ns3:hr>
            <ns3:cad>92</ns3:cad>
          </ns3:TrackPointExtension>
        </extensions>
      </trkpt>
      <trkpt lat="40.40365389548242092132568359375" lon="116.68368187732994556427001953125">
        <ele>84.40000152587890625</ele>
        <time>2026-09-03T10:50:06.000Z</time>
        <extensions>
          <ns3:TrackPointExtension>
            <ns3:hr>179</ns3:hr>
            <ns3:cad>93</ns3:cad>
          </ns3:TrackPointExtension>
        </extensions>
      </trkpt>
      <trkpt lat="40.403615422546863555908203125" lon="116.6836812905967235565185546875">
        <ele>84.40000152587890625</ele>
        <time>2026-09-03T10:50:07.000Z</time>
        <extensions>
          <ns3:TrackPointExtension>
            <ns3:hr>180</ns3:hr>
            <ns3:cad>93</ns3:cad>
          </ns3:TrackPointExtension>
        </extensions>
      </trkpt>
      <trkpt lat="40.4035706631839275360107421875" lon="116.6836806200444698333740234375">
        <ele>84.40000152587890625</ele>
        <time>2026-09-03T10:50:08.000Z</time>
        <extensions>
          <ns3:TrackPointExtension>
            <ns3:hr>182</ns3:hr>
            <ns3:cad>94</ns3:cad>
          </ns3:TrackPointExtension>
        </extensions>
      </trkpt>
      <trkpt lat="40.40353353135287761688232421875" lon="116.68368003331124782562255859375">
        <ele>84.40000152587890625</ele>
        <time>2026-09-03T10:50:09.000Z</time>
        <extensions>
          <ns3:TrackPointExtension>
            <ns3:hr>183</ns3:hr>
            <ns3:cad>94</ns3:cad>
          </ns3:TrackPointExtension>
        </extensions>
      </trkpt>
      <trkpt lat="40.40349648334085941314697265625" lon="116.68367944657802581787109375">
        <ele>84.40000152587890625</ele>
        <time>2026-09-03T10:50:10.000Z</time>
        <extensions>
          <ns3:TrackPointExtension>
            <ns3:hr>184</ns3:hr>
            <ns3:cad>94</ns3:cad>
          </ns3:TrackPointExtension>
        </extensions>
      </trkpt>
      <trkpt lat="40.40345348417758941650390625" lon="116.6836787760257720947265625">
        <ele>84.40000152587890625</ele>
        <time>2026-09-03T10:50:11.000Z</time>
        <extensions>
          <ns3:TrackPointExtension>
            <ns3:hr>185</ns3:hr>
            <ns3:cad>93</ns3:cad>
          </ns3:TrackPointExtension>
        </extensions>
      </trkpt>
      <trkpt lat="40.40342506952583789825439453125" lon="116.68367835693061351776123046875">
        <ele>84.40000152587890625</ele>
        <time>2026-09-03T10:50:12.000Z</time>
        <extensions>
          <ns3:TrackPointExtension>
            <ns3:hr>186</ns3:hr>
            <ns3:cad>93</ns3:cad>
          </ns3:TrackPointExtension>
        </extensions>
      </trkpt>
      <trkpt lat="40.40337209589779376983642578125" lon="116.68367751874029636383056640625">
        <ele>84.40000152587890625</ele>
        <time>2026-09-03T10:50:13.000Z</time>
        <extensions>
          <ns3:TrackPointExtension>
            <ns3:hr>186</ns3:hr>
            <ns3:cad>93</ns3:cad>
          </ns3:TrackPointExtension>
        </extensions>
      </trkpt>
      <trkpt lat="40.40334728546440601348876953125" lon="116.683677099645137786865234375">
        <ele>84.40000152587890625</ele>
        <time>2026-09-03T10:50:14.000Z</time>
        <extensions>
          <ns3:TrackPointExtension>
            <ns3:hr>187</ns3:hr>
            <ns3:cad>93</ns3:cad>
          </ns3:TrackPointExtension>
        </extensions>
      </trkpt>
      <trkpt lat="40.403294898569583892822265625" lon="116.6836762614548206329345703125">
        <ele>84.40000152587890625</ele>
        <time>2026-09-03T10:50:15.000Z</time>
        <extensions>
          <ns3:TrackPointExtension>
            <ns3:hr>187</ns3:hr>
            <ns3:cad>93</ns3:cad>
          </ns3:TrackPointExtension>
        </extensions>
      </trkpt>
      <trkpt lat="40.403270088136196136474609375" lon="116.68367751874029636383056640625">
        <ele>84.40000152587890625</ele>
        <time>2026-09-03T10:50:16.000Z</time>
        <extensions>
          <ns3:TrackPointExtension>
            <ns3:hr>188</ns3:hr>
            <ns3:cad>93</ns3:cad>
          </ns3:TrackPointExtension>
        </extensions>
      </trkpt>
      <trkpt lat="40.403214432299137115478515625" lon="116.68368690647184848785400390625">
        <ele>84.40000152587890625</ele>
        <time>2026-09-03T10:50:17.000Z</time>
        <extensions>
          <ns3:TrackPointExtension>
            <ns3:hr>188</ns3:hr>
            <ns3:cad>93</ns3:cad>
          </ns3:TrackPointExtension>
        </extensions>
      </trkpt>
      <trkpt lat="40.40319071151316165924072265625" lon="116.68369461782276630401611328125">
        <ele>84.40000152587890625</ele>
        <time>2026-09-03T10:50:18.000Z</time>
        <extensions>
          <ns3:TrackPointExtension>
            <ns3:hr>188</ns3:hr>
            <ns3:cad>93</ns3:cad>
          </ns3:TrackPointExtension>
        </extensions>
      </trkpt>
      <trkpt lat="40.4031421802937984466552734375" lon="116.6837195120751857757568359375">
        <ele>84.40000152587890625</ele>
        <time>2026-09-03T10:50:19.000Z</time>
        <extensions>
          <ns3:TrackPointExtension>
            <ns3:hr>187</ns3:hr>
            <ns3:cad>93</ns3:cad>
          </ns3:TrackPointExtension>
        </extensions>
      </trkpt>
      <trkpt lat="40.4031150229275226593017578125" lon="116.68373770080506801605224609375">
        <ele>84.40000152587890625</ele>
        <time>2026-09-03T10:50:20.000Z</time>
        <extensions>
          <ns3:TrackPointExtension>
            <ns3:hr>187</ns3:hr>
            <ns3:cad>92</ns3:cad>
          </ns3:TrackPointExtension>
        </extensions>
      </trkpt>
      <trkpt lat="40.4030759632587432861328125" lon="116.68377407826483249664306640625">
        <ele>84.40000152587890625</ele>
        <time>2026-09-03T10:50:21.000Z</time>
        <extensions>
          <ns3:TrackPointExtension>
            <ns3:hr>186</ns3:hr>
            <ns3:cad>91</ns3:cad>
          </ns3:TrackPointExtension>
        </extensions>
      </trkpt>
      <trkpt lat="40.4030402563512325286865234375" lon="116.68381900526583194732666015625">
        <ele>84.40000152587890625</ele>
        <time>2026-09-03T10:50:22.000Z</time>
        <extensions>
          <ns3:TrackPointExtension>
            <ns3:hr>185</ns3:hr>
            <ns3:cad>91</ns3:cad>
          </ns3:TrackPointExtension>
        </extensions>
      </trkpt>
      <trkpt lat="40.40301586501300334930419921875" lon="116.68385823257267475128173828125">
        <ele>84.40000152587890625</ele>
        <time>2026-09-03T10:50:23.000Z</time>
        <extensions>
          <ns3:TrackPointExtension>
            <ns3:hr>184</ns3:hr>
            <ns3:cad>92</ns3:cad>
          </ns3:TrackPointExtension>
        </extensions>
      </trkpt>
      <trkpt lat="40.40298921056091785430908203125" lon="116.68391774408519268035888671875">
        <ele>84.40000152587890625</ele>
        <time>2026-09-03T10:50:24.000Z</time>
        <extensions>
          <ns3:TrackPointExtension>
            <ns3:hr>184</ns3:hr>
            <ns3:cad>93</ns3:cad>
          </ns3:TrackPointExtension>
        </extensions>
      </trkpt>
      <trkpt lat="40.40297764353454113006591796875" lon="116.68395160697400569915771484375">
        <ele>84.40000152587890625</ele>
        <time>2026-09-03T10:50:25.000Z</time>
        <extensions>
          <ns3:TrackPointExtension>
            <ns3:hr>184</ns3:hr>
            <ns3:cad>94</ns3:cad>
          </ns3:TrackPointExtension>
        </extensions>
      </trkpt>
      <trkpt lat="40.402960292994976043701171875" lon="116.68403442017734050750732421875">
        <ele>84.40000152587890625</ele>
        <time>2026-09-03T10:50:26.000Z</time>
        <extensions>
          <ns3:TrackPointExtension>
            <ns3:hr>184</ns3:hr>
            <ns3:cad>94</ns3:cad>
          </ns3:TrackPointExtension>
        </extensions>
      </trkpt>
      <trkpt lat="40.4029564373195171356201171875" lon="116.68406845070421695709228515625">
        <ele>84.40000152587890625</ele>
        <time>2026-09-03T10:50:27.000Z</time>
        <extensions>
          <ns3:TrackPointExtension>
            <ns3:hr>184</ns3:hr>
            <ns3:cad>94</ns3:cad>
          </ns3:TrackPointExtension>
        </extensions>
      </trkpt>
      <trkpt lat="40.402956269681453704833984375" lon="116.6841446422040462493896484375">
        <ele>84.40000152587890625</ele>
        <time>2026-09-03T10:50:28.000Z</time>
        <extensions>
          <ns3:TrackPointExtension>
            <ns3:hr>185</ns3:hr>
            <ns3:cad>92</ns3:cad>
          </ns3:TrackPointExtension>
        </extensions>
      </trkpt>
      <trkpt lat="40.402960292994976043701171875" lon="116.6841865517199039459228515625">
        <ele>84.40000152587890625</ele>
        <time>2026-09-03T10:50:29.000Z</time>
        <extensions>
          <ns3:TrackPointExtension>
            <ns3:hr>185</ns3:hr>
            <ns3:cad>92</ns3:cad>
          </ns3:TrackPointExtension>
        </extensions>
      </trkpt>
      <trkpt lat="40.4029732011258602142333984375" lon="116.68425167910754680633544921875">
        <ele>84.40000152587890625</ele>
        <time>2026-09-03T10:50:30.000Z</time>
        <extensions>
          <ns3:TrackPointExtension>
            <ns3:hr>185</ns3:hr>
            <ns3:cad>92</ns3:cad>
          </ns3:TrackPointExtension>
        </extensions>
      </trkpt>
      <trkpt lat="40.40299482643604278564453125" lon="116.68431454338133335113525390625">
        <ele>84.40000152587890625</ele>
        <time>2026-09-03T10:50:31.000Z</time>
        <extensions>
          <ns3:TrackPointExtension>
            <ns3:hr>186</ns3:hr>
            <ns3:cad>92</ns3:cad>
          </ns3:TrackPointExtension>
        </extensions>
      </trkpt>
      <trkpt lat="40.4030184634029865264892578125" lon="116.68436382897198200225830078125">
        <ele>84.40000152587890625</ele>
        <time>2026-09-03T10:50:32.000Z</time>
        <extensions>
          <ns3:TrackPointExtension>
            <ns3:hr>187</ns3:hr>
            <ns3:cad>92</ns3:cad>
          </ns3:TrackPointExtension>
        </extensions>
      </trkpt>
      <trkpt lat="40.40306280367076396942138671875" lon="116.68442836962640285491943359375">
        <ele>84.40000152587890625</ele>
        <time>2026-09-03T10:50:33.000Z</time>
        <extensions>
          <ns3:TrackPointExtension>
            <ns3:hr>187</ns3:hr>
            <ns3:cad>94</ns3:cad>
          </ns3:TrackPointExtension>
        </extensions>
      </trkpt>
      <trkpt lat="40.40307906456291675567626953125" lon="116.6844470612704753875732421875">
        <ele>84.40000152587890625</ele>
        <time>2026-09-03T10:50:34.000Z</time>
        <extensions>
          <ns3:TrackPointExtension>
            <ns3:hr>188</ns3:hr>
            <ns3:cad>94</ns3:cad>
          </ns3:TrackPointExtension>
        </extensions>
      </trkpt>
      <trkpt lat="40.40313304401934146881103515625" lon="116.684492491185665130615234375">
        <ele>84.40000152587890625</ele>
        <time>2026-09-03T10:50:35.000Z</time>
        <extensions>
          <ns3:TrackPointExtension>
            <ns3:hr>188</ns3:hr>
            <ns3:cad>94</ns3:cad>
          </ns3:TrackPointExtension>
        </extensions>
      </trkpt>
      <trkpt lat="40.4031576029956340789794921875" lon="116.684507913887500762939453125">
        <ele>84.40000152587890625</ele>
        <time>2026-09-03T10:50:36.000Z</time>
        <extensions>
          <ns3:TrackPointExtension>
            <ns3:hr>189</ns3:hr>
            <ns3:cad>94</ns3:cad>
          </ns3:TrackPointExtension>
        </extensions>
      </trkpt>
      <trkpt lat="40.4032105766236782073974609375" lon="116.6845298744738101959228515625">
        <ele>84.40000152587890625</ele>
        <time>2026-09-03T10:50:37.000Z</time>
        <extensions>
          <ns3:TrackPointExtension>
            <ns3:hr>189</ns3:hr>
            <ns3:cad>93</ns3:cad>
          </ns3:TrackPointExtension>
        </extensions>
      </trkpt>
      <trkpt lat="40.40324821136891841888427734375" lon="116.684538424015045166015625">
        <ele>84.40000152587890625</ele>
        <time>2026-09-03T10:50:38.000Z</time>
        <extensions>
          <ns3:TrackPointExtension>
            <ns3:hr>190</ns3:hr>
            <ns3:cad>93</ns3:cad>
          </ns3:TrackPointExtension>
        </extensions>
      </trkpt>
      <trkpt lat="40.4032917134463787078857421875" lon="116.6845419444143772125244140625">
        <ele>84.40000152587890625</ele>
        <time>2026-09-03T10:50:39.000Z</time>
        <extensions>
          <ns3:TrackPointExtension>
            <ns3:hr>190</ns3:hr>
            <ns3:cad>93</ns3:cad>
          </ns3:TrackPointExtension>
        </extensions>
      </trkpt>
      <trkpt lat="40.4033403284847736358642578125" lon="116.68454269878566265106201171875">
        <ele>84.40000152587890625</ele>
        <time>2026-09-03T10:50:40.000Z</time>
        <extensions>
          <ns3:TrackPointExtension>
            <ns3:hr>191</ns3:hr>
            <ns3:cad>93</ns3:cad>
          </ns3:TrackPointExtension>
        </extensions>
      </trkpt>
      <trkpt lat="40.40336807258427143096923828125" lon="116.68454320169985294342041015625">
        <ele>84.40000152587890625</ele>
        <time>2026-09-03T10:50:41.000Z</time>
        <extensions>
          <ns3:TrackPointExtension>
            <ns3:hr>191</ns3:hr>
            <ns3:cad>93</ns3:cad>
          </ns3:TrackPointExtension>
        </extensions>
      </trkpt>
      <trkpt lat="40.4034228064119815826416015625" lon="116.68454403989017009735107421875">
        <ele>84.40000152587890625</ele>
        <time>2026-09-03T10:50:42.000Z</time>
        <extensions>
          <ns3:TrackPointExtension>
            <ns3:hr>191</ns3:hr>
            <ns3:cad>93</ns3:cad>
          </ns3:TrackPointExtension>
        </extensions>
      </trkpt>
      <trkpt lat="40.4034479521214962005615234375" lon="116.68454445898532867431640625">
        <ele>84.40000152587890625</ele>
        <time>2026-09-03T10:50:43.000Z</time>
        <extensions>
          <ns3:TrackPointExtension>
            <ns3:hr>191</ns3:hr>
            <ns3:cad>93</ns3:cad>
          </ns3:TrackPointExtension>
        </extensions>
      </trkpt>
      <trkpt lat="40.4035026021301746368408203125" lon="116.6845452971756458282470703125">
        <ele>84.40000152587890625</ele>
        <time>2026-09-03T10:50:44.000Z</time>
        <extensions>
          <ns3:TrackPointExtension>
            <ns3:hr>191</ns3:hr>
            <ns3:cad>93</ns3:cad>
          </ns3:TrackPointExtension>
        </extensions>
      </trkpt>
      <trkpt lat="40.403528921306133270263671875" lon="116.68454571627080440521240234375">
        <ele>84.40000152587890625</ele>
        <time>2026-09-03T10:50:45.000Z</time>
        <extensions>
          <ns3:TrackPointExtension>
            <ns3:hr>191</ns3:hr>
            <ns3:cad>93</ns3:cad>
          </ns3:TrackPointExtension>
        </extensions>
      </trkpt>
      <trkpt lat="40.40357644669711589813232421875" lon="116.68454638682305812835693359375">
        <ele>84.40000152587890625</ele>
        <time>2026-09-03T10:50:46.000Z</time>
        <extensions>
          <ns3:TrackPointExtension>
            <ns3:hr>191</ns3:hr>
            <ns3:cad>93</ns3:cad>
          </ns3:TrackPointExtension>
        </extensions>
      </trkpt>
      <trkpt lat="40.403622128069400787353515625" lon="116.68454714119434356689453125">
        <ele>84.40000152587890625</ele>
        <time>2026-09-03T10:50:47.000Z</time>
        <extensions>
          <ns3:TrackPointExtension>
            <ns3:hr>192</ns3:hr>
            <ns3:cad>93</ns3:cad>
          </ns3:TrackPointExtension>
        </extensions>
      </trkpt>
      <trkpt lat="40.40365020744502544403076171875" lon="116.68454756028950214385986328125">
        <ele>84.40000152587890625</ele>
        <time>2026-09-03T10:50:48.000Z</time>
        <extensions>
          <ns3:TrackPointExtension>
            <ns3:hr>192</ns3:hr>
            <ns3:cad>94</ns3:cad>
          </ns3:TrackPointExtension>
        </extensions>
      </trkpt>
      <trkpt lat="40.40370921604335308074951171875" lon="116.68454848229885101318359375">
        <ele>84.40000152587890625</ele>
        <time>2026-09-03T10:50:49.000Z</time>
        <extensions>
          <ns3:TrackPointExtension>
            <ns3:hr>192</ns3:hr>
            <ns3:cad>94</ns3:cad>
          </ns3:TrackPointExtension>
        </extensions>
      </trkpt>
      <trkpt lat="40.4037248902022838592529296875" lon="116.68454873375594615936279296875">
        <ele>84.40000152587890625</ele>
        <time>2026-09-03T10:50:50.000Z</time>
        <extensions>
          <ns3:TrackPointExtension>
            <ns3:hr>192</ns3:hr>
            <ns3:cad>94</ns3:cad>
          </ns3:TrackPointExtension>
        </extensions>
      </trkpt>
      <trkpt lat="40.4037889279425144195556640625" lon="116.68454973958432674407958984375">
        <ele>84.40000152587890625</ele>
        <time>2026-09-03T10:50:51.000Z</time>
        <extensions>
          <ns3:TrackPointExtension>
            <ns3:hr>192</ns3:hr>
            <ns3:cad>94</ns3:cad>
          </ns3:TrackPointExtension>
        </extensions>
      </trkpt>
      <trkpt lat="40.40381113998591899871826171875" lon="116.68455007486045360565185546875">
        <ele>84.40000152587890625</ele>
        <time>2026-09-03T10:50:52.000Z</time>
        <extensions>
          <ns3:TrackPointExtension>
            <ns3:hr>193</ns3:hr>
            <ns3:cad>94</ns3:cad>
          </ns3:TrackPointExtension>
        </extensions>
      </trkpt>
      <trkpt lat="40.4038543067872524261474609375" lon="116.68455074541270732879638671875">
        <ele>84.40000152587890625</ele>
        <time>2026-09-03T10:50:53.000Z</time>
        <extensions>
          <ns3:TrackPointExtension>
            <ns3:hr>193</ns3:hr>
            <ns3:cad>93</ns3:cad>
          </ns3:TrackPointExtension>
        </extensions>
      </trkpt>
      <trkpt lat="40.40389428846538066864013671875" lon="116.68455141596496105194091796875">
        <ele>84.40000152587890625</ele>
        <time>2026-09-03T10:50:54.000Z</time>
        <extensions>
          <ns3:TrackPointExtension>
            <ns3:hr>193</ns3:hr>
            <ns3:cad>93</ns3:cad>
          </ns3:TrackPointExtension>
        </extensions>
      </trkpt>
      <trkpt lat="40.403925888240337371826171875" lon="116.68455183506011962890625">
        <ele>84.40000152587890625</ele>
        <time>2026-09-03T10:50:55.000Z</time>
        <extensions>
          <ns3:TrackPointExtension>
            <ns3:hr>193</ns3:hr>
            <ns3:cad>93</ns3:cad>
          </ns3:TrackPointExtension>
        </extensions>
      </trkpt>
      <trkpt lat="40.40398028679192066192626953125" lon="116.6845526732504367828369140625">
        <ele>84.40000152587890625</ele>
        <time>2026-09-03T10:50:56.000Z</time>
        <extensions>
          <ns3:TrackPointExtension>
            <ns3:hr>191</ns3:hr>
            <ns3:cad>93</ns3:cad>
          </ns3:TrackPointExtension>
        </extensions>
      </trkpt>
      <trkpt lat="40.4039961285889148712158203125" lon="116.68455292470753192901611328125">
        <ele>84.40000152587890625</ele>
        <time>2026-09-03T10:50:57.000Z</time>
        <extensions>
          <ns3:TrackPointExtension>
            <ns3:hr>191</ns3:hr>
            <ns3:cad>95</ns3:cad>
          </ns3:TrackPointExtension>
        </extensions>
      </trkpt>
      <trkpt lat="40.4040527902543544769287109375" lon="116.684552840888500213623046875">
        <ele>84.40000152587890625</ele>
        <time>2026-09-03T10:50:58.000Z</time>
        <extensions>
          <ns3:TrackPointExtension>
            <ns3:hr>190</ns3:hr>
            <ns3:cad>95</ns3:cad>
          </ns3:TrackPointExtension>
        </extensions>
      </trkpt>
      <trkpt lat="40.40407801978290081024169921875" lon="116.6845509968698024749755859375">
        <ele>84.40000152587890625</ele>
        <time>2026-09-03T10:50:59.000Z</time>
        <extensions>
          <ns3:TrackPointExtension>
            <ns3:hr>190</ns3:hr>
            <ns3:cad>95</ns3:cad>
          </ns3:TrackPointExtension>
        </extensions>
      </trkpt>
      <trkpt lat="40.40413283742964267730712890625" lon="116.68453800491988658905029296875">
        <ele>84.40000152587890625</ele>
        <time>2026-09-03T10:51:00.000Z</time>
        <extensions>
          <ns3:TrackPointExtension>
            <ns3:hr>189</ns3:hr>
            <ns3:cad>94</ns3:cad>
          </ns3:TrackPointExtension>
        </extensions>
      </trkpt>
      <trkpt lat="40.4041677899658679962158203125" lon="116.68452224694192409515380859375">
        <ele>84.40000152587890625</ele>
        <time>2026-09-03T10:51:01.000Z</time>
        <extensions>
          <ns3:TrackPointExtension>
            <ns3:hr>188</ns3:hr>
            <ns3:cad>93</ns3:cad>
          </ns3:TrackPointExtension>
        </extensions>
      </trkpt>
      <trkpt lat="40.40419779717922210693359375" lon="116.6845035552978515625">
        <ele>84.40000152587890625</ele>
        <time>2026-09-03T10:51:02.000Z</time>
        <extensions>
          <ns3:TrackPointExtension>
            <ns3:hr>187</ns3:hr>
            <ns3:cad>92</ns3:cad>
          </ns3:TrackPointExtension>
        </extensions>
      </trkpt>
      <trkpt lat="40.40423811413347721099853515625" lon="116.6844708658754825592041015625">
        <ele>84.40000152587890625</ele>
        <time>2026-09-03T10:51:03.000Z</time>
        <extensions>
          <ns3:TrackPointExtension>
            <ns3:hr>187</ns3:hr>
            <ns3:cad>92</ns3:cad>
          </ns3:TrackPointExtension>
        </extensions>
      </trkpt>
      <trkpt lat="40.40425856597721576690673828125" lon="116.68444999493658542633056640625">
        <ele>84.40000152587890625</ele>
        <time>2026-09-03T10:51:04.000Z</time>
        <extensions>
          <ns3:TrackPointExtension>
            <ns3:hr>186</ns3:hr>
            <ns3:cad>92</ns3:cad>
          </ns3:TrackPointExtension>
        </extensions>
      </trkpt>
      <trkpt lat="40.4042965359985828399658203125" lon="116.68439953587949275970458984375">
        <ele>84.40000152587890625</ele>
        <time>2026-09-03T10:51:05.000Z</time>
        <extensions>
          <ns3:TrackPointExtension>
            <ns3:hr>186</ns3:hr>
            <ns3:cad>94</ns3:cad>
          </ns3:TrackPointExtension>
        </extensions>
      </trkpt>
      <trkpt lat="40.40430349297821521759033203125" lon="116.68438863940536975860595703125">
        <ele>84.40000152587890625</ele>
        <time>2026-09-03T10:51:06.000Z</time>
        <extensions>
          <ns3:TrackPointExtension>
            <ns3:hr>186</ns3:hr>
            <ns3:cad>96</ns3:cad>
          </ns3:TrackPointExtension>
        </extensions>
      </trkpt>
      <trkpt lat="40.4043339192867279052734375" lon="116.6843293793499469757080078125">
        <ele>84.40000152587890625</ele>
        <time>2026-09-03T10:51:07.000Z</time>
        <extensions>
          <ns3:TrackPointExtension>
            <ns3:hr>186</ns3:hr>
            <ns3:cad>96</ns3:cad>
          </ns3:TrackPointExtension>
        </extensions>
      </trkpt>
      <trkpt lat="40.4043421335518360137939453125" lon="116.6843072511255741119384765625">
        <ele>84.40000152587890625</ele>
        <time>2026-09-03T10:51:08.000Z</time>
        <extensions>
          <ns3:TrackPointExtension>
            <ns3:hr>186</ns3:hr>
            <ns3:cad>96</ns3:cad>
          </ns3:TrackPointExtension>
        </extensions>
      </trkpt>
      <trkpt lat="40.404362417757511138916015625" lon="116.684235669672489166259765625">
        <ele>84.40000152587890625</ele>
        <time>2026-09-03T10:51:09.000Z</time>
        <extensions>
          <ns3:TrackPointExtension>
            <ns3:hr>186</ns3:hr>
            <ns3:cad>92</ns3:cad>
          </ns3:TrackPointExtension>
        </extensions>
      </trkpt>
      <trkpt lat="40.40436820127069950103759765625" lon="116.68420608155429363250732421875">
        <ele>84.40000152587890625</ele>
        <time>2026-09-03T10:51:10.000Z</time>
        <extensions>
          <ns3:TrackPointExtension>
            <ns3:hr>186</ns3:hr>
            <ns3:cad>92</ns3:cad>
          </ns3:TrackPointExtension>
        </extensions>
      </trkpt>
      <trkpt lat="40.404373146593570709228515625" lon="116.6841624118387699127197265625">
        <ele>84.40000152587890625</ele>
        <time>2026-09-03T10:51:11.000Z</time>
        <extensions>
          <ns3:TrackPointExtension>
            <ns3:hr>186</ns3:hr>
            <ns3:cad>92</ns3:cad>
          </ns3:TrackPointExtension>
        </extensions>
      </trkpt>
      <trkpt lat="40.40437423624098300933837890625" lon="116.684120334684848785400390625">
        <ele>84.40000152587890625</ele>
        <time>2026-09-03T10:51:12.000Z</time>
        <extensions>
          <ns3:TrackPointExtension>
            <ns3:hr>185</ns3:hr>
            <ns3:cad>92</ns3:cad>
          </ns3:TrackPointExtension>
        </extensions>
      </trkpt>
      <trkpt lat="40.4043729789555072784423828125" lon="116.684080772101879119873046875">
        <ele>84.40000152587890625</ele>
        <time>2026-09-03T10:51:13.000Z</time>
        <extensions>
          <ns3:TrackPointExtension>
            <ns3:hr>184</ns3:hr>
            <ns3:cad>92</ns3:cad>
          </ns3:TrackPointExtension>
        </extensions>
      </trkpt>
      <trkpt lat="40.4043645970523357391357421875" lon="116.6840169019997119903564453125">
        <ele>84.40000152587890625</ele>
        <time>2026-09-03T10:51:14.000Z</time>
        <extensions>
          <ns3:TrackPointExtension>
            <ns3:hr>183</ns3:hr>
            <ns3:cad>92</ns3:cad>
          </ns3:TrackPointExtension>
        </extensions>
      </trkpt>
      <trkpt lat="40.40436048991978168487548828125" lon="116.68399670161306858062744140625">
        <ele>84.40000152587890625</ele>
        <time>2026-09-03T10:51:15.000Z</time>
        <extensions>
          <ns3:TrackPointExtension>
            <ns3:hr>183</ns3:hr>
            <ns3:cad>92</ns3:cad>
          </ns3:TrackPointExtension>
        </extensions>
      </trkpt>
      <trkpt lat="40.40433936752378940582275390625" lon="116.68392528779804706573486328125">
        <ele>84.40000152587890625</ele>
        <time>2026-09-03T10:51:16.000Z</time>
        <extensions>
          <ns3:TrackPointExtension>
            <ns3:hr>182</ns3:hr>
            <ns3:cad>93</ns3:cad>
          </ns3:TrackPointExtension>
        </extensions>
      </trkpt>
      <trkpt lat="40.404334254562854766845703125" lon="116.6839139722287654876708984375">
        <ele>84.40000152587890625</ele>
        <time>2026-09-03T10:51:17.000Z</time>
        <extensions>
          <ns3:TrackPointExtension>
            <ns3:hr>182</ns3:hr>
            <ns3:cad>93</ns3:cad>
          </ns3:TrackPointExtension>
        </extensions>
      </trkpt>
      <trkpt lat="40.4043025709688663482666015625" lon="116.68385186232626438140869140625">
        <ele>84.40000152587890625</ele>
        <time>2026-09-03T10:51:18.000Z</time>
        <extensions>
          <ns3:TrackPointExtension>
            <ns3:hr>182</ns3:hr>
            <ns3:cad>93</ns3:cad>
          </ns3:TrackPointExtension>
        </extensions>
      </trkpt>
      <trkpt lat="40.404294691979885101318359375" lon="116.683838702738285064697265625">
        <ele>84.40000152587890625</ele>
        <time>2026-09-03T10:51:19.000Z</time>
        <extensions>
          <ns3:TrackPointExtension>
            <ns3:hr>181</ns3:hr>
            <ns3:cad>91</ns3:cad>
          </ns3:TrackPointExtension>
        </extensions>
      </trkpt>
      <trkpt lat="40.4042563028633594512939453125" lon="116.6837882436811923980712890625">
        <ele>84.40000152587890625</ele>
        <time>2026-09-03T10:51:20.000Z</time>
        <extensions>
          <ns3:TrackPointExtension>
            <ns3:hr>181</ns3:hr>
            <ns3:cad>91</ns3:cad>
          </ns3:TrackPointExtension>
        </extensions>
      </trkpt>
      <trkpt lat="40.40423677302896976470947265625" lon="116.683769635856151580810546875">
        <ele>84.40000152587890625</ele>
        <time>2026-09-03T10:51:21.000Z</time>
        <extensions>
          <ns3:TrackPointExtension>
            <ns3:hr>181</ns3:hr>
            <ns3:cad>91</ns3:cad>
          </ns3:TrackPointExtension>
        </extensions>
      </trkpt>
      <trkpt lat="40.404196791350841522216796875" lon="116.68373753316700458526611328125">
        <ele>84.40000152587890625</ele>
        <time>2026-09-03T10:51:22.000Z</time>
        <extensions>
          <ns3:TrackPointExtension>
            <ns3:hr>182</ns3:hr>
            <ns3:cad>94</ns3:cad>
          </ns3:TrackPointExtension>
        </extensions>
      </trkpt>
      <trkpt lat="40.404163263738155364990234375" lon="116.683717668056488037109375">
        <ele>84.40000152587890625</ele>
        <time>2026-09-03T10:51:23.000Z</time>
        <extensions>
          <ns3:TrackPointExtension>
            <ns3:hr>181</ns3:hr>
            <ns3:cad>94</ns3:cad>
          </ns3:TrackPointExtension>
        </extensions>
      </trkpt>
      <trkpt lat="40.40412898175418376922607421875" lon="116.68370283208787441253662109375">
        <ele>84.40000152587890625</ele>
        <time>2026-09-03T10:51:24.000Z</time>
        <extensions>
          <ns3:TrackPointExtension>
            <ns3:hr>181</ns3:hr>
            <ns3:cad>94</ns3:cad>
          </ns3:TrackPointExtension>
        </extensions>
      </trkpt>
      <trkpt lat="40.40408673696219921112060546875" lon="116.6836920194327831268310546875">
        <ele>84.40000152587890625</ele>
        <time>2026-09-03T10:51:25.000Z</time>
        <extensions>
          <ns3:TrackPointExtension>
            <ns3:hr>182</ns3:hr>
            <ns3:cad>94</ns3:cad>
          </ns3:TrackPointExtension>
        </extensions>
      </trkpt>
      <trkpt lat="40.40405957959592342376708984375" lon="116.683689169585704803466796875">
        <ele>84.40000152587890625</ele>
        <time>2026-09-03T10:51:26.000Z</time>
        <extensions>
          <ns3:TrackPointExtension>
            <ns3:hr>181</ns3:hr>
            <ns3:cad>94</ns3:cad>
          </ns3:TrackPointExtension>
        </extensions>
      </trkpt>
      <trkpt lat="40.40400895290076732635498046875" lon="116.68368740938603878021240234375">
        <ele>84.40000152587890625</ele>
        <time>2026-09-03T10:51:27.000Z</time>
        <extensions>
          <ns3:TrackPointExtension>
            <ns3:hr>181</ns3:hr>
            <ns3:cad>94</ns3:cad>
          </ns3:TrackPointExtension>
        </extensions>
      </trkpt>
      <trkpt lat="40.403980873525142669677734375" lon="116.6836869902908802032470703125">
        <ele>84.40000152587890625</ele>
        <time>2026-09-03T10:51:28.000Z</time>
        <extensions>
          <ns3:TrackPointExtension>
            <ns3:hr>182</ns3:hr>
            <ns3:cad>94</ns3:cad>
          </ns3:TrackPointExtension>
        </extensions>
      </trkpt>
      <trkpt lat="40.40392362512648105621337890625" lon="116.68368606828153133392333984375">
        <ele>84.40000152587890625</ele>
        <time>2026-09-03T10:51:29.000Z</time>
        <extensions>
          <ns3:TrackPointExtension>
            <ns3:hr>181</ns3:hr>
            <ns3:cad>93</ns3:cad>
          </ns3:TrackPointExtension>
        </extensions>
      </trkpt>
      <trkpt lat="40.40390401147305965423583984375" lon="116.683685816824436187744140625">
        <ele>84.40000152587890625</ele>
        <time>2026-09-03T10:51:30.000Z</time>
        <extensions>
          <ns3:TrackPointExtension>
            <ns3:hr>181</ns3:hr>
            <ns3:cad>93</ns3:cad>
          </ns3:TrackPointExtension>
        </extensions>
      </trkpt>
      <trkpt lat="40.4038462601602077484130859375" lon="116.68368489481508731842041015625">
        <ele>84.40000152587890625</ele>
        <time>2026-09-03T10:51:31.000Z</time>
        <extensions>
          <ns3:TrackPointExtension>
            <ns3:hr>181</ns3:hr>
            <ns3:cad>93</ns3:cad>
          </ns3:TrackPointExtension>
        </extensions>
      </trkpt>
      <trkpt lat="40.4038268141448497772216796875" lon="116.68368455953896045684814453125">
        <ele>84.40000152587890625</ele>
        <time>2026-09-03T10:51:32.000Z</time>
        <extensions>
          <ns3:TrackPointExtension>
            <ns3:hr>182</ns3:hr>
            <ns3:cad>93</ns3:cad>
          </ns3:TrackPointExtension>
        </extensions>
      </trkpt>
      <trkpt lat="40.4037760198116302490234375" lon="116.683683805167675018310546875">
        <ele>84.40000152587890625</ele>
        <time>2026-09-03T10:51:33.000Z</time>
        <extensions>
          <ns3:TrackPointExtension>
            <ns3:hr>181</ns3:hr>
            <ns3:cad>93</ns3:cad>
          </ns3:TrackPointExtension>
        </extensions>
      </trkpt>
      <trkpt lat="40.40375414304435253143310546875" lon="116.68368346989154815673828125">
        <ele>84.40000152587890625</ele>
        <time>2026-09-03T10:51:34.000Z</time>
        <extensions>
          <ns3:TrackPointExtension>
            <ns3:hr>181</ns3:hr>
            <ns3:cad>92</ns3:cad>
          </ns3:TrackPointExtension>
        </extensions>
      </trkpt>
      <trkpt lat="40.40370150469243526458740234375" lon="116.6836826317012310028076171875">
        <ele>84.40000152587890625</ele>
        <time>2026-09-03T10:51:35.000Z</time>
        <extensions>
          <ns3:TrackPointExtension>
            <ns3:hr>181</ns3:hr>
            <ns3:cad>92</ns3:cad>
          </ns3:TrackPointExtension>
        </extensions>
      </trkpt>
      <trkpt lat="40.4036633670330047607421875" lon="116.68368204496800899505615234375">
        <ele>84.40000152587890625</ele>
        <time>2026-09-03T10:51:36.000Z</time>
        <extensions>
          <ns3:TrackPointExtension>
            <ns3:hr>182</ns3:hr>
            <ns3:cad>93</ns3:cad>
          </ns3:TrackPointExtension>
        </extensions>
      </trkpt>
      <trkpt lat="40.40361751802265644073486328125" lon="116.6836812905967235565185546875">
        <ele>84.40000152587890625</ele>
        <time>2026-09-03T10:51:37.000Z</time>
        <extensions>
          <ns3:TrackPointExtension>
            <ns3:hr>181</ns3:hr>
            <ns3:cad>93</ns3:cad>
          </ns3:TrackPointExtension>
        </extensions>
      </trkpt>
      <trkpt lat="40.403571166098117828369140625" lon="116.6836806200444698333740234375">
        <ele>84.40000152587890625</ele>
        <time>2026-09-03T10:51:38.000Z</time>
        <extensions>
          <ns3:TrackPointExtension>
            <ns3:hr>182</ns3:hr>
            <ns3:cad>93</ns3:cad>
          </ns3:TrackPointExtension>
        </extensions>
      </trkpt>
      <trkpt lat="40.40353001095354557037353515625" lon="116.6836799494922161102294921875">
        <ele>84.40000152587890625</ele>
        <time>2026-09-03T10:51:39.000Z</time>
        <extensions>
          <ns3:TrackPointExtension>
            <ns3:hr>182</ns3:hr>
            <ns3:cad>94</ns3:cad>
          </ns3:TrackPointExtension>
        </extensions>
      </trkpt>
      <trkpt lat="40.40348961018025875091552734375" lon="116.68367936275899410247802734375">
        <ele>84.40000152587890625</ele>
        <time>2026-09-03T10:51:40.000Z</time>
        <extensions>
          <ns3:TrackPointExtension>
            <ns3:hr>182</ns3:hr>
            <ns3:cad>94</ns3:cad>
          </ns3:TrackPointExtension>
        </extensions>
      </trkpt>
      <trkpt lat="40.403460524976253509521484375" lon="116.68367885984480381011962890625">
        <ele>84.40000152587890625</ele>
        <time>2026-09-03T10:51:41.000Z</time>
        <extensions>
          <ns3:TrackPointExtension>
            <ns3:hr>182</ns3:hr>
            <ns3:cad>94</ns3:cad>
          </ns3:TrackPointExtension>
        </extensions>
      </trkpt>
      <trkpt lat="40.4034023545682430267333984375" lon="116.6836779378354549407958984375">
        <ele>84.40000152587890625</ele>
        <time>2026-09-03T10:51:42.000Z</time>
        <extensions>
          <ns3:TrackPointExtension>
            <ns3:hr>182</ns3:hr>
            <ns3:cad>94</ns3:cad>
          </ns3:TrackPointExtension>
        </extensions>
      </trkpt>
      <trkpt lat="40.40338433347642421722412109375" lon="116.68367768637835979461669921875">
        <ele>84.40000152587890625</ele>
        <time>2026-09-03T10:51:43.000Z</time>
        <extensions>
          <ns3:TrackPointExtension>
            <ns3:hr>182</ns3:hr>
            <ns3:cad>94</ns3:cad>
          </ns3:TrackPointExtension>
        </extensions>
      </trkpt>
      <trkpt lat="40.40331811644136905670166015625" lon="116.68367668054997920989990234375">
        <ele>84.40000152587890625</ele>
        <time>2026-09-03T10:51:44.000Z</time>
        <extensions>
          <ns3:TrackPointExtension>
            <ns3:hr>182</ns3:hr>
            <ns3:cad>94</ns3:cad>
          </ns3:TrackPointExtension>
        </extensions>
      </trkpt>
      <trkpt lat="40.40329934097826480865478515625" lon="116.68367634527385234832763671875">
        <ele>84.40000152587890625</ele>
        <time>2026-09-03T10:51:45.000Z</time>
        <extensions>
          <ns3:TrackPointExtension>
            <ns3:hr>182</ns3:hr>
            <ns3:cad>94</ns3:cad>
          </ns3:TrackPointExtension>
        </extensions>
      </trkpt>
      <trkpt lat="40.40323815308511257171630859375" lon="116.68368087150156497955322265625">
        <ele>84.40000152587890625</ele>
        <time>2026-09-03T10:51:46.000Z</time>
        <extensions>
          <ns3:TrackPointExtension>
            <ns3:hr>183</ns3:hr>
            <ns3:cad>94</ns3:cad>
          </ns3:TrackPointExtension>
        </extensions>
      </trkpt>
      <trkpt lat="40.4032042063772678375244140625" lon="116.68368958868086338043212890625">
        <ele>84.40000152587890625</ele>
        <time>2026-09-03T10:51:47.000Z</time>
        <extensions>
          <ns3:TrackPointExtension>
            <ns3:hr>183</ns3:hr>
            <ns3:cad>94</ns3:cad>
          </ns3:TrackPointExtension>
        </extensions>
      </trkpt>
      <trkpt lat="40.4031549207866191864013671875" lon="116.68371104635298252105712890625">
        <ele>84.40000152587890625</ele>
        <time>2026-09-03T10:51:48.000Z</time>
        <extensions>
          <ns3:TrackPointExtension>
            <ns3:hr>184</ns3:hr>
            <ns3:cad>92</ns3:cad>
          </ns3:TrackPointExtension>
        </extensions>
      </trkpt>
      <trkpt lat="40.40311150252819061279296875" lon="116.68374088592827320098876953125">
        <ele>84.40000152587890625</ele>
        <time>2026-09-03T10:51:49.000Z</time>
        <extensions>
          <ns3:TrackPointExtension>
            <ns3:hr>185</ns3:hr>
            <ns3:cad>92</ns3:cad>
          </ns3:TrackPointExtension>
        </extensions>
      </trkpt>
      <trkpt lat="40.40307797491550445556640625" lon="116.683771647512912750244140625">
        <ele>84.40000152587890625</ele>
        <time>2026-09-03T10:51:50.000Z</time>
        <extensions>
          <ns3:TrackPointExtension>
            <ns3:hr>186</ns3:hr>
            <ns3:cad>92</ns3:cad>
          </ns3:TrackPointExtension>
        </extensions>
      </trkpt>
      <trkpt lat="40.40303698740899562835693359375" lon="116.68382420204579830169677734375">
        <ele>84.40000152587890625</ele>
        <time>2026-09-03T10:51:51.000Z</time>
        <extensions>
          <ns3:TrackPointExtension>
            <ns3:hr>187</ns3:hr>
            <ns3:cad>92</ns3:cad>
          </ns3:TrackPointExtension>
        </extensions>
      </trkpt>
      <trkpt lat="40.4030194692313671112060546875" lon="116.683851778507232666015625">
        <ele>84.40000152587890625</ele>
        <time>2026-09-03T10:51:52.000Z</time>
        <extensions>
          <ns3:TrackPointExtension>
            <ns3:hr>187</ns3:hr>
            <ns3:cad>92</ns3:cad>
          </ns3:TrackPointExtension>
        </extensions>
      </trkpt>
      <trkpt lat="40.4029889591038227081298828125" lon="116.68391858227550983428955078125">
        <ele>84.40000152587890625</ele>
        <time>2026-09-03T10:51:53.000Z</time>
        <extensions>
          <ns3:TrackPointExtension>
            <ns3:hr>187</ns3:hr>
            <ns3:cad>93</ns3:cad>
          </ns3:TrackPointExtension>
        </extensions>
      </trkpt>
      <trkpt lat="40.40297915227711200714111328125" lon="116.68394724838435649871826171875">
        <ele>84.40000152587890625</ele>
        <time>2026-09-03T10:51:54.000Z</time>
        <extensions>
          <ns3:TrackPointExtension>
            <ns3:hr>187</ns3:hr>
            <ns3:cad>93</ns3:cad>
          </ns3:TrackPointExtension>
        </extensions>
      </trkpt>
      <trkpt lat="40.4029611311852931976318359375" lon="116.68402687646448612213134765625">
        <ele>84.40000152587890625</ele>
        <time>2026-09-03T10:51:55.000Z</time>
        <extensions>
          <ns3:TrackPointExtension>
            <ns3:hr>188</ns3:hr>
            <ns3:cad>94</ns3:cad>
          </ns3:TrackPointExtension>
        </extensions>
      </trkpt>
      <trkpt lat="40.40295786224305629730224609375" lon="116.684055626392364501953125">
        <ele>84.40000152587890625</ele>
        <time>2026-09-03T10:51:56.000Z</time>
        <extensions>
          <ns3:TrackPointExtension>
            <ns3:hr>187</ns3:hr>
            <ns3:cad>94</ns3:cad>
          </ns3:TrackPointExtension>
        </extensions>
      </trkpt>
      <trkpt lat="40.4029554314911365509033203125" lon="116.684135757386684417724609375">
        <ele>84.40000152587890625</ele>
        <time>2026-09-03T10:51:57.000Z</time>
        <extensions>
          <ns3:TrackPointExtension>
            <ns3:hr>187</ns3:hr>
            <ns3:cad>94</ns3:cad>
          </ns3:TrackPointExtension>
        </extensions>
      </trkpt>
      <trkpt lat="40.40296004153788089752197265625" lon="116.684184037148952484130859375">
        <ele>84.40000152587890625</ele>
        <time>2026-09-03T10:51:58.000Z</time>
        <extensions>
          <ns3:TrackPointExtension>
            <ns3:hr>188</ns3:hr>
            <ns3:cad>92</ns3:cad>
          </ns3:TrackPointExtension>
        </extensions>
      </trkpt>
      <trkpt lat="40.4029718600213527679443359375" lon="116.6842462308704853057861328125">
        <ele>84.40000152587890625</ele>
        <time>2026-09-03T10:51:59.000Z</time>
        <extensions>
          <ns3:TrackPointExtension>
            <ns3:hr>187</ns3:hr>
            <ns3:cad>92</ns3:cad>
          </ns3:TrackPointExtension>
        </extensions>
      </trkpt>
      <trkpt lat="40.402991138398647308349609375" lon="116.68430632911622524261474609375">
        <ele>84.40000152587890625</ele>
        <time>2026-09-03T10:52:00.000Z</time>
        <extensions>
          <ns3:TrackPointExtension>
            <ns3:hr>187</ns3:hr>
            <ns3:cad>92</ns3:cad>
          </ns3:TrackPointExtension>
        </extensions>
      </trkpt>
      <trkpt lat="40.40300983004271984100341796875" lon="116.6843478195369243621826171875">
        <ele>84.40000152587890625</ele>
        <time>2026-09-03T10:52:01.000Z</time>
        <extensions>
          <ns3:TrackPointExtension>
            <ns3:hr>187</ns3:hr>
            <ns3:cad>92</ns3:cad>
          </ns3:TrackPointExtension>
        </extensions>
      </trkpt>
      <trkpt lat="40.4030419327318668365478515625" lon="116.6844021342694759368896484375">
        <ele>84.40000152587890625</ele>
        <time>2026-09-03T10:52:02.000Z</time>
        <extensions>
          <ns3:TrackPointExtension>
            <ns3:hr>187</ns3:hr>
            <ns3:cad>92</ns3:cad>
          </ns3:TrackPointExtension>
        </extensions>
      </trkpt>
      <trkpt lat="40.40306054055690765380859375" lon="116.68442551977932453155517578125">
        <ele>84.40000152587890625</ele>
        <time>2026-09-03T10:52:03.000Z</time>
        <extensions>
          <ns3:TrackPointExtension>
            <ns3:hr>187</ns3:hr>
            <ns3:cad>92</ns3:cad>
          </ns3:TrackPointExtension>
        </extensions>
      </trkpt>
      <trkpt lat="40.40310638956725597381591796875" lon="116.68447296135127544403076171875">
        <ele>84.40000152587890625</ele>
        <time>2026-09-03T10:52:04.000Z</time>
        <extensions>
          <ns3:TrackPointExtension>
            <ns3:hr>187</ns3:hr>
            <ns3:cad>93</ns3:cad>
          </ns3:TrackPointExtension>
        </extensions>
      </trkpt>
      <trkpt lat="40.40312248282134532928466796875" lon="116.684485115110874176025390625">
        <ele>84.40000152587890625</ele>
        <time>2026-09-03T10:52:05.000Z</time>
        <extensions>
          <ns3:TrackPointExtension>
            <ns3:hr>187</ns3:hr>
            <ns3:cad>94</ns3:cad>
          </ns3:TrackPointExtension>
        </extensions>
      </trkpt>
      <trkpt lat="40.40318115614354610443115234375" lon="116.684519313275814056396484375">
        <ele>84.40000152587890625</ele>
        <time>2026-09-03T10:52:06.000Z</time>
        <extensions>
          <ns3:TrackPointExtension>
            <ns3:hr>187</ns3:hr>
            <ns3:cad>94</ns3:cad>
          </ns3:TrackPointExtension>
        </extensions>
      </trkpt>
      <trkpt lat="40.4031964950263500213623046875" lon="116.68452576734125614166259765625">
        <ele>84.40000152587890625</ele>
        <time>2026-09-03T10:52:07.000Z</time>
        <extensions>
          <ns3:TrackPointExtension>
            <ns3:hr>187</ns3:hr>
            <ns3:cad>92</ns3:cad>
          </ns3:TrackPointExtension>
        </extensions>
      </trkpt>
      <trkpt lat="40.40325391106307506561279296875" lon="116.68453901074826717376708984375">
        <ele>84.40000152587890625</ele>
        <time>2026-09-03T10:52:08.000Z</time>
        <extensions>
          <ns3:TrackPointExtension>
            <ns3:hr>186</ns3:hr>
            <ns3:cad>92</ns3:cad>
          </ns3:TrackPointExtension>
        </extensions>
      </trkpt>
      <trkpt lat="40.40327453054487705230712890625" lon="116.68454119004309177398681640625">
        <ele>84.40000152587890625</ele>
        <time>2026-09-03T10:52:09.000Z</time>
        <extensions>
          <ns3:TrackPointExtension>
            <ns3:hr>186</ns3:hr>
            <ns3:cad>93</ns3:cad>
          </ns3:TrackPointExtension>
        </extensions>
      </trkpt>
      <trkpt lat="40.40332934819161891937255859375" lon="116.68454253114759922027587890625">
        <ele>84.40000152587890625</ele>
        <time>2026-09-03T10:52:10.000Z</time>
        <extensions>
          <ns3:TrackPointExtension>
            <ns3:hr>186</ns3:hr>
            <ns3:cad>93</ns3:cad>
          </ns3:TrackPointExtension>
        </extensions>
      </trkpt>
      <trkpt lat="40.4033560864627361297607421875" lon="116.6845429502427577972412109375">
        <ele>84.40000152587890625</ele>
        <time>2026-09-03T10:52:11.000Z</time>
        <extensions>
          <ns3:TrackPointExtension>
            <ns3:hr>186</ns3:hr>
            <ns3:cad>93</ns3:cad>
          </ns3:TrackPointExtension>
        </extensions>
      </trkpt>
      <trkpt lat="40.40340897627174854278564453125" lon="116.684543788433074951171875">
        <ele>84.40000152587890625</ele>
        <time>2026-09-03T10:52:12.000Z</time>
        <extensions>
          <ns3:TrackPointExtension>
            <ns3:hr>186</ns3:hr>
            <ns3:cad>93</ns3:cad>
          </ns3:TrackPointExtension>
        </extensions>
      </trkpt>
      <trkpt lat="40.40343093685805797576904296875" lon="116.684544123709201812744140625">
        <ele>84.40000152587890625</ele>
        <time>2026-09-03T10:52:13.000Z</time>
        <extensions>
          <ns3:TrackPointExtension>
            <ns3:hr>186</ns3:hr>
            <ns3:cad>93</ns3:cad>
          </ns3:TrackPointExtension>
        </extensions>
      </trkpt>
      <trkpt lat="40.4034777916967868804931640625" lon="116.68454487808048725128173828125">
        <ele>84.40000152587890625</ele>
        <time>2026-09-03T10:52:14.000Z</time>
        <extensions>
          <ns3:TrackPointExtension>
            <ns3:hr>186</ns3:hr>
            <ns3:cad>93</ns3:cad>
          </ns3:TrackPointExtension>
        </extensions>
      </trkpt>
      <trkpt lat="40.40351106785237789154052734375" lon="116.68454538099467754364013671875">
        <ele>84.40000152587890625</ele>
        <time>2026-09-03T10:52:15.000Z</time>
        <extensions>
          <ns3:TrackPointExtension>
            <ns3:hr>186</ns3:hr>
            <ns3:cad>93</ns3:cad>
          </ns3:TrackPointExtension>
        </extensions>
      </trkpt>
      <trkpt lat="40.40355482138693332672119140625" lon="116.68454605154693126678466796875">
        <ele>84.40000152587890625</ele>
        <time>2026-09-03T10:52:16.000Z</time>
        <extensions>
          <ns3:TrackPointExtension>
            <ns3:hr>186</ns3:hr>
            <ns3:cad>92</ns3:cad>
          </ns3:TrackPointExtension>
        </extensions>
      </trkpt>
      <trkpt lat="40.40360159240663051605224609375" lon="116.684546805918216705322265625">
        <ele>84.40000152587890625</ele>
        <time>2026-09-03T10:52:17.000Z</time>
        <extensions>
          <ns3:TrackPointExtension>
            <ns3:hr>186</ns3:hr>
            <ns3:cad>92</ns3:cad>
          </ns3:TrackPointExtension>
        </extensions>
      </trkpt>
      <trkpt lat="40.40363512001931667327880859375" lon="116.6845473088324069976806640625">
        <ele>84.40000152587890625</ele>
        <time>2026-09-03T10:52:18.000Z</time>
        <extensions>
          <ns3:TrackPointExtension>
            <ns3:hr>185</ns3:hr>
            <ns3:cad>92</ns3:cad>
          </ns3:TrackPointExtension>
        </extensions>
      </trkpt>
      <trkpt lat="40.40368071757256984710693359375" lon="116.68454806320369243621826171875">
        <ele>84.40000152587890625</ele>
        <time>2026-09-03T10:52:19.000Z</time>
        <extensions>
          <ns3:TrackPointExtension>
            <ns3:hr>185</ns3:hr>
            <ns3:cad>93</ns3:cad>
          </ns3:TrackPointExtension>
        </extensions>
      </trkpt>
      <trkpt lat="40.4037116467952728271484375" lon="116.68454856611788272857666015625">
        <ele>84.40000152587890625</ele>
        <time>2026-09-03T10:52:20.000Z</time>
        <extensions>
          <ns3:TrackPointExtension>
            <ns3:hr>185</ns3:hr>
            <ns3:cad>93</ns3:cad>
          </ns3:TrackPointExtension>
        </extensions>
      </trkpt>
      <trkpt lat="40.4037634469568729400634765625" lon="116.6845493204891681671142578125">
        <ele>84.40000152587890625</ele>
        <time>2026-09-03T10:52:21.000Z</time>
        <extensions>
          <ns3:TrackPointExtension>
            <ns3:hr>185</ns3:hr>
            <ns3:cad>93</ns3:cad>
          </ns3:TrackPointExtension>
        </extensions>
      </trkpt>
      <trkpt lat="40.40378582663834095001220703125" lon="116.6845496557652950286865234375">
        <ele>84.40000152587890625</ele>
        <time>2026-09-03T10:52:22.000Z</time>
        <extensions>
          <ns3:TrackPointExtension>
            <ns3:hr>185</ns3:hr>
            <ns3:cad>93</ns3:cad>
          </ns3:TrackPointExtension>
        </extensions>
      </trkpt>
      <trkpt lat="40.40384299121797084808349609375" lon="116.68455057777464389801025390625">
        <ele>84.40000152587890625</ele>
        <time>2026-09-03T10:52:23.000Z</time>
        <extensions>
          <ns3:TrackPointExtension>
            <ns3:hr>186</ns3:hr>
            <ns3:cad>93</ns3:cad>
          </ns3:TrackPointExtension>
        </extensions>
      </trkpt>
      <trkpt lat="40.403860174119472503662109375" lon="116.684550829231739044189453125">
        <ele>84.40000152587890625</ele>
        <time>2026-09-03T10:52:24.000Z</time>
        <extensions>
          <ns3:TrackPointExtension>
            <ns3:hr>187</ns3:hr>
            <ns3:cad>92</ns3:cad>
          </ns3:TrackPointExtension>
        </extensions>
      </trkpt>
      <trkpt lat="40.40392044000327587127685546875" lon="116.68455175124108791351318359375">
        <ele>84.40000152587890625</ele>
        <time>2026-09-03T10:52:25.000Z</time>
        <extensions>
          <ns3:TrackPointExtension>
            <ns3:hr>187</ns3:hr>
            <ns3:cad>92</ns3:cad>
          </ns3:TrackPointExtension>
        </extensions>
      </trkpt>
      <trkpt lat="40.40393703617155551910400390625" lon="116.6845520026981830596923828125">
        <ele>84.40000152587890625</ele>
        <time>2026-09-03T10:52:26.000Z</time>
        <extensions>
          <ns3:TrackPointExtension>
            <ns3:hr>187</ns3:hr>
            <ns3:cad>93</ns3:cad>
          </ns3:TrackPointExtension>
        </extensions>
      </trkpt>
      <trkpt lat="40.4039998166263103485107421875" lon="116.6845530085265636444091796875">
        <ele>84.40000152587890625</ele>
        <time>2026-09-03T10:52:27.000Z</time>
        <extensions>
          <ns3:TrackPointExtension>
            <ns3:hr>188</ns3:hr>
            <ns3:cad>93</ns3:cad>
          </ns3:TrackPointExtension>
        </extensions>
      </trkpt>
      <trkpt lat="40.4040252976119518280029296875" lon="116.68455342762172222137451171875">
        <ele>84.40000152587890625</ele>
        <time>2026-09-03T10:52:28.000Z</time>
        <extensions>
          <ns3:TrackPointExtension>
            <ns3:hr>188</ns3:hr>
            <ns3:cad>93</ns3:cad>
          </ns3:TrackPointExtension>
        </extensions>
      </trkpt>
      <trkpt lat="40.4040779359638690948486328125" lon="116.6845509968698024749755859375">
        <ele>84.40000152587890625</ele>
        <time>2026-09-03T10:52:29.000Z</time>
        <extensions>
          <ns3:TrackPointExtension>
            <ns3:hr>188</ns3:hr>
            <ns3:cad>92</ns3:cad>
          </ns3:TrackPointExtension>
        </extensions>
      </trkpt>
      <trkpt lat="40.40410953573882579803466796875" lon="116.68454437516629695892333984375">
        <ele>84.40000152587890625</ele>
        <time>2026-09-03T10:52:30.000Z</time>
        <extensions>
          <ns3:TrackPointExtension>
            <ns3:hr>188</ns3:hr>
            <ns3:cad>92</ns3:cad>
          </ns3:TrackPointExtension>
        </extensions>
      </trkpt>
      <trkpt lat="40.40415354073047637939453125" lon="116.684528701007366180419921875">
        <ele>84.40000152587890625</ele>
        <time>2026-09-03T10:52:31.000Z</time>
        <extensions>
          <ns3:TrackPointExtension>
            <ns3:hr>187</ns3:hr>
            <ns3:cad>91</ns3:cad>
          </ns3:TrackPointExtension>
        </extensions>
      </trkpt>
      <trkpt lat="40.40418195538222789764404296875" lon="116.68451403267681598663330078125">
        <ele>84.40000152587890625</ele>
        <time>2026-09-03T10:52:32.000Z</time>
        <extensions>
          <ns3:TrackPointExtension>
            <ns3:hr>186</ns3:hr>
            <ns3:cad>91</ns3:cad>
          </ns3:TrackPointExtension>
        </extensions>
      </trkpt>
      <trkpt lat="40.40422084741294384002685546875" lon="116.68448654003441333770751953125">
        <ele>84.40000152587890625</ele>
        <time>2026-09-03T10:52:33.000Z</time>
        <extensions>
          <ns3:TrackPointExtension>
            <ns3:hr>184</ns3:hr>
            <ns3:cad>91</ns3:cad>
          </ns3:TrackPointExtension>
        </extensions>
      </trkpt>
      <trkpt lat="40.40425487793982028961181640625" lon="116.6844544373452663421630859375">
        <ele>84.40000152587890625</ele>
        <time>2026-09-03T10:52:34.000Z</time>
        <extensions>
          <ns3:TrackPointExtension>
            <ns3:hr>183</ns3:hr>
            <ns3:cad>93</ns3:cad>
          </ns3:TrackPointExtension>
        </extensions>
      </trkpt>
      <trkpt lat="40.4042784310877323150634765625" lon="116.684426106512546539306640625">
        <ele>84.40000152587890625</ele>
        <time>2026-09-03T10:52:35.000Z</time>
        <extensions>
          <ns3:TrackPointExtension>
            <ns3:hr>183</ns3:hr>
            <ns3:cad>93</ns3:cad>
          </ns3:TrackPointExtension>
        </extensions>
      </trkpt>
      <trkpt lat="40.4043042473495006561279296875" lon="116.68438746593892574310302734375">
        <ele>84.40000152587890625</ele>
        <time>2026-09-03T10:52:36.000Z</time>
        <extensions>
          <ns3:TrackPointExtension>
            <ns3:hr>183</ns3:hr>
            <ns3:cad>93</ns3:cad>
          </ns3:TrackPointExtension>
        </extensions>
      </trkpt>
      <trkpt lat="40.404322184622287750244140625" lon="116.68435402214527130126953125">
        <ele>84.40000152587890625</ele>
        <time>2026-09-03T10:52:37.000Z</time>
        <extensions>
          <ns3:TrackPointExtension>
            <ns3:hr>184</ns3:hr>
            <ns3:cad>93</ns3:cad>
          </ns3:TrackPointExtension>
        </extensions>
      </trkpt>
      <trkpt lat="40.40434389375150203704833984375" lon="116.68430197052657604217529296875">
        <ele>84.40000152587890625</ele>
        <time>2026-09-03T10:52:38.000Z</time>
        <extensions>
          <ns3:TrackPointExtension>
            <ns3:hr>184</ns3:hr>
            <ns3:cad>93</ns3:cad>
          </ns3:TrackPointExtension>
        </extensions>
      </trkpt>
      <trkpt lat="40.40435059927403926849365234375" lon="116.6842824406921863555908203125">
        <ele>84.40000152587890625</ele>
        <time>2026-09-03T10:52:39.000Z</time>
        <extensions>
          <ns3:TrackPointExtension>
            <ns3:hr>185</ns3:hr>
            <ns3:cad>93</ns3:cad>
          </ns3:TrackPointExtension>
        </extensions>
      </trkpt>
      <trkpt lat="40.4043632559478282928466796875" lon="116.68423206545412540435791015625">
        <ele>84.40000152587890625</ele>
        <time>2026-09-03T10:52:40.000Z</time>
        <extensions>
          <ns3:TrackPointExtension>
            <ns3:hr>185</ns3:hr>
            <ns3:cad>93</ns3:cad>
          </ns3:TrackPointExtension>
        </extensions>
      </trkpt>
      <trkpt lat="40.4043674468994140625" lon="116.6842123679816722869873046875">
        <ele>84.40000152587890625</ele>
        <time>2026-09-03T10:52:41.000Z</time>
        <extensions>
          <ns3:TrackPointExtension>
            <ns3:hr>185</ns3:hr>
            <ns3:cad>93</ns3:cad>
          </ns3:TrackPointExtension>
        </extensions>
      </trkpt>
      <trkpt lat="40.40437406860291957855224609375" lon="116.68413567356765270233154296875">
        <ele>84.40000152587890625</ele>
        <time>2026-09-03T10:52:42.000Z</time>
        <extensions>
          <ns3:TrackPointExtension>
            <ns3:hr>185</ns3:hr>
            <ns3:cad>93</ns3:cad>
          </ns3:TrackPointExtension>
        </extensions>
      </trkpt>
      <trkpt lat="40.40437423624098300933837890625" lon="116.6841215081512928009033203125">
        <ele>84.40000152587890625</ele>
        <time>2026-09-03T10:52:43.000Z</time>
        <extensions>
          <ns3:TrackPointExtension>
            <ns3:hr>185</ns3:hr>
            <ns3:cad>93</ns3:cad>
          </ns3:TrackPointExtension>
        </extensions>
      </trkpt>
      <trkpt lat="40.4043696261942386627197265625" lon="116.684045903384685516357421875">
        <ele>84.40000152587890625</ele>
        <time>2026-09-03T10:52:44.000Z</time>
        <extensions>
          <ns3:TrackPointExtension>
            <ns3:hr>185</ns3:hr>
            <ns3:cad>93</ns3:cad>
          </ns3:TrackPointExtension>
        </extensions>
      </trkpt>
      <trkpt lat="40.4043649323284626007080078125" lon="116.68401866219937801361083984375">
        <ele>84.40000152587890625</ele>
        <time>2026-09-03T10:52:45.000Z</time>
        <extensions>
          <ns3:TrackPointExtension>
            <ns3:hr>185</ns3:hr>
            <ns3:cad>93</ns3:cad>
          </ns3:TrackPointExtension>
        </extensions>
      </trkpt>
      <trkpt lat="40.4043471626937389373779296875" lon="116.683949343860149383544921875">
        <ele>84.40000152587890625</ele>
        <time>2026-09-03T10:52:46.000Z</time>
        <extensions>
          <ns3:TrackPointExtension>
            <ns3:hr>185</ns3:hr>
            <ns3:cad>91</ns3:cad>
          </ns3:TrackPointExtension>
        </extensions>
      </trkpt>
      <trkpt lat="40.40434037335216999053955078125" lon="116.68392797000706195831298828125">
        <ele>84.40000152587890625</ele>
        <time>2026-09-03T10:52:47.000Z</time>
        <extensions>
          <ns3:TrackPointExtension>
            <ns3:hr>186</ns3:hr>
            <ns3:cad>91</ns3:cad>
          </ns3:TrackPointExtension>
        </extensions>
      </trkpt>
      <trkpt lat="40.4043143056333065032958984375" lon="116.68387122452259063720703125">
        <ele>84.40000152587890625</ele>
        <time>2026-09-03T10:52:48.000Z</time>
        <extensions>
          <ns3:TrackPointExtension>
            <ns3:hr>185</ns3:hr>
            <ns3:cad>90</ns3:cad>
          </ns3:TrackPointExtension>
        </extensions>
      </trkpt>
      <trkpt lat="40.40430064313113689422607421875" lon="116.68384850956499576568603515625">
        <ele>84.40000152587890625</ele>
        <time>2026-09-03T10:52:49.000Z</time>
        <extensions>
          <ns3:TrackPointExtension>
            <ns3:hr>186</ns3:hr>
            <ns3:cad>90</ns3:cad>
          </ns3:TrackPointExtension>
        </extensions>
      </trkpt>
      <trkpt lat="40.4042695462703704833984375" lon="116.6838048398494720458984375">
        <ele>84.40000152587890625</ele>
        <time>2026-09-03T10:52:50.000Z</time>
        <extensions>
          <ns3:TrackPointExtension>
            <ns3:hr>186</ns3:hr>
            <ns3:cad>90</ns3:cad>
          </ns3:TrackPointExtension>
        </extensions>
      </trkpt>
      <trkpt lat="40.4042516089975833892822265625" lon="116.68378380127251148223876953125">
        <ele>84.40000152587890625</ele>
        <time>2026-09-03T10:52:51.000Z</time>
        <extensions>
          <ns3:TrackPointExtension>
            <ns3:hr>186</ns3:hr>
            <ns3:cad>90</ns3:cad>
          </ns3:TrackPointExtension>
        </extensions>
      </trkpt>
      <trkpt lat="40.40420877747237682342529296875" lon="116.68374591507017612457275390625">
        <ele>84.40000152587890625</ele>
        <time>2026-09-03T10:52:52.000Z</time>
        <extensions>
          <ns3:TrackPointExtension>
            <ns3:hr>186</ns3:hr>
            <ns3:cad>90</ns3:cad>
          </ns3:TrackPointExtension>
        </extensions>
      </trkpt>
      <trkpt lat="40.40418312884867191314697265625" lon="116.68372797779738903045654296875">
        <ele>84.40000152587890625</ele>
        <time>2026-09-03T10:52:53.000Z</time>
        <extensions>
          <ns3:TrackPointExtension>
            <ns3:hr>186</ns3:hr>
            <ns3:cad>90</ns3:cad>
          </ns3:TrackPointExtension>
        </extensions>
      </trkpt>
      <trkpt lat="40.40414473973214626312255859375" lon="116.68370869942009449005126953125">
        <ele>84.40000152587890625</ele>
        <time>2026-09-03T10:52:54.000Z</time>
        <extensions>
          <ns3:TrackPointExtension>
            <ns3:hr>186</ns3:hr>
            <ns3:cad>92</ns3:cad>
          </ns3:TrackPointExtension>
        </extensions>
      </trkpt>
      <trkpt lat="40.40410232730209827423095703125" lon="116.68369512073695659637451171875">
        <ele>84.40000152587890625</ele>
        <time>2026-09-03T10:52:55.000Z</time>
        <extensions>
          <ns3:TrackPointExtension>
            <ns3:hr>186</ns3:hr>
            <ns3:cad>92</ns3:cad>
          </ns3:TrackPointExtension>
        </extensions>
      </trkpt>
      <trkpt lat="40.40406276471912860870361328125" lon="116.6836895048618316650390625">
        <ele>84.40000152587890625</ele>
        <time>2026-09-03T10:52:56.000Z</time>
        <extensions>
          <ns3:TrackPointExtension>
            <ns3:hr>187</ns3:hr>
            <ns3:cad>92</ns3:cad>
          </ns3:TrackPointExtension>
        </extensions>
      </trkpt>
      <trkpt lat="40.40401767008006572723388671875" lon="116.68368757702410221099853515625">
        <ele>84.40000152587890625</ele>
        <time>2026-09-03T10:52:57.000Z</time>
        <extensions>
          <ns3:TrackPointExtension>
            <ns3:hr>187</ns3:hr>
            <ns3:cad>92</ns3:cad>
          </ns3:TrackPointExtension>
        </extensions>
      </trkpt>
      <trkpt lat="40.40398330427706241607666015625" lon="116.6836869902908802032470703125">
        <ele>84.40000152587890625</ele>
        <time>2026-09-03T10:52:58.000Z</time>
        <extensions>
          <ns3:TrackPointExtension>
            <ns3:hr>187</ns3:hr>
            <ns3:cad>93</ns3:cad>
          </ns3:TrackPointExtension>
        </extensions>
      </trkpt>
      <trkpt lat="40.40393183939158916473388671875" lon="116.68368623591959476470947265625">
        <ele>84.40000152587890625</ele>
        <time>2026-09-03T10:52:59.000Z</time>
        <extensions>
          <ns3:TrackPointExtension>
            <ns3:hr>188</ns3:hr>
            <ns3:cad>93</ns3:cad>
          </ns3:TrackPointExtension>
        </extensions>
      </trkpt>
      <trkpt lat="40.40390552021563053131103515625" lon="116.683685816824436187744140625">
        <ele>84.40000152587890625</ele>
        <time>2026-09-03T10:53:00.000Z</time>
        <extensions>
          <ns3:TrackPointExtension>
            <ns3:hr>188</ns3:hr>
            <ns3:cad>93</ns3:cad>
          </ns3:TrackPointExtension>
        </extensions>
      </trkpt>
      <trkpt lat="40.4038452543318271636962890625" lon="116.68368489481508731842041015625">
        <ele>84.40000152587890625</ele>
        <time>2026-09-03T10:53:01.000Z</time>
        <extensions>
          <ns3:TrackPointExtension>
            <ns3:hr>188</ns3:hr>
            <ns3:cad>93</ns3:cad>
          </ns3:TrackPointExtension>
        </extensions>
      </trkpt>
      <trkpt lat="40.403819940984249114990234375" lon="116.683684475719928741455078125">
        <ele>84.40000152587890625</ele>
        <time>2026-09-03T10:53:02.000Z</time>
        <extensions>
          <ns3:TrackPointExtension>
            <ns3:hr>188</ns3:hr>
            <ns3:cad>93</ns3:cad>
          </ns3:TrackPointExtension>
        </extensions>
      </trkpt>
      <trkpt lat="40.40377727709710597991943359375" lon="116.683683805167675018310546875">
        <ele>84.40000152587890625</ele>
        <time>2026-09-03T10:53:03.000Z</time>
        <extensions>
          <ns3:TrackPointExtension>
            <ns3:hr>188</ns3:hr>
            <ns3:cad>93</ns3:cad>
          </ns3:TrackPointExtension>
        </extensions>
      </trkpt>
      <trkpt lat="40.40374659933149814605712890625" lon="116.6836833022534847259521484375">
        <ele>84.40000152587890625</ele>
        <time>2026-09-03T10:53:04.000Z</time>
        <extensions>
          <ns3:TrackPointExtension>
            <ns3:hr>188</ns3:hr>
            <ns3:cad>91</ns3:cad>
          </ns3:TrackPointExtension>
        </extensions>
      </trkpt>
      <trkpt lat="40.40369345806539058685302734375" lon="116.683682464063167572021484375">
        <ele>84.40000152587890625</ele>
        <time>2026-09-03T10:53:05.000Z</time>
        <extensions>
          <ns3:TrackPointExtension>
            <ns3:hr>189</ns3:hr>
            <ns3:cad>91</ns3:cad>
          </ns3:TrackPointExtension>
        </extensions>
      </trkpt>
      <trkpt lat="40.403662361204624176025390625" lon="116.68368204496800899505615234375">
        <ele>84.40000152587890625</ele>
        <time>2026-09-03T10:53:06.000Z</time>
        <extensions>
          <ns3:TrackPointExtension>
            <ns3:hr>188</ns3:hr>
            <ns3:cad>91</ns3:cad>
          </ns3:TrackPointExtension>
        </extensions>
      </trkpt>
      <trkpt lat="40.40360745973885059356689453125" lon="116.683681122958660125732421875">
        <ele>84.40000152587890625</ele>
        <time>2026-09-03T10:53:07.000Z</time>
        <extensions>
          <ns3:TrackPointExtension>
            <ns3:hr>189</ns3:hr>
            <ns3:cad>94</ns3:cad>
          </ns3:TrackPointExtension>
        </extensions>
      </trkpt>
      <trkpt lat="40.4035693220794200897216796875" lon="116.68368053622543811798095703125">
        <ele>84.40000152587890625</ele>
        <time>2026-09-03T10:53:08.000Z</time>
        <extensions>
          <ns3:TrackPointExtension>
            <ns3:hr>189</ns3:hr>
            <ns3:cad>94</ns3:cad>
          </ns3:TrackPointExtension>
        </extensions>
      </trkpt>
      <trkpt lat="40.40351727046072483062744140625" lon="116.683679781854152679443359375">
        <ele>84.40000152587890625</ele>
        <time>2026-09-03T10:53:09.000Z</time>
        <extensions>
          <ns3:TrackPointExtension>
            <ns3:hr>189</ns3:hr>
            <ns3:cad>94</ns3:cad>
          </ns3:TrackPointExtension>
        </extensions>
      </trkpt>
      <trkpt lat="40.4034808091819286346435546875" lon="116.68367919512093067169189453125">
        <ele>84.40000152587890625</ele>
        <time>2026-09-03T10:53:10.000Z</time>
        <extensions>
          <ns3:TrackPointExtension>
            <ns3:hr>189</ns3:hr>
            <ns3:cad>94</ns3:cad>
          </ns3:TrackPointExtension>
        </extensions>
      </trkpt>
      <trkpt lat="40.40344065986573696136474609375" lon="116.68367852456867694854736328125">
        <ele>84.40000152587890625</ele>
        <time>2026-09-03T10:53:11.000Z</time>
        <extensions>
          <ns3:TrackPointExtension>
            <ns3:hr>189</ns3:hr>
            <ns3:cad>92</ns3:cad>
          </ns3:TrackPointExtension>
        </extensions>
      </trkpt>
      <trkpt lat="40.4033993370831012725830078125" lon="116.6836779378354549407958984375">
        <ele>84.40000152587890625</ele>
        <time>2026-09-03T10:53:12.000Z</time>
        <extensions>
          <ns3:TrackPointExtension>
            <ns3:hr>189</ns3:hr>
            <ns3:cad>92</ns3:cad>
          </ns3:TrackPointExtension>
        </extensions>
      </trkpt>
      <trkpt lat="40.40336388163268566131591796875" lon="116.68367735110223293304443359375">
        <ele>84.40000152587890625</ele>
        <time>2026-09-03T10:53:13.000Z</time>
        <extensions>
          <ns3:TrackPointExtension>
            <ns3:hr>189</ns3:hr>
            <ns3:cad>92</ns3:cad>
          </ns3:TrackPointExtension>
        </extensions>
      </trkpt>
      <trkpt lat="40.40331074036657810211181640625" lon="116.68367651291191577911376953125">
        <ele>84.40000152587890625</ele>
        <time>2026-09-03T10:53:14.000Z</time>
        <extensions>
          <ns3:TrackPointExtension>
            <ns3:hr>188</ns3:hr>
            <ns3:cad>92</ns3:cad>
          </ns3:TrackPointExtension>
        </extensions>
      </trkpt>
      <trkpt lat="40.40327771566808223724365234375" lon="116.6836769320070743560791015625">
        <ele>84.40000152587890625</ele>
        <time>2026-09-03T10:53:15.000Z</time>
        <extensions>
          <ns3:TrackPointExtension>
            <ns3:hr>189</ns3:hr>
            <ns3:cad>92</ns3:cad>
          </ns3:TrackPointExtension>
        </extensions>
      </trkpt>
      <trkpt lat="40.4032233171164989471435546875" lon="116.6836846433579921722412109375">
        <ele>84.40000152587890625</ele>
        <time>2026-09-03T10:53:16.000Z</time>
        <extensions>
          <ns3:TrackPointExtension>
            <ns3:hr>188</ns3:hr>
            <ns3:cad>92</ns3:cad>
          </ns3:TrackPointExtension>
        </extensions>
      </trkpt>
      <trkpt lat="40.40319808758795261383056640625" lon="116.6836913488805294036865234375">
        <ele>84.40000152587890625</ele>
        <time>2026-09-03T10:53:17.000Z</time>
        <extensions>
          <ns3:TrackPointExtension>
            <ns3:hr>188</ns3:hr>
            <ns3:cad>92</ns3:cad>
          </ns3:TrackPointExtension>
        </extensions>
      </trkpt>
      <trkpt lat="40.40314159356057643890380859375" lon="116.6837198473513126373291015625">
        <ele>84.40000152587890625</ele>
        <time>2026-09-03T10:53:18.000Z</time>
        <extensions>
          <ns3:TrackPointExtension>
            <ns3:hr>188</ns3:hr>
            <ns3:cad>92</ns3:cad>
          </ns3:TrackPointExtension>
        </extensions>
      </trkpt>
      <trkpt lat="40.40312030352652072906494140625" lon="116.6837339289486408233642578125">
        <ele>84.40000152587890625</ele>
        <time>2026-09-03T10:53:19.000Z</time>
        <extensions>
          <ns3:TrackPointExtension>
            <ns3:hr>187</ns3:hr>
            <ns3:cad>91</ns3:cad>
          </ns3:TrackPointExtension>
        </extensions>
      </trkpt>
      <trkpt lat="40.40307068265974521636962890625" lon="116.683780364692211151123046875">
        <ele>84.40000152587890625</ele>
        <time>2026-09-03T10:53:20.000Z</time>
        <extensions>
          <ns3:TrackPointExtension>
            <ns3:hr>187</ns3:hr>
            <ns3:cad>90</ns3:cad>
          </ns3:TrackPointExtension>
        </extensions>
      </trkpt>
      <trkpt lat="40.4030472971498966217041015625" lon="116.6838083602488040924072265625">
        <ele>84.40000152587890625</ele>
        <time>2026-09-03T10:53:21.000Z</time>
        <extensions>
          <ns3:TrackPointExtension>
            <ns3:hr>187</ns3:hr>
            <ns3:cad>90</ns3:cad>
          </ns3:TrackPointExtension>
        </extensions>
      </trkpt>
      <trkpt lat="40.40301267988979816436767578125" lon="116.68386493809521198272705078125">
        <ele>84.40000152587890625</ele>
        <time>2026-09-03T10:53:22.000Z</time>
        <extensions>
          <ns3:TrackPointExtension>
            <ns3:hr>187</ns3:hr>
            <ns3:cad>93</ns3:cad>
          </ns3:TrackPointExtension>
        </extensions>
      </trkpt>
      <trkpt lat="40.4029909707605838775634765625" lon="116.6839126311242580413818359375">
        <ele>84.40000152587890625</ele>
        <time>2026-09-03T10:53:23.000Z</time>
        <extensions>
          <ns3:TrackPointExtension>
            <ns3:hr>187</ns3:hr>
            <ns3:cad>93</ns3:cad>
          </ns3:TrackPointExtension>
        </extensions>
      </trkpt>
      <trkpt lat="40.40297278203070163726806640625" lon="116.68396937660872936248779296875">
        <ele>84.40000152587890625</ele>
        <time>2026-09-03T10:53:24.000Z</time>
        <extensions>
          <ns3:TrackPointExtension>
            <ns3:hr>187</ns3:hr>
            <ns3:cad>93</ns3:cad>
          </ns3:TrackPointExtension>
        </extensions>
      </trkpt>
      <trkpt lat="40.4029606282711029052734375" lon="116.6840316541492938995361328125">
        <ele>84.40000152587890625</ele>
        <time>2026-09-03T10:53:25.000Z</time>
        <extensions>
          <ns3:TrackPointExtension>
            <ns3:hr>187</ns3:hr>
            <ns3:cad>94</ns3:cad>
          </ns3:TrackPointExtension>
        </extensions>
      </trkpt>
      <trkpt lat="40.402955599129199981689453125" lon="116.68408605270087718963623046875">
        <ele>84.40000152587890625</ele>
        <time>2026-09-03T10:53:26.000Z</time>
        <extensions>
          <ns3:TrackPointExtension>
            <ns3:hr>187</ns3:hr>
            <ns3:cad>94</ns3:cad>
          </ns3:TrackPointExtension>
        </extensions>
      </trkpt>
      <trkpt lat="40.40295861661434173583984375" lon="116.6841691173613071441650390625">
        <ele>84.40000152587890625</ele>
        <time>2026-09-03T10:53:27.000Z</time>
        <extensions>
          <ns3:TrackPointExtension>
            <ns3:hr>186</ns3:hr>
            <ns3:cad>94</ns3:cad>
          </ns3:TrackPointExtension>
        </extensions>
      </trkpt>
      <trkpt lat="40.40296322666108608245849609375" lon="116.6842039860785007476806640625">
        <ele>84.40000152587890625</ele>
        <time>2026-09-03T10:53:28.000Z</time>
        <extensions>
          <ns3:TrackPointExtension>
            <ns3:hr>187</ns3:hr>
            <ns3:cad>94</ns3:cad>
          </ns3:TrackPointExtension>
        </extensions>
      </trkpt>
      <trkpt lat="40.4029835946857929229736328125" lon="116.6842841170728206634521484375">
        <ele>84.40000152587890625</ele>
        <time>2026-09-03T10:53:29.000Z</time>
        <extensions>
          <ns3:TrackPointExtension>
            <ns3:hr>187</ns3:hr>
            <ns3:cad>94</ns3:cad>
          </ns3:TrackPointExtension>
        </extensions>
      </trkpt>
      <trkpt lat="40.4029919765889644622802734375" lon="116.6843082569539546966552734375">
        <ele>84.40000152587890625</ele>
        <time>2026-09-03T10:53:30.000Z</time>
        <extensions>
          <ns3:TrackPointExtension>
            <ns3:hr>188</ns3:hr>
            <ns3:cad>94</ns3:cad>
          </ns3:TrackPointExtension>
        </extensions>
      </trkpt>
      <trkpt lat="40.40303279645740985870361328125" lon="116.68438746593892574310302734375">
        <ele>84.40000152587890625</ele>
        <time>2026-09-03T10:53:31.000Z</time>
        <extensions>
          <ns3:TrackPointExtension>
            <ns3:hr>188</ns3:hr>
            <ns3:cad>94</ns3:cad>
          </ns3:TrackPointExtension>
        </extensions>
      </trkpt>
      <trkpt lat="40.403043441474437713623046875" lon="116.68440406210720539093017578125">
        <ele>84.40000152587890625</ele>
        <time>2026-09-03T10:53:32.000Z</time>
        <extensions>
          <ns3:TrackPointExtension>
            <ns3:hr>189</ns3:hr>
            <ns3:cad>94</ns3:cad>
          </ns3:TrackPointExtension>
        </extensions>
      </trkpt>
      <trkpt lat="40.403093732893466949462890625" lon="116.684460975229740142822265625">
        <ele>84.40000152587890625</ele>
        <time>2026-09-03T10:53:33.000Z</time>
        <extensions>
          <ns3:TrackPointExtension>
            <ns3:hr>190</ns3:hr>
            <ns3:cad>94</ns3:cad>
          </ns3:TrackPointExtension>
        </extensions>
      </trkpt>
      <trkpt lat="40.40310856886208057403564453125" lon="116.684475056827068328857421875">
        <ele>84.40000152587890625</ele>
        <time>2026-09-03T10:53:34.000Z</time>
        <extensions>
          <ns3:TrackPointExtension>
            <ns3:hr>191</ns3:hr>
            <ns3:cad>94</ns3:cad>
          </ns3:TrackPointExtension>
        </extensions>
      </trkpt>
      <trkpt lat="40.4031612910330295562744140625" lon="116.68450967408716678619384765625">
        <ele>84.40000152587890625</ele>
        <time>2026-09-03T10:53:35.000Z</time>
        <extensions>
          <ns3:TrackPointExtension>
            <ns3:hr>191</ns3:hr>
            <ns3:cad>92</ns3:cad>
          </ns3:TrackPointExtension>
        </extensions>
      </trkpt>
      <trkpt lat="40.40318258106708526611328125" lon="116.684519983828067779541015625">
        <ele>84.40000152587890625</ele>
        <time>2026-09-03T10:53:36.000Z</time>
        <extensions>
          <ns3:TrackPointExtension>
            <ns3:hr>191</ns3:hr>
            <ns3:cad>92</ns3:cad>
          </ns3:TrackPointExtension>
        </extensions>
      </trkpt>
      <trkpt lat="40.4032350517809391021728515625" lon="116.6845369152724742889404296875">
        <ele>84.40000152587890625</ele>
        <time>2026-09-03T10:53:37.000Z</time>
        <extensions>
          <ns3:TrackPointExtension>
            <ns3:hr>190</ns3:hr>
            <ns3:cad>92</ns3:cad>
          </ns3:TrackPointExtension>
        </extensions>
      </trkpt>
      <trkpt lat="40.40325776673853397369384765625" lon="116.684539429843425750732421875">
        <ele>84.40000152587890625</ele>
        <time>2026-09-03T10:53:38.000Z</time>
        <extensions>
          <ns3:TrackPointExtension>
            <ns3:hr>191</ns3:hr>
            <ns3:cad>92</ns3:cad>
          </ns3:TrackPointExtension>
        </extensions>
      </trkpt>
      <trkpt lat="40.403308309614658355712890625" lon="116.6845422796905040740966796875">
        <ele>84.40000152587890625</ele>
        <time>2026-09-03T10:53:39.000Z</time>
        <extensions>
          <ns3:TrackPointExtension>
            <ns3:hr>191</ns3:hr>
            <ns3:cad>92</ns3:cad>
          </ns3:TrackPointExtension>
        </extensions>
      </trkpt>
      <trkpt lat="40.40334024466574192047119140625" lon="116.68454269878566265106201171875">
        <ele>84.40000152587890625</ele>
        <time>2026-09-03T10:53:40.000Z</time>
        <extensions>
          <ns3:TrackPointExtension>
            <ns3:hr>191</ns3:hr>
            <ns3:cad>92</ns3:cad>
          </ns3:TrackPointExtension>
        </extensions>
      </trkpt>
      <trkpt lat="40.40339187718927860260009765625" lon="116.68454353697597980499267578125">
        <ele>84.40000152587890625</ele>
        <time>2026-09-03T10:53:41.000Z</time>
        <extensions>
          <ns3:TrackPointExtension>
            <ns3:hr>190</ns3:hr>
            <ns3:cad>92</ns3:cad>
          </ns3:TrackPointExtension>
        </extensions>
      </trkpt>
      <trkpt lat="40.40342087857425212860107421875" lon="116.6845439560711383819580078125">
        <ele>84.40000152587890625</ele>
        <time>2026-09-03T10:53:42.000Z</time>
        <extensions>
          <ns3:TrackPointExtension>
            <ns3:hr>191</ns3:hr>
            <ns3:cad>90</ns3:cad>
          </ns3:TrackPointExtension>
        </extensions>
      </trkpt>
      <trkpt lat="40.40347619913518428802490234375" lon="116.68454487808048725128173828125">
        <ele>84.40000152587890625</ele>
        <time>2026-09-03T10:53:43.000Z</time>
        <extensions>
          <ns3:TrackPointExtension>
            <ns3:hr>191</ns3:hr>
            <ns3:cad>90</ns3:cad>
          </ns3:TrackPointExtension>
        </extensions>
      </trkpt>
      <trkpt lat="40.4035089723765850067138671875" lon="116.68454538099467754364013671875">
        <ele>84.40000152587890625</ele>
        <time>2026-09-03T10:53:44.000Z</time>
        <extensions>
          <ns3:TrackPointExtension>
            <ns3:hr>191</ns3:hr>
            <ns3:cad>90</ns3:cad>
          </ns3:TrackPointExtension>
        </extensions>
      </trkpt>
      <trkpt lat="40.40355716831982135772705078125" lon="116.684546135365962982177734375">
        <ele>84.40000152587890625</ele>
        <time>2026-09-03T10:53:45.000Z</time>
        <extensions>
          <ns3:TrackPointExtension>
            <ns3:hr>191</ns3:hr>
            <ns3:cad>91</ns3:cad>
          </ns3:TrackPointExtension>
        </extensions>
      </trkpt>
      <trkpt lat="40.4035963118076324462890625" lon="116.68454672209918498992919921875">
        <ele>84.40000152587890625</ele>
        <time>2026-09-03T10:53:46.000Z</time>
        <extensions>
          <ns3:TrackPointExtension>
            <ns3:hr>191</ns3:hr>
            <ns3:cad>91</ns3:cad>
          </ns3:TrackPointExtension>
        </extensions>
      </trkpt>
      <trkpt lat="40.40363796986639499664306640625" lon="116.68454739265143871307373046875">
        <ele>84.40000152587890625</ele>
        <time>2026-09-03T10:53:47.000Z</time>
        <extensions>
          <ns3:TrackPointExtension>
            <ns3:hr>191</ns3:hr>
            <ns3:cad>91</ns3:cad>
          </ns3:TrackPointExtension>
        </extensions>
      </trkpt>
      <trkpt lat="40.40367937646806240081787109375" lon="116.68454806320369243621826171875">
        <ele>84.40000152587890625</ele>
        <time>2026-09-03T10:53:48.000Z</time>
        <extensions>
          <ns3:TrackPointExtension>
            <ns3:hr>191</ns3:hr>
            <ns3:cad>91</ns3:cad>
          </ns3:TrackPointExtension>
        </extensions>
      </trkpt>
      <trkpt lat="40.40371223352849483489990234375" lon="116.68454856611788272857666015625">
        <ele>84.40000152587890625</ele>
        <time>2026-09-03T10:53:49.000Z</time>
        <extensions>
          <ns3:TrackPointExtension>
            <ns3:hr>191</ns3:hr>
            <ns3:cad>91</ns3:cad>
          </ns3:TrackPointExtension>
        </extensions>
      </trkpt>
      <trkpt lat="40.40375565178692340850830078125" lon="116.68454923667013645172119140625">
        <ele>84.40000152587890625</ele>
        <time>2026-09-03T10:53:50.000Z</time>
        <extensions>
          <ns3:TrackPointExtension>
            <ns3:hr>191</ns3:hr>
            <ns3:cad>92</ns3:cad>
          </ns3:TrackPointExtension>
        </extensions>
      </trkpt>
      <trkpt lat="40.40378180332481861114501953125" lon="116.6845496557652950286865234375">
        <ele>84.40000152587890625</ele>
        <time>2026-09-03T10:53:51.000Z</time>
        <extensions>
          <ns3:TrackPointExtension>
            <ns3:hr>191</ns3:hr>
            <ns3:cad>92</ns3:cad>
          </ns3:TrackPointExtension>
        </extensions>
      </trkpt>
      <trkpt lat="40.40383930318057537078857421875" lon="116.6845504939556121826171875">
        <ele>84.40000152587890625</ele>
        <time>2026-09-03T10:53:52.000Z</time>
        <extensions>
          <ns3:TrackPointExtension>
            <ns3:hr>191</ns3:hr>
            <ns3:cad>92</ns3:cad>
          </ns3:TrackPointExtension>
        </extensions>
      </trkpt>
      <trkpt lat="40.4038647003471851348876953125" lon="116.68455091305077075958251953125">
        <ele>84.40000152587890625</ele>
        <time>2026-09-03T10:53:53.000Z</time>
        <extensions>
          <ns3:TrackPointExtension>
            <ns3:hr>191</ns3:hr>
            <ns3:cad>92</ns3:cad>
          </ns3:TrackPointExtension>
        </extensions>
      </trkpt>
      <trkpt lat="40.40392689406871795654296875" lon="116.68455191887915134429931640625">
        <ele>84.40000152587890625</ele>
        <time>2026-09-03T10:53:54.000Z</time>
        <extensions>
          <ns3:TrackPointExtension>
            <ns3:hr>191</ns3:hr>
            <ns3:cad>92</ns3:cad>
          </ns3:TrackPointExtension>
        </extensions>
      </trkpt>
      <trkpt lat="40.40394776500761508941650390625" lon="116.684552170336246490478515625">
        <ele>84.40000152587890625</ele>
        <time>2026-09-03T10:53:55.000Z</time>
        <extensions>
          <ns3:TrackPointExtension>
            <ns3:hr>190</ns3:hr>
            <ns3:cad>92</ns3:cad>
          </ns3:TrackPointExtension>
        </extensions>
      </trkpt>
      <trkpt lat="40.4040041752159595489501953125" lon="116.68455309234559535980224609375">
        <ele>84.40000152587890625</ele>
        <time>2026-09-03T10:53:56.000Z</time>
        <extensions>
          <ns3:TrackPointExtension>
            <ns3:hr>191</ns3:hr>
            <ns3:cad>92</ns3:cad>
          </ns3:TrackPointExtension>
        </extensions>
      </trkpt>
      <trkpt lat="40.4040195979177951812744140625" lon="116.6845533438026905059814453125">
        <ele>84.40000152587890625</ele>
        <time>2026-09-03T10:53:57.000Z</time>
        <extensions>
          <ns3:TrackPointExtension>
            <ns3:hr>191</ns3:hr>
            <ns3:cad>92</ns3:cad>
          </ns3:TrackPointExtension>
        </extensions>
      </trkpt>
      <trkpt lat="40.40408019907772541046142578125" lon="116.684550829231739044189453125">
        <ele>84.40000152587890625</ele>
        <time>2026-09-03T10:53:58.000Z</time>
        <extensions>
          <ns3:TrackPointExtension>
            <ns3:hr>190</ns3:hr>
            <ns3:cad>90</ns3:cad>
          </ns3:TrackPointExtension>
        </extensions>
      </trkpt>
      <trkpt lat="40.40409897454082965850830078125" lon="116.68454714119434356689453125">
        <ele>84.40000152587890625</ele>
        <time>2026-09-03T10:53:59.000Z</time>
        <extensions>
          <ns3:TrackPointExtension>
            <ns3:hr>191</ns3:hr>
            <ns3:cad>90</ns3:cad>
          </ns3:TrackPointExtension>
        </extensions>
      </trkpt>
      <trkpt lat="40.4041607491672039031982421875" lon="116.68452543206512928009033203125">
        <ele>84.40000152587890625</ele>
        <time>2026-09-03T10:54:00.000Z</time>
        <extensions>
          <ns3:TrackPointExtension>
            <ns3:hr>191</ns3:hr>
            <ns3:cad>90</ns3:cad>
          </ns3:TrackPointExtension>
        </extensions>
      </trkpt>
      <trkpt lat="40.40418597869575023651123046875" lon="116.68451135046780109405517578125">
        <ele>84.40000152587890625</ele>
        <time>2026-09-03T10:54:01.000Z</time>
        <extensions>
          <ns3:TrackPointExtension>
            <ns3:hr>190</ns3:hr>
            <ns3:cad>90</ns3:cad>
          </ns3:TrackPointExtension>
        </extensions>
      </trkpt>
      <trkpt lat="40.4042318277060985565185546875" lon="116.6844765655696392059326171875">
        <ele>84.40000152587890625</ele>
        <time>2026-09-03T10:54:02.000Z</time>
        <extensions>
          <ns3:TrackPointExtension>
            <ns3:hr>191</ns3:hr>
            <ns3:cad>91</ns3:cad>
          </ns3:TrackPointExtension>
        </extensions>
      </trkpt>
      <trkpt lat="40.40424582548439502716064453125" lon="116.68446390889585018157958984375">
        <ele>84.40000152587890625</ele>
        <time>2026-09-03T10:54:03.000Z</time>
        <extensions>
          <ns3:TrackPointExtension>
            <ns3:hr>191</ns3:hr>
            <ns3:cad>91</ns3:cad>
          </ns3:TrackPointExtension>
        </extensions>
      </trkpt>
      <trkpt lat="40.4042861424386501312255859375" lon="116.68441596440970897674560546875">
        <ele>84.40000152587890625</ele>
        <time>2026-09-03T10:54:04.000Z</time>
        <extensions>
          <ns3:TrackPointExtension>
            <ns3:hr>190</ns3:hr>
            <ns3:cad>93</ns3:cad>
          </ns3:TrackPointExtension>
        </extensions>
      </trkpt>
      <trkpt lat="40.4043019004166126251220703125" lon="116.68439115397632122039794921875">
        <ele>84.40000152587890625</ele>
        <time>2026-09-03T10:54:05.000Z</time>
        <extensions>
          <ns3:TrackPointExtension>
            <ns3:hr>191</ns3:hr>
            <ns3:cad>93</ns3:cad>
          </ns3:TrackPointExtension>
        </extensions>
      </trkpt>
      <trkpt lat="40.4043263755738735198974609375" lon="116.6843451373279094696044921875">
        <ele>84.40000152587890625</ele>
        <time>2026-09-03T10:54:06.000Z</time>
        <extensions>
          <ns3:TrackPointExtension>
            <ns3:hr>191</ns3:hr>
            <ns3:cad>93</ns3:cad>
          </ns3:TrackPointExtension>
        </extensions>
      </trkpt>
      <trkpt lat="40.404337942600250244140625" lon="116.68431957252323627471923828125">
        <ele>84.40000152587890625</ele>
        <time>2026-09-03T10:54:07.000Z</time>
        <extensions>
          <ns3:TrackPointExtension>
            <ns3:hr>190</ns3:hr>
            <ns3:cad>93</ns3:cad>
          </ns3:TrackPointExtension>
        </extensions>
      </trkpt>
      <trkpt lat="40.4043582268059253692626953125" lon="116.68425452895462512969970703125">
        <ele>84.40000152587890625</ele>
        <time>2026-09-03T10:54:08.000Z</time>
        <extensions>
          <ns3:TrackPointExtension>
            <ns3:hr>191</ns3:hr>
            <ns3:cad>93</ns3:cad>
          </ns3:TrackPointExtension>
        </extensions>
      </trkpt>
      <trkpt lat="40.40436266921460628509521484375" lon="116.68423458002507686614990234375">
        <ele>84.40000152587890625</ele>
        <time>2026-09-03T10:54:09.000Z</time>
        <extensions>
          <ns3:TrackPointExtension>
            <ns3:hr>190</ns3:hr>
            <ns3:cad>93</ns3:cad>
          </ns3:TrackPointExtension>
        </extensions>
      </trkpt>
      <trkpt lat="40.40437121875584125518798828125" lon="116.68417967855930328369140625">
        <ele>84.40000152587890625</ele>
        <time>2026-09-03T10:54:10.000Z</time>
        <extensions>
          <ns3:TrackPointExtension>
            <ns3:hr>190</ns3:hr>
            <ns3:cad>93</ns3:cad>
          </ns3:TrackPointExtension>
        </extensions>
      </trkpt>
      <trkpt lat="40.40437406860291957855224609375" lon="116.68414254672825336456298828125">
        <ele>84.40000152587890625</ele>
        <time>2026-09-03T10:54:11.000Z</time>
        <extensions>
          <ns3:TrackPointExtension>
            <ns3:hr>191</ns3:hr>
            <ns3:cad>92</ns3:cad>
          </ns3:TrackPointExtension>
        </extensions>
      </trkpt>
      <trkpt lat="40.404373817145824432373046875" lon="116.6840899921953678131103515625">
        <ele>84.40000152587890625</ele>
        <time>2026-09-03T10:54:12.000Z</time>
        <extensions>
          <ns3:TrackPointExtension>
            <ns3:hr>191</ns3:hr>
            <ns3:cad>92</ns3:cad>
          </ns3:TrackPointExtension>
        </extensions>
      </trkpt>
      <trkpt lat="40.4043699614703655242919921875" lon="116.68404900468885898590087890625">
        <ele>84.40000152587890625</ele>
        <time>2026-09-03T10:54:13.000Z</time>
        <extensions>
          <ns3:TrackPointExtension>
            <ns3:hr>191</ns3:hr>
            <ns3:cad>92</ns3:cad>
          </ns3:TrackPointExtension>
        </extensions>
      </trkpt>
      <trkpt lat="40.40436216630041599273681640625" lon="116.6840048320591449737548828125">
        <ele>84.40000152587890625</ele>
        <time>2026-09-03T10:54:14.000Z</time>
        <extensions>
          <ns3:TrackPointExtension>
            <ns3:hr>190</ns3:hr>
            <ns3:cad>92</ns3:cad>
          </ns3:TrackPointExtension>
        </extensions>
      </trkpt>
      <trkpt lat="40.40434992872178554534912109375" lon="116.68395780958235263824462890625">
        <ele>84.40000152587890625</ele>
        <time>2026-09-03T10:54:15.000Z</time>
        <extensions>
          <ns3:TrackPointExtension>
            <ns3:hr>190</ns3:hr>
            <ns3:cad>92</ns3:cad>
          </ns3:TrackPointExtension>
        </extensions>
      </trkpt>
      <trkpt lat="40.4043334163725376129150390625" lon="116.6839121282100677490234375">
        <ele>84.40000152587890625</ele>
        <time>2026-09-03T10:54:16.000Z</time>
        <extensions>
          <ns3:TrackPointExtension>
            <ns3:hr>190</ns3:hr>
            <ns3:cad>91</ns3:cad>
          </ns3:TrackPointExtension>
        </extensions>
      </trkpt>
      <trkpt lat="40.4043119587004184722900390625" lon="116.68386728502810001373291015625">
        <ele>84.40000152587890625</ele>
        <time>2026-09-03T10:54:17.000Z</time>
        <extensions>
          <ns3:TrackPointExtension>
            <ns3:hr>190</ns3:hr>
            <ns3:cad>91</ns3:cad>
          </ns3:TrackPointExtension>
        </extensions>
      </trkpt>
      <trkpt lat="40.4042928479611873626708984375" lon="116.683835685253143310546875">
        <ele>84.40000152587890625</ele>
        <time>2026-09-03T10:54:18.000Z</time>
        <extensions>
          <ns3:TrackPointExtension>
            <ns3:hr>190</ns3:hr>
            <ns3:cad>91</ns3:cad>
          </ns3:TrackPointExtension>
        </extensions>
      </trkpt>
      <trkpt lat="40.40425688959658145904541015625" lon="116.6837889142334461212158203125">
        <ele>84.40000152587890625</ele>
        <time>2026-09-03T10:54:19.000Z</time>
        <extensions>
          <ns3:TrackPointExtension>
            <ns3:hr>190</ns3:hr>
            <ns3:cad>92</ns3:cad>
          </ns3:TrackPointExtension>
        </extensions>
      </trkpt>
      <trkpt lat="40.4042378626763820648193359375" lon="116.68377072550356388092041015625">
        <ele>84.40000152587890625</ele>
        <time>2026-09-03T10:54:20.000Z</time>
        <extensions>
          <ns3:TrackPointExtension>
            <ns3:hr>190</ns3:hr>
            <ns3:cad>92</ns3:cad>
          </ns3:TrackPointExtension>
        </extensions>
      </trkpt>
      <trkpt lat="40.40419352240860462188720703125" lon="116.68373518623411655426025390625">
        <ele>84.40000152587890625</ele>
        <time>2026-09-03T10:54:21.000Z</time>
        <extensions>
          <ns3:TrackPointExtension>
            <ns3:hr>190</ns3:hr>
            <ns3:cad>92</ns3:cad>
          </ns3:TrackPointExtension>
        </extensions>
      </trkpt>
      <trkpt lat="40.4041721485555171966552734375" lon="116.683722026646137237548828125">
        <ele>84.40000152587890625</ele>
        <time>2026-09-03T10:54:22.000Z</time>
        <extensions>
          <ns3:TrackPointExtension>
            <ns3:hr>191</ns3:hr>
            <ns3:cad>92</ns3:cad>
          </ns3:TrackPointExtension>
        </extensions>
      </trkpt>
      <trkpt lat="40.40411707945168018341064453125" lon="116.6836993955075740814208984375">
        <ele>84.40000152587890625</ele>
        <time>2026-09-03T10:54:23.000Z</time>
        <extensions>
          <ns3:TrackPointExtension>
            <ns3:hr>190</ns3:hr>
            <ns3:cad>92</ns3:cad>
          </ns3:TrackPointExtension>
        </extensions>
      </trkpt>
      <trkpt lat="40.4041017405688762664794921875" lon="116.68369495309889316558837890625">
        <ele>84.40000152587890625</ele>
        <time>2026-09-03T10:54:24.000Z</time>
        <extensions>
          <ns3:TrackPointExtension>
            <ns3:hr>191</ns3:hr>
            <ns3:cad>92</ns3:cad>
          </ns3:TrackPointExtension>
        </extensions>
      </trkpt>
      <trkpt lat="40.40404281578958034515380859375" lon="116.68368791230022907257080078125">
        <ele>84.40000152587890625</ele>
        <time>2026-09-03T10:54:25.000Z</time>
        <extensions>
          <ns3:TrackPointExtension>
            <ns3:hr>191</ns3:hr>
            <ns3:cad>90</ns3:cad>
          </ns3:TrackPointExtension>
        </extensions>
      </trkpt>
      <trkpt lat="40.40402839891612529754638671875" lon="116.68368774466216564178466796875">
        <ele>84.40000152587890625</ele>
        <time>2026-09-03T10:54:26.000Z</time>
        <extensions>
          <ns3:TrackPointExtension>
            <ns3:hr>191</ns3:hr>
            <ns3:cad>90</ns3:cad>
          </ns3:TrackPointExtension>
        </extensions>
      </trkpt>
      <trkpt lat="40.403976850211620330810546875" lon="116.68368690647184848785400390625">
        <ele>84.40000152587890625</ele>
        <time>2026-09-03T10:54:27.000Z</time>
        <extensions>
          <ns3:TrackPointExtension>
            <ns3:hr>190</ns3:hr>
            <ns3:cad>92</ns3:cad>
          </ns3:TrackPointExtension>
        </extensions>
      </trkpt>
      <trkpt lat="40.403956733644008636474609375" lon="116.68368657119572162628173828125">
        <ele>84.40000152587890625</ele>
        <time>2026-09-03T10:54:28.000Z</time>
        <extensions>
          <ns3:TrackPointExtension>
            <ns3:hr>191</ns3:hr>
            <ns3:cad>93</ns3:cad>
          </ns3:TrackPointExtension>
        </extensions>
      </trkpt>
      <trkpt lat="40.40390769951045513153076171875" lon="116.683685816824436187744140625">
        <ele>84.40000152587890625</ele>
        <time>2026-09-03T10:54:29.000Z</time>
        <extensions>
          <ns3:TrackPointExtension>
            <ns3:hr>191</ns3:hr>
            <ns3:cad>93</ns3:cad>
          </ns3:TrackPointExtension>
        </extensions>
      </trkpt>
      <trkpt lat="40.4038779437541961669921875" lon="116.68368539772927761077880859375">
        <ele>84.40000152587890625</ele>
        <time>2026-09-03T10:54:30.000Z</time>
        <extensions>
          <ns3:TrackPointExtension>
            <ns3:hr>190</ns3:hr>
            <ns3:cad>92</ns3:cad>
          </ns3:TrackPointExtension>
        </extensions>
      </trkpt>
      <trkpt lat="40.4038214497268199920654296875" lon="116.683684475719928741455078125">
        <ele>84.40000152587890625</ele>
        <time>2026-09-03T10:54:31.000Z</time>
        <extensions>
          <ns3:TrackPointExtension>
            <ns3:hr>191</ns3:hr>
            <ns3:cad>92</ns3:cad>
          </ns3:TrackPointExtension>
        </extensions>
      </trkpt>
      <trkpt lat="40.403784401714801788330078125" lon="116.68368388898670673370361328125">
        <ele>84.40000152587890625</ele>
        <time>2026-09-03T10:54:32.000Z</time>
        <extensions>
          <ns3:TrackPointExtension>
            <ns3:hr>190</ns3:hr>
            <ns3:cad>92</ns3:cad>
          </ns3:TrackPointExtension>
        </extensions>
      </trkpt>
      <trkpt lat="40.4037456773221492767333984375" lon="116.6836833022534847259521484375">
        <ele>84.40000152587890625</ele>
        <time>2026-09-03T10:54:33.000Z</time>
        <extensions>
          <ns3:TrackPointExtension>
            <ns3:hr>190</ns3:hr>
            <ns3:cad>92</ns3:cad>
          </ns3:TrackPointExtension>
        </extensions>
      </trkpt>
      <trkpt lat="40.40369764901697635650634765625" lon="116.68368254788219928741455078125">
        <ele>84.40000152587890625</ele>
        <time>2026-09-03T10:54:34.000Z</time>
        <extensions>
          <ns3:TrackPointExtension>
            <ns3:hr>190</ns3:hr>
            <ns3:cad>92</ns3:cad>
          </ns3:TrackPointExtension>
        </extensions>
      </trkpt>
      <trkpt lat="40.40366680361330509185791015625" lon="116.68368212878704071044921875">
        <ele>84.40000152587890625</ele>
        <time>2026-09-03T10:54:35.000Z</time>
        <extensions>
          <ns3:TrackPointExtension>
            <ns3:hr>190</ns3:hr>
            <ns3:cad>92</ns3:cad>
          </ns3:TrackPointExtension>
        </extensions>
      </trkpt>
      <trkpt lat="40.4036124050617218017578125" lon="116.68368120677769184112548828125">
        <ele>84.40000152587890625</ele>
        <time>2026-09-03T10:54:36.000Z</time>
        <extensions>
          <ns3:TrackPointExtension>
            <ns3:hr>190</ns3:hr>
            <ns3:cad>92</ns3:cad>
          </ns3:TrackPointExtension>
        </extensions>
      </trkpt>
      <trkpt lat="40.4035914503037929534912109375" lon="116.6836809553205966949462890625">
        <ele>84.40000152587890625</ele>
        <time>2026-09-03T10:54:37.000Z</time>
        <extensions>
          <ns3:TrackPointExtension>
            <ns3:hr>189</ns3:hr>
            <ns3:cad>92</ns3:cad>
          </ns3:TrackPointExtension>
        </extensions>
      </trkpt>
      <trkpt lat="40.40352866984903812408447265625" lon="116.6836799494922161102294921875">
        <ele>84.40000152587890625</ele>
        <time>2026-09-03T10:54:38.000Z</time>
        <extensions>
          <ns3:TrackPointExtension>
            <ns3:hr>190</ns3:hr>
            <ns3:cad>92</ns3:cad>
          </ns3:TrackPointExtension>
        </extensions>
      </trkpt>
      <trkpt lat="40.4035072959959506988525390625" lon="116.6836796142160892486572265625">
        <ele>84.40000152587890625</ele>
        <time>2026-09-03T10:54:39.000Z</time>
        <extensions>
          <ns3:TrackPointExtension>
            <ns3:hr>190</ns3:hr>
            <ns3:cad>92</ns3:cad>
          </ns3:TrackPointExtension>
        </extensions>
      </trkpt>
      <trkpt lat="40.4034472815692424774169921875" lon="116.68367869220674037933349609375">
        <ele>84.40000152587890625</ele>
        <time>2026-09-03T10:54:40.000Z</time>
        <extensions>
          <ns3:TrackPointExtension>
            <ns3:hr>189</ns3:hr>
            <ns3:cad>92</ns3:cad>
          </ns3:TrackPointExtension>
        </extensions>
      </trkpt>
      <trkpt lat="40.40342825464904308319091796875" lon="116.68367835693061351776123046875">
        <ele>84.40000152587890625</ele>
        <time>2026-09-03T10:54:41.000Z</time>
        <extensions>
          <ns3:TrackPointExtension>
            <ns3:hr>190</ns3:hr>
            <ns3:cad>92</ns3:cad>
          </ns3:TrackPointExtension>
        </extensions>
      </trkpt>
      <trkpt lat="40.4033688269555568695068359375" lon="116.6836774349212646484375">
        <ele>84.40000152587890625</ele>
        <time>2026-09-03T10:54:42.000Z</time>
        <extensions>
          <ns3:TrackPointExtension>
            <ns3:hr>190</ns3:hr>
            <ns3:cad>92</ns3:cad>
          </ns3:TrackPointExtension>
        </extensions>
      </trkpt>
      <trkpt lat="40.40334074757993221282958984375" lon="116.68367701582610607147216796875">
        <ele>84.40000152587890625</ele>
        <time>2026-09-03T10:54:43.000Z</time>
        <extensions>
          <ns3:TrackPointExtension>
            <ns3:hr>190</ns3:hr>
            <ns3:cad>92</ns3:cad>
          </ns3:TrackPointExtension>
        </extensions>
      </trkpt>
      <trkpt lat="40.40328760631382465362548828125" lon="116.6836762614548206329345703125">
        <ele>84.40000152587890625</ele>
        <time>2026-09-03T10:54:44.000Z</time>
        <extensions>
          <ns3:TrackPointExtension>
            <ns3:hr>189</ns3:hr>
            <ns3:cad>92</ns3:cad>
          </ns3:TrackPointExtension>
        </extensions>
      </trkpt>
      <trkpt lat="40.40325592271983623504638671875" lon="116.6836786083877086639404296875">
        <ele>84.40000152587890625</ele>
        <time>2026-09-03T10:54:45.000Z</time>
        <extensions>
          <ns3:TrackPointExtension>
            <ns3:hr>189</ns3:hr>
            <ns3:cad>92</ns3:cad>
          </ns3:TrackPointExtension>
        </extensions>
      </trkpt>
      <trkpt lat="40.40319641120731830596923828125" lon="116.6836920194327831268310546875">
        <ele>84.40000152587890625</ele>
        <time>2026-09-03T10:54:46.000Z</time>
        <extensions>
          <ns3:TrackPointExtension>
            <ns3:hr>188</ns3:hr>
            <ns3:cad>92</ns3:cad>
          </ns3:TrackPointExtension>
        </extensions>
      </trkpt>
      <trkpt lat="40.40315969847142696380615234375" lon="116.683708615601062774658203125">
        <ele>84.40000152587890625</ele>
        <time>2026-09-03T10:54:47.000Z</time>
        <extensions>
          <ns3:TrackPointExtension>
            <ns3:hr>186</ns3:hr>
            <ns3:cad>92</ns3:cad>
          </ns3:TrackPointExtension>
        </extensions>
      </trkpt>
      <trkpt lat="40.40311493910849094390869140625" lon="116.68373786844313144683837890625">
        <ele>84.40000152587890625</ele>
        <time>2026-09-03T10:54:48.000Z</time>
        <extensions>
          <ns3:TrackPointExtension>
            <ns3:hr>185</ns3:hr>
            <ns3:cad>91</ns3:cad>
          </ns3:TrackPointExtension>
        </extensions>
      </trkpt>
      <trkpt lat="40.403078980743885040283203125" lon="116.68377039022743701934814453125">
        <ele>84.40000152587890625</ele>
        <time>2026-09-03T10:54:49.000Z</time>
        <extensions>
          <ns3:TrackPointExtension>
            <ns3:hr>185</ns3:hr>
            <ns3:cad>91</ns3:cad>
          </ns3:TrackPointExtension>
        </extensions>
      </trkpt>
      <trkpt lat="40.403053499758243560791015625" lon="116.68380090035498142242431640625">
        <ele>84.40000152587890625</ele>
        <time>2026-09-03T10:54:50.000Z</time>
        <extensions>
          <ns3:TrackPointExtension>
            <ns3:hr>185</ns3:hr>
            <ns3:cad>91</ns3:cad>
          </ns3:TrackPointExtension>
        </extensions>
      </trkpt>
      <trkpt lat="40.40301016531884670257568359375" lon="116.68387013487517833709716796875">
        <ele>84.40000152587890625</ele>
        <time>2026-09-03T10:54:51.000Z</time>
        <extensions>
          <ns3:TrackPointExtension>
            <ns3:hr>185</ns3:hr>
            <ns3:cad>91</ns3:cad>
          </ns3:TrackPointExtension>
        </extensions>
      </trkpt>
      <trkpt lat="40.40299859829246997833251953125" lon="116.68389444239437580108642578125">
        <ele>84.40000152587890625</ele>
        <time>2026-09-03T10:54:52.000Z</time>
        <extensions>
          <ns3:TrackPointExtension>
            <ns3:hr>184</ns3:hr>
            <ns3:cad>91</ns3:cad>
          </ns3:TrackPointExtension>
        </extensions>
      </trkpt>
      <trkpt lat="40.40297227911651134490966796875" lon="116.68397155590355396270751953125">
        <ele>84.40000152587890625</ele>
        <time>2026-09-03T10:54:53.000Z</time>
        <extensions>
          <ns3:TrackPointExtension>
            <ns3:hr>184</ns3:hr>
            <ns3:cad>91</ns3:cad>
          </ns3:TrackPointExtension>
        </extensions>
      </trkpt>
      <trkpt lat="40.40296624414622783660888671875" lon="116.68399862945079803466796875">
        <ele>84.40000152587890625</ele>
        <time>2026-09-03T10:54:54.000Z</time>
        <extensions>
          <ns3:TrackPointExtension>
            <ns3:hr>185</ns3:hr>
            <ns3:cad>91</ns3:cad>
          </ns3:TrackPointExtension>
        </extensions>
      </trkpt>
      <trkpt lat="40.40295568294823169708251953125" lon="116.68408202938735485076904296875">
        <ele>84.40000152587890625</ele>
        <time>2026-09-03T10:54:55.000Z</time>
        <extensions>
          <ns3:TrackPointExtension>
            <ns3:hr>185</ns3:hr>
            <ns3:cad>91</ns3:cad>
          </ns3:TrackPointExtension>
        </extensions>
      </trkpt>
      <trkpt lat="40.4029554314911365509033203125" lon="116.6841097734868526458740234375">
        <ele>84.40000152587890625</ele>
        <time>2026-09-03T10:54:56.000Z</time>
        <extensions>
          <ns3:TrackPointExtension>
            <ns3:hr>185</ns3:hr>
            <ns3:cad>91</ns3:cad>
          </ns3:TrackPointExtension>
        </extensions>
      </trkpt>
      <trkpt lat="40.40296272374689579010009765625" lon="116.68420138768851757049560546875">
        <ele>84.40000152587890625</ele>
        <time>2026-09-03T10:54:57.000Z</time>
        <extensions>
          <ns3:TrackPointExtension>
            <ns3:hr>185</ns3:hr>
            <ns3:cad>91</ns3:cad>
          </ns3:TrackPointExtension>
        </extensions>
      </trkpt>
      <trkpt lat="40.40296976454555988311767578125" lon="116.68423608876764774322509765625">
        <ele>84.40000152587890625</ele>
        <time>2026-09-03T10:54:58.000Z</time>
        <extensions>
          <ns3:TrackPointExtension>
            <ns3:hr>185</ns3:hr>
            <ns3:cad>91</ns3:cad>
          </ns3:TrackPointExtension>
        </extensions>
      </trkpt>
      <trkpt lat="40.40299323387444019317626953125" lon="116.68431102298200130462646484375">
        <ele>84.40000152587890625</ele>
        <time>2026-09-03T10:54:59.000Z</time>
        <extensions>
          <ns3:TrackPointExtension>
            <ns3:hr>185</ns3:hr>
            <ns3:cad>91</ns3:cad>
          </ns3:TrackPointExtension>
        </extensions>
      </trkpt>
      <trkpt lat="40.4030084051191806793212890625" lon="116.6843448020517826080322265625">
        <ele>84.40000152587890625</ele>
        <time>2026-09-03T10:55:00.000Z</time>
        <extensions>
          <ns3:TrackPointExtension>
            <ns3:hr>185</ns3:hr>
            <ns3:cad>93</ns3:cad>
          </ns3:TrackPointExtension>
        </extensions>
      </trkpt>
      <trkpt lat="40.4030395857989788055419921875" lon="116.68439869768917560577392578125">
        <ele>84.40000152587890625</ele>
        <time>2026-09-03T10:55:01.000Z</time>
        <extensions>
          <ns3:TrackPointExtension>
            <ns3:hr>185</ns3:hr>
            <ns3:cad>93</ns3:cad>
          </ns3:TrackPointExtension>
        </extensions>
      </trkpt>
      <trkpt lat="40.403067581355571746826171875" lon="116.6844343207776546478271484375">
        <ele>84.40000152587890625</ele>
        <time>2026-09-03T10:55:02.000Z</time>
        <extensions>
          <ns3:TrackPointExtension>
            <ns3:hr>185</ns3:hr>
            <ns3:cad>93</ns3:cad>
          </ns3:TrackPointExtension>
        </extensions>
      </trkpt>
      <trkpt lat="40.4031069763004779815673828125" lon="116.6844735480844974517822265625">
        <ele>84.40000152587890625</ele>
        <time>2026-09-03T10:55:03.000Z</time>
        <extensions>
          <ns3:TrackPointExtension>
            <ns3:hr>184</ns3:hr>
            <ns3:cad>93</ns3:cad>
          </ns3:TrackPointExtension>
        </extensions>
      </trkpt>
      <trkpt lat="40.403143353760242462158203125" lon="116.6844996996223926544189453125">
        <ele>84.40000152587890625</ele>
        <time>2026-09-03T10:55:04.000Z</time>
        <extensions>
          <ns3:TrackPointExtension>
            <ns3:hr>185</ns3:hr>
            <ns3:cad>92</ns3:cad>
          </ns3:TrackPointExtension>
        </extensions>
      </trkpt>
      <trkpt lat="40.403181575238704681396484375" lon="116.68451956473290920257568359375">
        <ele>84.40000152587890625</ele>
        <time>2026-09-03T10:55:05.000Z</time>
        <extensions>
          <ns3:TrackPointExtension>
            <ns3:hr>185</ns3:hr>
            <ns3:cad>92</ns3:cad>
          </ns3:TrackPointExtension>
        </extensions>
      </trkpt>
      <trkpt lat="40.40320965461432933807373046875" lon="116.6845295391976833343505859375">
        <ele>84.40000152587890625</ele>
        <time>2026-09-03T10:55:06.000Z</time>
        <extensions>
          <ns3:TrackPointExtension>
            <ns3:hr>185</ns3:hr>
            <ns3:cad>91</ns3:cad>
          </ns3:TrackPointExtension>
        </extensions>
      </trkpt>
      <trkpt lat="40.40325491689145565032958984375" lon="116.68453909456729888916015625">
        <ele>84.40000152587890625</ele>
        <time>2026-09-03T10:55:07.000Z</time>
        <extensions>
          <ns3:TrackPointExtension>
            <ns3:hr>185</ns3:hr>
            <ns3:cad>91</ns3:cad>
          </ns3:TrackPointExtension>
        </extensions>
      </trkpt>
      <trkpt lat="40.40328542701900005340576171875" lon="116.68454186059534549713134765625">
        <ele>84.40000152587890625</ele>
        <time>2026-09-03T10:55:08.000Z</time>
        <extensions>
          <ns3:TrackPointExtension>
            <ns3:hr>185</ns3:hr>
            <ns3:cad>90</ns3:cad>
          </ns3:TrackPointExtension>
        </extensions>
      </trkpt>
      <trkpt lat="40.403330437839031219482421875" lon="116.6845426149666309356689453125">
        <ele>84.40000152587890625</ele>
        <time>2026-09-03T10:55:09.000Z</time>
        <extensions>
          <ns3:TrackPointExtension>
            <ns3:hr>186</ns3:hr>
            <ns3:cad>90</ns3:cad>
          </ns3:TrackPointExtension>
        </extensions>
      </trkpt>
      <trkpt lat="40.403375364840030670166015625" lon="116.6845432855188846588134765625">
        <ele>84.40000152587890625</ele>
        <time>2026-09-03T10:55:10.000Z</time>
        <extensions>
          <ns3:TrackPointExtension>
            <ns3:hr>186</ns3:hr>
            <ns3:cad>90</ns3:cad>
          </ns3:TrackPointExtension>
        </extensions>
      </trkpt>
      <trkpt lat="40.40341132320463657379150390625" lon="116.68454387225210666656494140625">
        <ele>84.40000152587890625</ele>
        <time>2026-09-03T10:55:11.000Z</time>
        <extensions>
          <ns3:TrackPointExtension>
            <ns3:hr>186</ns3:hr>
            <ns3:cad>90</ns3:cad>
          </ns3:TrackPointExtension>
        </extensions>
      </trkpt>
      <trkpt lat="40.4034580104053020477294921875" lon="116.68454454280436038970947265625">
        <ele>84.40000152587890625</ele>
        <time>2026-09-03T10:55:12.000Z</time>
        <extensions>
          <ns3:TrackPointExtension>
            <ns3:hr>186</ns3:hr>
            <ns3:cad>90</ns3:cad>
          </ns3:TrackPointExtension>
        </extensions>
      </trkpt>
      <trkpt lat="40.403496064245700836181640625" lon="116.6845451295375823974609375">
        <ele>84.40000152587890625</ele>
        <time>2026-09-03T10:55:13.000Z</time>
        <extensions>
          <ns3:TrackPointExtension>
            <ns3:hr>186</ns3:hr>
            <ns3:cad>90</ns3:cad>
          </ns3:TrackPointExtension>
        </extensions>
      </trkpt>
      <trkpt lat="40.40355163626372814178466796875" lon="116.68454605154693126678466796875">
        <ele>84.40000152587890625</ele>
        <time>2026-09-03T10:55:14.000Z</time>
        <extensions>
          <ns3:TrackPointExtension>
            <ns3:hr>186</ns3:hr>
            <ns3:cad>90</ns3:cad>
          </ns3:TrackPointExtension>
        </extensions>
      </trkpt>
      <trkpt lat="40.40357175283133983612060546875" lon="116.68454638682305812835693359375">
        <ele>84.40000152587890625</ele>
        <time>2026-09-03T10:55:15.000Z</time>
        <extensions>
          <ns3:TrackPointExtension>
            <ns3:hr>186</ns3:hr>
            <ns3:cad>92</ns3:cad>
          </ns3:TrackPointExtension>
        </extensions>
      </trkpt>
      <trkpt lat="40.40362841449677944183349609375" lon="116.68454722501337528228759765625">
        <ele>84.40000152587890625</ele>
        <time>2026-09-03T10:55:16.000Z</time>
        <extensions>
          <ns3:TrackPointExtension>
            <ns3:hr>185</ns3:hr>
            <ns3:cad>92</ns3:cad>
          </ns3:TrackPointExtension>
        </extensions>
      </trkpt>
      <trkpt lat="40.40365867316722869873046875" lon="116.68454772792756557464599609375">
        <ele>84.40000152587890625</ele>
        <time>2026-09-03T10:55:17.000Z</time>
        <extensions>
          <ns3:TrackPointExtension>
            <ns3:hr>184</ns3:hr>
            <ns3:cad>92</ns3:cad>
          </ns3:TrackPointExtension>
        </extensions>
      </trkpt>
      <trkpt lat="40.40370720438659191131591796875" lon="116.68454848229885101318359375">
        <ele>84.40000152587890625</ele>
        <time>2026-09-03T10:55:18.000Z</time>
        <extensions>
          <ns3:TrackPointExtension>
            <ns3:hr>184</ns3:hr>
            <ns3:cad>92</ns3:cad>
          </ns3:TrackPointExtension>
        </extensions>
      </trkpt>
      <trkpt lat="40.4037232138216495513916015625" lon="116.68454873375594615936279296875">
        <ele>84.40000152587890625</ele>
        <time>2026-09-03T10:55:19.000Z</time>
        <extensions>
          <ns3:TrackPointExtension>
            <ns3:hr>183</ns3:hr>
            <ns3:cad>92</ns3:cad>
          </ns3:TrackPointExtension>
        </extensions>
      </trkpt>
      <trkpt lat="40.40378884412348270416259765625" lon="116.68454973958432674407958984375">
        <ele>84.40000152587890625</ele>
        <time>2026-09-03T10:55:20.000Z</time>
        <extensions>
          <ns3:TrackPointExtension>
            <ns3:hr>183</ns3:hr>
            <ns3:cad>92</ns3:cad>
          </ns3:TrackPointExtension>
        </extensions>
      </trkpt>
      <trkpt lat="40.403805188834667205810546875" lon="116.6845499910414218902587890625">
        <ele>84.40000152587890625</ele>
        <time>2026-09-03T10:55:21.000Z</time>
        <extensions>
          <ns3:TrackPointExtension>
            <ns3:hr>183</ns3:hr>
            <ns3:cad>92</ns3:cad>
          </ns3:TrackPointExtension>
        </extensions>
      </trkpt>
      <trkpt lat="40.40387148968875408172607421875" lon="116.6845509968698024749755859375">
        <ele>84.40000152587890625</ele>
        <time>2026-09-03T10:55:22.000Z</time>
        <extensions>
          <ns3:TrackPointExtension>
            <ns3:hr>184</ns3:hr>
            <ns3:cad>92</ns3:cad>
          </ns3:TrackPointExtension>
        </extensions>
      </trkpt>
      <trkpt lat="40.4038915224373340606689453125" lon="116.6845513321459293365478515625">
        <ele>84.40000152587890625</ele>
        <time>2026-09-03T10:55:23.000Z</time>
        <extensions>
          <ns3:TrackPointExtension>
            <ns3:hr>184</ns3:hr>
            <ns3:cad>92</ns3:cad>
          </ns3:TrackPointExtension>
        </extensions>
      </trkpt>
      <trkpt lat="40.40395195595920085906982421875" lon="116.68455225415527820587158203125">
        <ele>84.40000152587890625</ele>
        <time>2026-09-03T10:55:24.000Z</time>
        <extensions>
          <ns3:TrackPointExtension>
            <ns3:hr>184</ns3:hr>
            <ns3:cad>92</ns3:cad>
          </ns3:TrackPointExtension>
        </extensions>
      </trkpt>
      <trkpt lat="40.4039709828794002532958984375" lon="116.68455258943140506744384765625">
        <ele>84.40000152587890625</ele>
        <time>2026-09-03T10:55:25.000Z</time>
        <extensions>
          <ns3:TrackPointExtension>
            <ns3:hr>185</ns3:hr>
            <ns3:cad>92</ns3:cad>
          </ns3:TrackPointExtension>
        </extensions>
      </trkpt>
      <trkpt lat="40.404038541018962860107421875" lon="116.68455359525978565216064453125">
        <ele>84.40000152587890625</ele>
        <time>2026-09-03T10:55:26.000Z</time>
        <extensions>
          <ns3:TrackPointExtension>
            <ns3:hr>185</ns3:hr>
            <ns3:cad>91</ns3:cad>
          </ns3:TrackPointExtension>
        </extensions>
      </trkpt>
      <trkpt lat="40.40405455045402050018310546875" lon="116.6845526732504367828369140625">
        <ele>84.40000152587890625</ele>
        <time>2026-09-03T10:55:27.000Z</time>
        <extensions>
          <ns3:TrackPointExtension>
            <ns3:hr>184</ns3:hr>
            <ns3:cad>91</ns3:cad>
          </ns3:TrackPointExtension>
        </extensions>
      </trkpt>
      <trkpt lat="40.40411674417555332183837890625" lon="116.68454253114759922027587890625">
        <ele>84.40000152587890625</ele>
        <time>2026-09-03T10:55:28.000Z</time>
        <extensions>
          <ns3:TrackPointExtension>
            <ns3:hr>184</ns3:hr>
            <ns3:cad>91</ns3:cad>
          </ns3:TrackPointExtension>
        </extensions>
      </trkpt>
      <trkpt lat="40.4041359387338161468505859375" lon="116.6845365799963474273681640625">
        <ele>84.40000152587890625</ele>
        <time>2026-09-03T10:55:29.000Z</time>
        <extensions>
          <ns3:TrackPointExtension>
            <ns3:hr>184</ns3:hr>
            <ns3:cad>90</ns3:cad>
          </ns3:TrackPointExtension>
        </extensions>
      </trkpt>
      <trkpt lat="40.40416116826236248016357421875" lon="116.68452526442706584930419921875">
        <ele>84.40000152587890625</ele>
        <time>2026-09-03T10:55:30.000Z</time>
        <extensions>
          <ns3:TrackPointExtension>
            <ns3:hr>183</ns3:hr>
            <ns3:cad>90</ns3:cad>
          </ns3:TrackPointExtension>
        </extensions>
      </trkpt>
      <trkpt lat="40.4041926003992557525634765625" lon="116.68450699187815189361572265625">
        <ele>84.40000152587890625</ele>
        <time>2026-09-03T10:55:31.000Z</time>
        <extensions>
          <ns3:TrackPointExtension>
            <ns3:hr>183</ns3:hr>
            <ns3:cad>90</ns3:cad>
          </ns3:TrackPointExtension>
        </extensions>
      </trkpt>
      <trkpt lat="40.4042051732540130615234375" lon="116.6844986937940120697021484375">
        <ele>84.40000152587890625</ele>
        <time>2026-09-03T10:55:32.000Z</time>
        <extensions>
          <ns3:TrackPointExtension>
            <ns3:hr>182</ns3:hr>
            <ns3:cad>90</ns3:cad>
          </ns3:TrackPointExtension>
        </extensions>
      </trkpt>
      <trkpt lat="40.40420961566269397735595703125" lon="116.68449576012790203094482421875">
        <ele>84.40000152587890625</ele>
        <time>2026-09-03T10:55:33.000Z</time>
        <extensions>
          <ns3:TrackPointExtension>
            <ns3:hr>183</ns3:hr>
            <ns3:cad>0</ns3:cad>
          </ns3:TrackPointExtension>
        </extensions>
      </trkpt>
      <trkpt lat="40.4042190872132778167724609375" lon="116.68448804877698421478271484375">
        <ele>84.40000152587890625</ele>
        <time>2026-09-03T10:55:34.000Z</time>
        <extensions>
          <ns3:TrackPointExtension>
            <ns3:hr>183</ns3:hr>
            <ns3:cad>0</ns3:cad>
          </ns3:TrackPointExtension>
        </extensions>
      </trkpt>
      <trkpt lat="40.40422688238322734832763671875" lon="116.68448100797832012176513671875">
        <ele>84.40000152587890625</ele>
        <time>2026-09-03T10:55:35.000Z</time>
        <extensions>
          <ns3:TrackPointExtension>
            <ns3:hr>183</ns3:hr>
            <ns3:cad>0</ns3:cad>
          </ns3:TrackPointExtension>
        </extensions>
      </trkpt>
      <trkpt lat="40.4042324982583522796630859375" lon="116.6844758950173854827880859375">
        <ele>84.40000152587890625</ele>
        <time>2026-09-03T10:55:36.000Z</time>
        <extensions>
          <ns3:TrackPointExtension>
            <ns3:hr>182</ns3:hr>
            <ns3:cad>0</ns3:cad>
          </ns3:TrackPointExtension>
        </extensions>
      </trkpt>
      <trkpt lat="40.4042459093034267425537109375" lon="116.6844638250768184661865234375">
        <ele>84.40000152587890625</ele>
        <time>2026-09-03T10:55:37.000Z</time>
        <extensions>
          <ns3:TrackPointExtension>
            <ns3:hr>183</ns3:hr>
            <ns3:cad>0</ns3:cad>
          </ns3:TrackPointExtension>
        </extensions>
      </trkpt>
      <trkpt lat="40.40424901060760021209716796875" lon="116.68446105904877185821533203125">
        <ele>84.40000152587890625</ele>
        <time>2026-09-03T10:55:38.000Z</time>
        <extensions>
          <ns3:TrackPointExtension>
            <ns3:hr>182</ns3:hr>
            <ns3:cad>0</ns3:cad>
          </ns3:TrackPointExtension>
        </extensions>
      </trkpt>
      <trkpt lat="40.40425420738756656646728515625" lon="116.68445527553558349609375">
        <ele>84.40000152587890625</ele>
        <time>2026-09-03T10:55:39.000Z</time>
        <extensions>
          <ns3:TrackPointExtension>
            <ns3:hr>181</ns3:hr>
            <ns3:cad>0</ns3:cad>
          </ns3:TrackPointExtension>
        </extensions>
      </trkpt>
      <trkpt lat="40.40426309220492839813232421875" lon="116.68444454669952392578125">
        <ele>84.40000152587890625</ele>
        <time>2026-09-03T10:55:40.000Z</time>
        <extensions>
          <ns3:TrackPointExtension>
            <ns3:hr>180</ns3:hr>
            <ns3:cad>0</ns3:cad>
          </ns3:TrackPointExtension>
        </extensions>
      </trkpt>
      <trkpt lat="40.40426963008940219879150390625" lon="116.6844366677105426788330078125">
        <ele>84.40000152587890625</ele>
        <time>2026-09-03T10:55:41.000Z</time>
        <extensions>
          <ns3:TrackPointExtension>
            <ns3:hr>179</ns3:hr>
            <ns3:cad>0</ns3:cad>
          </ns3:TrackPointExtension>
        </extensions>
      </trkpt>
      <trkpt lat="40.4042754136025905609130859375" lon="116.6844297945499420166015625">
        <ele>84.40000152587890625</ele>
        <time>2026-09-03T10:55:42.000Z</time>
        <extensions>
          <ns3:TrackPointExtension>
            <ns3:hr>179</ns3:hr>
            <ns3:cad>0</ns3:cad>
          </ns3:TrackPointExtension>
        </extensions>
      </trkpt>
      <trkpt lat="40.40428454987704753875732421875" lon="116.68441847898066043853759765625">
        <ele>84.40000152587890625</ele>
        <time>2026-09-03T10:55:43.000Z</time>
        <extensions>
          <ns3:TrackPointExtension>
            <ns3:hr>183</ns3:hr>
            <ns3:cad>0</ns3:cad>
          </ns3:TrackPointExtension>
        </extensions>
      </trkpt>
      <trkpt lat="40.4042864777147769927978515625" lon="116.68441546149551868438720703125">
        <ele>84.40000152587890625</ele>
        <time>2026-09-03T10:55:44.000Z</time>
        <extensions>
          <ns3:TrackPointExtension>
            <ns3:hr>186</ns3:hr>
            <ns3:cad>52</ns3:cad>
          </ns3:TrackPointExtension>
        </extensions>
      </trkpt>
      <trkpt lat="40.4042874835431575775146484375" lon="116.6844138689339160919189453125">
        <ele>84.40000152587890625</ele>
        <time>2026-09-03T10:55:45.000Z</time>
        <extensions>
          <ns3:TrackPointExtension>
            <ns3:hr>189</ns3:hr>
            <ns3:cad>52</ns3:cad>
          </ns3:TrackPointExtension>
        </extensions>
      </trkpt>
      <trkpt lat="40.40428589098155498504638671875" lon="116.68441629968583583831787109375">
        <ele>84.40000152587890625</ele>
        <time>2026-09-03T10:55:46.000Z</time>
        <extensions>
          <ns3:TrackPointExtension>
            <ns3:hr>188</ns3:hr>
            <ns3:cad>52</ns3:cad>
          </ns3:TrackPointExtension>
        </extensions>
      </trkpt>
      <trkpt lat="40.40429226122796535491943359375" lon="116.68440632522106170654296875">
        <ele>84.40000152587890625</ele>
        <time>2026-09-03T10:55:47.000Z</time>
        <extensions>
          <ns3:TrackPointExtension>
            <ns3:hr>188</ns3:hr>
            <ns3:cad>52</ns3:cad>
          </ns3:TrackPointExtension>
        </extensions>
      </trkpt>
      <trkpt lat="40.4043005593121051788330078125" lon="116.68439333327114582061767578125">
        <ele>84.40000152587890625</ele>
        <time>2026-09-03T10:55:48.000Z</time>
        <extensions>
          <ns3:TrackPointExtension>
            <ns3:hr>188</ns3:hr>
            <ns3:cad>56</ns3:cad>
          </ns3:TrackPointExtension>
        </extensions>
      </trkpt>
      <trkpt lat="40.40431422181427478790283203125" lon="116.68437070213258266448974609375">
        <ele>84.40000152587890625</ele>
        <time>2026-09-03T10:55:49.000Z</time>
        <extensions>
          <ns3:TrackPointExtension>
            <ns3:hr>187</ns3:hr>
            <ns3:cad>53</ns3:cad>
          </ns3:TrackPointExtension>
        </extensions>
      </trkpt>
      <trkpt lat="40.4043243639171123504638671875" lon="116.6843494959175586700439453125">
        <ele>84.40000152587890625</ele>
        <time>2026-09-03T10:55:50.000Z</time>
        <extensions>
          <ns3:TrackPointExtension>
            <ns3:hr>187</ns3:hr>
            <ns3:cad>53</ns3:cad>
          </ns3:TrackPointExtension>
        </extensions>
      </trkpt>
      <trkpt lat="40.40432712994515895843505859375" lon="116.684343628585338592529296875">
        <ele>84.40000152587890625</ele>
        <time>2026-09-03T10:55:51.000Z</time>
        <extensions>
          <ns3:TrackPointExtension>
            <ns3:hr>187</ns3:hr>
            <ns3:cad>53</ns3:cad>
          </ns3:TrackPointExtension>
        </extensions>
      </trkpt>
      <trkpt lat="40.4043280519545078277587890625" lon="116.68434170074760913848876953125">
        <ele>84.40000152587890625</ele>
        <time>2026-09-03T10:55:52.000Z</time>
        <extensions>
          <ns3:TrackPointExtension>
            <ns3:hr>186</ns3:hr>
            <ns3:cad>53</ns3:cad>
          </ns3:TrackPointExtension>
        </extensions>
      </trkpt>
      <trkpt lat="40.40432788431644439697265625" lon="116.6843421198427677154541015625">
        <ele>84.40000152587890625</ele>
        <time>2026-09-03T10:55:53.000Z</time>
        <extensions>
          <ns3:TrackPointExtension>
            <ns3:hr>186</ns3:hr>
            <ns3:cad>53</ns3:cad>
          </ns3:TrackPointExtension>
        </extensions>
      </trkpt>
      <trkpt lat="40.40432997979223728179931640625" lon="116.684337593615055084228515625">
        <ele>84.40000152587890625</ele>
        <time>2026-09-03T10:55:54.000Z</time>
        <extensions>
          <ns3:TrackPointExtension>
            <ns3:hr>185</ns3:hr>
            <ns3:cad>53</ns3:cad>
          </ns3:TrackPointExtension>
        </extensions>
      </trkpt>
      <trkpt lat="40.40433685295283794403076171875" lon="116.6843226738274097442626953125">
        <ele>84.40000152587890625</ele>
        <time>2026-09-03T10:55:55.000Z</time>
        <extensions>
          <ns3:TrackPointExtension>
            <ns3:hr>184</ns3:hr>
            <ns3:cad>53</ns3:cad>
          </ns3:TrackPointExtension>
        </extensions>
      </trkpt>
      <trkpt lat="40.40434129536151885986328125" lon="116.68430968187749385833740234375">
        <ele>84.40000152587890625</ele>
        <time>2026-09-03T10:55:56.000Z</time>
        <extensions>
          <ns3:TrackPointExtension>
            <ns3:hr>184</ns3:hr>
            <ns3:cad>53</ns3:cad>
          </ns3:TrackPointExtension>
        </extensions>
      </trkpt>
      <trkpt lat="40.40434841997921466827392578125" lon="116.6842888109385967254638671875">
        <ele>84.40000152587890625</ele>
        <time>2026-09-03T10:55:57.000Z</time>
        <extensions>
          <ns3:TrackPointExtension>
            <ns3:hr>183</ns3:hr>
            <ns3:cad>51</ns3:cad>
          </ns3:TrackPointExtension>
        </extensions>
      </trkpt>
      <trkpt lat="40.40435177274048328399658203125" lon="116.68427900411188602447509765625">
        <ele>84.40000152587890625</ele>
        <time>2026-09-03T10:55:58.000Z</time>
        <extensions>
          <ns3:TrackPointExtension>
            <ns3:hr>182</ns3:hr>
            <ns3:cad>51</ns3:cad>
          </ns3:TrackPointExtension>
        </extensions>
      </trkpt>
      <trkpt lat="40.4043578915297985076904296875" lon="116.68425612151622772216796875">
        <ele>84.40000152587890625</ele>
        <time>2026-09-03T10:55:59.000Z</time>
        <extensions>
          <ns3:TrackPointExtension>
            <ns3:hr>182</ns3:hr>
            <ns3:cad>51</ns3:cad>
          </ns3:TrackPointExtension>
        </extensions>
      </trkpt>
      <trkpt lat="40.40436132811009883880615234375" lon="116.6842405311763286590576171875">
        <ele>84.40000152587890625</ele>
        <time>2026-09-03T10:56:00.000Z</time>
        <extensions>
          <ns3:TrackPointExtension>
            <ns3:hr>181</ns3:hr>
            <ns3:cad>53</ns3:cad>
          </ns3:TrackPointExtension>
        </extensions>
      </trkpt>
      <trkpt lat="40.4043662734329700469970703125" lon="116.68421831913292407989501953125">
        <ele>84.40000152587890625</ele>
        <time>2026-09-03T10:56:01.000Z</time>
        <extensions>
          <ns3:TrackPointExtension>
            <ns3:hr>180</ns3:hr>
            <ns3:cad>55</ns3:cad>
          </ns3:TrackPointExtension>
        </extensions>
      </trkpt>
      <trkpt lat="40.40436870418488979339599609375" lon="116.68420155532658100128173828125">
        <ele>84.40000152587890625</ele>
        <time>2026-09-03T10:56:02.000Z</time>
        <extensions>
          <ns3:TrackPointExtension>
            <ns3:hr>179</ns3:hr>
            <ns3:cad>56</ns3:cad>
          </ns3:TrackPointExtension>
        </extensions>
      </trkpt>
      <trkpt lat="40.40437054820358753204345703125" lon="116.6841855458915233612060546875">
        <ele>84.40000152587890625</ele>
        <time>2026-09-03T10:56:03.000Z</time>
        <extensions>
          <ns3:TrackPointExtension>
            <ns3:hr>178</ns3:hr>
            <ns3:cad>57</ns3:cad>
          </ns3:TrackPointExtension>
        </extensions>
      </trkpt>
      <trkpt lat="40.40437205694615840911865234375" lon="116.68417205102741718292236328125">
        <ele>84.40000152587890625</ele>
        <time>2026-09-03T10:56:04.000Z</time>
        <extensions>
          <ns3:TrackPointExtension>
            <ns3:hr>177</ns3:hr>
            <ns3:cad>57</ns3:cad>
          </ns3:TrackPointExtension>
        </extensions>
      </trkpt>
      <trkpt lat="40.4043723084032535552978515625" lon="116.68416970409452915191650390625">
        <ele>84.40000152587890625</ele>
        <time>2026-09-03T10:56:05.000Z</time>
        <extensions>
          <ns3:TrackPointExtension>
            <ns3:hr>176</ns3:hr>
            <ns3:cad>57</ns3:cad>
          </ns3:TrackPointExtension>
        </extensions>
      </trkpt>
      <trkpt lat="40.40437390096485614776611328125" lon="116.6841536946594715118408203125">
        <ele>84.40000152587890625</ele>
        <time>2026-09-03T10:56:06.000Z</time>
        <extensions>
          <ns3:TrackPointExtension>
            <ns3:hr>175</ns3:hr>
            <ns3:cad>57</ns3:cad>
          </ns3:TrackPointExtension>
        </extensions>
      </trkpt>
      <trkpt lat="40.4043739847838878631591796875" lon="116.68414522893726825714111328125">
        <ele>84.40000152587890625</ele>
        <time>2026-09-03T10:56:07.000Z</time>
        <extensions>
          <ns3:TrackPointExtension>
            <ns3:hr>175</ns3:hr>
            <ns3:cad>57</ns3:cad>
          </ns3:TrackPointExtension>
        </extensions>
      </trkpt>
      <trkpt lat="40.4043741524219512939453125" lon="116.68413483537733554840087890625">
        <ele>84.40000152587890625</ele>
        <time>2026-09-03T10:56:08.000Z</time>
        <extensions>
          <ns3:TrackPointExtension>
            <ns3:hr>174</ns3:hr>
            <ns3:cad>56</ns3:cad>
          </ns3:TrackPointExtension>
        </extensions>
      </trkpt>
      <trkpt lat="40.4043741524219512939453125" lon="116.68413349427282810211181640625">
        <ele>84.40000152587890625</ele>
        <time>2026-09-03T10:56:09.000Z</time>
        <extensions>
          <ns3:TrackPointExtension>
            <ns3:hr>173</ns3:hr>
            <ns3:cad>56</ns3:cad>
          </ns3:TrackPointExtension>
        </extensions>
      </trkpt>
      <trkpt lat="40.4043741524219512939453125" lon="116.68412595055997371673583984375">
        <ele>84.40000152587890625</ele>
        <time>2026-09-03T10:56:10.000Z</time>
        <extensions>
          <ns3:TrackPointExtension>
            <ns3:hr>172</ns3:hr>
            <ns3:cad>57</ns3:cad>
          </ns3:TrackPointExtension>
        </extensions>
      </trkpt>
      <trkpt lat="40.4043743200600147247314453125" lon="116.68411471880972385406494140625">
        <ele>84.40000152587890625</ele>
        <time>2026-09-03T10:56:11.000Z</time>
        <extensions>
          <ns3:TrackPointExtension>
            <ns3:hr>172</ns3:hr>
            <ns3:cad>57</ns3:cad>
          </ns3:TrackPointExtension>
        </extensions>
      </trkpt>
      <trkpt lat="40.4043743200600147247314453125" lon="116.684116311371326446533203125">
        <ele>84.40000152587890625</ele>
        <time>2026-09-03T10:56:12.000Z</time>
        <extensions>
          <ns3:TrackPointExtension>
            <ns3:hr>171</ns3:hr>
            <ns3:cad>57</ns3:cad>
          </ns3:TrackPointExtension>
        </extensions>
      </trkpt>
      <trkpt lat="40.40437440387904644012451171875" lon="116.68409929610788822174072265625">
        <ele>84.40000152587890625</ele>
        <time>2026-09-03T10:56:13.000Z</time>
        <extensions>
          <ns3:TrackPointExtension>
            <ns3:hr>170</ns3:hr>
            <ns3:cad>57</ns3:cad>
          </ns3:TrackPointExtension>
        </extensions>
      </trkpt>
      <trkpt lat="40.40437255986034870147705078125" lon="116.6840765811502933502197265625">
        <ele>84.40000152587890625</ele>
        <time>2026-09-03T10:56:14.000Z</time>
        <extensions>
          <ns3:TrackPointExtension>
            <ns3:hr>170</ns3:hr>
            <ns3:cad>57</ns3:cad>
          </ns3:TrackPointExtension>
        </extensions>
      </trkpt>
      <trkpt lat="40.40437105111777782440185546875" lon="116.684060990810394287109375">
        <ele>84.40000152587890625</ele>
        <time>2026-09-03T10:56:15.000Z</time>
        <extensions>
          <ns3:TrackPointExtension>
            <ns3:hr>169</ns3:hr>
            <ns3:cad>56</ns3:cad>
          </ns3:TrackPointExtension>
        </extensions>
      </trkpt>
      <trkpt lat="40.40436652489006519317626953125" lon="116.6840262897312641143798828125">
        <ele>84.40000152587890625</ele>
        <time>2026-09-03T10:56:16.000Z</time>
        <extensions>
          <ns3:TrackPointExtension>
            <ns3:hr>167</ns3:hr>
            <ns3:cad>56</ns3:cad>
          </ns3:TrackPointExtension>
        </extensions>
      </trkpt>
      <trkpt lat="40.404361747205257415771484375" lon="116.68400290422141551971435546875">
        <ele>84.40000152587890625</ele>
        <time>2026-09-03T10:56:17.000Z</time>
        <extensions>
          <ns3:TrackPointExtension>
            <ns3:hr>166</ns3:hr>
            <ns3:cad>56</ns3:cad>
          </ns3:TrackPointExtension>
        </extensions>
      </trkpt>
      <trkpt lat="40.40436007082462310791015625" lon="116.68399452231824398040771484375">
        <ele>84.40000152587890625</ele>
        <time>2026-09-03T10:56:18.000Z</time>
        <extensions>
          <ns3:TrackPointExtension>
            <ns3:hr>165</ns3:hr>
            <ns3:cad>56</ns3:cad>
          </ns3:TrackPointExtension>
        </extensions>
      </trkpt>
      <trkpt lat="40.4043558798730373382568359375" lon="116.68397641740739345550537109375">
        <ele>84.40000152587890625</ele>
        <time>2026-09-03T10:56:19.000Z</time>
        <extensions>
          <ns3:TrackPointExtension>
            <ns3:hr>164</ns3:hr>
            <ns3:cad>57</ns3:cad>
          </ns3:TrackPointExtension>
        </extensions>
      </trkpt>
      <trkpt lat="40.40434858761727809906005859375" lon="116.683953702449798583984375">
        <ele>84.40000152587890625</ele>
        <time>2026-09-03T10:56:20.000Z</time>
        <extensions>
          <ns3:TrackPointExtension>
            <ns3:hr>163</ns3:hr>
            <ns3:cad>57</ns3:cad>
          </ns3:TrackPointExtension>
        </extensions>
      </trkpt>
      <trkpt lat="40.40434825234115123748779296875" lon="116.68395278044044971466064453125">
        <ele>84.40000152587890625</ele>
        <time>2026-09-03T10:56:21.000Z</time>
        <extensions>
          <ns3:TrackPointExtension>
            <ns3:hr>162</ns3:hr>
            <ns3:cad>56</ns3:cad>
          </ns3:TrackPointExtension>
        </extensions>
      </trkpt>
      <trkpt lat="40.4043444804847240447998046875" lon="116.68394096195697784423828125">
        <ele>84.40000152587890625</ele>
        <time>2026-09-03T10:56:22.000Z</time>
        <extensions>
          <ns3:TrackPointExtension>
            <ns3:hr>161</ns3:hr>
            <ns3:cad>56</ns3:cad>
          </ns3:TrackPointExtension>
        </extensions>
      </trkpt>
      <trkpt lat="40.40434121154248714447021484375" lon="116.6839307360351085662841796875">
        <ele>84.40000152587890625</ele>
        <time>2026-09-03T10:56:23.000Z</time>
        <extensions>
          <ns3:TrackPointExtension>
            <ns3:hr>161</ns3:hr>
            <ns3:cad>56</ns3:cad>
          </ns3:TrackPointExtension>
        </extensions>
      </trkpt>
      <trkpt lat="40.40433735586702823638916015625" lon="116.68392084538936614990234375">
        <ele>84.40000152587890625</ele>
        <time>2026-09-03T10:56:24.000Z</time>
        <extensions>
          <ns3:TrackPointExtension>
            <ns3:hr>160</ns3:hr>
            <ns3:cad>56</ns3:cad>
          </ns3:TrackPointExtension>
        </extensions>
      </trkpt>
      <trkpt lat="40.40433366782963275909423828125" lon="116.68391271494328975677490234375">
        <ele>84.40000152587890625</ele>
        <time>2026-09-03T10:56:25.000Z</time>
        <extensions>
          <ns3:TrackPointExtension>
            <ns3:hr>159</ns3:hr>
            <ns3:cad>56</ns3:cad>
          </ns3:TrackPointExtension>
        </extensions>
      </trkpt>
      <trkpt lat="40.4043303988873958587646484375" lon="116.68390533886849880218505859375">
        <ele>84.40000152587890625</ele>
        <time>2026-09-03T10:56:26.000Z</time>
        <extensions>
          <ns3:TrackPointExtension>
            <ns3:hr>158</ns3:hr>
            <ns3:cad>56</ns3:cad>
          </ns3:TrackPointExtension>
        </extensions>
      </trkpt>
      <trkpt lat="40.40432922542095184326171875" lon="116.683902740478515625">
        <ele>84.40000152587890625</ele>
        <time>2026-09-03T10:56:27.000Z</time>
        <extensions>
          <ns3:TrackPointExtension>
            <ns3:hr>158</ns3:hr>
            <ns3:cad>56</ns3:cad>
          </ns3:TrackPointExtension>
        </extensions>
      </trkpt>
      <trkpt lat="40.40432796813547611236572265625" lon="116.683900058269500732421875">
        <ele>84.40000152587890625</ele>
        <time>2026-09-03T10:56:28.000Z</time>
        <extensions>
          <ns3:TrackPointExtension>
            <ns3:hr>157</ns3:hr>
            <ns3:cad>57</ns3:cad>
          </ns3:TrackPointExtension>
        </extensions>
      </trkpt>
      <trkpt lat="40.40432612411677837371826171875" lon="116.68389595113694667816162109375">
        <ele>84.40000152587890625</ele>
        <time>2026-09-03T10:56:29.000Z</time>
        <extensions>
          <ns3:TrackPointExtension>
            <ns3:hr>157</ns3:hr>
            <ns3:cad>57</ns3:cad>
          </ns3:TrackPointExtension>
        </extensions>
      </trkpt>
      <trkpt lat="40.40431690402328968048095703125" lon="116.6838754154741764068603515625">
        <ele>84.40000152587890625</ele>
        <time>2026-09-03T10:56:30.000Z</time>
        <extensions>
          <ns3:TrackPointExtension>
            <ns3:hr>156</ns3:hr>
            <ns3:cad>57</ns3:cad>
          </ns3:TrackPointExtension>
        </extensions>
      </trkpt>
      <trkpt lat="40.4043044149875640869140625" lon="116.683854795992374420166015625">
        <ele>84.40000152587890625</ele>
        <time>2026-09-03T10:56:31.000Z</time>
        <extensions>
          <ns3:TrackPointExtension>
            <ns3:hr>156</ns3:hr>
            <ns3:cad>56</ns3:cad>
          </ns3:TrackPointExtension>
        </extensions>
      </trkpt>
      <trkpt lat="40.40429527871310710906982421875" lon="116.6838397085666656494140625">
        <ele>84.40000152587890625</ele>
        <time>2026-09-03T10:56:32.000Z</time>
        <extensions>
          <ns3:TrackPointExtension>
            <ns3:hr>155</ns3:hr>
            <ns3:cad>56</ns3:cad>
          </ns3:TrackPointExtension>
        </extensions>
      </trkpt>
      <trkpt lat="40.4042848013341426849365234375" lon="116.68382403440773487091064453125">
        <ele>84.40000152587890625</ele>
        <time>2026-09-03T10:56:33.000Z</time>
        <extensions>
          <ns3:TrackPointExtension>
            <ns3:hr>154</ns3:hr>
            <ns3:cad>57</ns3:cad>
          </ns3:TrackPointExtension>
        </extensions>
      </trkpt>
      <trkpt lat="40.404273234307765960693359375" lon="116.68380944989621639251708984375">
        <ele>84.40000152587890625</ele>
        <time>2026-09-03T10:56:34.000Z</time>
        <extensions>
          <ns3:TrackPointExtension>
            <ns3:hr>153</ns3:hr>
            <ns3:cad>57</ns3:cad>
          </ns3:TrackPointExtension>
        </extensions>
      </trkpt>
      <trkpt lat="40.40426359511911869049072265625" lon="116.68379737995564937591552734375">
        <ele>84.40000152587890625</ele>
        <time>2026-09-03T10:56:35.000Z</time>
        <extensions>
          <ns3:TrackPointExtension>
            <ns3:hr>153</ns3:hr>
            <ns3:cad>57</ns3:cad>
          </ns3:TrackPointExtension>
        </extensions>
      </trkpt>
      <trkpt lat="40.4042549617588520050048828125" lon="116.68378698639571666717529296875">
        <ele>84.40000152587890625</ele>
        <time>2026-09-03T10:56:36.000Z</time>
        <extensions>
          <ns3:TrackPointExtension>
            <ns3:hr>152</ns3:hr>
            <ns3:cad>57</ns3:cad>
          </ns3:TrackPointExtension>
        </extensions>
      </trkpt>
      <trkpt lat="40.4042381979525089263916015625" lon="116.68377106077969074249267578125">
        <ele>84.40000152587890625</ele>
        <time>2026-09-03T10:56:37.000Z</time>
        <extensions>
          <ns3:TrackPointExtension>
            <ns3:hr>152</ns3:hr>
            <ns3:cad>55</ns3:cad>
          </ns3:TrackPointExtension>
        </extensions>
      </trkpt>
      <trkpt lat="40.40423132479190826416015625" lon="116.68376452289521694183349609375">
        <ele>84.40000152587890625</ele>
        <time>2026-09-03T10:56:38.000Z</time>
        <extensions>
          <ns3:TrackPointExtension>
            <ns3:hr>151</ns3:hr>
            <ns3:cad>55</ns3:cad>
          </ns3:TrackPointExtension>
        </extensions>
      </trkpt>
      <trkpt lat="40.4042023234069347381591796875" lon="116.68374138884246349334716796875">
        <ele>84.40000152587890625</ele>
        <time>2026-09-03T10:56:39.000Z</time>
        <extensions>
          <ns3:TrackPointExtension>
            <ns3:hr>151</ns3:hr>
            <ns3:cad>55</ns3:cad>
          </ns3:TrackPointExtension>
        </extensions>
      </trkpt>
      <trkpt lat="40.4041895829141139984130859375" lon="116.6837324202060699462890625">
        <ele>84.40000152587890625</ele>
        <time>2026-09-03T10:56:40.000Z</time>
        <extensions>
          <ns3:TrackPointExtension>
            <ns3:hr>151</ns3:hr>
            <ns3:cad>55</ns3:cad>
          </ns3:TrackPointExtension>
        </extensions>
      </trkpt>
      <trkpt lat="40.40416049771010875701904296875" lon="116.6837163269519805908203125">
        <ele>84.40000152587890625</ele>
        <time>2026-09-03T10:56:41.000Z</time>
        <extensions>
          <ns3:TrackPointExtension>
            <ns3:hr>150</ns3:hr>
            <ns3:cad>55</ns3:cad>
          </ns3:TrackPointExtension>
        </extensions>
      </trkpt>
      <trkpt lat="40.4041396267712116241455078125" lon="116.68370626866817474365234375">
        <ele>84.40000152587890625</ele>
        <time>2026-09-03T10:56:42.000Z</time>
        <extensions>
          <ns3:TrackPointExtension>
            <ns3:hr>150</ns3:hr>
            <ns3:cad>83</ns3:cad>
          </ns3:TrackPointExtension>
        </extensions>
      </trkpt>
      <trkpt lat="40.4041131399571895599365234375" lon="116.68369830586016178131103515625">
        <ele>84.40000152587890625</ele>
        <time>2026-09-03T10:56:43.000Z</time>
        <extensions>
          <ns3:TrackPointExtension>
            <ns3:hr>149</ns3:hr>
            <ns3:cad>84</ns3:cad>
          </ns3:TrackPointExtension>
        </extensions>
      </trkpt>
      <trkpt lat="40.40409042499959468841552734375" lon="116.6836923547089099884033203125">
        <ele>84.40000152587890625</ele>
        <time>2026-09-03T10:56:44.000Z</time>
        <extensions>
          <ns3:TrackPointExtension>
            <ns3:hr>149</ns3:hr>
            <ns3:cad>85</ns3:cad>
          </ns3:TrackPointExtension>
        </extensions>
      </trkpt>
      <trkpt lat="40.40408112108707427978515625" lon="116.68369143269956111907958984375">
        <ele>84.40000152587890625</ele>
        <time>2026-09-03T10:56:45.000Z</time>
        <extensions>
          <ns3:TrackPointExtension>
            <ns3:hr>149</ns3:hr>
            <ns3:cad>86</ns3:cad>
          </ns3:TrackPointExtension>
        </extensions>
      </trkpt>
      <trkpt lat="40.40404147468507289886474609375" lon="116.68368791230022907257080078125">
        <ele>84.40000152587890625</ele>
        <time>2026-09-03T10:56:46.000Z</time>
        <extensions>
          <ns3:TrackPointExtension>
            <ns3:hr>149</ns3:hr>
            <ns3:cad>86</ns3:cad>
          </ns3:TrackPointExtension>
        </extensions>
      </trkpt>
      <trkpt lat="40.40402856655418872833251953125" lon="116.68368774466216564178466796875">
        <ele>84.40000152587890625</ele>
        <time>2026-09-03T10:56:47.000Z</time>
        <extensions>
          <ns3:TrackPointExtension>
            <ns3:hr>149</ns3:hr>
            <ns3:cad>86</ns3:cad>
          </ns3:TrackPointExtension>
        </extensions>
      </trkpt>
      <trkpt lat="40.403990261256694793701171875" lon="116.683687157928943634033203125">
        <ele>84.40000152587890625</ele>
        <time>2026-09-03T10:56:48.000Z</time>
        <extensions>
          <ns3:TrackPointExtension>
            <ns3:hr>150</ns3:hr>
            <ns3:cad>86</ns3:cad>
          </ns3:TrackPointExtension>
        </extensions>
      </trkpt>
      <trkpt lat="40.40397358126938343048095703125" lon="116.68368690647184848785400390625">
        <ele>84.40000152587890625</ele>
        <time>2026-09-03T10:56:49.000Z</time>
        <extensions>
          <ns3:TrackPointExtension>
            <ns3:hr>150</ns3:hr>
            <ns3:cad>86</ns3:cad>
          </ns3:TrackPointExtension>
        </extensions>
      </trkpt>
      <trkpt lat="40.40394927375018596649169921875" lon="116.683686487376689910888671875">
        <ele>84.40000152587890625</ele>
        <time>2026-09-03T10:56:50.000Z</time>
        <extensions>
          <ns3:TrackPointExtension>
            <ns3:hr>150</ns3:hr>
            <ns3:cad>86</ns3:cad>
          </ns3:TrackPointExtension>
        </extensions>
      </trkpt>
      <trkpt lat="40.40391960181295871734619140625" lon="116.68368606828153133392333984375">
        <ele>84.40000152587890625</ele>
        <time>2026-09-03T10:56:51.000Z</time>
        <extensions>
          <ns3:TrackPointExtension>
            <ns3:hr>150</ns3:hr>
            <ns3:cad>86</ns3:cad>
          </ns3:TrackPointExtension>
        </extensions>
      </trkpt>
      <trkpt lat="40.4039025865495204925537109375" lon="116.68368573300540447235107421875">
        <ele>84.40000152587890625</ele>
        <time>2026-09-03T10:56:52.000Z</time>
        <extensions>
          <ns3:TrackPointExtension>
            <ns3:hr>152</ns3:hr>
            <ns3:cad>87</ns3:cad>
          </ns3:TrackPointExtension>
        </extensions>
      </trkpt>
      <trkpt lat="40.40385841391980648040771484375" lon="116.68368506245315074920654296875">
        <ele>84.40000152587890625</ele>
        <time>2026-09-03T10:56:53.000Z</time>
        <extensions>
          <ns3:TrackPointExtension>
            <ns3:hr>153</ns3:hr>
            <ns3:cad>86</ns3:cad>
          </ns3:TrackPointExtension>
        </extensions>
      </trkpt>
      <trkpt lat="40.4038425721228122711181640625" lon="116.68368481099605560302734375">
        <ele>84.40000152587890625</ele>
        <time>2026-09-03T10:56:54.000Z</time>
        <extensions>
          <ns3:TrackPointExtension>
            <ns3:hr>154</ns3:hr>
            <ns3:cad>86</ns3:cad>
          </ns3:TrackPointExtension>
        </extensions>
      </trkpt>
      <trkpt lat="40.40379387326538562774658203125" lon="116.68368405662477016448974609375">
        <ele>84.40000152587890625</ele>
        <time>2026-09-03T10:56:55.000Z</time>
        <extensions>
          <ns3:TrackPointExtension>
            <ns3:hr>154</ns3:hr>
            <ns3:cad>86</ns3:cad>
          </ns3:TrackPointExtension>
        </extensions>
      </trkpt>
      <trkpt lat="40.40377937257289886474609375" lon="116.683683805167675018310546875">
        <ele>84.40000152587890625</ele>
        <time>2026-09-03T10:56:56.000Z</time>
        <extensions>
          <ns3:TrackPointExtension>
            <ns3:hr>155</ns3:hr>
            <ns3:cad>86</ns3:cad>
          </ns3:TrackPointExtension>
        </extensions>
      </trkpt>
      <trkpt lat="40.403734780848026275634765625" lon="116.683683134615421295166015625">
        <ele>84.40000152587890625</ele>
        <time>2026-09-03T10:56:57.000Z</time>
        <extensions>
          <ns3:TrackPointExtension>
            <ns3:hr>155</ns3:hr>
            <ns3:cad>86</ns3:cad>
          </ns3:TrackPointExtension>
        </extensions>
      </trkpt>
      <trkpt lat="40.40371776558458805084228515625" lon="116.68368288315832614898681640625">
        <ele>84.40000152587890625</ele>
        <time>2026-09-03T10:56:58.000Z</time>
        <extensions>
          <ns3:TrackPointExtension>
            <ns3:hr>155</ns3:hr>
            <ns3:cad>87</ns3:cad>
          </ns3:TrackPointExtension>
        </extensions>
      </trkpt>
      <trkpt lat="40.4036705754697322845458984375" lon="116.68368212878704071044921875">
        <ele>84.40000152587890625</ele>
        <time>2026-09-03T10:56:59.000Z</time>
        <extensions>
          <ns3:TrackPointExtension>
            <ns3:hr>155</ns3:hr>
            <ns3:cad>88</ns3:cad>
          </ns3:TrackPointExtension>
        </extensions>
      </trkpt>
      <trkpt lat="40.40365464985370635986328125" lon="116.68368187732994556427001953125">
        <ele>84.40000152587890625</ele>
        <time>2026-09-03T10:57:00.000Z</time>
        <extensions>
          <ns3:TrackPointExtension>
            <ns3:hr>155</ns3:hr>
            <ns3:cad>88</ns3:cad>
          </ns3:TrackPointExtension>
        </extensions>
      </trkpt>
      <trkpt lat="40.4036078788340091705322265625" lon="116.68368120677769184112548828125">
        <ele>84.40000152587890625</ele>
        <time>2026-09-03T10:57:01.000Z</time>
        <extensions>
          <ns3:TrackPointExtension>
            <ns3:hr>155</ns3:hr>
            <ns3:cad>90</ns3:cad>
          </ns3:TrackPointExtension>
        </extensions>
      </trkpt>
      <trkpt lat="40.40359036065638065338134765625" lon="116.68368087150156497955322265625">
        <ele>84.40000152587890625</ele>
        <time>2026-09-03T10:57:02.000Z</time>
        <extensions>
          <ns3:TrackPointExtension>
            <ns3:hr>156</ns3:hr>
            <ns3:cad>90</ns3:cad>
          </ns3:TrackPointExtension>
        </extensions>
      </trkpt>
      <trkpt lat="40.40354677475988864898681640625" lon="116.68368020094931125640869140625">
        <ele>84.40000152587890625</ele>
        <time>2026-09-03T10:57:03.000Z</time>
        <extensions>
          <ns3:TrackPointExtension>
            <ns3:hr>156</ns3:hr>
            <ns3:cad>89</ns3:cad>
          </ns3:TrackPointExtension>
        </extensions>
      </trkpt>
      <trkpt lat="40.40352984331548213958740234375" lon="116.6836799494922161102294921875">
        <ele>84.40000152587890625</ele>
        <time>2026-09-03T10:57:04.000Z</time>
        <extensions>
          <ns3:TrackPointExtension>
            <ns3:hr>157</ns3:hr>
            <ns3:cad>89</ns3:cad>
          </ns3:TrackPointExtension>
        </extensions>
      </trkpt>
      <trkpt lat="40.40349044837057590484619140625" lon="116.68367936275899410247802734375">
        <ele>84.40000152587890625</ele>
        <time>2026-09-03T10:57:05.000Z</time>
        <extensions>
          <ns3:TrackPointExtension>
            <ns3:hr>157</ns3:hr>
            <ns3:cad>88</ns3:cad>
          </ns3:TrackPointExtension>
        </extensions>
      </trkpt>
      <trkpt lat="40.4034729301929473876953125" lon="116.68367902748286724090576171875">
        <ele>84.40000152587890625</ele>
        <time>2026-09-03T10:57:06.000Z</time>
        <extensions>
          <ns3:TrackPointExtension>
            <ns3:hr>157</ns3:hr>
            <ns3:cad>88</ns3:cad>
          </ns3:TrackPointExtension>
        </extensions>
      </trkpt>
      <trkpt lat="40.40345189161598682403564453125" lon="116.6836787760257720947265625">
        <ele>84.40000152587890625</ele>
        <time>2026-09-03T10:57:07.000Z</time>
        <extensions>
          <ns3:TrackPointExtension>
            <ns3:hr>157</ns3:hr>
            <ns3:cad>89</ns3:cad>
          </ns3:TrackPointExtension>
        </extensions>
      </trkpt>
      <trkpt lat="40.403441078960895538330078125" lon="116.6836786083877086639404296875">
        <ele>84.40000152587890625</ele>
        <time>2026-09-03T10:57:08.000Z</time>
        <extensions>
          <ns3:TrackPointExtension>
            <ns3:hr>158</ns3:hr>
            <ns3:cad>89</ns3:cad>
          </ns3:TrackPointExtension>
        </extensions>
      </trkpt>
      <trkpt lat="40.40343663655221462249755859375" lon="116.68367852456867694854736328125">
        <ele>84.40000152587890625</ele>
        <time>2026-09-03T10:57:09.000Z</time>
        <extensions>
          <ns3:TrackPointExtension>
            <ns3:hr>158</ns3:hr>
            <ns3:cad>89</ns3:cad>
          </ns3:TrackPointExtension>
        </extensions>
      </trkpt>
      <trkpt lat="40.40341534651815891265869140625" lon="116.68367818929255008697509765625">
        <ele>84.40000152587890625</ele>
        <time>2026-09-03T10:57:10.000Z</time>
        <extensions>
          <ns3:TrackPointExtension>
            <ns3:hr>158</ns3:hr>
            <ns3:cad>89</ns3:cad>
          </ns3:TrackPointExtension>
        </extensions>
      </trkpt>
      <trkpt lat="40.4034043662250041961669921875" lon="116.68367802165448665618896484375">
        <ele>84.40000152587890625</ele>
        <time>2026-09-03T10:57:11.000Z</time>
        <extensions>
          <ns3:TrackPointExtension>
            <ns3:hr>158</ns3:hr>
            <ns3:cad>88</ns3:cad>
          </ns3:TrackPointExtension>
        </extensions>
      </trkpt>
      <trkpt lat="40.4033795557916164398193359375" lon="116.6836776025593280792236328125">
        <ele>84.40000152587890625</ele>
        <time>2026-09-03T10:57:12.000Z</time>
        <extensions>
          <ns3:TrackPointExtension>
            <ns3:hr>159</ns3:hr>
            <ns3:cad>88</ns3:cad>
          </ns3:TrackPointExtension>
        </extensions>
      </trkpt>
      <trkpt lat="40.4033835791051387786865234375" lon="116.68367768637835979461669921875">
        <ele>84.40000152587890625</ele>
        <time>2026-09-03T10:57:13.000Z</time>
        <extensions>
          <ns3:TrackPointExtension>
            <ns3:hr>158</ns3:hr>
            <ns3:cad>87</ns3:cad>
          </ns3:TrackPointExtension>
        </extensions>
      </trkpt>
      <trkpt lat="40.403383076190948486328125" lon="116.68367768637835979461669921875">
        <ele>84.40000152587890625</ele>
        <time>2026-09-03T10:57:14.000Z</time>
        <extensions>
          <ns3:TrackPointExtension>
            <ns3:hr>158</ns3:hr>
            <ns3:cad>84</ns3:cad>
          </ns3:TrackPointExtension>
        </extensions>
      </trkpt>
      <trkpt lat="40.4033624567091464996337890625" lon="116.68367735110223293304443359375">
        <ele>84.40000152587890625</ele>
        <time>2026-09-03T10:57:15.000Z</time>
        <extensions>
          <ns3:TrackPointExtension>
            <ns3:hr>158</ns3:hr>
            <ns3:cad>83</ns3:cad>
          </ns3:TrackPointExtension>
        </extensions>
      </trkpt>
      <trkpt lat="40.4033587686717510223388671875" lon="116.6836772672832012176513671875">
        <ele>84.40000152587890625</ele>
        <time>2026-09-03T10:57:16.000Z</time>
        <extensions>
          <ns3:TrackPointExtension>
            <ns3:hr>157</ns3:hr>
            <ns3:cad>83</ns3:cad>
          </ns3:TrackPointExtension>
        </extensions>
      </trkpt>
      <trkpt lat="40.40336228907108306884765625" lon="116.68367735110223293304443359375">
        <ele>84.40000152587890625</ele>
        <time>2026-09-03T10:57:17.000Z</time>
        <extensions>
          <ns3:TrackPointExtension>
            <ns3:hr>157</ns3:hr>
            <ns3:cad>83</ns3:cad>
          </ns3:TrackPointExtension>
        </extensions>
      </trkpt>
      <trkpt lat="40.40336723439395427703857421875" lon="116.6836774349212646484375">
        <ele>84.40000152587890625</ele>
        <time>2026-09-03T10:57:18.000Z</time>
        <extensions>
          <ns3:TrackPointExtension>
            <ns3:hr>156</ns3:hr>
            <ns3:cad>83</ns3:cad>
          </ns3:TrackPointExtension>
        </extensions>
      </trkpt>
      <trkpt lat="40.40335935540497303009033203125" lon="116.6836772672832012176513671875">
        <ele>84.40000152587890625</ele>
        <time>2026-09-03T10:57:19.000Z</time>
        <extensions>
          <ns3:TrackPointExtension>
            <ns3:hr>156</ns3:hr>
            <ns3:cad>79</ns3:cad>
          </ns3:TrackPointExtension>
        </extensions>
      </trkpt>
      <trkpt lat="40.4033540748059749603271484375" lon="116.68367718346416950225830078125">
        <ele>84.40000152587890625</ele>
        <time>2026-09-03T10:57:20.000Z</time>
        <extensions>
          <ns3:TrackPointExtension>
            <ns3:hr>156</ns3:hr>
            <ns3:cad>79</ns3:cad>
          </ns3:TrackPointExtension>
        </extensions>
      </trkpt>
      <trkpt lat="40.40334351360797882080078125" lon="116.68367701582610607147216796875">
        <ele>84.40000152587890625</ele>
        <time>2026-09-03T10:57:21.000Z</time>
        <extensions>
          <ns3:TrackPointExtension>
            <ns3:hr>155</ns3:hr>
            <ns3:cad>79</ns3:cad>
          </ns3:TrackPointExtension>
        </extensions>
      </trkpt>
      <trkpt lat="40.40333638899028301239013671875" lon="116.6836769320070743560791015625">
        <ele>84.40000152587890625</ele>
        <time>2026-09-03T10:57:22.000Z</time>
        <extensions>
          <ns3:TrackPointExtension>
            <ns3:hr>155</ns3:hr>
            <ns3:cad>79</ns3:cad>
          </ns3:TrackPointExtension>
        </extensions>
      </trkpt>
      <trkpt lat="40.40334259159862995147705078125" lon="116.68367701582610607147216796875">
        <ele>84.40000152587890625</ele>
        <time>2026-09-03T10:57:23.000Z</time>
        <extensions>
          <ns3:TrackPointExtension>
            <ns3:hr>155</ns3:hr>
            <ns3:cad>79</ns3:cad>
          </ns3:TrackPointExtension>
        </extensions>
      </trkpt>
      <trkpt lat="40.403341837227344512939453125" lon="116.68367701582610607147216796875">
        <ele>84.40000152587890625</ele>
        <time>2026-09-03T10:57:24.000Z</time>
        <extensions>
          <ns3:TrackPointExtension>
            <ns3:hr>154</ns3:hr>
            <ns3:cad>79</ns3:cad>
          </ns3:TrackPointExtension>
        </extensions>
      </trkpt>
      <trkpt lat="40.40334460325539112091064453125" lon="116.683677099645137786865234375">
        <ele>84.40000152587890625</ele>
        <time>2026-09-03T10:57:25.000Z</time>
        <extensions>
          <ns3:TrackPointExtension>
            <ns3:hr>153</ns3:hr>
            <ns3:cad>0</ns3:cad>
          </ns3:TrackPointExtension>
        </extensions>
      </trkpt>
      <trkpt lat="40.40334460325539112091064453125" lon="116.683677099645137786865234375">
        <ele>84.40000152587890625</ele>
        <time>2026-09-03T10:57:26.000Z</time>
        <extensions>
          <ns3:TrackPointExtension>
            <ns3:hr>153</ns3:hr>
            <ns3:cad>0</ns3:cad>
          </ns3:TrackPointExtension>
        </extensions>
      </trkpt>
      <trkpt lat="40.40334460325539112091064453125" lon="116.683677099645137786865234375">
        <ele>84.40000152587890625</ele>
        <time>2026-09-03T10:57:27.000Z</time>
        <extensions>
          <ns3:TrackPointExtension>
            <ns3:hr>153</ns3:hr>
            <ns3:cad>0</ns3:cad>
          </ns3:TrackPointExtension>
        </extensions>
      </trkpt>
      <trkpt lat="40.40334460325539112091064453125" lon="116.683677099645137786865234375">
        <ele>84.40000152587890625</ele>
        <time>2026-09-03T10:57:28.000Z</time>
        <extensions>
          <ns3:TrackPointExtension>
            <ns3:hr>153</ns3:hr>
            <ns3:cad>0</ns3:cad>
          </ns3:TrackPointExtension>
        </extensions>
      </trkpt>
      <trkpt lat="40.40334460325539112091064453125" lon="116.683677099645137786865234375">
        <ele>84.40000152587890625</ele>
        <time>2026-09-03T10:57:29.000Z</time>
        <extensions>
          <ns3:TrackPointExtension>
            <ns3:hr>152</ns3:hr>
            <ns3:cad>0</ns3:cad>
          </ns3:TrackPointExtension>
        </extensions>
      </trkpt>
      <trkpt lat="40.40327939204871654510498046875" lon="116.68367684818804264068603515625">
        <ele>84.40000152587890625</ele>
        <time>2026-09-03T10:57:30.000Z</time>
        <extensions>
          <ns3:TrackPointExtension>
            <ns3:hr>154</ns3:hr>
            <ns3:cad>0</ns3:cad>
          </ns3:TrackPointExtension>
        </extensions>
      </trkpt>
      <trkpt lat="40.40323060937225818634033203125" lon="116.68368279933929443359375">
        <ele>84.40000152587890625</ele>
        <time>2026-09-03T10:57:31.000Z</time>
        <extensions>
          <ns3:TrackPointExtension>
            <ns3:hr>155</ns3:hr>
            <ns3:cad>0</ns3:cad>
          </ns3:TrackPointExtension>
        </extensions>
      </trkpt>
      <trkpt lat="40.40316573344171047210693359375" lon="116.68370584957301616668701171875">
        <ele>84.40000152587890625</ele>
        <time>2026-09-03T10:57:32.000Z</time>
        <extensions>
          <ns3:TrackPointExtension>
            <ns3:hr>155</ns3:hr>
            <ns3:cad>0</ns3:cad>
          </ns3:TrackPointExtension>
        </extensions>
      </trkpt>
      <trkpt lat="40.4031187109649181365966796875" lon="116.68373501859605312347412109375">
        <ele>84.40000152587890625</ele>
        <time>2026-09-03T10:57:33.000Z</time>
        <extensions>
          <ns3:TrackPointExtension>
            <ns3:hr>155</ns3:hr>
            <ns3:cad>79</ns3:cad>
          </ns3:TrackPointExtension>
        </extensions>
      </trkpt>
      <trkpt lat="40.40307906456291675567626953125" lon="116.683770306408405303955078125">
        <ele>84.40000152587890625</ele>
        <time>2026-09-03T10:57:34.000Z</time>
        <extensions>
          <ns3:TrackPointExtension>
            <ns3:hr>156</ns3:hr>
            <ns3:cad>94</ns3:cad>
          </ns3:TrackPointExtension>
        </extensions>
      </trkpt>
      <trkpt lat="40.40303866378962993621826171875" lon="116.68382160365581512451171875">
        <ele>84.40000152587890625</ele>
        <time>2026-09-03T10:57:35.000Z</time>
        <extensions>
          <ns3:TrackPointExtension>
            <ns3:hr>156</ns3:hr>
            <ns3:cad>94</ns3:cad>
          </ns3:TrackPointExtension>
        </extensions>
      </trkpt>
      <trkpt lat="40.403013266623020172119140625" lon="116.6838636808097362518310546875">
        <ele>84.40000152587890625</ele>
        <time>2026-09-03T10:57:36.000Z</time>
        <extensions>
          <ns3:TrackPointExtension>
            <ns3:hr>157</ns3:hr>
            <ns3:cad>94</ns3:cad>
          </ns3:TrackPointExtension>
        </extensions>
      </trkpt>
      <trkpt lat="40.4029778949916362762451171875" lon="116.68395093642175197601318359375">
        <ele>84.40000152587890625</ele>
        <time>2026-09-03T10:57:37.000Z</time>
        <extensions>
          <ns3:TrackPointExtension>
            <ns3:hr>157</ns3:hr>
            <ns3:cad>93</ns3:cad>
          </ns3:TrackPointExtension>
        </extensions>
      </trkpt>
      <trkpt lat="40.40296800434589385986328125" lon="116.68399066664278507232666015625">
        <ele>84.40000152587890625</ele>
        <time>2026-09-03T10:57:38.000Z</time>
        <extensions>
          <ns3:TrackPointExtension>
            <ns3:hr>157</ns3:hr>
            <ns3:cad>93</ns3:cad>
          </ns3:TrackPointExtension>
        </extensions>
      </trkpt>
      <trkpt lat="40.40295668877661228179931640625" lon="116.68406627140939235687255859375">
        <ele>84.40000152587890625</ele>
        <time>2026-09-03T10:57:39.000Z</time>
        <extensions>
          <ns3:TrackPointExtension>
            <ns3:hr>157</ns3:hr>
            <ns3:cad>95</ns3:cad>
          </ns3:TrackPointExtension>
        </extensions>
      </trkpt>
      <trkpt lat="40.4029552638530731201171875" lon="116.684127040207386016845703125">
        <ele>84.40000152587890625</ele>
        <time>2026-09-03T10:57:40.000Z</time>
        <extensions>
          <ns3:TrackPointExtension>
            <ns3:hr>157</ns3:hr>
            <ns3:cad>95</ns3:cad>
          </ns3:TrackPointExtension>
        </extensions>
      </trkpt>
      <trkpt lat="40.40296071209013462066650390625" lon="116.6841909103095531463623046875">
        <ele>84.40000152587890625</ele>
        <time>2026-09-03T10:57:41.000Z</time>
        <extensions>
          <ns3:TrackPointExtension>
            <ns3:hr>158</ns3:hr>
            <ns3:cad>95</ns3:cad>
          </ns3:TrackPointExtension>
        </extensions>
      </trkpt>
      <trkpt lat="40.40297563187777996063232421875" lon="116.6842589713633060455322265625">
        <ele>84.40000152587890625</ele>
        <time>2026-09-03T10:57:42.000Z</time>
        <extensions>
          <ns3:TrackPointExtension>
            <ns3:hr>159</ns3:hr>
            <ns3:cad>94</ns3:cad>
          </ns3:TrackPointExtension>
        </extensions>
      </trkpt>
      <trkpt lat="40.40299273096024990081787109375" lon="116.68430984951555728912353515625">
        <ele>84.40000152587890625</ele>
        <time>2026-09-03T10:57:43.000Z</time>
        <extensions>
          <ns3:TrackPointExtension>
            <ns3:hr>160</ns3:hr>
            <ns3:cad>94</ns3:cad>
          </ns3:TrackPointExtension>
        </extensions>
      </trkpt>
      <trkpt lat="40.40303246118128299713134765625" lon="116.6843868792057037353515625">
        <ele>84.40000152587890625</ele>
        <time>2026-09-03T10:57:44.000Z</time>
        <extensions>
          <ns3:TrackPointExtension>
            <ns3:hr>160</ns3:hr>
            <ns3:cad>94</ns3:cad>
          </ns3:TrackPointExtension>
        </extensions>
      </trkpt>
      <trkpt lat="40.4030432738363742828369140625" lon="116.6844038106501102447509765625">
        <ele>84.40000152587890625</ele>
        <time>2026-09-03T10:57:45.000Z</time>
        <extensions>
          <ns3:TrackPointExtension>
            <ns3:hr>161</ns3:hr>
            <ns3:cad>92</ns3:cad>
          </ns3:TrackPointExtension>
        </extensions>
      </trkpt>
      <trkpt lat="40.40309607982635498046875" lon="116.68446323834359645843505859375">
        <ele>84.40000152587890625</ele>
        <time>2026-09-03T10:57:46.000Z</time>
        <extensions>
          <ns3:TrackPointExtension>
            <ns3:hr>161</ns3:hr>
            <ns3:cad>92</ns3:cad>
          </ns3:TrackPointExtension>
        </extensions>
      </trkpt>
      <trkpt lat="40.4031103290617465972900390625" lon="116.6844765655696392059326171875">
        <ele>84.40000152587890625</ele>
        <time>2026-09-03T10:57:47.000Z</time>
        <extensions>
          <ns3:TrackPointExtension>
            <ns3:hr>163</ns3:hr>
            <ns3:cad>92</ns3:cad>
          </ns3:TrackPointExtension>
        </extensions>
      </trkpt>
      <trkpt lat="40.4031609557569026947021484375" lon="116.68450950644910335540771484375">
        <ele>84.40000152587890625</ele>
        <time>2026-09-03T10:57:48.000Z</time>
        <extensions>
          <ns3:TrackPointExtension>
            <ns3:hr>163</ns3:hr>
            <ns3:cad>93</ns3:cad>
          </ns3:TrackPointExtension>
        </extensions>
      </trkpt>
      <trkpt lat="40.40318635292351245880126953125" lon="116.6845218278467655181884765625">
        <ele>84.40000152587890625</ele>
        <time>2026-09-03T10:57:49.000Z</time>
        <extensions>
          <ns3:TrackPointExtension>
            <ns3:hr>164</ns3:hr>
            <ns3:cad>94</ns3:cad>
          </ns3:TrackPointExtension>
        </extensions>
      </trkpt>
      <trkpt lat="40.4032333754003047943115234375" lon="116.68453641235828399658203125">
        <ele>84.40000152587890625</ele>
        <time>2026-09-03T10:57:50.000Z</time>
        <extensions>
          <ns3:TrackPointExtension>
            <ns3:hr>166</ns3:hr>
            <ns3:cad>94</ns3:cad>
          </ns3:TrackPointExtension>
        </extensions>
      </trkpt>
      <trkpt lat="40.4032712616026401519775390625" lon="116.68454085476696491241455078125">
        <ele>84.40000152587890625</ele>
        <time>2026-09-03T10:57:51.000Z</time>
        <extensions>
          <ns3:TrackPointExtension>
            <ns3:hr>167</ns3:hr>
            <ns3:cad>94</ns3:cad>
          </ns3:TrackPointExtension>
        </extensions>
      </trkpt>
      <trkpt lat="40.40331057272851467132568359375" lon="116.6845422796905040740966796875">
        <ele>84.40000152587890625</ele>
        <time>2026-09-03T10:57:52.000Z</time>
        <extensions>
          <ns3:TrackPointExtension>
            <ns3:hr>169</ns3:hr>
            <ns3:cad>92</ns3:cad>
          </ns3:TrackPointExtension>
        </extensions>
      </trkpt>
      <trkpt lat="40.40335432626307010650634765625" lon="116.6845429502427577972412109375">
        <ele>84.40000152587890625</ele>
        <time>2026-09-03T10:57:53.000Z</time>
        <extensions>
          <ns3:TrackPointExtension>
            <ns3:hr>170</ns3:hr>
            <ns3:cad>92</ns3:cad>
          </ns3:TrackPointExtension>
        </extensions>
      </trkpt>
      <trkpt lat="40.403376705944538116455078125" lon="116.6845432855188846588134765625">
        <ele>84.40000152587890625</ele>
        <time>2026-09-03T10:57:54.000Z</time>
        <extensions>
          <ns3:TrackPointExtension>
            <ns3:hr>172</ns3:hr>
            <ns3:cad>92</ns3:cad>
          </ns3:TrackPointExtension>
        </extensions>
      </trkpt>
      <trkpt lat="40.403436385095119476318359375" lon="116.68454420752823352813720703125">
        <ele>84.40000152587890625</ele>
        <time>2026-09-03T10:57:55.000Z</time>
        <extensions>
          <ns3:TrackPointExtension>
            <ns3:hr>173</ns3:hr>
            <ns3:cad>92</ns3:cad>
          </ns3:TrackPointExtension>
        </extensions>
      </trkpt>
      <trkpt lat="40.4034499637782573699951171875" lon="116.68454445898532867431640625">
        <ele>84.40000152587890625</ele>
        <time>2026-09-03T10:57:56.000Z</time>
        <extensions>
          <ns3:TrackPointExtension>
            <ns3:hr>174</ns3:hr>
            <ns3:cad>93</ns3:cad>
          </ns3:TrackPointExtension>
        </extensions>
      </trkpt>
      <trkpt lat="40.40350888855755329132080078125" lon="116.68454538099467754364013671875">
        <ele>84.40000152587890625</ele>
        <time>2026-09-03T10:57:57.000Z</time>
        <extensions>
          <ns3:TrackPointExtension>
            <ns3:hr>176</ns3:hr>
            <ns3:cad>93</ns3:cad>
          </ns3:TrackPointExtension>
        </extensions>
      </trkpt>
      <trkpt lat="40.40352833457291126251220703125" lon="116.6845456324517726898193359375">
        <ele>84.40000152587890625</ele>
        <time>2026-09-03T10:57:58.000Z</time>
        <extensions>
          <ns3:TrackPointExtension>
            <ns3:hr>177</ns3:hr>
            <ns3:cad>93</ns3:cad>
          </ns3:TrackPointExtension>
        </extensions>
      </trkpt>
      <trkpt lat="40.4035775363445281982421875" lon="116.68454647064208984375">
        <ele>84.40000152587890625</ele>
        <time>2026-09-03T10:57:59.000Z</time>
        <extensions>
          <ns3:TrackPointExtension>
            <ns3:hr>178</ns3:hr>
            <ns3:cad>94</ns3:cad>
          </ns3:TrackPointExtension>
        </extensions>
      </trkpt>
      <trkpt lat="40.40361114777624607086181640625" lon="116.6845469735562801361083984375">
        <ele>84.40000152587890625</ele>
        <time>2026-09-03T10:58:00.000Z</time>
        <extensions>
          <ns3:TrackPointExtension>
            <ns3:hr>179</ns3:hr>
            <ns3:cad>94</ns3:cad>
          </ns3:TrackPointExtension>
        </extensions>
      </trkpt>
      <trkpt lat="40.40365272201597690582275390625" lon="116.6845476441085338592529296875">
        <ele>84.40000152587890625</ele>
        <time>2026-09-03T10:58:01.000Z</time>
        <extensions>
          <ns3:TrackPointExtension>
            <ns3:hr>178</ns3:hr>
            <ns3:cad>92</ns3:cad>
          </ns3:TrackPointExtension>
        </extensions>
      </trkpt>
      <trkpt lat="40.4036973975598812103271484375" lon="116.6845483146607875823974609375">
        <ele>84.40000152587890625</ele>
        <time>2026-09-03T10:58:02.000Z</time>
        <extensions>
          <ns3:TrackPointExtension>
            <ns3:hr>177</ns3:hr>
            <ns3:cad>92</ns3:cad>
          </ns3:TrackPointExtension>
        </extensions>
      </trkpt>
      <trkpt lat="40.4037282429635524749755859375" lon="116.684548817574977874755859375">
        <ele>84.40000152587890625</ele>
        <time>2026-09-03T10:58:03.000Z</time>
        <extensions>
          <ns3:TrackPointExtension>
            <ns3:hr>178</ns3:hr>
            <ns3:cad>92</ns3:cad>
          </ns3:TrackPointExtension>
        </extensions>
      </trkpt>
      <trkpt lat="40.4037755168974399566650390625" lon="116.684549488127231597900390625">
        <ele>84.40000152587890625</ele>
        <time>2026-09-03T10:58:04.000Z</time>
        <extensions>
          <ns3:TrackPointExtension>
            <ns3:hr>178</ns3:hr>
            <ns3:cad>93</ns3:cad>
          </ns3:TrackPointExtension>
        </extensions>
      </trkpt>
      <trkpt lat="40.4037949629127979278564453125" lon="116.68454982340335845947265625">
        <ele>84.40000152587890625</ele>
        <time>2026-09-03T10:58:05.000Z</time>
        <extensions>
          <ns3:TrackPointExtension>
            <ns3:hr>179</ns3:hr>
            <ns3:cad>94</ns3:cad>
          </ns3:TrackPointExtension>
        </extensions>
      </trkpt>
      <trkpt lat="40.40385036729276180267333984375" lon="116.6845506615936756134033203125">
        <ele>84.40000152587890625</ele>
        <time>2026-09-03T10:58:06.000Z</time>
        <extensions>
          <ns3:TrackPointExtension>
            <ns3:hr>180</ns3:hr>
            <ns3:cad>94</ns3:cad>
          </ns3:TrackPointExtension>
        </extensions>
      </trkpt>
      <trkpt lat="40.403867550194263458251953125" lon="116.6845509968698024749755859375">
        <ele>84.40000152587890625</ele>
        <time>2026-09-03T10:58:07.000Z</time>
        <extensions>
          <ns3:TrackPointExtension>
            <ns3:hr>181</ns3:hr>
            <ns3:cad>93</ns3:cad>
          </ns3:TrackPointExtension>
        </extensions>
      </trkpt>
      <trkpt lat="40.40392362512648105621337890625" lon="116.68455183506011962890625">
        <ele>84.40000152587890625</ele>
        <time>2026-09-03T10:58:08.000Z</time>
        <extensions>
          <ns3:TrackPointExtension>
            <ns3:hr>182</ns3:hr>
            <ns3:cad>93</ns3:cad>
          </ns3:TrackPointExtension>
        </extensions>
      </trkpt>
      <trkpt lat="40.40394290350377559661865234375" lon="116.684552170336246490478515625">
        <ele>84.40000152587890625</ele>
        <time>2026-09-03T10:58:09.000Z</time>
        <extensions>
          <ns3:TrackPointExtension>
            <ns3:hr>183</ns3:hr>
            <ns3:cad>92</ns3:cad>
          </ns3:TrackPointExtension>
        </extensions>
      </trkpt>
      <trkpt lat="40.4039941169321537017822265625" lon="116.68455292470753192901611328125">
        <ele>84.40000152587890625</ele>
        <time>2026-09-03T10:58:10.000Z</time>
        <extensions>
          <ns3:TrackPointExtension>
            <ns3:hr>184</ns3:hr>
            <ns3:cad>92</ns3:cad>
          </ns3:TrackPointExtension>
        </extensions>
      </trkpt>
      <trkpt lat="40.40402638725936412811279296875" lon="116.68455342762172222137451171875">
        <ele>84.40000152587890625</ele>
        <time>2026-09-03T10:58:11.000Z</time>
        <extensions>
          <ns3:TrackPointExtension>
            <ns3:hr>184</ns3:hr>
            <ns3:cad>92</ns3:cad>
          </ns3:TrackPointExtension>
        </extensions>
      </trkpt>
      <trkpt lat="40.40406963787972927093505859375" lon="116.68455158360302448272705078125">
        <ele>84.40000152587890625</ele>
        <time>2026-09-03T10:58:12.000Z</time>
        <extensions>
          <ns3:TrackPointExtension>
            <ns3:hr>185</ns3:hr>
            <ns3:cad>94</ns3:cad>
          </ns3:TrackPointExtension>
        </extensions>
      </trkpt>
      <trkpt lat="40.40411322377622127532958984375" lon="116.684543453156948089599609375">
        <ele>84.40000152587890625</ele>
        <time>2026-09-03T10:58:13.000Z</time>
        <extensions>
          <ns3:TrackPointExtension>
            <ns3:hr>186</ns3:hr>
            <ns3:cad>94</ns3:cad>
          </ns3:TrackPointExtension>
        </extensions>
      </trkpt>
      <trkpt lat="40.40414591319859027862548828125" lon="116.68453213758766651153564453125">
        <ele>84.40000152587890625</ele>
        <time>2026-09-03T10:58:14.000Z</time>
        <extensions>
          <ns3:TrackPointExtension>
            <ns3:hr>186</ns3:hr>
            <ns3:cad>93</ns3:cad>
          </ns3:TrackPointExtension>
        </extensions>
      </trkpt>
      <trkpt lat="40.40419016964733600616455078125" lon="116.684508584439754486083984375">
        <ele>84.40000152587890625</ele>
        <time>2026-09-03T10:58:15.000Z</time>
        <extensions>
          <ns3:TrackPointExtension>
            <ns3:hr>187</ns3:hr>
            <ns3:cad>93</ns3:cad>
          </ns3:TrackPointExtension>
        </extensions>
      </trkpt>
      <trkpt lat="40.40420659817755222320556640625" lon="116.68449777178466320037841796875">
        <ele>84.40000152587890625</ele>
        <time>2026-09-03T10:58:16.000Z</time>
        <extensions>
          <ns3:TrackPointExtension>
            <ns3:hr>187</ns3:hr>
            <ns3:cad>91</ns3:cad>
          </ns3:TrackPointExtension>
        </extensions>
      </trkpt>
      <trkpt lat="40.40425546467304229736328125" lon="116.68445368297398090362548828125">
        <ele>84.40000152587890625</ele>
        <time>2026-09-03T10:58:17.000Z</time>
        <extensions>
          <ns3:TrackPointExtension>
            <ns3:hr>188</ns3:hr>
            <ns3:cad>91</ns3:cad>
          </ns3:TrackPointExtension>
        </extensions>
      </trkpt>
      <trkpt lat="40.40427147410809993743896484375" lon="116.68443457223474979400634765625">
        <ele>84.40000152587890625</ele>
        <time>2026-09-03T10:58:18.000Z</time>
        <extensions>
          <ns3:TrackPointExtension>
            <ns3:hr>188</ns3:hr>
            <ns3:cad>91</ns3:cad>
          </ns3:TrackPointExtension>
        </extensions>
      </trkpt>
      <trkpt lat="40.40430567227303981781005859375" lon="116.684385202825069427490234375">
        <ele>84.40000152587890625</ele>
        <time>2026-09-03T10:58:19.000Z</time>
        <extensions>
          <ns3:TrackPointExtension>
            <ns3:hr>188</ns3:hr>
            <ns3:cad>93</ns3:cad>
          </ns3:TrackPointExtension>
        </extensions>
      </trkpt>
      <trkpt lat="40.4043250344693660736083984375" lon="116.68434807099401950836181640625">
        <ele>84.40000152587890625</ele>
        <time>2026-09-03T10:58:20.000Z</time>
        <extensions>
          <ns3:TrackPointExtension>
            <ns3:hr>188</ns3:hr>
            <ns3:cad>93</ns3:cad>
          </ns3:TrackPointExtension>
        </extensions>
      </trkpt>
      <trkpt lat="40.40434255264699459075927734375" lon="116.684306077659130096435546875">
        <ele>84.40000152587890625</ele>
        <time>2026-09-03T10:58:21.000Z</time>
        <extensions>
          <ns3:TrackPointExtension>
            <ns3:hr>187</ns3:hr>
            <ns3:cad>93</ns3:cad>
          </ns3:TrackPointExtension>
        </extensions>
      </trkpt>
      <trkpt lat="40.40435831062495708465576171875" lon="116.68425402604043483734130859375">
        <ele>84.40000152587890625</ele>
        <time>2026-09-03T10:58:22.000Z</time>
        <extensions>
          <ns3:TrackPointExtension>
            <ns3:hr>185</ns3:hr>
            <ns3:cad>93</ns3:cad>
          </ns3:TrackPointExtension>
        </extensions>
      </trkpt>
      <trkpt lat="40.404364764690399169921875" lon="116.68422502465546131134033203125">
        <ele>84.40000152587890625</ele>
        <time>2026-09-03T10:58:23.000Z</time>
        <extensions>
          <ns3:TrackPointExtension>
            <ns3:hr>184</ns3:hr>
            <ns3:cad>91</ns3:cad>
          </ns3:TrackPointExtension>
        </extensions>
      </trkpt>
      <trkpt lat="40.40437222458422183990478515625" lon="116.68417037464678287506103515625">
        <ele>84.40000152587890625</ele>
        <time>2026-09-03T10:58:24.000Z</time>
        <extensions>
          <ns3:TrackPointExtension>
            <ns3:hr>184</ns3:hr>
            <ns3:cad>91</ns3:cad>
          </ns3:TrackPointExtension>
        </extensions>
      </trkpt>
      <trkpt lat="40.40437406860291957855224609375" lon="116.6841416247189044952392578125">
        <ele>84.40000152587890625</ele>
        <time>2026-09-03T10:58:25.000Z</time>
        <extensions>
          <ns3:TrackPointExtension>
            <ns3:hr>184</ns3:hr>
            <ns3:cad>91</ns3:cad>
          </ns3:TrackPointExtension>
        </extensions>
      </trkpt>
      <trkpt lat="40.404371805489063262939453125" lon="116.6840688697993755340576171875">
        <ele>84.40000152587890625</ele>
        <time>2026-09-03T10:58:26.000Z</time>
        <extensions>
          <ns3:TrackPointExtension>
            <ns3:hr>184</ns3:hr>
            <ns3:cad>92</ns3:cad>
          </ns3:TrackPointExtension>
        </extensions>
      </trkpt>
      <trkpt lat="40.404369793832302093505859375" lon="116.684047915041446685791015625">
        <ele>84.40000152587890625</ele>
        <time>2026-09-03T10:58:27.000Z</time>
        <extensions>
          <ns3:TrackPointExtension>
            <ns3:hr>184</ns3:hr>
            <ns3:cad>92</ns3:cad>
          </ns3:TrackPointExtension>
        </extensions>
      </trkpt>
      <trkpt lat="40.40435629896819591522216796875" lon="116.68397775851190090179443359375">
        <ele>84.40000152587890625</ele>
        <time>2026-09-03T10:58:28.000Z</time>
        <extensions>
          <ns3:TrackPointExtension>
            <ns3:hr>184</ns3:hr>
            <ns3:cad>92</ns3:cad>
          </ns3:TrackPointExtension>
        </extensions>
      </trkpt>
      <trkpt lat="40.40434841997921466827392578125" lon="116.68395328335464000701904296875">
        <ele>84.40000152587890625</ele>
        <time>2026-09-03T10:58:29.000Z</time>
        <extensions>
          <ns3:TrackPointExtension>
            <ns3:hr>185</ns3:hr>
            <ns3:cad>95</ns3:cad>
          </ns3:TrackPointExtension>
        </extensions>
      </trkpt>
      <trkpt lat="40.40432746522128582000732421875" lon="116.68389896862208843231201171875">
        <ele>84.40000152587890625</ele>
        <time>2026-09-03T10:58:30.000Z</time>
        <extensions>
          <ns3:TrackPointExtension>
            <ns3:hr>185</ns3:hr>
            <ns3:cad>95</ns3:cad>
          </ns3:TrackPointExtension>
        </extensions>
      </trkpt>
      <trkpt lat="40.40431044995784759521484375" lon="116.68386477045714855194091796875">
        <ele>84.40000152587890625</ele>
        <time>2026-09-03T10:58:31.000Z</time>
        <extensions>
          <ns3:TrackPointExtension>
            <ns3:hr>185</ns3:hr>
            <ns3:cad>95</ns3:cad>
          </ns3:TrackPointExtension>
        </extensions>
      </trkpt>
      <trkpt lat="40.40429033339023590087890625" lon="116.6838314943015575408935546875">
        <ele>84.40000152587890625</ele>
        <time>2026-09-03T10:58:32.000Z</time>
        <extensions>
          <ns3:TrackPointExtension>
            <ns3:hr>184</ns3:hr>
            <ns3:cad>92</ns3:cad>
          </ns3:TrackPointExtension>
        </extensions>
      </trkpt>
      <trkpt lat="40.404252447187900543212890625" lon="116.68378463946282863616943359375">
        <ele>84.40000152587890625</ele>
        <time>2026-09-03T10:58:33.000Z</time>
        <extensions>
          <ns3:TrackPointExtension>
            <ns3:hr>184</ns3:hr>
            <ns3:cad>91</ns3:cad>
          </ns3:TrackPointExtension>
        </extensions>
      </trkpt>
      <trkpt lat="40.40423543192446231842041015625" lon="116.6837684623897075653076171875">
        <ele>84.40000152587890625</ele>
        <time>2026-09-03T10:58:34.000Z</time>
        <extensions>
          <ns3:TrackPointExtension>
            <ns3:hr>185</ns3:hr>
            <ns3:cad>91</ns3:cad>
          </ns3:TrackPointExtension>
        </extensions>
      </trkpt>
      <trkpt lat="40.404184050858020782470703125" lon="116.6837285645306110382080078125">
        <ele>84.40000152587890625</ele>
        <time>2026-09-03T10:58:35.000Z</time>
        <extensions>
          <ns3:TrackPointExtension>
            <ns3:hr>185</ns3:hr>
            <ns3:cad>91</ns3:cad>
          </ns3:TrackPointExtension>
        </extensions>
      </trkpt>
      <trkpt lat="40.40417457930743694305419921875" lon="116.6837232001125812530517578125">
        <ele>84.40000152587890625</ele>
        <time>2026-09-03T10:58:36.000Z</time>
        <extensions>
          <ns3:TrackPointExtension>
            <ns3:hr>185</ns3:hr>
            <ns3:cad>94</ns3:cad>
          </ns3:TrackPointExtension>
        </extensions>
      </trkpt>
      <trkpt lat="40.40412093512713909149169921875" lon="116.68370048515498638153076171875">
        <ele>84.40000152587890625</ele>
        <time>2026-09-03T10:58:37.000Z</time>
        <extensions>
          <ns3:TrackPointExtension>
            <ns3:hr>185</ns3:hr>
            <ns3:cad>94</ns3:cad>
          </ns3:TrackPointExtension>
        </extensions>
      </trkpt>
      <trkpt lat="40.40410257875919342041015625" lon="116.683695204555988311767578125">
        <ele>84.40000152587890625</ele>
        <time>2026-09-03T10:58:38.000Z</time>
        <extensions>
          <ns3:TrackPointExtension>
            <ns3:hr>186</ns3:hr>
            <ns3:cad>94</ns3:cad>
          </ns3:TrackPointExtension>
        </extensions>
      </trkpt>
      <trkpt lat="40.40405220352113246917724609375" lon="116.6836883313953876495361328125">
        <ele>84.40000152587890625</ele>
        <time>2026-09-03T10:58:39.000Z</time>
        <extensions>
          <ns3:TrackPointExtension>
            <ns3:hr>186</ns3:hr>
            <ns3:cad>94</ns3:cad>
          </ns3:TrackPointExtension>
        </extensions>
      </trkpt>
      <trkpt lat="40.4040199331939220428466796875" lon="116.68368757702410221099853515625">
        <ele>84.40000152587890625</ele>
        <time>2026-09-03T10:58:40.000Z</time>
        <extensions>
          <ns3:TrackPointExtension>
            <ns3:hr>186</ns3:hr>
            <ns3:cad>92</ns3:cad>
          </ns3:TrackPointExtension>
        </extensions>
      </trkpt>
      <trkpt lat="40.40396737866103649139404296875" lon="116.68368673883378505706787109375">
        <ele>84.40000152587890625</ele>
        <time>2026-09-03T10:58:41.000Z</time>
        <extensions>
          <ns3:TrackPointExtension>
            <ns3:hr>186</ns3:hr>
            <ns3:cad>92</ns3:cad>
          </ns3:TrackPointExtension>
        </extensions>
      </trkpt>
      <trkpt lat="40.40392865426838397979736328125" lon="116.68368615210056304931640625">
        <ele>84.40000152587890625</ele>
        <time>2026-09-03T10:58:42.000Z</time>
        <extensions>
          <ns3:TrackPointExtension>
            <ns3:hr>186</ns3:hr>
            <ns3:cad>92</ns3:cad>
          </ns3:TrackPointExtension>
        </extensions>
      </trkpt>
      <trkpt lat="40.4038945399224758148193359375" lon="116.6836856491863727569580078125">
        <ele>84.40000152587890625</ele>
        <time>2026-09-03T10:58:43.000Z</time>
        <extensions>
          <ns3:TrackPointExtension>
            <ns3:hr>187</ns3:hr>
            <ns3:cad>92</ns3:cad>
          </ns3:TrackPointExtension>
        </extensions>
      </trkpt>
      <trkpt lat="40.40383896790444850921630859375" lon="116.68368481099605560302734375">
        <ele>84.40000152587890625</ele>
        <time>2026-09-03T10:58:44.000Z</time>
        <extensions>
          <ns3:TrackPointExtension>
            <ns3:hr>187</ns3:hr>
            <ns3:cad>94</ns3:cad>
          </ns3:TrackPointExtension>
        </extensions>
      </trkpt>
      <trkpt lat="40.40382497012615203857421875" lon="116.68368455953896045684814453125">
        <ele>84.40000152587890625</ele>
        <time>2026-09-03T10:58:45.000Z</time>
        <extensions>
          <ns3:TrackPointExtension>
            <ns3:hr>187</ns3:hr>
            <ns3:cad>94</ns3:cad>
          </ns3:TrackPointExtension>
        </extensions>
      </trkpt>
      <trkpt lat="40.40375984273850917816162109375" lon="116.68368355371057987213134765625">
        <ele>84.40000152587890625</ele>
        <time>2026-09-03T10:58:46.000Z</time>
        <extensions>
          <ns3:TrackPointExtension>
            <ns3:hr>187</ns3:hr>
            <ns3:cad>94</ns3:cad>
          </ns3:TrackPointExtension>
        </extensions>
      </trkpt>
      <trkpt lat="40.40374341420829296112060546875" lon="116.6836833022534847259521484375">
        <ele>84.40000152587890625</ele>
        <time>2026-09-03T10:58:47.000Z</time>
        <extensions>
          <ns3:TrackPointExtension>
            <ns3:hr>187</ns3:hr>
            <ns3:cad>95</ns3:cad>
          </ns3:TrackPointExtension>
        </extensions>
      </trkpt>
      <trkpt lat="40.403685830533504486083984375" lon="116.68368238024413585662841796875">
        <ele>84.40000152587890625</ele>
        <time>2026-09-03T10:58:48.000Z</time>
        <extensions>
          <ns3:TrackPointExtension>
            <ns3:hr>187</ns3:hr>
            <ns3:cad>95</ns3:cad>
          </ns3:TrackPointExtension>
        </extensions>
      </trkpt>
      <trkpt lat="40.40366646833717823028564453125" lon="116.68368204496800899505615234375">
        <ele>84.40000152587890625</ele>
        <time>2026-09-03T10:58:49.000Z</time>
        <extensions>
          <ns3:TrackPointExtension>
            <ns3:hr>187</ns3:hr>
            <ns3:cad>95</ns3:cad>
          </ns3:TrackPointExtension>
        </extensions>
      </trkpt>
      <trkpt lat="40.40361299179494380950927734375" lon="116.6836812905967235565185546875">
        <ele>84.40000152587890625</ele>
        <time>2026-09-03T10:58:50.000Z</time>
        <extensions>
          <ns3:TrackPointExtension>
            <ns3:hr>188</ns3:hr>
            <ns3:cad>91</ns3:cad>
          </ns3:TrackPointExtension>
        </extensions>
      </trkpt>
      <trkpt lat="40.4035743512213230133056640625" lon="116.6836806200444698333740234375">
        <ele>84.40000152587890625</ele>
        <time>2026-09-03T10:58:51.000Z</time>
        <extensions>
          <ns3:TrackPointExtension>
            <ns3:hr>188</ns3:hr>
            <ns3:cad>91</ns3:cad>
          </ns3:TrackPointExtension>
        </extensions>
      </trkpt>
      <trkpt lat="40.40353369899094104766845703125" lon="116.68368003331124782562255859375">
        <ele>84.40000152587890625</ele>
        <time>2026-09-03T10:58:52.000Z</time>
        <extensions>
          <ns3:TrackPointExtension>
            <ns3:hr>188</ns3:hr>
            <ns3:cad>91</ns3:cad>
          </ns3:TrackPointExtension>
        </extensions>
      </trkpt>
      <trkpt lat="40.40348608978092670440673828125" lon="116.6836792789399623870849609375">
        <ele>84.40000152587890625</ele>
        <time>2026-09-03T10:58:53.000Z</time>
        <extensions>
          <ns3:TrackPointExtension>
            <ns3:hr>188</ns3:hr>
            <ns3:cad>91</ns3:cad>
          </ns3:TrackPointExtension>
        </extensions>
      </trkpt>
      <trkpt lat="40.4034580104053020477294921875" lon="116.68367885984480381011962890625">
        <ele>84.40000152587890625</ele>
        <time>2026-09-03T10:58:54.000Z</time>
        <extensions>
          <ns3:TrackPointExtension>
            <ns3:hr>188</ns3:hr>
            <ns3:cad>91</ns3:cad>
          </ns3:TrackPointExtension>
        </extensions>
      </trkpt>
      <trkpt lat="40.40339983999729156494140625" lon="116.6836779378354549407958984375">
        <ele>84.40000152587890625</ele>
        <time>2026-09-03T10:58:55.000Z</time>
        <extensions>
          <ns3:TrackPointExtension>
            <ns3:hr>188</ns3:hr>
            <ns3:cad>91</ns3:cad>
          </ns3:TrackPointExtension>
        </extensions>
      </trkpt>
      <trkpt lat="40.403380058705806732177734375" lon="116.6836776025593280792236328125">
        <ele>84.40000152587890625</ele>
        <time>2026-09-03T10:58:56.000Z</time>
        <extensions>
          <ns3:TrackPointExtension>
            <ns3:hr>188</ns3:hr>
            <ns3:cad>91</ns3:cad>
          </ns3:TrackPointExtension>
        </extensions>
      </trkpt>
      <trkpt lat="40.4033249057829380035400390625" lon="116.68367676436901092529296875">
        <ele>84.40000152587890625</ele>
        <time>2026-09-03T10:58:57.000Z</time>
        <extensions>
          <ns3:TrackPointExtension>
            <ns3:hr>188</ns3:hr>
            <ns3:cad>91</ns3:cad>
          </ns3:TrackPointExtension>
        </extensions>
      </trkpt>
      <trkpt lat="40.403306297957897186279296875" lon="116.683676429092884063720703125">
        <ele>84.40000152587890625</ele>
        <time>2026-09-03T10:58:58.000Z</time>
        <extensions>
          <ns3:TrackPointExtension>
            <ns3:hr>188</ns3:hr>
            <ns3:cad>91</ns3:cad>
          </ns3:TrackPointExtension>
        </extensions>
      </trkpt>
      <trkpt lat="40.40325122885406017303466796875" lon="116.6836789436638355255126953125">
        <ele>84.40000152587890625</ele>
        <time>2026-09-03T10:58:59.000Z</time>
        <extensions>
          <ns3:TrackPointExtension>
            <ns3:hr>188</ns3:hr>
            <ns3:cad>92</ns3:cad>
          </ns3:TrackPointExtension>
        </extensions>
      </trkpt>
      <trkpt lat="40.40322910062968730926513671875" lon="116.683683134615421295166015625">
        <ele>84.40000152587890625</ele>
        <time>2026-09-03T10:59:00.000Z</time>
        <extensions>
          <ns3:TrackPointExtension>
            <ns3:hr>188</ns3:hr>
            <ns3:cad>93</ns3:cad>
          </ns3:TrackPointExtension>
        </extensions>
      </trkpt>
      <trkpt lat="40.40317394770681858062744140625" lon="116.68370216153562068939208984375">
        <ele>84.40000152587890625</ele>
        <time>2026-09-03T10:59:01.000Z</time>
        <extensions>
          <ns3:TrackPointExtension>
            <ns3:hr>188</ns3:hr>
            <ns3:cad>93</ns3:cad>
          </ns3:TrackPointExtension>
        </extensions>
      </trkpt>
      <trkpt lat="40.4031431861221790313720703125" lon="116.6837188415229320526123046875">
        <ele>84.40000152587890625</ele>
        <time>2026-09-03T10:59:02.000Z</time>
        <extensions>
          <ns3:TrackPointExtension>
            <ns3:hr>188</ns3:hr>
            <ns3:cad>93</ns3:cad>
          </ns3:TrackPointExtension>
        </extensions>
      </trkpt>
      <trkpt lat="40.40310437791049480438232421875" lon="116.6837473399937152862548828125">
        <ele>84.40000152587890625</ele>
        <time>2026-09-03T10:59:03.000Z</time>
        <extensions>
          <ns3:TrackPointExtension>
            <ns3:hr>188</ns3:hr>
            <ns3:cad>94</ns3:cad>
          </ns3:TrackPointExtension>
        </extensions>
      </trkpt>
      <trkpt lat="40.40306699462234973907470703125" lon="116.6837847232818603515625">
        <ele>84.40000152587890625</ele>
        <time>2026-09-03T10:59:04.000Z</time>
        <extensions>
          <ns3:TrackPointExtension>
            <ns3:hr>188</ns3:hr>
            <ns3:cad>94</ns3:cad>
          </ns3:TrackPointExtension>
        </extensions>
      </trkpt>
      <trkpt lat="40.40304134599864482879638671875" lon="116.683817245066165924072265625">
        <ele>84.40000152587890625</ele>
        <time>2026-09-03T10:59:05.000Z</time>
        <extensions>
          <ns3:TrackPointExtension>
            <ns3:hr>188</ns3:hr>
            <ns3:cad>92</ns3:cad>
          </ns3:TrackPointExtension>
        </extensions>
      </trkpt>
      <trkpt lat="40.4030035436153411865234375" lon="116.6838841326534748077392578125">
        <ele>84.40000152587890625</ele>
        <time>2026-09-03T10:59:06.000Z</time>
        <extensions>
          <ns3:TrackPointExtension>
            <ns3:hr>189</ns3:hr>
            <ns3:cad>92</ns3:cad>
          </ns3:TrackPointExtension>
        </extensions>
      </trkpt>
      <trkpt lat="40.402991808950901031494140625" lon="116.68391003273427486419677734375">
        <ele>84.40000152587890625</ele>
        <time>2026-09-03T10:59:07.000Z</time>
        <extensions>
          <ns3:TrackPointExtension>
            <ns3:hr>189</ns3:hr>
            <ns3:cad>92</ns3:cad>
          </ns3:TrackPointExtension>
        </extensions>
      </trkpt>
      <trkpt lat="40.4029648192226886749267578125" lon="116.68400525115430355072021484375">
        <ele>84.40000152587890625</ele>
        <time>2026-09-03T10:59:08.000Z</time>
        <extensions>
          <ns3:TrackPointExtension>
            <ns3:hr>189</ns3:hr>
            <ns3:cad>92</ns3:cad>
          </ns3:TrackPointExtension>
        </extensions>
      </trkpt>
      <trkpt lat="40.40296054445207118988037109375" lon="116.6840323247015476226806640625">
        <ele>84.40000152587890625</ele>
        <time>2026-09-03T10:59:09.000Z</time>
        <extensions>
          <ns3:TrackPointExtension>
            <ns3:hr>189</ns3:hr>
            <ns3:cad>92</ns3:cad>
          </ns3:TrackPointExtension>
        </extensions>
      </trkpt>
      <trkpt lat="40.40295534767210483551025390625" lon="116.684135086834430694580078125">
        <ele>84.40000152587890625</ele>
        <time>2026-09-03T10:59:10.000Z</time>
        <extensions>
          <ns3:TrackPointExtension>
            <ns3:hr>189</ns3:hr>
            <ns3:cad>92</ns3:cad>
          </ns3:TrackPointExtension>
        </extensions>
      </trkpt>
      <trkpt lat="40.40295819751918315887451171875" lon="116.68416433967649936676025390625">
        <ele>84.40000152587890625</ele>
        <time>2026-09-03T10:59:11.000Z</time>
        <extensions>
          <ns3:TrackPointExtension>
            <ns3:hr>189</ns3:hr>
            <ns3:cad>93</ns3:cad>
          </ns3:TrackPointExtension>
        </extensions>
      </trkpt>
      <trkpt lat="40.40297227911651134490966796875" lon="116.68424832634627819061279296875">
        <ele>84.40000152587890625</ele>
        <time>2026-09-03T10:59:12.000Z</time>
        <extensions>
          <ns3:TrackPointExtension>
            <ns3:hr>190</ns3:hr>
            <ns3:cad>93</ns3:cad>
          </ns3:TrackPointExtension>
        </extensions>
      </trkpt>
      <trkpt lat="40.40298753418028354644775390625" lon="116.68429643847048282623291015625">
        <ele>84.40000152587890625</ele>
        <time>2026-09-03T10:59:13.000Z</time>
        <extensions>
          <ns3:TrackPointExtension>
            <ns3:hr>190</ns3:hr>
            <ns3:cad>93</ns3:cad>
          </ns3:TrackPointExtension>
        </extensions>
      </trkpt>
      <trkpt lat="40.40301284752786159515380859375" lon="116.68435444124042987823486328125">
        <ele>84.40000152587890625</ele>
        <time>2026-09-03T10:59:14.000Z</time>
        <extensions>
          <ns3:TrackPointExtension>
            <ns3:hr>190</ns3:hr>
            <ns3:cad>91</ns3:cad>
          </ns3:TrackPointExtension>
        </extensions>
      </trkpt>
      <trkpt lat="40.4030422680079936981201171875" lon="116.684402637183666229248046875">
        <ele>84.40000152587890625</ele>
        <time>2026-09-03T10:59:15.000Z</time>
        <extensions>
          <ns3:TrackPointExtension>
            <ns3:hr>190</ns3:hr>
            <ns3:cad>91</ns3:cad>
          </ns3:TrackPointExtension>
        </extensions>
      </trkpt>
      <trkpt lat="40.40307085029780864715576171875" lon="116.68443851172924041748046875">
        <ele>84.40000152587890625</ele>
        <time>2026-09-03T10:59:16.000Z</time>
        <extensions>
          <ns3:TrackPointExtension>
            <ns3:hr>190</ns3:hr>
            <ns3:cad>91</ns3:cad>
          </ns3:TrackPointExtension>
        </extensions>
      </trkpt>
      <trkpt lat="40.40311762131750583648681640625" lon="116.68448167853057384490966796875">
        <ele>84.40000152587890625</ele>
        <time>2026-09-03T10:59:17.000Z</time>
        <extensions>
          <ns3:TrackPointExtension>
            <ns3:hr>190</ns3:hr>
            <ns3:cad>91</ns3:cad>
          </ns3:TrackPointExtension>
        </extensions>
      </trkpt>
      <trkpt lat="40.40313237346708774566650390625" lon="116.6844919882714748382568359375">
        <ele>84.40000152587890625</ele>
        <time>2026-09-03T10:59:18.000Z</time>
        <extensions>
          <ns3:TrackPointExtension>
            <ns3:hr>190</ns3:hr>
            <ns3:cad>93</ns3:cad>
          </ns3:TrackPointExtension>
        </extensions>
      </trkpt>
      <trkpt lat="40.40318668819963932037353515625" lon="116.684521995484828948974609375">
        <ele>84.40000152587890625</ele>
        <time>2026-09-03T10:59:19.000Z</time>
        <extensions>
          <ns3:TrackPointExtension>
            <ns3:hr>190</ns3:hr>
            <ns3:cad>93</ns3:cad>
          </ns3:TrackPointExtension>
        </extensions>
      </trkpt>
      <trkpt lat="40.4032095707952976226806640625" lon="116.6845295391976833343505859375">
        <ele>84.40000152587890625</ele>
        <time>2026-09-03T10:59:20.000Z</time>
        <extensions>
          <ns3:TrackPointExtension>
            <ns3:hr>191</ns3:hr>
            <ns3:cad>93</ns3:cad>
          </ns3:TrackPointExtension>
        </extensions>
      </trkpt>
      <trkpt lat="40.40326313115656375885009765625" lon="116.68454001657664775848388671875">
        <ele>84.40000152587890625</ele>
        <time>2026-09-03T10:59:21.000Z</time>
        <extensions>
          <ns3:TrackPointExtension>
            <ns3:hr>191</ns3:hr>
            <ns3:cad>93</ns3:cad>
          </ns3:TrackPointExtension>
        </extensions>
      </trkpt>
      <trkpt lat="40.40328945033252239227294921875" lon="116.6845419444143772125244140625">
        <ele>84.40000152587890625</ele>
        <time>2026-09-03T10:59:22.000Z</time>
        <extensions>
          <ns3:TrackPointExtension>
            <ns3:hr>191</ns3:hr>
            <ns3:cad>93</ns3:cad>
          </ns3:TrackPointExtension>
        </extensions>
      </trkpt>
      <trkpt lat="40.4033443517982959747314453125" lon="116.684542782604694366455078125">
        <ele>84.40000152587890625</ele>
        <time>2026-09-03T10:59:23.000Z</time>
        <extensions>
          <ns3:TrackPointExtension>
            <ns3:hr>191</ns3:hr>
            <ns3:cad>93</ns3:cad>
          </ns3:TrackPointExtension>
        </extensions>
      </trkpt>
      <trkpt lat="40.4033844172954559326171875" lon="116.684543453156948089599609375">
        <ele>84.40000152587890625</ele>
        <time>2026-09-03T10:59:24.000Z</time>
        <extensions>
          <ns3:TrackPointExtension>
            <ns3:hr>191</ns3:hr>
            <ns3:cad>93</ns3:cad>
          </ns3:TrackPointExtension>
        </extensions>
      </trkpt>
      <trkpt lat="40.40342221967875957489013671875" lon="116.68454403989017009735107421875">
        <ele>84.40000152587890625</ele>
        <time>2026-09-03T10:59:25.000Z</time>
        <extensions>
          <ns3:TrackPointExtension>
            <ns3:hr>191</ns3:hr>
            <ns3:cad>94</ns3:cad>
          </ns3:TrackPointExtension>
        </extensions>
      </trkpt>
      <trkpt lat="40.40348189882934093475341796875" lon="116.6845449618995189666748046875">
        <ele>84.40000152587890625</ele>
        <time>2026-09-03T10:59:26.000Z</time>
        <extensions>
          <ns3:TrackPointExtension>
            <ns3:hr>191</ns3:hr>
            <ns3:cad>94</ns3:cad>
          </ns3:TrackPointExtension>
        </extensions>
      </trkpt>
      <trkpt lat="40.40351115167140960693359375" lon="116.68454538099467754364013671875">
        <ele>84.40000152587890625</ele>
        <time>2026-09-03T10:59:27.000Z</time>
        <extensions>
          <ns3:TrackPointExtension>
            <ns3:hr>191</ns3:hr>
            <ns3:cad>94</ns3:cad>
          </ns3:TrackPointExtension>
        </extensions>
      </trkpt>
      <trkpt lat="40.40355716831982135772705078125" lon="116.684546135365962982177734375">
        <ele>84.40000152587890625</ele>
        <time>2026-09-03T10:59:28.000Z</time>
        <extensions>
          <ns3:TrackPointExtension>
            <ns3:hr>191</ns3:hr>
            <ns3:cad>93</ns3:cad>
          </ns3:TrackPointExtension>
        </extensions>
      </trkpt>
      <trkpt lat="40.4035709984600543975830078125" lon="116.6845463030040264129638671875">
        <ele>84.40000152587890625</ele>
        <time>2026-09-03T10:59:29.000Z</time>
        <extensions>
          <ns3:TrackPointExtension>
            <ns3:hr>191</ns3:hr>
            <ns3:cad>93</ns3:cad>
          </ns3:TrackPointExtension>
        </extensions>
      </trkpt>
      <trkpt lat="40.40363696403801441192626953125" lon="116.68454739265143871307373046875">
        <ele>84.40000152587890625</ele>
        <time>2026-09-03T10:59:30.000Z</time>
        <extensions>
          <ns3:TrackPointExtension>
            <ns3:hr>191</ns3:hr>
            <ns3:cad>93</ns3:cad>
          </ns3:TrackPointExtension>
        </extensions>
      </trkpt>
      <trkpt lat="40.40365473367273807525634765625" lon="116.6845476441085338592529296875">
        <ele>84.40000152587890625</ele>
        <time>2026-09-03T10:59:31.000Z</time>
        <extensions>
          <ns3:TrackPointExtension>
            <ns3:hr>191</ns3:hr>
            <ns3:cad>93</ns3:cad>
          </ns3:TrackPointExtension>
        </extensions>
      </trkpt>
      <trkpt lat="40.4037111438810825347900390625" lon="116.68454848229885101318359375">
        <ele>84.40000152587890625</ele>
        <time>2026-09-03T10:59:32.000Z</time>
        <extensions>
          <ns3:TrackPointExtension>
            <ns3:hr>191</ns3:hr>
            <ns3:cad>93</ns3:cad>
          </ns3:TrackPointExtension>
        </extensions>
      </trkpt>
      <trkpt lat="40.40373754687607288360595703125" lon="116.68454890139400959014892578125">
        <ele>84.40000152587890625</ele>
        <time>2026-09-03T10:59:33.000Z</time>
        <extensions>
          <ns3:TrackPointExtension>
            <ns3:hr>191</ns3:hr>
            <ns3:cad>93</ns3:cad>
          </ns3:TrackPointExtension>
        </extensions>
      </trkpt>
      <trkpt lat="40.40378297679126262664794921875" lon="116.6845496557652950286865234375">
        <ele>84.40000152587890625</ele>
        <time>2026-09-03T10:59:34.000Z</time>
        <extensions>
          <ns3:TrackPointExtension>
            <ns3:hr>191</ns3:hr>
            <ns3:cad>93</ns3:cad>
          </ns3:TrackPointExtension>
        </extensions>
      </trkpt>
      <trkpt lat="40.40382119826972484588623046875" lon="116.68455024249851703643798828125">
        <ele>84.40000152587890625</ele>
        <time>2026-09-03T10:59:35.000Z</time>
        <extensions>
          <ns3:TrackPointExtension>
            <ns3:hr>191</ns3:hr>
            <ns3:cad>93</ns3:cad>
          </ns3:TrackPointExtension>
        </extensions>
      </trkpt>
      <trkpt lat="40.403858162462711334228515625" lon="116.684550829231739044189453125">
        <ele>84.40000152587890625</ele>
        <time>2026-09-03T10:59:36.000Z</time>
        <extensions>
          <ns3:TrackPointExtension>
            <ns3:hr>190</ns3:hr>
            <ns3:cad>93</ns3:cad>
          </ns3:TrackPointExtension>
        </extensions>
      </trkpt>
      <trkpt lat="40.40390552021563053131103515625" lon="116.68455158360302448272705078125">
        <ele>84.40000152587890625</ele>
        <time>2026-09-03T10:59:37.000Z</time>
        <extensions>
          <ns3:TrackPointExtension>
            <ns3:hr>190</ns3:hr>
            <ns3:cad>93</ns3:cad>
          </ns3:TrackPointExtension>
        </extensions>
      </trkpt>
      <trkpt lat="40.4039374552667140960693359375" lon="116.68455208651721477508544921875">
        <ele>84.40000152587890625</ele>
        <time>2026-09-03T10:59:38.000Z</time>
        <extensions>
          <ns3:TrackPointExtension>
            <ns3:hr>190</ns3:hr>
            <ns3:cad>91</ns3:cad>
          </ns3:TrackPointExtension>
        </extensions>
      </trkpt>
      <trkpt lat="40.40398749522864818572998046875" lon="116.684552840888500213623046875">
        <ele>84.40000152587890625</ele>
        <time>2026-09-03T10:59:39.000Z</time>
        <extensions>
          <ns3:TrackPointExtension>
            <ns3:hr>190</ns3:hr>
            <ns3:cad>91</ns3:cad>
          </ns3:TrackPointExtension>
        </extensions>
      </trkpt>
      <trkpt lat="40.4040125571191310882568359375" lon="116.6845531761646270751953125">
        <ele>84.40000152587890625</ele>
        <time>2026-09-03T10:59:40.000Z</time>
        <extensions>
          <ns3:TrackPointExtension>
            <ns3:hr>189</ns3:hr>
            <ns3:cad>92</ns3:cad>
          </ns3:TrackPointExtension>
        </extensions>
      </trkpt>
      <trkpt lat="40.4040648601949214935302734375" lon="116.68455191887915134429931640625">
        <ele>84.40000152587890625</ele>
        <time>2026-09-03T10:59:41.000Z</time>
        <extensions>
          <ns3:TrackPointExtension>
            <ns3:hr>189</ns3:hr>
            <ns3:cad>94</ns3:cad>
          </ns3:TrackPointExtension>
        </extensions>
      </trkpt>
      <trkpt lat="40.40408707223832607269287109375" lon="116.684550158679485321044921875">
        <ele>84.40000152587890625</ele>
        <time>2026-09-03T10:59:42.000Z</time>
        <extensions>
          <ns3:TrackPointExtension>
            <ns3:hr>189</ns3:hr>
            <ns3:cad>94</ns3:cad>
          </ns3:TrackPointExtension>
        </extensions>
      </trkpt>
      <trkpt lat="40.40414205752313137054443359375" lon="116.68453381396830081939697265625">
        <ele>84.40000152587890625</ele>
        <time>2026-09-03T10:59:43.000Z</time>
        <extensions>
          <ns3:TrackPointExtension>
            <ns3:hr>189</ns3:hr>
            <ns3:cad>93</ns3:cad>
          </ns3:TrackPointExtension>
        </extensions>
      </trkpt>
      <trkpt lat="40.4041714780032634735107421875" lon="116.68452057056128978729248046875">
        <ele>84.40000152587890625</ele>
        <time>2026-09-03T10:59:44.000Z</time>
        <extensions>
          <ns3:TrackPointExtension>
            <ns3:hr>189</ns3:hr>
            <ns3:cad>93</ns3:cad>
          </ns3:TrackPointExtension>
        </extensions>
      </trkpt>
      <trkpt lat="40.4041993059217929840087890625" lon="116.684502549469470977783203125">
        <ele>84.40000152587890625</ele>
        <time>2026-09-03T10:59:45.000Z</time>
        <extensions>
          <ns3:TrackPointExtension>
            <ns3:hr>190</ns3:hr>
            <ns3:cad>93</ns3:cad>
          </ns3:TrackPointExtension>
        </extensions>
      </trkpt>
      <trkpt lat="40.4042293131351470947265625" lon="116.6844789125025272369384765625">
        <ele>84.40000152587890625</ele>
        <time>2026-09-03T10:59:46.000Z</time>
        <extensions>
          <ns3:TrackPointExtension>
            <ns3:hr>189</ns3:hr>
            <ns3:cad>93</ns3:cad>
          </ns3:TrackPointExtension>
        </extensions>
      </trkpt>
      <trkpt lat="40.40426242165267467498779296875" lon="116.6844453848898410797119140625">
        <ele>84.40000152587890625</ele>
        <time>2026-09-03T10:59:47.000Z</time>
        <extensions>
          <ns3:TrackPointExtension>
            <ns3:hr>189</ns3:hr>
            <ns3:cad>92</ns3:cad>
          </ns3:TrackPointExtension>
        </extensions>
      </trkpt>
      <trkpt lat="40.4042901657521724700927734375" lon="116.68440959416329860687255859375">
        <ele>84.40000152587890625</ele>
        <time>2026-09-03T10:59:48.000Z</time>
        <extensions>
          <ns3:TrackPointExtension>
            <ns3:hr>189</ns3:hr>
            <ns3:cad>92</ns3:cad>
          </ns3:TrackPointExtension>
        </extensions>
      </trkpt>
      <trkpt lat="40.40430751629173755645751953125" lon="116.6843823529779911041259765625">
        <ele>84.40000152587890625</ele>
        <time>2026-09-03T10:59:49.000Z</time>
        <extensions>
          <ns3:TrackPointExtension>
            <ns3:hr>189</ns3:hr>
            <ns3:cad>94</ns3:cad>
          </ns3:TrackPointExtension>
        </extensions>
      </trkpt>
      <trkpt lat="40.40433182381093502044677734375" lon="116.68433382175862789154052734375">
        <ele>84.40000152587890625</ele>
        <time>2026-09-03T10:59:50.000Z</time>
        <extensions>
          <ns3:TrackPointExtension>
            <ns3:hr>188</ns3:hr>
            <ns3:cad>95</ns3:cad>
          </ns3:TrackPointExtension>
        </extensions>
      </trkpt>
      <trkpt lat="40.40434473194181919097900390625" lon="116.68429945595562458038330078125">
        <ele>84.40000152587890625</ele>
        <time>2026-09-03T10:59:51.000Z</time>
        <extensions>
          <ns3:TrackPointExtension>
            <ns3:hr>188</ns3:hr>
            <ns3:cad>95</ns3:cad>
          </ns3:TrackPointExtension>
        </extensions>
      </trkpt>
      <trkpt lat="40.40436208248138427734375" lon="116.68423726223409175872802734375">
        <ele>84.40000152587890625</ele>
        <time>2026-09-03T10:59:52.000Z</time>
        <extensions>
          <ns3:TrackPointExtension>
            <ns3:hr>187</ns3:hr>
            <ns3:cad>95</ns3:cad>
          </ns3:TrackPointExtension>
        </extensions>
      </trkpt>
      <trkpt lat="40.404365770518779754638671875" lon="116.6842207498848438262939453125">
        <ele>84.40000152587890625</ele>
        <time>2026-09-03T10:59:53.000Z</time>
        <extensions>
          <ns3:TrackPointExtension>
            <ns3:hr>186</ns3:hr>
            <ns3:cad>91</ns3:cad>
          </ns3:TrackPointExtension>
        </extensions>
      </trkpt>
      <trkpt lat="40.40437373332679271697998046875" lon="116.68415696360170841217041015625">
        <ele>84.40000152587890625</ele>
        <time>2026-09-03T10:59:54.000Z</time>
        <extensions>
          <ns3:TrackPointExtension>
            <ns3:hr>186</ns3:hr>
            <ns3:cad>91</ns3:cad>
          </ns3:TrackPointExtension>
        </extensions>
      </trkpt>
      <trkpt lat="40.40437406860291957855224609375" lon="116.68413818813860416412353515625">
        <ele>84.40000152587890625</ele>
        <time>2026-09-03T10:59:55.000Z</time>
        <extensions>
          <ns3:TrackPointExtension>
            <ns3:hr>186</ns3:hr>
            <ns3:cad>92</ns3:cad>
          </ns3:TrackPointExtension>
        </extensions>
      </trkpt>
      <trkpt lat="40.40437105111777782440185546875" lon="116.6840604878962039947509765625">
        <ele>84.40000152587890625</ele>
        <time>2026-09-03T10:59:56.000Z</time>
        <extensions>
          <ns3:TrackPointExtension>
            <ns3:hr>186</ns3:hr>
            <ns3:cad>92</ns3:cad>
          </ns3:TrackPointExtension>
        </extensions>
      </trkpt>
      <trkpt lat="40.40436920709908008575439453125" lon="116.684041880071163177490234375">
        <ele>84.40000152587890625</ele>
        <time>2026-09-03T10:59:57.000Z</time>
        <extensions>
          <ns3:TrackPointExtension>
            <ns3:hr>185</ns3:hr>
            <ns3:cad>92</ns3:cad>
          </ns3:TrackPointExtension>
        </extensions>
      </trkpt>
      <trkpt lat="40.40435462258756160736083984375" lon="116.6839726455509662628173828125">
        <ele>84.40000152587890625</ele>
        <time>2026-09-03T10:59:58.000Z</time>
        <extensions>
          <ns3:TrackPointExtension>
            <ns3:hr>185</ns3:hr>
            <ns3:cad>92</ns3:cad>
          </ns3:TrackPointExtension>
        </extensions>
      </trkpt>
      <trkpt lat="40.404348336160182952880859375" lon="116.6839528642594814300537109375">
        <ele>84.40000152587890625</ele>
        <time>2026-09-03T10:59:59.000Z</time>
        <extensions>
          <ns3:TrackPointExtension>
            <ns3:hr>184</ns3:hr>
            <ns3:cad>92</ns3:cad>
          </ns3:TrackPointExtension>
        </extensions>
      </trkpt>
      <trkpt lat="40.40432813577353954315185546875" lon="116.68390047736465930938720703125">
        <ele>84.40000152587890625</ele>
        <time>2026-09-03T11:00:00.000Z</time>
        <extensions>
          <ns3:TrackPointExtension>
            <ns3:hr>184</ns3:hr>
            <ns3:cad>91</ns3:cad>
          </ns3:TrackPointExtension>
        </extensions>
      </trkpt>
      <trkpt lat="40.40431187488138675689697265625" lon="116.68386711739003658294677734375">
        <ele>84.40000152587890625</ele>
        <time>2026-09-03T11:00:01.000Z</time>
        <extensions>
          <ns3:TrackPointExtension>
            <ns3:hr>185</ns3:hr>
            <ns3:cad>90</ns3:cad>
          </ns3:TrackPointExtension>
        </extensions>
      </trkpt>
      <trkpt lat="40.404284633696079254150390625" lon="116.68382386676967144012451171875">
        <ele>84.40000152587890625</ele>
        <time>2026-09-03T11:00:02.000Z</time>
        <extensions>
          <ns3:TrackPointExtension>
            <ns3:hr>185</ns3:hr>
            <ns3:cad>90</ns3:cad>
          </ns3:TrackPointExtension>
        </extensions>
      </trkpt>
      <trkpt lat="40.4042583145201206207275390625" lon="116.68379075825214385986328125">
        <ele>84.40000152587890625</ele>
        <time>2026-09-03T11:00:03.000Z</time>
        <extensions>
          <ns3:TrackPointExtension>
            <ns3:hr>185</ns3:hr>
            <ns3:cad>91</ns3:cad>
          </ns3:TrackPointExtension>
        </extensions>
      </trkpt>
      <trkpt lat="40.40423124097287654876708984375" lon="116.6837644390761852264404296875">
        <ele>84.40000152587890625</ele>
        <time>2026-09-03T11:00:04.000Z</time>
        <extensions>
          <ns3:TrackPointExtension>
            <ns3:hr>184</ns3:hr>
            <ns3:cad>91</ns3:cad>
          </ns3:TrackPointExtension>
        </extensions>
      </trkpt>
      <trkpt lat="40.40419519878923892974853515625" lon="116.68373635970056056976318359375">
        <ele>84.40000152587890625</ele>
        <time>2026-09-03T11:00:05.000Z</time>
        <extensions>
          <ns3:TrackPointExtension>
            <ns3:hr>184</ns3:hr>
            <ns3:cad>91</ns3:cad>
          </ns3:TrackPointExtension>
        </extensions>
      </trkpt>
      <trkpt lat="40.4041703045368194580078125" lon="116.68372110463678836822509765625">
        <ele>84.40000152587890625</ele>
        <time>2026-09-03T11:00:06.000Z</time>
        <extensions>
          <ns3:TrackPointExtension>
            <ns3:hr>184</ns3:hr>
            <ns3:cad>91</ns3:cad>
          </ns3:TrackPointExtension>
        </extensions>
      </trkpt>
      <trkpt lat="40.40412026457488536834716796875" lon="116.68370031751692295074462890625">
        <ele>84.40000152587890625</ele>
        <time>2026-09-03T11:00:07.000Z</time>
        <extensions>
          <ns3:TrackPointExtension>
            <ns3:hr>184</ns3:hr>
            <ns3:cad>93</ns3:cad>
          </ns3:TrackPointExtension>
        </extensions>
      </trkpt>
      <trkpt lat="40.404098220169544219970703125" lon="116.68369394727051258087158203125">
        <ele>84.40000152587890625</ele>
        <time>2026-09-03T11:00:08.000Z</time>
        <extensions>
          <ns3:TrackPointExtension>
            <ns3:hr>184</ns3:hr>
            <ns3:cad>93</ns3:cad>
          </ns3:TrackPointExtension>
        </extensions>
      </trkpt>
      <trkpt lat="40.404039882123470306396484375" lon="116.68368791230022907257080078125">
        <ele>84.40000152587890625</ele>
        <time>2026-09-03T11:00:09.000Z</time>
        <extensions>
          <ns3:TrackPointExtension>
            <ns3:hr>183</ns3:hr>
            <ns3:cad>92</ns3:cad>
          </ns3:TrackPointExtension>
        </extensions>
      </trkpt>
      <trkpt lat="40.4040206037461757659912109375" lon="116.68368757702410221099853515625">
        <ele>84.40000152587890625</ele>
        <time>2026-09-03T11:00:10.000Z</time>
        <extensions>
          <ns3:TrackPointExtension>
            <ns3:hr>183</ns3:hr>
            <ns3:cad>92</ns3:cad>
          </ns3:TrackPointExtension>
        </extensions>
      </trkpt>
      <trkpt lat="40.40396017022430896759033203125" lon="116.6836866550147533416748046875">
        <ele>84.40000152587890625</ele>
        <time>2026-09-03T11:00:11.000Z</time>
        <extensions>
          <ns3:TrackPointExtension>
            <ns3:hr>183</ns3:hr>
            <ns3:cad>92</ns3:cad>
          </ns3:TrackPointExtension>
        </extensions>
      </trkpt>
      <trkpt lat="40.4039411433041095733642578125" lon="116.68368640355765819549560546875">
        <ele>84.40000152587890625</ele>
        <time>2026-09-03T11:00:12.000Z</time>
        <extensions>
          <ns3:TrackPointExtension>
            <ns3:hr>183</ns3:hr>
            <ns3:cad>93</ns3:cad>
          </ns3:TrackPointExtension>
        </extensions>
      </trkpt>
      <trkpt lat="40.403884314000606536865234375" lon="116.683685481548309326171875">
        <ele>84.40000152587890625</ele>
        <time>2026-09-03T11:00:13.000Z</time>
        <extensions>
          <ns3:TrackPointExtension>
            <ns3:hr>183</ns3:hr>
            <ns3:cad>93</ns3:cad>
          </ns3:TrackPointExtension>
        </extensions>
      </trkpt>
      <trkpt lat="40.40386386215686798095703125" lon="116.683685146272182464599609375">
        <ele>84.40000152587890625</ele>
        <time>2026-09-03T11:00:14.000Z</time>
        <extensions>
          <ns3:TrackPointExtension>
            <ns3:hr>183</ns3:hr>
            <ns3:cad>93</ns3:cad>
          </ns3:TrackPointExtension>
        </extensions>
      </trkpt>
      <trkpt lat="40.4038073681294918060302734375" lon="116.6836843080818653106689453125">
        <ele>84.40000152587890625</ele>
        <time>2026-09-03T11:00:15.000Z</time>
        <extensions>
          <ns3:TrackPointExtension>
            <ns3:hr>183</ns3:hr>
            <ns3:cad>93</ns3:cad>
          </ns3:TrackPointExtension>
        </extensions>
      </trkpt>
      <trkpt lat="40.4037822224199771881103515625" lon="116.68368388898670673370361328125">
        <ele>84.40000152587890625</ele>
        <time>2026-09-03T11:00:16.000Z</time>
        <extensions>
          <ns3:TrackPointExtension>
            <ns3:hr>183</ns3:hr>
            <ns3:cad>93</ns3:cad>
          </ns3:TrackPointExtension>
        </extensions>
      </trkpt>
      <trkpt lat="40.4037258960306644439697265625" lon="116.68368305079638957977294921875">
        <ele>84.40000152587890625</ele>
        <time>2026-09-03T11:00:17.000Z</time>
        <extensions>
          <ns3:TrackPointExtension>
            <ns3:hr>183</ns3:hr>
            <ns3:cad>90</ns3:cad>
          </ns3:TrackPointExtension>
        </extensions>
      </trkpt>
      <trkpt lat="40.403690524399280548095703125" lon="116.683682464063167572021484375">
        <ele>84.40000152587890625</ele>
        <time>2026-09-03T11:00:18.000Z</time>
        <extensions>
          <ns3:TrackPointExtension>
            <ns3:hr>183</ns3:hr>
            <ns3:cad>90</ns3:cad>
          </ns3:TrackPointExtension>
        </extensions>
      </trkpt>
      <trkpt lat="40.40365674532949924468994140625" lon="116.6836819611489772796630859375">
        <ele>84.40000152587890625</ele>
        <time>2026-09-03T11:00:19.000Z</time>
        <extensions>
          <ns3:TrackPointExtension>
            <ns3:hr>184</ns3:hr>
            <ns3:cad>92</ns3:cad>
          </ns3:TrackPointExtension>
        </extensions>
      </trkpt>
      <trkpt lat="40.40360846556723117828369140625" lon="116.68368120677769184112548828125">
        <ele>84.40000152587890625</ele>
        <time>2026-09-03T11:00:20.000Z</time>
        <extensions>
          <ns3:TrackPointExtension>
            <ns3:hr>184</ns3:hr>
            <ns3:cad>92</ns3:cad>
          </ns3:TrackPointExtension>
        </extensions>
      </trkpt>
      <trkpt lat="40.40357996709644794464111328125" lon="116.68368070386350154876708984375">
        <ele>84.40000152587890625</ele>
        <time>2026-09-03T11:00:21.000Z</time>
        <extensions>
          <ns3:TrackPointExtension>
            <ns3:hr>184</ns3:hr>
            <ns3:cad>92</ns3:cad>
          </ns3:TrackPointExtension>
        </extensions>
      </trkpt>
      <trkpt lat="40.40352833457291126251220703125" lon="116.6836799494922161102294921875">
        <ele>84.40000152587890625</ele>
        <time>2026-09-03T11:00:22.000Z</time>
        <extensions>
          <ns3:TrackPointExtension>
            <ns3:hr>185</ns3:hr>
            <ns3:cad>92</ns3:cad>
          </ns3:TrackPointExtension>
        </extensions>
      </trkpt>
      <trkpt lat="40.40350050665438175201416015625" lon="116.68367953039705753326416015625">
        <ele>84.40000152587890625</ele>
        <time>2026-09-03T11:00:23.000Z</time>
        <extensions>
          <ns3:TrackPointExtension>
            <ns3:hr>185</ns3:hr>
            <ns3:cad>92</ns3:cad>
          </ns3:TrackPointExtension>
        </extensions>
      </trkpt>
      <trkpt lat="40.4034429229795932769775390625" lon="116.6836786083877086639404296875">
        <ele>84.40000152587890625</ele>
        <time>2026-09-03T11:00:24.000Z</time>
        <extensions>
          <ns3:TrackPointExtension>
            <ns3:hr>186</ns3:hr>
            <ns3:cad>92</ns3:cad>
          </ns3:TrackPointExtension>
        </extensions>
      </trkpt>
      <trkpt lat="40.40342272259294986724853515625" lon="116.6836782731115818023681640625">
        <ele>84.40000152587890625</ele>
        <time>2026-09-03T11:00:25.000Z</time>
        <extensions>
          <ns3:TrackPointExtension>
            <ns3:hr>186</ns3:hr>
            <ns3:cad>92</ns3:cad>
          </ns3:TrackPointExtension>
        </extensions>
      </trkpt>
      <trkpt lat="40.40336539037525653839111328125" lon="116.68367735110223293304443359375">
        <ele>84.40000152587890625</ele>
        <time>2026-09-03T11:00:26.000Z</time>
        <extensions>
          <ns3:TrackPointExtension>
            <ns3:hr>187</ns3:hr>
            <ns3:cad>92</ns3:cad>
          </ns3:TrackPointExtension>
        </extensions>
      </trkpt>
      <trkpt lat="40.403345525264739990234375" lon="116.683677099645137786865234375">
        <ele>84.40000152587890625</ele>
        <time>2026-09-03T11:00:27.000Z</time>
        <extensions>
          <ns3:TrackPointExtension>
            <ns3:hr>187</ns3:hr>
            <ns3:cad>93</ns3:cad>
          </ns3:TrackPointExtension>
        </extensions>
      </trkpt>
      <trkpt lat="40.4032838344573974609375" lon="116.68367651291191577911376953125">
        <ele>84.40000152587890625</ele>
        <time>2026-09-03T11:00:28.000Z</time>
        <extensions>
          <ns3:TrackPointExtension>
            <ns3:hr>188</ns3:hr>
            <ns3:cad>93</ns3:cad>
          </ns3:TrackPointExtension>
        </extensions>
      </trkpt>
      <trkpt lat="40.40326933376491069793701171875" lon="116.6836776025593280792236328125">
        <ele>84.40000152587890625</ele>
        <time>2026-09-03T11:00:29.000Z</time>
        <extensions>
          <ns3:TrackPointExtension>
            <ns3:hr>188</ns3:hr>
            <ns3:cad>93</ns3:cad>
          </ns3:TrackPointExtension>
        </extensions>
      </trkpt>
      <trkpt lat="40.40321636013686656951904296875" lon="116.68368640355765819549560546875">
        <ele>84.40000152587890625</ele>
        <time>2026-09-03T11:00:30.000Z</time>
        <extensions>
          <ns3:TrackPointExtension>
            <ns3:hr>189</ns3:hr>
            <ns3:cad>92</ns3:cad>
          </ns3:TrackPointExtension>
        </extensions>
      </trkpt>
      <trkpt lat="40.40319456718862056732177734375" lon="116.68369285762310028076171875">
        <ele>84.40000152587890625</ele>
        <time>2026-09-03T11:00:31.000Z</time>
        <extensions>
          <ns3:TrackPointExtension>
            <ns3:hr>189</ns3:hr>
            <ns3:cad>92</ns3:cad>
          </ns3:TrackPointExtension>
        </extensions>
      </trkpt>
      <trkpt lat="40.403134636580944061279296875" lon="116.68372445739805698394775390625">
        <ele>84.40000152587890625</ele>
        <time>2026-09-03T11:00:32.000Z</time>
        <extensions>
          <ns3:TrackPointExtension>
            <ns3:hr>190</ns3:hr>
            <ns3:cad>92</ns3:cad>
          </ns3:TrackPointExtension>
        </extensions>
      </trkpt>
      <trkpt lat="40.40311242453753948211669921875" lon="116.683740131556987762451171875">
        <ele>84.40000152587890625</ele>
        <time>2026-09-03T11:00:33.000Z</time>
        <extensions>
          <ns3:TrackPointExtension>
            <ns3:hr>190</ns3:hr>
            <ns3:cad>92</ns3:cad>
          </ns3:TrackPointExtension>
        </extensions>
      </trkpt>
      <trkpt lat="40.40306598879396915435791015625" lon="116.6837860643863677978515625">
        <ele>84.40000152587890625</ele>
        <time>2026-09-03T11:00:34.000Z</time>
        <extensions>
          <ns3:TrackPointExtension>
            <ns3:hr>190</ns3:hr>
            <ns3:cad>91</ns3:cad>
          </ns3:TrackPointExtension>
        </extensions>
      </trkpt>
      <trkpt lat="40.40304235182702541351318359375" lon="116.6838157363235950469970703125">
        <ele>84.40000152587890625</ele>
        <time>2026-09-03T11:00:35.000Z</time>
        <extensions>
          <ns3:TrackPointExtension>
            <ns3:hr>190</ns3:hr>
            <ns3:cad>91</ns3:cad>
          </ns3:TrackPointExtension>
        </extensions>
      </trkpt>
      <trkpt lat="40.40301184169948101043701171875" lon="116.68386661447584629058837890625">
        <ele>84.40000152587890625</ele>
        <time>2026-09-03T11:00:36.000Z</time>
        <extensions>
          <ns3:TrackPointExtension>
            <ns3:hr>191</ns3:hr>
            <ns3:cad>91</ns3:cad>
          </ns3:TrackPointExtension>
        </extensions>
      </trkpt>
      <trkpt lat="40.40299658663570880889892578125" lon="116.6838987171649932861328125">
        <ele>84.40000152587890625</ele>
        <time>2026-09-03T11:00:37.000Z</time>
        <extensions>
          <ns3:TrackPointExtension>
            <ns3:hr>191</ns3:hr>
            <ns3:cad>91</ns3:cad>
          </ns3:TrackPointExtension>
        </extensions>
      </trkpt>
      <trkpt lat="40.4029758833348751068115234375" lon="116.6839568875730037689208984375">
        <ele>84.40000152587890625</ele>
        <time>2026-09-03T11:00:38.000Z</time>
        <extensions>
          <ns3:TrackPointExtension>
            <ns3:hr>191</ns3:hr>
            <ns3:cad>91</ns3:cad>
          </ns3:TrackPointExtension>
        </extensions>
      </trkpt>
      <trkpt lat="40.40296540595591068267822265625" lon="116.684002317488193511962890625">
        <ele>84.40000152587890625</ele>
        <time>2026-09-03T11:00:39.000Z</time>
        <extensions>
          <ns3:TrackPointExtension>
            <ns3:hr>191</ns3:hr>
            <ns3:cad>91</ns3:cad>
          </ns3:TrackPointExtension>
        </extensions>
      </trkpt>
      <trkpt lat="40.4029571078717708587646484375" lon="116.684062667191028594970703125">
        <ele>84.40000152587890625</ele>
        <time>2026-09-03T11:00:40.000Z</time>
        <extensions>
          <ns3:TrackPointExtension>
            <ns3:hr>191</ns3:hr>
            <ns3:cad>91</ns3:cad>
          </ns3:TrackPointExtension>
        </extensions>
      </trkpt>
      <trkpt lat="40.40295534767210483551025390625" lon="116.68411756865680217742919921875">
        <ele>84.40000152587890625</ele>
        <time>2026-09-03T11:00:41.000Z</time>
        <extensions>
          <ns3:TrackPointExtension>
            <ns3:hr>191</ns3:hr>
            <ns3:cad>91</ns3:cad>
          </ns3:TrackPointExtension>
        </extensions>
      </trkpt>
      <trkpt lat="40.40295819751918315887451171875" lon="116.6841650940477848052978515625">
        <ele>84.40000152587890625</ele>
        <time>2026-09-03T11:00:42.000Z</time>
        <extensions>
          <ns3:TrackPointExtension>
            <ns3:hr>191</ns3:hr>
            <ns3:cad>91</ns3:cad>
          </ns3:TrackPointExtension>
        </extensions>
      </trkpt>
      <trkpt lat="40.402970016002655029296875" lon="116.68423734605312347412109375">
        <ele>84.40000152587890625</ele>
        <time>2026-09-03T11:00:43.000Z</time>
        <extensions>
          <ns3:TrackPointExtension>
            <ns3:hr>191</ns3:hr>
            <ns3:cad>92</ns3:cad>
          </ns3:TrackPointExtension>
        </extensions>
      </trkpt>
      <trkpt lat="40.40297613479197025299072265625" lon="116.68426056392490863800048828125">
        <ele>84.40000152587890625</ele>
        <time>2026-09-03T11:00:44.000Z</time>
        <extensions>
          <ns3:TrackPointExtension>
            <ns3:hr>191</ns3:hr>
            <ns3:cad>92</ns3:cad>
          </ns3:TrackPointExtension>
        </extensions>
      </trkpt>
      <trkpt lat="40.403011925518512725830078125" lon="116.6843525134027004241943359375">
        <ele>84.40000152587890625</ele>
        <time>2026-09-03T11:00:45.000Z</time>
        <extensions>
          <ns3:TrackPointExtension>
            <ns3:hr>191</ns3:hr>
            <ns3:cad>92</ns3:cad>
          </ns3:TrackPointExtension>
        </extensions>
      </trkpt>
      <trkpt lat="40.40301770903170108795166015625" lon="116.68436248786747455596923828125">
        <ele>84.40000152587890625</ele>
        <time>2026-09-03T11:00:46.000Z</time>
        <extensions>
          <ns3:TrackPointExtension>
            <ns3:hr>192</ns3:hr>
            <ns3:cad>92</ns3:cad>
          </ns3:TrackPointExtension>
        </extensions>
      </trkpt>
      <trkpt lat="40.40307252667844295501708984375" lon="116.6844405233860015869140625">
        <ele>84.40000152587890625</ele>
        <time>2026-09-03T11:00:47.000Z</time>
        <extensions>
          <ns3:TrackPointExtension>
            <ns3:hr>191</ns3:hr>
            <ns3:cad>92</ns3:cad>
          </ns3:TrackPointExtension>
        </extensions>
      </trkpt>
      <trkpt lat="40.40308007039129734039306640625" lon="116.68444798327982425689697265625">
        <ele>84.40000152587890625</ele>
        <time>2026-09-03T11:00:48.000Z</time>
        <extensions>
          <ns3:TrackPointExtension>
            <ns3:hr>191</ns3:hr>
            <ns3:cad>92</ns3:cad>
          </ns3:TrackPointExtension>
        </extensions>
      </trkpt>
      <trkpt lat="40.40315031073987483978271484375" lon="116.6845043934881687164306640625">
        <ele>84.40000152587890625</ele>
        <time>2026-09-03T11:00:49.000Z</time>
        <extensions>
          <ns3:TrackPointExtension>
            <ns3:hr>191</ns3:hr>
            <ns3:cad>92</ns3:cad>
          </ns3:TrackPointExtension>
        </extensions>
      </trkpt>
      <trkpt lat="40.40317344479262828826904296875" lon="116.68451554141938686370849609375">
        <ele>84.40000152587890625</ele>
        <time>2026-09-03T11:00:50.000Z</time>
        <extensions>
          <ns3:TrackPointExtension>
            <ns3:hr>191</ns3:hr>
            <ns3:cad>92</ns3:cad>
          </ns3:TrackPointExtension>
        </extensions>
      </trkpt>
      <trkpt lat="40.4032259993255138397216796875" lon="116.68453431688249111175537109375">
        <ele>84.40000152587890625</ele>
        <time>2026-09-03T11:00:51.000Z</time>
        <extensions>
          <ns3:TrackPointExtension>
            <ns3:hr>191</ns3:hr>
            <ns3:cad>92</ns3:cad>
          </ns3:TrackPointExtension>
        </extensions>
      </trkpt>
      <trkpt lat="40.40326329879462718963623046875" lon="116.68454001657664775848388671875">
        <ele>84.40000152587890625</ele>
        <time>2026-09-03T11:00:52.000Z</time>
        <extensions>
          <ns3:TrackPointExtension>
            <ns3:hr>191</ns3:hr>
            <ns3:cad>92</ns3:cad>
          </ns3:TrackPointExtension>
        </extensions>
      </trkpt>
      <trkpt lat="40.40330001153051853179931640625" lon="116.684542112052440643310546875">
        <ele>84.40000152587890625</ele>
        <time>2026-09-03T11:00:53.000Z</time>
        <extensions>
          <ns3:TrackPointExtension>
            <ns3:hr>191</ns3:hr>
            <ns3:cad>92</ns3:cad>
          </ns3:TrackPointExtension>
        </extensions>
      </trkpt>
      <trkpt lat="40.40335365571081638336181640625" lon="116.6845429502427577972412109375">
        <ele>84.40000152587890625</ele>
        <time>2026-09-03T11:00:54.000Z</time>
        <extensions>
          <ns3:TrackPointExtension>
            <ns3:hr>191</ns3:hr>
            <ns3:cad>92</ns3:cad>
          </ns3:TrackPointExtension>
        </extensions>
      </trkpt>
      <trkpt lat="40.4033819027245044708251953125" lon="116.68454336933791637420654296875">
        <ele>84.40000152587890625</ele>
        <time>2026-09-03T11:00:55.000Z</time>
        <extensions>
          <ns3:TrackPointExtension>
            <ns3:hr>192</ns3:hr>
            <ns3:cad>91</ns3:cad>
          </ns3:TrackPointExtension>
        </extensions>
      </trkpt>
      <trkpt lat="40.40344501845538616180419921875" lon="116.68454437516629695892333984375">
        <ele>84.40000152587890625</ele>
        <time>2026-09-03T11:00:56.000Z</time>
        <extensions>
          <ns3:TrackPointExtension>
            <ns3:hr>191</ns3:hr>
            <ns3:cad>91</ns3:cad>
          </ns3:TrackPointExtension>
        </extensions>
      </trkpt>
      <trkpt lat="40.40346697904169559478759765625" lon="116.68454471044242382049560546875">
        <ele>84.40000152587890625</ele>
        <time>2026-09-03T11:00:57.000Z</time>
        <extensions>
          <ns3:TrackPointExtension>
            <ns3:hr>191</ns3:hr>
            <ns3:cad>91</ns3:cad>
          </ns3:TrackPointExtension>
        </extensions>
      </trkpt>
      <trkpt lat="40.4035163484513759613037109375" lon="116.684545464813709259033203125">
        <ele>84.40000152587890625</ele>
        <time>2026-09-03T11:00:58.000Z</time>
        <extensions>
          <ns3:TrackPointExtension>
            <ns3:hr>191</ns3:hr>
            <ns3:cad>91</ns3:cad>
          </ns3:TrackPointExtension>
        </extensions>
      </trkpt>
      <trkpt lat="40.40353126823902130126953125" lon="116.68454571627080440521240234375">
        <ele>84.40000152587890625</ele>
        <time>2026-09-03T11:00:59.000Z</time>
        <extensions>
          <ns3:TrackPointExtension>
            <ns3:hr>191</ns3:hr>
            <ns3:cad>91</ns3:cad>
          </ns3:TrackPointExtension>
        </extensions>
      </trkpt>
      <trkpt lat="40.403595305979251861572265625" lon="116.68454672209918498992919921875">
        <ele>84.40000152587890625</ele>
        <time>2026-09-03T11:01:00.000Z</time>
        <extensions>
          <ns3:TrackPointExtension>
            <ns3:hr>192</ns3:hr>
            <ns3:cad>91</ns3:cad>
          </ns3:TrackPointExtension>
        </extensions>
      </trkpt>
      <trkpt lat="40.403626151382923126220703125" lon="116.68454722501337528228759765625">
        <ele>84.40000152587890625</ele>
        <time>2026-09-03T11:01:01.000Z</time>
        <extensions>
          <ns3:TrackPointExtension>
            <ns3:hr>192</ns3:hr>
            <ns3:cad>91</ns3:cad>
          </ns3:TrackPointExtension>
        </extensions>
      </trkpt>
      <trkpt lat="40.40366965346038341522216796875" lon="116.68454789556562900543212890625">
        <ele>84.40000152587890625</ele>
        <time>2026-09-03T11:01:02.000Z</time>
        <extensions>
          <ns3:TrackPointExtension>
            <ns3:hr>192</ns3:hr>
            <ns3:cad>91</ns3:cad>
          </ns3:TrackPointExtension>
        </extensions>
      </trkpt>
      <trkpt lat="40.40370083414018154144287109375" lon="116.68454839847981929779052734375">
        <ele>84.40000152587890625</ele>
        <time>2026-09-03T11:01:03.000Z</time>
        <extensions>
          <ns3:TrackPointExtension>
            <ns3:hr>192</ns3:hr>
            <ns3:cad>91</ns3:cad>
          </ns3:TrackPointExtension>
        </extensions>
      </trkpt>
      <trkpt lat="40.4037409834563732147216796875" lon="116.6845489852130413055419921875">
        <ele>84.40000152587890625</ele>
        <time>2026-09-03T11:01:04.000Z</time>
        <extensions>
          <ns3:TrackPointExtension>
            <ns3:hr>192</ns3:hr>
            <ns3:cad>91</ns3:cad>
          </ns3:TrackPointExtension>
        </extensions>
      </trkpt>
      <trkpt lat="40.40377761237323284149169921875" lon="116.68454957194626331329345703125">
        <ele>84.40000152587890625</ele>
        <time>2026-09-03T11:01:05.000Z</time>
        <extensions>
          <ns3:TrackPointExtension>
            <ns3:hr>191</ns3:hr>
            <ns3:cad>93</ns3:cad>
          </ns3:TrackPointExtension>
        </extensions>
      </trkpt>
      <trkpt lat="40.40381851606070995330810546875" lon="116.684550158679485321044921875">
        <ele>84.40000152587890625</ele>
        <time>2026-09-03T11:01:06.000Z</time>
        <extensions>
          <ns3:TrackPointExtension>
            <ns3:hr>192</ns3:hr>
            <ns3:cad>93</ns3:cad>
          </ns3:TrackPointExtension>
        </extensions>
      </trkpt>
      <trkpt lat="40.40386461652815341949462890625" lon="116.68455091305077075958251953125">
        <ele>84.40000152587890625</ele>
        <time>2026-09-03T11:01:07.000Z</time>
        <extensions>
          <ns3:TrackPointExtension>
            <ns3:hr>192</ns3:hr>
            <ns3:cad>92</ns3:cad>
          </ns3:TrackPointExtension>
        </extensions>
      </trkpt>
      <trkpt lat="40.40389881469309329986572265625" lon="116.68455141596496105194091796875">
        <ele>84.40000152587890625</ele>
        <time>2026-09-03T11:01:08.000Z</time>
        <extensions>
          <ns3:TrackPointExtension>
            <ns3:hr>192</ns3:hr>
            <ns3:cad>92</ns3:cad>
          </ns3:TrackPointExtension>
        </extensions>
      </trkpt>
      <trkpt lat="40.40395095013082027435302734375" lon="116.68455225415527820587158203125">
        <ele>84.40000152587890625</ele>
        <time>2026-09-03T11:01:09.000Z</time>
        <extensions>
          <ns3:TrackPointExtension>
            <ns3:hr>191</ns3:hr>
            <ns3:cad>93</ns3:cad>
          </ns3:TrackPointExtension>
        </extensions>
      </trkpt>
      <trkpt lat="40.40397324599325656890869140625" lon="116.68455258943140506744384765625">
        <ele>84.40000152587890625</ele>
        <time>2026-09-03T11:01:10.000Z</time>
        <extensions>
          <ns3:TrackPointExtension>
            <ns3:hr>192</ns3:hr>
            <ns3:cad>93</ns3:cad>
          </ns3:TrackPointExtension>
        </extensions>
      </trkpt>
      <trkpt lat="40.40402906946837902069091796875" lon="116.684553511440753936767578125">
        <ele>84.40000152587890625</ele>
        <time>2026-09-03T11:01:11.000Z</time>
        <extensions>
          <ns3:TrackPointExtension>
            <ns3:hr>192</ns3:hr>
            <ns3:cad>93</ns3:cad>
          </ns3:TrackPointExtension>
        </extensions>
      </trkpt>
      <trkpt lat="40.4040440730750560760498046875" lon="116.684553511440753936767578125">
        <ele>84.40000152587890625</ele>
        <time>2026-09-03T11:01:12.000Z</time>
        <extensions>
          <ns3:TrackPointExtension>
            <ns3:hr>192</ns3:hr>
            <ns3:cad>93</ns3:cad>
          </ns3:TrackPointExtension>
        </extensions>
      </trkpt>
      <trkpt lat="40.404111631214618682861328125" lon="116.68454387225210666656494140625">
        <ele>84.40000152587890625</ele>
        <time>2026-09-03T11:01:13.000Z</time>
        <extensions>
          <ns3:TrackPointExtension>
            <ns3:hr>191</ns3:hr>
            <ns3:cad>93</ns3:cad>
          </ns3:TrackPointExtension>
        </extensions>
      </trkpt>
      <trkpt lat="40.4041379503905773162841796875" lon="116.68453565798699855804443359375">
        <ele>84.40000152587890625</ele>
        <time>2026-09-03T11:01:14.000Z</time>
        <extensions>
          <ns3:TrackPointExtension>
            <ns3:hr>192</ns3:hr>
            <ns3:cad>93</ns3:cad>
          </ns3:TrackPointExtension>
        </extensions>
      </trkpt>
      <trkpt lat="40.40417625568807125091552734375" lon="116.6845178045332431793212890625">
        <ele>84.40000152587890625</ele>
        <time>2026-09-03T11:01:15.000Z</time>
        <extensions>
          <ns3:TrackPointExtension>
            <ns3:hr>192</ns3:hr>
            <ns3:cad>93</ns3:cad>
          </ns3:TrackPointExtension>
        </extensions>
      </trkpt>
      <trkpt lat="40.4041949473321437835693359375" lon="116.68450548313558101654052734375">
        <ele>84.40000152587890625</ele>
        <time>2026-09-03T11:01:16.000Z</time>
        <extensions>
          <ns3:TrackPointExtension>
            <ns3:hr>192</ns3:hr>
            <ns3:cad>93</ns3:cad>
          </ns3:TrackPointExtension>
        </extensions>
      </trkpt>
      <trkpt lat="40.40424984879791736602783203125" lon="116.684460304677486419677734375">
        <ele>84.40000152587890625</ele>
        <time>2026-09-03T11:01:17.000Z</time>
        <extensions>
          <ns3:TrackPointExtension>
            <ns3:hr>191</ns3:hr>
            <ns3:cad>93</ns3:cad>
          </ns3:TrackPointExtension>
        </extensions>
      </trkpt>
      <trkpt lat="40.404267199337482452392578125" lon="116.6844396851956844329833984375">
        <ele>84.40000152587890625</ele>
        <time>2026-09-03T11:01:18.000Z</time>
        <extensions>
          <ns3:TrackPointExtension>
            <ns3:hr>192</ns3:hr>
            <ns3:cad>92</ns3:cad>
          </ns3:TrackPointExtension>
        </extensions>
      </trkpt>
      <trkpt lat="40.40429972112178802490234375" lon="116.684394590556621551513671875">
        <ele>84.40000152587890625</ele>
        <time>2026-09-03T11:01:19.000Z</time>
        <extensions>
          <ns3:TrackPointExtension>
            <ns3:hr>192</ns3:hr>
            <ns3:cad>92</ns3:cad>
          </ns3:TrackPointExtension>
        </extensions>
      </trkpt>
      <trkpt lat="40.4043166525661945343017578125" lon="116.684365756809711456298828125">
        <ele>84.40000152587890625</ele>
        <time>2026-09-03T11:01:20.000Z</time>
        <extensions>
          <ns3:TrackPointExtension>
            <ns3:hr>192</ns3:hr>
            <ns3:cad>92</ns3:cad>
          </ns3:TrackPointExtension>
        </extensions>
      </trkpt>
      <trkpt lat="40.404338948428630828857421875" lon="116.68431638740003108978271484375">
        <ele>84.40000152587890625</ele>
        <time>2026-09-03T11:01:21.000Z</time>
        <extensions>
          <ns3:TrackPointExtension>
            <ns3:hr>192</ns3:hr>
            <ns3:cad>92</ns3:cad>
          </ns3:TrackPointExtension>
        </extensions>
      </trkpt>
      <trkpt lat="40.40435068309307098388671875" lon="116.68428202159702777862548828125">
        <ele>84.40000152587890625</ele>
        <time>2026-09-03T11:01:22.000Z</time>
        <extensions>
          <ns3:TrackPointExtension>
            <ns3:hr>191</ns3:hr>
            <ns3:cad>92</ns3:cad>
          </ns3:TrackPointExtension>
        </extensions>
      </trkpt>
      <trkpt lat="40.40436166338622570037841796875" lon="116.68423893861472606658935546875">
        <ele>84.40000152587890625</ele>
        <time>2026-09-03T11:01:23.000Z</time>
        <extensions>
          <ns3:TrackPointExtension>
            <ns3:hr>192</ns3:hr>
            <ns3:cad>91</ns3:cad>
          </ns3:TrackPointExtension>
        </extensions>
      </trkpt>
      <trkpt lat="40.40437088347971439361572265625" lon="116.68418236076831817626953125">
        <ele>84.40000152587890625</ele>
        <time>2026-09-03T11:01:24.000Z</time>
        <extensions>
          <ns3:TrackPointExtension>
            <ns3:hr>192</ns3:hr>
            <ns3:cad>91</ns3:cad>
          </ns3:TrackPointExtension>
        </extensions>
      </trkpt>
      <trkpt lat="40.40437390096485614776611328125" lon="116.68415411375463008880615234375">
        <ele>84.40000152587890625</ele>
        <time>2026-09-03T11:01:25.000Z</time>
        <extensions>
          <ns3:TrackPointExtension>
            <ns3:hr>191</ns3:hr>
            <ns3:cad>91</ns3:cad>
          </ns3:TrackPointExtension>
        </extensions>
      </trkpt>
      <trkpt lat="40.404374487698078155517578125" lon="116.6840973682701587677001953125">
        <ele>84.40000152587890625</ele>
        <time>2026-09-03T11:01:26.000Z</time>
        <extensions>
          <ns3:TrackPointExtension>
            <ns3:hr>192</ns3:hr>
            <ns3:cad>91</ns3:cad>
          </ns3:TrackPointExtension>
        </extensions>
      </trkpt>
      <trkpt lat="40.40437214076519012451171875" lon="116.6840718872845172882080078125">
        <ele>84.40000152587890625</ele>
        <time>2026-09-03T11:01:27.000Z</time>
        <extensions>
          <ns3:TrackPointExtension>
            <ns3:hr>191</ns3:hr>
            <ns3:cad>93</ns3:cad>
          </ns3:TrackPointExtension>
        </extensions>
      </trkpt>
      <trkpt lat="40.4043619148433208465576171875" lon="116.68400357477366924285888671875">
        <ele>84.40000152587890625</ele>
        <time>2026-09-03T11:01:28.000Z</time>
        <extensions>
          <ns3:TrackPointExtension>
            <ns3:hr>191</ns3:hr>
            <ns3:cad>93</ns3:cad>
          </ns3:TrackPointExtension>
        </extensions>
      </trkpt>
      <trkpt lat="40.40435872972011566162109375" lon="116.6839880682528018951416015625">
        <ele>84.40000152587890625</ele>
        <time>2026-09-03T11:01:29.000Z</time>
        <extensions>
          <ns3:TrackPointExtension>
            <ns3:hr>191</ns3:hr>
            <ns3:cad>92</ns3:cad>
          </ns3:TrackPointExtension>
        </extensions>
      </trkpt>
      <trkpt lat="40.40433316491544246673583984375" lon="116.68391145765781402587890625">
        <ele>84.40000152587890625</ele>
        <time>2026-09-03T11:01:30.000Z</time>
        <extensions>
          <ns3:TrackPointExtension>
            <ns3:hr>192</ns3:hr>
            <ns3:cad>91</ns3:cad>
          </ns3:TrackPointExtension>
        </extensions>
      </trkpt>
      <trkpt lat="40.404326878488063812255859375" lon="116.683897711336612701416015625">
        <ele>84.40000152587890625</ele>
        <time>2026-09-03T11:01:31.000Z</time>
        <extensions>
          <ns3:TrackPointExtension>
            <ns3:hr>191</ns3:hr>
            <ns3:cad>91</ns3:cad>
          </ns3:TrackPointExtension>
        </extensions>
      </trkpt>
      <trkpt lat="40.40429293178021907806396484375" lon="116.68383576907217502593994140625">
        <ele>84.40000152587890625</ele>
        <time>2026-09-03T11:01:32.000Z</time>
        <extensions>
          <ns3:TrackPointExtension>
            <ns3:hr>191</ns3:hr>
            <ns3:cad>91</ns3:cad>
          </ns3:TrackPointExtension>
        </extensions>
      </trkpt>
      <trkpt lat="40.40428170002996921539306640625" lon="116.6838200949132442474365234375">
        <ele>84.40000152587890625</ele>
        <time>2026-09-03T11:01:33.000Z</time>
        <extensions>
          <ns3:TrackPointExtension>
            <ns3:hr>192</ns3:hr>
            <ns3:cad>91</ns3:cad>
          </ns3:TrackPointExtension>
        </extensions>
      </trkpt>
      <trkpt lat="40.40423979051411151885986328125" lon="116.68377256952226161956787109375">
        <ele>84.40000152587890625</ele>
        <time>2026-09-03T11:01:34.000Z</time>
        <extensions>
          <ns3:TrackPointExtension>
            <ns3:hr>192</ns3:hr>
            <ns3:cad>93</ns3:cad>
          </ns3:TrackPointExtension>
        </extensions>
      </trkpt>
      <trkpt lat="40.40421950630843639373779296875" lon="116.6837533749639987945556640625">
        <ele>84.40000152587890625</ele>
        <time>2026-09-03T11:01:35.000Z</time>
        <extensions>
          <ns3:TrackPointExtension>
            <ns3:hr>192</ns3:hr>
            <ns3:cad>93</ns3:cad>
          </ns3:TrackPointExtension>
        </extensions>
      </trkpt>
      <trkpt lat="40.40417491458356380462646484375" lon="116.683723367750644683837890625">
        <ele>84.40000152587890625</ele>
        <time>2026-09-03T11:01:36.000Z</time>
        <extensions>
          <ns3:TrackPointExtension>
            <ns3:hr>192</ns3:hr>
            <ns3:cad>93</ns3:cad>
          </ns3:TrackPointExtension>
        </extensions>
      </trkpt>
      <trkpt lat="40.40413401089608669281005859375" lon="116.68370434083044528961181640625">
        <ele>84.40000152587890625</ele>
        <time>2026-09-03T11:01:37.000Z</time>
        <extensions>
          <ns3:TrackPointExtension>
            <ns3:hr>191</ns3:hr>
            <ns3:cad>93</ns3:cad>
          </ns3:TrackPointExtension>
        </extensions>
      </trkpt>
      <trkpt lat="40.404095537960529327392578125" lon="116.683693192899227142333984375">
        <ele>84.40000152587890625</ele>
        <time>2026-09-03T11:01:38.000Z</time>
        <extensions>
          <ns3:TrackPointExtension>
            <ns3:hr>192</ns3:hr>
            <ns3:cad>93</ns3:cad>
          </ns3:TrackPointExtension>
        </extensions>
      </trkpt>
      <trkpt lat="40.40405035950243473052978515625" lon="116.68368816375732421875">
        <ele>84.40000152587890625</ele>
        <time>2026-09-03T11:01:39.000Z</time>
        <extensions>
          <ns3:TrackPointExtension>
            <ns3:hr>192</ns3:hr>
            <ns3:cad>92</ns3:cad>
          </ns3:TrackPointExtension>
        </extensions>
      </trkpt>
      <trkpt lat="40.40401146747171878814697265625" lon="116.68368749320507049560546875">
        <ele>84.40000152587890625</ele>
        <time>2026-09-03T11:01:40.000Z</time>
        <extensions>
          <ns3:TrackPointExtension>
            <ns3:hr>192</ns3:hr>
            <ns3:cad>92</ns3:cad>
          </ns3:TrackPointExtension>
        </extensions>
      </trkpt>
      <trkpt lat="40.4039615951478481292724609375" lon="116.6836866550147533416748046875">
        <ele>84.40000152587890625</ele>
        <time>2026-09-03T11:01:41.000Z</time>
        <extensions>
          <ns3:TrackPointExtension>
            <ns3:hr>192</ns3:hr>
            <ns3:cad>93</ns3:cad>
          </ns3:TrackPointExtension>
        </extensions>
      </trkpt>
      <trkpt lat="40.40393569506704807281494140625" lon="116.6836863197386264801025390625">
        <ele>84.40000152587890625</ele>
        <time>2026-09-03T11:01:42.000Z</time>
        <extensions>
          <ns3:TrackPointExtension>
            <ns3:hr>192</ns3:hr>
            <ns3:cad>93</ns3:cad>
          </ns3:TrackPointExtension>
        </extensions>
      </trkpt>
      <trkpt lat="40.40387350134551525115966796875" lon="116.6836853139102458953857421875">
        <ele>84.40000152587890625</ele>
        <time>2026-09-03T11:01:43.000Z</time>
        <extensions>
          <ns3:TrackPointExtension>
            <ns3:hr>192</ns3:hr>
            <ns3:cad>93</ns3:cad>
          </ns3:TrackPointExtension>
        </extensions>
      </trkpt>
      <trkpt lat="40.4038616828620433807373046875" lon="116.683685146272182464599609375">
        <ele>84.40000152587890625</ele>
        <time>2026-09-03T11:01:44.000Z</time>
        <extensions>
          <ns3:TrackPointExtension>
            <ns3:hr>192</ns3:hr>
            <ns3:cad>93</ns3:cad>
          </ns3:TrackPointExtension>
        </extensions>
      </trkpt>
      <trkpt lat="40.40379236452281475067138671875" lon="116.68368405662477016448974609375">
        <ele>84.40000152587890625</ele>
        <time>2026-09-03T11:01:45.000Z</time>
        <extensions>
          <ns3:TrackPointExtension>
            <ns3:hr>192</ns3:hr>
            <ns3:cad>93</ns3:cad>
          </ns3:TrackPointExtension>
        </extensions>
      </trkpt>
      <trkpt lat="40.4037775285542011260986328125" lon="116.683683805167675018310546875">
        <ele>84.40000152587890625</ele>
        <time>2026-09-03T11:01:46.000Z</time>
        <extensions>
          <ns3:TrackPointExtension>
            <ns3:hr>192</ns3:hr>
            <ns3:cad>93</ns3:cad>
          </ns3:TrackPointExtension>
        </extensions>
      </trkpt>
      <trkpt lat="40.4037131555378437042236328125" lon="116.68368279933929443359375">
        <ele>84.40000152587890625</ele>
        <time>2026-09-03T11:01:47.000Z</time>
        <extensions>
          <ns3:TrackPointExtension>
            <ns3:hr>193</ns3:hr>
            <ns3:cad>93</ns3:cad>
          </ns3:TrackPointExtension>
        </extensions>
      </trkpt>
      <trkpt lat="40.40368683636188507080078125" lon="116.68368238024413585662841796875">
        <ele>84.40000152587890625</ele>
        <time>2026-09-03T11:01:48.000Z</time>
        <extensions>
          <ns3:TrackPointExtension>
            <ns3:hr>192</ns3:hr>
            <ns3:cad>93</ns3:cad>
          </ns3:TrackPointExtension>
        </extensions>
      </trkpt>
      <trkpt lat="40.40363252162933349609375" lon="116.68368154205381870269775390625">
        <ele>84.40000152587890625</ele>
        <time>2026-09-03T11:01:49.000Z</time>
        <extensions>
          <ns3:TrackPointExtension>
            <ns3:hr>192</ns3:hr>
            <ns3:cad>93</ns3:cad>
          </ns3:TrackPointExtension>
        </extensions>
      </trkpt>
      <trkpt lat="40.40360595099627971649169921875" lon="116.683681122958660125732421875">
        <ele>84.40000152587890625</ele>
        <time>2026-09-03T11:01:50.000Z</time>
        <extensions>
          <ns3:TrackPointExtension>
            <ns3:hr>193</ns3:hr>
            <ns3:cad>93</ns3:cad>
          </ns3:TrackPointExtension>
        </extensions>
      </trkpt>
      <trkpt lat="40.4035545699298381805419921875" lon="116.68368036858737468719482421875">
        <ele>84.40000152587890625</ele>
        <time>2026-09-03T11:01:51.000Z</time>
        <extensions>
          <ns3:TrackPointExtension>
            <ns3:hr>193</ns3:hr>
            <ns3:cad>93</ns3:cad>
          </ns3:TrackPointExtension>
        </extensions>
      </trkpt>
      <trkpt lat="40.40351676754653453826904296875" lon="116.683679781854152679443359375">
        <ele>84.40000152587890625</ele>
        <time>2026-09-03T11:01:52.000Z</time>
        <extensions>
          <ns3:TrackPointExtension>
            <ns3:hr>193</ns3:hr>
            <ns3:cad>92</ns3:cad>
          </ns3:TrackPointExtension>
        </extensions>
      </trkpt>
      <trkpt lat="40.40346865542232990264892578125" lon="116.68367902748286724090576171875">
        <ele>84.40000152587890625</ele>
        <time>2026-09-03T11:01:53.000Z</time>
        <extensions>
          <ns3:TrackPointExtension>
            <ns3:hr>192</ns3:hr>
            <ns3:cad>92</ns3:cad>
          </ns3:TrackPointExtension>
        </extensions>
      </trkpt>
      <trkpt lat="40.4034264944493770599365234375" lon="116.68367835693061351776123046875">
        <ele>84.40000152587890625</ele>
        <time>2026-09-03T11:01:54.000Z</time>
        <extensions>
          <ns3:TrackPointExtension>
            <ns3:hr>193</ns3:hr>
            <ns3:cad>92</ns3:cad>
          </ns3:TrackPointExtension>
        </extensions>
      </trkpt>
      <trkpt lat="40.40338500402867794036865234375" lon="116.68367768637835979461669921875">
        <ele>84.40000152587890625</ele>
        <time>2026-09-03T11:01:55.000Z</time>
        <extensions>
          <ns3:TrackPointExtension>
            <ns3:hr>193</ns3:hr>
            <ns3:cad>92</ns3:cad>
          </ns3:TrackPointExtension>
        </extensions>
      </trkpt>
      <trkpt lat="40.403340160846710205078125" lon="116.68367701582610607147216796875">
        <ele>84.40000152587890625</ele>
        <time>2026-09-03T11:01:56.000Z</time>
        <extensions>
          <ns3:TrackPointExtension>
            <ns3:hr>193</ns3:hr>
            <ns3:cad>93</ns3:cad>
          </ns3:TrackPointExtension>
        </extensions>
      </trkpt>
      <trkpt lat="40.4032980836927890777587890625" lon="116.68367634527385234832763671875">
        <ele>84.40000152587890625</ele>
        <time>2026-09-03T11:01:57.000Z</time>
        <extensions>
          <ns3:TrackPointExtension>
            <ns3:hr>193</ns3:hr>
            <ns3:cad>93</ns3:cad>
          </ns3:TrackPointExtension>
        </extensions>
      </trkpt>
      <trkpt lat="40.40325793437659740447998046875" lon="116.683678440749645233154296875">
        <ele>84.40000152587890625</ele>
        <time>2026-09-03T11:01:58.000Z</time>
        <extensions>
          <ns3:TrackPointExtension>
            <ns3:hr>193</ns3:hr>
            <ns3:cad>93</ns3:cad>
          </ns3:TrackPointExtension>
        </extensions>
      </trkpt>
      <trkpt lat="40.40321342647075653076171875" lon="116.683687157928943634033203125">
        <ele>84.40000152587890625</ele>
        <time>2026-09-03T11:01:59.000Z</time>
        <extensions>
          <ns3:TrackPointExtension>
            <ns3:hr>193</ns3:hr>
            <ns3:cad>93</ns3:cad>
          </ns3:TrackPointExtension>
        </extensions>
      </trkpt>
      <trkpt lat="40.40316380560398101806640625" lon="116.68370668776333332061767578125">
        <ele>84.40000152587890625</ele>
        <time>2026-09-03T11:02:00.000Z</time>
        <extensions>
          <ns3:TrackPointExtension>
            <ns3:hr>193</ns3:hr>
            <ns3:cad>93</ns3:cad>
          </ns3:TrackPointExtension>
        </extensions>
      </trkpt>
      <trkpt lat="40.4031425155699253082275390625" lon="116.68371926061809062957763671875">
        <ele>84.40000152587890625</ele>
        <time>2026-09-03T11:02:01.000Z</time>
        <extensions>
          <ns3:TrackPointExtension>
            <ns3:hr>193</ns3:hr>
            <ns3:cad>91</ns3:cad>
          </ns3:TrackPointExtension>
        </extensions>
      </trkpt>
      <trkpt lat="40.40308560244739055633544921875" lon="116.68376435525715351104736328125">
        <ele>84.40000152587890625</ele>
        <time>2026-09-03T11:02:02.000Z</time>
        <extensions>
          <ns3:TrackPointExtension>
            <ns3:hr>193</ns3:hr>
            <ns3:cad>90</ns3:cad>
          </ns3:TrackPointExtension>
        </extensions>
      </trkpt>
      <trkpt lat="40.40307302959263324737548828125" lon="116.6837775148451328277587890625">
        <ele>84.40000152587890625</ele>
        <time>2026-09-03T11:02:03.000Z</time>
        <extensions>
          <ns3:TrackPointExtension>
            <ns3:hr>193</ns3:hr>
            <ns3:cad>91</ns3:cad>
          </ns3:TrackPointExtension>
        </extensions>
      </trkpt>
      <trkpt lat="40.40303103625774383544921875" lon="116.6838335059583187103271484375">
        <ele>84.40000152587890625</ele>
        <time>2026-09-03T11:02:04.000Z</time>
        <extensions>
          <ns3:TrackPointExtension>
            <ns3:hr>193</ns3:hr>
            <ns3:cad>91</ns3:cad>
          </ns3:TrackPointExtension>
        </extensions>
      </trkpt>
      <trkpt lat="40.40301687084138393402099609375" lon="116.683856137096881866455078125">
        <ele>84.40000152587890625</ele>
        <time>2026-09-03T11:02:05.000Z</time>
        <extensions>
          <ns3:TrackPointExtension>
            <ns3:hr>193</ns3:hr>
            <ns3:cad>91</ns3:cad>
          </ns3:TrackPointExtension>
        </extensions>
      </trkpt>
      <trkpt lat="40.40298812091350555419921875" lon="116.68392109684646129608154296875">
        <ele>84.40000152587890625</ele>
        <time>2026-09-03T11:02:06.000Z</time>
        <extensions>
          <ns3:TrackPointExtension>
            <ns3:hr>193</ns3:hr>
            <ns3:cad>91</ns3:cad>
          </ns3:TrackPointExtension>
        </extensions>
      </trkpt>
      <trkpt lat="40.40297462604939937591552734375" lon="116.68396116234362125396728515625">
        <ele>84.40000152587890625</ele>
        <time>2026-09-03T11:02:07.000Z</time>
        <extensions>
          <ns3:TrackPointExtension>
            <ns3:hr>194</ns3:hr>
            <ns3:cad>91</ns3:cad>
          </ns3:TrackPointExtension>
        </extensions>
      </trkpt>
      <trkpt lat="40.402960292994976043701171875" lon="116.68403408490121364593505859375">
        <ele>84.40000152587890625</ele>
        <time>2026-09-03T11:02:08.000Z</time>
        <extensions>
          <ns3:TrackPointExtension>
            <ns3:hr>193</ns3:hr>
            <ns3:cad>91</ns3:cad>
          </ns3:TrackPointExtension>
        </extensions>
      </trkpt>
      <trkpt lat="40.40295568294823169708251953125" lon="116.684082113206386566162109375">
        <ele>84.40000152587890625</ele>
        <time>2026-09-03T11:02:09.000Z</time>
        <extensions>
          <ns3:TrackPointExtension>
            <ns3:hr>193</ns3:hr>
            <ns3:cad>91</ns3:cad>
          </ns3:TrackPointExtension>
        </extensions>
      </trkpt>
      <trkpt lat="40.402956940233707427978515625" lon="116.68415126390755176544189453125">
        <ele>84.40000152587890625</ele>
        <time>2026-09-03T11:02:10.000Z</time>
        <extensions>
          <ns3:TrackPointExtension>
            <ns3:hr>193</ns3:hr>
            <ns3:cad>92</ns3:cad>
          </ns3:TrackPointExtension>
        </extensions>
      </trkpt>
      <trkpt lat="40.40296305902302265167236328125" lon="116.6842029802501201629638671875">
        <ele>84.40000152587890625</ele>
        <time>2026-09-03T11:02:11.000Z</time>
        <extensions>
          <ns3:TrackPointExtension>
            <ns3:hr>193</ns3:hr>
            <ns3:cad>92</ns3:cad>
          </ns3:TrackPointExtension>
        </extensions>
      </trkpt>
      <trkpt lat="40.40297714062035083770751953125" lon="116.6842636652290821075439453125">
        <ele>84.40000152587890625</ele>
        <time>2026-09-03T11:02:12.000Z</time>
        <extensions>
          <ns3:TrackPointExtension>
            <ns3:hr>192</ns3:hr>
            <ns3:cad>92</ns3:cad>
          </ns3:TrackPointExtension>
        </extensions>
      </trkpt>
      <trkpt lat="40.40299608372151851654052734375" lon="116.6843173094093799591064453125">
        <ele>84.40000152587890625</ele>
        <time>2026-09-03T11:02:13.000Z</time>
        <extensions>
          <ns3:TrackPointExtension>
            <ns3:hr>191</ns3:hr>
            <ns3:cad>92</ns3:cad>
          </ns3:TrackPointExtension>
        </extensions>
      </trkpt>
      <trkpt lat="40.4030211456120014190673828125" lon="116.68436818756163120269775390625">
        <ele>84.40000152587890625</ele>
        <time>2026-09-03T11:02:14.000Z</time>
        <extensions>
          <ns3:TrackPointExtension>
            <ns3:hr>190</ns3:hr>
            <ns3:cad>91</ns3:cad>
          </ns3:TrackPointExtension>
        </extensions>
      </trkpt>
      <trkpt lat="40.40305878035724163055419921875" lon="116.6844232566654682159423828125">
        <ele>84.40000152587890625</ele>
        <time>2026-09-03T11:02:15.000Z</time>
        <extensions>
          <ns3:TrackPointExtension>
            <ns3:hr>189</ns3:hr>
            <ns3:cad>91</ns3:cad>
          </ns3:TrackPointExtension>
        </extensions>
      </trkpt>
      <trkpt lat="40.40308292023837566375732421875" lon="116.68445066548883914947509765625">
        <ele>84.40000152587890625</ele>
        <time>2026-09-03T11:02:16.000Z</time>
        <extensions>
          <ns3:TrackPointExtension>
            <ns3:hr>189</ns3:hr>
            <ns3:cad>91</ns3:cad>
          </ns3:TrackPointExtension>
        </extensions>
      </trkpt>
      <trkpt lat="40.40312700904905796051025390625" lon="116.6844883002340793609619140625">
        <ele>84.40000152587890625</ele>
        <time>2026-09-03T11:02:17.000Z</time>
        <extensions>
          <ns3:TrackPointExtension>
            <ns3:hr>189</ns3:hr>
            <ns3:cad>91</ns3:cad>
          </ns3:TrackPointExtension>
        </extensions>
      </trkpt>
      <trkpt lat="40.40315349586308002471923828125" lon="116.684505902230739593505859375">
        <ele>84.40000152587890625</ele>
        <time>2026-09-03T11:02:18.000Z</time>
        <extensions>
          <ns3:TrackPointExtension>
            <ns3:hr>189</ns3:hr>
            <ns3:cad>91</ns3:cad>
          </ns3:TrackPointExtension>
        </extensions>
      </trkpt>
      <trkpt lat="40.403205044567584991455078125" lon="116.68452828191220760345458984375">
        <ele>84.40000152587890625</ele>
        <time>2026-09-03T11:02:19.000Z</time>
        <extensions>
          <ns3:TrackPointExtension>
            <ns3:hr>189</ns3:hr>
            <ns3:cad>91</ns3:cad>
          </ns3:TrackPointExtension>
        </extensions>
      </trkpt>
      <trkpt lat="40.4032303579151630401611328125" lon="116.6845355741679668426513671875">
        <ele>84.40000152587890625</ele>
        <time>2026-09-03T11:02:20.000Z</time>
        <extensions>
          <ns3:TrackPointExtension>
            <ns3:hr>189</ns3:hr>
            <ns3:cad>92</ns3:cad>
          </ns3:TrackPointExtension>
        </extensions>
      </trkpt>
      <trkpt lat="40.40327603928744792938232421875" lon="116.68454135768115520477294921875">
        <ele>84.40000152587890625</ele>
        <time>2026-09-03T11:02:21.000Z</time>
        <extensions>
          <ns3:TrackPointExtension>
            <ns3:hr>189</ns3:hr>
            <ns3:cad>92</ns3:cad>
          </ns3:TrackPointExtension>
        </extensions>
      </trkpt>
      <trkpt lat="40.40330923162400722503662109375" lon="116.6845422796905040740966796875">
        <ele>84.40000152587890625</ele>
        <time>2026-09-03T11:02:22.000Z</time>
        <extensions>
          <ns3:TrackPointExtension>
            <ns3:hr>189</ns3:hr>
            <ns3:cad>92</ns3:cad>
          </ns3:TrackPointExtension>
        </extensions>
      </trkpt>
      <trkpt lat="40.40335415862500667572021484375" lon="116.6845429502427577972412109375">
        <ele>84.40000152587890625</ele>
        <time>2026-09-03T11:02:23.000Z</time>
        <extensions>
          <ns3:TrackPointExtension>
            <ns3:hr>190</ns3:hr>
            <ns3:cad>90</ns3:cad>
          </ns3:TrackPointExtension>
        </extensions>
      </trkpt>
      <trkpt lat="40.4033886082470417022705078125" lon="116.684543453156948089599609375">
        <ele>84.40000152587890625</ele>
        <time>2026-09-03T11:02:24.000Z</time>
        <extensions>
          <ns3:TrackPointExtension>
            <ns3:hr>190</ns3:hr>
            <ns3:cad>90</ns3:cad>
          </ns3:TrackPointExtension>
        </extensions>
      </trkpt>
      <trkpt lat="40.40344300679862499237060546875" lon="116.68454437516629695892333984375">
        <ele>84.40000152587890625</ele>
        <time>2026-09-03T11:02:25.000Z</time>
        <extensions>
          <ns3:TrackPointExtension>
            <ns3:hr>192</ns3:hr>
            <ns3:cad>90</ns3:cad>
          </ns3:TrackPointExtension>
        </extensions>
      </trkpt>
      <trkpt lat="40.40346211753785610198974609375" lon="116.6845446266233921051025390625">
        <ele>84.40000152587890625</ele>
        <time>2026-09-03T11:02:26.000Z</time>
        <extensions>
          <ns3:TrackPointExtension>
            <ns3:hr>193</ns3:hr>
            <ns3:cad>90</ns3:cad>
          </ns3:TrackPointExtension>
        </extensions>
      </trkpt>
      <trkpt lat="40.40352934040129184722900390625" lon="116.68454571627080440521240234375">
        <ele>84.40000152587890625</ele>
        <time>2026-09-03T11:02:27.000Z</time>
        <extensions>
          <ns3:TrackPointExtension>
            <ns3:hr>193</ns3:hr>
            <ns3:cad>91</ns3:cad>
          </ns3:TrackPointExtension>
        </extensions>
      </trkpt>
      <trkpt lat="40.40354467928409576416015625" lon="116.68454588390886783599853515625">
        <ele>84.40000152587890625</ele>
        <time>2026-09-03T11:02:28.000Z</time>
        <extensions>
          <ns3:TrackPointExtension>
            <ns3:hr>193</ns3:hr>
            <ns3:cad>92</ns3:cad>
          </ns3:TrackPointExtension>
        </extensions>
      </trkpt>
      <trkpt lat="40.40361181832849979400634765625" lon="116.6845469735562801361083984375">
        <ele>84.40000152587890625</ele>
        <time>2026-09-03T11:02:29.000Z</time>
        <extensions>
          <ns3:TrackPointExtension>
            <ns3:hr>193</ns3:hr>
            <ns3:cad>92</ns3:cad>
          </ns3:TrackPointExtension>
        </extensions>
      </trkpt>
      <trkpt lat="40.40363746695220470428466796875" lon="116.68454739265143871307373046875">
        <ele>84.40000152587890625</ele>
        <time>2026-09-03T11:02:30.000Z</time>
        <extensions>
          <ns3:TrackPointExtension>
            <ns3:hr>193</ns3:hr>
            <ns3:cad>92</ns3:cad>
          </ns3:TrackPointExtension>
        </extensions>
      </trkpt>
      <trkpt lat="40.40370485745370388031005859375" lon="116.68454839847981929779052734375">
        <ele>84.40000152587890625</ele>
        <time>2026-09-03T11:02:31.000Z</time>
        <extensions>
          <ns3:TrackPointExtension>
            <ns3:hr>194</ns3:hr>
            <ns3:cad>92</ns3:cad>
          </ns3:TrackPointExtension>
        </extensions>
      </trkpt>
      <trkpt lat="40.4037305898964405059814453125" lon="116.684548817574977874755859375">
        <ele>84.40000152587890625</ele>
        <time>2026-09-03T11:02:32.000Z</time>
        <extensions>
          <ns3:TrackPointExtension>
            <ns3:hr>194</ns3:hr>
            <ns3:cad>92</ns3:cad>
          </ns3:TrackPointExtension>
        </extensions>
      </trkpt>
      <trkpt lat="40.40379554964601993560791015625" lon="116.68454982340335845947265625">
        <ele>84.40000152587890625</ele>
        <time>2026-09-03T11:02:33.000Z</time>
        <extensions>
          <ns3:TrackPointExtension>
            <ns3:hr>194</ns3:hr>
            <ns3:cad>91</ns3:cad>
          </ns3:TrackPointExtension>
        </extensions>
      </trkpt>
      <trkpt lat="40.40382622741162776947021484375" lon="116.6845503263175487518310546875">
        <ele>84.40000152587890625</ele>
        <time>2026-09-03T11:02:34.000Z</time>
        <extensions>
          <ns3:TrackPointExtension>
            <ns3:hr>195</ns3:hr>
            <ns3:cad>91</ns3:cad>
          </ns3:TrackPointExtension>
        </extensions>
      </trkpt>
      <trkpt lat="40.40388775058090686798095703125" lon="116.68455124832689762115478515625">
        <ele>84.40000152587890625</ele>
        <time>2026-09-03T11:02:35.000Z</time>
        <extensions>
          <ns3:TrackPointExtension>
            <ns3:hr>195</ns3:hr>
            <ns3:cad>92</ns3:cad>
          </ns3:TrackPointExtension>
        </extensions>
      </trkpt>
      <trkpt lat="40.40391440503299236297607421875" lon="116.6845516674220561981201171875">
        <ele>84.40000152587890625</ele>
        <time>2026-09-03T11:02:36.000Z</time>
        <extensions>
          <ns3:TrackPointExtension>
            <ns3:hr>195</ns3:hr>
            <ns3:cad>93</ns3:cad>
          </ns3:TrackPointExtension>
        </extensions>
      </trkpt>
      <trkpt lat="40.40395480580627918243408203125" lon="116.6845523379743099212646484375">
        <ele>84.40000152587890625</ele>
        <time>2026-09-03T11:02:37.000Z</time>
        <extensions>
          <ns3:TrackPointExtension>
            <ns3:hr>195</ns3:hr>
            <ns3:cad>93</ns3:cad>
          </ns3:TrackPointExtension>
        </extensions>
      </trkpt>
      <trkpt lat="40.4040028341114521026611328125" lon="116.68455309234559535980224609375">
        <ele>84.40000152587890625</ele>
        <time>2026-09-03T11:02:38.000Z</time>
        <extensions>
          <ns3:TrackPointExtension>
            <ns3:hr>195</ns3:hr>
            <ns3:cad>93</ns3:cad>
          </ns3:TrackPointExtension>
        </extensions>
      </trkpt>
      <trkpt lat="40.404037199914455413818359375" lon="116.68455359525978565216064453125">
        <ele>84.40000152587890625</ele>
        <time>2026-09-03T11:02:39.000Z</time>
        <extensions>
          <ns3:TrackPointExtension>
            <ns3:hr>195</ns3:hr>
            <ns3:cad>93</ns3:cad>
          </ns3:TrackPointExtension>
        </extensions>
      </trkpt>
      <trkpt lat="40.4040812887251377105712890625" lon="116.68455074541270732879638671875">
        <ele>84.40000152587890625</ele>
        <time>2026-09-03T11:02:40.000Z</time>
        <extensions>
          <ns3:TrackPointExtension>
            <ns3:hr>195</ns3:hr>
            <ns3:cad>91</ns3:cad>
          </ns3:TrackPointExtension>
        </extensions>
      </trkpt>
      <trkpt lat="40.4041124694049358367919921875" lon="116.6845436207950115203857421875">
        <ele>84.40000152587890625</ele>
        <time>2026-09-03T11:02:41.000Z</time>
        <extensions>
          <ns3:TrackPointExtension>
            <ns3:hr>195</ns3:hr>
            <ns3:cad>91</ns3:cad>
          </ns3:TrackPointExtension>
        </extensions>
      </trkpt>
      <trkpt lat="40.404159910976886749267578125" lon="116.6845258511602878570556640625">
        <ele>84.40000152587890625</ele>
        <time>2026-09-03T11:02:42.000Z</time>
        <extensions>
          <ns3:TrackPointExtension>
            <ns3:hr>195</ns3:hr>
            <ns3:cad>92</ns3:cad>
          </ns3:TrackPointExtension>
        </extensions>
      </trkpt>
      <trkpt lat="40.404189415276050567626953125" lon="116.6845090873539447784423828125">
        <ele>84.40000152587890625</ele>
        <time>2026-09-03T11:02:43.000Z</time>
        <extensions>
          <ns3:TrackPointExtension>
            <ns3:hr>195</ns3:hr>
            <ns3:cad>92</ns3:cad>
          </ns3:TrackPointExtension>
        </extensions>
      </trkpt>
      <trkpt lat="40.4042324982583522796630859375" lon="116.6844758950173854827880859375">
        <ele>84.40000152587890625</ele>
        <time>2026-09-03T11:02:44.000Z</time>
        <extensions>
          <ns3:TrackPointExtension>
            <ns3:hr>195</ns3:hr>
            <ns3:cad>92</ns3:cad>
          </ns3:TrackPointExtension>
        </extensions>
      </trkpt>
      <trkpt lat="40.40425705723464488983154296875" lon="116.6844517551362514495849609375">
        <ele>84.40000152587890625</ele>
        <time>2026-09-03T11:02:45.000Z</time>
        <extensions>
          <ns3:TrackPointExtension>
            <ns3:hr>195</ns3:hr>
            <ns3:cad>92</ns3:cad>
          </ns3:TrackPointExtension>
        </extensions>
      </trkpt>
      <trkpt lat="40.4042972065508365631103515625" lon="116.68439853005111217498779296875">
        <ele>84.40000152587890625</ele>
        <time>2026-09-03T11:02:46.000Z</time>
        <extensions>
          <ns3:TrackPointExtension>
            <ns3:hr>196</ns3:hr>
            <ns3:cad>92</ns3:cad>
          </ns3:TrackPointExtension>
        </extensions>
      </trkpt>
      <trkpt lat="40.4043136350810527801513671875" lon="116.68437204323709011077880859375">
        <ele>84.40000152587890625</ele>
        <time>2026-09-03T11:02:47.000Z</time>
        <extensions>
          <ns3:TrackPointExtension>
            <ns3:hr>195</ns3:hr>
            <ns3:cad>92</ns3:cad>
          </ns3:TrackPointExtension>
        </extensions>
      </trkpt>
      <trkpt lat="40.40432863868772983551025390625" lon="116.6843404434621334075927734375">
        <ele>84.40000152587890625</ele>
        <time>2026-09-03T11:02:48.000Z</time>
        <extensions>
          <ns3:TrackPointExtension>
            <ns3:hr>195</ns3:hr>
            <ns3:cad>92</ns3:cad>
          </ns3:TrackPointExtension>
        </extensions>
      </trkpt>
      <trkpt lat="40.4043397866189479827880859375" lon="116.68431404046714305877685546875">
        <ele>84.40000152587890625</ele>
        <time>2026-09-03T11:02:49.000Z</time>
        <extensions>
          <ns3:TrackPointExtension>
            <ns3:hr>196</ns3:hr>
            <ns3:cad>90</ns3:cad>
          </ns3:TrackPointExtension>
        </extensions>
      </trkpt>
      <trkpt lat="40.40435981936752796173095703125" lon="116.6842474043369293212890625">
        <ele>84.40000152587890625</ele>
        <time>2026-09-03T11:02:50.000Z</time>
        <extensions>
          <ns3:TrackPointExtension>
            <ns3:hr>195</ns3:hr>
            <ns3:cad>90</ns3:cad>
          </ns3:TrackPointExtension>
        </extensions>
      </trkpt>
      <trkpt lat="40.4043619148433208465576171875" lon="116.68423810042440891265869140625">
        <ele>84.40000152587890625</ele>
        <time>2026-09-03T11:02:51.000Z</time>
        <extensions>
          <ns3:TrackPointExtension>
            <ns3:hr>195</ns3:hr>
            <ns3:cad>90</ns3:cad>
          </ns3:TrackPointExtension>
        </extensions>
      </trkpt>
      <trkpt lat="40.404371805489063262939453125" lon="116.68417389504611492156982421875">
        <ele>84.40000152587890625</ele>
        <time>2026-09-03T11:02:52.000Z</time>
        <extensions>
          <ns3:TrackPointExtension>
            <ns3:hr>195</ns3:hr>
            <ns3:cad>90</ns3:cad>
          </ns3:TrackPointExtension>
        </extensions>
      </trkpt>
      <trkpt lat="40.4043739847838878631591796875" lon="116.68414908461272716522216796875">
        <ele>84.40000152587890625</ele>
        <time>2026-09-03T11:02:53.000Z</time>
        <extensions>
          <ns3:TrackPointExtension>
            <ns3:hr>196</ns3:hr>
            <ns3:cad>90</ns3:cad>
          </ns3:TrackPointExtension>
        </extensions>
      </trkpt>
      <trkpt lat="40.4043733142316341400146484375" lon="116.6840842925012111663818359375">
        <ele>84.40000152587890625</ele>
        <time>2026-09-03T11:02:54.000Z</time>
        <extensions>
          <ns3:TrackPointExtension>
            <ns3:hr>195</ns3:hr>
            <ns3:cad>90</ns3:cad>
          </ns3:TrackPointExtension>
        </extensions>
      </trkpt>
      <trkpt lat="40.40437155403196811676025390625" lon="116.68406643904745578765869140625">
        <ele>84.40000152587890625</ele>
        <time>2026-09-03T11:02:55.000Z</time>
        <extensions>
          <ns3:TrackPointExtension>
            <ns3:hr>195</ns3:hr>
            <ns3:cad>90</ns3:cad>
          </ns3:TrackPointExtension>
        </extensions>
      </trkpt>
      <trkpt lat="40.40436233393847942352294921875" lon="116.68400592170655727386474609375">
        <ele>84.40000152587890625</ele>
        <time>2026-09-03T11:02:56.000Z</time>
        <extensions>
          <ns3:TrackPointExtension>
            <ns3:hr>195</ns3:hr>
            <ns3:cad>90</ns3:cad>
          </ns3:TrackPointExtension>
        </extensions>
      </trkpt>
      <trkpt lat="40.40435470640659332275390625" lon="116.68397289700806140899658203125">
        <ele>84.40000152587890625</ele>
        <time>2026-09-03T11:02:57.000Z</time>
        <extensions>
          <ns3:TrackPointExtension>
            <ns3:hr>195</ns3:hr>
            <ns3:cad>90</ns3:cad>
          </ns3:TrackPointExtension>
        </extensions>
      </trkpt>
      <trkpt lat="40.40433333255350589752197265625" lon="116.68391204439103603363037109375">
        <ele>84.40000152587890625</ele>
        <time>2026-09-03T11:02:58.000Z</time>
        <extensions>
          <ns3:TrackPointExtension>
            <ns3:hr>195</ns3:hr>
            <ns3:cad>90</ns3:cad>
          </ns3:TrackPointExtension>
        </extensions>
      </trkpt>
      <trkpt lat="40.40432251989841461181640625" lon="116.6838879883289337158203125">
        <ele>84.40000152587890625</ele>
        <time>2026-09-03T11:02:59.000Z</time>
        <extensions>
          <ns3:TrackPointExtension>
            <ns3:hr>195</ns3:hr>
            <ns3:cad>90</ns3:cad>
          </ns3:TrackPointExtension>
        </extensions>
      </trkpt>
      <trkpt lat="40.404285304248332977294921875" lon="116.683824621140956878662109375">
        <ele>84.40000152587890625</ele>
        <time>2026-09-03T11:03:00.000Z</time>
        <extensions>
          <ns3:TrackPointExtension>
            <ns3:hr>195</ns3:hr>
            <ns3:cad>90</ns3:cad>
          </ns3:TrackPointExtension>
        </extensions>
      </trkpt>
      <trkpt lat="40.4042770899832248687744140625" lon="116.68381431140005588531494140625">
        <ele>84.40000152587890625</ele>
        <time>2026-09-03T11:03:01.000Z</time>
        <extensions>
          <ns3:TrackPointExtension>
            <ns3:hr>195</ns3:hr>
            <ns3:cad>90</ns3:cad>
          </ns3:TrackPointExtension>
        </extensions>
      </trkpt>
      <trkpt lat="40.40422570891678333282470703125" lon="116.68375915847718715667724609375">
        <ele>84.40000152587890625</ele>
        <time>2026-09-03T11:03:02.000Z</time>
        <extensions>
          <ns3:TrackPointExtension>
            <ns3:hr>195</ns3:hr>
            <ns3:cad>90</ns3:cad>
          </ns3:TrackPointExtension>
        </extensions>
      </trkpt>
      <trkpt lat="40.40421263314783573150634765625" lon="116.68374859727919101715087890625">
        <ele>84.40000152587890625</ele>
        <time>2026-09-03T11:03:03.000Z</time>
        <extensions>
          <ns3:TrackPointExtension>
            <ns3:hr>195</ns3:hr>
            <ns3:cad>90</ns3:cad>
          </ns3:TrackPointExtension>
        </extensions>
      </trkpt>
      <trkpt lat="40.40414842776954174041748046875" lon="116.68371054343879222869873046875">
        <ele>84.40000152587890625</ele>
        <time>2026-09-03T11:03:04.000Z</time>
        <extensions>
          <ns3:TrackPointExtension>
            <ns3:hr>195</ns3:hr>
            <ns3:cad>90</ns3:cad>
          </ns3:TrackPointExtension>
        </extensions>
      </trkpt>
      <trkpt lat="40.404137782752513885498046875" lon="116.6837054304778575897216796875">
        <ele>84.40000152587890625</ele>
        <time>2026-09-03T11:03:05.000Z</time>
        <extensions>
          <ns3:TrackPointExtension>
            <ns3:hr>195</ns3:hr>
            <ns3:cad>90</ns3:cad>
          </ns3:TrackPointExtension>
        </extensions>
      </trkpt>
      <trkpt lat="40.4040749184787273406982421875" lon="116.68369076214730739593505859375">
        <ele>84.40000152587890625</ele>
        <time>2026-09-03T11:03:06.000Z</time>
        <extensions>
          <ns3:TrackPointExtension>
            <ns3:hr>195</ns3:hr>
            <ns3:cad>92</ns3:cad>
          </ns3:TrackPointExtension>
        </extensions>
      </trkpt>
      <trkpt lat="40.40404315106570720672607421875" lon="116.6836879961192607879638671875">
        <ele>84.40000152587890625</ele>
        <time>2026-09-03T11:03:07.000Z</time>
        <extensions>
          <ns3:TrackPointExtension>
            <ns3:hr>194</ns3:hr>
            <ns3:cad>92</ns3:cad>
          </ns3:TrackPointExtension>
        </extensions>
      </trkpt>
      <trkpt lat="40.40400308556854724884033203125" lon="116.6836873255670070648193359375">
        <ele>84.40000152587890625</ele>
        <time>2026-09-03T11:03:08.000Z</time>
        <extensions>
          <ns3:TrackPointExtension>
            <ns3:hr>195</ns3:hr>
            <ns3:cad>92</ns3:cad>
          </ns3:TrackPointExtension>
        </extensions>
      </trkpt>
      <trkpt lat="40.403974168002605438232421875" lon="116.68368690647184848785400390625">
        <ele>84.40000152587890625</ele>
        <time>2026-09-03T11:03:09.000Z</time>
        <extensions>
          <ns3:TrackPointExtension>
            <ns3:hr>195</ns3:hr>
            <ns3:cad>92</ns3:cad>
          </ns3:TrackPointExtension>
        </extensions>
      </trkpt>
      <trkpt lat="40.40392027236521244049072265625" lon="116.68368606828153133392333984375">
        <ele>84.40000152587890625</ele>
        <time>2026-09-03T11:03:10.000Z</time>
        <extensions>
          <ns3:TrackPointExtension>
            <ns3:hr>195</ns3:hr>
            <ns3:cad>92</ns3:cad>
          </ns3:TrackPointExtension>
        </extensions>
      </trkpt>
      <trkpt lat="40.4038975574076175689697265625" lon="116.6836856491863727569580078125">
        <ele>84.40000152587890625</ele>
        <time>2026-09-03T11:03:11.000Z</time>
        <extensions>
          <ns3:TrackPointExtension>
            <ns3:hr>194</ns3:hr>
            <ns3:cad>89</ns3:cad>
          </ns3:TrackPointExtension>
        </extensions>
      </trkpt>
      <trkpt lat="40.40384181775152683258056640625" lon="116.68368481099605560302734375">
        <ele>84.40000152587890625</ele>
        <time>2026-09-03T11:03:12.000Z</time>
        <extensions>
          <ns3:TrackPointExtension>
            <ns3:hr>195</ns3:hr>
            <ns3:cad>89</ns3:cad>
          </ns3:TrackPointExtension>
        </extensions>
      </trkpt>
      <trkpt lat="40.40380191989243030548095703125" lon="116.68368422426283359527587890625">
        <ele>84.40000152587890625</ele>
        <time>2026-09-03T11:03:13.000Z</time>
        <extensions>
          <ns3:TrackPointExtension>
            <ns3:hr>194</ns3:hr>
            <ns3:cad>89</ns3:cad>
          </ns3:TrackPointExtension>
        </extensions>
      </trkpt>
      <trkpt lat="40.40375229902565479278564453125" lon="116.68368338607251644134521484375">
        <ele>84.40000152587890625</ele>
        <time>2026-09-03T11:03:14.000Z</time>
        <extensions>
          <ns3:TrackPointExtension>
            <ns3:hr>194</ns3:hr>
            <ns3:cad>89</ns3:cad>
          </ns3:TrackPointExtension>
        </extensions>
      </trkpt>
      <trkpt lat="40.40371726267039775848388671875" lon="116.68368288315832614898681640625">
        <ele>84.40000152587890625</ele>
        <time>2026-09-03T11:03:15.000Z</time>
        <extensions>
          <ns3:TrackPointExtension>
            <ns3:hr>194</ns3:hr>
            <ns3:cad>89</ns3:cad>
          </ns3:TrackPointExtension>
        </extensions>
      </trkpt>
      <trkpt lat="40.4036735929548740386962890625" lon="116.68368221260607242584228515625">
        <ele>84.40000152587890625</ele>
        <time>2026-09-03T11:03:16.000Z</time>
        <extensions>
          <ns3:TrackPointExtension>
            <ns3:hr>194</ns3:hr>
            <ns3:cad>89</ns3:cad>
          </ns3:TrackPointExtension>
        </extensions>
      </trkpt>
      <trkpt lat="40.40364366956055164337158203125" lon="116.68368170969188213348388671875">
        <ele>84.40000152587890625</ele>
        <time>2026-09-03T11:03:17.000Z</time>
        <extensions>
          <ns3:TrackPointExtension>
            <ns3:hr>194</ns3:hr>
            <ns3:cad>91</ns3:cad>
          </ns3:TrackPointExtension>
        </extensions>
      </trkpt>
      <trkpt lat="40.40358834899961948394775390625" lon="116.68368087150156497955322265625">
        <ele>84.40000152587890625</ele>
        <time>2026-09-03T11:03:18.000Z</time>
        <extensions>
          <ns3:TrackPointExtension>
            <ns3:hr>194</ns3:hr>
            <ns3:cad>91</ns3:cad>
          </ns3:TrackPointExtension>
        </extensions>
      </trkpt>
      <trkpt lat="40.40356202982366085052490234375" lon="116.683680452406406402587890625">
        <ele>84.40000152587890625</ele>
        <time>2026-09-03T11:03:19.000Z</time>
        <extensions>
          <ns3:TrackPointExtension>
            <ns3:hr>194</ns3:hr>
            <ns3:cad>91</ns3:cad>
          </ns3:TrackPointExtension>
        </extensions>
      </trkpt>
      <trkpt lat="40.403517186641693115234375" lon="116.683679781854152679443359375">
        <ele>84.40000152587890625</ele>
        <time>2026-09-03T11:03:20.000Z</time>
        <extensions>
          <ns3:TrackPointExtension>
            <ns3:hr>194</ns3:hr>
            <ns3:cad>90</ns3:cad>
          </ns3:TrackPointExtension>
        </extensions>
      </trkpt>
      <trkpt lat="40.40347670204937458038330078125" lon="116.683679111301898956298828125">
        <ele>84.40000152587890625</ele>
        <time>2026-09-03T11:03:21.000Z</time>
        <extensions>
          <ns3:TrackPointExtension>
            <ns3:hr>194</ns3:hr>
            <ns3:cad>90</ns3:cad>
          </ns3:TrackPointExtension>
        </extensions>
      </trkpt>
      <trkpt lat="40.403442420065402984619140625" lon="116.6836786083877086639404296875">
        <ele>84.40000152587890625</ele>
        <time>2026-09-03T11:03:22.000Z</time>
        <extensions>
          <ns3:TrackPointExtension>
            <ns3:hr>194</ns3:hr>
            <ns3:cad>90</ns3:cad>
          </ns3:TrackPointExtension>
        </extensions>
      </trkpt>
      <trkpt lat="40.403399169445037841796875" lon="116.6836779378354549407958984375">
        <ele>84.40000152587890625</ele>
        <time>2026-09-03T11:03:23.000Z</time>
        <extensions>
          <ns3:TrackPointExtension>
            <ns3:hr>193</ns3:hr>
            <ns3:cad>90</ns3:cad>
          </ns3:TrackPointExtension>
        </extensions>
      </trkpt>
      <trkpt lat="40.4033549129962921142578125" lon="116.6836772672832012176513671875">
        <ele>84.40000152587890625</ele>
        <time>2026-09-03T11:03:24.000Z</time>
        <extensions>
          <ns3:TrackPointExtension>
            <ns3:hr>193</ns3:hr>
            <ns3:cad>91</ns3:cad>
          </ns3:TrackPointExtension>
        </extensions>
      </trkpt>
      <trkpt lat="40.40331241674721240997314453125" lon="116.6836765967309474945068359375">
        <ele>84.40000152587890625</ele>
        <time>2026-09-03T11:03:25.000Z</time>
        <extensions>
          <ns3:TrackPointExtension>
            <ns3:hr>193</ns3:hr>
            <ns3:cad>91</ns3:cad>
          </ns3:TrackPointExtension>
        </extensions>
      </trkpt>
      <trkpt lat="40.40326438844203948974609375" lon="116.6836779378354549407958984375">
        <ele>84.40000152587890625</ele>
        <time>2026-09-03T11:03:26.000Z</time>
        <extensions>
          <ns3:TrackPointExtension>
            <ns3:hr>193</ns3:hr>
            <ns3:cad>91</ns3:cad>
          </ns3:TrackPointExtension>
        </extensions>
      </trkpt>
      <trkpt lat="40.40322507731616497039794921875" lon="116.68368422426283359527587890625">
        <ele>84.40000152587890625</ele>
        <time>2026-09-03T11:03:27.000Z</time>
        <extensions>
          <ns3:TrackPointExtension>
            <ns3:hr>193</ns3:hr>
            <ns3:cad>91</ns3:cad>
          </ns3:TrackPointExtension>
        </extensions>
      </trkpt>
    </trkseg>
  </trk>
</gpx>
