<gpx xmlns:ns3="http://www.garmin.com/xmlschemas/TrackPointExtension/v1" xmlns="http://www.topografix.com/GPX/1/1" xmlns:xsi="http://www.w3.org/2001/XMLSchema-instance" xmlns:ns2="http://www.garmin.com/xmlschemas/GpxExtensions/v3" creator="Garmin Connect" version="1.1" xsi:schemaLocation="http://www.topografix.com/GPX/1/1 http://www.topografix.com/GPX/11.xsd">
  <extensions>
<distance>995.45</distance>
<average_hr>134.0</average_hr>
<average_speed>2.259000062942505</average_speed>
<start_time>2026-09-10T14:16:45+00:00</start_time>
<end_time>2026-09-10T14:24:05.694000+00:00</end_time>
<moving_time>357.036</moving_time>
<elapsed_time>440.694</elapsed_time>
</extensions>
<metadata>
    <link href="connect.garmin.com">
      <text>Garmin Connect</text>
    </link>
    <time>2026-09-10T14:16:45.000Z</time>
  </metadata>
  <trk>
    <name>怀柔区 跑步</name>
    <type>running</type>
    <trkseg>
      <trkpt lat="40.40430416353046894073486328125" lon="116.68364281766116619110107421875">
        <ele>81.40000152587890625</ele>
        <time>2026-09-10T14:16:45.000Z</time>
        <extensions>
          <ns3:TrackPointExtension>
            <ns3:hr>105</ns3:hr>
            <ns3:cad>53</ns3:cad>
          </ns3:TrackPointExtension>
        </extensions>
      </trkpt>
      <trkpt lat="40.404299385845661163330078125" lon="116.6836377047002315521240234375">
        <ele>81.40000152587890625</ele>
        <time>2026-09-10T14:16:46.000Z</time>
        <extensions>
          <ns3:TrackPointExtension>
            <ns3:hr>105</ns3:hr>
            <ns3:cad>52</ns3:cad>
          </ns3:TrackPointExtension>
        </extensions>
      </trkpt>
      <trkpt lat="40.40427180938422679901123046875" lon="116.68363242410123348236083984375">
        <ele>81.1999969482421875</ele>
        <time>2026-09-10T14:16:47.000Z</time>
        <extensions>
          <ns3:TrackPointExtension>
            <ns3:hr>105</ns3:hr>
            <ns3:cad>0</ns3:cad>
          </ns3:TrackPointExtension>
        </extensions>
      </trkpt>
      <trkpt lat="40.40423828177154064178466796875" lon="116.68363208882510662078857421875">
        <ele>81.1999969482421875</ele>
        <time>2026-09-10T14:16:48.000Z</time>
        <extensions>
          <ns3:TrackPointExtension>
            <ns3:hr>106</ns3:hr>
            <ns3:cad>0</ns3:cad>
          </ns3:TrackPointExtension>
        </extensions>
      </trkpt>
      <trkpt lat="40.4041926003992557525634765625" lon="116.6836306639015674591064453125">
        <ele>81.1999969482421875</ele>
        <time>2026-09-10T14:16:49.000Z</time>
        <extensions>
          <ns3:TrackPointExtension>
            <ns3:hr>108</ns3:hr>
            <ns3:cad>0</ns3:cad>
          </ns3:TrackPointExtension>
        </extensions>
      </trkpt>
      <trkpt lat="40.4041530378162860870361328125" lon="116.68363426811993122100830078125">
        <ele>81.1999969482421875</ele>
        <time>2026-09-10T14:16:50.000Z</time>
        <extensions>
          <ns3:TrackPointExtension>
            <ns3:hr>111</ns3:hr>
            <ns3:cad>0</ns3:cad>
          </ns3:TrackPointExtension>
        </extensions>
      </trkpt>
      <trkpt lat="40.40410685352981090545654296875" lon="116.6836330108344554901123046875">
        <ele>81.1999969482421875</ele>
        <time>2026-09-10T14:16:51.000Z</time>
        <extensions>
          <ns3:TrackPointExtension>
            <ns3:hr>114</ns3:hr>
            <ns3:cad>94</ns3:cad>
          </ns3:TrackPointExtension>
        </extensions>
      </trkpt>
      <trkpt lat="40.404066704213619232177734375" lon="116.68363560922443866729736328125">
        <ele>81.40000152587890625</ele>
        <time>2026-09-10T14:16:52.000Z</time>
        <extensions>
          <ns3:TrackPointExtension>
            <ns3:hr>117</ns3:hr>
            <ns3:cad>94</ns3:cad>
          </ns3:TrackPointExtension>
        </extensions>
      </trkpt>
      <trkpt lat="40.404017083346843719482421875" lon="116.683632172644138336181640625">
        <ele>81.40000152587890625</ele>
        <time>2026-09-10T14:16:53.000Z</time>
        <extensions>
          <ns3:TrackPointExtension>
            <ns3:hr>119</ns3:hr>
            <ns3:cad>93</ns3:cad>
          </ns3:TrackPointExtension>
        </extensions>
      </trkpt>
      <trkpt lat="40.40398330427706241607666015625" lon="116.68363695032894611358642578125">
        <ele>81.40000152587890625</ele>
        <time>2026-09-10T14:16:54.000Z</time>
        <extensions>
          <ns3:TrackPointExtension>
            <ns3:hr>126</ns3:hr>
            <ns3:cad>92</ns3:cad>
          </ns3:TrackPointExtension>
        </extensions>
      </trkpt>
      <trkpt lat="40.40393619798123836517333984375" lon="116.683631502091884613037109375">
        <ele>81.40000152587890625</ele>
        <time>2026-09-10T14:16:55.000Z</time>
        <extensions>
          <ns3:TrackPointExtension>
            <ns3:hr>125</ns3:hr>
            <ns3:cad>92</ns3:cad>
          </ns3:TrackPointExtension>
        </extensions>
      </trkpt>
      <trkpt lat="40.403904430568218231201171875" lon="116.68363544158637523651123046875">
        <ele>81.40000152587890625</ele>
        <time>2026-09-10T14:16:56.000Z</time>
        <extensions>
          <ns3:TrackPointExtension>
            <ns3:hr>125</ns3:hr>
            <ns3:cad>93</ns3:cad>
          </ns3:TrackPointExtension>
        </extensions>
      </trkpt>
      <trkpt lat="40.40386009030044078826904296875" lon="116.683634854853153228759765625">
        <ele>81.40000152587890625</ele>
        <time>2026-09-10T14:16:57.000Z</time>
        <extensions>
          <ns3:TrackPointExtension>
            <ns3:hr>128</ns3:hr>
            <ns3:cad>93</ns3:cad>
          </ns3:TrackPointExtension>
        </extensions>
      </trkpt>
      <trkpt lat="40.40382304228842258453369140625" lon="116.6836360283195972442626953125">
        <ele>81.40000152587890625</ele>
        <time>2026-09-10T14:16:58.000Z</time>
        <extensions>
          <ns3:TrackPointExtension>
            <ns3:hr>135</ns3:hr>
            <ns3:cad>92</ns3:cad>
          </ns3:TrackPointExtension>
        </extensions>
      </trkpt>
      <trkpt lat="40.4037832282483577728271484375" lon="116.68363116681575775146484375">
        <ele>81.40000152587890625</ele>
        <time>2026-09-10T14:16:59.000Z</time>
        <extensions>
          <ns3:TrackPointExtension>
            <ns3:hr>139</ns3:hr>
            <ns3:cad>92</ns3:cad>
          </ns3:TrackPointExtension>
        </extensions>
      </trkpt>
      <trkpt lat="40.4037440009415149688720703125" lon="116.68363342992961406707763671875">
        <ele>81.40000152587890625</ele>
        <time>2026-09-10T14:17:00.000Z</time>
        <extensions>
          <ns3:TrackPointExtension>
            <ns3:hr>141</ns3:hr>
            <ns3:cad>91</ns3:cad>
          </ns3:TrackPointExtension>
        </extensions>
      </trkpt>
      <trkpt lat="40.40370385162532329559326171875" lon="116.683633513748645782470703125">
        <ele>81.40000152587890625</ele>
        <time>2026-09-10T14:17:01.000Z</time>
        <extensions>
          <ns3:TrackPointExtension>
            <ns3:hr>143</ns3:hr>
            <ns3:cad>91</ns3:cad>
          </ns3:TrackPointExtension>
        </extensions>
      </trkpt>
      <trkpt lat="40.4036601819097995758056640625" lon="116.68363410048186779022216796875">
        <ele>81.40000152587890625</ele>
        <time>2026-09-10T14:17:02.000Z</time>
        <extensions>
          <ns3:TrackPointExtension>
            <ns3:hr>143</ns3:hr>
            <ns3:cad>91</ns3:cad>
          </ns3:TrackPointExtension>
        </extensions>
      </trkpt>
      <trkpt lat="40.40361768566071987152099609375" lon="116.68363342992961406707763671875">
        <ele>81.40000152587890625</ele>
        <time>2026-09-10T14:17:03.000Z</time>
        <extensions>
          <ns3:TrackPointExtension>
            <ns3:hr>142</ns3:hr>
            <ns3:cad>91</ns3:cad>
          </ns3:TrackPointExtension>
        </extensions>
      </trkpt>
      <trkpt lat="40.40357141755521297454833984375" lon="116.68363519012928009033203125">
        <ele>81.59999847412109375</ele>
        <time>2026-09-10T14:17:04.000Z</time>
        <extensions>
          <ns3:TrackPointExtension>
            <ns3:hr>145</ns3:hr>
            <ns3:cad>91</ns3:cad>
          </ns3:TrackPointExtension>
        </extensions>
      </trkpt>
      <trkpt lat="40.40353126823902130126953125" lon="116.6836363635957241058349609375">
        <ele>81.59999847412109375</ele>
        <time>2026-09-10T14:17:05.000Z</time>
        <extensions>
          <ns3:TrackPointExtension>
            <ns3:hr>147</ns3:hr>
            <ns3:cad>91</ns3:cad>
          </ns3:TrackPointExtension>
        </extensions>
      </trkpt>
      <trkpt lat="40.40348575450479984283447265625" lon="116.68363024480640888214111328125">
        <ele>81.40000152587890625</ele>
        <time>2026-09-10T14:17:06.000Z</time>
        <extensions>
          <ns3:TrackPointExtension>
            <ns3:hr>146</ns3:hr>
            <ns3:cad>91</ns3:cad>
          </ns3:TrackPointExtension>
        </extensions>
      </trkpt>
      <trkpt lat="40.40344736538827419281005859375" lon="116.68363594450056552886962890625">
        <ele>81.40000152587890625</ele>
        <time>2026-09-10T14:17:07.000Z</time>
        <extensions>
          <ns3:TrackPointExtension>
            <ns3:hr>148</ns3:hr>
            <ns3:cad>92</ns3:cad>
          </ns3:TrackPointExtension>
        </extensions>
      </trkpt>
      <trkpt lat="40.40340243838727474212646484375" lon="116.68362890370190143585205078125">
        <ele>81.40000152587890625</ele>
        <time>2026-09-10T14:17:08.000Z</time>
        <extensions>
          <ns3:TrackPointExtension>
            <ns3:hr>148</ns3:hr>
            <ns3:cad>92</ns3:cad>
          </ns3:TrackPointExtension>
        </extensions>
      </trkpt>
      <trkpt lat="40.40336639620363712310791015625" lon="116.68363041244447231292724609375">
        <ele>81.40000152587890625</ele>
        <time>2026-09-10T14:17:09.000Z</time>
        <extensions>
          <ns3:TrackPointExtension>
            <ns3:hr>150</ns3:hr>
            <ns3:cad>92</ns3:cad>
          </ns3:TrackPointExtension>
        </extensions>
      </trkpt>
      <trkpt lat="40.4033356346189975738525390625" lon="116.6836366988718509674072265625">
        <ele>81.59999847412109375</ele>
        <time>2026-09-10T14:17:10.000Z</time>
        <extensions>
          <ns3:TrackPointExtension>
            <ns3:hr>150</ns3:hr>
            <ns3:cad>92</ns3:cad>
          </ns3:TrackPointExtension>
        </extensions>
      </trkpt>
      <trkpt lat="40.403318703174591064453125" lon="116.68364323675632476806640625">
        <ele>81.59999847412109375</ele>
        <time>2026-09-10T14:17:11.000Z</time>
        <extensions>
          <ns3:TrackPointExtension>
            <ns3:hr>149</ns3:hr>
            <ns3:cad>92</ns3:cad>
          </ns3:TrackPointExtension>
        </extensions>
      </trkpt>
      <trkpt lat="40.40330705232918262481689453125" lon="116.68365103192627429962158203125">
        <ele>81.8000030517578125</ele>
        <time>2026-09-10T14:17:12.000Z</time>
        <extensions>
          <ns3:TrackPointExtension>
            <ns3:hr>150</ns3:hr>
            <ns3:cad>92</ns3:cad>
          </ns3:TrackPointExtension>
        </extensions>
      </trkpt>
      <trkpt lat="40.4032960720360279083251953125" lon="116.68365371413528919219970703125">
        <ele>81.8000030517578125</ele>
        <time>2026-09-10T14:17:13.000Z</time>
        <extensions>
          <ns3:TrackPointExtension>
            <ns3:hr>149</ns3:hr>
            <ns3:cad>92</ns3:cad>
          </ns3:TrackPointExtension>
        </extensions>
      </trkpt>
      <trkpt lat="40.4032890312373638153076171875" lon="116.6836534626781940460205078125">
        <ele>81.59999847412109375</ele>
        <time>2026-09-10T14:17:14.000Z</time>
        <extensions>
          <ns3:TrackPointExtension>
            <ns3:hr>149</ns3:hr>
            <ns3:cad>92</ns3:cad>
          </ns3:TrackPointExtension>
        </extensions>
      </trkpt>
      <trkpt lat="40.403278805315494537353515625" lon="116.68364902026951313018798828125">
        <ele>81.59999847412109375</ele>
        <time>2026-09-10T14:17:15.000Z</time>
        <extensions>
          <ns3:TrackPointExtension>
            <ns3:hr>148</ns3:hr>
            <ns3:cad>92</ns3:cad>
          </ns3:TrackPointExtension>
        </extensions>
      </trkpt>
      <trkpt lat="40.40326966904103755950927734375" lon="116.6836444102227687835693359375">
        <ele>81.59999847412109375</ele>
        <time>2026-09-10T14:17:16.000Z</time>
        <extensions>
          <ns3:TrackPointExtension>
            <ns3:hr>146</ns3:hr>
            <ns3:cad>92</ns3:cad>
          </ns3:TrackPointExtension>
        </extensions>
      </trkpt>
      <trkpt lat="40.4032575152814388275146484375" lon="116.683642566204071044921875">
        <ele>81.59999847412109375</ele>
        <time>2026-09-10T14:17:17.000Z</time>
        <extensions>
          <ns3:TrackPointExtension>
            <ns3:hr>145</ns3:hr>
            <ns3:cad>92</ns3:cad>
          </ns3:TrackPointExtension>
        </extensions>
      </trkpt>
      <trkpt lat="40.4032498039305210113525390625" lon="116.683642566204071044921875">
        <ele>81.59999847412109375</ele>
        <time>2026-09-10T14:17:18.000Z</time>
        <extensions>
          <ns3:TrackPointExtension>
            <ns3:hr>144</ns3:hr>
            <ns3:cad>58</ns3:cad>
          </ns3:TrackPointExtension>
        </extensions>
      </trkpt>
      <trkpt lat="40.4032420925796031951904296875" lon="116.6836439073085784912109375">
        <ele>81.59999847412109375</ele>
        <time>2026-09-10T14:17:19.000Z</time>
        <extensions>
          <ns3:TrackPointExtension>
            <ns3:hr>142</ns3:hr>
            <ns3:cad>58</ns3:cad>
          </ns3:TrackPointExtension>
        </extensions>
      </trkpt>
      <trkpt lat="40.4032353870570659637451171875" lon="116.68364801444113254547119140625">
        <ele>81.59999847412109375</ele>
        <time>2026-09-10T14:17:20.000Z</time>
        <extensions>
          <ns3:TrackPointExtension>
            <ns3:hr>140</ns3:hr>
            <ns3:cad>58</ns3:cad>
          </ns3:TrackPointExtension>
        </extensions>
      </trkpt>
      <trkpt lat="40.40322951972484588623046875" lon="116.68365136720240116119384765625">
        <ele>81.59999847412109375</ele>
        <time>2026-09-10T14:17:21.000Z</time>
        <extensions>
          <ns3:TrackPointExtension>
            <ns3:hr>139</ns3:hr>
            <ns3:cad>51</ns3:cad>
          </ns3:TrackPointExtension>
        </extensions>
      </trkpt>
      <trkpt lat="40.4032182879745960235595703125" lon="116.6836519539356231689453125">
        <ele>81.59999847412109375</ele>
        <time>2026-09-10T14:17:22.000Z</time>
        <extensions>
          <ns3:TrackPointExtension>
            <ns3:hr>138</ns3:hr>
            <ns3:cad>51</ns3:cad>
          </ns3:TrackPointExtension>
        </extensions>
      </trkpt>
      <trkpt lat="40.40321074426174163818359375" lon="116.6836559772491455078125">
        <ele>81.59999847412109375</ele>
        <time>2026-09-10T14:17:23.000Z</time>
        <extensions>
          <ns3:TrackPointExtension>
            <ns3:hr>138</ns3:hr>
            <ns3:cad>51</ns3:cad>
          </ns3:TrackPointExtension>
        </extensions>
      </trkpt>
      <trkpt lat="40.40320814587175846099853515625" lon="116.683655641973018646240234375">
        <ele>81.59999847412109375</ele>
        <time>2026-09-10T14:17:24.000Z</time>
        <extensions>
          <ns3:TrackPointExtension>
            <ns3:hr>137</ns3:hr>
            <ns3:cad>51</ns3:cad>
          </ns3:TrackPointExtension>
        </extensions>
      </trkpt>
      <trkpt lat="40.40320294909179210662841796875" lon="116.683656312525272369384765625">
        <ele>81.40000152587890625</ele>
        <time>2026-09-10T14:17:25.000Z</time>
        <extensions>
          <ns3:TrackPointExtension>
            <ns3:hr>135</ns3:hr>
            <ns3:cad>50</ns3:cad>
          </ns3:TrackPointExtension>
        </extensions>
      </trkpt>
      <trkpt lat="40.40321166627109050750732421875" lon="116.6836568154394626617431640625">
        <ele>81.59999847412109375</ele>
        <time>2026-09-10T14:17:26.000Z</time>
        <extensions>
          <ns3:TrackPointExtension>
            <ns3:hr>132</ns3:hr>
            <ns3:cad>48</ns3:cad>
          </ns3:TrackPointExtension>
        </extensions>
      </trkpt>
      <trkpt lat="40.4032234847545623779296875" lon="116.6836558096110820770263671875">
        <ele>81.59999847412109375</ele>
        <time>2026-09-10T14:17:27.000Z</time>
        <extensions>
          <ns3:TrackPointExtension>
            <ns3:hr>133</ns3:hr>
            <ns3:cad>48</ns3:cad>
          </ns3:TrackPointExtension>
        </extensions>
      </trkpt>
      <trkpt lat="40.40323463268578052520751953125" lon="116.68365128338336944580078125">
        <ele>81.40000152587890625</ele>
        <time>2026-09-10T14:17:28.000Z</time>
        <extensions>
          <ns3:TrackPointExtension>
            <ns3:hr>133</ns3:hr>
            <ns3:cad>48</ns3:cad>
          </ns3:TrackPointExtension>
        </extensions>
      </trkpt>
      <trkpt lat="40.4032395780086517333984375" lon="116.68363745324313640594482421875">
        <ele>81.40000152587890625</ele>
        <time>2026-09-10T14:17:29.000Z</time>
        <extensions>
          <ns3:TrackPointExtension>
            <ns3:hr>133</ns3:hr>
            <ns3:cad>48</ns3:cad>
          </ns3:TrackPointExtension>
        </extensions>
      </trkpt>
      <trkpt lat="40.4032407514750957489013671875" lon="116.68363527394831180572509765625">
        <ele>81.40000152587890625</ele>
        <time>2026-09-10T14:17:30.000Z</time>
        <extensions>
          <ns3:TrackPointExtension>
            <ns3:hr>133</ns3:hr>
            <ns3:cad>48</ns3:cad>
          </ns3:TrackPointExtension>
        </extensions>
      </trkpt>
      <trkpt lat="40.40324100293219089508056640625" lon="116.6836289875209331512451171875">
        <ele>81.40000152587890625</ele>
        <time>2026-09-10T14:17:31.000Z</time>
        <extensions>
          <ns3:TrackPointExtension>
            <ns3:hr>131</ns3:hr>
            <ns3:cad>0</ns3:cad>
          </ns3:TrackPointExtension>
        </extensions>
      </trkpt>
      <trkpt lat="40.40324770845472812652587890625" lon="116.6836246289312839508056640625">
        <ele>81.40000152587890625</ele>
        <time>2026-09-10T14:17:32.000Z</time>
        <extensions>
          <ns3:TrackPointExtension>
            <ns3:hr>130</ns3:hr>
            <ns3:cad>0</ns3:cad>
          </ns3:TrackPointExtension>
        </extensions>
      </trkpt>
      <trkpt lat="40.40325860492885112762451171875" lon="116.683621108531951904296875">
        <ele>81.40000152587890625</ele>
        <time>2026-09-10T14:17:33.000Z</time>
        <extensions>
          <ns3:TrackPointExtension>
            <ns3:hr>129</ns3:hr>
            <ns3:cad>51</ns3:cad>
          </ns3:TrackPointExtension>
        </extensions>
      </trkpt>
      <trkpt lat="40.40327151305973529815673828125" lon="116.68362370692193508148193359375">
        <ele>81.40000152587890625</ele>
        <time>2026-09-10T14:17:34.000Z</time>
        <extensions>
          <ns3:TrackPointExtension>
            <ns3:hr>128</ns3:hr>
            <ns3:cad>51</ns3:cad>
          </ns3:TrackPointExtension>
        </extensions>
      </trkpt>
      <trkpt lat="40.4032846726477146148681640625" lon="116.68362756259739398956298828125">
        <ele>81.40000152587890625</ele>
        <time>2026-09-10T14:17:35.000Z</time>
        <extensions>
          <ns3:TrackPointExtension>
            <ns3:hr>127</ns3:hr>
            <ns3:cad>55</ns3:cad>
          </ns3:TrackPointExtension>
        </extensions>
      </trkpt>
      <trkpt lat="40.4032997600734233856201171875" lon="116.68363410048186779022216796875">
        <ele>81.59999847412109375</ele>
        <time>2026-09-10T14:17:36.000Z</time>
        <extensions>
          <ns3:TrackPointExtension>
            <ns3:hr>127</ns3:hr>
            <ns3:cad>57</ns3:cad>
          </ns3:TrackPointExtension>
        </extensions>
      </trkpt>
      <trkpt lat="40.40330906398594379425048828125" lon="116.68363745324313640594482421875">
        <ele>81.59999847412109375</ele>
        <time>2026-09-10T14:17:37.000Z</time>
        <extensions>
          <ns3:TrackPointExtension>
            <ns3:hr>128</ns3:hr>
            <ns3:cad>57</ns3:cad>
          </ns3:TrackPointExtension>
        </extensions>
      </trkpt>
      <trkpt lat="40.4033146798610687255859375" lon="116.6836420632898807525634765625">
        <ele>81.59999847412109375</ele>
        <time>2026-09-10T14:17:38.000Z</time>
        <extensions>
          <ns3:TrackPointExtension>
            <ns3:hr>128</ns3:hr>
            <ns3:cad>55</ns3:cad>
          </ns3:TrackPointExtension>
        </extensions>
      </trkpt>
      <trkpt lat="40.4033175297081470489501953125" lon="116.6836457513272762298583984375">
        <ele>81.8000030517578125</ele>
        <time>2026-09-10T14:17:39.000Z</time>
        <extensions>
          <ns3:TrackPointExtension>
            <ns3:hr>127</ns3:hr>
            <ns3:cad>0</ns3:cad>
          </ns3:TrackPointExtension>
        </extensions>
      </trkpt>
      <trkpt lat="40.40331610478460788726806640625" lon="116.68364902026951313018798828125">
        <ele>81.8000030517578125</ele>
        <time>2026-09-10T14:17:40.000Z</time>
        <extensions>
          <ns3:TrackPointExtension>
            <ns3:hr>125</ns3:hr>
            <ns3:cad>0</ns3:cad>
          </ns3:TrackPointExtension>
        </extensions>
      </trkpt>
      <trkpt lat="40.4033068008720874786376953125" lon="116.68364969082176685333251953125">
        <ele>81.8000030517578125</ele>
        <time>2026-09-10T14:17:41.000Z</time>
        <extensions>
          <ns3:TrackPointExtension>
            <ns3:hr>121</ns3:hr>
            <ns3:cad>0</ns3:cad>
          </ns3:TrackPointExtension>
        </extensions>
      </trkpt>
      <trkpt lat="40.40330604650080204010009765625" lon="116.68365471996366977691650390625">
        <ele>81.59999847412109375</ele>
        <time>2026-09-10T14:17:42.000Z</time>
        <extensions>
          <ns3:TrackPointExtension>
            <ns3:hr>119</ns3:hr>
            <ns3:cad>0</ns3:cad>
          </ns3:TrackPointExtension>
        </extensions>
      </trkpt>
      <trkpt lat="40.40330353192985057830810546875" lon="116.68365664780139923095703125">
        <ele>81.59999847412109375</ele>
        <time>2026-09-10T14:17:43.000Z</time>
        <extensions>
          <ns3:TrackPointExtension>
            <ns3:hr>112</ns3:hr>
            <ns3:cad>0</ns3:cad>
          </ns3:TrackPointExtension>
        </extensions>
      </trkpt>
      <trkpt lat="40.4033047892153263092041015625" lon="116.68365807272493839263916015625">
        <ele>81.59999847412109375</ele>
        <time>2026-09-10T14:17:44.000Z</time>
        <extensions>
          <ns3:TrackPointExtension>
            <ns3:hr>110</ns3:hr>
            <ns3:cad>0</ns3:cad>
          </ns3:TrackPointExtension>
        </extensions>
      </trkpt>
      <trkpt lat="40.4033135063946247100830078125" lon="116.683657653629779815673828125">
        <ele>81.40000152587890625</ele>
        <time>2026-09-10T14:17:45.000Z</time>
        <extensions>
          <ns3:TrackPointExtension>
            <ns3:hr>110</ns3:hr>
            <ns3:cad>0</ns3:cad>
          </ns3:TrackPointExtension>
        </extensions>
      </trkpt>
      <trkpt lat="40.40333957411348819732666015625" lon="116.6836598329246044158935546875">
        <ele>81.40000152587890625</ele>
        <time>2026-09-10T14:17:46.000Z</time>
        <extensions>
          <ns3:TrackPointExtension>
            <ns3:hr>114</ns3:hr>
            <ns3:cad>0</ns3:cad>
          </ns3:TrackPointExtension>
        </extensions>
      </trkpt>
      <trkpt lat="40.40339439176023006439208984375" lon="116.68364533223211765289306640625">
        <ele>81.40000152587890625</ele>
        <time>2026-09-10T14:17:47.000Z</time>
        <extensions>
          <ns3:TrackPointExtension>
            <ns3:hr>120</ns3:hr>
            <ns3:cad>0</ns3:cad>
          </ns3:TrackPointExtension>
        </extensions>
      </trkpt>
      <trkpt lat="40.40343697182834148406982421875" lon="116.6836370341479778289794921875">
        <ele>81.1999969482421875</ele>
        <time>2026-09-10T14:17:48.000Z</time>
        <extensions>
          <ns3:TrackPointExtension>
            <ns3:hr>126</ns3:hr>
            <ns3:cad>0</ns3:cad>
          </ns3:TrackPointExtension>
        </extensions>
      </trkpt>
      <trkpt lat="40.40348860435187816619873046875" lon="116.683637201786041259765625">
        <ele>81.1999969482421875</ele>
        <time>2026-09-10T14:17:49.000Z</time>
        <extensions>
          <ns3:TrackPointExtension>
            <ns3:hr>131</ns3:hr>
            <ns3:cad>93</ns3:cad>
          </ns3:TrackPointExtension>
        </extensions>
      </trkpt>
      <trkpt lat="40.40353571064770221710205078125" lon="116.68363410048186779022216796875">
        <ele>81.40000152587890625</ele>
        <time>2026-09-10T14:17:50.000Z</time>
        <extensions>
          <ns3:TrackPointExtension>
            <ns3:hr>135</ns3:hr>
            <ns3:cad>93</ns3:cad>
          </ns3:TrackPointExtension>
        </extensions>
      </trkpt>
      <trkpt lat="40.4035829007625579833984375" lon="116.68362990953028202056884765625">
        <ele>81.40000152587890625</ele>
        <time>2026-09-10T14:17:51.000Z</time>
        <extensions>
          <ns3:TrackPointExtension>
            <ns3:hr>136</ns3:hr>
            <ns3:cad>96</ns3:cad>
          </ns3:TrackPointExtension>
        </extensions>
      </trkpt>
      <trkpt lat="40.40363545529544353485107421875" lon="116.6836303286254405975341796875">
        <ele>81.40000152587890625</ele>
        <time>2026-09-10T14:17:52.000Z</time>
        <extensions>
          <ns3:TrackPointExtension>
            <ns3:hr>139</ns3:hr>
            <ns3:cad>96</ns3:cad>
          </ns3:TrackPointExtension>
        </extensions>
      </trkpt>
      <trkpt lat="40.40367384441196918487548828125" lon="116.68362454511225223541259765625">
        <ele>81.40000152587890625</ele>
        <time>2026-09-10T14:17:53.000Z</time>
        <extensions>
          <ns3:TrackPointExtension>
            <ns3:hr>139</ns3:hr>
            <ns3:cad>97</ns3:cad>
          </ns3:TrackPointExtension>
        </extensions>
      </trkpt>
      <trkpt lat="40.40372145362198352813720703125" lon="116.683629490435123443603515625">
        <ele>81.40000152587890625</ele>
        <time>2026-09-10T14:17:54.000Z</time>
        <extensions>
          <ns3:TrackPointExtension>
            <ns3:hr>139</ns3:hr>
            <ns3:cad>97</ns3:cad>
          </ns3:TrackPointExtension>
        </extensions>
      </trkpt>
      <trkpt lat="40.403759591281414031982421875" lon="116.6836219467222690582275390625">
        <ele>81.40000152587890625</ele>
        <time>2026-09-10T14:17:55.000Z</time>
        <extensions>
          <ns3:TrackPointExtension>
            <ns3:hr>143</ns3:hr>
            <ns3:cad>95</ns3:cad>
          </ns3:TrackPointExtension>
        </extensions>
      </trkpt>
      <trkpt lat="40.4038036800920963287353515625" lon="116.683626808226108551025390625">
        <ele>81.40000152587890625</ele>
        <time>2026-09-10T14:17:56.000Z</time>
        <extensions>
          <ns3:TrackPointExtension>
            <ns3:hr>145</ns3:hr>
            <ns3:cad>95</ns3:cad>
          </ns3:TrackPointExtension>
        </extensions>
      </trkpt>
      <trkpt lat="40.40384550578892230987548828125" lon="116.68363091535866260528564453125">
        <ele>81.1999969482421875</ele>
        <time>2026-09-10T14:17:57.000Z</time>
        <extensions>
          <ns3:TrackPointExtension>
            <ns3:hr>146</ns3:hr>
            <ns3:cad>95</ns3:cad>
          </ns3:TrackPointExtension>
        </extensions>
      </trkpt>
      <trkpt lat="40.40388540364801883697509765625" lon="116.6836236231029033660888671875">
        <ele>81.40000152587890625</ele>
        <time>2026-09-10T14:17:58.000Z</time>
        <extensions>
          <ns3:TrackPointExtension>
            <ns3:hr>148</ns3:hr>
            <ns3:cad>95</ns3:cad>
          </ns3:TrackPointExtension>
        </extensions>
      </trkpt>
      <trkpt lat="40.40393150411546230316162109375" lon="116.683623455464839935302734375">
        <ele>81.1999969482421875</ele>
        <time>2026-09-10T14:17:59.000Z</time>
        <extensions>
          <ns3:TrackPointExtension>
            <ns3:hr>148</ns3:hr>
            <ns3:cad>95</ns3:cad>
          </ns3:TrackPointExtension>
        </extensions>
      </trkpt>
      <trkpt lat="40.40397115051746368408203125" lon="116.6836152411997318267822265625">
        <ele>81.1999969482421875</ele>
        <time>2026-09-10T14:18:00.000Z</time>
        <extensions>
          <ns3:TrackPointExtension>
            <ns3:hr>148</ns3:hr>
            <ns3:cad>94</ns3:cad>
          </ns3:TrackPointExtension>
        </extensions>
      </trkpt>
      <trkpt lat="40.404012389481067657470703125" lon="116.68361641466617584228515625">
        <ele>81.40000152587890625</ele>
        <time>2026-09-10T14:18:01.000Z</time>
        <extensions>
          <ns3:TrackPointExtension>
            <ns3:hr>151</ns3:hr>
            <ns3:cad>94</ns3:cad>
          </ns3:TrackPointExtension>
        </extensions>
      </trkpt>
      <trkpt lat="40.40404432453215122222900390625" lon="116.68360912241041660308837890625">
        <ele>81.40000152587890625</ele>
        <time>2026-09-10T14:18:02.000Z</time>
        <extensions>
          <ns3:TrackPointExtension>
            <ns3:hr>152</ns3:hr>
            <ns3:cad>92</ns3:cad>
          </ns3:TrackPointExtension>
        </extensions>
      </trkpt>
      <trkpt lat="40.40407047607004642486572265625" lon="116.6836001537740230560302734375">
        <ele>81.59999847412109375</ele>
        <time>2026-09-10T14:18:03.000Z</time>
        <extensions>
          <ns3:TrackPointExtension>
            <ns3:hr>150</ns3:hr>
            <ns3:cad>92</ns3:cad>
          </ns3:TrackPointExtension>
        </extensions>
      </trkpt>
      <trkpt lat="40.40408472530543804168701171875" lon="116.6835921071469783782958984375">
        <ele>81.59999847412109375</ele>
        <time>2026-09-10T14:18:04.000Z</time>
        <extensions>
          <ns3:TrackPointExtension>
            <ns3:hr>150</ns3:hr>
            <ns3:cad>92</ns3:cad>
          </ns3:TrackPointExtension>
        </extensions>
      </trkpt>
      <trkpt lat="40.4040970467031002044677734375" lon="116.683590598404407501220703125">
        <ele>81.59999847412109375</ele>
        <time>2026-09-10T14:18:05.000Z</time>
        <extensions>
          <ns3:TrackPointExtension>
            <ns3:hr>151</ns3:hr>
            <ns3:cad>92</ns3:cad>
          </ns3:TrackPointExtension>
        </extensions>
      </trkpt>
      <trkpt lat="40.4041094519197940826416015625" lon="116.6835937835276126861572265625">
        <ele>81.59999847412109375</ele>
        <time>2026-09-10T14:18:06.000Z</time>
        <extensions>
          <ns3:TrackPointExtension>
            <ns3:hr>151</ns3:hr>
            <ns3:cad>92</ns3:cad>
          </ns3:TrackPointExtension>
        </extensions>
      </trkpt>
      <trkpt lat="40.40412579663097858428955078125" lon="116.68359420262277126312255859375">
        <ele>81.59999847412109375</ele>
        <time>2026-09-10T14:18:07.000Z</time>
        <extensions>
          <ns3:TrackPointExtension>
            <ns3:hr>150</ns3:hr>
            <ns3:cad>92</ns3:cad>
          </ns3:TrackPointExtension>
        </extensions>
      </trkpt>
      <trkpt lat="40.4041408002376556396484375" lon="116.68359219096601009368896484375">
        <ele>81.40000152587890625</ele>
        <time>2026-09-10T14:18:08.000Z</time>
        <extensions>
          <ns3:TrackPointExtension>
            <ns3:hr>149</ns3:hr>
            <ns3:cad>92</ns3:cad>
          </ns3:TrackPointExtension>
        </extensions>
      </trkpt>
      <trkpt lat="40.40414817631244659423828125" lon="116.68358959257602691650390625">
        <ele>81.40000152587890625</ele>
        <time>2026-09-10T14:18:09.000Z</time>
        <extensions>
          <ns3:TrackPointExtension>
            <ns3:hr>148</ns3:hr>
            <ns3:cad>55</ns3:cad>
          </ns3:TrackPointExtension>
        </extensions>
      </trkpt>
      <trkpt lat="40.40415295399725437164306640625" lon="116.68358766473829746246337890625">
        <ele>81.40000152587890625</ele>
        <time>2026-09-10T14:18:10.000Z</time>
        <extensions>
          <ns3:TrackPointExtension>
            <ns3:hr>147</ns3:hr>
            <ns3:cad>54</ns3:cad>
          </ns3:TrackPointExtension>
        </extensions>
      </trkpt>
      <trkpt lat="40.4041600786149501800537109375" lon="116.68358959257602691650390625">
        <ele>81.40000152587890625</ele>
        <time>2026-09-10T14:18:11.000Z</time>
        <extensions>
          <ns3:TrackPointExtension>
            <ns3:hr>145</ns3:hr>
            <ns3:cad>54</ns3:cad>
          </ns3:TrackPointExtension>
        </extensions>
      </trkpt>
      <trkpt lat="40.40417156182229518890380859375" lon="116.68359235860407352447509765625">
        <ele>81.40000152587890625</ele>
        <time>2026-09-10T14:18:12.000Z</time>
        <extensions>
          <ns3:TrackPointExtension>
            <ns3:hr>144</ns3:hr>
            <ns3:cad>53</ns3:cad>
          </ns3:TrackPointExtension>
        </extensions>
      </trkpt>
      <trkpt lat="40.40418170392513275146484375" lon="116.68359034694731235504150390625">
        <ele>81.40000152587890625</ele>
        <time>2026-09-10T14:18:13.000Z</time>
        <extensions>
          <ns3:TrackPointExtension>
            <ns3:hr>143</ns3:hr>
            <ns3:cad>51</ns3:cad>
          </ns3:TrackPointExtension>
        </extensions>
      </trkpt>
      <trkpt lat="40.40419042110443115234375" lon="116.683589257299900054931640625">
        <ele>81.40000152587890625</ele>
        <time>2026-09-10T14:18:14.000Z</time>
        <extensions>
          <ns3:TrackPointExtension>
            <ns3:hr>141</ns3:hr>
            <ns3:cad>50</ns3:cad>
          </ns3:TrackPointExtension>
        </extensions>
      </trkpt>
      <trkpt lat="40.40419771336019039154052734375" lon="116.68358632363379001617431640625">
        <ele>81.40000152587890625</ele>
        <time>2026-09-10T14:18:15.000Z</time>
        <extensions>
          <ns3:TrackPointExtension>
            <ns3:hr>138</ns3:hr>
            <ns3:cad>50</ns3:cad>
          </ns3:TrackPointExtension>
        </extensions>
      </trkpt>
      <trkpt lat="40.40420760400593280792236328125" lon="116.68358129449188709259033203125">
        <ele>81.40000152587890625</ele>
        <time>2026-09-10T14:18:16.000Z</time>
        <extensions>
          <ns3:TrackPointExtension>
            <ns3:hr>136</ns3:hr>
            <ns3:cad>50</ns3:cad>
          </ns3:TrackPointExtension>
        </extensions>
      </trkpt>
      <trkpt lat="40.4042164050042629241943359375" lon="116.68358422815799713134765625">
        <ele>81.59999847412109375</ele>
        <time>2026-09-10T14:18:17.000Z</time>
        <extensions>
          <ns3:TrackPointExtension>
            <ns3:hr>136</ns3:hr>
            <ns3:cad>50</ns3:cad>
          </ns3:TrackPointExtension>
        </extensions>
      </trkpt>
      <trkpt lat="40.40422520600259304046630859375" lon="116.6835874132812023162841796875">
        <ele>81.59999847412109375</ele>
        <time>2026-09-10T14:18:18.000Z</time>
        <extensions>
          <ns3:TrackPointExtension>
            <ns3:hr>135</ns3:hr>
            <ns3:cad>50</ns3:cad>
          </ns3:TrackPointExtension>
        </extensions>
      </trkpt>
      <trkpt lat="40.40422872640192508697509765625" lon="116.6835847310721874237060546875">
        <ele>81.59999847412109375</ele>
        <time>2026-09-10T14:18:19.000Z</time>
        <extensions>
          <ns3:TrackPointExtension>
            <ns3:hr>136</ns3:hr>
            <ns3:cad>50</ns3:cad>
          </ns3:TrackPointExtension>
        </extensions>
      </trkpt>
      <trkpt lat="40.4042274691164493560791015625" lon="116.68358732946217060089111328125">
        <ele>81.8000030517578125</ele>
        <time>2026-09-10T14:18:20.000Z</time>
        <extensions>
          <ns3:TrackPointExtension>
            <ns3:hr>135</ns3:hr>
            <ns3:cad>50</ns3:cad>
          </ns3:TrackPointExtension>
        </extensions>
      </trkpt>
      <trkpt lat="40.4042271338403224945068359375" lon="116.6835897602140903472900390625">
        <ele>81.8000030517578125</ele>
        <time>2026-09-10T14:18:21.000Z</time>
        <extensions>
          <ns3:TrackPointExtension>
            <ns3:hr>134</ns3:hr>
            <ns3:cad>50</ns3:cad>
          </ns3:TrackPointExtension>
        </extensions>
      </trkpt>
      <trkpt lat="40.404225289821624755859375" lon="116.68358766473829746246337890625">
        <ele>81.59999847412109375</ele>
        <time>2026-09-10T14:18:22.000Z</time>
        <extensions>
          <ns3:TrackPointExtension>
            <ns3:hr>132</ns3:hr>
            <ns3:cad>0</ns3:cad>
          </ns3:TrackPointExtension>
        </extensions>
      </trkpt>
      <trkpt lat="40.4042264632880687713623046875" lon="116.6835830546915531158447265625">
        <ele>81.59999847412109375</ele>
        <time>2026-09-10T14:18:23.000Z</time>
        <extensions>
          <ns3:TrackPointExtension>
            <ns3:hr>133</ns3:hr>
            <ns3:cad>0</ns3:cad>
          </ns3:TrackPointExtension>
        </extensions>
      </trkpt>
      <trkpt lat="40.40422738529741764068603515625" lon="116.68357794173061847686767578125">
        <ele>81.40000152587890625</ele>
        <time>2026-09-10T14:18:24.000Z</time>
        <extensions>
          <ns3:TrackPointExtension>
            <ns3:hr>129</ns3:hr>
            <ns3:cad>0</ns3:cad>
          </ns3:TrackPointExtension>
        </extensions>
      </trkpt>
      <trkpt lat="40.40423509664833545684814453125" lon="116.683580540120601654052734375">
        <ele>81.40000152587890625</ele>
        <time>2026-09-10T14:18:25.000Z</time>
        <extensions>
          <ns3:TrackPointExtension>
            <ns3:hr>129</ns3:hr>
            <ns3:cad>0</ns3:cad>
          </ns3:TrackPointExtension>
        </extensions>
      </trkpt>
      <trkpt lat="40.4042472504079341888427734375" lon="116.68358129449188709259033203125">
        <ele>81.40000152587890625</ele>
        <time>2026-09-10T14:18:26.000Z</time>
        <extensions>
          <ns3:TrackPointExtension>
            <ns3:hr>128</ns3:hr>
            <ns3:cad>0</ns3:cad>
          </ns3:TrackPointExtension>
        </extensions>
      </trkpt>
      <trkpt lat="40.40424800477921962738037109375" lon="116.68357576243579387664794921875">
        <ele>81.40000152587890625</ele>
        <time>2026-09-10T14:18:27.000Z</time>
        <extensions>
          <ns3:TrackPointExtension>
            <ns3:hr>127</ns3:hr>
            <ns3:cad>0</ns3:cad>
          </ns3:TrackPointExtension>
        </extensions>
      </trkpt>
      <trkpt lat="40.4042480885982513427734375" lon="116.68357945047318935394287109375">
        <ele>81.59999847412109375</ele>
        <time>2026-09-10T14:18:28.000Z</time>
        <extensions>
          <ns3:TrackPointExtension>
            <ns3:hr>127</ns3:hr>
            <ns3:cad>0</ns3:cad>
          </ns3:TrackPointExtension>
        </extensions>
      </trkpt>
      <trkpt lat="40.404243730008602142333984375" lon="116.6835904307663440704345703125">
        <ele>81.59999847412109375</ele>
        <time>2026-09-10T14:18:29.000Z</time>
        <extensions>
          <ns3:TrackPointExtension>
            <ns3:hr>126</ns3:hr>
            <ns3:cad>0</ns3:cad>
          </ns3:TrackPointExtension>
        </extensions>
      </trkpt>
      <trkpt lat="40.4042445681989192962646484375" lon="116.6836036741733551025390625">
        <ele>81.59999847412109375</ele>
        <time>2026-09-10T14:18:30.000Z</time>
        <extensions>
          <ns3:TrackPointExtension>
            <ns3:hr>125</ns3:hr>
            <ns3:cad>0</ns3:cad>
          </ns3:TrackPointExtension>
        </extensions>
      </trkpt>
      <trkpt lat="40.4042415507137775421142578125" lon="116.68361800722777843475341796875">
        <ele>81.59999847412109375</ele>
        <time>2026-09-10T14:18:31.000Z</time>
        <extensions>
          <ns3:TrackPointExtension>
            <ns3:hr>123</ns3:hr>
            <ns3:cad>0</ns3:cad>
          </ns3:TrackPointExtension>
        </extensions>
      </trkpt>
      <trkpt lat="40.4042385332286357879638671875" lon="116.6836242936551570892333984375">
        <ele>81.59999847412109375</ele>
        <time>2026-09-10T14:18:32.000Z</time>
        <extensions>
          <ns3:TrackPointExtension>
            <ns3:hr>122</ns3:hr>
            <ns3:cad>0</ns3:cad>
          </ns3:TrackPointExtension>
        </extensions>
      </trkpt>
      <trkpt lat="40.404237024486064910888671875" lon="116.6836273111402988433837890625">
        <ele>81.40000152587890625</ele>
        <time>2026-09-10T14:18:33.000Z</time>
        <extensions>
          <ns3:TrackPointExtension>
            <ns3:hr>119</ns3:hr>
            <ns3:cad>0</ns3:cad>
          </ns3:TrackPointExtension>
        </extensions>
      </trkpt>
      <trkpt lat="40.404233001172542572021484375" lon="116.68362052179872989654541015625">
        <ele>81.40000152587890625</ele>
        <time>2026-09-10T14:18:34.000Z</time>
        <extensions>
          <ns3:TrackPointExtension>
            <ns3:hr>117</ns3:hr>
            <ns3:cad>0</ns3:cad>
          </ns3:TrackPointExtension>
        </extensions>
      </trkpt>
      <trkpt lat="40.40422973223030567169189453125" lon="116.68362203054130077362060546875">
        <ele>81.40000152587890625</ele>
        <time>2026-09-10T14:18:35.000Z</time>
        <extensions>
          <ns3:TrackPointExtension>
            <ns3:hr>115</ns3:hr>
            <ns3:cad>0</ns3:cad>
          </ns3:TrackPointExtension>
        </extensions>
      </trkpt>
      <trkpt lat="40.404229648411273956298828125" lon="116.683622114360332489013671875">
        <ele>81.40000152587890625</ele>
        <time>2026-09-10T14:18:36.000Z</time>
        <extensions>
          <ns3:TrackPointExtension>
            <ns3:hr>115</ns3:hr>
            <ns3:cad>0</ns3:cad>
          </ns3:TrackPointExtension>
        </extensions>
      </trkpt>
      <trkpt lat="40.40423660539090633392333984375" lon="116.683630160987377166748046875">
        <ele>81.59999847412109375</ele>
        <time>2026-09-10T14:18:37.000Z</time>
        <extensions>
          <ns3:TrackPointExtension>
            <ns3:hr>118</ns3:hr>
            <ns3:cad>0</ns3:cad>
          </ns3:TrackPointExtension>
        </extensions>
      </trkpt>
      <trkpt lat="40.40422973223030567169189453125" lon="116.68362203054130077362060546875">
        <ele>81.59999847412109375</ele>
        <time>2026-09-10T14:18:38.000Z</time>
        <extensions>
          <ns3:TrackPointExtension>
            <ns3:hr>121</ns3:hr>
            <ns3:cad>0</ns3:cad>
          </ns3:TrackPointExtension>
        </extensions>
      </trkpt>
      <trkpt lat="40.40422973223030567169189453125" lon="116.68362203054130077362060546875">
        <ele>81.59999847412109375</ele>
        <time>2026-09-10T14:18:39.000Z</time>
        <extensions>
          <ns3:TrackPointExtension>
            <ns3:hr>121</ns3:hr>
            <ns3:cad>0</ns3:cad>
          </ns3:TrackPointExtension>
        </extensions>
      </trkpt>
      <trkpt lat="40.40422973223030567169189453125" lon="116.68362203054130077362060546875">
        <ele>81.59999847412109375</ele>
        <time>2026-09-10T14:18:40.000Z</time>
        <extensions>
          <ns3:TrackPointExtension>
            <ns3:hr>120</ns3:hr>
            <ns3:cad>0</ns3:cad>
          </ns3:TrackPointExtension>
        </extensions>
      </trkpt>
      <trkpt lat="40.40422973223030567169189453125" lon="116.68362203054130077362060546875">
        <ele>81.59999847412109375</ele>
        <time>2026-09-10T14:18:41.000Z</time>
        <extensions>
          <ns3:TrackPointExtension>
            <ns3:hr>117</ns3:hr>
            <ns3:cad>0</ns3:cad>
          </ns3:TrackPointExtension>
        </extensions>
      </trkpt>
      <trkpt lat="40.40422973223030567169189453125" lon="116.68362203054130077362060546875">
        <ele>81.59999847412109375</ele>
        <time>2026-09-10T14:18:42.000Z</time>
        <extensions>
          <ns3:TrackPointExtension>
            <ns3:hr>112</ns3:hr>
            <ns3:cad>0</ns3:cad>
          </ns3:TrackPointExtension>
        </extensions>
      </trkpt>
      <trkpt lat="40.40422973223030567169189453125" lon="116.68362203054130077362060546875">
        <ele>81.59999847412109375</ele>
        <time>2026-09-10T14:18:43.000Z</time>
        <extensions>
          <ns3:TrackPointExtension>
            <ns3:hr>110</ns3:hr>
            <ns3:cad>0</ns3:cad>
          </ns3:TrackPointExtension>
        </extensions>
      </trkpt>
      <trkpt lat="40.40422973223030567169189453125" lon="116.68362203054130077362060546875">
        <ele>81.59999847412109375</ele>
        <time>2026-09-10T14:18:44.000Z</time>
        <extensions>
          <ns3:TrackPointExtension>
            <ns3:hr>107</ns3:hr>
            <ns3:cad>0</ns3:cad>
          </ns3:TrackPointExtension>
        </extensions>
      </trkpt>
      <trkpt lat="40.40422973223030567169189453125" lon="116.68362203054130077362060546875">
        <ele>81.40000152587890625</ele>
        <time>2026-09-10T14:18:45.000Z</time>
        <extensions>
          <ns3:TrackPointExtension>
            <ns3:hr>108</ns3:hr>
            <ns3:cad>0</ns3:cad>
          </ns3:TrackPointExtension>
        </extensions>
      </trkpt>
      <trkpt lat="40.4042358510196208953857421875" lon="116.68362789787352085113525390625">
        <ele>81.40000152587890625</ele>
        <time>2026-09-10T14:18:46.000Z</time>
        <extensions>
          <ns3:TrackPointExtension>
            <ns3:hr>108</ns3:hr>
            <ns3:cad>0</ns3:cad>
          </ns3:TrackPointExtension>
        </extensions>
      </trkpt>
      <trkpt lat="40.40419855155050754547119140625" lon="116.683630831539630889892578125">
        <ele>81.1999969482421875</ele>
        <time>2026-09-10T14:18:47.000Z</time>
        <extensions>
          <ns3:TrackPointExtension>
            <ns3:hr>108</ns3:hr>
            <ns3:cad>0</ns3:cad>
          </ns3:TrackPointExtension>
        </extensions>
      </trkpt>
      <trkpt lat="40.4041594080626964569091796875" lon="116.6836350224912166595458984375">
        <ele>81.1999969482421875</ele>
        <time>2026-09-10T14:18:48.000Z</time>
        <extensions>
          <ns3:TrackPointExtension>
            <ns3:hr>108</ns3:hr>
            <ns3:cad>0</ns3:cad>
          </ns3:TrackPointExtension>
        </extensions>
      </trkpt>
      <trkpt lat="40.4041097871959209442138671875" lon="116.68363711796700954437255859375">
        <ele>81.1999969482421875</ele>
        <time>2026-09-10T14:18:49.000Z</time>
        <extensions>
          <ns3:TrackPointExtension>
            <ns3:hr>108</ns3:hr>
            <ns3:cad>0</ns3:cad>
          </ns3:TrackPointExtension>
        </extensions>
      </trkpt>
      <trkpt lat="40.404057316482067108154296875" lon="116.6836377047002315521240234375">
        <ele>81.1999969482421875</ele>
        <time>2026-09-10T14:18:50.000Z</time>
        <extensions>
          <ns3:TrackPointExtension>
            <ns3:hr>109</ns3:hr>
            <ns3:cad>0</ns3:cad>
          </ns3:TrackPointExtension>
        </extensions>
      </trkpt>
      <trkpt lat="40.4040132276713848114013671875" lon="116.68364315293729305267333984375">
        <ele>81.1999969482421875</ele>
        <time>2026-09-10T14:18:51.000Z</time>
        <extensions>
          <ns3:TrackPointExtension>
            <ns3:hr>116</ns3:hr>
            <ns3:cad>0</ns3:cad>
          </ns3:TrackPointExtension>
        </extensions>
      </trkpt>
      <trkpt lat="40.40395899675786495208740234375" lon="116.6836413927376270294189453125">
        <ele>81.40000152587890625</ele>
        <time>2026-09-10T14:18:52.000Z</time>
        <extensions>
          <ns3:TrackPointExtension>
            <ns3:hr>119</ns3:hr>
            <ns3:cad>0</ns3:cad>
          </ns3:TrackPointExtension>
        </extensions>
      </trkpt>
      <trkpt lat="40.40391557849943637847900390625" lon="116.68364767916500568389892578125">
        <ele>81.40000152587890625</ele>
        <time>2026-09-10T14:18:53.000Z</time>
        <extensions>
          <ns3:TrackPointExtension>
            <ns3:hr>125</ns3:hr>
            <ns3:cad>96</ns3:cad>
          </ns3:TrackPointExtension>
        </extensions>
      </trkpt>
      <trkpt lat="40.40386545471847057342529296875" lon="116.683651618659496307373046875">
        <ele>81.40000152587890625</ele>
        <time>2026-09-10T14:18:54.000Z</time>
        <extensions>
          <ns3:TrackPointExtension>
            <ns3:hr>128</ns3:hr>
            <ns3:cad>96</ns3:cad>
          </ns3:TrackPointExtension>
        </extensions>
      </trkpt>
      <trkpt lat="40.4038197733461856842041015625" lon="116.683653630316257476806640625">
        <ele>81.40000152587890625</ele>
        <time>2026-09-10T14:18:55.000Z</time>
        <extensions>
          <ns3:TrackPointExtension>
            <ns3:hr>128</ns3:hr>
            <ns3:cad>96</ns3:cad>
          </ns3:TrackPointExtension>
        </extensions>
      </trkpt>
      <trkpt lat="40.40377425961196422576904296875" lon="116.6836561448872089385986328125">
        <ele>81.40000152587890625</ele>
        <time>2026-09-10T14:18:56.000Z</time>
        <extensions>
          <ns3:TrackPointExtension>
            <ns3:hr>128</ns3:hr>
            <ns3:cad>96</ns3:cad>
          </ns3:TrackPointExtension>
        </extensions>
      </trkpt>
      <trkpt lat="40.4037255607545375823974609375" lon="116.68364767916500568389892578125">
        <ele>81.40000152587890625</ele>
        <time>2026-09-10T14:18:57.000Z</time>
        <extensions>
          <ns3:TrackPointExtension>
            <ns3:hr>128</ns3:hr>
            <ns3:cad>96</ns3:cad>
          </ns3:TrackPointExtension>
        </extensions>
      </trkpt>
      <trkpt lat="40.4036890156567096710205078125" lon="116.6836470924317836761474609375">
        <ele>81.40000152587890625</ele>
        <time>2026-09-10T14:18:58.000Z</time>
        <extensions>
          <ns3:TrackPointExtension>
            <ns3:hr>129</ns3:hr>
            <ns3:cad>96</ns3:cad>
          </ns3:TrackPointExtension>
        </extensions>
      </trkpt>
      <trkpt lat="40.40363989770412445068359375" lon="116.683644913136959075927734375">
        <ele>81.40000152587890625</ele>
        <time>2026-09-10T14:18:59.000Z</time>
        <extensions>
          <ns3:TrackPointExtension>
            <ns3:hr>134</ns3:hr>
            <ns3:cad>96</ns3:cad>
          </ns3:TrackPointExtension>
        </extensions>
      </trkpt>
      <trkpt lat="40.40359656326472759246826171875" lon="116.68364298529922962188720703125">
        <ele>81.40000152587890625</ele>
        <time>2026-09-10T14:19:00.000Z</time>
        <extensions>
          <ns3:TrackPointExtension>
            <ns3:hr>137</ns3:hr>
            <ns3:cad>97</ns3:cad>
          </ns3:TrackPointExtension>
        </extensions>
      </trkpt>
      <trkpt lat="40.40355733595788478851318359375" lon="116.68364315293729305267333984375">
        <ele>81.40000152587890625</ele>
        <time>2026-09-10T14:19:01.000Z</time>
        <extensions>
          <ns3:TrackPointExtension>
            <ns3:hr>146</ns3:hr>
            <ns3:cad>97</ns3:cad>
          </ns3:TrackPointExtension>
        </extensions>
      </trkpt>
      <trkpt lat="40.40350436232984066009521484375" lon="116.6836407221853733062744140625">
        <ele>81.40000152587890625</ele>
        <time>2026-09-10T14:19:02.000Z</time>
        <extensions>
          <ns3:TrackPointExtension>
            <ns3:hr>149</ns3:hr>
            <ns3:cad>97</ns3:cad>
          </ns3:TrackPointExtension>
        </extensions>
      </trkpt>
      <trkpt lat="40.40346429683268070220947265625" lon="116.683647930622100830078125">
        <ele>81.40000152587890625</ele>
        <time>2026-09-10T14:19:03.000Z</time>
        <extensions>
          <ns3:TrackPointExtension>
            <ns3:hr>151</ns3:hr>
            <ns3:cad>97</ns3:cad>
          </ns3:TrackPointExtension>
        </extensions>
      </trkpt>
      <trkpt lat="40.4034254886209964752197265625" lon="116.68365740217268466949462890625">
        <ele>81.40000152587890625</ele>
        <time>2026-09-10T14:19:04.000Z</time>
        <extensions>
          <ns3:TrackPointExtension>
            <ns3:hr>151</ns3:hr>
            <ns3:cad>95</ns3:cad>
          </ns3:TrackPointExtension>
        </extensions>
      </trkpt>
      <trkpt lat="40.403398163616657257080078125" lon="116.6836517862975597381591796875">
        <ele>81.59999847412109375</ele>
        <time>2026-09-10T14:19:05.000Z</time>
        <extensions>
          <ns3:TrackPointExtension>
            <ns3:hr>150</ns3:hr>
            <ns3:cad>95</ns3:cad>
          </ns3:TrackPointExtension>
        </extensions>
      </trkpt>
      <trkpt lat="40.40338248945772647857666015625" lon="116.6836492717266082763671875">
        <ele>81.59999847412109375</ele>
        <time>2026-09-10T14:19:06.000Z</time>
        <extensions>
          <ns3:TrackPointExtension>
            <ns3:hr>150</ns3:hr>
            <ns3:cad>95</ns3:cad>
          </ns3:TrackPointExtension>
        </extensions>
      </trkpt>
      <trkpt lat="40.40336907841265201568603515625" lon="116.68364332057535648345947265625">
        <ele>81.59999847412109375</ele>
        <time>2026-09-10T14:19:07.000Z</time>
        <extensions>
          <ns3:TrackPointExtension>
            <ns3:hr>150</ns3:hr>
            <ns3:cad>95</ns3:cad>
          </ns3:TrackPointExtension>
        </extensions>
      </trkpt>
      <trkpt lat="40.4033554159104824066162109375" lon="116.68363963253796100616455078125">
        <ele>81.8000030517578125</ele>
        <time>2026-09-10T14:19:08.000Z</time>
        <extensions>
          <ns3:TrackPointExtension>
            <ns3:hr>150</ns3:hr>
            <ns3:cad>95</ns3:cad>
          </ns3:TrackPointExtension>
        </extensions>
      </trkpt>
      <trkpt lat="40.40334644727408885955810546875" lon="116.683639548718929290771484375">
        <ele>81.59999847412109375</ele>
        <time>2026-09-10T14:19:09.000Z</time>
        <extensions>
          <ns3:TrackPointExtension>
            <ns3:hr>149</ns3:hr>
            <ns3:cad>95</ns3:cad>
          </ns3:TrackPointExtension>
        </extensions>
      </trkpt>
      <trkpt lat="40.40333739481866359710693359375" lon="116.68363653123378753662109375">
        <ele>81.59999847412109375</ele>
        <time>2026-09-10T14:19:10.000Z</time>
        <extensions>
          <ns3:TrackPointExtension>
            <ns3:hr>149</ns3:hr>
            <ns3:cad>0</ns3:cad>
          </ns3:TrackPointExtension>
        </extensions>
      </trkpt>
      <trkpt lat="40.403330437839031219482421875" lon="116.6836387105286121368408203125">
        <ele>81.59999847412109375</ele>
        <time>2026-09-10T14:19:11.000Z</time>
        <extensions>
          <ns3:TrackPointExtension>
            <ns3:hr>148</ns3:hr>
            <ns3:cad>0</ns3:cad>
          </ns3:TrackPointExtension>
        </extensions>
      </trkpt>
      <trkpt lat="40.4033302702009677886962890625" lon="116.68363845907151699066162109375">
        <ele>81.59999847412109375</ele>
        <time>2026-09-10T14:19:12.000Z</time>
        <extensions>
          <ns3:TrackPointExtension>
            <ns3:hr>147</ns3:hr>
            <ns3:cad>0</ns3:cad>
          </ns3:TrackPointExtension>
        </extensions>
      </trkpt>
      <trkpt lat="40.40331224910914897918701171875" lon="116.68363359756767749786376953125">
        <ele>81.59999847412109375</ele>
        <time>2026-09-10T14:19:13.000Z</time>
        <extensions>
          <ns3:TrackPointExtension>
            <ns3:hr>146</ns3:hr>
            <ns3:cad>51</ns3:cad>
          </ns3:TrackPointExtension>
        </extensions>
      </trkpt>
      <trkpt lat="40.40330118499696254730224609375" lon="116.6836320050060749053955078125">
        <ele>81.59999847412109375</ele>
        <time>2026-09-10T14:19:14.000Z</time>
        <extensions>
          <ns3:TrackPointExtension>
            <ns3:hr>144</ns3:hr>
            <ns3:cad>51</ns3:cad>
          </ns3:TrackPointExtension>
        </extensions>
      </trkpt>
      <trkpt lat="40.40329297073185443878173828125" lon="116.68363058008253574371337890625">
        <ele>81.59999847412109375</ele>
        <time>2026-09-10T14:19:15.000Z</time>
        <extensions>
          <ns3:TrackPointExtension>
            <ns3:hr>143</ns3:hr>
            <ns3:cad>51</ns3:cad>
          </ns3:TrackPointExtension>
        </extensions>
      </trkpt>
      <trkpt lat="40.403292216360569000244140625" lon="116.68362689204514026641845703125">
        <ele>81.59999847412109375</ele>
        <time>2026-09-10T14:19:16.000Z</time>
        <extensions>
          <ns3:TrackPointExtension>
            <ns3:hr>141</ns3:hr>
            <ns3:cad>51</ns3:cad>
          </ns3:TrackPointExtension>
        </extensions>
      </trkpt>
      <trkpt lat="40.40328006260097026824951171875" lon="116.6836252994835376739501953125">
        <ele>81.59999847412109375</ele>
        <time>2026-09-10T14:19:17.000Z</time>
        <extensions>
          <ns3:TrackPointExtension>
            <ns3:hr>139</ns3:hr>
            <ns3:cad>51</ns3:cad>
          </ns3:TrackPointExtension>
        </extensions>
      </trkpt>
      <trkpt lat="40.40327000431716442108154296875" lon="116.68362638913094997406005859375">
        <ele>81.59999847412109375</ele>
        <time>2026-09-10T14:19:18.000Z</time>
        <extensions>
          <ns3:TrackPointExtension>
            <ns3:hr>138</ns3:hr>
            <ns3:cad>51</ns3:cad>
          </ns3:TrackPointExtension>
        </extensions>
      </trkpt>
      <trkpt lat="40.403262041509151458740234375" lon="116.68362840078771114349365234375">
        <ele>81.59999847412109375</ele>
        <time>2026-09-10T14:19:19.000Z</time>
        <extensions>
          <ns3:TrackPointExtension>
            <ns3:hr>137</ns3:hr>
            <ns3:cad>0</ns3:cad>
          </ns3:TrackPointExtension>
        </extensions>
      </trkpt>
      <trkpt lat="40.40325458161532878875732421875" lon="116.68362940661609172821044921875">
        <ele>81.59999847412109375</ele>
        <time>2026-09-10T14:19:20.000Z</time>
        <extensions>
          <ns3:TrackPointExtension>
            <ns3:hr>136</ns3:hr>
            <ns3:cad>0</ns3:cad>
          </ns3:TrackPointExtension>
        </extensions>
      </trkpt>
      <trkpt lat="40.40324561297893524169921875" lon="116.68362982571125030517578125">
        <ele>81.40000152587890625</ele>
        <time>2026-09-10T14:19:21.000Z</time>
        <extensions>
          <ns3:TrackPointExtension>
            <ns3:hr>136</ns3:hr>
            <ns3:cad>0</ns3:cad>
          </ns3:TrackPointExtension>
        </extensions>
      </trkpt>
      <trkpt lat="40.40323513559997081756591796875" lon="116.68363116681575775146484375">
        <ele>81.40000152587890625</ele>
        <time>2026-09-10T14:19:22.000Z</time>
        <extensions>
          <ns3:TrackPointExtension>
            <ns3:hr>135</ns3:hr>
            <ns3:cad>44</ns3:cad>
          </ns3:TrackPointExtension>
        </extensions>
      </trkpt>
      <trkpt lat="40.403227508068084716796875" lon="116.68363192118704319000244140625">
        <ele>81.40000152587890625</ele>
        <time>2026-09-10T14:19:23.000Z</time>
        <extensions>
          <ns3:TrackPointExtension>
            <ns3:hr>135</ns3:hr>
            <ns3:cad>44</ns3:cad>
          </ns3:TrackPointExtension>
        </extensions>
      </trkpt>
      <trkpt lat="40.40322155691683292388916015625" lon="116.6836326755583286285400390625">
        <ele>81.40000152587890625</ele>
        <time>2026-09-10T14:19:24.000Z</time>
        <extensions>
          <ns3:TrackPointExtension>
            <ns3:hr>130</ns3:hr>
            <ns3:cad>0</ns3:cad>
          </ns3:TrackPointExtension>
        </extensions>
      </trkpt>
      <trkpt lat="40.40321770124137401580810546875" lon="116.68363410048186779022216796875">
        <ele>81.59999847412109375</ele>
        <time>2026-09-10T14:19:25.000Z</time>
        <extensions>
          <ns3:TrackPointExtension>
            <ns3:hr>129</ns3:hr>
            <ns3:cad>0</ns3:cad>
          </ns3:TrackPointExtension>
        </extensions>
      </trkpt>
      <trkpt lat="40.4032162763178348541259765625" lon="116.6836363635957241058349609375">
        <ele>81.59999847412109375</ele>
        <time>2026-09-10T14:19:26.000Z</time>
        <extensions>
          <ns3:TrackPointExtension>
            <ns3:hr>126</ns3:hr>
            <ns3:cad>0</ns3:cad>
          </ns3:TrackPointExtension>
        </extensions>
      </trkpt>
      <trkpt lat="40.40322038345038890838623046875" lon="116.68363678269088268280029296875">
        <ele>81.59999847412109375</ele>
        <time>2026-09-10T14:19:27.000Z</time>
        <extensions>
          <ns3:TrackPointExtension>
            <ns3:hr>125</ns3:hr>
            <ns3:cad>0</ns3:cad>
          </ns3:TrackPointExtension>
        </extensions>
      </trkpt>
      <trkpt lat="40.40323077701032161712646484375" lon="116.683637201786041259765625">
        <ele>81.59999847412109375</ele>
        <time>2026-09-10T14:19:28.000Z</time>
        <extensions>
          <ns3:TrackPointExtension>
            <ns3:hr>124</ns3:hr>
            <ns3:cad>0</ns3:cad>
          </ns3:TrackPointExtension>
        </extensions>
      </trkpt>
      <trkpt lat="40.40323765017092227935791015625" lon="116.6836330108344554901123046875">
        <ele>81.59999847412109375</ele>
        <time>2026-09-10T14:19:29.000Z</time>
        <extensions>
          <ns3:TrackPointExtension>
            <ns3:hr>125</ns3:hr>
            <ns3:cad>0</ns3:cad>
          </ns3:TrackPointExtension>
        </extensions>
      </trkpt>
      <trkpt lat="40.40325164794921875" lon="116.68363695032894611358642578125">
        <ele>81.40000152587890625</ele>
        <time>2026-09-10T14:19:30.000Z</time>
        <extensions>
          <ns3:TrackPointExtension>
            <ns3:hr>126</ns3:hr>
            <ns3:cad>0</ns3:cad>
          </ns3:TrackPointExtension>
        </extensions>
      </trkpt>
      <trkpt lat="40.40325877256691455841064453125" lon="116.68363778851926326751708984375">
        <ele>81.40000152587890625</ele>
        <time>2026-09-10T14:19:31.000Z</time>
        <extensions>
          <ns3:TrackPointExtension>
            <ns3:hr>126</ns3:hr>
            <ns3:cad>0</ns3:cad>
          </ns3:TrackPointExtension>
        </extensions>
      </trkpt>
      <trkpt lat="40.40326748974621295928955078125" lon="116.6836350224912166595458984375">
        <ele>81.40000152587890625</ele>
        <time>2026-09-10T14:19:32.000Z</time>
        <extensions>
          <ns3:TrackPointExtension>
            <ns3:hr>126</ns3:hr>
            <ns3:cad>0</ns3:cad>
          </ns3:TrackPointExtension>
        </extensions>
      </trkpt>
      <trkpt lat="40.4032756201922893524169921875" lon="116.68362840078771114349365234375">
        <ele>81.59999847412109375</ele>
        <time>2026-09-10T14:19:33.000Z</time>
        <extensions>
          <ns3:TrackPointExtension>
            <ns3:hr>126</ns3:hr>
            <ns3:cad>0</ns3:cad>
          </ns3:TrackPointExtension>
        </extensions>
      </trkpt>
      <trkpt lat="40.40328576229512691497802734375" lon="116.6836249642074108123779296875">
        <ele>81.59999847412109375</ele>
        <time>2026-09-10T14:19:34.000Z</time>
        <extensions>
          <ns3:TrackPointExtension>
            <ns3:hr>126</ns3:hr>
            <ns3:cad>0</ns3:cad>
          </ns3:TrackPointExtension>
        </extensions>
      </trkpt>
      <trkpt lat="40.40329196490347385406494140625" lon="116.683617420494556427001953125">
        <ele>81.59999847412109375</ele>
        <time>2026-09-10T14:19:35.000Z</time>
        <extensions>
          <ns3:TrackPointExtension>
            <ns3:hr>124</ns3:hr>
            <ns3:cad>0</ns3:cad>
          </ns3:TrackPointExtension>
        </extensions>
      </trkpt>
      <trkpt lat="40.403299592435359954833984375" lon="116.68360970914363861083984375">
        <ele>81.59999847412109375</ele>
        <time>2026-09-10T14:19:36.000Z</time>
        <extensions>
          <ns3:TrackPointExtension>
            <ns3:hr>122</ns3:hr>
            <ns3:cad>0</ns3:cad>
          </ns3:TrackPointExtension>
        </extensions>
      </trkpt>
      <trkpt lat="40.403306297957897186279296875" lon="116.68360291980206966400146484375">
        <ele>81.59999847412109375</ele>
        <time>2026-09-10T14:19:37.000Z</time>
        <extensions>
          <ns3:TrackPointExtension>
            <ns3:hr>123</ns3:hr>
            <ns3:cad>0</ns3:cad>
          </ns3:TrackPointExtension>
        </extensions>
      </trkpt>
      <trkpt lat="40.4033088125288486480712890625" lon="116.68359269388020038604736328125">
        <ele>81.59999847412109375</ele>
        <time>2026-09-10T14:19:38.000Z</time>
        <extensions>
          <ns3:TrackPointExtension>
            <ns3:hr>122</ns3:hr>
            <ns3:cad>0</ns3:cad>
          </ns3:TrackPointExtension>
        </extensions>
      </trkpt>
      <trkpt lat="40.40330730378627777099609375" lon="116.68359319679439067840576171875">
        <ele>81.59999847412109375</ele>
        <time>2026-09-10T14:19:39.000Z</time>
        <extensions>
          <ns3:TrackPointExtension>
            <ns3:hr>121</ns3:hr>
            <ns3:cad>54</ns3:cad>
          </ns3:TrackPointExtension>
        </extensions>
      </trkpt>
      <trkpt lat="40.40330705232918262481689453125" lon="116.683594621717929840087890625">
        <ele>81.59999847412109375</ele>
        <time>2026-09-10T14:19:40.000Z</time>
        <extensions>
          <ns3:TrackPointExtension>
            <ns3:hr>119</ns3:hr>
            <ns3:cad>54</ns3:cad>
          </ns3:TrackPointExtension>
        </extensions>
      </trkpt>
      <trkpt lat="40.4033054597675800323486328125" lon="116.6835968010127544403076171875">
        <ele>81.40000152587890625</ele>
        <time>2026-09-10T14:19:41.000Z</time>
        <extensions>
          <ns3:TrackPointExtension>
            <ns3:hr>117</ns3:hr>
            <ns3:cad>0</ns3:cad>
          </ns3:TrackPointExtension>
        </extensions>
      </trkpt>
      <trkpt lat="40.4033039510250091552734375" lon="116.68359789066016674041748046875">
        <ele>81.40000152587890625</ele>
        <time>2026-09-10T14:19:42.000Z</time>
        <extensions>
          <ns3:TrackPointExtension>
            <ns3:hr>118</ns3:hr>
            <ns3:cad>0</ns3:cad>
          </ns3:TrackPointExtension>
        </extensions>
      </trkpt>
      <trkpt lat="40.40330118499696254730224609375" lon="116.68360040523111820220947265625">
        <ele>81.40000152587890625</ele>
        <time>2026-09-10T14:19:43.000Z</time>
        <extensions>
          <ns3:TrackPointExtension>
            <ns3:hr>118</ns3:hr>
            <ns3:cad>0</ns3:cad>
          </ns3:TrackPointExtension>
        </extensions>
      </trkpt>
      <trkpt lat="40.4033012688159942626953125" lon="116.683601327240467071533203125">
        <ele>81.40000152587890625</ele>
        <time>2026-09-10T14:19:44.000Z</time>
        <extensions>
          <ns3:TrackPointExtension>
            <ns3:hr>118</ns3:hr>
            <ns3:cad>0</ns3:cad>
          </ns3:TrackPointExtension>
        </extensions>
      </trkpt>
      <trkpt lat="40.40329900570213794708251953125" lon="116.6836025007069110870361328125">
        <ele>81.40000152587890625</ele>
        <time>2026-09-10T14:19:45.000Z</time>
        <extensions>
          <ns3:TrackPointExtension>
            <ns3:hr>112</ns3:hr>
            <ns3:cad>0</ns3:cad>
          </ns3:TrackPointExtension>
        </extensions>
      </trkpt>
      <trkpt lat="40.4033098183572292327880859375" lon="116.6836025007069110870361328125">
        <ele>81.40000152587890625</ele>
        <time>2026-09-10T14:19:46.000Z</time>
        <extensions>
          <ns3:TrackPointExtension>
            <ns3:hr>110</ns3:hr>
            <ns3:cad>0</ns3:cad>
          </ns3:TrackPointExtension>
        </extensions>
      </trkpt>
      <trkpt lat="40.40333546698093414306640625" lon="116.68360308744013309478759765625">
        <ele>81.1999969482421875</ele>
        <time>2026-09-10T14:19:47.000Z</time>
        <extensions>
          <ns3:TrackPointExtension>
            <ns3:hr>109</ns3:hr>
            <ns3:cad>0</ns3:cad>
          </ns3:TrackPointExtension>
        </extensions>
      </trkpt>
      <trkpt lat="40.40336991660296916961669921875" lon="116.683600656688213348388671875">
        <ele>81.1999969482421875</ele>
        <time>2026-09-10T14:19:48.000Z</time>
        <extensions>
          <ns3:TrackPointExtension>
            <ns3:hr>110</ns3:hr>
            <ns3:cad>0</ns3:cad>
          </ns3:TrackPointExtension>
        </extensions>
      </trkpt>
      <trkpt lat="40.403414927423000335693359375" lon="116.68359898030757904052734375">
        <ele>81.1999969482421875</ele>
        <time>2026-09-10T14:19:49.000Z</time>
        <extensions>
          <ns3:TrackPointExtension>
            <ns3:hr>114</ns3:hr>
            <ns3:cad>0</ns3:cad>
          </ns3:TrackPointExtension>
        </extensions>
      </trkpt>
      <trkpt lat="40.403465889394283294677734375" lon="116.6836008243262767791748046875">
        <ele>81</ele>
        <time>2026-09-10T14:19:50.000Z</time>
        <extensions>
          <ns3:TrackPointExtension>
            <ns3:hr>117</ns3:hr>
            <ns3:cad>0</ns3:cad>
          </ns3:TrackPointExtension>
        </extensions>
      </trkpt>
      <trkpt lat="40.4035091400146484375" lon="116.68359805829823017120361328125">
        <ele>81</ele>
        <time>2026-09-10T14:19:51.000Z</time>
        <extensions>
          <ns3:TrackPointExtension>
            <ns3:hr>122</ns3:hr>
            <ns3:cad>93</ns3:cad>
          </ns3:TrackPointExtension>
        </extensions>
      </trkpt>
      <trkpt lat="40.40355834178626537322998046875" lon="116.68359789066016674041748046875">
        <ele>81.1999969482421875</ele>
        <time>2026-09-10T14:19:52.000Z</time>
        <extensions>
          <ns3:TrackPointExtension>
            <ns3:hr>124</ns3:hr>
            <ns3:cad>96</ns3:cad>
          </ns3:TrackPointExtension>
        </extensions>
      </trkpt>
      <trkpt lat="40.40360343642532825469970703125" lon="116.68359688483178615570068359375">
        <ele>81.1999969482421875</ele>
        <time>2026-09-10T14:19:53.000Z</time>
        <extensions>
          <ns3:TrackPointExtension>
            <ns3:hr>129</ns3:hr>
            <ns3:cad>95</ns3:cad>
          </ns3:TrackPointExtension>
        </extensions>
      </trkpt>
      <trkpt lat="40.40365188382565975189208984375" lon="116.6835897602140903472900390625">
        <ele>81.1999969482421875</ele>
        <time>2026-09-10T14:19:54.000Z</time>
        <extensions>
          <ns3:TrackPointExtension>
            <ns3:hr>132</ns3:hr>
            <ns3:cad>95</ns3:cad>
          </ns3:TrackPointExtension>
        </extensions>
      </trkpt>
      <trkpt lat="40.40369563736021518707275390625" lon="116.6835884191095829010009765625">
        <ele>81.1999969482421875</ele>
        <time>2026-09-10T14:19:55.000Z</time>
        <extensions>
          <ns3:TrackPointExtension>
            <ns3:hr>132</ns3:hr>
            <ns3:cad>95</ns3:cad>
          </ns3:TrackPointExtension>
        </extensions>
      </trkpt>
      <trkpt lat="40.40374240837991237640380859375" lon="116.6835870780050754547119140625">
        <ele>81.1999969482421875</ele>
        <time>2026-09-10T14:19:56.000Z</time>
        <extensions>
          <ns3:TrackPointExtension>
            <ns3:hr>132</ns3:hr>
            <ns3:cad>95</ns3:cad>
          </ns3:TrackPointExtension>
        </extensions>
      </trkpt>
      <trkpt lat="40.40379169397056102752685546875" lon="116.68358582071959972381591796875">
        <ele>81.1999969482421875</ele>
        <time>2026-09-10T14:19:57.000Z</time>
        <extensions>
          <ns3:TrackPointExtension>
            <ns3:hr>132</ns3:hr>
            <ns3:cad>94</ns3:cad>
          </ns3:TrackPointExtension>
        </extensions>
      </trkpt>
      <trkpt lat="40.403832681477069854736328125" lon="116.68357660062611103057861328125">
        <ele>81.1999969482421875</ele>
        <time>2026-09-10T14:19:58.000Z</time>
        <extensions>
          <ns3:TrackPointExtension>
            <ns3:hr>133</ns3:hr>
            <ns3:cad>94</ns3:cad>
          </ns3:TrackPointExtension>
        </extensions>
      </trkpt>
      <trkpt lat="40.40388573892414569854736328125" lon="116.68358095921576023101806640625">
        <ele>81.1999969482421875</ele>
        <time>2026-09-10T14:19:59.000Z</time>
        <extensions>
          <ns3:TrackPointExtension>
            <ns3:hr>139</ns3:hr>
            <ns3:cad>93</ns3:cad>
          </ns3:TrackPointExtension>
        </extensions>
      </trkpt>
      <trkpt lat="40.40392261929810047149658203125" lon="116.6835750080645084381103515625">
        <ele>81.40000152587890625</ele>
        <time>2026-09-10T14:20:00.000Z</time>
        <extensions>
          <ns3:TrackPointExtension>
            <ns3:hr>145</ns3:hr>
            <ns3:cad>93</ns3:cad>
          </ns3:TrackPointExtension>
        </extensions>
      </trkpt>
      <trkpt lat="40.40397592820227146148681640625" lon="116.68358297087252140045166015625">
        <ele>81.1999969482421875</ele>
        <time>2026-09-10T14:20:01.000Z</time>
        <extensions>
          <ns3:TrackPointExtension>
            <ns3:hr>147</ns3:hr>
            <ns3:cad>93</ns3:cad>
          </ns3:TrackPointExtension>
        </extensions>
      </trkpt>
      <trkpt lat="40.4040128923952579498291015625" lon="116.68358665890991687774658203125">
        <ele>81.1999969482421875</ele>
        <time>2026-09-10T14:20:02.000Z</time>
        <extensions>
          <ns3:TrackPointExtension>
            <ns3:hr>148</ns3:hr>
            <ns3:cad>95</ns3:cad>
          </ns3:TrackPointExtension>
        </extensions>
      </trkpt>
      <trkpt lat="40.40405840612947940826416015625" lon="116.6835914365947246551513671875">
        <ele>81.1999969482421875</ele>
        <time>2026-09-10T14:20:03.000Z</time>
        <extensions>
          <ns3:TrackPointExtension>
            <ns3:hr>148</ns3:hr>
            <ns3:cad>95</ns3:cad>
          </ns3:TrackPointExtension>
        </extensions>
      </trkpt>
      <trkpt lat="40.404094196856021881103515625" lon="116.68358749710023403167724609375">
        <ele>81.1999969482421875</ele>
        <time>2026-09-10T14:20:04.000Z</time>
        <extensions>
          <ns3:TrackPointExtension>
            <ns3:hr>151</ns3:hr>
            <ns3:cad>95</ns3:cad>
          </ns3:TrackPointExtension>
        </extensions>
      </trkpt>
      <trkpt lat="40.4041158221662044525146484375" lon="116.68357710354030132293701171875">
        <ele>81.40000152587890625</ele>
        <time>2026-09-10T14:20:05.000Z</time>
        <extensions>
          <ns3:TrackPointExtension>
            <ns3:hr>152</ns3:hr>
            <ns3:cad>95</ns3:cad>
          </ns3:TrackPointExtension>
        </extensions>
      </trkpt>
      <trkpt lat="40.4041273891925811767578125" lon="116.68357458896934986114501953125">
        <ele>81.40000152587890625</ele>
        <time>2026-09-10T14:20:06.000Z</time>
        <extensions>
          <ns3:TrackPointExtension>
            <ns3:hr>151</ns3:hr>
            <ns3:cad>95</ns3:cad>
          </ns3:TrackPointExtension>
        </extensions>
      </trkpt>
      <trkpt lat="40.4041402973234653472900390625" lon="116.68357945047318935394287109375">
        <ele>81.40000152587890625</ele>
        <time>2026-09-10T14:20:07.000Z</time>
        <extensions>
          <ns3:TrackPointExtension>
            <ns3:hr>152</ns3:hr>
            <ns3:cad>95</ns3:cad>
          </ns3:TrackPointExtension>
        </extensions>
      </trkpt>
      <trkpt lat="40.40415345691144466400146484375" lon="116.68358288705348968505859375">
        <ele>81.40000152587890625</ele>
        <time>2026-09-10T14:20:08.000Z</time>
        <extensions>
          <ns3:TrackPointExtension>
            <ns3:hr>150</ns3:hr>
            <ns3:cad>95</ns3:cad>
          </ns3:TrackPointExtension>
        </extensions>
      </trkpt>
      <trkpt lat="40.40416569449007511138916015625" lon="116.6835850663483142852783203125">
        <ele>81.40000152587890625</ele>
        <time>2026-09-10T14:20:09.000Z</time>
        <extensions>
          <ns3:TrackPointExtension>
            <ns3:hr>148</ns3:hr>
            <ns3:cad>95</ns3:cad>
          </ns3:TrackPointExtension>
        </extensions>
      </trkpt>
      <trkpt lat="40.404178015887737274169921875" lon="116.683586575090885162353515625">
        <ele>81.1999969482421875</ele>
        <time>2026-09-10T14:20:10.000Z</time>
        <extensions>
          <ns3:TrackPointExtension>
            <ns3:hr>148</ns3:hr>
            <ns3:cad>95</ns3:cad>
          </ns3:TrackPointExtension>
        </extensions>
      </trkpt>
      <trkpt lat="40.404192097485065460205078125" lon="116.6835900954902172088623046875">
        <ele>81.1999969482421875</ele>
        <time>2026-09-10T14:20:11.000Z</time>
        <extensions>
          <ns3:TrackPointExtension>
            <ns3:hr>147</ns3:hr>
            <ns3:cad>95</ns3:cad>
          </ns3:TrackPointExtension>
        </extensions>
      </trkpt>
      <trkpt lat="40.40420676581561565399169921875" lon="116.6835916042327880859375">
        <ele>81.40000152587890625</ele>
        <time>2026-09-10T14:20:12.000Z</time>
        <extensions>
          <ns3:TrackPointExtension>
            <ns3:hr>146</ns3:hr>
            <ns3:cad>55</ns3:cad>
          </ns3:TrackPointExtension>
        </extensions>
      </trkpt>
      <trkpt lat="40.40421732701361179351806640625" lon="116.68358900584280490875244140625">
        <ele>81.40000152587890625</ele>
        <time>2026-09-10T14:20:13.000Z</time>
        <extensions>
          <ns3:TrackPointExtension>
            <ns3:hr>145</ns3:hr>
            <ns3:cad>55</ns3:cad>
          </ns3:TrackPointExtension>
        </extensions>
      </trkpt>
      <trkpt lat="40.40422487072646617889404296875" lon="116.68358623981475830078125">
        <ele>81.40000152587890625</ele>
        <time>2026-09-10T14:20:14.000Z</time>
        <extensions>
          <ns3:TrackPointExtension>
            <ns3:hr>144</ns3:hr>
            <ns3:cad>54</ns3:cad>
          </ns3:TrackPointExtension>
        </extensions>
      </trkpt>
      <trkpt lat="40.4042304866015911102294921875" lon="116.68358162976801395416259765625">
        <ele>81.40000152587890625</ele>
        <time>2026-09-10T14:20:15.000Z</time>
        <extensions>
          <ns3:TrackPointExtension>
            <ns3:hr>142</ns3:hr>
            <ns3:cad>54</ns3:cad>
          </ns3:TrackPointExtension>
        </extensions>
      </trkpt>
      <trkpt lat="40.404237695038318634033203125" lon="116.683579199016094207763671875">
        <ele>81.40000152587890625</ele>
        <time>2026-09-10T14:20:16.000Z</time>
        <extensions>
          <ns3:TrackPointExtension>
            <ns3:hr>142</ns3:hr>
            <ns3:cad>53</ns3:cad>
          </ns3:TrackPointExtension>
        </extensions>
      </trkpt>
      <trkpt lat="40.40424716658890247344970703125" lon="116.683580875396728515625">
        <ele>81.40000152587890625</ele>
        <time>2026-09-10T14:20:17.000Z</time>
        <extensions>
          <ns3:TrackPointExtension>
            <ns3:hr>139</ns3:hr>
            <ns3:cad>53</ns3:cad>
          </ns3:TrackPointExtension>
        </extensions>
      </trkpt>
      <trkpt lat="40.40426124818623065948486328125" lon="116.68358364142477512359619140625">
        <ele>81.40000152587890625</ele>
        <time>2026-09-10T14:20:18.000Z</time>
        <extensions>
          <ns3:TrackPointExtension>
            <ns3:hr>138</ns3:hr>
            <ns3:cad>53</ns3:cad>
          </ns3:TrackPointExtension>
        </extensions>
      </trkpt>
      <trkpt lat="40.40427801199257373809814453125" lon="116.68358447961509227752685546875">
        <ele>81.40000152587890625</ele>
        <time>2026-09-10T14:20:19.000Z</time>
        <extensions>
          <ns3:TrackPointExtension>
            <ns3:hr>137</ns3:hr>
            <ns3:cad>53</ns3:cad>
          </ns3:TrackPointExtension>
        </extensions>
      </trkpt>
      <trkpt lat="40.40429192595183849334716796875" lon="116.683585904538631439208984375">
        <ele>81.40000152587890625</ele>
        <time>2026-09-10T14:20:20.000Z</time>
        <extensions>
          <ns3:TrackPointExtension>
            <ns3:hr>137</ns3:hr>
            <ns3:cad>53</ns3:cad>
          </ns3:TrackPointExtension>
        </extensions>
      </trkpt>
      <trkpt lat="40.4043045826256275177001953125" lon="116.683585904538631439208984375">
        <ele>81.40000152587890625</ele>
        <time>2026-09-10T14:20:21.000Z</time>
        <extensions>
          <ns3:TrackPointExtension>
            <ns3:hr>136</ns3:hr>
            <ns3:cad>53</ns3:cad>
          </ns3:TrackPointExtension>
        </extensions>
      </trkpt>
      <trkpt lat="40.4043139703571796417236328125" lon="116.68358900584280490875244140625">
        <ele>81.40000152587890625</ele>
        <time>2026-09-10T14:20:22.000Z</time>
        <extensions>
          <ns3:TrackPointExtension>
            <ns3:hr>137</ns3:hr>
            <ns3:cad>53</ns3:cad>
          </ns3:TrackPointExtension>
        </extensions>
      </trkpt>
      <trkpt lat="40.40432428009808063507080078125" lon="116.683591268956661224365234375">
        <ele>81.40000152587890625</ele>
        <time>2026-09-10T14:20:23.000Z</time>
        <extensions>
          <ns3:TrackPointExtension>
            <ns3:hr>137</ns3:hr>
            <ns3:cad>52</ns3:cad>
          </ns3:TrackPointExtension>
        </extensions>
      </trkpt>
      <trkpt lat="40.4043317399919033050537109375" lon="116.68360040523111820220947265625">
        <ele>81.40000152587890625</ele>
        <time>2026-09-10T14:20:24.000Z</time>
        <extensions>
          <ns3:TrackPointExtension>
            <ns3:hr>134</ns3:hr>
            <ns3:cad>52</ns3:cad>
          </ns3:TrackPointExtension>
        </extensions>
      </trkpt>
      <trkpt lat="40.404328219592571258544921875" lon="116.68361633084714412689208984375">
        <ele>81.40000152587890625</ele>
        <time>2026-09-10T14:20:25.000Z</time>
        <extensions>
          <ns3:TrackPointExtension>
            <ns3:hr>132</ns3:hr>
            <ns3:cad>52</ns3:cad>
          </ns3:TrackPointExtension>
        </extensions>
      </trkpt>
      <trkpt lat="40.4043260402977466583251953125" lon="116.6836283169686794281005859375">
        <ele>81.59999847412109375</ele>
        <time>2026-09-10T14:20:26.000Z</time>
        <extensions>
          <ns3:TrackPointExtension>
            <ns3:hr>130</ns3:hr>
            <ns3:cad>50</ns3:cad>
          </ns3:TrackPointExtension>
        </extensions>
      </trkpt>
      <trkpt lat="40.40432444773614406585693359375" lon="116.6836385428905487060546875">
        <ele>81.59999847412109375</ele>
        <time>2026-09-10T14:20:27.000Z</time>
        <extensions>
          <ns3:TrackPointExtension>
            <ns3:hr>130</ns3:hr>
            <ns3:cad>49</ns3:cad>
          </ns3:TrackPointExtension>
        </extensions>
      </trkpt>
      <trkpt lat="40.4043205082416534423828125" lon="116.68364415876567363739013671875">
        <ele>81.59999847412109375</ele>
        <time>2026-09-10T14:20:28.000Z</time>
        <extensions>
          <ns3:TrackPointExtension>
            <ns3:hr>130</ns3:hr>
            <ns3:cad>0</ns3:cad>
          </ns3:TrackPointExtension>
        </extensions>
      </trkpt>
      <trkpt lat="40.40431908331811428070068359375" lon="116.68364633806049823760986328125">
        <ele>81.59999847412109375</ele>
        <time>2026-09-10T14:20:29.000Z</time>
        <extensions>
          <ns3:TrackPointExtension>
            <ns3:hr>128</ns3:hr>
            <ns3:cad>0</ns3:cad>
          </ns3:TrackPointExtension>
        </extensions>
      </trkpt>
      <trkpt lat="40.4043159820139408111572265625" lon="116.68364449404180049896240234375">
        <ele>81.59999847412109375</ele>
        <time>2026-09-10T14:20:30.000Z</time>
        <extensions>
          <ns3:TrackPointExtension>
            <ns3:hr>127</ns3:hr>
            <ns3:cad>0</ns3:cad>
          </ns3:TrackPointExtension>
        </extensions>
      </trkpt>
      <trkpt lat="40.40431472472846508026123046875" lon="116.6836385428905487060546875">
        <ele>81.59999847412109375</ele>
        <time>2026-09-10T14:20:31.000Z</time>
        <extensions>
          <ns3:TrackPointExtension>
            <ns3:hr>123</ns3:hr>
            <ns3:cad>0</ns3:cad>
          </ns3:TrackPointExtension>
        </extensions>
      </trkpt>
      <trkpt lat="40.40431455709040164947509765625" lon="116.68363661505281925201416015625">
        <ele>81.40000152587890625</ele>
        <time>2026-09-10T14:20:32.000Z</time>
        <extensions>
          <ns3:TrackPointExtension>
            <ns3:hr>124</ns3:hr>
            <ns3:cad>0</ns3:cad>
          </ns3:TrackPointExtension>
        </extensions>
      </trkpt>
      <trkpt lat="40.40431774221360683441162109375" lon="116.68364189565181732177734375">
        <ele>81.40000152587890625</ele>
        <time>2026-09-10T14:20:33.000Z</time>
        <extensions>
          <ns3:TrackPointExtension>
            <ns3:hr>124</ns3:hr>
            <ns3:cad>0</ns3:cad>
          </ns3:TrackPointExtension>
        </extensions>
      </trkpt>
      <trkpt lat="40.404315479099750518798828125" lon="116.68364063836634159088134765625">
        <ele>81.59999847412109375</ele>
        <time>2026-09-10T14:20:34.000Z</time>
        <extensions>
          <ns3:TrackPointExtension>
            <ns3:hr>120</ns3:hr>
            <ns3:cad>0</ns3:cad>
          </ns3:TrackPointExtension>
        </extensions>
      </trkpt>
      <trkpt lat="40.40431975387036800384521484375" lon="116.6836480982601642608642578125">
        <ele>81.59999847412109375</ele>
        <time>2026-09-10T14:20:35.000Z</time>
        <extensions>
          <ns3:TrackPointExtension>
            <ns3:hr>119</ns3:hr>
            <ns3:cad>0</ns3:cad>
          </ns3:TrackPointExtension>
        </extensions>
      </trkpt>
      <trkpt lat="40.40432243607938289642333984375" lon="116.68363678269088268280029296875">
        <ele>81.40000152587890625</ele>
        <time>2026-09-10T14:20:36.000Z</time>
        <extensions>
          <ns3:TrackPointExtension>
            <ns3:hr>117</ns3:hr>
            <ns3:cad>0</ns3:cad>
          </ns3:TrackPointExtension>
        </extensions>
      </trkpt>
      <trkpt lat="40.40432025678455829620361328125" lon="116.68363912962377071380615234375">
        <ele>81.40000152587890625</ele>
        <time>2026-09-10T14:20:37.000Z</time>
        <extensions>
          <ns3:TrackPointExtension>
            <ns3:hr>113</ns3:hr>
            <ns3:cad>0</ns3:cad>
          </ns3:TrackPointExtension>
        </extensions>
      </trkpt>
      <trkpt lat="40.40432025678455829620361328125" lon="116.68363912962377071380615234375">
        <ele>81.40000152587890625</ele>
        <time>2026-09-10T14:20:38.000Z</time>
        <extensions>
          <ns3:TrackPointExtension>
            <ns3:hr>111</ns3:hr>
            <ns3:cad>0</ns3:cad>
          </ns3:TrackPointExtension>
        </extensions>
      </trkpt>
      <trkpt lat="40.40432008914649486541748046875" lon="116.68363929726183414459228515625">
        <ele>81.40000152587890625</ele>
        <time>2026-09-10T14:20:39.000Z</time>
        <extensions>
          <ns3:TrackPointExtension>
            <ns3:hr>107</ns3:hr>
            <ns3:cad>0</ns3:cad>
          </ns3:TrackPointExtension>
        </extensions>
      </trkpt>
      <trkpt lat="40.40431715548038482666015625" lon="116.68363963253796100616455078125">
        <ele>81.40000152587890625</ele>
        <time>2026-09-10T14:20:40.000Z</time>
        <extensions>
          <ns3:TrackPointExtension>
            <ns3:hr>109</ns3:hr>
            <ns3:cad>0</ns3:cad>
          </ns3:TrackPointExtension>
        </extensions>
      </trkpt>
      <trkpt lat="40.40432025678455829620361328125" lon="116.68363912962377071380615234375">
        <ele>81.40000152587890625</ele>
        <time>2026-09-10T14:20:41.000Z</time>
        <extensions>
          <ns3:TrackPointExtension>
            <ns3:hr>116</ns3:hr>
            <ns3:cad>0</ns3:cad>
          </ns3:TrackPointExtension>
        </extensions>
      </trkpt>
      <trkpt lat="40.40432025678455829620361328125" lon="116.68363912962377071380615234375">
        <ele>81.40000152587890625</ele>
        <time>2026-09-10T14:20:42.000Z</time>
        <extensions>
          <ns3:TrackPointExtension>
            <ns3:hr>118</ns3:hr>
            <ns3:cad>0</ns3:cad>
          </ns3:TrackPointExtension>
        </extensions>
      </trkpt>
      <trkpt lat="40.40432025678455829620361328125" lon="116.68363912962377071380615234375">
        <ele>81.40000152587890625</ele>
        <time>2026-09-10T14:20:43.000Z</time>
        <extensions>
          <ns3:TrackPointExtension>
            <ns3:hr>116</ns3:hr>
            <ns3:cad>0</ns3:cad>
          </ns3:TrackPointExtension>
        </extensions>
      </trkpt>
      <trkpt lat="40.40432025678455829620361328125" lon="116.68363912962377071380615234375">
        <ele>81.40000152587890625</ele>
        <time>2026-09-10T14:20:44.000Z</time>
        <extensions>
          <ns3:TrackPointExtension>
            <ns3:hr>114</ns3:hr>
            <ns3:cad>0</ns3:cad>
          </ns3:TrackPointExtension>
        </extensions>
      </trkpt>
      <trkpt lat="40.40432025678455829620361328125" lon="116.68363912962377071380615234375">
        <ele>81.40000152587890625</ele>
        <time>2026-09-10T14:20:45.000Z</time>
        <extensions>
          <ns3:TrackPointExtension>
            <ns3:hr>110</ns3:hr>
            <ns3:cad>0</ns3:cad>
          </ns3:TrackPointExtension>
        </extensions>
      </trkpt>
      <trkpt lat="40.4043159820139408111572265625" lon="116.6836413927376270294189453125">
        <ele>81.40000152587890625</ele>
        <time>2026-09-10T14:20:46.000Z</time>
        <extensions>
          <ns3:TrackPointExtension>
            <ns3:hr>111</ns3:hr>
            <ns3:cad>0</ns3:cad>
          </ns3:TrackPointExtension>
        </extensions>
      </trkpt>
      <trkpt lat="40.40428605861961841583251953125" lon="116.68363862670958042144775390625">
        <ele>81.1999969482421875</ele>
        <time>2026-09-10T14:20:47.000Z</time>
        <extensions>
          <ns3:TrackPointExtension>
            <ns3:hr>115</ns3:hr>
            <ns3:cad>0</ns3:cad>
          </ns3:TrackPointExtension>
        </extensions>
      </trkpt>
      <trkpt lat="40.40424448437988758087158203125" lon="116.68363208882510662078857421875">
        <ele>81.1999969482421875</ele>
        <time>2026-09-10T14:20:48.000Z</time>
        <extensions>
          <ns3:TrackPointExtension>
            <ns3:hr>120</ns3:hr>
            <ns3:cad>0</ns3:cad>
          </ns3:TrackPointExtension>
        </extensions>
      </trkpt>
      <trkpt lat="40.40419251658022403717041015625" lon="116.683626137673854827880859375">
        <ele>81.1999969482421875</ele>
        <time>2026-09-10T14:20:49.000Z</time>
        <extensions>
          <ns3:TrackPointExtension>
            <ns3:hr>126</ns3:hr>
            <ns3:cad>0</ns3:cad>
          </ns3:TrackPointExtension>
        </extensions>
      </trkpt>
      <trkpt lat="40.40415077470242977142333984375" lon="116.68363041244447231292724609375">
        <ele>81.1999969482421875</ele>
        <time>2026-09-10T14:20:50.000Z</time>
        <extensions>
          <ns3:TrackPointExtension>
            <ns3:hr>130</ns3:hr>
            <ns3:cad>0</ns3:cad>
          </ns3:TrackPointExtension>
        </extensions>
      </trkpt>
      <trkpt lat="40.4041024111211299896240234375" lon="116.6836263053119182586669921875">
        <ele>81.1999969482421875</ele>
        <time>2026-09-10T14:20:51.000Z</time>
        <extensions>
          <ns3:TrackPointExtension>
            <ns3:hr>133</ns3:hr>
            <ns3:cad>94</ns3:cad>
          </ns3:TrackPointExtension>
        </extensions>
      </trkpt>
      <trkpt lat="40.4040594957768917083740234375" lon="116.683623455464839935302734375">
        <ele>81.1999969482421875</ele>
        <time>2026-09-10T14:20:52.000Z</time>
        <extensions>
          <ns3:TrackPointExtension>
            <ns3:hr>136</ns3:hr>
            <ns3:cad>95</ns3:cad>
          </ns3:TrackPointExtension>
        </extensions>
      </trkpt>
      <trkpt lat="40.40401532314717769622802734375" lon="116.68361968360841274261474609375">
        <ele>81.40000152587890625</ele>
        <time>2026-09-10T14:20:53.000Z</time>
        <extensions>
          <ns3:TrackPointExtension>
            <ns3:hr>135</ns3:hr>
            <ns3:cad>95</ns3:cad>
          </ns3:TrackPointExtension>
        </extensions>
      </trkpt>
      <trkpt lat="40.40396670810878276824951171875" lon="116.68361649848520755767822265625">
        <ele>81.40000152587890625</ele>
        <time>2026-09-10T14:20:54.000Z</time>
        <extensions>
          <ns3:TrackPointExtension>
            <ns3:hr>135</ns3:hr>
            <ns3:cad>96</ns3:cad>
          </ns3:TrackPointExtension>
        </extensions>
      </trkpt>
      <trkpt lat="40.40392898954451084136962890625" lon="116.6836239583790302276611328125">
        <ele>81.40000152587890625</ele>
        <time>2026-09-10T14:20:55.000Z</time>
        <extensions>
          <ns3:TrackPointExtension>
            <ns3:hr>139</ns3:hr>
            <ns3:cad>96</ns3:cad>
          </ns3:TrackPointExtension>
        </extensions>
      </trkpt>
      <trkpt lat="40.40387635119259357452392578125" lon="116.68362286873161792755126953125">
        <ele>81.40000152587890625</ele>
        <time>2026-09-10T14:20:56.000Z</time>
        <extensions>
          <ns3:TrackPointExtension>
            <ns3:hr>142</ns3:hr>
            <ns3:cad>96</ns3:cad>
          </ns3:TrackPointExtension>
        </extensions>
      </trkpt>
      <trkpt lat="40.4038408957421779632568359375" lon="116.6836259700357913970947265625">
        <ele>81.40000152587890625</ele>
        <time>2026-09-10T14:20:57.000Z</time>
        <extensions>
          <ns3:TrackPointExtension>
            <ns3:hr>145</ns3:hr>
            <ns3:cad>96</ns3:cad>
          </ns3:TrackPointExtension>
        </extensions>
      </trkpt>
      <trkpt lat="40.4037919454276561737060546875" lon="116.6836185939610004425048828125">
        <ele>81.40000152587890625</ele>
        <time>2026-09-10T14:20:58.000Z</time>
        <extensions>
          <ns3:TrackPointExtension>
            <ns3:hr>146</ns3:hr>
            <ns3:cad>96</ns3:cad>
          </ns3:TrackPointExtension>
        </extensions>
      </trkpt>
      <trkpt lat="40.40375447832047939300537109375" lon="116.683618091046810150146484375">
        <ele>81.40000152587890625</ele>
        <time>2026-09-10T14:20:59.000Z</time>
        <extensions>
          <ns3:TrackPointExtension>
            <ns3:hr>148</ns3:hr>
            <ns3:cad>94</ns3:cad>
          </ns3:TrackPointExtension>
        </extensions>
      </trkpt>
      <trkpt lat="40.40371231734752655029296875" lon="116.6836149059236049652099609375">
        <ele>81.40000152587890625</ele>
        <time>2026-09-10T14:21:00.000Z</time>
        <extensions>
          <ns3:TrackPointExtension>
            <ns3:hr>149</ns3:hr>
            <ns3:cad>93</ns3:cad>
          </ns3:TrackPointExtension>
        </extensions>
      </trkpt>
      <trkpt lat="40.40366697125136852264404296875" lon="116.6836165823042392730712890625">
        <ele>81.40000152587890625</ele>
        <time>2026-09-10T14:21:01.000Z</time>
        <extensions>
          <ns3:TrackPointExtension>
            <ns3:hr>149</ns3:hr>
            <ns3:cad>93</ns3:cad>
          </ns3:TrackPointExtension>
        </extensions>
      </trkpt>
      <trkpt lat="40.40362916886806488037109375" lon="116.68362714350223541259765625">
        <ele>81.40000152587890625</ele>
        <time>2026-09-10T14:21:02.000Z</time>
        <extensions>
          <ns3:TrackPointExtension>
            <ns3:hr>149</ns3:hr>
            <ns3:cad>93</ns3:cad>
          </ns3:TrackPointExtension>
        </extensions>
      </trkpt>
      <trkpt lat="40.40357711724936962127685546875" lon="116.68362605385482311248779296875">
        <ele>81.40000152587890625</ele>
        <time>2026-09-10T14:21:03.000Z</time>
        <extensions>
          <ns3:TrackPointExtension>
            <ns3:hr>151</ns3:hr>
            <ns3:cad>93</ns3:cad>
          </ns3:TrackPointExtension>
        </extensions>
      </trkpt>
      <trkpt lat="40.40354241617023944854736328125" lon="116.68363326229155063629150390625">
        <ele>81.40000152587890625</ele>
        <time>2026-09-10T14:21:04.000Z</time>
        <extensions>
          <ns3:TrackPointExtension>
            <ns3:hr>151</ns3:hr>
            <ns3:cad>96</ns3:cad>
          </ns3:TrackPointExtension>
        </extensions>
      </trkpt>
      <trkpt lat="40.40349346585571765899658203125" lon="116.68362622149288654327392578125">
        <ele>81.40000152587890625</ele>
        <time>2026-09-10T14:21:05.000Z</time>
        <extensions>
          <ns3:TrackPointExtension>
            <ns3:hr>151</ns3:hr>
            <ns3:cad>96</ns3:cad>
          </ns3:TrackPointExtension>
        </extensions>
      </trkpt>
      <trkpt lat="40.403457172214984893798828125" lon="116.68362135998904705047607421875">
        <ele>81.40000152587890625</ele>
        <time>2026-09-10T14:21:06.000Z</time>
        <extensions>
          <ns3:TrackPointExtension>
            <ns3:hr>153</ns3:hr>
            <ns3:cad>96</ns3:cad>
          </ns3:TrackPointExtension>
        </extensions>
      </trkpt>
      <trkpt lat="40.403420627117156982421875" lon="116.68362219817936420440673828125">
        <ele>81.40000152587890625</ele>
        <time>2026-09-10T14:21:07.000Z</time>
        <extensions>
          <ns3:TrackPointExtension>
            <ns3:hr>154</ns3:hr>
            <ns3:cad>93</ns3:cad>
          </ns3:TrackPointExtension>
        </extensions>
      </trkpt>
      <trkpt lat="40.40339556522667407989501953125" lon="116.68361901305615901947021484375">
        <ele>81.40000152587890625</ele>
        <time>2026-09-10T14:21:08.000Z</time>
        <extensions>
          <ns3:TrackPointExtension>
            <ns3:hr>153</ns3:hr>
            <ns3:cad>93</ns3:cad>
          </ns3:TrackPointExtension>
        </extensions>
      </trkpt>
      <trkpt lat="40.40337628684937953948974609375" lon="116.6836122237145900726318359375">
        <ele>81.59999847412109375</ele>
        <time>2026-09-10T14:21:09.000Z</time>
        <extensions>
          <ns3:TrackPointExtension>
            <ns3:hr>154</ns3:hr>
            <ns3:cad>93</ns3:cad>
          </ns3:TrackPointExtension>
        </extensions>
      </trkpt>
      <trkpt lat="40.40336522273719310760498046875" lon="116.68361297808587551116943359375">
        <ele>81.59999847412109375</ele>
        <time>2026-09-10T14:21:10.000Z</time>
        <extensions>
          <ns3:TrackPointExtension>
            <ns3:hr>154</ns3:hr>
            <ns3:cad>93</ns3:cad>
          </ns3:TrackPointExtension>
        </extensions>
      </trkpt>
      <trkpt lat="40.40335030294954776763916015625" lon="116.68361331336200237274169921875">
        <ele>81.59999847412109375</ele>
        <time>2026-09-10T14:21:11.000Z</time>
        <extensions>
          <ns3:TrackPointExtension>
            <ns3:hr>153</ns3:hr>
            <ns3:cad>93</ns3:cad>
          </ns3:TrackPointExtension>
        </extensions>
      </trkpt>
      <trkpt lat="40.40333907119929790496826171875" lon="116.68361331336200237274169921875">
        <ele>81.59999847412109375</ele>
        <time>2026-09-10T14:21:12.000Z</time>
        <extensions>
          <ns3:TrackPointExtension>
            <ns3:hr>152</ns3:hr>
            <ns3:cad>93</ns3:cad>
          </ns3:TrackPointExtension>
        </extensions>
      </trkpt>
      <trkpt lat="40.403329767286777496337890625" lon="116.68361163698136806488037109375">
        <ele>81.59999847412109375</ele>
        <time>2026-09-10T14:21:13.000Z</time>
        <extensions>
          <ns3:TrackPointExtension>
            <ns3:hr>151</ns3:hr>
            <ns3:cad>93</ns3:cad>
          </ns3:TrackPointExtension>
        </extensions>
      </trkpt>
      <trkpt lat="40.403320379555225372314453125" lon="116.6836105473339557647705078125">
        <ele>81.59999847412109375</ele>
        <time>2026-09-10T14:21:14.000Z</time>
        <extensions>
          <ns3:TrackPointExtension>
            <ns3:hr>150</ns3:hr>
            <ns3:cad>93</ns3:cad>
          </ns3:TrackPointExtension>
        </extensions>
      </trkpt>
      <trkpt lat="40.4033104889094829559326171875" lon="116.68361515738070011138916015625">
        <ele>81.59999847412109375</ele>
        <time>2026-09-10T14:21:15.000Z</time>
        <extensions>
          <ns3:TrackPointExtension>
            <ns3:hr>149</ns3:hr>
            <ns3:cad>93</ns3:cad>
          </ns3:TrackPointExtension>
        </extensions>
      </trkpt>
      <trkpt lat="40.40329816751182079315185546875" lon="116.68361281044781208038330078125">
        <ele>81.59999847412109375</ele>
        <time>2026-09-10T14:21:16.000Z</time>
        <extensions>
          <ns3:TrackPointExtension>
            <ns3:hr>149</ns3:hr>
            <ns3:cad>93</ns3:cad>
          </ns3:TrackPointExtension>
        </extensions>
      </trkpt>
      <trkpt lat="40.40328827686607837677001953125" lon="116.6836149059236049652099609375">
        <ele>81.8000030517578125</ele>
        <time>2026-09-10T14:21:17.000Z</time>
        <extensions>
          <ns3:TrackPointExtension>
            <ns3:hr>146</ns3:hr>
            <ns3:cad>55</ns3:cad>
          </ns3:TrackPointExtension>
        </extensions>
      </trkpt>
      <trkpt lat="40.40327914059162139892578125" lon="116.68361783958971500396728515625">
        <ele>81.8000030517578125</ele>
        <time>2026-09-10T14:21:18.000Z</time>
        <extensions>
          <ns3:TrackPointExtension>
            <ns3:hr>143</ns3:hr>
            <ns3:cad>55</ns3:cad>
          </ns3:TrackPointExtension>
        </extensions>
      </trkpt>
      <trkpt lat="40.40326883085072040557861328125" lon="116.68361364863812923431396484375">
        <ele>81.59999847412109375</ele>
        <time>2026-09-10T14:21:19.000Z</time>
        <extensions>
          <ns3:TrackPointExtension>
            <ns3:hr>143</ns3:hr>
            <ns3:cad>55</ns3:cad>
          </ns3:TrackPointExtension>
        </extensions>
      </trkpt>
      <trkpt lat="40.40325860492885112762451171875" lon="116.68361297808587551116943359375">
        <ele>81.59999847412109375</ele>
        <time>2026-09-10T14:21:20.000Z</time>
        <extensions>
          <ns3:TrackPointExtension>
            <ns3:hr>143</ns3:hr>
            <ns3:cad>55</ns3:cad>
          </ns3:TrackPointExtension>
        </extensions>
      </trkpt>
      <trkpt lat="40.4032491333782672882080078125" lon="116.68361264280974864959716796875">
        <ele>81.59999847412109375</ele>
        <time>2026-09-10T14:21:21.000Z</time>
        <extensions>
          <ns3:TrackPointExtension>
            <ns3:hr>142</ns3:hr>
            <ns3:cad>0</ns3:cad>
          </ns3:TrackPointExtension>
        </extensions>
      </trkpt>
      <trkpt lat="40.403238572180271148681640625" lon="116.68361230753362178802490234375">
        <ele>81.59999847412109375</ele>
        <time>2026-09-10T14:21:22.000Z</time>
        <extensions>
          <ns3:TrackPointExtension>
            <ns3:hr>141</ns3:hr>
            <ns3:cad>0</ns3:cad>
          </ns3:TrackPointExtension>
        </extensions>
      </trkpt>
      <trkpt lat="40.40322960354387760162353515625" lon="116.6836142353713512420654296875">
        <ele>81.8000030517578125</ele>
        <time>2026-09-10T14:21:23.000Z</time>
        <extensions>
          <ns3:TrackPointExtension>
            <ns3:hr>141</ns3:hr>
            <ns3:cad>0</ns3:cad>
          </ns3:TrackPointExtension>
        </extensions>
      </trkpt>
      <trkpt lat="40.4032199643552303314208984375" lon="116.68361532501876354217529296875">
        <ele>81.8000030517578125</ele>
        <time>2026-09-10T14:21:24.000Z</time>
        <extensions>
          <ns3:TrackPointExtension>
            <ns3:hr>139</ns3:hr>
            <ns3:cad>0</ns3:cad>
          </ns3:TrackPointExtension>
        </extensions>
      </trkpt>
      <trkpt lat="40.4032122530043125152587890625" lon="116.68361599557101726531982421875">
        <ele>81.59999847412109375</ele>
        <time>2026-09-10T14:21:25.000Z</time>
        <extensions>
          <ns3:TrackPointExtension>
            <ns3:hr>137</ns3:hr>
            <ns3:cad>0</ns3:cad>
          </ns3:TrackPointExtension>
        </extensions>
      </trkpt>
      <trkpt lat="40.4032127559185028076171875" lon="116.68361566029489040374755859375">
        <ele>81.59999847412109375</ele>
        <time>2026-09-10T14:21:26.000Z</time>
        <extensions>
          <ns3:TrackPointExtension>
            <ns3:hr>134</ns3:hr>
            <ns3:cad>0</ns3:cad>
          </ns3:TrackPointExtension>
        </extensions>
      </trkpt>
      <trkpt lat="40.40320873260498046875" lon="116.6836152411997318267822265625">
        <ele>81.40000152587890625</ele>
        <time>2026-09-10T14:21:27.000Z</time>
        <extensions>
          <ns3:TrackPointExtension>
            <ns3:hr>132</ns3:hr>
            <ns3:cad>0</ns3:cad>
          </ns3:TrackPointExtension>
        </extensions>
      </trkpt>
      <trkpt lat="40.403205715119838714599609375" lon="116.68361239135265350341796875">
        <ele>81.40000152587890625</ele>
        <time>2026-09-10T14:21:28.000Z</time>
        <extensions>
          <ns3:TrackPointExtension>
            <ns3:hr>132</ns3:hr>
            <ns3:cad>46</ns3:cad>
          </ns3:TrackPointExtension>
        </extensions>
      </trkpt>
      <trkpt lat="40.40321015752851963043212890625" lon="116.68360845185816287994384765625">
        <ele>81.40000152587890625</ele>
        <time>2026-09-10T14:21:29.000Z</time>
        <extensions>
          <ns3:TrackPointExtension>
            <ns3:hr>133</ns3:hr>
            <ns3:cad>46</ns3:cad>
          </ns3:TrackPointExtension>
        </extensions>
      </trkpt>
      <trkpt lat="40.40321434848010540008544921875" lon="116.68360459618270397186279296875">
        <ele>81.40000152587890625</ele>
        <time>2026-09-10T14:21:30.000Z</time>
        <extensions>
          <ns3:TrackPointExtension>
            <ns3:hr>132</ns3:hr>
            <ns3:cad>46</ns3:cad>
          </ns3:TrackPointExtension>
        </extensions>
      </trkpt>
      <trkpt lat="40.403221808373928070068359375" lon="116.6836001537740230560302734375">
        <ele>81.40000152587890625</ele>
        <time>2026-09-10T14:21:31.000Z</time>
        <extensions>
          <ns3:TrackPointExtension>
            <ns3:hr>131</ns3:hr>
            <ns3:cad>46</ns3:cad>
          </ns3:TrackPointExtension>
        </extensions>
      </trkpt>
      <trkpt lat="40.40323144756257534027099609375" lon="116.68359629809856414794921875">
        <ele>81.40000152587890625</ele>
        <time>2026-09-10T14:21:32.000Z</time>
        <extensions>
          <ns3:TrackPointExtension>
            <ns3:hr>129</ns3:hr>
            <ns3:cad>47</ns3:cad>
          </ns3:TrackPointExtension>
        </extensions>
      </trkpt>
      <trkpt lat="40.403241924941539764404296875" lon="116.683594286441802978515625">
        <ele>81.40000152587890625</ele>
        <time>2026-09-10T14:21:33.000Z</time>
        <extensions>
          <ns3:TrackPointExtension>
            <ns3:hr>126</ns3:hr>
            <ns3:cad>49</ns3:cad>
          </ns3:TrackPointExtension>
        </extensions>
      </trkpt>
      <trkpt lat="40.40325961075723171234130859375" lon="116.68361029587686061859130859375">
        <ele>81.40000152587890625</ele>
        <time>2026-09-10T14:21:34.000Z</time>
        <extensions>
          <ns3:TrackPointExtension>
            <ns3:hr>123</ns3:hr>
            <ns3:cad>49</ns3:cad>
          </ns3:TrackPointExtension>
        </extensions>
      </trkpt>
      <trkpt lat="40.40327168069779872894287109375" lon="116.68361750431358814239501953125">
        <ele>81.40000152587890625</ele>
        <time>2026-09-10T14:21:35.000Z</time>
        <extensions>
          <ns3:TrackPointExtension>
            <ns3:hr>122</ns3:hr>
            <ns3:cad>49</ns3:cad>
          </ns3:TrackPointExtension>
        </extensions>
      </trkpt>
      <trkpt lat="40.40328525938093662261962890625" lon="116.68362420983612537384033203125">
        <ele>81.59999847412109375</ele>
        <time>2026-09-10T14:21:36.000Z</time>
        <extensions>
          <ns3:TrackPointExtension>
            <ns3:hr>121</ns3:hr>
            <ns3:cad>49</ns3:cad>
          </ns3:TrackPointExtension>
        </extensions>
      </trkpt>
      <trkpt lat="40.40328995324671268463134765625" lon="116.68362437747418880462646484375">
        <ele>81.59999847412109375</ele>
        <time>2026-09-10T14:21:37.000Z</time>
        <extensions>
          <ns3:TrackPointExtension>
            <ns3:hr>119</ns3:hr>
            <ns3:cad>53</ns3:cad>
          </ns3:TrackPointExtension>
        </extensions>
      </trkpt>
      <trkpt lat="40.403293557465076446533203125" lon="116.683621443808078765869140625">
        <ele>81.59999847412109375</ele>
        <time>2026-09-10T14:21:38.000Z</time>
        <extensions>
          <ns3:TrackPointExtension>
            <ns3:hr>117</ns3:hr>
            <ns3:cad>53</ns3:cad>
          </ns3:TrackPointExtension>
        </extensions>
      </trkpt>
      <trkpt lat="40.40330152027308940887451171875" lon="116.6836246289312839508056640625">
        <ele>81.59999847412109375</ele>
        <time>2026-09-10T14:21:39.000Z</time>
        <extensions>
          <ns3:TrackPointExtension>
            <ns3:hr>118</ns3:hr>
            <ns3:cad>53</ns3:cad>
          </ns3:TrackPointExtension>
        </extensions>
      </trkpt>
      <trkpt lat="40.40330755524337291717529296875" lon="116.68362555094063282012939453125">
        <ele>81.59999847412109375</ele>
        <time>2026-09-10T14:21:40.000Z</time>
        <extensions>
          <ns3:TrackPointExtension>
            <ns3:hr>118</ns3:hr>
            <ns3:cad>53</ns3:cad>
          </ns3:TrackPointExtension>
        </extensions>
      </trkpt>
      <trkpt lat="40.40330755524337291717529296875" lon="116.68362320400774478912353515625">
        <ele>81.59999847412109375</ele>
        <time>2026-09-10T14:21:41.000Z</time>
        <extensions>
          <ns3:TrackPointExtension>
            <ns3:hr>121</ns3:hr>
            <ns3:cad>0</ns3:cad>
          </ns3:TrackPointExtension>
        </extensions>
      </trkpt>
      <trkpt lat="40.4033081419765949249267578125" lon="116.6836263053119182586669921875">
        <ele>81.59999847412109375</ele>
        <time>2026-09-10T14:21:42.000Z</time>
        <extensions>
          <ns3:TrackPointExtension>
            <ns3:hr>123</ns3:hr>
            <ns3:cad>0</ns3:cad>
          </ns3:TrackPointExtension>
        </extensions>
      </trkpt>
      <trkpt lat="40.40330621413886547088623046875" lon="116.6836252994835376739501953125">
        <ele>81.8000030517578125</ele>
        <time>2026-09-10T14:21:43.000Z</time>
        <extensions>
          <ns3:TrackPointExtension>
            <ns3:hr>124</ns3:hr>
            <ns3:cad>0</ns3:cad>
          </ns3:TrackPointExtension>
        </extensions>
      </trkpt>
      <trkpt lat="40.40330286137759685516357421875" lon="116.68362622149288654327392578125">
        <ele>81.8000030517578125</ele>
        <time>2026-09-10T14:21:44.000Z</time>
        <extensions>
          <ns3:TrackPointExtension>
            <ns3:hr>122</ns3:hr>
            <ns3:cad>0</ns3:cad>
          </ns3:TrackPointExtension>
        </extensions>
      </trkpt>
      <trkpt lat="40.40330135263502597808837890625" lon="116.6836278140544891357421875">
        <ele>81.8000030517578125</ele>
        <time>2026-09-10T14:21:45.000Z</time>
        <extensions>
          <ns3:TrackPointExtension>
            <ns3:hr>120</ns3:hr>
            <ns3:cad>0</ns3:cad>
          </ns3:TrackPointExtension>
        </extensions>
      </trkpt>
      <trkpt lat="40.40330990217626094818115234375" lon="116.683631502091884613037109375">
        <ele>81.8000030517578125</ele>
        <time>2026-09-10T14:21:46.000Z</time>
        <extensions>
          <ns3:TrackPointExtension>
            <ns3:hr>116</ns3:hr>
            <ns3:cad>0</ns3:cad>
          </ns3:TrackPointExtension>
        </extensions>
      </trkpt>
      <trkpt lat="40.40333773009479045867919921875" lon="116.683633513748645782470703125">
        <ele>81.59999847412109375</ele>
        <time>2026-09-10T14:21:47.000Z</time>
        <extensions>
          <ns3:TrackPointExtension>
            <ns3:hr>112</ns3:hr>
            <ns3:cad>0</ns3:cad>
          </ns3:TrackPointExtension>
        </extensions>
      </trkpt>
      <trkpt lat="40.4033745266497135162353515625" lon="116.683634184300899505615234375">
        <ele>81.59999847412109375</ele>
        <time>2026-09-10T14:21:48.000Z</time>
        <extensions>
          <ns3:TrackPointExtension>
            <ns3:hr>117</ns3:hr>
            <ns3:cad>0</ns3:cad>
          </ns3:TrackPointExtension>
        </extensions>
      </trkpt>
      <trkpt lat="40.403411574661731719970703125" lon="116.68362102471292018890380859375">
        <ele>81.40000152587890625</ele>
        <time>2026-09-10T14:21:49.000Z</time>
        <extensions>
          <ns3:TrackPointExtension>
            <ns3:hr>127</ns3:hr>
            <ns3:cad>0</ns3:cad>
          </ns3:TrackPointExtension>
        </extensions>
      </trkpt>
      <trkpt lat="40.40346647612750530242919921875" lon="116.6836219467222690582275390625">
        <ele>81.40000152587890625</ele>
        <time>2026-09-10T14:21:50.000Z</time>
        <extensions>
          <ns3:TrackPointExtension>
            <ns3:hr>131</ns3:hr>
            <ns3:cad>0</ns3:cad>
          </ns3:TrackPointExtension>
        </extensions>
      </trkpt>
      <trkpt lat="40.40351157076656818389892578125" lon="116.68361700139939785003662109375">
        <ele>81.40000152587890625</ele>
        <time>2026-09-10T14:21:51.000Z</time>
        <extensions>
          <ns3:TrackPointExtension>
            <ns3:hr>135</ns3:hr>
            <ns3:cad>94</ns3:cad>
          </ns3:TrackPointExtension>
        </extensions>
      </trkpt>
      <trkpt lat="40.4035592637956142425537109375" lon="116.68361331336200237274169921875">
        <ele>81.59999847412109375</ele>
        <time>2026-09-10T14:21:52.000Z</time>
        <extensions>
          <ns3:TrackPointExtension>
            <ns3:hr>138</ns3:hr>
            <ns3:cad>95</ns3:cad>
          </ns3:TrackPointExtension>
        </extensions>
      </trkpt>
      <trkpt lat="40.40360796265304088592529296875" lon="116.6836105473339557647705078125">
        <ele>81.59999847412109375</ele>
        <time>2026-09-10T14:21:53.000Z</time>
        <extensions>
          <ns3:TrackPointExtension>
            <ns3:hr>137</ns3:hr>
            <ns3:cad>96</ns3:cad>
          </ns3:TrackPointExtension>
        </extensions>
      </trkpt>
      <trkpt lat="40.4036541469395160675048828125" lon="116.683611385524272918701171875">
        <ele>81.40000152587890625</ele>
        <time>2026-09-10T14:21:54.000Z</time>
        <extensions>
          <ns3:TrackPointExtension>
            <ns3:hr>137</ns3:hr>
            <ns3:cad>95</ns3:cad>
          </ns3:TrackPointExtension>
        </extensions>
      </trkpt>
      <trkpt lat="40.4037121497094631195068359375" lon="116.68361901305615901947021484375">
        <ele>81.40000152587890625</ele>
        <time>2026-09-10T14:21:55.000Z</time>
        <extensions>
          <ns3:TrackPointExtension>
            <ns3:hr>137</ns3:hr>
            <ns3:cad>95</ns3:cad>
          </ns3:TrackPointExtension>
        </extensions>
      </trkpt>
      <trkpt lat="40.4037540592253208160400390625" lon="116.6836182586848735809326171875">
        <ele>81.40000152587890625</ele>
        <time>2026-09-10T14:21:56.000Z</time>
        <extensions>
          <ns3:TrackPointExtension>
            <ns3:hr>137</ns3:hr>
            <ns3:cad>95</ns3:cad>
          </ns3:TrackPointExtension>
        </extensions>
      </trkpt>
      <trkpt lat="40.40380351245403289794921875" lon="116.6836182586848735809326171875">
        <ele>81.40000152587890625</ele>
        <time>2026-09-10T14:21:57.000Z</time>
        <extensions>
          <ns3:TrackPointExtension>
            <ns3:hr>145</ns3:hr>
            <ns3:cad>95</ns3:cad>
          </ns3:TrackPointExtension>
        </extensions>
      </trkpt>
      <trkpt lat="40.4038472659885883331298828125" lon="116.6836172528564929962158203125">
        <ele>81.40000152587890625</ele>
        <time>2026-09-10T14:21:58.000Z</time>
        <extensions>
          <ns3:TrackPointExtension>
            <ns3:hr>148</ns3:hr>
            <ns3:cad>95</ns3:cad>
          </ns3:TrackPointExtension>
        </extensions>
      </trkpt>
      <trkpt lat="40.40388657711446285247802734375" lon="116.6836155764758586883544921875">
        <ele>81.40000152587890625</ele>
        <time>2026-09-10T14:21:59.000Z</time>
        <extensions>
          <ns3:TrackPointExtension>
            <ns3:hr>150</ns3:hr>
            <ns3:cad>95</ns3:cad>
          </ns3:TrackPointExtension>
        </extensions>
      </trkpt>
      <trkpt lat="40.40393686853349208831787109375" lon="116.683621108531951904296875">
        <ele>81.40000152587890625</ele>
        <time>2026-09-10T14:22:00.000Z</time>
        <extensions>
          <ns3:TrackPointExtension>
            <ns3:hr>151</ns3:hr>
            <ns3:cad>95</ns3:cad>
          </ns3:TrackPointExtension>
        </extensions>
      </trkpt>
      <trkpt lat="40.40397123433649539947509765625" lon="116.68361649848520755767822265625">
        <ele>81.40000152587890625</ele>
        <time>2026-09-10T14:22:01.000Z</time>
        <extensions>
          <ns3:TrackPointExtension>
            <ns3:hr>152</ns3:hr>
            <ns3:cad>94</ns3:cad>
          </ns3:TrackPointExtension>
        </extensions>
      </trkpt>
      <trkpt lat="40.4040201008319854736328125" lon="116.6836172528564929962158203125">
        <ele>81.40000152587890625</ele>
        <time>2026-09-10T14:22:02.000Z</time>
        <extensions>
          <ns3:TrackPointExtension>
            <ns3:hr>153</ns3:hr>
            <ns3:cad>94</ns3:cad>
          </ns3:TrackPointExtension>
        </extensions>
      </trkpt>
      <trkpt lat="40.4040631838142871856689453125" lon="116.68361247517168521881103515625">
        <ele>81.59999847412109375</ele>
        <time>2026-09-10T14:22:03.000Z</time>
        <extensions>
          <ns3:TrackPointExtension>
            <ns3:hr>155</ns3:hr>
            <ns3:cad>95</ns3:cad>
          </ns3:TrackPointExtension>
        </extensions>
      </trkpt>
      <trkpt lat="40.40409989655017852783203125" lon="116.6836108826100826263427734375">
        <ele>81.59999847412109375</ele>
        <time>2026-09-10T14:22:04.000Z</time>
        <extensions>
          <ns3:TrackPointExtension>
            <ns3:hr>155</ns3:hr>
            <ns3:cad>95</ns3:cad>
          </ns3:TrackPointExtension>
        </extensions>
      </trkpt>
      <trkpt lat="40.40412537753582000732421875" lon="116.68361431919038295745849609375">
        <ele>81.59999847412109375</ele>
        <time>2026-09-10T14:22:05.000Z</time>
        <extensions>
          <ns3:TrackPointExtension>
            <ns3:hr>154</ns3:hr>
            <ns3:cad>95</ns3:cad>
          </ns3:TrackPointExtension>
        </extensions>
      </trkpt>
      <trkpt lat="40.4041473381221294403076171875" lon="116.6836226172745227813720703125">
        <ele>81.8000030517578125</ele>
        <time>2026-09-10T14:22:06.000Z</time>
        <extensions>
          <ns3:TrackPointExtension>
            <ns3:hr>155</ns3:hr>
            <ns3:cad>95</ns3:cad>
          </ns3:TrackPointExtension>
        </extensions>
      </trkpt>
      <trkpt lat="40.40416636504232883453369140625" lon="116.683626808226108551025390625">
        <ele>81.8000030517578125</ele>
        <time>2026-09-10T14:22:07.000Z</time>
        <extensions>
          <ns3:TrackPointExtension>
            <ns3:hr>155</ns3:hr>
            <ns3:cad>95</ns3:cad>
          </ns3:TrackPointExtension>
        </extensions>
      </trkpt>
      <trkpt lat="40.40418664924800395965576171875" lon="116.68362739495933055877685546875">
        <ele>81.59999847412109375</ele>
        <time>2026-09-10T14:22:08.000Z</time>
        <extensions>
          <ns3:TrackPointExtension>
            <ns3:hr>155</ns3:hr>
            <ns3:cad>95</ns3:cad>
          </ns3:TrackPointExtension>
        </extensions>
      </trkpt>
      <trkpt lat="40.40419955737888813018798828125" lon="116.683623790740966796875">
        <ele>81.59999847412109375</ele>
        <time>2026-09-10T14:22:09.000Z</time>
        <extensions>
          <ns3:TrackPointExtension>
            <ns3:hr>154</ns3:hr>
            <ns3:cad>95</ns3:cad>
          </ns3:TrackPointExtension>
        </extensions>
      </trkpt>
      <trkpt lat="40.40420559234917163848876953125" lon="116.6836219467222690582275390625">
        <ele>81.40000152587890625</ele>
        <time>2026-09-10T14:22:10.000Z</time>
        <extensions>
          <ns3:TrackPointExtension>
            <ns3:hr>153</ns3:hr>
            <ns3:cad>95</ns3:cad>
          </ns3:TrackPointExtension>
        </extensions>
      </trkpt>
      <trkpt lat="40.40421313606202602386474609375" lon="116.683618091046810150146484375">
        <ele>81.40000152587890625</ele>
        <time>2026-09-10T14:22:11.000Z</time>
        <extensions>
          <ns3:TrackPointExtension>
            <ns3:hr>152</ns3:hr>
            <ns3:cad>95</ns3:cad>
          </ns3:TrackPointExtension>
        </extensions>
      </trkpt>
      <trkpt lat="40.40421925485134124755859375" lon="116.68361448682844638824462890625">
        <ele>81.40000152587890625</ele>
        <time>2026-09-10T14:22:12.000Z</time>
        <extensions>
          <ns3:TrackPointExtension>
            <ns3:hr>151</ns3:hr>
            <ns3:cad>95</ns3:cad>
          </ns3:TrackPointExtension>
        </extensions>
      </trkpt>
      <trkpt lat="40.40423107333481311798095703125" lon="116.6836112178862094879150390625">
        <ele>81.59999847412109375</ele>
        <time>2026-09-10T14:22:13.000Z</time>
        <extensions>
          <ns3:TrackPointExtension>
            <ns3:hr>150</ns3:hr>
            <ns3:cad>55</ns3:cad>
          </ns3:TrackPointExtension>
        </extensions>
      </trkpt>
      <trkpt lat="40.40424515493214130401611328125" lon="116.68360945768654346466064453125">
        <ele>81.59999847412109375</ele>
        <time>2026-09-10T14:22:14.000Z</time>
        <extensions>
          <ns3:TrackPointExtension>
            <ns3:hr>148</ns3:hr>
            <ns3:cad>54</ns3:cad>
          </ns3:TrackPointExtension>
        </extensions>
      </trkpt>
      <trkpt lat="40.40426158346235752105712890625" lon="116.6836165823042392730712890625">
        <ele>81.59999847412109375</ele>
        <time>2026-09-10T14:22:15.000Z</time>
        <extensions>
          <ns3:TrackPointExtension>
            <ns3:hr>147</ns3:hr>
            <ns3:cad>54</ns3:cad>
          </ns3:TrackPointExtension>
        </extensions>
      </trkpt>
      <trkpt lat="40.4042749106884002685546875" lon="116.68361800722777843475341796875">
        <ele>81.59999847412109375</ele>
        <time>2026-09-10T14:22:16.000Z</time>
        <extensions>
          <ns3:TrackPointExtension>
            <ns3:hr>144</ns3:hr>
            <ns3:cad>53</ns3:cad>
          </ns3:TrackPointExtension>
        </extensions>
      </trkpt>
      <trkpt lat="40.40428991429507732391357421875" lon="116.68361918069422245025634765625">
        <ele>81.8000030517578125</ele>
        <time>2026-09-10T14:22:17.000Z</time>
        <extensions>
          <ns3:TrackPointExtension>
            <ns3:hr>143</ns3:hr>
            <ns3:cad>53</ns3:cad>
          </ns3:TrackPointExtension>
        </extensions>
      </trkpt>
      <trkpt lat="40.40429611690342426300048828125" lon="116.68361549265682697296142578125">
        <ele>81.8000030517578125</ele>
        <time>2026-09-10T14:22:18.000Z</time>
        <extensions>
          <ns3:TrackPointExtension>
            <ns3:hr>143</ns3:hr>
            <ns3:cad>53</ns3:cad>
          </ns3:TrackPointExtension>
        </extensions>
      </trkpt>
      <trkpt lat="40.4043002240359783172607421875" lon="116.68360836803913116455078125">
        <ele>81.8000030517578125</ele>
        <time>2026-09-10T14:22:19.000Z</time>
        <extensions>
          <ns3:TrackPointExtension>
            <ns3:hr>142</ns3:hr>
            <ns3:cad>53</ns3:cad>
          </ns3:TrackPointExtension>
        </extensions>
      </trkpt>
      <trkpt lat="40.40430910885334014892578125" lon="116.6836142353713512420654296875">
        <ele>81.8000030517578125</ele>
        <time>2026-09-10T14:22:20.000Z</time>
        <extensions>
          <ns3:TrackPointExtension>
            <ns3:hr>142</ns3:hr>
            <ns3:cad>52</ns3:cad>
          </ns3:TrackPointExtension>
        </extensions>
      </trkpt>
      <trkpt lat="40.404319502413272857666015625" lon="116.68361800722777843475341796875">
        <ele>81.59999847412109375</ele>
        <time>2026-09-10T14:22:21.000Z</time>
        <extensions>
          <ns3:TrackPointExtension>
            <ns3:hr>141</ns3:hr>
            <ns3:cad>52</ns3:cad>
          </ns3:TrackPointExtension>
        </extensions>
      </trkpt>
      <trkpt lat="40.40432897396385669708251953125" lon="116.68362068943679332733154296875">
        <ele>81.59999847412109375</ele>
        <time>2026-09-10T14:22:22.000Z</time>
        <extensions>
          <ns3:TrackPointExtension>
            <ns3:hr>140</ns3:hr>
            <ns3:cad>47</ns3:cad>
          </ns3:TrackPointExtension>
        </extensions>
      </trkpt>
      <trkpt lat="40.40433383546769618988037109375" lon="116.683622114360332489013671875">
        <ele>81.59999847412109375</ele>
        <time>2026-09-10T14:22:23.000Z</time>
        <extensions>
          <ns3:TrackPointExtension>
            <ns3:hr>140</ns3:hr>
            <ns3:cad>47</ns3:cad>
          </ns3:TrackPointExtension>
        </extensions>
      </trkpt>
      <trkpt lat="40.4043387807905673980712890625" lon="116.68362236581742763519287109375">
        <ele>81.59999847412109375</ele>
        <time>2026-09-10T14:22:24.000Z</time>
        <extensions>
          <ns3:TrackPointExtension>
            <ns3:hr>138</ns3:hr>
            <ns3:cad>0</ns3:cad>
          </ns3:TrackPointExtension>
        </extensions>
      </trkpt>
      <trkpt lat="40.40434339083731174468994140625" lon="116.6836269758641719818115234375">
        <ele>81.59999847412109375</ele>
        <time>2026-09-10T14:22:25.000Z</time>
        <extensions>
          <ns3:TrackPointExtension>
            <ns3:hr>136</ns3:hr>
            <ns3:cad>0</ns3:cad>
          </ns3:TrackPointExtension>
        </extensions>
      </trkpt>
      <trkpt lat="40.404351018369197845458984375" lon="116.68362856842577457427978515625">
        <ele>81.59999847412109375</ele>
        <time>2026-09-10T14:22:26.000Z</time>
        <extensions>
          <ns3:TrackPointExtension>
            <ns3:hr>136</ns3:hr>
            <ns3:cad>0</ns3:cad>
          </ns3:TrackPointExtension>
        </extensions>
      </trkpt>
      <trkpt lat="40.404355041682720184326171875" lon="116.683626808226108551025390625">
        <ele>81.59999847412109375</ele>
        <time>2026-09-10T14:22:27.000Z</time>
        <extensions>
          <ns3:TrackPointExtension>
            <ns3:hr>134</ns3:hr>
            <ns3:cad>46</ns3:cad>
          </ns3:TrackPointExtension>
        </extensions>
      </trkpt>
      <trkpt lat="40.4043485037982463836669921875" lon="116.68362974189221858978271484375">
        <ele>81.59999847412109375</ele>
        <time>2026-09-10T14:22:28.000Z</time>
        <extensions>
          <ns3:TrackPointExtension>
            <ns3:hr>134</ns3:hr>
            <ns3:cad>46</ns3:cad>
          </ns3:TrackPointExtension>
        </extensions>
      </trkpt>
      <trkpt lat="40.40434129536151885986328125" lon="116.683628819882869720458984375">
        <ele>81.59999847412109375</ele>
        <time>2026-09-10T14:22:29.000Z</time>
        <extensions>
          <ns3:TrackPointExtension>
            <ns3:hr>134</ns3:hr>
            <ns3:cad>46</ns3:cad>
          </ns3:TrackPointExtension>
        </extensions>
      </trkpt>
      <trkpt lat="40.4043387807905673980712890625" lon="116.68363477103412151336669921875">
        <ele>81.59999847412109375</ele>
        <time>2026-09-10T14:22:30.000Z</time>
        <extensions>
          <ns3:TrackPointExtension>
            <ns3:hr>134</ns3:hr>
            <ns3:cad>0</ns3:cad>
          </ns3:TrackPointExtension>
        </extensions>
      </trkpt>
      <trkpt lat="40.40433400310575962066650390625" lon="116.68363745324313640594482421875">
        <ele>81.59999847412109375</ele>
        <time>2026-09-10T14:22:31.000Z</time>
        <extensions>
          <ns3:TrackPointExtension>
            <ns3:hr>133</ns3:hr>
            <ns3:cad>0</ns3:cad>
          </ns3:TrackPointExtension>
        </extensions>
      </trkpt>
      <trkpt lat="40.40432712994515895843505859375" lon="116.683638207614421844482421875">
        <ele>81.59999847412109375</ele>
        <time>2026-09-10T14:22:32.000Z</time>
        <extensions>
          <ns3:TrackPointExtension>
            <ns3:hr>132</ns3:hr>
            <ns3:cad>0</ns3:cad>
          </ns3:TrackPointExtension>
        </extensions>
      </trkpt>
      <trkpt lat="40.40432075969874858856201171875" lon="116.6836353577673435211181640625">
        <ele>81.59999847412109375</ele>
        <time>2026-09-10T14:22:33.000Z</time>
        <extensions>
          <ns3:TrackPointExtension>
            <ns3:hr>131</ns3:hr>
            <ns3:cad>0</ns3:cad>
          </ns3:TrackPointExtension>
        </extensions>
      </trkpt>
      <trkpt lat="40.4043139703571796417236328125" lon="116.68363108299672603607177734375">
        <ele>81.59999847412109375</ele>
        <time>2026-09-10T14:22:34.000Z</time>
        <extensions>
          <ns3:TrackPointExtension>
            <ns3:hr>128</ns3:hr>
            <ns3:cad>0</ns3:cad>
          </ns3:TrackPointExtension>
        </extensions>
      </trkpt>
      <trkpt lat="40.40431153960525989532470703125" lon="116.68362689204514026641845703125">
        <ele>81.59999847412109375</ele>
        <time>2026-09-10T14:22:35.000Z</time>
        <extensions>
          <ns3:TrackPointExtension>
            <ns3:hr>126</ns3:hr>
            <ns3:cad>0</ns3:cad>
          </ns3:TrackPointExtension>
        </extensions>
      </trkpt>
      <trkpt lat="40.40430952794849872589111328125" lon="116.68362312018871307373046875">
        <ele>81.59999847412109375</ele>
        <time>2026-09-10T14:22:36.000Z</time>
        <extensions>
          <ns3:TrackPointExtension>
            <ns3:hr>123</ns3:hr>
            <ns3:cad>0</ns3:cad>
          </ns3:TrackPointExtension>
        </extensions>
      </trkpt>
      <trkpt lat="40.40430751629173755645751953125" lon="116.683622784912586212158203125">
        <ele>81.8000030517578125</ele>
        <time>2026-09-10T14:22:37.000Z</time>
        <extensions>
          <ns3:TrackPointExtension>
            <ns3:hr>122</ns3:hr>
            <ns3:cad>0</ns3:cad>
          </ns3:TrackPointExtension>
        </extensions>
      </trkpt>
      <trkpt lat="40.40430508553981781005859375" lon="116.6836189292371273040771484375">
        <ele>81.8000030517578125</ele>
        <time>2026-09-10T14:22:38.000Z</time>
        <extensions>
          <ns3:TrackPointExtension>
            <ns3:hr>121</ns3:hr>
            <ns3:cad>0</ns3:cad>
          </ns3:TrackPointExtension>
        </extensions>
      </trkpt>
      <trkpt lat="40.40430500172078609466552734375" lon="116.68361934833228588104248046875">
        <ele>81.8000030517578125</ele>
        <time>2026-09-10T14:22:39.000Z</time>
        <extensions>
          <ns3:TrackPointExtension>
            <ns3:hr>121</ns3:hr>
            <ns3:cad>0</ns3:cad>
          </ns3:TrackPointExtension>
        </extensions>
      </trkpt>
      <trkpt lat="40.40430500172078609466552734375" lon="116.68361934833228588104248046875">
        <ele>81.59999847412109375</ele>
        <time>2026-09-10T14:22:40.000Z</time>
        <extensions>
          <ns3:TrackPointExtension>
            <ns3:hr>119</ns3:hr>
            <ns3:cad>0</ns3:cad>
          </ns3:TrackPointExtension>
        </extensions>
      </trkpt>
      <trkpt lat="40.40430500172078609466552734375" lon="116.68361934833228588104248046875">
        <ele>81.59999847412109375</ele>
        <time>2026-09-10T14:22:41.000Z</time>
        <extensions>
          <ns3:TrackPointExtension>
            <ns3:hr>118</ns3:hr>
            <ns3:cad>0</ns3:cad>
          </ns3:TrackPointExtension>
        </extensions>
      </trkpt>
      <trkpt lat="40.40430500172078609466552734375" lon="116.68361934833228588104248046875">
        <ele>81.59999847412109375</ele>
        <time>2026-09-10T14:22:42.000Z</time>
        <extensions>
          <ns3:TrackPointExtension>
            <ns3:hr>116</ns3:hr>
            <ns3:cad>0</ns3:cad>
          </ns3:TrackPointExtension>
        </extensions>
      </trkpt>
      <trkpt lat="40.40430500172078609466552734375" lon="116.68361934833228588104248046875">
        <ele>81.59999847412109375</ele>
        <time>2026-09-10T14:22:43.000Z</time>
        <extensions>
          <ns3:TrackPointExtension>
            <ns3:hr>115</ns3:hr>
            <ns3:cad>0</ns3:cad>
          </ns3:TrackPointExtension>
        </extensions>
      </trkpt>
      <trkpt lat="40.40430500172078609466552734375" lon="116.68361934833228588104248046875">
        <ele>81.59999847412109375</ele>
        <time>2026-09-10T14:22:44.000Z</time>
        <extensions>
          <ns3:TrackPointExtension>
            <ns3:hr>114</ns3:hr>
            <ns3:cad>0</ns3:cad>
          </ns3:TrackPointExtension>
        </extensions>
      </trkpt>
      <trkpt lat="40.40430500172078609466552734375" lon="116.68361934833228588104248046875">
        <ele>81.59999847412109375</ele>
        <time>2026-09-10T14:22:45.000Z</time>
        <extensions>
          <ns3:TrackPointExtension>
            <ns3:hr>114</ns3:hr>
            <ns3:cad>0</ns3:cad>
          </ns3:TrackPointExtension>
        </extensions>
      </trkpt>
      <trkpt lat="40.4043049179017543792724609375" lon="116.68361817486584186553955078125">
        <ele>81.40000152587890625</ele>
        <time>2026-09-10T14:22:46.000Z</time>
        <extensions>
          <ns3:TrackPointExtension>
            <ns3:hr>111</ns3:hr>
            <ns3:cad>0</ns3:cad>
          </ns3:TrackPointExtension>
        </extensions>
      </trkpt>
      <trkpt lat="40.40428203530609607696533203125" lon="116.68361666612327098846435546875">
        <ele>81.40000152587890625</ele>
        <time>2026-09-10T14:22:47.000Z</time>
        <extensions>
          <ns3:TrackPointExtension>
            <ns3:hr>113</ns3:hr>
            <ns3:cad>0</ns3:cad>
          </ns3:TrackPointExtension>
        </extensions>
      </trkpt>
      <trkpt lat="40.404237695038318634033203125" lon="116.6836130619049072265625">
        <ele>81.40000152587890625</ele>
        <time>2026-09-10T14:22:48.000Z</time>
        <extensions>
          <ns3:TrackPointExtension>
            <ns3:hr>120</ns3:hr>
            <ns3:cad>0</ns3:cad>
          </ns3:TrackPointExtension>
        </extensions>
      </trkpt>
      <trkpt lat="40.40419402532279491424560546875" lon="116.68361616320908069610595703125">
        <ele>81.40000152587890625</ele>
        <time>2026-09-10T14:22:49.000Z</time>
        <extensions>
          <ns3:TrackPointExtension>
            <ns3:hr>125</ns3:hr>
            <ns3:cad>0</ns3:cad>
          </ns3:TrackPointExtension>
        </extensions>
      </trkpt>
      <trkpt lat="40.40414373390376567840576171875" lon="116.683614067733287811279296875">
        <ele>81.40000152587890625</ele>
        <time>2026-09-10T14:22:50.000Z</time>
        <extensions>
          <ns3:TrackPointExtension>
            <ns3:hr>122</ns3:hr>
            <ns3:cad>0</ns3:cad>
          </ns3:TrackPointExtension>
        </extensions>
      </trkpt>
      <trkpt lat="40.40408908389508724212646484375" lon="116.68361063115298748016357421875">
        <ele>81.40000152587890625</ele>
        <time>2026-09-10T14:22:51.000Z</time>
        <extensions>
          <ns3:TrackPointExtension>
            <ns3:hr>122</ns3:hr>
            <ns3:cad>0</ns3:cad>
          </ns3:TrackPointExtension>
        </extensions>
      </trkpt>
      <trkpt lat="40.40404885075986385345458984375" lon="116.68361599557101726531982421875">
        <ele>81.40000152587890625</ele>
        <time>2026-09-10T14:22:52.000Z</time>
        <extensions>
          <ns3:TrackPointExtension>
            <ns3:hr>122</ns3:hr>
            <ns3:cad>0</ns3:cad>
          </ns3:TrackPointExtension>
        </extensions>
      </trkpt>
      <trkpt lat="40.40399353019893169403076171875" lon="116.683615408837795257568359375">
        <ele>81.40000152587890625</ele>
        <time>2026-09-10T14:22:53.000Z</time>
        <extensions>
          <ns3:TrackPointExtension>
            <ns3:hr>122</ns3:hr>
            <ns3:cad>97</ns3:cad>
          </ns3:TrackPointExtension>
        </extensions>
      </trkpt>
      <trkpt lat="40.40394474752247333526611328125" lon="116.68361465446650981903076171875">
        <ele>81.40000152587890625</ele>
        <time>2026-09-10T14:22:54.000Z</time>
        <extensions>
          <ns3:TrackPointExtension>
            <ns3:hr>122</ns3:hr>
            <ns3:cad>97</ns3:cad>
          </ns3:TrackPointExtension>
        </extensions>
      </trkpt>
      <trkpt lat="40.40390267036855220794677734375" lon="116.68361146934330463409423828125">
        <ele>81.40000152587890625</ele>
        <time>2026-09-10T14:22:55.000Z</time>
        <extensions>
          <ns3:TrackPointExtension>
            <ns3:hr>122</ns3:hr>
            <ns3:cad>97</ns3:cad>
          </ns3:TrackPointExtension>
        </extensions>
      </trkpt>
      <trkpt lat="40.40384986437857151031494140625" lon="116.68361482210457324981689453125">
        <ele>81.59999847412109375</ele>
        <time>2026-09-10T14:22:56.000Z</time>
        <extensions>
          <ns3:TrackPointExtension>
            <ns3:hr>122</ns3:hr>
            <ns3:cad>97</ns3:cad>
          </ns3:TrackPointExtension>
        </extensions>
      </trkpt>
      <trkpt lat="40.403815247118473052978515625" lon="116.68361909687519073486328125">
        <ele>81.59999847412109375</ele>
        <time>2026-09-10T14:22:57.000Z</time>
        <extensions>
          <ns3:TrackPointExtension>
            <ns3:hr>123</ns3:hr>
            <ns3:cad>97</ns3:cad>
          </ns3:TrackPointExtension>
        </extensions>
      </trkpt>
      <trkpt lat="40.40376302786171436309814453125" lon="116.6836169175803661346435546875">
        <ele>81.59999847412109375</ele>
        <time>2026-09-10T14:22:58.000Z</time>
        <extensions>
          <ns3:TrackPointExtension>
            <ns3:hr>123</ns3:hr>
            <ns3:cad>97</ns3:cad>
          </ns3:TrackPointExtension>
        </extensions>
      </trkpt>
      <trkpt lat="40.4037198610603809356689453125" lon="116.68361918069422245025634765625">
        <ele>81.59999847412109375</ele>
        <time>2026-09-10T14:22:59.000Z</time>
        <extensions>
          <ns3:TrackPointExtension>
            <ns3:hr>123</ns3:hr>
            <ns3:cad>97</ns3:cad>
          </ns3:TrackPointExtension>
        </extensions>
      </trkpt>
      <trkpt lat="40.403676442801952362060546875" lon="116.6836192645132541656494140625">
        <ele>81.59999847412109375</ele>
        <time>2026-09-10T14:23:00.000Z</time>
        <extensions>
          <ns3:TrackPointExtension>
            <ns3:hr>123</ns3:hr>
            <ns3:cad>97</ns3:cad>
          </ns3:TrackPointExtension>
        </extensions>
      </trkpt>
      <trkpt lat="40.40362657047808170318603515625" lon="116.68361666612327098846435546875">
        <ele>81.59999847412109375</ele>
        <time>2026-09-10T14:23:01.000Z</time>
        <extensions>
          <ns3:TrackPointExtension>
            <ns3:hr>124</ns3:hr>
            <ns3:cad>97</ns3:cad>
          </ns3:TrackPointExtension>
        </extensions>
      </trkpt>
      <trkpt lat="40.40359086357057094573974609375" lon="116.68362404219806194305419921875">
        <ele>81.59999847412109375</ele>
        <time>2026-09-10T14:23:02.000Z</time>
        <extensions>
          <ns3:TrackPointExtension>
            <ns3:hr>127</ns3:hr>
            <ns3:cad>97</ns3:cad>
          </ns3:TrackPointExtension>
        </extensions>
      </trkpt>
      <trkpt lat="40.40353738702833652496337890625" lon="116.68362177908420562744140625">
        <ele>81.8000030517578125</ele>
        <time>2026-09-10T14:23:03.000Z</time>
        <extensions>
          <ns3:TrackPointExtension>
            <ns3:hr>129</ns3:hr>
            <ns3:cad>96</ns3:cad>
          </ns3:TrackPointExtension>
        </extensions>
      </trkpt>
      <trkpt lat="40.40349748916923999786376953125" lon="116.68362437747418880462646484375">
        <ele>81.59999847412109375</ele>
        <time>2026-09-10T14:23:04.000Z</time>
        <extensions>
          <ns3:TrackPointExtension>
            <ns3:hr>133</ns3:hr>
            <ns3:cad>96</ns3:cad>
          </ns3:TrackPointExtension>
        </extensions>
      </trkpt>
      <trkpt lat="40.4034600220620632171630859375" lon="116.683626137673854827880859375">
        <ele>81.59999847412109375</ele>
        <time>2026-09-10T14:23:05.000Z</time>
        <extensions>
          <ns3:TrackPointExtension>
            <ns3:hr>141</ns3:hr>
            <ns3:cad>96</ns3:cad>
          </ns3:TrackPointExtension>
        </extensions>
      </trkpt>
      <trkpt lat="40.40343445725739002227783203125" lon="116.6836222819983959197998046875">
        <ele>81.8000030517578125</ele>
        <time>2026-09-10T14:23:06.000Z</time>
        <extensions>
          <ns3:TrackPointExtension>
            <ns3:hr>146</ns3:hr>
            <ns3:cad>96</ns3:cad>
          </ns3:TrackPointExtension>
        </extensions>
      </trkpt>
      <trkpt lat="40.4034144245088100433349609375" lon="116.6836152411997318267822265625">
        <ele>81.8000030517578125</ele>
        <time>2026-09-10T14:23:07.000Z</time>
        <extensions>
          <ns3:TrackPointExtension>
            <ns3:hr>150</ns3:hr>
            <ns3:cad>96</ns3:cad>
          </ns3:TrackPointExtension>
        </extensions>
      </trkpt>
      <trkpt lat="40.4033951461315155029296875" lon="116.683614067733287811279296875">
        <ele>81.8000030517578125</ele>
        <time>2026-09-10T14:23:08.000Z</time>
        <extensions>
          <ns3:TrackPointExtension>
            <ns3:hr>156</ns3:hr>
            <ns3:cad>96</ns3:cad>
          </ns3:TrackPointExtension>
        </extensions>
      </trkpt>
      <trkpt lat="40.40338316000998020172119140625" lon="116.68361507356166839599609375">
        <ele>81.8000030517578125</ele>
        <time>2026-09-10T14:23:09.000Z</time>
        <extensions>
          <ns3:TrackPointExtension>
            <ns3:hr>158</ns3:hr>
            <ns3:cad>96</ns3:cad>
          </ns3:TrackPointExtension>
        </extensions>
      </trkpt>
      <trkpt lat="40.4033705033361911773681640625" lon="116.68361398391425609588623046875">
        <ele>81.59999847412109375</ele>
        <time>2026-09-10T14:23:10.000Z</time>
        <extensions>
          <ns3:TrackPointExtension>
            <ns3:hr>158</ns3:hr>
            <ns3:cad>96</ns3:cad>
          </ns3:TrackPointExtension>
        </extensions>
      </trkpt>
      <trkpt lat="40.40336606092751026153564453125" lon="116.68361800722777843475341796875">
        <ele>81.59999847412109375</ele>
        <time>2026-09-10T14:23:11.000Z</time>
        <extensions>
          <ns3:TrackPointExtension>
            <ns3:hr>158</ns3:hr>
            <ns3:cad>96</ns3:cad>
          </ns3:TrackPointExtension>
        </extensions>
      </trkpt>
      <trkpt lat="40.4033611156046390533447265625" lon="116.6836216114461421966552734375">
        <ele>81.59999847412109375</ele>
        <time>2026-09-10T14:23:12.000Z</time>
        <extensions>
          <ns3:TrackPointExtension>
            <ns3:hr>156</ns3:hr>
            <ns3:cad>96</ns3:cad>
          </ns3:TrackPointExtension>
        </extensions>
      </trkpt>
      <trkpt lat="40.4033537395298480987548828125" lon="116.6836259700357913970947265625">
        <ele>81.59999847412109375</ele>
        <time>2026-09-10T14:23:13.000Z</time>
        <extensions>
          <ns3:TrackPointExtension>
            <ns3:hr>155</ns3:hr>
            <ns3:cad>57</ns3:cad>
          </ns3:TrackPointExtension>
        </extensions>
      </trkpt>
      <trkpt lat="40.4033423401415348052978515625" lon="116.6836242936551570892333984375">
        <ele>81.59999847412109375</ele>
        <time>2026-09-10T14:23:14.000Z</time>
        <extensions>
          <ns3:TrackPointExtension>
            <ns3:hr>154</ns3:hr>
            <ns3:cad>56</ns3:cad>
          </ns3:TrackPointExtension>
        </extensions>
      </trkpt>
      <trkpt lat="40.4033309407532215118408203125" lon="116.68362253345549106597900390625">
        <ele>81.59999847412109375</ele>
        <time>2026-09-10T14:23:15.000Z</time>
        <extensions>
          <ns3:TrackPointExtension>
            <ns3:hr>152</ns3:hr>
            <ns3:cad>56</ns3:cad>
          </ns3:TrackPointExtension>
        </extensions>
      </trkpt>
      <trkpt lat="40.403319038450717926025390625" lon="116.68362303636968135833740234375">
        <ele>81.8000030517578125</ele>
        <time>2026-09-10T14:23:16.000Z</time>
        <extensions>
          <ns3:TrackPointExtension>
            <ns3:hr>148</ns3:hr>
            <ns3:cad>52</ns3:cad>
          </ns3:TrackPointExtension>
        </extensions>
      </trkpt>
      <trkpt lat="40.40331208147108554840087890625" lon="116.68362286873161792755126953125">
        <ele>81.8000030517578125</ele>
        <time>2026-09-10T14:23:17.000Z</time>
        <extensions>
          <ns3:TrackPointExtension>
            <ns3:hr>146</ns3:hr>
            <ns3:cad>52</ns3:cad>
          </ns3:TrackPointExtension>
        </extensions>
      </trkpt>
      <trkpt lat="40.4033071361482143402099609375" lon="116.68362370692193508148193359375">
        <ele>81.8000030517578125</ele>
        <time>2026-09-10T14:23:18.000Z</time>
        <extensions>
          <ns3:TrackPointExtension>
            <ns3:hr>145</ns3:hr>
            <ns3:cad>50</ns3:cad>
          </ns3:TrackPointExtension>
        </extensions>
      </trkpt>
      <trkpt lat="40.40329799987375736236572265625" lon="116.6836239583790302276611328125">
        <ele>81.8000030517578125</ele>
        <time>2026-09-10T14:23:19.000Z</time>
        <extensions>
          <ns3:TrackPointExtension>
            <ns3:hr>145</ns3:hr>
            <ns3:cad>50</ns3:cad>
          </ns3:TrackPointExtension>
        </extensions>
      </trkpt>
      <trkpt lat="40.4032856784760951995849609375" lon="116.68362320400774478912353515625">
        <ele>81.59999847412109375</ele>
        <time>2026-09-10T14:23:20.000Z</time>
        <extensions>
          <ns3:TrackPointExtension>
            <ns3:hr>145</ns3:hr>
            <ns3:cad>51</ns3:cad>
          </ns3:TrackPointExtension>
        </extensions>
      </trkpt>
      <trkpt lat="40.40327905677258968353271484375" lon="116.683624126017093658447265625">
        <ele>81.59999847412109375</ele>
        <time>2026-09-10T14:23:21.000Z</time>
        <extensions>
          <ns3:TrackPointExtension>
            <ns3:hr>143</ns3:hr>
            <ns3:cad>51</ns3:cad>
          </ns3:TrackPointExtension>
        </extensions>
      </trkpt>
      <trkpt lat="40.403268747031688690185546875" lon="116.6836249642074108123779296875">
        <ele>81.59999847412109375</ele>
        <time>2026-09-10T14:23:22.000Z</time>
        <extensions>
          <ns3:TrackPointExtension>
            <ns3:hr>142</ns3:hr>
            <ns3:cad>49</ns3:cad>
          </ns3:TrackPointExtension>
        </extensions>
      </trkpt>
      <trkpt lat="40.4032623767852783203125" lon="116.68362580239772796630859375">
        <ele>81.59999847412109375</ele>
        <time>2026-09-10T14:23:23.000Z</time>
        <extensions>
          <ns3:TrackPointExtension>
            <ns3:hr>143</ns3:hr>
            <ns3:cad>49</ns3:cad>
          </ns3:TrackPointExtension>
        </extensions>
      </trkpt>
      <trkpt lat="40.4032568447291851043701171875" lon="116.6836263053119182586669921875">
        <ele>81.8000030517578125</ele>
        <time>2026-09-10T14:23:24.000Z</time>
        <extensions>
          <ns3:TrackPointExtension>
            <ns3:hr>140</ns3:hr>
            <ns3:cad>0</ns3:cad>
          </ns3:TrackPointExtension>
        </extensions>
      </trkpt>
      <trkpt lat="40.40325223468244075775146484375" lon="116.68362521566450595855712890625">
        <ele>81.8000030517578125</ele>
        <time>2026-09-10T14:23:25.000Z</time>
        <extensions>
          <ns3:TrackPointExtension>
            <ns3:hr>140</ns3:hr>
            <ns3:cad>0</ns3:cad>
          </ns3:TrackPointExtension>
        </extensions>
      </trkpt>
      <trkpt lat="40.4032417573034763336181640625" lon="116.68362152762711048126220703125">
        <ele>81.59999847412109375</ele>
        <time>2026-09-10T14:23:26.000Z</time>
        <extensions>
          <ns3:TrackPointExtension>
            <ns3:hr>139</ns3:hr>
            <ns3:cad>0</ns3:cad>
          </ns3:TrackPointExtension>
        </extensions>
      </trkpt>
      <trkpt lat="40.40323899127542972564697265625" lon="116.68362001888453960418701171875">
        <ele>81.59999847412109375</ele>
        <time>2026-09-10T14:23:27.000Z</time>
        <extensions>
          <ns3:TrackPointExtension>
            <ns3:hr>139</ns3:hr>
            <ns3:cad>43</ns3:cad>
          </ns3:TrackPointExtension>
        </extensions>
      </trkpt>
      <trkpt lat="40.40323412977159023284912109375" lon="116.68362303636968135833740234375">
        <ele>81.59999847412109375</ele>
        <time>2026-09-10T14:23:28.000Z</time>
        <extensions>
          <ns3:TrackPointExtension>
            <ns3:hr>138</ns3:hr>
            <ns3:cad>43</ns3:cad>
          </ns3:TrackPointExtension>
        </extensions>
      </trkpt>
      <trkpt lat="40.40322625078260898590087890625" lon="116.6836320050060749053955078125">
        <ele>81.40000152587890625</ele>
        <time>2026-09-10T14:23:29.000Z</time>
        <extensions>
          <ns3:TrackPointExtension>
            <ns3:hr>135</ns3:hr>
            <ns3:cad>43</ns3:cad>
          </ns3:TrackPointExtension>
        </extensions>
      </trkpt>
      <trkpt lat="40.403222143650054931640625" lon="116.6836358606815338134765625">
        <ele>81.40000152587890625</ele>
        <time>2026-09-10T14:23:30.000Z</time>
        <extensions>
          <ns3:TrackPointExtension>
            <ns3:hr>132</ns3:hr>
            <ns3:cad>41</ns3:cad>
          </ns3:TrackPointExtension>
        </extensions>
      </trkpt>
      <trkpt lat="40.40321786887943744659423828125" lon="116.68363812379539012908935546875">
        <ele>81.40000152587890625</ele>
        <time>2026-09-10T14:23:31.000Z</time>
        <extensions>
          <ns3:TrackPointExtension>
            <ns3:hr>129</ns3:hr>
            <ns3:cad>0</ns3:cad>
          </ns3:TrackPointExtension>
        </extensions>
      </trkpt>
      <trkpt lat="40.40321216918528079986572265625" lon="116.6836412250995635986328125">
        <ele>81.1999969482421875</ele>
        <time>2026-09-10T14:23:32.000Z</time>
        <extensions>
          <ns3:TrackPointExtension>
            <ns3:hr>127</ns3:hr>
            <ns3:cad>0</ns3:cad>
          </ns3:TrackPointExtension>
        </extensions>
      </trkpt>
      <trkpt lat="40.40320965461432933807373046875" lon="116.68364348821341991424560546875">
        <ele>81.1999969482421875</ele>
        <time>2026-09-10T14:23:33.000Z</time>
        <extensions>
          <ns3:TrackPointExtension>
            <ns3:hr>125</ns3:hr>
            <ns3:cad>0</ns3:cad>
          </ns3:TrackPointExtension>
        </extensions>
      </trkpt>
      <trkpt lat="40.4032072238624095916748046875" lon="116.683641560375690460205078125">
        <ele>81.1999969482421875</ele>
        <time>2026-09-10T14:23:34.000Z</time>
        <extensions>
          <ns3:TrackPointExtension>
            <ns3:hr>123</ns3:hr>
            <ns3:cad>0</ns3:cad>
          </ns3:TrackPointExtension>
        </extensions>
      </trkpt>
      <trkpt lat="40.4032105766236782073974609375" lon="116.6836366988718509674072265625">
        <ele>81.1999969482421875</ele>
        <time>2026-09-10T14:23:35.000Z</time>
        <extensions>
          <ns3:TrackPointExtension>
            <ns3:hr>123</ns3:hr>
            <ns3:cad>0</ns3:cad>
          </ns3:TrackPointExtension>
        </extensions>
      </trkpt>
      <trkpt lat="40.40321409702301025390625" lon="116.6836343519389629364013671875">
        <ele>81</ele>
        <time>2026-09-10T14:23:36.000Z</time>
        <extensions>
          <ns3:TrackPointExtension>
            <ns3:hr>123</ns3:hr>
            <ns3:cad>0</ns3:cad>
          </ns3:TrackPointExtension>
        </extensions>
      </trkpt>
      <trkpt lat="40.40321954526007175445556640625" lon="116.6836330108344554901123046875">
        <ele>81</ele>
        <time>2026-09-10T14:23:37.000Z</time>
        <extensions>
          <ns3:TrackPointExtension>
            <ns3:hr>122</ns3:hr>
            <ns3:cad>0</ns3:cad>
          </ns3:TrackPointExtension>
        </extensions>
      </trkpt>
      <trkpt lat="40.4032310284674167633056640625" lon="116.68363812379539012908935546875">
        <ele>81</ele>
        <time>2026-09-10T14:23:38.000Z</time>
        <extensions>
          <ns3:TrackPointExtension>
            <ns3:hr>122</ns3:hr>
            <ns3:cad>0</ns3:cad>
          </ns3:TrackPointExtension>
        </extensions>
      </trkpt>
      <trkpt lat="40.4032368957996368408203125" lon="116.6836370341479778289794921875">
        <ele>81</ele>
        <time>2026-09-10T14:23:39.000Z</time>
        <extensions>
          <ns3:TrackPointExtension>
            <ns3:hr>121</ns3:hr>
            <ns3:cad>0</ns3:cad>
          </ns3:TrackPointExtension>
        </extensions>
      </trkpt>
      <trkpt lat="40.40324418805539608001708984375" lon="116.6836336813867092132568359375">
        <ele>81.1999969482421875</ele>
        <time>2026-09-10T14:23:40.000Z</time>
        <extensions>
          <ns3:TrackPointExtension>
            <ns3:hr>118</ns3:hr>
            <ns3:cad>0</ns3:cad>
          </ns3:TrackPointExtension>
        </extensions>
      </trkpt>
      <trkpt lat="40.40325206704437732696533203125" lon="116.68362856842577457427978515625">
        <ele>81.1999969482421875</ele>
        <time>2026-09-10T14:23:41.000Z</time>
        <extensions>
          <ns3:TrackPointExtension>
            <ns3:hr>116</ns3:hr>
            <ns3:cad>0</ns3:cad>
          </ns3:TrackPointExtension>
        </extensions>
      </trkpt>
      <trkpt lat="40.40325860492885112762451171875" lon="116.68362404219806194305419921875">
        <ele>81.1999969482421875</ele>
        <time>2026-09-10T14:23:42.000Z</time>
        <extensions>
          <ns3:TrackPointExtension>
            <ns3:hr>116</ns3:hr>
            <ns3:cad>0</ns3:cad>
          </ns3:TrackPointExtension>
        </extensions>
      </trkpt>
      <trkpt lat="40.40326866321265697479248046875" lon="116.68362135998904705047607421875">
        <ele>81.1999969482421875</ele>
        <time>2026-09-10T14:23:43.000Z</time>
        <extensions>
          <ns3:TrackPointExtension>
            <ns3:hr>114</ns3:hr>
            <ns3:cad>0</ns3:cad>
          </ns3:TrackPointExtension>
        </extensions>
      </trkpt>
      <trkpt lat="40.40328391827642917633056640625" lon="116.6836278140544891357421875">
        <ele>81.1999969482421875</ele>
        <time>2026-09-10T14:23:44.000Z</time>
        <extensions>
          <ns3:TrackPointExtension>
            <ns3:hr>113</ns3:hr>
            <ns3:cad>0</ns3:cad>
          </ns3:TrackPointExtension>
        </extensions>
      </trkpt>
      <trkpt lat="40.40329112671315670013427734375" lon="116.6836353577673435211181640625">
        <ele>81.1999969482421875</ele>
        <time>2026-09-10T14:23:45.000Z</time>
        <extensions>
          <ns3:TrackPointExtension>
            <ns3:hr>115</ns3:hr>
            <ns3:cad>0</ns3:cad>
          </ns3:TrackPointExtension>
        </extensions>
      </trkpt>
      <trkpt lat="40.403302274644374847412109375" lon="116.6836331784725189208984375">
        <ele>81.1999969482421875</ele>
        <time>2026-09-10T14:23:46.000Z</time>
        <extensions>
          <ns3:TrackPointExtension>
            <ns3:hr>116</ns3:hr>
            <ns3:cad>0</ns3:cad>
          </ns3:TrackPointExtension>
        </extensions>
      </trkpt>
      <trkpt lat="40.40333588607609272003173828125" lon="116.68363342992961406707763671875">
        <ele>81.1999969482421875</ele>
        <time>2026-09-10T14:23:47.000Z</time>
        <extensions>
          <ns3:TrackPointExtension>
            <ns3:hr>118</ns3:hr>
            <ns3:cad>0</ns3:cad>
          </ns3:TrackPointExtension>
        </extensions>
      </trkpt>
      <trkpt lat="40.4033765383064746856689453125" lon="116.68363242410123348236083984375">
        <ele>81.1999969482421875</ele>
        <time>2026-09-10T14:23:48.000Z</time>
        <extensions>
          <ns3:TrackPointExtension>
            <ns3:hr>124</ns3:hr>
            <ns3:cad>0</ns3:cad>
          </ns3:TrackPointExtension>
        </extensions>
      </trkpt>
      <trkpt lat="40.40342339314520359039306640625" lon="116.68363242410123348236083984375">
        <ele>81.1999969482421875</ele>
        <time>2026-09-10T14:23:49.000Z</time>
        <extensions>
          <ns3:TrackPointExtension>
            <ns3:hr>129</ns3:hr>
            <ns3:cad>0</ns3:cad>
          </ns3:TrackPointExtension>
        </extensions>
      </trkpt>
      <trkpt lat="40.4034804739058017730712890625" lon="116.68363778851926326751708984375">
        <ele>81.1999969482421875</ele>
        <time>2026-09-10T14:23:50.000Z</time>
        <extensions>
          <ns3:TrackPointExtension>
            <ns3:hr>136</ns3:hr>
            <ns3:cad>0</ns3:cad>
          </ns3:TrackPointExtension>
        </extensions>
      </trkpt>
      <trkpt lat="40.4035321064293384552001953125" lon="116.68363410048186779022216796875">
        <ele>81</ele>
        <time>2026-09-10T14:23:51.000Z</time>
        <extensions>
          <ns3:TrackPointExtension>
            <ns3:hr>138</ns3:hr>
            <ns3:cad>0</ns3:cad>
          </ns3:TrackPointExtension>
        </extensions>
      </trkpt>
      <trkpt lat="40.40358566679060459136962890625" lon="116.68363024480640888214111328125">
        <ele>81</ele>
        <time>2026-09-10T14:23:52.000Z</time>
        <extensions>
          <ns3:TrackPointExtension>
            <ns3:hr>143</ns3:hr>
            <ns3:cad>97</ns3:cad>
          </ns3:TrackPointExtension>
        </extensions>
      </trkpt>
      <trkpt lat="40.40363880805671215057373046875" lon="116.683628149330615997314453125">
        <ele>81</ele>
        <time>2026-09-10T14:23:53.000Z</time>
        <extensions>
          <ns3:TrackPointExtension>
            <ns3:hr>142</ns3:hr>
            <ns3:cad>98</ns3:cad>
          </ns3:TrackPointExtension>
        </extensions>
      </trkpt>
      <trkpt lat="40.403688512742519378662109375" lon="116.6836246289312839508056640625">
        <ele>81</ele>
        <time>2026-09-10T14:23:54.000Z</time>
        <extensions>
          <ns3:TrackPointExtension>
            <ns3:hr>142</ns3:hr>
            <ns3:cad>98</ns3:cad>
          </ns3:TrackPointExtension>
        </extensions>
      </trkpt>
      <trkpt lat="40.40374391712248325347900390625" lon="116.6836299933493137359619140625">
        <ele>81.1999969482421875</ele>
        <time>2026-09-10T14:23:55.000Z</time>
        <extensions>
          <ns3:TrackPointExtension>
            <ns3:hr>144</ns3:hr>
            <ns3:cad>98</ns3:cad>
          </ns3:TrackPointExtension>
        </extensions>
      </trkpt>
      <trkpt lat="40.40378901176154613494873046875" lon="116.683624126017093658447265625">
        <ele>81.1999969482421875</ele>
        <time>2026-09-10T14:23:56.000Z</time>
        <extensions>
          <ns3:TrackPointExtension>
            <ns3:hr>151</ns3:hr>
            <ns3:cad>98</ns3:cad>
          </ns3:TrackPointExtension>
        </extensions>
      </trkpt>
      <trkpt lat="40.40383167564868927001953125" lon="116.68361507356166839599609375">
        <ele>81.40000152587890625</ele>
        <time>2026-09-10T14:23:57.000Z</time>
        <extensions>
          <ns3:TrackPointExtension>
            <ns3:hr>154</ns3:hr>
            <ns3:cad>98</ns3:cad>
          </ns3:TrackPointExtension>
        </extensions>
      </trkpt>
      <trkpt lat="40.4038886725902557373046875" lon="116.68361113406717777252197265625">
        <ele>81.40000152587890625</ele>
        <time>2026-09-10T14:23:58.000Z</time>
        <extensions>
          <ns3:TrackPointExtension>
            <ns3:hr>157</ns3:hr>
            <ns3:cad>98</ns3:cad>
          </ns3:TrackPointExtension>
        </extensions>
      </trkpt>
      <trkpt lat="40.40395229123532772064208984375" lon="116.68361431919038295745849609375">
        <ele>81.40000152587890625</ele>
        <time>2026-09-10T14:23:59.000Z</time>
        <extensions>
          <ns3:TrackPointExtension>
            <ns3:hr>158</ns3:hr>
            <ns3:cad>98</ns3:cad>
          </ns3:TrackPointExtension>
        </extensions>
      </trkpt>
      <trkpt lat="40.40402152575552463531494140625" lon="116.68362035416066646575927734375">
        <ele>81.59999847412109375</ele>
        <time>2026-09-10T14:24:00.000Z</time>
        <extensions>
          <ns3:TrackPointExtension>
            <ns3:hr>160</ns3:hr>
            <ns3:cad>98</ns3:cad>
          </ns3:TrackPointExtension>
        </extensions>
      </trkpt>
      <trkpt lat="40.4040896706283092498779296875" lon="116.68361264280974864959716796875">
        <ele>81.59999847412109375</ele>
        <time>2026-09-10T14:24:01.000Z</time>
        <extensions>
          <ns3:TrackPointExtension>
            <ns3:hr>162</ns3:hr>
            <ns3:cad>98</ns3:cad>
          </ns3:TrackPointExtension>
        </extensions>
      </trkpt>
      <trkpt lat="40.404155887663364410400390625" lon="116.68361398391425609588623046875">
        <ele>81.59999847412109375</ele>
        <time>2026-09-10T14:24:02.000Z</time>
        <extensions>
          <ns3:TrackPointExtension>
            <ns3:hr>163</ns3:hr>
            <ns3:cad>98</ns3:cad>
          </ns3:TrackPointExtension>
        </extensions>
      </trkpt>
      <trkpt lat="40.4042070172727108001708984375" lon="116.68361867778003215789794921875">
        <ele>81.40000152587890625</ele>
        <time>2026-09-10T14:24:03.000Z</time>
        <extensions>
          <ns3:TrackPointExtension>
            <ns3:hr>163</ns3:hr>
            <ns3:cad>98</ns3:cad>
          </ns3:TrackPointExtension>
        </extensions>
      </trkpt>
      <trkpt lat="40.4042576439678668975830078125" lon="116.683624796569347381591796875">
        <ele>81.40000152587890625</ele>
        <time>2026-09-10T14:24:04.000Z</time>
        <extensions>
          <ns3:TrackPointExtension>
            <ns3:hr>165</ns3:hr>
            <ns3:cad>98</ns3:cad>
          </ns3:TrackPointExtension>
        </extensions>
      </trkpt>
      <trkpt lat="40.40429159067571163177490234375" lon="116.68362773023545742034912109375">
        <ele>81.40000152587890625</ele>
        <time>2026-09-10T14:24:05.000Z</time>
        <extensions>
          <ns3:TrackPointExtension>
            <ns3:hr>166</ns3:hr>
            <ns3:cad>90</ns3:cad>
          </ns3:TrackPointExtension>
        </extensions>
      </trkpt>
      <trkpt lat="40.4043178260326385498046875" lon="116.683624796569347381591796875">
        <ele>81.40000152587890625</ele>
        <time>2026-09-10T14:24:06.000Z</time>
        <extensions>
          <ns3:TrackPointExtension>
            <ns3:hr>167</ns3:hr>
            <ns3:cad>90</ns3:cad>
          </ns3:TrackPointExtension>
        </extensions>
      </trkpt>
    </trkseg>
  </trk>
</gpx>
