<gpx xmlns:ns3="http://www.garmin.com/xmlschemas/TrackPointExtension/v1" xmlns="http://www.topografix.com/GPX/1/1" xmlns:xsi="http://www.w3.org/2001/XMLSchema-instance" xmlns:ns2="http://www.garmin.com/xmlschemas/GpxExtensions/v3" creator="Garmin Connect" version="1.1" xsi:schemaLocation="http://www.topografix.com/GPX/1/1 http://www.topografix.com/GPX/11.xsd">
  <extensions>
<distance>3011.79</distance>
<average_hr>161.0</average_hr>
<average_speed>3.8829998970031743</average_speed>
<start_time>2026-09-23T09:51:23+00:00</start_time>
<end_time>2026-09-23T10:04:18.621000+00:00</end_time>
<moving_time>773.91</moving_time>
<elapsed_time>775.621</elapsed_time>
</extensions>
<metadata>
    <link href="connect.garmin.com">
      <text>Garmin Connect</text>
    </link>
    <time>2026-09-23T09:51:23.000Z</time>
  </metadata>
  <trk>
    <name>怀柔区 跑步</name>
    <type>running</type>
    <trkseg>
      <trkpt lat="40.40331996046006679534912109375" lon="116.68361817486584186553955078125">
        <ele>80.8000030517578125</ele>
        <time>2026-09-23T09:51:23.000Z</time>
        <extensions>
          <ns3:TrackPointExtension>
            <ns3:cad>0</ns3:cad>
          </ns3:TrackPointExtension>
        </extensions>
      </trkpt>
      <trkpt lat="40.4032893665134906768798828125" lon="116.68367600999772548675537109375">
        <ele>80.8000030517578125</ele>
        <time>2026-09-23T09:51:24.000Z</time>
        <extensions>
          <ns3:TrackPointExtension>
            <ns3:cad>55</ns3:cad>
          </ns3:TrackPointExtension>
        </extensions>
      </trkpt>
      <trkpt lat="40.4032471217215061187744140625" lon="116.68369553983211517333984375">
        <ele>81</ele>
        <time>2026-09-23T09:51:25.000Z</time>
        <extensions>
          <ns3:TrackPointExtension>
            <ns3:hr>91</ns3:hr>
            <ns3:cad>55</ns3:cad>
          </ns3:TrackPointExtension>
        </extensions>
      </trkpt>
      <trkpt lat="40.403200350701808929443359375" lon="116.683722026646137237548828125">
        <ele>81</ele>
        <time>2026-09-23T09:51:26.000Z</time>
        <extensions>
          <ns3:TrackPointExtension>
            <ns3:hr>92</ns3:hr>
            <ns3:cad>55</ns3:cad>
          </ns3:TrackPointExtension>
        </extensions>
      </trkpt>
      <trkpt lat="40.40316305123269557952880859375" lon="116.6837496869266033172607421875">
        <ele>81</ele>
        <time>2026-09-23T09:51:27.000Z</time>
        <extensions>
          <ns3:TrackPointExtension>
            <ns3:hr>94</ns3:hr>
            <ns3:cad>0</ns3:cad>
          </ns3:TrackPointExtension>
        </extensions>
      </trkpt>
      <trkpt lat="40.4031227342784404754638671875" lon="116.68378044851124286651611328125">
        <ele>81</ele>
        <time>2026-09-23T09:51:28.000Z</time>
        <extensions>
          <ns3:TrackPointExtension>
            <ns3:hr>95</ns3:hr>
            <ns3:cad>0</ns3:cad>
          </ns3:TrackPointExtension>
        </extensions>
      </trkpt>
      <trkpt lat="40.40308878757059574127197265625" lon="116.68381431140005588531494140625">
        <ele>81.1999969482421875</ele>
        <time>2026-09-23T09:51:29.000Z</time>
        <extensions>
          <ns3:TrackPointExtension>
            <ns3:hr>97</ns3:hr>
            <ns3:cad>0</ns3:cad>
          </ns3:TrackPointExtension>
        </extensions>
      </trkpt>
      <trkpt lat="40.40306188166141510009765625" lon="116.68385521508753299713134765625">
        <ele>80.8000030517578125</ele>
        <time>2026-09-23T09:51:30.000Z</time>
        <extensions>
          <ns3:TrackPointExtension>
            <ns3:hr>99</ns3:hr>
            <ns3:cad>0</ns3:cad>
          </ns3:TrackPointExtension>
        </extensions>
      </trkpt>
      <trkpt lat="40.40303313173353672027587890625" lon="116.68390366248786449432373046875">
        <ele>80.8000030517578125</ele>
        <time>2026-09-23T09:51:31.000Z</time>
        <extensions>
          <ns3:TrackPointExtension>
            <ns3:hr>102</ns3:hr>
            <ns3:cad>0</ns3:cad>
          </ns3:TrackPointExtension>
        </extensions>
      </trkpt>
      <trkpt lat="40.40301469154655933380126953125" lon="116.6839518584311008453369140625">
        <ele>80.8000030517578125</ele>
        <time>2026-09-23T09:51:32.000Z</time>
        <extensions>
          <ns3:TrackPointExtension>
            <ns3:hr>103</ns3:hr>
            <ns3:cad>0</ns3:cad>
          </ns3:TrackPointExtension>
        </extensions>
      </trkpt>
      <trkpt lat="40.4029973410069942474365234375" lon="116.6840048320591449737548828125">
        <ele>80.8000030517578125</ele>
        <time>2026-09-23T09:51:33.000Z</time>
        <extensions>
          <ns3:TrackPointExtension>
            <ns3:hr>103</ns3:hr>
            <ns3:cad>0</ns3:cad>
          </ns3:TrackPointExtension>
        </extensions>
      </trkpt>
      <trkpt lat="40.40298334322869777679443359375" lon="116.684060655534267425537109375">
        <ele>80.8000030517578125</ele>
        <time>2026-09-23T09:51:34.000Z</time>
        <extensions>
          <ns3:TrackPointExtension>
            <ns3:hr>105</ns3:hr>
            <ns3:cad>98</ns3:cad>
          </ns3:TrackPointExtension>
        </extensions>
      </trkpt>
      <trkpt lat="40.402972362935543060302734375" lon="116.6841094382107257843017578125">
        <ele>80.8000030517578125</ele>
        <time>2026-09-23T09:51:35.000Z</time>
        <extensions>
          <ns3:TrackPointExtension>
            <ns3:hr>104</ns3:hr>
            <ns3:cad>98</ns3:cad>
          </ns3:TrackPointExtension>
        </extensions>
      </trkpt>
      <trkpt lat="40.4029648192226886749267578125" lon="116.68416802771389484405517578125">
        <ele>80.8000030517578125</ele>
        <time>2026-09-23T09:51:36.000Z</time>
        <extensions>
          <ns3:TrackPointExtension>
            <ns3:hr>91</ns3:hr>
            <ns3:cad>98</ns3:cad>
          </ns3:TrackPointExtension>
        </extensions>
      </trkpt>
      <trkpt lat="40.40299491025507450103759765625" lon="116.6842261143028736114501953125">
        <ele>81</ele>
        <time>2026-09-23T09:51:37.000Z</time>
        <extensions>
          <ns3:TrackPointExtension>
            <ns3:hr>91</ns3:hr>
            <ns3:cad>98</ns3:cad>
          </ns3:TrackPointExtension>
        </extensions>
      </trkpt>
      <trkpt lat="40.40300614200532436370849609375" lon="116.68428168632090091705322265625">
        <ele>81</ele>
        <time>2026-09-23T09:51:38.000Z</time>
        <extensions>
          <ns3:TrackPointExtension>
            <ns3:hr>91</ns3:hr>
            <ns3:cad>97</ns3:cad>
          </ns3:TrackPointExtension>
        </extensions>
      </trkpt>
      <trkpt lat="40.4030196368694305419921875" lon="116.68433767743408679962158203125">
        <ele>81</ele>
        <time>2026-09-23T09:51:39.000Z</time>
        <extensions>
          <ns3:TrackPointExtension>
            <ns3:hr>91</ns3:hr>
            <ns3:cad>96</ns3:cad>
          </ns3:TrackPointExtension>
        </extensions>
      </trkpt>
      <trkpt lat="40.40304386056959629058837890625" lon="116.6843759827315807342529296875">
        <ele>81</ele>
        <time>2026-09-23T09:51:40.000Z</time>
        <extensions>
          <ns3:TrackPointExtension>
            <ns3:hr>92</ns3:hr>
            <ns3:cad>96</ns3:cad>
          </ns3:TrackPointExtension>
        </extensions>
      </trkpt>
      <trkpt lat="40.4030679166316986083984375" lon="116.6844188980758190155029296875">
        <ele>81</ele>
        <time>2026-09-23T09:51:41.000Z</time>
        <extensions>
          <ns3:TrackPointExtension>
            <ns3:hr>92</ns3:hr>
            <ns3:cad>96</ns3:cad>
          </ns3:TrackPointExtension>
        </extensions>
      </trkpt>
      <trkpt lat="40.40309398435056209564208984375" lon="116.68445837683975696563720703125">
        <ele>81</ele>
        <time>2026-09-23T09:51:42.000Z</time>
        <extensions>
          <ns3:TrackPointExtension>
            <ns3:hr>93</ns3:hr>
            <ns3:cad>97</ns3:cad>
          </ns3:TrackPointExtension>
        </extensions>
      </trkpt>
      <trkpt lat="40.403120219707489013671875" lon="116.6844849474728107452392578125">
        <ele>81</ele>
        <time>2026-09-23T09:51:43.000Z</time>
        <extensions>
          <ns3:TrackPointExtension>
            <ns3:hr>93</ns3:hr>
            <ns3:cad>97</ns3:cad>
          </ns3:TrackPointExtension>
        </extensions>
      </trkpt>
      <trkpt lat="40.403157435357570648193359375" lon="116.68451721780002117156982421875">
        <ele>81</ele>
        <time>2026-09-23T09:51:44.000Z</time>
        <extensions>
          <ns3:TrackPointExtension>
            <ns3:hr>92</ns3:hr>
            <ns3:cad>97</ns3:cad>
          </ns3:TrackPointExtension>
        </extensions>
      </trkpt>
      <trkpt lat="40.40318685583770275115966796875" lon="116.68452702462673187255859375">
        <ele>81</ele>
        <time>2026-09-23T09:51:45.000Z</time>
        <extensions>
          <ns3:TrackPointExtension>
            <ns3:hr>93</ns3:hr>
            <ns3:cad>97</ns3:cad>
          </ns3:TrackPointExtension>
        </extensions>
      </trkpt>
      <trkpt lat="40.4032234847545623779296875" lon="116.68454420752823352813720703125">
        <ele>81</ele>
        <time>2026-09-23T09:51:46.000Z</time>
        <extensions>
          <ns3:TrackPointExtension>
            <ns3:hr>93</ns3:hr>
            <ns3:cad>97</ns3:cad>
          </ns3:TrackPointExtension>
        </extensions>
      </trkpt>
      <trkpt lat="40.403260700404644012451171875" lon="116.6845597140491008758544921875">
        <ele>81.1999969482421875</ele>
        <time>2026-09-23T09:51:47.000Z</time>
        <extensions>
          <ns3:TrackPointExtension>
            <ns3:hr>94</ns3:hr>
            <ns3:cad>97</ns3:cad>
          </ns3:TrackPointExtension>
        </extensions>
      </trkpt>
      <trkpt lat="40.403291545808315277099609375" lon="116.684556864202022552490234375">
        <ele>81.1999969482421875</ele>
        <time>2026-09-23T09:51:48.000Z</time>
        <extensions>
          <ns3:TrackPointExtension>
            <ns3:hr>95</ns3:hr>
            <ns3:cad>95</ns3:cad>
          </ns3:TrackPointExtension>
        </extensions>
      </trkpt>
      <trkpt lat="40.4033359698951244354248046875" lon="116.68456214480102062225341796875">
        <ele>81.1999969482421875</ele>
        <time>2026-09-23T09:51:49.000Z</time>
        <extensions>
          <ns3:TrackPointExtension>
            <ns3:hr>97</ns3:hr>
            <ns3:cad>95</ns3:cad>
          </ns3:TrackPointExtension>
        </extensions>
      </trkpt>
      <trkpt lat="40.4033721797168254852294921875" lon="116.684556193649768829345703125">
        <ele>81</ele>
        <time>2026-09-23T09:51:50.000Z</time>
        <extensions>
          <ns3:TrackPointExtension>
            <ns3:hr>99</ns3:hr>
            <ns3:cad>96</ns3:cad>
          </ns3:TrackPointExtension>
        </extensions>
      </trkpt>
      <trkpt lat="40.4034063778817653656005859375" lon="116.68455510400235652923583984375">
        <ele>81</ele>
        <time>2026-09-23T09:51:51.000Z</time>
        <extensions>
          <ns3:TrackPointExtension>
            <ns3:hr>100</ns3:hr>
            <ns3:cad>97</ns3:cad>
          </ns3:TrackPointExtension>
        </extensions>
      </trkpt>
      <trkpt lat="40.4034492932260036468505859375" lon="116.68456147424876689910888671875">
        <ele>81</ele>
        <time>2026-09-23T09:51:52.000Z</time>
        <extensions>
          <ns3:TrackPointExtension>
            <ns3:hr>102</ns3:hr>
            <ns3:cad>98</ns3:cad>
          </ns3:TrackPointExtension>
        </extensions>
      </trkpt>
      <trkpt lat="40.4034811444580554962158203125" lon="116.6845540143549442291259765625">
        <ele>81</ele>
        <time>2026-09-23T09:51:53.000Z</time>
        <extensions>
          <ns3:TrackPointExtension>
            <ns3:hr>104</ns3:hr>
            <ns3:cad>98</ns3:cad>
          </ns3:TrackPointExtension>
        </extensions>
      </trkpt>
      <trkpt lat="40.40352079086005687713623046875" lon="116.68456063605844974517822265625">
        <ele>81</ele>
        <time>2026-09-23T09:51:54.000Z</time>
        <extensions>
          <ns3:TrackPointExtension>
            <ns3:hr>106</ns3:hr>
            <ns3:cad>98</ns3:cad>
          </ns3:TrackPointExtension>
        </extensions>
      </trkpt>
      <trkpt lat="40.40356521494686603546142578125" lon="116.684558875858783721923828125">
        <ele>81.1999969482421875</ele>
        <time>2026-09-23T09:51:55.000Z</time>
        <extensions>
          <ns3:TrackPointExtension>
            <ns3:hr>108</ns3:hr>
            <ns3:cad>98</ns3:cad>
          </ns3:TrackPointExtension>
        </extensions>
      </trkpt>
      <trkpt lat="40.4035958088934421539306640625" lon="116.6845516674220561981201171875">
        <ele>81.1999969482421875</ele>
        <time>2026-09-23T09:51:56.000Z</time>
        <extensions>
          <ns3:TrackPointExtension>
            <ns3:hr>109</ns3:hr>
            <ns3:cad>96</ns3:cad>
          </ns3:TrackPointExtension>
        </extensions>
      </trkpt>
      <trkpt lat="40.4036340303719043731689453125" lon="116.68455652892589569091796875">
        <ele>81.1999969482421875</ele>
        <time>2026-09-23T09:51:57.000Z</time>
        <extensions>
          <ns3:TrackPointExtension>
            <ns3:hr>111</ns3:hr>
            <ns3:cad>96</ns3:cad>
          </ns3:TrackPointExtension>
        </extensions>
      </trkpt>
      <trkpt lat="40.4036722518503665924072265625" lon="116.6845577023923397064208984375">
        <ele>81</ele>
        <time>2026-09-23T09:51:58.000Z</time>
        <extensions>
          <ns3:TrackPointExtension>
            <ns3:hr>113</ns3:hr>
            <ns3:cad>98</ns3:cad>
          </ns3:TrackPointExtension>
        </extensions>
      </trkpt>
      <trkpt lat="40.40370217524468898773193359375" lon="116.6845506615936756134033203125">
        <ele>81.1999969482421875</ele>
        <time>2026-09-23T09:51:59.000Z</time>
        <extensions>
          <ns3:TrackPointExtension>
            <ns3:hr>115</ns3:hr>
            <ns3:cad>100</ns3:cad>
          </ns3:TrackPointExtension>
        </extensions>
      </trkpt>
      <trkpt lat="40.40374274365603923797607421875" lon="116.6845553554594516754150390625">
        <ele>81.1999969482421875</ele>
        <time>2026-09-23T09:52:00.000Z</time>
        <extensions>
          <ns3:TrackPointExtension>
            <ns3:hr>117</ns3:hr>
            <ns3:cad>100</ns3:cad>
          </ns3:TrackPointExtension>
        </extensions>
      </trkpt>
      <trkpt lat="40.40377778001129627227783203125" lon="116.68455141596496105194091796875">
        <ele>81</ele>
        <time>2026-09-23T09:52:01.000Z</time>
        <extensions>
          <ns3:TrackPointExtension>
            <ns3:hr>118</ns3:hr>
            <ns3:cad>100</ns3:cad>
          </ns3:TrackPointExtension>
        </extensions>
      </trkpt>
      <trkpt lat="40.40381214581429958343505859375" lon="116.6845486499369144439697265625">
        <ele>81</ele>
        <time>2026-09-23T09:52:02.000Z</time>
        <extensions>
          <ns3:TrackPointExtension>
            <ns3:hr>119</ns3:hr>
            <ns3:cad>98</ns3:cad>
          </ns3:TrackPointExtension>
        </extensions>
      </trkpt>
      <trkpt lat="40.40385455824434757232666015625" lon="116.684553511440753936767578125">
        <ele>81</ele>
        <time>2026-09-23T09:52:03.000Z</time>
        <extensions>
          <ns3:TrackPointExtension>
            <ns3:hr>121</ns3:hr>
            <ns3:cad>97</ns3:cad>
          </ns3:TrackPointExtension>
        </extensions>
      </trkpt>
      <trkpt lat="40.403890348970890045166015625" lon="116.68454739265143871307373046875">
        <ele>81</ele>
        <time>2026-09-23T09:52:04.000Z</time>
        <extensions>
          <ns3:TrackPointExtension>
            <ns3:hr>122</ns3:hr>
            <ns3:cad>97</ns3:cad>
          </ns3:TrackPointExtension>
        </extensions>
      </trkpt>
      <trkpt lat="40.40392555296421051025390625" lon="116.68454806320369243621826171875">
        <ele>81</ele>
        <time>2026-09-23T09:52:05.000Z</time>
        <extensions>
          <ns3:TrackPointExtension>
            <ns3:hr>123</ns3:hr>
            <ns3:cad>99</ns3:cad>
          </ns3:TrackPointExtension>
        </extensions>
      </trkpt>
      <trkpt lat="40.40396838448941707611083984375" lon="116.68455745093524456024169921875">
        <ele>81</ele>
        <time>2026-09-23T09:52:06.000Z</time>
        <extensions>
          <ns3:TrackPointExtension>
            <ns3:hr>124</ns3:hr>
            <ns3:cad>99</ns3:cad>
          </ns3:TrackPointExtension>
        </extensions>
      </trkpt>
      <trkpt lat="40.40399872697889804840087890625" lon="116.68455141596496105194091796875">
        <ele>81</ele>
        <time>2026-09-23T09:52:07.000Z</time>
        <extensions>
          <ns3:TrackPointExtension>
            <ns3:hr>125</ns3:hr>
            <ns3:cad>99</ns3:cad>
          </ns3:TrackPointExtension>
        </extensions>
      </trkpt>
      <trkpt lat="40.4040361940860748291015625" lon="116.684559881687164306640625">
        <ele>81</ele>
        <time>2026-09-23T09:52:08.000Z</time>
        <extensions>
          <ns3:TrackPointExtension>
            <ns3:hr>126</ns3:hr>
            <ns3:cad>99</ns3:cad>
          </ns3:TrackPointExtension>
        </extensions>
      </trkpt>
      <trkpt lat="40.4040759243071079254150390625" lon="116.68455921113491058349609375">
        <ele>81</ele>
        <time>2026-09-23T09:52:09.000Z</time>
        <extensions>
          <ns3:TrackPointExtension>
            <ns3:hr>127</ns3:hr>
            <ns3:cad>99</ns3:cad>
          </ns3:TrackPointExtension>
        </extensions>
      </trkpt>
      <trkpt lat="40.40410987101495265960693359375" lon="116.68455577455461025238037109375">
        <ele>81</ele>
        <time>2026-09-23T09:52:10.000Z</time>
        <extensions>
          <ns3:TrackPointExtension>
            <ns3:hr>128</ns3:hr>
            <ns3:cad>99</ns3:cad>
          </ns3:TrackPointExtension>
        </extensions>
      </trkpt>
      <trkpt lat="40.40415580384433269500732421875" lon="116.68455057777464389801025390625">
        <ele>80.8000030517578125</ele>
        <time>2026-09-23T09:52:11.000Z</time>
        <extensions>
          <ns3:TrackPointExtension>
            <ns3:hr>129</ns3:hr>
            <ns3:cad>97</ns3:cad>
          </ns3:TrackPointExtension>
        </extensions>
      </trkpt>
      <trkpt lat="40.40418815799057483673095703125" lon="116.68453314341604709625244140625">
        <ele>80.8000030517578125</ele>
        <time>2026-09-23T09:52:12.000Z</time>
        <extensions>
          <ns3:TrackPointExtension>
            <ns3:hr>130</ns3:hr>
            <ns3:cad>97</ns3:cad>
          </ns3:TrackPointExtension>
        </extensions>
      </trkpt>
      <trkpt lat="40.40422503836452960968017578125" lon="116.6845194809138774871826171875">
        <ele>80.8000030517578125</ele>
        <time>2026-09-23T09:52:13.000Z</time>
        <extensions>
          <ns3:TrackPointExtension>
            <ns3:hr>130</ns3:hr>
            <ns3:cad>98</ns3:cad>
          </ns3:TrackPointExtension>
        </extensions>
      </trkpt>
      <trkpt lat="40.40426242165267467498779296875" lon="116.68449676595628261566162109375">
        <ele>80.8000030517578125</ele>
        <time>2026-09-23T09:52:14.000Z</time>
        <extensions>
          <ns3:TrackPointExtension>
            <ns3:hr>131</ns3:hr>
            <ns3:cad>98</ns3:cad>
          </ns3:TrackPointExtension>
        </extensions>
      </trkpt>
      <trkpt lat="40.40428840555250644683837890625" lon="116.68447245843708515167236328125">
        <ele>80.8000030517578125</ele>
        <time>2026-09-23T09:52:15.000Z</time>
        <extensions>
          <ns3:TrackPointExtension>
            <ns3:hr>132</ns3:hr>
            <ns3:cad>97</ns3:cad>
          </ns3:TrackPointExtension>
        </extensions>
      </trkpt>
      <trkpt lat="40.40431916713714599609375" lon="116.6844432055950164794921875">
        <ele>80.8000030517578125</ele>
        <time>2026-09-23T09:52:16.000Z</time>
        <extensions>
          <ns3:TrackPointExtension>
            <ns3:hr>133</ns3:hr>
            <ns3:cad>97</ns3:cad>
          </ns3:TrackPointExtension>
        </extensions>
      </trkpt>
      <trkpt lat="40.4043446481227874755859375" lon="116.684408001601696014404296875">
        <ele>81</ele>
        <time>2026-09-23T09:52:17.000Z</time>
        <extensions>
          <ns3:TrackPointExtension>
            <ns3:hr>134</ns3:hr>
            <ns3:cad>96</ns3:cad>
          </ns3:TrackPointExtension>
        </extensions>
      </trkpt>
      <trkpt lat="40.40436535142362117767333984375" lon="116.68437480926513671875">
        <ele>81</ele>
        <time>2026-09-23T09:52:18.000Z</time>
        <extensions>
          <ns3:TrackPointExtension>
            <ns3:hr>135</ns3:hr>
            <ns3:cad>96</ns3:cad>
          </ns3:TrackPointExtension>
        </extensions>
      </trkpt>
      <trkpt lat="40.4043890722095966339111328125" lon="116.6843320615589618682861328125">
        <ele>81</ele>
        <time>2026-09-23T09:52:19.000Z</time>
        <extensions>
          <ns3:TrackPointExtension>
            <ns3:hr>136</ns3:hr>
            <ns3:cad>96</ns3:cad>
          </ns3:TrackPointExtension>
        </extensions>
      </trkpt>
      <trkpt lat="40.40439619682729244232177734375" lon="116.68429099023342132568359375">
        <ele>81</ele>
        <time>2026-09-23T09:52:20.000Z</time>
        <extensions>
          <ns3:TrackPointExtension>
            <ns3:hr>136</ns3:hr>
            <ns3:cad>96</ns3:cad>
          </ns3:TrackPointExtension>
        </extensions>
      </trkpt>
      <trkpt lat="40.4044068418443202972412109375" lon="116.684247069060802459716796875">
        <ele>81</ele>
        <time>2026-09-23T09:52:21.000Z</time>
        <extensions>
          <ns3:TrackPointExtension>
            <ns3:hr>137</ns3:hr>
            <ns3:cad>98</ns3:cad>
          </ns3:TrackPointExtension>
        </extensions>
      </trkpt>
      <trkpt lat="40.40441849268972873687744140625" lon="116.68419778347015380859375">
        <ele>81</ele>
        <time>2026-09-23T09:52:22.000Z</time>
        <extensions>
          <ns3:TrackPointExtension>
            <ns3:hr>137</ns3:hr>
            <ns3:cad>98</ns3:cad>
          </ns3:TrackPointExtension>
        </extensions>
      </trkpt>
      <trkpt lat="40.40441547520458698272705078125" lon="116.68415713123977184295654296875">
        <ele>81</ele>
        <time>2026-09-23T09:52:23.000Z</time>
        <extensions>
          <ns3:TrackPointExtension>
            <ns3:hr>138</ns3:hr>
            <ns3:cad>98</ns3:cad>
          </ns3:TrackPointExtension>
        </extensions>
      </trkpt>
      <trkpt lat="40.40441648103296756744384765625" lon="116.684107594192028045654296875">
        <ele>81</ele>
        <time>2026-09-23T09:52:24.000Z</time>
        <extensions>
          <ns3:TrackPointExtension>
            <ns3:hr>139</ns3:hr>
            <ns3:cad>98</ns3:cad>
          </ns3:TrackPointExtension>
        </extensions>
      </trkpt>
      <trkpt lat="40.4044112004339694976806640625" lon="116.684064678847789764404296875">
        <ele>81</ele>
        <time>2026-09-23T09:52:25.000Z</time>
        <extensions>
          <ns3:TrackPointExtension>
            <ns3:hr>139</ns3:hr>
            <ns3:cad>96</ns3:cad>
          </ns3:TrackPointExtension>
        </extensions>
      </trkpt>
      <trkpt lat="40.40440625511109828948974609375" lon="116.6840165667235851287841796875">
        <ele>81</ele>
        <time>2026-09-23T09:52:26.000Z</time>
        <extensions>
          <ns3:TrackPointExtension>
            <ns3:hr>140</ns3:hr>
            <ns3:cad>96</ns3:cad>
          </ns3:TrackPointExtension>
        </extensions>
      </trkpt>
      <trkpt lat="40.40439669974148273468017578125" lon="116.683967448770999908447265625">
        <ele>81</ele>
        <time>2026-09-23T09:52:27.000Z</time>
        <extensions>
          <ns3:TrackPointExtension>
            <ns3:hr>140</ns3:hr>
            <ns3:cad>96</ns3:cad>
          </ns3:TrackPointExtension>
        </extensions>
      </trkpt>
      <trkpt lat="40.4043781757354736328125" lon="116.68393014930188655853271484375">
        <ele>81</ele>
        <time>2026-09-23T09:52:28.000Z</time>
        <extensions>
          <ns3:TrackPointExtension>
            <ns3:hr>140</ns3:hr>
            <ns3:cad>96</ns3:cad>
          </ns3:TrackPointExtension>
        </extensions>
      </trkpt>
      <trkpt lat="40.40435596369206905364990234375" lon="116.68388254009187221527099609375">
        <ele>81</ele>
        <time>2026-09-23T09:52:29.000Z</time>
        <extensions>
          <ns3:TrackPointExtension>
            <ns3:hr>138</ns3:hr>
            <ns3:cad>96</ns3:cad>
          </ns3:TrackPointExtension>
        </extensions>
      </trkpt>
      <trkpt lat="40.4043327458202838897705078125" lon="116.6838477551937103271484375">
        <ele>81</ele>
        <time>2026-09-23T09:52:30.000Z</time>
        <extensions>
          <ns3:TrackPointExtension>
            <ns3:hr>137</ns3:hr>
            <ns3:cad>97</ns3:cad>
          </ns3:TrackPointExtension>
        </extensions>
      </trkpt>
      <trkpt lat="40.40430986322462558746337890625" lon="116.68381665833294391632080078125">
        <ele>81</ele>
        <time>2026-09-23T09:52:31.000Z</time>
        <extensions>
          <ns3:TrackPointExtension>
            <ns3:hr>138</ns3:hr>
            <ns3:cad>97</ns3:cad>
          </ns3:TrackPointExtension>
        </extensions>
      </trkpt>
      <trkpt lat="40.404278598725795745849609375" lon="116.6837822087109088897705078125">
        <ele>81.1999969482421875</ele>
        <time>2026-09-23T09:52:32.000Z</time>
        <extensions>
          <ns3:TrackPointExtension>
            <ns3:hr>137</ns3:hr>
            <ns3:cad>97</ns3:cad>
          </ns3:TrackPointExtension>
        </extensions>
      </trkpt>
      <trkpt lat="40.40425010025501251220703125" lon="116.68376603163778781890869140625">
        <ele>81</ele>
        <time>2026-09-23T09:52:33.000Z</time>
        <extensions>
          <ns3:TrackPointExtension>
            <ns3:hr>136</ns3:hr>
            <ns3:cad>97</ns3:cad>
          </ns3:TrackPointExtension>
        </extensions>
      </trkpt>
      <trkpt lat="40.4042157344520092010498046875" lon="116.6837392933666706085205078125">
        <ele>81</ele>
        <time>2026-09-23T09:52:34.000Z</time>
        <extensions>
          <ns3:TrackPointExtension>
            <ns3:hr>135</ns3:hr>
            <ns3:cad>97</ns3:cad>
          </ns3:TrackPointExtension>
        </extensions>
      </trkpt>
      <trkpt lat="40.40417877025902271270751953125" lon="116.68371708132326602935791015625">
        <ele>81</ele>
        <time>2026-09-23T09:52:35.000Z</time>
        <extensions>
          <ns3:TrackPointExtension>
            <ns3:hr>135</ns3:hr>
            <ns3:cad>97</ns3:cad>
          </ns3:TrackPointExtension>
        </extensions>
      </trkpt>
      <trkpt lat="40.404144823551177978515625" lon="116.6837047599256038665771484375">
        <ele>81</ele>
        <time>2026-09-23T09:52:36.000Z</time>
        <extensions>
          <ns3:TrackPointExtension>
            <ns3:hr>135</ns3:hr>
            <ns3:cad>97</ns3:cad>
          </ns3:TrackPointExtension>
        </extensions>
      </trkpt>
      <trkpt lat="40.4040993936359882354736328125" lon="116.68369411490857601165771484375">
        <ele>81</ele>
        <time>2026-09-23T09:52:37.000Z</time>
        <extensions>
          <ns3:TrackPointExtension>
            <ns3:hr>136</ns3:hr>
            <ns3:cad>97</ns3:cad>
          </ns3:TrackPointExtension>
        </extensions>
      </trkpt>
      <trkpt lat="40.4040655307471752166748046875" lon="116.6837055981159210205078125">
        <ele>81</ele>
        <time>2026-09-23T09:52:38.000Z</time>
        <extensions>
          <ns3:TrackPointExtension>
            <ns3:hr>136</ns3:hr>
            <ns3:cad>97</ns3:cad>
          </ns3:TrackPointExtension>
        </extensions>
      </trkpt>
      <trkpt lat="40.4040276445448398590087890625" lon="116.68370232917368412017822265625">
        <ele>81</ele>
        <time>2026-09-23T09:52:39.000Z</time>
        <extensions>
          <ns3:TrackPointExtension>
            <ns3:hr>136</ns3:hr>
            <ns3:cad>96</ns3:cad>
          </ns3:TrackPointExtension>
        </extensions>
      </trkpt>
      <trkpt lat="40.403985567390918731689453125" lon="116.68369780294597148895263671875">
        <ele>81</ele>
        <time>2026-09-23T09:52:40.000Z</time>
        <extensions>
          <ns3:TrackPointExtension>
            <ns3:hr>136</ns3:hr>
            <ns3:cad>96</ns3:cad>
          </ns3:TrackPointExtension>
        </extensions>
      </trkpt>
      <trkpt lat="40.4039515368640422821044921875" lon="116.68370065279304981231689453125">
        <ele>81</ele>
        <time>2026-09-23T09:52:41.000Z</time>
        <extensions>
          <ns3:TrackPointExtension>
            <ns3:hr>137</ns3:hr>
            <ns3:cad>96</ns3:cad>
          </ns3:TrackPointExtension>
        </extensions>
      </trkpt>
      <trkpt lat="40.40391222573816776275634765625" lon="116.68369931168854236602783203125">
        <ele>81</ele>
        <time>2026-09-23T09:52:42.000Z</time>
        <extensions>
          <ns3:TrackPointExtension>
            <ns3:hr>137</ns3:hr>
            <ns3:cad>96</ns3:cad>
          </ns3:TrackPointExtension>
        </extensions>
      </trkpt>
      <trkpt lat="40.40388003922998905181884765625" lon="116.683705262839794158935546875">
        <ele>81</ele>
        <time>2026-09-23T09:52:43.000Z</time>
        <extensions>
          <ns3:TrackPointExtension>
            <ns3:hr>137</ns3:hr>
            <ns3:cad>97</ns3:cad>
          </ns3:TrackPointExtension>
        </extensions>
      </trkpt>
      <trkpt lat="40.40384508669376373291015625" lon="116.68369956314563751220703125">
        <ele>81</ele>
        <time>2026-09-23T09:52:44.000Z</time>
        <extensions>
          <ns3:TrackPointExtension>
            <ns3:hr>137</ns3:hr>
            <ns3:cad>97</ns3:cad>
          </ns3:TrackPointExtension>
        </extensions>
      </trkpt>
      <trkpt lat="40.4038083739578723907470703125" lon="116.6836960427463054656982421875">
        <ele>81</ele>
        <time>2026-09-23T09:52:45.000Z</time>
        <extensions>
          <ns3:TrackPointExtension>
            <ns3:hr>138</ns3:hr>
            <ns3:cad>97</ns3:cad>
          </ns3:TrackPointExtension>
        </extensions>
      </trkpt>
      <trkpt lat="40.40377761237323284149169921875" lon="116.6836913488805294036865234375">
        <ele>81.1999969482421875</ele>
        <time>2026-09-23T09:52:46.000Z</time>
        <extensions>
          <ns3:TrackPointExtension>
            <ns3:hr>138</ns3:hr>
            <ns3:cad>97</ns3:cad>
          </ns3:TrackPointExtension>
        </extensions>
      </trkpt>
      <trkpt lat="40.40373654104769229888916015625" lon="116.68368455953896045684814453125">
        <ele>81.1999969482421875</ele>
        <time>2026-09-23T09:52:47.000Z</time>
        <extensions>
          <ns3:TrackPointExtension>
            <ns3:hr>138</ns3:hr>
            <ns3:cad>97</ns3:cad>
          </ns3:TrackPointExtension>
        </extensions>
      </trkpt>
      <trkpt lat="40.403706617653369903564453125" lon="116.6836948692798614501953125">
        <ele>81.1999969482421875</ele>
        <time>2026-09-23T09:52:48.000Z</time>
        <extensions>
          <ns3:TrackPointExtension>
            <ns3:hr>138</ns3:hr>
            <ns3:cad>96</ns3:cad>
          </ns3:TrackPointExtension>
        </extensions>
      </trkpt>
      <trkpt lat="40.403672419488430023193359375" lon="116.683689840137958526611328125">
        <ele>81.1999969482421875</ele>
        <time>2026-09-23T09:52:49.000Z</time>
        <extensions>
          <ns3:TrackPointExtension>
            <ns3:hr>139</ns3:hr>
            <ns3:cad>94</ns3:cad>
          </ns3:TrackPointExtension>
        </extensions>
      </trkpt>
      <trkpt lat="40.403634868562221527099609375" lon="116.683689169585704803466796875">
        <ele>81.1999969482421875</ele>
        <time>2026-09-23T09:52:50.000Z</time>
        <extensions>
          <ns3:TrackPointExtension>
            <ns3:hr>139</ns3:hr>
            <ns3:cad>94</ns3:cad>
          </ns3:TrackPointExtension>
        </extensions>
      </trkpt>
      <trkpt lat="40.4036018438637256622314453125" lon="116.6836923547089099884033203125">
        <ele>81.1999969482421875</ele>
        <time>2026-09-23T09:52:51.000Z</time>
        <extensions>
          <ns3:TrackPointExtension>
            <ns3:hr>139</ns3:hr>
            <ns3:cad>95</ns3:cad>
          </ns3:TrackPointExtension>
        </extensions>
      </trkpt>
      <trkpt lat="40.40355934761464595794677734375" lon="116.68369042687118053436279296875">
        <ele>81.1999969482421875</ele>
        <time>2026-09-23T09:52:52.000Z</time>
        <extensions>
          <ns3:TrackPointExtension>
            <ns3:hr>139</ns3:hr>
            <ns3:cad>96</ns3:cad>
          </ns3:TrackPointExtension>
        </extensions>
      </trkpt>
      <trkpt lat="40.40352498181164264678955078125" lon="116.6836975514888763427734375">
        <ele>81.1999969482421875</ele>
        <time>2026-09-23T09:52:53.000Z</time>
        <extensions>
          <ns3:TrackPointExtension>
            <ns3:hr>140</ns3:hr>
            <ns3:cad>96</ns3:cad>
          </ns3:TrackPointExtension>
        </extensions>
      </trkpt>
      <trkpt lat="40.4034881852567195892333984375" lon="116.68369411490857601165771484375">
        <ele>81.1999969482421875</ele>
        <time>2026-09-23T09:52:54.000Z</time>
        <extensions>
          <ns3:TrackPointExtension>
            <ns3:hr>140</ns3:hr>
            <ns3:cad>97</ns3:cad>
          </ns3:TrackPointExtension>
        </extensions>
      </trkpt>
      <trkpt lat="40.40344954468309879302978515625" lon="116.6836879961192607879638671875">
        <ele>81.1999969482421875</ele>
        <time>2026-09-23T09:52:55.000Z</time>
        <extensions>
          <ns3:TrackPointExtension>
            <ns3:hr>140</ns3:hr>
            <ns3:cad>97</ns3:cad>
          </ns3:TrackPointExtension>
        </extensions>
      </trkpt>
      <trkpt lat="40.403417609632015228271484375" lon="116.68369595892727375030517578125">
        <ele>81.1999969482421875</ele>
        <time>2026-09-23T09:52:56.000Z</time>
        <extensions>
          <ns3:TrackPointExtension>
            <ns3:hr>140</ns3:hr>
            <ns3:cad>95</ns3:cad>
          </ns3:TrackPointExtension>
        </extensions>
      </trkpt>
      <trkpt lat="40.40337561629712581634521484375" lon="116.6836923547089099884033203125">
        <ele>81.1999969482421875</ele>
        <time>2026-09-23T09:52:57.000Z</time>
        <extensions>
          <ns3:TrackPointExtension>
            <ns3:hr>140</ns3:hr>
            <ns3:cad>95</ns3:cad>
          </ns3:TrackPointExtension>
        </extensions>
      </trkpt>
      <trkpt lat="40.40333672426640987396240234375" lon="116.6836913488805294036865234375">
        <ele>81.1999969482421875</ele>
        <time>2026-09-23T09:52:58.000Z</time>
        <extensions>
          <ns3:TrackPointExtension>
            <ns3:hr>141</ns3:hr>
            <ns3:cad>95</ns3:cad>
          </ns3:TrackPointExtension>
        </extensions>
      </trkpt>
      <trkpt lat="40.40330001153051853179931640625" lon="116.68369193561375141143798828125">
        <ele>81.1999969482421875</ele>
        <time>2026-09-23T09:52:59.000Z</time>
        <extensions>
          <ns3:TrackPointExtension>
            <ns3:hr>141</ns3:hr>
            <ns3:cad>95</ns3:cad>
          </ns3:TrackPointExtension>
        </extensions>
      </trkpt>
      <trkpt lat="40.40325575508177280426025390625" lon="116.6836948692798614501953125">
        <ele>81.1999969482421875</ele>
        <time>2026-09-23T09:53:00.000Z</time>
        <extensions>
          <ns3:TrackPointExtension>
            <ns3:hr>141</ns3:hr>
            <ns3:cad>95</ns3:cad>
          </ns3:TrackPointExtension>
        </extensions>
      </trkpt>
      <trkpt lat="40.4032253287732601165771484375" lon="116.6837124712765216827392578125">
        <ele>81.1999969482421875</ele>
        <time>2026-09-23T09:53:01.000Z</time>
        <extensions>
          <ns3:TrackPointExtension>
            <ns3:hr>142</ns3:hr>
            <ns3:cad>95</ns3:cad>
          </ns3:TrackPointExtension>
        </extensions>
      </trkpt>
      <trkpt lat="40.4031871072947978973388671875" lon="116.683724708855152130126953125">
        <ele>81.1999969482421875</ele>
        <time>2026-09-23T09:53:02.000Z</time>
        <extensions>
          <ns3:TrackPointExtension>
            <ns3:hr>142</ns3:hr>
            <ns3:cad>95</ns3:cad>
          </ns3:TrackPointExtension>
        </extensions>
      </trkpt>
      <trkpt lat="40.403153412044048309326171875" lon="116.68374692089855670928955078125">
        <ele>81</ele>
        <time>2026-09-23T09:53:03.000Z</time>
        <extensions>
          <ns3:TrackPointExtension>
            <ns3:hr>142</ns3:hr>
            <ns3:cad>96</ns3:cad>
          </ns3:TrackPointExtension>
        </extensions>
      </trkpt>
      <trkpt lat="40.40312147699296474456787109375" lon="116.683769635856151580810546875">
        <ele>81</ele>
        <time>2026-09-23T09:53:04.000Z</time>
        <extensions>
          <ns3:TrackPointExtension>
            <ns3:hr>142</ns3:hr>
            <ns3:cad>96</ns3:cad>
          </ns3:TrackPointExtension>
        </extensions>
      </trkpt>
      <trkpt lat="40.40308627299964427947998046875" lon="116.68380039744079113006591796875">
        <ele>81</ele>
        <time>2026-09-23T09:53:05.000Z</time>
        <extensions>
          <ns3:TrackPointExtension>
            <ns3:hr>144</ns3:hr>
            <ns3:cad>94</ns3:cad>
          </ns3:TrackPointExtension>
        </extensions>
      </trkpt>
      <trkpt lat="40.40306800045073032379150390625" lon="116.6838314943015575408935546875">
        <ele>81</ele>
        <time>2026-09-23T09:53:06.000Z</time>
        <extensions>
          <ns3:TrackPointExtension>
            <ns3:hr>145</ns3:hr>
            <ns3:cad>94</ns3:cad>
          </ns3:TrackPointExtension>
        </extensions>
      </trkpt>
      <trkpt lat="40.403040759265422821044921875" lon="116.683873571455478668212890625">
        <ele>81</ele>
        <time>2026-09-23T09:53:07.000Z</time>
        <extensions>
          <ns3:TrackPointExtension>
            <ns3:hr>145</ns3:hr>
            <ns3:cad>96</ns3:cad>
          </ns3:TrackPointExtension>
        </extensions>
      </trkpt>
      <trkpt lat="40.40302097797393798828125" lon="116.6839163191616535186767578125">
        <ele>81</ele>
        <time>2026-09-23T09:53:08.000Z</time>
        <extensions>
          <ns3:TrackPointExtension>
            <ns3:hr>145</ns3:hr>
            <ns3:cad>96</ns3:cad>
          </ns3:TrackPointExtension>
        </extensions>
      </trkpt>
      <trkpt lat="40.4030033759772777557373046875" lon="116.68395780958235263824462890625">
        <ele>81</ele>
        <time>2026-09-23T09:53:09.000Z</time>
        <extensions>
          <ns3:TrackPointExtension>
            <ns3:hr>146</ns3:hr>
            <ns3:cad>96</ns3:cad>
          </ns3:TrackPointExtension>
        </extensions>
      </trkpt>
      <trkpt lat="40.402989797294139862060546875" lon="116.6840078495442867279052734375">
        <ele>81</ele>
        <time>2026-09-23T09:53:10.000Z</time>
        <extensions>
          <ns3:TrackPointExtension>
            <ns3:hr>148</ns3:hr>
            <ns3:cad>96</ns3:cad>
          </ns3:TrackPointExtension>
        </extensions>
      </trkpt>
      <trkpt lat="40.40298535488545894622802734375" lon="116.684048585593700408935546875">
        <ele>81</ele>
        <time>2026-09-23T09:53:11.000Z</time>
        <extensions>
          <ns3:TrackPointExtension>
            <ns3:hr>149</ns3:hr>
            <ns3:cad>96</ns3:cad>
          </ns3:TrackPointExtension>
        </extensions>
      </trkpt>
      <trkpt lat="40.40298066101968288421630859375" lon="116.6841023974120616912841796875">
        <ele>81</ele>
        <time>2026-09-23T09:53:12.000Z</time>
        <extensions>
          <ns3:TrackPointExtension>
            <ns3:hr>150</ns3:hr>
            <ns3:cad>96</ns3:cad>
          </ns3:TrackPointExtension>
        </extensions>
      </trkpt>
      <trkpt lat="40.402987785637378692626953125" lon="116.6841473244130611419677734375">
        <ele>81</ele>
        <time>2026-09-23T09:53:13.000Z</time>
        <extensions>
          <ns3:TrackPointExtension>
            <ns3:hr>151</ns3:hr>
            <ns3:cad>96</ns3:cad>
          </ns3:TrackPointExtension>
        </extensions>
      </trkpt>
      <trkpt lat="40.40299122221767902374267578125" lon="116.684194765985012054443359375">
        <ele>81</ele>
        <time>2026-09-23T09:53:14.000Z</time>
        <extensions>
          <ns3:TrackPointExtension>
            <ns3:hr>152</ns3:hr>
            <ns3:cad>96</ns3:cad>
          </ns3:TrackPointExtension>
        </extensions>
      </trkpt>
      <trkpt lat="40.40300019085407257080078125" lon="116.684246063232421875">
        <ele>81</ele>
        <time>2026-09-23T09:53:15.000Z</time>
        <extensions>
          <ns3:TrackPointExtension>
            <ns3:hr>152</ns3:hr>
            <ns3:cad>96</ns3:cad>
          </ns3:TrackPointExtension>
        </extensions>
      </trkpt>
      <trkpt lat="40.40301469154655933380126953125" lon="116.6842871345579624176025390625">
        <ele>81</ele>
        <time>2026-09-23T09:53:16.000Z</time>
        <extensions>
          <ns3:TrackPointExtension>
            <ns3:hr>153</ns3:hr>
            <ns3:cad>96</ns3:cad>
          </ns3:TrackPointExtension>
        </extensions>
      </trkpt>
      <trkpt lat="40.4030342213809490203857421875" lon="116.68433725833892822265625">
        <ele>81</ele>
        <time>2026-09-23T09:53:17.000Z</time>
        <extensions>
          <ns3:TrackPointExtension>
            <ns3:hr>153</ns3:hr>
            <ns3:cad>96</ns3:cad>
          </ns3:TrackPointExtension>
        </extensions>
      </trkpt>
      <trkpt lat="40.40305710397660732269287109375" lon="116.6843722946941852569580078125">
        <ele>81</ele>
        <time>2026-09-23T09:53:18.000Z</time>
        <extensions>
          <ns3:TrackPointExtension>
            <ns3:hr>153</ns3:hr>
            <ns3:cad>96</ns3:cad>
          </ns3:TrackPointExtension>
        </extensions>
      </trkpt>
      <trkpt lat="40.40308325551450252532958984375" lon="116.6844111867249011993408203125">
        <ele>81</ele>
        <time>2026-09-23T09:53:19.000Z</time>
        <extensions>
          <ns3:TrackPointExtension>
            <ns3:hr>153</ns3:hr>
            <ns3:cad>96</ns3:cad>
          </ns3:TrackPointExtension>
        </extensions>
      </trkpt>
      <trkpt lat="40.40311284363269805908203125" lon="116.68444798327982425689697265625">
        <ele>81</ele>
        <time>2026-09-23T09:53:20.000Z</time>
        <extensions>
          <ns3:TrackPointExtension>
            <ns3:hr>153</ns3:hr>
            <ns3:cad>95</ns3:cad>
          </ns3:TrackPointExtension>
        </extensions>
      </trkpt>
      <trkpt lat="40.40314159356057643890380859375" lon="116.68447094969451427459716796875">
        <ele>81.1999969482421875</ele>
        <time>2026-09-23T09:53:21.000Z</time>
        <extensions>
          <ns3:TrackPointExtension>
            <ns3:hr>154</ns3:hr>
            <ns3:cad>95</ns3:cad>
          </ns3:TrackPointExtension>
        </extensions>
      </trkpt>
      <trkpt lat="40.4031773842871189117431640625" lon="116.6845020465552806854248046875">
        <ele>81</ele>
        <time>2026-09-23T09:53:22.000Z</time>
        <extensions>
          <ns3:TrackPointExtension>
            <ns3:hr>156</ns3:hr>
            <ns3:cad>95</ns3:cad>
          </ns3:TrackPointExtension>
        </extensions>
      </trkpt>
      <trkpt lat="40.40320998989045619964599609375" lon="116.68452207930386066436767578125">
        <ele>81</ele>
        <time>2026-09-23T09:53:23.000Z</time>
        <extensions>
          <ns3:TrackPointExtension>
            <ns3:hr>157</ns3:hr>
            <ns3:cad>96</ns3:cad>
          </ns3:TrackPointExtension>
        </extensions>
      </trkpt>
      <trkpt lat="40.40324368514120578765869140625" lon="116.684538424015045166015625">
        <ele>81</ele>
        <time>2026-09-23T09:53:24.000Z</time>
        <extensions>
          <ns3:TrackPointExtension>
            <ns3:hr>157</ns3:hr>
            <ns3:cad>97</ns3:cad>
          </ns3:TrackPointExtension>
        </extensions>
      </trkpt>
      <trkpt lat="40.40328592993319034576416015625" lon="116.68455393053591251373291015625">
        <ele>81</ele>
        <time>2026-09-23T09:53:25.000Z</time>
        <extensions>
          <ns3:TrackPointExtension>
            <ns3:hr>158</ns3:hr>
            <ns3:cad>97</ns3:cad>
          </ns3:TrackPointExtension>
        </extensions>
      </trkpt>
      <trkpt lat="40.403317026793956756591796875" lon="116.68455158360302448272705078125">
        <ele>81</ele>
        <time>2026-09-23T09:53:26.000Z</time>
        <extensions>
          <ns3:TrackPointExtension>
            <ns3:hr>158</ns3:hr>
            <ns3:cad>96</ns3:cad>
          </ns3:TrackPointExtension>
        </extensions>
      </trkpt>
      <trkpt lat="40.40335851721465587615966796875" lon="116.6845583729445934295654296875">
        <ele>81</ele>
        <time>2026-09-23T09:53:27.000Z</time>
        <extensions>
          <ns3:TrackPointExtension>
            <ns3:hr>158</ns3:hr>
            <ns3:cad>96</ns3:cad>
          </ns3:TrackPointExtension>
        </extensions>
      </trkpt>
      <trkpt lat="40.40339707396924495697021484375" lon="116.68456013314425945281982421875">
        <ele>81</ele>
        <time>2026-09-23T09:53:28.000Z</time>
        <extensions>
          <ns3:TrackPointExtension>
            <ns3:hr>158</ns3:hr>
            <ns3:cad>94</ns3:cad>
          </ns3:TrackPointExtension>
        </extensions>
      </trkpt>
      <trkpt lat="40.4034281708300113677978515625" lon="116.68455610983073711395263671875">
        <ele>80.8000030517578125</ele>
        <time>2026-09-23T09:53:29.000Z</time>
        <extensions>
          <ns3:TrackPointExtension>
            <ns3:hr>158</ns3:hr>
            <ns3:cad>94</ns3:cad>
          </ns3:TrackPointExtension>
        </extensions>
      </trkpt>
      <trkpt lat="40.40347225964069366455078125" lon="116.6845607198774814605712890625">
        <ele>80.8000030517578125</ele>
        <time>2026-09-23T09:53:30.000Z</time>
        <extensions>
          <ns3:TrackPointExtension>
            <ns3:hr>159</ns3:hr>
            <ns3:cad>96</ns3:cad>
          </ns3:TrackPointExtension>
        </extensions>
      </trkpt>
      <trkpt lat="40.4035019315779209136962890625" lon="116.684550158679485321044921875">
        <ele>80.8000030517578125</ele>
        <time>2026-09-23T09:53:31.000Z</time>
        <extensions>
          <ns3:TrackPointExtension>
            <ns3:hr>159</ns3:hr>
            <ns3:cad>97</ns3:cad>
          </ns3:TrackPointExtension>
        </extensions>
      </trkpt>
      <trkpt lat="40.4035404883325099945068359375" lon="116.68455460108816623687744140625">
        <ele>80.8000030517578125</ele>
        <time>2026-09-23T09:53:32.000Z</time>
        <extensions>
          <ns3:TrackPointExtension>
            <ns3:hr>159</ns3:hr>
            <ns3:cad>98</ns3:cad>
          </ns3:TrackPointExtension>
        </extensions>
      </trkpt>
      <trkpt lat="40.40357845835387706756591796875" lon="116.68455644510686397552490234375">
        <ele>80.8000030517578125</ele>
        <time>2026-09-23T09:53:33.000Z</time>
        <extensions>
          <ns3:TrackPointExtension>
            <ns3:hr>159</ns3:hr>
            <ns3:cad>98</ns3:cad>
          </ns3:TrackPointExtension>
        </extensions>
      </trkpt>
      <trkpt lat="40.4036095552146434783935546875" lon="116.684552840888500213623046875">
        <ele>80.8000030517578125</ele>
        <time>2026-09-23T09:53:34.000Z</time>
        <extensions>
          <ns3:TrackPointExtension>
            <ns3:hr>159</ns3:hr>
            <ns3:cad>98</ns3:cad>
          </ns3:TrackPointExtension>
        </extensions>
      </trkpt>
      <trkpt lat="40.40365003980696201324462890625" lon="116.68455862440168857574462890625">
        <ele>80.8000030517578125</ele>
        <time>2026-09-23T09:53:35.000Z</time>
        <extensions>
          <ns3:TrackPointExtension>
            <ns3:hr>160</ns3:hr>
            <ns3:cad>95</ns3:cad>
          </ns3:TrackPointExtension>
        </extensions>
      </trkpt>
      <trkpt lat="40.4036806337535381317138671875" lon="116.68455510400235652923583984375">
        <ele>80.8000030517578125</ele>
        <time>2026-09-23T09:53:36.000Z</time>
        <extensions>
          <ns3:TrackPointExtension>
            <ns3:hr>160</ns3:hr>
            <ns3:cad>95</ns3:cad>
          </ns3:TrackPointExtension>
        </extensions>
      </trkpt>
      <trkpt lat="40.4037155024707317352294921875" lon="116.684557534754276275634765625">
        <ele>80.8000030517578125</ele>
        <time>2026-09-23T09:53:37.000Z</time>
        <extensions>
          <ns3:TrackPointExtension>
            <ns3:hr>160</ns3:hr>
            <ns3:cad>95</ns3:cad>
          </ns3:TrackPointExtension>
        </extensions>
      </trkpt>
      <trkpt lat="40.40375791490077972412109375" lon="116.68455778621137142181396484375">
        <ele>81</ele>
        <time>2026-09-23T09:53:38.000Z</time>
        <extensions>
          <ns3:TrackPointExtension>
            <ns3:hr>160</ns3:hr>
            <ns3:cad>95</ns3:cad>
          </ns3:TrackPointExtension>
        </extensions>
      </trkpt>
      <trkpt lat="40.4037882573902606964111328125" lon="116.684547476470470428466796875">
        <ele>81</ele>
        <time>2026-09-23T09:53:39.000Z</time>
        <extensions>
          <ns3:TrackPointExtension>
            <ns3:hr>160</ns3:hr>
            <ns3:cad>95</ns3:cad>
          </ns3:TrackPointExtension>
        </extensions>
      </trkpt>
      <trkpt lat="40.4038269817829132080078125" lon="116.6845516674220561981201171875">
        <ele>81</ele>
        <time>2026-09-23T09:53:40.000Z</time>
        <extensions>
          <ns3:TrackPointExtension>
            <ns3:hr>160</ns3:hr>
            <ns3:cad>97</ns3:cad>
          </ns3:TrackPointExtension>
        </extensions>
      </trkpt>
      <trkpt lat="40.40386654436588287353515625" lon="116.68455443345010280609130859375">
        <ele>80.8000030517578125</ele>
        <time>2026-09-23T09:53:41.000Z</time>
        <extensions>
          <ns3:TrackPointExtension>
            <ns3:hr>159</ns3:hr>
            <ns3:cad>97</ns3:cad>
          </ns3:TrackPointExtension>
        </extensions>
      </trkpt>
      <trkpt lat="40.4038978926837444305419921875" lon="116.68454655446112155914306640625">
        <ele>80.8000030517578125</ele>
        <time>2026-09-23T09:53:42.000Z</time>
        <extensions>
          <ns3:TrackPointExtension>
            <ns3:hr>160</ns3:hr>
            <ns3:cad>97</ns3:cad>
          </ns3:TrackPointExtension>
        </extensions>
      </trkpt>
      <trkpt lat="40.4039396345615386962890625" lon="116.6845503263175487518310546875">
        <ele>80.8000030517578125</ele>
        <time>2026-09-23T09:53:43.000Z</time>
        <extensions>
          <ns3:TrackPointExtension>
            <ns3:hr>159</ns3:hr>
            <ns3:cad>97</ns3:cad>
          </ns3:TrackPointExtension>
        </extensions>
      </trkpt>
      <trkpt lat="40.40397458709776401519775390625" lon="116.6845489852130413055419921875">
        <ele>80.8000030517578125</ele>
        <time>2026-09-23T09:53:44.000Z</time>
        <extensions>
          <ns3:TrackPointExtension>
            <ns3:hr>159</ns3:hr>
            <ns3:cad>97</ns3:cad>
          </ns3:TrackPointExtension>
        </extensions>
      </trkpt>
      <trkpt lat="40.40401004254817962646484375" lon="116.68455225415527820587158203125">
        <ele>80.8000030517578125</ele>
        <time>2026-09-23T09:53:45.000Z</time>
        <extensions>
          <ns3:TrackPointExtension>
            <ns3:hr>159</ns3:hr>
            <ns3:cad>99</ns3:cad>
          </ns3:TrackPointExtension>
        </extensions>
      </trkpt>
      <trkpt lat="40.404051281511783599853515625" lon="116.6845556907355785369873046875">
        <ele>80.8000030517578125</ele>
        <time>2026-09-23T09:53:46.000Z</time>
        <extensions>
          <ns3:TrackPointExtension>
            <ns3:hr>160</ns3:hr>
            <ns3:cad>99</ns3:cad>
          </ns3:TrackPointExtension>
        </extensions>
      </trkpt>
      <trkpt lat="40.40407986380159854888916015625" lon="116.68455258943140506744384765625">
        <ele>80.8000030517578125</ele>
        <time>2026-09-23T09:53:47.000Z</time>
        <extensions>
          <ns3:TrackPointExtension>
            <ns3:hr>160</ns3:hr>
            <ns3:cad>99</ns3:cad>
          </ns3:TrackPointExtension>
        </extensions>
      </trkpt>
      <trkpt lat="40.404119007289409637451171875" lon="116.6845563612878322601318359375">
        <ele>80.8000030517578125</ele>
        <time>2026-09-23T09:53:48.000Z</time>
        <extensions>
          <ns3:TrackPointExtension>
            <ns3:hr>160</ns3:hr>
            <ns3:cad>99</ns3:cad>
          </ns3:TrackPointExtension>
        </extensions>
      </trkpt>
      <trkpt lat="40.40415748022496700286865234375" lon="116.6845513321459293365478515625">
        <ele>80.8000030517578125</ele>
        <time>2026-09-23T09:53:49.000Z</time>
        <extensions>
          <ns3:TrackPointExtension>
            <ns3:hr>160</ns3:hr>
            <ns3:cad>97</ns3:cad>
          </ns3:TrackPointExtension>
        </extensions>
      </trkpt>
      <trkpt lat="40.4041902534663677215576171875" lon="116.684539429843425750732421875">
        <ele>80.8000030517578125</ele>
        <time>2026-09-23T09:53:50.000Z</time>
        <extensions>
          <ns3:TrackPointExtension>
            <ns3:hr>160</ns3:hr>
            <ns3:cad>97</ns3:cad>
          </ns3:TrackPointExtension>
        </extensions>
      </trkpt>
      <trkpt lat="40.40422805584967136383056640625" lon="116.68452308513224124908447265625">
        <ele>80.8000030517578125</ele>
        <time>2026-09-23T09:53:51.000Z</time>
        <extensions>
          <ns3:TrackPointExtension>
            <ns3:hr>161</ns3:hr>
            <ns3:cad>96</ns3:cad>
          </ns3:TrackPointExtension>
        </extensions>
      </trkpt>
      <trkpt lat="40.40425571613013744354248046875" lon="116.684500873088836669921875">
        <ele>80.8000030517578125</ele>
        <time>2026-09-23T09:53:52.000Z</time>
        <extensions>
          <ns3:TrackPointExtension>
            <ns3:hr>162</ns3:hr>
            <ns3:cad>96</ns3:cad>
          </ns3:TrackPointExtension>
        </extensions>
      </trkpt>
      <trkpt lat="40.40429008193314075469970703125" lon="116.68447606265544891357421875">
        <ele>80.8000030517578125</ele>
        <time>2026-09-23T09:53:53.000Z</time>
        <extensions>
          <ns3:TrackPointExtension>
            <ns3:hr>163</ns3:hr>
            <ns3:cad>96</ns3:cad>
          </ns3:TrackPointExtension>
        </extensions>
      </trkpt>
      <trkpt lat="40.40432327426970005035400390625" lon="116.68444479815661907196044921875">
        <ele>80.8000030517578125</ele>
        <time>2026-09-23T09:53:54.000Z</time>
        <extensions>
          <ns3:TrackPointExtension>
            <ns3:hr>164</ns3:hr>
            <ns3:cad>97</ns3:cad>
          </ns3:TrackPointExtension>
        </extensions>
      </trkpt>
      <trkpt lat="40.4043454863131046295166015625" lon="116.684413366019725799560546875">
        <ele>80.8000030517578125</ele>
        <time>2026-09-23T09:53:55.000Z</time>
        <extensions>
          <ns3:TrackPointExtension>
            <ns3:hr>164</ns3:hr>
            <ns3:cad>97</ns3:cad>
          </ns3:TrackPointExtension>
        </extensions>
      </trkpt>
      <trkpt lat="40.40437339805066585540771484375" lon="116.68436986394226551055908203125">
        <ele>80.8000030517578125</ele>
        <time>2026-09-23T09:53:56.000Z</time>
        <extensions>
          <ns3:TrackPointExtension>
            <ns3:hr>164</ns3:hr>
            <ns3:cad>97</ns3:cad>
          </ns3:TrackPointExtension>
        </extensions>
      </trkpt>
      <trkpt lat="40.40439225733280181884765625" lon="116.684331558644771575927734375">
        <ele>80.8000030517578125</ele>
        <time>2026-09-23T09:53:57.000Z</time>
        <extensions>
          <ns3:TrackPointExtension>
            <ns3:hr>164</ns3:hr>
            <ns3:cad>96</ns3:cad>
          </ns3:TrackPointExtension>
        </extensions>
      </trkpt>
      <trkpt lat="40.40440860204398632049560546875" lon="116.68429241515696048736572265625">
        <ele>80.8000030517578125</ele>
        <time>2026-09-23T09:53:58.000Z</time>
        <extensions>
          <ns3:TrackPointExtension>
            <ns3:hr>164</ns3:hr>
            <ns3:cad>96</ns3:cad>
          </ns3:TrackPointExtension>
        </extensions>
      </trkpt>
      <trkpt lat="40.40442251600325107574462890625" lon="116.68424136936664581298828125">
        <ele>80.8000030517578125</ele>
        <time>2026-09-23T09:53:59.000Z</time>
        <extensions>
          <ns3:TrackPointExtension>
            <ns3:hr>164</ns3:hr>
            <ns3:cad>96</ns3:cad>
          </ns3:TrackPointExtension>
        </extensions>
      </trkpt>
      <trkpt lat="40.40442645549774169921875" lon="116.68419987894594669342041015625">
        <ele>80.8000030517578125</ele>
        <time>2026-09-23T09:54:00.000Z</time>
        <extensions>
          <ns3:TrackPointExtension>
            <ns3:hr>164</ns3:hr>
            <ns3:cad>96</ns3:cad>
          </ns3:TrackPointExtension>
        </extensions>
      </trkpt>
      <trkpt lat="40.40443257428705692291259765625" lon="116.6841500066220760345458984375">
        <ele>80.8000030517578125</ele>
        <time>2026-09-23T09:54:01.000Z</time>
        <extensions>
          <ns3:TrackPointExtension>
            <ns3:hr>163</ns3:hr>
            <ns3:cad>97</ns3:cad>
          </ns3:TrackPointExtension>
        </extensions>
      </trkpt>
      <trkpt lat="40.4044299758970737457275390625" lon="116.68410013429820537567138671875">
        <ele>80.8000030517578125</ele>
        <time>2026-09-23T09:54:02.000Z</time>
        <extensions>
          <ns3:TrackPointExtension>
            <ns3:hr>164</ns3:hr>
            <ns3:cad>97</ns3:cad>
          </ns3:TrackPointExtension>
        </extensions>
      </trkpt>
      <trkpt lat="40.4044256173074245452880859375" lon="116.68405403383076190948486328125">
        <ele>80.8000030517578125</ele>
        <time>2026-09-23T09:54:03.000Z</time>
        <extensions>
          <ns3:TrackPointExtension>
            <ns3:hr>164</ns3:hr>
            <ns3:cad>97</ns3:cad>
          </ns3:TrackPointExtension>
        </extensions>
      </trkpt>
      <trkpt lat="40.40441815741360187530517578125" lon="116.68399955146014690399169921875">
        <ele>80.8000030517578125</ele>
        <time>2026-09-23T09:54:04.000Z</time>
        <extensions>
          <ns3:TrackPointExtension>
            <ns3:hr>164</ns3:hr>
            <ns3:cad>96</ns3:cad>
          </ns3:TrackPointExtension>
        </extensions>
      </trkpt>
      <trkpt lat="40.40440038777887821197509765625" lon="116.68396250344812870025634765625">
        <ele>80.8000030517578125</ele>
        <time>2026-09-23T09:54:05.000Z</time>
        <extensions>
          <ns3:TrackPointExtension>
            <ns3:hr>165</ns3:hr>
            <ns3:cad>96</ns3:cad>
          </ns3:TrackPointExtension>
        </extensions>
      </trkpt>
      <trkpt lat="40.40438412688672542572021484375" lon="116.6839163191616535186767578125">
        <ele>80.8000030517578125</ele>
        <time>2026-09-23T09:54:06.000Z</time>
        <extensions>
          <ns3:TrackPointExtension>
            <ns3:hr>165</ns3:hr>
            <ns3:cad>96</ns3:cad>
          </ns3:TrackPointExtension>
        </extensions>
      </trkpt>
      <trkpt lat="40.4043634235858917236328125" lon="116.6838703863322734832763671875">
        <ele>80.8000030517578125</ele>
        <time>2026-09-23T09:54:07.000Z</time>
        <extensions>
          <ns3:TrackPointExtension>
            <ns3:hr>165</ns3:hr>
            <ns3:cad>96</ns3:cad>
          </ns3:TrackPointExtension>
        </extensions>
      </trkpt>
      <trkpt lat="40.40433987043797969818115234375" lon="116.6838365234434604644775390625">
        <ele>81</ele>
        <time>2026-09-23T09:54:08.000Z</time>
        <extensions>
          <ns3:TrackPointExtension>
            <ns3:hr>165</ns3:hr>
            <ns3:cad>96</ns3:cad>
          </ns3:TrackPointExtension>
        </extensions>
      </trkpt>
      <trkpt lat="40.40431170724332332611083984375" lon="116.68379553593695163726806640625">
        <ele>81</ele>
        <time>2026-09-23T09:54:09.000Z</time>
        <extensions>
          <ns3:TrackPointExtension>
            <ns3:hr>165</ns3:hr>
            <ns3:cad>98</ns3:cad>
          </ns3:TrackPointExtension>
        </extensions>
      </trkpt>
      <trkpt lat="40.40428228676319122314453125" lon="116.6837627626955509185791015625">
        <ele>81</ele>
        <time>2026-09-23T09:54:10.000Z</time>
        <extensions>
          <ns3:TrackPointExtension>
            <ns3:hr>165</ns3:hr>
            <ns3:cad>98</ns3:cad>
          </ns3:TrackPointExtension>
        </extensions>
      </trkpt>
      <trkpt lat="40.40425202809274196624755859375" lon="116.68374004773795604705810546875">
        <ele>81</ele>
        <time>2026-09-23T09:54:11.000Z</time>
        <extensions>
          <ns3:TrackPointExtension>
            <ns3:hr>166</ns3:hr>
            <ns3:cad>98</ns3:cad>
          </ns3:TrackPointExtension>
        </extensions>
      </trkpt>
      <trkpt lat="40.40421389043331146240234375" lon="116.6837138123810291290283203125">
        <ele>81</ele>
        <time>2026-09-23T09:54:12.000Z</time>
        <extensions>
          <ns3:TrackPointExtension>
            <ns3:hr>166</ns3:hr>
            <ns3:cad>98</ns3:cad>
          </ns3:TrackPointExtension>
        </extensions>
      </trkpt>
      <trkpt lat="40.40418430231511592864990234375" lon="116.683704592287540435791015625">
        <ele>81</ele>
        <time>2026-09-23T09:54:13.000Z</time>
        <extensions>
          <ns3:TrackPointExtension>
            <ns3:hr>166</ns3:hr>
            <ns3:cad>98</ns3:cad>
          </ns3:TrackPointExtension>
        </extensions>
      </trkpt>
      <trkpt lat="40.40414842776954174041748046875" lon="116.68369109742343425750732421875">
        <ele>81</ele>
        <time>2026-09-23T09:54:14.000Z</time>
        <extensions>
          <ns3:TrackPointExtension>
            <ns3:hr>166</ns3:hr>
            <ns3:cad>98</ns3:cad>
          </ns3:TrackPointExtension>
        </extensions>
      </trkpt>
      <trkpt lat="40.40411305613815784454345703125" lon="116.68368807993829250335693359375">
        <ele>80.8000030517578125</ele>
        <time>2026-09-23T09:54:15.000Z</time>
        <extensions>
          <ns3:TrackPointExtension>
            <ns3:hr>166</ns3:hr>
            <ns3:cad>96</ns3:cad>
          </ns3:TrackPointExtension>
        </extensions>
      </trkpt>
      <trkpt lat="40.40407852269709110260009765625" lon="116.68368036858737468719482421875">
        <ele>80.8000030517578125</ele>
        <time>2026-09-23T09:54:16.000Z</time>
        <extensions>
          <ns3:TrackPointExtension>
            <ns3:hr>166</ns3:hr>
            <ns3:cad>96</ns3:cad>
          </ns3:TrackPointExtension>
        </extensions>
      </trkpt>
      <trkpt lat="40.4040366970002651214599609375" lon="116.6836745850741863250732421875">
        <ele>80.8000030517578125</ele>
        <time>2026-09-23T09:54:17.000Z</time>
        <extensions>
          <ns3:TrackPointExtension>
            <ns3:hr>166</ns3:hr>
            <ns3:cad>97</ns3:cad>
          </ns3:TrackPointExtension>
        </extensions>
      </trkpt>
      <trkpt lat="40.4040040075778961181640625" lon="116.68368254788219928741455078125">
        <ele>80.8000030517578125</ele>
        <time>2026-09-23T09:54:18.000Z</time>
        <extensions>
          <ns3:TrackPointExtension>
            <ns3:hr>166</ns3:hr>
            <ns3:cad>97</ns3:cad>
          </ns3:TrackPointExtension>
        </extensions>
      </trkpt>
      <trkpt lat="40.4039666242897510528564453125" lon="116.68368388898670673370361328125">
        <ele>80.8000030517578125</ele>
        <time>2026-09-23T09:54:19.000Z</time>
        <extensions>
          <ns3:TrackPointExtension>
            <ns3:hr>166</ns3:hr>
            <ns3:cad>97</ns3:cad>
          </ns3:TrackPointExtension>
        </extensions>
      </trkpt>
      <trkpt lat="40.4039297439157962799072265625" lon="116.683681793510913848876953125">
        <ele>80.8000030517578125</ele>
        <time>2026-09-23T09:54:20.000Z</time>
        <extensions>
          <ns3:TrackPointExtension>
            <ns3:hr>166</ns3:hr>
            <ns3:cad>96</ns3:cad>
          </ns3:TrackPointExtension>
        </extensions>
      </trkpt>
      <trkpt lat="40.403897054493427276611328125" lon="116.68368271552026271820068359375">
        <ele>80.8000030517578125</ele>
        <time>2026-09-23T09:54:21.000Z</time>
        <extensions>
          <ns3:TrackPointExtension>
            <ns3:hr>166</ns3:hr>
            <ns3:cad>96</ns3:cad>
          </ns3:TrackPointExtension>
        </extensions>
      </trkpt>
      <trkpt lat="40.403856150805950164794921875" lon="116.6836786083877086639404296875">
        <ele>80.8000030517578125</ele>
        <time>2026-09-23T09:54:22.000Z</time>
        <extensions>
          <ns3:TrackPointExtension>
            <ns3:hr>165</ns3:hr>
            <ns3:cad>96</ns3:cad>
          </ns3:TrackPointExtension>
        </extensions>
      </trkpt>
      <trkpt lat="40.4038261435925960540771484375" lon="116.68368439190089702606201171875">
        <ele>80.8000030517578125</ele>
        <time>2026-09-23T09:54:23.000Z</time>
        <extensions>
          <ns3:TrackPointExtension>
            <ns3:hr>166</ns3:hr>
            <ns3:cad>96</ns3:cad>
          </ns3:TrackPointExtension>
        </extensions>
      </trkpt>
      <trkpt lat="40.40378750301897525787353515625" lon="116.68367668054997920989990234375">
        <ele>80.8000030517578125</ele>
        <time>2026-09-23T09:54:24.000Z</time>
        <extensions>
          <ns3:TrackPointExtension>
            <ns3:hr>166</ns3:hr>
            <ns3:cad>97</ns3:cad>
          </ns3:TrackPointExtension>
        </extensions>
      </trkpt>
      <trkpt lat="40.40375246666371822357177734375" lon="116.68367919512093067169189453125">
        <ele>80.8000030517578125</ele>
        <time>2026-09-23T09:54:25.000Z</time>
        <extensions>
          <ns3:TrackPointExtension>
            <ns3:hr>165</ns3:hr>
            <ns3:cad>98</ns3:cad>
          </ns3:TrackPointExtension>
        </extensions>
      </trkpt>
      <trkpt lat="40.4037161730229854583740234375" lon="116.68367869220674037933349609375">
        <ele>80.8000030517578125</ele>
        <time>2026-09-23T09:54:26.000Z</time>
        <extensions>
          <ns3:TrackPointExtension>
            <ns3:hr>166</ns3:hr>
            <ns3:cad>98</ns3:cad>
          </ns3:TrackPointExtension>
        </extensions>
      </trkpt>
      <trkpt lat="40.403676442801952362060546875" lon="116.68367600999772548675537109375">
        <ele>80.8000030517578125</ele>
        <time>2026-09-23T09:54:27.000Z</time>
        <extensions>
          <ns3:TrackPointExtension>
            <ns3:hr>165</ns3:hr>
            <ns3:cad>98</ns3:cad>
          </ns3:TrackPointExtension>
        </extensions>
      </trkpt>
      <trkpt lat="40.4036420769989490509033203125" lon="116.68367986567318439483642578125">
        <ele>80.8000030517578125</ele>
        <time>2026-09-23T09:54:28.000Z</time>
        <extensions>
          <ns3:TrackPointExtension>
            <ns3:hr>165</ns3:hr>
            <ns3:cad>98</ns3:cad>
          </ns3:TrackPointExtension>
        </extensions>
      </trkpt>
      <trkpt lat="40.40360025130212306976318359375" lon="116.6836759261786937713623046875">
        <ele>81</ele>
        <time>2026-09-23T09:54:29.000Z</time>
        <extensions>
          <ns3:TrackPointExtension>
            <ns3:hr>165</ns3:hr>
            <ns3:cad>94</ns3:cad>
          </ns3:TrackPointExtension>
        </extensions>
      </trkpt>
      <trkpt lat="40.40356814861297607421875" lon="116.683681122958660125732421875">
        <ele>81</ele>
        <time>2026-09-23T09:54:30.000Z</time>
        <extensions>
          <ns3:TrackPointExtension>
            <ns3:hr>166</ns3:hr>
            <ns3:cad>93</ns3:cad>
          </ns3:TrackPointExtension>
        </extensions>
      </trkpt>
      <trkpt lat="40.403533615171909332275390625" lon="116.683681793510913848876953125">
        <ele>80.8000030517578125</ele>
        <time>2026-09-23T09:54:31.000Z</time>
        <extensions>
          <ns3:TrackPointExtension>
            <ns3:hr>165</ns3:hr>
            <ns3:cad>93</ns3:cad>
          </ns3:TrackPointExtension>
        </extensions>
      </trkpt>
      <trkpt lat="40.40349371731281280517578125" lon="116.6836789436638355255126953125">
        <ele>80.8000030517578125</ele>
        <time>2026-09-23T09:54:32.000Z</time>
        <extensions>
          <ns3:TrackPointExtension>
            <ns3:hr>165</ns3:hr>
            <ns3:cad>94</ns3:cad>
          </ns3:TrackPointExtension>
        </extensions>
      </trkpt>
      <trkpt lat="40.40346111170947551727294921875" lon="116.68368481099605560302734375">
        <ele>80.8000030517578125</ele>
        <time>2026-09-23T09:54:33.000Z</time>
        <extensions>
          <ns3:TrackPointExtension>
            <ns3:hr>166</ns3:hr>
            <ns3:cad>96</ns3:cad>
          </ns3:TrackPointExtension>
        </extensions>
      </trkpt>
      <trkpt lat="40.4034211300313472747802734375" lon="116.6836802847683429718017578125">
        <ele>80.8000030517578125</ele>
        <time>2026-09-23T09:54:34.000Z</time>
        <extensions>
          <ns3:TrackPointExtension>
            <ns3:hr>166</ns3:hr>
            <ns3:cad>96</ns3:cad>
          </ns3:TrackPointExtension>
        </extensions>
      </trkpt>
      <trkpt lat="40.40339254774153232574462890625" lon="116.683684475719928741455078125">
        <ele>80.8000030517578125</ele>
        <time>2026-09-23T09:54:35.000Z</time>
        <extensions>
          <ns3:TrackPointExtension>
            <ns3:hr>166</ns3:hr>
            <ns3:cad>97</ns3:cad>
          </ns3:TrackPointExtension>
        </extensions>
      </trkpt>
      <trkpt lat="40.403355248272418975830078125" lon="116.683677099645137786865234375">
        <ele>80.8000030517578125</ele>
        <time>2026-09-23T09:54:36.000Z</time>
        <extensions>
          <ns3:TrackPointExtension>
            <ns3:hr>166</ns3:hr>
            <ns3:cad>97</ns3:cad>
          </ns3:TrackPointExtension>
        </extensions>
      </trkpt>
      <trkpt lat="40.40331996046006679534912109375" lon="116.6836760938167572021484375">
        <ele>80.8000030517578125</ele>
        <time>2026-09-23T09:54:37.000Z</time>
        <extensions>
          <ns3:TrackPointExtension>
            <ns3:hr>166</ns3:hr>
            <ns3:cad>96</ns3:cad>
          </ns3:TrackPointExtension>
        </extensions>
      </trkpt>
      <trkpt lat="40.4032870195806026458740234375" lon="116.68367584235966205596923828125">
        <ele>80.8000030517578125</ele>
        <time>2026-09-23T09:54:38.000Z</time>
        <extensions>
          <ns3:TrackPointExtension>
            <ns3:hr>166</ns3:hr>
            <ns3:cad>96</ns3:cad>
          </ns3:TrackPointExtension>
        </extensions>
      </trkpt>
      <trkpt lat="40.4032487981021404266357421875" lon="116.6836806200444698333740234375">
        <ele>80.8000030517578125</ele>
        <time>2026-09-23T09:54:39.000Z</time>
        <extensions>
          <ns3:TrackPointExtension>
            <ns3:hr>166</ns3:hr>
            <ns3:cad>95</ns3:cad>
          </ns3:TrackPointExtension>
        </extensions>
      </trkpt>
      <trkpt lat="40.40321736596524715423583984375" lon="116.68369377963244915008544921875">
        <ele>80.8000030517578125</ele>
        <time>2026-09-23T09:54:40.000Z</time>
        <extensions>
          <ns3:TrackPointExtension>
            <ns3:hr>165</ns3:hr>
            <ns3:cad>93</ns3:cad>
          </ns3:TrackPointExtension>
        </extensions>
      </trkpt>
      <trkpt lat="40.40317696519196033477783203125" lon="116.68371238745748996734619140625">
        <ele>80.8000030517578125</ele>
        <time>2026-09-23T09:54:41.000Z</time>
        <extensions>
          <ns3:TrackPointExtension>
            <ns3:hr>167</ns3:hr>
            <ns3:cad>95</ns3:cad>
          </ns3:TrackPointExtension>
        </extensions>
      </trkpt>
      <trkpt lat="40.4031502269208431243896484375" lon="116.68373451568186283111572265625">
        <ele>80.8000030517578125</ele>
        <time>2026-09-23T09:54:42.000Z</time>
        <extensions>
          <ns3:TrackPointExtension>
            <ns3:hr>167</ns3:hr>
            <ns3:cad>95</ns3:cad>
          </ns3:TrackPointExtension>
        </extensions>
      </trkpt>
      <trkpt lat="40.4031133465468883514404296875" lon="116.68376117013394832611083984375">
        <ele>80.8000030517578125</ele>
        <time>2026-09-23T09:54:43.000Z</time>
        <extensions>
          <ns3:TrackPointExtension>
            <ns3:hr>167</ns3:hr>
            <ns3:cad>95</ns3:cad>
          </ns3:TrackPointExtension>
        </extensions>
      </trkpt>
      <trkpt lat="40.40309364907443523406982421875" lon="116.68379168026149272918701171875">
        <ele>80.8000030517578125</ele>
        <time>2026-09-23T09:54:44.000Z</time>
        <extensions>
          <ns3:TrackPointExtension>
            <ns3:hr>168</ns3:hr>
            <ns3:cad>94</ns3:cad>
          </ns3:TrackPointExtension>
        </extensions>
      </trkpt>
      <trkpt lat="40.40306364186108112335205078125" lon="116.6838271357119083404541015625">
        <ele>80.8000030517578125</ele>
        <time>2026-09-23T09:54:45.000Z</time>
        <extensions>
          <ns3:TrackPointExtension>
            <ns3:hr>167</ns3:hr>
            <ns3:cad>94</ns3:cad>
          </ns3:TrackPointExtension>
        </extensions>
      </trkpt>
      <trkpt lat="40.40304603986442089080810546875" lon="116.6838646866381168365478515625">
        <ele>80.8000030517578125</ele>
        <time>2026-09-23T09:54:46.000Z</time>
        <extensions>
          <ns3:TrackPointExtension>
            <ns3:hr>167</ns3:hr>
            <ns3:cad>92</ns3:cad>
          </ns3:TrackPointExtension>
        </extensions>
      </trkpt>
      <trkpt lat="40.4030265100300312042236328125" lon="116.6839008964598178863525390625">
        <ele>80.59999847412109375</ele>
        <time>2026-09-23T09:54:47.000Z</time>
        <extensions>
          <ns3:TrackPointExtension>
            <ns3:hr>165</ns3:hr>
            <ns3:cad>92</ns3:cad>
          </ns3:TrackPointExtension>
        </extensions>
      </trkpt>
      <trkpt lat="40.4030089080333709716796875" lon="116.68394322507083415985107421875">
        <ele>80.8000030517578125</ele>
        <time>2026-09-23T09:54:48.000Z</time>
        <extensions>
          <ns3:TrackPointExtension>
            <ns3:hr>166</ns3:hr>
            <ns3:cad>92</ns3:cad>
          </ns3:TrackPointExtension>
        </extensions>
      </trkpt>
      <trkpt lat="40.4029983468353748321533203125" lon="116.6839796863496303558349609375">
        <ele>80.8000030517578125</ele>
        <time>2026-09-23T09:54:49.000Z</time>
        <extensions>
          <ns3:TrackPointExtension>
            <ns3:hr>164</ns3:hr>
            <ns3:cad>93</ns3:cad>
          </ns3:TrackPointExtension>
        </extensions>
      </trkpt>
      <trkpt lat="40.402981750667095184326171875" lon="116.684028804302215576171875">
        <ele>80.59999847412109375</ele>
        <time>2026-09-23T09:54:50.000Z</time>
        <extensions>
          <ns3:TrackPointExtension>
            <ns3:hr>166</ns3:hr>
            <ns3:cad>94</ns3:cad>
          </ns3:TrackPointExtension>
        </extensions>
      </trkpt>
      <trkpt lat="40.40298275649547576904296875" lon="116.68406970798969268798828125">
        <ele>80.59999847412109375</ele>
        <time>2026-09-23T09:54:51.000Z</time>
        <extensions>
          <ns3:TrackPointExtension>
            <ns3:hr>166</ns3:hr>
            <ns3:cad>95</ns3:cad>
          </ns3:TrackPointExtension>
        </extensions>
      </trkpt>
      <trkpt lat="40.40297697298228740692138671875" lon="116.68411890976130962371826171875">
        <ele>80.59999847412109375</ele>
        <time>2026-09-23T09:54:52.000Z</time>
        <extensions>
          <ns3:TrackPointExtension>
            <ns3:hr>165</ns3:hr>
            <ns3:cad>95</ns3:cad>
          </ns3:TrackPointExtension>
        </extensions>
      </trkpt>
      <trkpt lat="40.40297965519130229949951171875" lon="116.684163920581340789794921875">
        <ele>80.59999847412109375</ele>
        <time>2026-09-23T09:54:53.000Z</time>
        <extensions>
          <ns3:TrackPointExtension>
            <ns3:hr>167</ns3:hr>
            <ns3:cad>95</ns3:cad>
          </ns3:TrackPointExtension>
        </extensions>
      </trkpt>
      <trkpt lat="40.40298501960933208465576171875" lon="116.68420608155429363250732421875">
        <ele>80.59999847412109375</ele>
        <time>2026-09-23T09:54:54.000Z</time>
        <extensions>
          <ns3:TrackPointExtension>
            <ns3:hr>165</ns3:hr>
            <ns3:cad>93</ns3:cad>
          </ns3:TrackPointExtension>
        </extensions>
      </trkpt>
      <trkpt lat="40.4029949940741062164306640625" lon="116.68425268493592739105224609375">
        <ele>80.59999847412109375</ele>
        <time>2026-09-23T09:54:55.000Z</time>
        <extensions>
          <ns3:TrackPointExtension>
            <ns3:hr>164</ns3:hr>
            <ns3:cad>93</ns3:cad>
          </ns3:TrackPointExtension>
        </extensions>
      </trkpt>
      <trkpt lat="40.403007231652736663818359375" lon="116.68428855948150157928466796875">
        <ele>80.59999847412109375</ele>
        <time>2026-09-23T09:54:56.000Z</time>
        <extensions>
          <ns3:TrackPointExtension>
            <ns3:hr>167</ns3:hr>
            <ns3:cad>95</ns3:cad>
          </ns3:TrackPointExtension>
        </extensions>
      </trkpt>
      <trkpt lat="40.4030234925448894500732421875" lon="116.684338264167308807373046875">
        <ele>80.59999847412109375</ele>
        <time>2026-09-23T09:54:57.000Z</time>
        <extensions>
          <ns3:TrackPointExtension>
            <ns3:hr>165</ns3:hr>
            <ns3:cad>95</ns3:cad>
          </ns3:TrackPointExtension>
        </extensions>
      </trkpt>
      <trkpt lat="40.40304285474121570587158203125" lon="116.6843707859516143798828125">
        <ele>80.59999847412109375</ele>
        <time>2026-09-23T09:54:58.000Z</time>
        <extensions>
          <ns3:TrackPointExtension>
            <ns3:hr>166</ns3:hr>
            <ns3:cad>94</ns3:cad>
          </ns3:TrackPointExtension>
        </extensions>
      </trkpt>
      <trkpt lat="40.40306615643203258514404296875" lon="116.68441546149551868438720703125">
        <ele>80.59999847412109375</ele>
        <time>2026-09-23T09:54:59.000Z</time>
        <extensions>
          <ns3:TrackPointExtension>
            <ns3:hr>167</ns3:hr>
            <ns3:cad>94</ns3:cad>
          </ns3:TrackPointExtension>
        </extensions>
      </trkpt>
      <trkpt lat="40.403093397617340087890625" lon="116.68444362469017505645751953125">
        <ele>80.59999847412109375</ele>
        <time>2026-09-23T09:55:00.000Z</time>
        <extensions>
          <ns3:TrackPointExtension>
            <ns3:hr>164</ns3:hr>
            <ns3:cad>93</ns3:cad>
          </ns3:TrackPointExtension>
        </extensions>
      </trkpt>
      <trkpt lat="40.40312566794455051422119140625" lon="116.68447606265544891357421875">
        <ele>80.40000152587890625</ele>
        <time>2026-09-23T09:55:01.000Z</time>
        <extensions>
          <ns3:TrackPointExtension>
            <ns3:hr>166</ns3:hr>
            <ns3:cad>93</ns3:cad>
          </ns3:TrackPointExtension>
        </extensions>
      </trkpt>
      <trkpt lat="40.4031569324433803558349609375" lon="116.68450154364109039306640625">
        <ele>80.59999847412109375</ele>
        <time>2026-09-23T09:55:02.000Z</time>
        <extensions>
          <ns3:TrackPointExtension>
            <ns3:hr>167</ns3:hr>
            <ns3:cad>92</ns3:cad>
          </ns3:TrackPointExtension>
        </extensions>
      </trkpt>
      <trkpt lat="40.40319154970347881317138671875" lon="116.6845231689512729644775390625">
        <ele>80.40000152587890625</ele>
        <time>2026-09-23T09:55:03.000Z</time>
        <extensions>
          <ns3:TrackPointExtension>
            <ns3:hr>165</ns3:hr>
            <ns3:cad>92</ns3:cad>
          </ns3:TrackPointExtension>
        </extensions>
      </trkpt>
      <trkpt lat="40.40322951972484588623046875" lon="116.6845436207950115203857421875">
        <ele>80.40000152587890625</ele>
        <time>2026-09-23T09:55:04.000Z</time>
        <extensions>
          <ns3:TrackPointExtension>
            <ns3:hr>168</ns3:hr>
            <ns3:cad>92</ns3:cad>
          </ns3:TrackPointExtension>
        </extensions>
      </trkpt>
      <trkpt lat="40.40326195769011974334716796875" lon="116.68454672209918498992919921875">
        <ele>80.40000152587890625</ele>
        <time>2026-09-23T09:55:05.000Z</time>
        <extensions>
          <ns3:TrackPointExtension>
            <ns3:hr>168</ns3:hr>
            <ns3:cad>94</ns3:cad>
          </ns3:TrackPointExtension>
        </extensions>
      </trkpt>
      <trkpt lat="40.403300933539867401123046875" lon="116.68456063605844974517822265625">
        <ele>80.59999847412109375</ele>
        <time>2026-09-23T09:55:06.000Z</time>
        <extensions>
          <ns3:TrackPointExtension>
            <ns3:hr>168</ns3:hr>
            <ns3:cad>94</ns3:cad>
          </ns3:TrackPointExtension>
        </extensions>
      </trkpt>
      <trkpt lat="40.40333638899028301239013671875" lon="116.68456055223941802978515625">
        <ele>80.59999847412109375</ele>
        <time>2026-09-23T09:55:07.000Z</time>
        <extensions>
          <ns3:TrackPointExtension>
            <ns3:hr>168</ns3:hr>
            <ns3:cad>94</ns3:cad>
          </ns3:TrackPointExtension>
        </extensions>
      </trkpt>
      <trkpt lat="40.4033715091645717620849609375" lon="116.68456063605844974517822265625">
        <ele>80.59999847412109375</ele>
        <time>2026-09-23T09:55:08.000Z</time>
        <extensions>
          <ns3:TrackPointExtension>
            <ns3:hr>167</ns3:hr>
            <ns3:cad>94</ns3:cad>
          </ns3:TrackPointExtension>
        </extensions>
      </trkpt>
      <trkpt lat="40.40340512059628963470458984375" lon="116.68455426581203937530517578125">
        <ele>80.59999847412109375</ele>
        <time>2026-09-23T09:55:09.000Z</time>
        <extensions>
          <ns3:TrackPointExtension>
            <ns3:hr>168</ns3:hr>
            <ns3:cad>94</ns3:cad>
          </ns3:TrackPointExtension>
        </extensions>
      </trkpt>
      <trkpt lat="40.40344049222767353057861328125" lon="116.68456055223941802978515625">
        <ele>80.59999847412109375</ele>
        <time>2026-09-23T09:55:10.000Z</time>
        <extensions>
          <ns3:TrackPointExtension>
            <ns3:hr>169</ns3:hr>
            <ns3:cad>93</ns3:cad>
          </ns3:TrackPointExtension>
        </extensions>
      </trkpt>
      <trkpt lat="40.40347971953451633453369140625" lon="116.68456080369651317596435546875">
        <ele>80.59999847412109375</ele>
        <time>2026-09-23T09:55:11.000Z</time>
        <extensions>
          <ns3:TrackPointExtension>
            <ns3:hr>168</ns3:hr>
            <ns3:cad>93</ns3:cad>
          </ns3:TrackPointExtension>
        </extensions>
      </trkpt>
      <trkpt lat="40.4035109840333461761474609375" lon="116.6845570318400859832763671875">
        <ele>80.59999847412109375</ele>
        <time>2026-09-23T09:55:12.000Z</time>
        <extensions>
          <ns3:TrackPointExtension>
            <ns3:hr>167</ns3:hr>
            <ns3:cad>93</ns3:cad>
          </ns3:TrackPointExtension>
        </extensions>
      </trkpt>
      <trkpt lat="40.40355272591114044189453125" lon="116.68456214480102062225341796875">
        <ele>80.40000152587890625</ele>
        <time>2026-09-23T09:55:13.000Z</time>
        <extensions>
          <ns3:TrackPointExtension>
            <ns3:hr>170</ns3:hr>
            <ns3:cad>93</ns3:cad>
          </ns3:TrackPointExtension>
        </extensions>
      </trkpt>
      <trkpt lat="40.4035854153335094451904296875" lon="116.6845553554594516754150390625">
        <ele>80.40000152587890625</ele>
        <time>2026-09-23T09:55:14.000Z</time>
        <extensions>
          <ns3:TrackPointExtension>
            <ns3:hr>168</ns3:hr>
            <ns3:cad>93</ns3:cad>
          </ns3:TrackPointExtension>
        </extensions>
      </trkpt>
      <trkpt lat="40.40362589992582798004150390625" lon="116.68456164188683032989501953125">
        <ele>80.40000152587890625</ele>
        <time>2026-09-23T09:55:15.000Z</time>
        <extensions>
          <ns3:TrackPointExtension>
            <ns3:hr>168</ns3:hr>
            <ns3:cad>94</ns3:cad>
          </ns3:TrackPointExtension>
        </extensions>
      </trkpt>
      <trkpt lat="40.40366160683333873748779296875" lon="116.68455963023006916046142578125">
        <ele>80.40000152587890625</ele>
        <time>2026-09-23T09:55:16.000Z</time>
        <extensions>
          <ns3:TrackPointExtension>
            <ns3:hr>170</ns3:hr>
            <ns3:cad>94</ns3:cad>
          </ns3:TrackPointExtension>
        </extensions>
      </trkpt>
      <trkpt lat="40.4036982357501983642578125" lon="116.68455761857330799102783203125">
        <ele>80.40000152587890625</ele>
        <time>2026-09-23T09:55:17.000Z</time>
        <extensions>
          <ns3:TrackPointExtension>
            <ns3:hr>169</ns3:hr>
            <ns3:cad>93</ns3:cad>
          </ns3:TrackPointExtension>
        </extensions>
      </trkpt>
      <trkpt lat="40.4037352837622165679931640625" lon="116.6845603846013545989990234375">
        <ele>80.40000152587890625</ele>
        <time>2026-09-23T09:55:18.000Z</time>
        <extensions>
          <ns3:TrackPointExtension>
            <ns3:hr>168</ns3:hr>
            <ns3:cad>93</ns3:cad>
          </ns3:TrackPointExtension>
        </extensions>
      </trkpt>
      <trkpt lat="40.40376638062298297882080078125" lon="116.68455342762172222137451171875">
        <ele>80.40000152587890625</ele>
        <time>2026-09-23T09:55:19.000Z</time>
        <extensions>
          <ns3:TrackPointExtension>
            <ns3:hr>171</ns3:hr>
            <ns3:cad>93</ns3:cad>
          </ns3:TrackPointExtension>
        </extensions>
      </trkpt>
      <trkpt lat="40.40380812250077724456787109375" lon="116.68455912731587886810302734375">
        <ele>80.40000152587890625</ele>
        <time>2026-09-23T09:55:20.000Z</time>
        <extensions>
          <ns3:TrackPointExtension>
            <ns3:hr>170</ns3:hr>
            <ns3:cad>95</ns3:cad>
          </ns3:TrackPointExtension>
        </extensions>
      </trkpt>
      <trkpt lat="40.4038375429809093475341796875" lon="116.68455208651721477508544921875">
        <ele>80.40000152587890625</ele>
        <time>2026-09-23T09:55:21.000Z</time>
        <extensions>
          <ns3:TrackPointExtension>
            <ns3:hr>169</ns3:hr>
            <ns3:cad>95</ns3:cad>
          </ns3:TrackPointExtension>
        </extensions>
      </trkpt>
      <trkpt lat="40.40387383662164211273193359375" lon="116.68455778621137142181396484375">
        <ele>80.40000152587890625</ele>
        <time>2026-09-23T09:55:22.000Z</time>
        <extensions>
          <ns3:TrackPointExtension>
            <ns3:hr>171</ns3:hr>
            <ns3:cad>95</ns3:cad>
          </ns3:TrackPointExtension>
        </extensions>
      </trkpt>
      <trkpt lat="40.40390786714851856231689453125" lon="116.6845570318400859832763671875">
        <ele>80.40000152587890625</ele>
        <time>2026-09-23T09:55:23.000Z</time>
        <extensions>
          <ns3:TrackPointExtension>
            <ns3:hr>172</ns3:hr>
            <ns3:cad>95</ns3:cad>
          </ns3:TrackPointExtension>
        </extensions>
      </trkpt>
      <trkpt lat="40.4039408080279827117919921875" lon="116.68455652892589569091796875">
        <ele>80.40000152587890625</ele>
        <time>2026-09-23T09:55:24.000Z</time>
        <extensions>
          <ns3:TrackPointExtension>
            <ns3:hr>169</ns3:hr>
            <ns3:cad>95</ns3:cad>
          </ns3:TrackPointExtension>
        </extensions>
      </trkpt>
      <trkpt lat="40.40398464538156986236572265625" lon="116.6845634020864963531494140625">
        <ele>80.40000152587890625</ele>
        <time>2026-09-23T09:55:25.000Z</time>
        <extensions>
          <ns3:TrackPointExtension>
            <ns3:hr>171</ns3:hr>
            <ns3:cad>95</ns3:cad>
          </ns3:TrackPointExtension>
        </extensions>
      </trkpt>
      <trkpt lat="40.40401582606136798858642578125" lon="116.684558205306529998779296875">
        <ele>80.40000152587890625</ele>
        <time>2026-09-23T09:55:26.000Z</time>
        <extensions>
          <ns3:TrackPointExtension>
            <ns3:hr>172</ns3:hr>
            <ns3:cad>93</ns3:cad>
          </ns3:TrackPointExtension>
        </extensions>
      </trkpt>
      <trkpt lat="40.4040576517581939697265625" lon="116.68456549756228923797607421875">
        <ele>80.40000152587890625</ele>
        <time>2026-09-23T09:55:27.000Z</time>
        <extensions>
          <ns3:TrackPointExtension>
            <ns3:hr>170</ns3:hr>
            <ns3:cad>93</ns3:cad>
          </ns3:TrackPointExtension>
        </extensions>
      </trkpt>
      <trkpt lat="40.40409394539892673492431640625" lon="116.68455929495394229888916015625">
        <ele>80.40000152587890625</ele>
        <time>2026-09-23T09:55:28.000Z</time>
        <extensions>
          <ns3:TrackPointExtension>
            <ns3:hr>173</ns3:hr>
            <ns3:cad>93</ns3:cad>
          </ns3:TrackPointExtension>
        </extensions>
      </trkpt>
      <trkpt lat="40.40413250215351581573486328125" lon="116.6845600493252277374267578125">
        <ele>80.40000152587890625</ele>
        <time>2026-09-23T09:55:29.000Z</time>
        <extensions>
          <ns3:TrackPointExtension>
            <ns3:hr>173</ns3:hr>
            <ns3:cad>93</ns3:cad>
          </ns3:TrackPointExtension>
        </extensions>
      </trkpt>
      <trkpt lat="40.4041728191077709197998046875" lon="116.68455359525978565216064453125">
        <ele>80.40000152587890625</ele>
        <time>2026-09-23T09:55:30.000Z</time>
        <extensions>
          <ns3:TrackPointExtension>
            <ns3:hr>170</ns3:hr>
            <ns3:cad>93</ns3:cad>
          </ns3:TrackPointExtension>
        </extensions>
      </trkpt>
      <trkpt lat="40.40420341305434703826904296875" lon="116.6845409385859966278076171875">
        <ele>80.40000152587890625</ele>
        <time>2026-09-23T09:55:31.000Z</time>
        <extensions>
          <ns3:TrackPointExtension>
            <ns3:hr>171</ns3:hr>
            <ns3:cad>93</ns3:cad>
          </ns3:TrackPointExtension>
        </extensions>
      </trkpt>
      <trkpt lat="40.40424071252346038818359375" lon="116.68452928774058818817138671875">
        <ele>80.40000152587890625</ele>
        <time>2026-09-23T09:55:32.000Z</time>
        <extensions>
          <ns3:TrackPointExtension>
            <ns3:hr>173</ns3:hr>
            <ns3:cad>94</ns3:cad>
          </ns3:TrackPointExtension>
        </extensions>
      </trkpt>
      <trkpt lat="40.4042640142142772674560546875" lon="116.68450799770653247833251953125">
        <ele>80.40000152587890625</ele>
        <time>2026-09-23T09:55:33.000Z</time>
        <extensions>
          <ns3:TrackPointExtension>
            <ns3:hr>173</ns3:hr>
            <ns3:cad>95</ns3:cad>
          </ns3:TrackPointExtension>
        </extensions>
      </trkpt>
      <trkpt lat="40.40429569780826568603515625" lon="116.684483774006366729736328125">
        <ele>80.40000152587890625</ele>
        <time>2026-09-23T09:55:34.000Z</time>
        <extensions>
          <ns3:TrackPointExtension>
            <ns3:hr>170</ns3:hr>
            <ns3:cad>95</ns3:cad>
          </ns3:TrackPointExtension>
        </extensions>
      </trkpt>
      <trkpt lat="40.4043216817080974578857421875" lon="116.68445871211588382720947265625">
        <ele>80.40000152587890625</ele>
        <time>2026-09-23T09:55:35.000Z</time>
        <extensions>
          <ns3:TrackPointExtension>
            <ns3:hr>171</ns3:hr>
            <ns3:cad>95</ns3:cad>
          </ns3:TrackPointExtension>
        </extensions>
      </trkpt>
      <trkpt lat="40.40434934198856353759765625" lon="116.68442887254059314727783203125">
        <ele>80.40000152587890625</ele>
        <time>2026-09-23T09:55:36.000Z</time>
        <extensions>
          <ns3:TrackPointExtension>
            <ns3:hr>171</ns3:hr>
            <ns3:cad>95</ns3:cad>
          </ns3:TrackPointExtension>
        </extensions>
      </trkpt>
      <trkpt lat="40.404376499354839324951171875" lon="116.68439014814794063568115234375">
        <ele>80.40000152587890625</ele>
        <time>2026-09-23T09:55:37.000Z</time>
        <extensions>
          <ns3:TrackPointExtension>
            <ns3:hr>171</ns3:hr>
            <ns3:cad>95</ns3:cad>
          </ns3:TrackPointExtension>
        </extensions>
      </trkpt>
      <trkpt lat="40.40439250878989696502685546875" lon="116.6843508370220661163330078125">
        <ele>80.40000152587890625</ele>
        <time>2026-09-23T09:55:38.000Z</time>
        <extensions>
          <ns3:TrackPointExtension>
            <ns3:hr>169</ns3:hr>
            <ns3:cad>94</ns3:cad>
          </ns3:TrackPointExtension>
        </extensions>
      </trkpt>
      <trkpt lat="40.404412709176540374755859375" lon="116.68429979123175144195556640625">
        <ele>80.40000152587890625</ele>
        <time>2026-09-23T09:55:39.000Z</time>
        <extensions>
          <ns3:TrackPointExtension>
            <ns3:hr>172</ns3:hr>
            <ns3:cad>94</ns3:cad>
          </ns3:TrackPointExtension>
        </extensions>
      </trkpt>
      <trkpt lat="40.4044182412326335906982421875" lon="116.68425687588751316070556640625">
        <ele>80.1999969482421875</ele>
        <time>2026-09-23T09:55:40.000Z</time>
        <extensions>
          <ns3:TrackPointExtension>
            <ns3:hr>171</ns3:hr>
            <ns3:cad>94</ns3:cad>
          </ns3:TrackPointExtension>
        </extensions>
      </trkpt>
      <trkpt lat="40.40443441830575466156005859375" lon="116.68421044014394283294677734375">
        <ele>80.40000152587890625</ele>
        <time>2026-09-23T09:55:41.000Z</time>
        <extensions>
          <ns3:TrackPointExtension>
            <ns3:hr>169</ns3:hr>
            <ns3:cad>93</ns3:cad>
          </ns3:TrackPointExtension>
        </extensions>
      </trkpt>
      <trkpt lat="40.40443860925734043121337890625" lon="116.68416752479970455169677734375">
        <ele>80.40000152587890625</ele>
        <time>2026-09-23T09:55:42.000Z</time>
        <extensions>
          <ns3:TrackPointExtension>
            <ns3:hr>170</ns3:hr>
            <ns3:cad>93</ns3:cad>
          </ns3:TrackPointExtension>
        </extensions>
      </trkpt>
      <trkpt lat="40.404441542923450469970703125" lon="116.6841191612184047698974609375">
        <ele>80.59999847412109375</ele>
        <time>2026-09-23T09:55:43.000Z</time>
        <extensions>
          <ns3:TrackPointExtension>
            <ns3:hr>171</ns3:hr>
            <ns3:cad>95</ns3:cad>
          </ns3:TrackPointExtension>
        </extensions>
      </trkpt>
      <trkpt lat="40.40444095619022846221923828125" lon="116.68406643904745578765869140625">
        <ele>80.59999847412109375</ele>
        <time>2026-09-23T09:55:44.000Z</time>
        <extensions>
          <ns3:TrackPointExtension>
            <ns3:hr>169</ns3:hr>
            <ns3:cad>95</ns3:cad>
          </ns3:TrackPointExtension>
        </extensions>
      </trkpt>
      <trkpt lat="40.40443341247737407684326171875" lon="116.6840252839028835296630859375">
        <ele>80.40000152587890625</ele>
        <time>2026-09-23T09:55:45.000Z</time>
        <extensions>
          <ns3:TrackPointExtension>
            <ns3:hr>169</ns3:hr>
            <ns3:cad>95</ns3:cad>
          </ns3:TrackPointExtension>
        </extensions>
      </trkpt>
      <trkpt lat="40.4044224321842193603515625" lon="116.68397046625614166259765625">
        <ele>80.40000152587890625</ele>
        <time>2026-09-23T09:55:46.000Z</time>
        <extensions>
          <ns3:TrackPointExtension>
            <ns3:hr>171</ns3:hr>
            <ns3:cad>94</ns3:cad>
          </ns3:TrackPointExtension>
        </extensions>
      </trkpt>
      <trkpt lat="40.4044061712920665740966796875" lon="116.68393283151090145111083984375">
        <ele>80.40000152587890625</ele>
        <time>2026-09-23T09:55:47.000Z</time>
        <extensions>
          <ns3:TrackPointExtension>
            <ns3:hr>170</ns3:hr>
            <ns3:cad>94</ns3:cad>
          </ns3:TrackPointExtension>
        </extensions>
      </trkpt>
      <trkpt lat="40.40438462980091571807861328125" lon="116.68388555757701396942138671875">
        <ele>80.40000152587890625</ele>
        <time>2026-09-23T09:55:48.000Z</time>
        <extensions>
          <ns3:TrackPointExtension>
            <ns3:hr>168</ns3:hr>
            <ns3:cad>94</ns3:cad>
          </ns3:TrackPointExtension>
        </extensions>
      </trkpt>
      <trkpt lat="40.40435965172946453094482421875" lon="116.6838542930781841278076171875">
        <ele>80.40000152587890625</ele>
        <time>2026-09-23T09:55:49.000Z</time>
        <extensions>
          <ns3:TrackPointExtension>
            <ns3:hr>170</ns3:hr>
            <ns3:cad>94</ns3:cad>
          </ns3:TrackPointExtension>
        </extensions>
      </trkpt>
      <trkpt lat="40.40433601476252079010009765625" lon="116.68381565250456333160400390625">
        <ele>80.40000152587890625</ele>
        <time>2026-09-23T09:55:50.000Z</time>
        <extensions>
          <ns3:TrackPointExtension>
            <ns3:hr>171</ns3:hr>
            <ns3:cad>94</ns3:cad>
          </ns3:TrackPointExtension>
        </extensions>
      </trkpt>
      <trkpt lat="40.40430734865367412567138671875" lon="116.683782376348972320556640625">
        <ele>80.40000152587890625</ele>
        <time>2026-09-23T09:55:51.000Z</time>
        <extensions>
          <ns3:TrackPointExtension>
            <ns3:hr>169</ns3:hr>
            <ns3:cad>94</ns3:cad>
          </ns3:TrackPointExtension>
        </extensions>
      </trkpt>
      <trkpt lat="40.4042794369161128997802734375" lon="116.68375563807785511016845703125">
        <ele>80.40000152587890625</ele>
        <time>2026-09-23T09:55:52.000Z</time>
        <extensions>
          <ns3:TrackPointExtension>
            <ns3:hr>169</ns3:hr>
            <ns3:cad>94</ns3:cad>
          </ns3:TrackPointExtension>
        </extensions>
      </trkpt>
      <trkpt lat="40.4042462445795536041259765625" lon="116.683724038302898406982421875">
        <ele>80.1999969482421875</ele>
        <time>2026-09-23T09:55:53.000Z</time>
        <extensions>
          <ns3:TrackPointExtension>
            <ns3:hr>172</ns3:hr>
            <ns3:cad>94</ns3:cad>
          </ns3:TrackPointExtension>
        </extensions>
      </trkpt>
      <trkpt lat="40.4042187519371509552001953125" lon="116.6837109625339508056640625">
        <ele>80.1999969482421875</ele>
        <time>2026-09-23T09:55:54.000Z</time>
        <extensions>
          <ns3:TrackPointExtension>
            <ns3:hr>170</ns3:hr>
            <ns3:cad>94</ns3:cad>
          </ns3:TrackPointExtension>
        </extensions>
      </trkpt>
      <trkpt lat="40.4041801951825618743896484375" lon="116.68369210325181484222412109375">
        <ele>80.1999969482421875</ele>
        <time>2026-09-23T09:55:55.000Z</time>
        <extensions>
          <ns3:TrackPointExtension>
            <ns3:hr>169</ns3:hr>
            <ns3:cad>94</ns3:cad>
          </ns3:TrackPointExtension>
        </extensions>
      </trkpt>
      <trkpt lat="40.404150523245334625244140625" lon="116.6836913488805294036865234375">
        <ele>80.1999969482421875</ele>
        <time>2026-09-23T09:55:56.000Z</time>
        <extensions>
          <ns3:TrackPointExtension>
            <ns3:hr>171</ns3:hr>
            <ns3:cad>94</ns3:cad>
          </ns3:TrackPointExtension>
        </extensions>
      </trkpt>
      <trkpt lat="40.4041131399571895599365234375" lon="116.68368372134864330291748046875">
        <ele>80.1999969482421875</ele>
        <time>2026-09-23T09:55:57.000Z</time>
        <extensions>
          <ns3:TrackPointExtension>
            <ns3:hr>172</ns3:hr>
            <ns3:cad>94</ns3:cad>
          </ns3:TrackPointExtension>
        </extensions>
      </trkpt>
      <trkpt lat="40.404079444706439971923828125" lon="116.68368204496800899505615234375">
        <ele>80</ele>
        <time>2026-09-23T09:55:58.000Z</time>
        <extensions>
          <ns3:TrackPointExtension>
            <ns3:hr>170</ns3:hr>
            <ns3:cad>94</ns3:cad>
          </ns3:TrackPointExtension>
        </extensions>
      </trkpt>
      <trkpt lat="40.4040460847318172454833984375" lon="116.6836755909025669097900390625">
        <ele>80</ele>
        <time>2026-09-23T09:55:59.000Z</time>
        <extensions>
          <ns3:TrackPointExtension>
            <ns3:hr>171</ns3:hr>
            <ns3:cad>95</ns3:cad>
          </ns3:TrackPointExtension>
        </extensions>
      </trkpt>
      <trkpt lat="40.40400811471045017242431640625" lon="116.68367047794163227081298828125">
        <ele>80.1999969482421875</ele>
        <time>2026-09-23T09:56:00.000Z</time>
        <extensions>
          <ns3:TrackPointExtension>
            <ns3:hr>173</ns3:hr>
            <ns3:cad>95</ns3:cad>
          </ns3:TrackPointExtension>
        </extensions>
      </trkpt>
      <trkpt lat="40.40397877804934978485107421875" lon="116.68367282487452030181884765625">
        <ele>80.1999969482421875</ele>
        <time>2026-09-23T09:56:01.000Z</time>
        <extensions>
          <ns3:TrackPointExtension>
            <ns3:hr>171</ns3:hr>
            <ns3:cad>95</ns3:cad>
          </ns3:TrackPointExtension>
        </extensions>
      </trkpt>
      <trkpt lat="40.40393762290477752685546875" lon="116.68366737663745880126953125">
        <ele>80.1999969482421875</ele>
        <time>2026-09-23T09:56:02.000Z</time>
        <extensions>
          <ns3:TrackPointExtension>
            <ns3:hr>171</ns3:hr>
            <ns3:cad>95</ns3:cad>
          </ns3:TrackPointExtension>
        </extensions>
      </trkpt>
      <trkpt lat="40.40390811860561370849609375" lon="116.68367466889321804046630859375">
        <ele>80.1999969482421875</ele>
        <time>2026-09-23T09:56:03.000Z</time>
        <extensions>
          <ns3:TrackPointExtension>
            <ns3:hr>173</ns3:hr>
            <ns3:cad>95</ns3:cad>
          </ns3:TrackPointExtension>
        </extensions>
      </trkpt>
      <trkpt lat="40.4038714058697223663330078125" lon="116.68367081321775913238525390625">
        <ele>80.1999969482421875</ele>
        <time>2026-09-23T09:56:04.000Z</time>
        <extensions>
          <ns3:TrackPointExtension>
            <ns3:hr>173</ns3:hr>
            <ns3:cad>93</ns3:cad>
          </ns3:TrackPointExtension>
        </extensions>
      </trkpt>
      <trkpt lat="40.4038385488092899322509765625" lon="116.68367005884647369384765625">
        <ele>80.1999969482421875</ele>
        <time>2026-09-23T09:56:05.000Z</time>
        <extensions>
          <ns3:TrackPointExtension>
            <ns3:hr>170</ns3:hr>
            <ns3:cad>93</ns3:cad>
          </ns3:TrackPointExtension>
        </extensions>
      </trkpt>
      <trkpt lat="40.4038055241107940673828125" lon="116.683669053018093109130859375">
        <ele>80.1999969482421875</ele>
        <time>2026-09-23T09:56:06.000Z</time>
        <extensions>
          <ns3:TrackPointExtension>
            <ns3:hr>171</ns3:hr>
            <ns3:cad>93</ns3:cad>
          </ns3:TrackPointExtension>
        </extensions>
      </trkpt>
      <trkpt lat="40.40376621298491954803466796875" lon="116.6836668737232685089111328125">
        <ele>80.1999969482421875</ele>
        <time>2026-09-23T09:56:07.000Z</time>
        <extensions>
          <ns3:TrackPointExtension>
            <ns3:hr>173</ns3:hr>
            <ns3:cad>93</ns3:cad>
          </ns3:TrackPointExtension>
        </extensions>
      </trkpt>
      <trkpt lat="40.4037344455718994140625" lon="116.68366930447518825531005859375">
        <ele>80.1999969482421875</ele>
        <time>2026-09-23T09:56:08.000Z</time>
        <extensions>
          <ns3:TrackPointExtension>
            <ns3:hr>170</ns3:hr>
            <ns3:cad>93</ns3:cad>
          </ns3:TrackPointExtension>
        </extensions>
      </trkpt>
      <trkpt lat="40.40369664318859577178955078125" lon="116.68366360478103160858154296875">
        <ele>80.1999969482421875</ele>
        <time>2026-09-23T09:56:09.000Z</time>
        <extensions>
          <ns3:TrackPointExtension>
            <ns3:hr>171</ns3:hr>
            <ns3:cad>93</ns3:cad>
          </ns3:TrackPointExtension>
        </extensions>
      </trkpt>
      <trkpt lat="40.40366596542298793792724609375" lon="116.683672405779361724853515625">
        <ele>80.1999969482421875</ele>
        <time>2026-09-23T09:56:10.000Z</time>
        <extensions>
          <ns3:TrackPointExtension>
            <ns3:hr>172</ns3:hr>
            <ns3:cad>94</ns3:cad>
          </ns3:TrackPointExtension>
        </extensions>
      </trkpt>
      <trkpt lat="40.403628833591938018798828125" lon="116.683668382465839385986328125">
        <ele>80.1999969482421875</ele>
        <time>2026-09-23T09:56:11.000Z</time>
        <extensions>
          <ns3:TrackPointExtension>
            <ns3:hr>171</ns3:hr>
            <ns3:cad>94</ns3:cad>
          </ns3:TrackPointExtension>
        </extensions>
      </trkpt>
      <trkpt lat="40.40359421633183956146240234375" lon="116.6836675442755222320556640625">
        <ele>80.1999969482421875</ele>
        <time>2026-09-23T09:56:12.000Z</time>
        <extensions>
          <ns3:TrackPointExtension>
            <ns3:hr>170</ns3:hr>
            <ns3:cad>93</ns3:cad>
          </ns3:TrackPointExtension>
        </extensions>
      </trkpt>
      <trkpt lat="40.403563119471073150634765625" lon="116.68366746045649051666259765625">
        <ele>80</ele>
        <time>2026-09-23T09:56:13.000Z</time>
        <extensions>
          <ns3:TrackPointExtension>
            <ns3:hr>172</ns3:hr>
            <ns3:cad>93</ns3:cad>
          </ns3:TrackPointExtension>
        </extensions>
      </trkpt>
      <trkpt lat="40.40352246724069118499755859375" lon="116.683666706085205078125">
        <ele>80</ele>
        <time>2026-09-23T09:56:14.000Z</time>
        <extensions>
          <ns3:TrackPointExtension>
            <ns3:hr>173</ns3:hr>
            <ns3:cad>93</ns3:cad>
          </ns3:TrackPointExtension>
        </extensions>
      </trkpt>
      <trkpt lat="40.40349447168409824371337890625" lon="116.68367399834096431732177734375">
        <ele>80</ele>
        <time>2026-09-23T09:56:15.000Z</time>
        <extensions>
          <ns3:TrackPointExtension>
            <ns3:hr>170</ns3:hr>
            <ns3:cad>95</ns3:cad>
          </ns3:TrackPointExtension>
        </extensions>
      </trkpt>
      <trkpt lat="40.40345591492950916290283203125" lon="116.68366871774196624755859375">
        <ele>80.1999969482421875</ele>
        <time>2026-09-23T09:56:16.000Z</time>
        <extensions>
          <ns3:TrackPointExtension>
            <ns3:hr>172</ns3:hr>
            <ns3:cad>95</ns3:cad>
          </ns3:TrackPointExtension>
        </extensions>
      </trkpt>
      <trkpt lat="40.40342791937291622161865234375" lon="116.6836776025593280792236328125">
        <ele>80.1999969482421875</ele>
        <time>2026-09-23T09:56:17.000Z</time>
        <extensions>
          <ns3:TrackPointExtension>
            <ns3:hr>173</ns3:hr>
            <ns3:cad>95</ns3:cad>
          </ns3:TrackPointExtension>
        </extensions>
      </trkpt>
      <trkpt lat="40.40339690633118152618408203125" lon="116.68367542326450347900390625">
        <ele>80.1999969482421875</ele>
        <time>2026-09-23T09:56:18.000Z</time>
        <extensions>
          <ns3:TrackPointExtension>
            <ns3:hr>171</ns3:hr>
            <ns3:cad>94</ns3:cad>
          </ns3:TrackPointExtension>
        </extensions>
      </trkpt>
      <trkpt lat="40.4033651389181613922119140625" lon="116.6836734116077423095703125">
        <ele>80.1999969482421875</ele>
        <time>2026-09-23T09:56:19.000Z</time>
        <extensions>
          <ns3:TrackPointExtension>
            <ns3:hr>169</ns3:hr>
            <ns3:cad>94</ns3:cad>
          </ns3:TrackPointExtension>
        </extensions>
      </trkpt>
      <trkpt lat="40.403334461152553558349609375" lon="116.68367483653128147125244140625">
        <ele>80.1999969482421875</ele>
        <time>2026-09-23T09:56:20.000Z</time>
        <extensions>
          <ns3:TrackPointExtension>
            <ns3:hr>171</ns3:hr>
            <ns3:cad>94</ns3:cad>
          </ns3:TrackPointExtension>
        </extensions>
      </trkpt>
      <trkpt lat="40.40329389274120330810546875" lon="116.68367718346416950225830078125">
        <ele>80</ele>
        <time>2026-09-23T09:56:21.000Z</time>
        <extensions>
          <ns3:TrackPointExtension>
            <ns3:hr>172</ns3:hr>
            <ns3:cad>93</ns3:cad>
          </ns3:TrackPointExtension>
        </extensions>
      </trkpt>
      <trkpt lat="40.40326514281332492828369140625" lon="116.6836890019476413726806640625">
        <ele>80</ele>
        <time>2026-09-23T09:56:22.000Z</time>
        <extensions>
          <ns3:TrackPointExtension>
            <ns3:hr>170</ns3:hr>
            <ns3:cad>93</ns3:cad>
          </ns3:TrackPointExtension>
        </extensions>
      </trkpt>
      <trkpt lat="40.40322423912584781646728515625" lon="116.68370266444981098175048828125">
        <ele>80</ele>
        <time>2026-09-23T09:56:23.000Z</time>
        <extensions>
          <ns3:TrackPointExtension>
            <ns3:hr>171</ns3:hr>
            <ns3:cad>95</ns3:cad>
          </ns3:TrackPointExtension>
        </extensions>
      </trkpt>
      <trkpt lat="40.40319465100765228271484375" lon="116.6837191767990589141845703125">
        <ele>80.1999969482421875</ele>
        <time>2026-09-23T09:56:24.000Z</time>
        <extensions>
          <ns3:TrackPointExtension>
            <ns3:hr>172</ns3:hr>
            <ns3:cad>95</ns3:cad>
          </ns3:TrackPointExtension>
        </extensions>
      </trkpt>
      <trkpt lat="40.40316355414688587188720703125" lon="116.68373971246182918548583984375">
        <ele>80.1999969482421875</ele>
        <time>2026-09-23T09:56:25.000Z</time>
        <extensions>
          <ns3:TrackPointExtension>
            <ns3:hr>170</ns3:hr>
            <ns3:cad>95</ns3:cad>
          </ns3:TrackPointExtension>
        </extensions>
      </trkpt>
      <trkpt lat="40.40313203819096088409423828125" lon="116.6837644390761852264404296875">
        <ele>80</ele>
        <time>2026-09-23T09:56:26.000Z</time>
        <extensions>
          <ns3:TrackPointExtension>
            <ns3:hr>170</ns3:hr>
            <ns3:cad>94</ns3:cad>
          </ns3:TrackPointExtension>
        </extensions>
      </trkpt>
      <trkpt lat="40.4031076468527317047119140625" lon="116.6837885789573192596435546875">
        <ele>80</ele>
        <time>2026-09-23T09:56:27.000Z</time>
        <extensions>
          <ns3:TrackPointExtension>
            <ns3:hr>171</ns3:hr>
            <ns3:cad>93</ns3:cad>
          </ns3:TrackPointExtension>
        </extensions>
      </trkpt>
      <trkpt lat="40.403077304363250732421875" lon="116.68382269330322742462158203125">
        <ele>80</ele>
        <time>2026-09-23T09:56:28.000Z</time>
        <extensions>
          <ns3:TrackPointExtension>
            <ns3:hr>171</ns3:hr>
            <ns3:cad>93</ns3:cad>
          </ns3:TrackPointExtension>
        </extensions>
      </trkpt>
      <trkpt lat="40.403062216937541961669921875" lon="116.6838536225259304046630859375">
        <ele>80</ele>
        <time>2026-09-23T09:56:29.000Z</time>
        <extensions>
          <ns3:TrackPointExtension>
            <ns3:hr>168</ns3:hr>
            <ns3:cad>93</ns3:cad>
          </ns3:TrackPointExtension>
        </extensions>
      </trkpt>
      <trkpt lat="40.40303707122802734375" lon="116.68389536440372467041015625">
        <ele>79.8000030517578125</ele>
        <time>2026-09-23T09:56:30.000Z</time>
        <extensions>
          <ns3:TrackPointExtension>
            <ns3:hr>171</ns3:hr>
            <ns3:cad>93</ns3:cad>
          </ns3:TrackPointExtension>
        </extensions>
      </trkpt>
      <trkpt lat="40.403029359877109527587890625" lon="116.6839330829679965972900390625">
        <ele>79.8000030517578125</ele>
        <time>2026-09-23T09:56:31.000Z</time>
        <extensions>
          <ns3:TrackPointExtension>
            <ns3:hr>172</ns3:hr>
            <ns3:cad>93</ns3:cad>
          </ns3:TrackPointExtension>
        </extensions>
      </trkpt>
      <trkpt lat="40.4030134342610836029052734375" lon="116.68397591449320316314697265625">
        <ele>79.8000030517578125</ele>
        <time>2026-09-23T09:56:32.000Z</time>
        <extensions>
          <ns3:TrackPointExtension>
            <ns3:hr>170</ns3:hr>
            <ns3:cad>93</ns3:cad>
          </ns3:TrackPointExtension>
        </extensions>
      </trkpt>
      <trkpt lat="40.40300396271049976348876953125" lon="116.68402017094194889068603515625">
        <ele>79.8000030517578125</ele>
        <time>2026-09-23T09:56:33.000Z</time>
        <extensions>
          <ns3:TrackPointExtension>
            <ns3:hr>170</ns3:hr>
            <ns3:cad>94</ns3:cad>
          </ns3:TrackPointExtension>
        </extensions>
      </trkpt>
      <trkpt lat="40.40299675427377223968505859375" lon="116.684064008295536041259765625">
        <ele>79.8000030517578125</ele>
        <time>2026-09-23T09:56:34.000Z</time>
        <extensions>
          <ns3:TrackPointExtension>
            <ns3:hr>171</ns3:hr>
            <ns3:cad>94</ns3:cad>
          </ns3:TrackPointExtension>
        </extensions>
      </trkpt>
      <trkpt lat="40.40299239568412303924560546875" lon="116.68411421589553356170654296875">
        <ele>79.8000030517578125</ele>
        <time>2026-09-23T09:56:35.000Z</time>
        <extensions>
          <ns3:TrackPointExtension>
            <ns3:hr>170</ns3:hr>
            <ns3:cad>94</ns3:cad>
          </ns3:TrackPointExtension>
        </extensions>
      </trkpt>
      <trkpt lat="40.40299608372151851654052734375" lon="116.684153862297534942626953125">
        <ele>79.8000030517578125</ele>
        <time>2026-09-23T09:56:36.000Z</time>
        <extensions>
          <ns3:TrackPointExtension>
            <ns3:hr>169</ns3:hr>
            <ns3:cad>94</ns3:cad>
          </ns3:TrackPointExtension>
        </extensions>
      </trkpt>
      <trkpt lat="40.40299993939697742462158203125" lon="116.68420541100203990936279296875">
        <ele>80</ele>
        <time>2026-09-23T09:56:37.000Z</time>
        <extensions>
          <ns3:TrackPointExtension>
            <ns3:hr>170</ns3:hr>
            <ns3:cad>94</ns3:cad>
          </ns3:TrackPointExtension>
        </extensions>
      </trkpt>
      <trkpt lat="40.40301335044205188751220703125" lon="116.68424447067081928253173828125">
        <ele>80</ele>
        <time>2026-09-23T09:56:38.000Z</time>
        <extensions>
          <ns3:TrackPointExtension>
            <ns3:hr>169</ns3:hr>
            <ns3:cad>95</ns3:cad>
          </ns3:TrackPointExtension>
        </extensions>
      </trkpt>
      <trkpt lat="40.4030208103358745574951171875" lon="116.684291996061801910400390625">
        <ele>80</ele>
        <time>2026-09-23T09:56:39.000Z</time>
        <extensions>
          <ns3:TrackPointExtension>
            <ns3:hr>168</ns3:hr>
            <ns3:cad>95</ns3:cad>
          </ns3:TrackPointExtension>
        </extensions>
      </trkpt>
      <trkpt lat="40.40304017253220081329345703125" lon="116.68433013372123241424560546875">
        <ele>80</ele>
        <time>2026-09-23T09:56:40.000Z</time>
        <extensions>
          <ns3:TrackPointExtension>
            <ns3:hr>171</ns3:hr>
            <ns3:cad>95</ns3:cad>
          </ns3:TrackPointExtension>
        </extensions>
      </trkpt>
      <trkpt lat="40.4030580259859561920166015625" lon="116.68436952866613864898681640625">
        <ele>80</ele>
        <time>2026-09-23T09:56:41.000Z</time>
        <extensions>
          <ns3:TrackPointExtension>
            <ns3:hr>170</ns3:hr>
            <ns3:cad>95</ns3:cad>
          </ns3:TrackPointExtension>
        </extensions>
      </trkpt>
      <trkpt lat="40.40308325551450252532958984375" lon="116.68441110290586948394775390625">
        <ele>80</ele>
        <time>2026-09-23T09:56:42.000Z</time>
        <extensions>
          <ns3:TrackPointExtension>
            <ns3:hr>168</ns3:hr>
            <ns3:cad>94</ns3:cad>
          </ns3:TrackPointExtension>
        </extensions>
      </trkpt>
      <trkpt lat="40.40310689248144626617431640625" lon="116.68443993665277957916259765625">
        <ele>80</ele>
        <time>2026-09-23T09:56:43.000Z</time>
        <extensions>
          <ns3:TrackPointExtension>
            <ns3:hr>171</ns3:hr>
            <ns3:cad>92</ns3:cad>
          </ns3:TrackPointExtension>
        </extensions>
      </trkpt>
      <trkpt lat="40.4031374864280223846435546875" lon="116.6844762302935123443603515625">
        <ele>80</ele>
        <time>2026-09-23T09:56:44.000Z</time>
        <extensions>
          <ns3:TrackPointExtension>
            <ns3:hr>171</ns3:hr>
            <ns3:cad>92</ns3:cad>
          </ns3:TrackPointExtension>
        </extensions>
      </trkpt>
      <trkpt lat="40.4031649790704250335693359375" lon="116.68449223972856998443603515625">
        <ele>80</ele>
        <time>2026-09-23T09:56:45.000Z</time>
        <extensions>
          <ns3:TrackPointExtension>
            <ns3:hr>168</ns3:hr>
            <ns3:cad>92</ns3:cad>
          </ns3:TrackPointExtension>
        </extensions>
      </trkpt>
      <trkpt lat="40.40319758467376232147216796875" lon="116.684519983828067779541015625">
        <ele>80</ele>
        <time>2026-09-23T09:56:46.000Z</time>
        <extensions>
          <ns3:TrackPointExtension>
            <ns3:hr>169</ns3:hr>
            <ns3:cad>94</ns3:cad>
          </ns3:TrackPointExtension>
        </extensions>
      </trkpt>
      <trkpt lat="40.403226502239704132080078125" lon="116.6845305450260639190673828125">
        <ele>80</ele>
        <time>2026-09-23T09:56:47.000Z</time>
        <extensions>
          <ns3:TrackPointExtension>
            <ns3:hr>170</ns3:hr>
            <ns3:cad>94</ns3:cad>
          </ns3:TrackPointExtension>
        </extensions>
      </trkpt>
      <trkpt lat="40.4032610356807708740234375" lon="116.68454370461404323577880859375">
        <ele>80</ele>
        <time>2026-09-23T09:56:48.000Z</time>
        <extensions>
          <ns3:TrackPointExtension>
            <ns3:hr>168</ns3:hr>
            <ns3:cad>94</ns3:cad>
          </ns3:TrackPointExtension>
        </extensions>
      </trkpt>
      <trkpt lat="40.4032957367599010467529296875" lon="116.68455309234559535980224609375">
        <ele>80</ele>
        <time>2026-09-23T09:56:49.000Z</time>
        <extensions>
          <ns3:TrackPointExtension>
            <ns3:hr>168</ns3:hr>
            <ns3:cad>94</ns3:cad>
          </ns3:TrackPointExtension>
        </extensions>
      </trkpt>
      <trkpt lat="40.4033262468874454498291015625" lon="116.68455258943140506744384765625">
        <ele>80</ele>
        <time>2026-09-23T09:56:50.000Z</time>
        <extensions>
          <ns3:TrackPointExtension>
            <ns3:hr>170</ns3:hr>
            <ns3:cad>94</ns3:cad>
          </ns3:TrackPointExtension>
        </extensions>
      </trkpt>
      <trkpt lat="40.40336824022233486175537109375" lon="116.68455795384943485260009765625">
        <ele>79.8000030517578125</ele>
        <time>2026-09-23T09:56:51.000Z</time>
        <extensions>
          <ns3:TrackPointExtension>
            <ns3:hr>168</ns3:hr>
            <ns3:cad>93</ns3:cad>
          </ns3:TrackPointExtension>
        </extensions>
      </trkpt>
      <trkpt lat="40.40339573286473751068115234375" lon="116.68454848229885101318359375">
        <ele>79.8000030517578125</ele>
        <time>2026-09-23T09:56:52.000Z</time>
        <extensions>
          <ns3:TrackPointExtension>
            <ns3:hr>169</ns3:hr>
            <ns3:cad>93</ns3:cad>
          </ns3:TrackPointExtension>
        </extensions>
      </trkpt>
      <trkpt lat="40.40343479253351688385009765625" lon="116.68455258943140506744384765625">
        <ele>79.8000030517578125</ele>
        <time>2026-09-23T09:56:53.000Z</time>
        <extensions>
          <ns3:TrackPointExtension>
            <ns3:hr>170</ns3:hr>
            <ns3:cad>93</ns3:cad>
          </ns3:TrackPointExtension>
        </extensions>
      </trkpt>
      <trkpt lat="40.4034660570323467254638671875" lon="116.6845459677278995513916015625">
        <ele>79.8000030517578125</ele>
        <time>2026-09-23T09:56:54.000Z</time>
        <extensions>
          <ns3:TrackPointExtension>
            <ns3:hr>168</ns3:hr>
            <ns3:cad>96</ns3:cad>
          </ns3:TrackPointExtension>
        </extensions>
      </trkpt>
      <trkpt lat="40.4035026021301746368408203125" lon="116.6845520026981830596923828125">
        <ele>79.8000030517578125</ele>
        <time>2026-09-23T09:56:55.000Z</time>
        <extensions>
          <ns3:TrackPointExtension>
            <ns3:hr>169</ns3:hr>
            <ns3:cad>96</ns3:cad>
          </ns3:TrackPointExtension>
        </extensions>
      </trkpt>
      <trkpt lat="40.40354023687541484832763671875" lon="116.68455275706946849822998046875">
        <ele>79.8000030517578125</ele>
        <time>2026-09-23T09:56:56.000Z</time>
        <extensions>
          <ns3:TrackPointExtension>
            <ns3:hr>171</ns3:hr>
            <ns3:cad>95</ns3:cad>
          </ns3:TrackPointExtension>
        </extensions>
      </trkpt>
      <trkpt lat="40.4035730101168155670166015625" lon="116.68454890139400959014892578125">
        <ele>79.8000030517578125</ele>
        <time>2026-09-23T09:56:57.000Z</time>
        <extensions>
          <ns3:TrackPointExtension>
            <ns3:hr>169</ns3:hr>
            <ns3:cad>94</ns3:cad>
          </ns3:TrackPointExtension>
        </extensions>
      </trkpt>
      <trkpt lat="40.40361483581364154815673828125" lon="116.6845531761646270751953125">
        <ele>79.8000030517578125</ele>
        <time>2026-09-23T09:56:58.000Z</time>
        <extensions>
          <ns3:TrackPointExtension>
            <ns3:hr>168</ns3:hr>
            <ns3:cad>94</ns3:cad>
          </ns3:TrackPointExtension>
        </extensions>
      </trkpt>
      <trkpt lat="40.403642244637012481689453125" lon="116.6845473088324069976806640625">
        <ele>79.8000030517578125</ele>
        <time>2026-09-23T09:56:59.000Z</time>
        <extensions>
          <ns3:TrackPointExtension>
            <ns3:hr>170</ns3:hr>
            <ns3:cad>93</ns3:cad>
          </ns3:TrackPointExtension>
        </extensions>
      </trkpt>
      <trkpt lat="40.4036792926490306854248046875" lon="116.6845533438026905059814453125">
        <ele>79.8000030517578125</ele>
        <time>2026-09-23T09:57:00.000Z</time>
        <extensions>
          <ns3:TrackPointExtension>
            <ns3:hr>171</ns3:hr>
            <ns3:cad>93</ns3:cad>
          </ns3:TrackPointExtension>
        </extensions>
      </trkpt>
      <trkpt lat="40.4037104733288288116455078125" lon="116.6845504939556121826171875">
        <ele>79.8000030517578125</ele>
        <time>2026-09-23T09:57:01.000Z</time>
        <extensions>
          <ns3:TrackPointExtension>
            <ns3:hr>168</ns3:hr>
            <ns3:cad>93</ns3:cad>
          </ns3:TrackPointExtension>
        </extensions>
      </trkpt>
      <trkpt lat="40.40374341420829296112060546875" lon="116.68455426581203937530517578125">
        <ele>79.8000030517578125</ele>
        <time>2026-09-23T09:57:02.000Z</time>
        <extensions>
          <ns3:TrackPointExtension>
            <ns3:hr>170</ns3:hr>
            <ns3:cad>94</ns3:cad>
          </ns3:TrackPointExtension>
        </extensions>
      </trkpt>
      <trkpt lat="40.40377409197390079498291015625" lon="116.6845489852130413055419921875">
        <ele>79.8000030517578125</ele>
        <time>2026-09-23T09:57:03.000Z</time>
        <extensions>
          <ns3:TrackPointExtension>
            <ns3:hr>172</ns3:hr>
            <ns3:cad>94</ns3:cad>
          </ns3:TrackPointExtension>
        </extensions>
      </trkpt>
      <trkpt lat="40.40380778722465038299560546875" lon="116.68455108068883419036865234375">
        <ele>79.8000030517578125</ele>
        <time>2026-09-23T09:57:04.000Z</time>
        <extensions>
          <ns3:TrackPointExtension>
            <ns3:hr>170</ns3:hr>
            <ns3:cad>94</ns3:cad>
          </ns3:TrackPointExtension>
        </extensions>
      </trkpt>
      <trkpt lat="40.40384433232247829437255859375" lon="116.68455610983073711395263671875">
        <ele>79.59999847412109375</ele>
        <time>2026-09-23T09:57:05.000Z</time>
        <extensions>
          <ns3:TrackPointExtension>
            <ns3:hr>168</ns3:hr>
            <ns3:cad>93</ns3:cad>
          </ns3:TrackPointExtension>
        </extensions>
      </trkpt>
      <trkpt lat="40.40387668646872043609619140625" lon="116.68456113897264003753662109375">
        <ele>79.59999847412109375</ele>
        <time>2026-09-23T09:57:06.000Z</time>
        <extensions>
          <ns3:TrackPointExtension>
            <ns3:hr>169</ns3:hr>
            <ns3:cad>92</ns3:cad>
          </ns3:TrackPointExtension>
        </extensions>
      </trkpt>
      <trkpt lat="40.40391608141362667083740234375" lon="116.684570610523223876953125">
        <ele>79.59999847412109375</ele>
        <time>2026-09-23T09:57:07.000Z</time>
        <extensions>
          <ns3:TrackPointExtension>
            <ns3:hr>172</ns3:hr>
            <ns3:cad>92</ns3:cad>
          </ns3:TrackPointExtension>
        </extensions>
      </trkpt>
      <trkpt lat="40.40394793264567852020263671875" lon="116.6845717839896678924560546875">
        <ele>79.59999847412109375</ele>
        <time>2026-09-23T09:57:08.000Z</time>
        <extensions>
          <ns3:TrackPointExtension>
            <ns3:hr>168</ns3:hr>
            <ns3:cad>92</ns3:cad>
          </ns3:TrackPointExtension>
        </extensions>
      </trkpt>
      <trkpt lat="40.4039890877902507781982421875" lon="116.68457672931253910064697265625">
        <ele>79.59999847412109375</ele>
        <time>2026-09-23T09:57:09.000Z</time>
        <extensions>
          <ns3:TrackPointExtension>
            <ns3:hr>167</ns3:hr>
            <ns3:cad>94</ns3:cad>
          </ns3:TrackPointExtension>
        </extensions>
      </trkpt>
      <trkpt lat="40.40401901118457317352294921875" lon="116.68457086198031902313232421875">
        <ele>79.8000030517578125</ele>
        <time>2026-09-23T09:57:10.000Z</time>
        <extensions>
          <ns3:TrackPointExtension>
            <ns3:hr>169</ns3:hr>
            <ns3:cad>94</ns3:cad>
          </ns3:TrackPointExtension>
        </extensions>
      </trkpt>
      <trkpt lat="40.40405605919659137725830078125" lon="116.68457538820803165435791015625">
        <ele>79.8000030517578125</ele>
        <time>2026-09-23T09:57:11.000Z</time>
        <extensions>
          <ns3:TrackPointExtension>
            <ns3:hr>169</ns3:hr>
            <ns3:cad>94</ns3:cad>
          </ns3:TrackPointExtension>
        </extensions>
      </trkpt>
      <trkpt lat="40.40408673696219921112060546875" lon="116.68456935323774814605712890625">
        <ele>79.8000030517578125</ele>
        <time>2026-09-23T09:57:12.000Z</time>
        <extensions>
          <ns3:TrackPointExtension>
            <ns3:hr>167</ns3:hr>
            <ns3:cad>93</ns3:cad>
          </ns3:TrackPointExtension>
        </extensions>
      </trkpt>
      <trkpt lat="40.40412194095551967620849609375" lon="116.6845680959522724151611328125">
        <ele>79.8000030517578125</ele>
        <time>2026-09-23T09:57:13.000Z</time>
        <extensions>
          <ns3:TrackPointExtension>
            <ns3:hr>169</ns3:hr>
            <ns3:cad>92</ns3:cad>
          </ns3:TrackPointExtension>
        </extensions>
      </trkpt>
      <trkpt lat="40.40415496565401554107666015625" lon="116.68455644510686397552490234375">
        <ele>79.8000030517578125</ele>
        <time>2026-09-23T09:57:14.000Z</time>
        <extensions>
          <ns3:TrackPointExtension>
            <ns3:hr>170</ns3:hr>
            <ns3:cad>92</ns3:cad>
          </ns3:TrackPointExtension>
        </extensions>
      </trkpt>
      <trkpt lat="40.404187403619289398193359375" lon="116.68454739265143871307373046875">
        <ele>79.8000030517578125</ele>
        <time>2026-09-23T09:57:15.000Z</time>
        <extensions>
          <ns3:TrackPointExtension>
            <ns3:hr>168</ns3:hr>
            <ns3:cad>92</ns3:cad>
          </ns3:TrackPointExtension>
        </extensions>
      </trkpt>
      <trkpt lat="40.404221601784229278564453125" lon="116.68453129939734935760498046875">
        <ele>79.59999847412109375</ele>
        <time>2026-09-23T09:57:16.000Z</time>
        <extensions>
          <ns3:TrackPointExtension>
            <ns3:hr>168</ns3:hr>
            <ns3:cad>92</ns3:cad>
          </ns3:TrackPointExtension>
        </extensions>
      </trkpt>
      <trkpt lat="40.40424850769340991973876953125" lon="116.68451227247714996337890625">
        <ele>79.59999847412109375</ele>
        <time>2026-09-23T09:57:17.000Z</time>
        <extensions>
          <ns3:TrackPointExtension>
            <ns3:hr>170</ns3:hr>
            <ns3:cad>92</ns3:cad>
          </ns3:TrackPointExtension>
        </extensions>
      </trkpt>
      <trkpt lat="40.40428354404866695404052734375" lon="116.68448922224342823028564453125">
        <ele>79.59999847412109375</ele>
        <time>2026-09-23T09:57:18.000Z</time>
        <extensions>
          <ns3:TrackPointExtension>
            <ns3:hr>170</ns3:hr>
            <ns3:cad>93</ns3:cad>
          </ns3:TrackPointExtension>
        </extensions>
      </trkpt>
      <trkpt lat="40.4043106175959110260009765625" lon="116.68446474708616733551025390625">
        <ele>79.59999847412109375</ele>
        <time>2026-09-23T09:57:19.000Z</time>
        <extensions>
          <ns3:TrackPointExtension>
            <ns3:hr>168</ns3:hr>
            <ns3:cad>93</ns3:cad>
          </ns3:TrackPointExtension>
        </extensions>
      </trkpt>
      <trkpt lat="40.40433903224766254425048828125" lon="116.684438847005367279052734375">
        <ele>79.59999847412109375</ele>
        <time>2026-09-23T09:57:20.000Z</time>
        <extensions>
          <ns3:TrackPointExtension>
            <ns3:hr>171</ns3:hr>
            <ns3:cad>93</ns3:cad>
          </ns3:TrackPointExtension>
        </extensions>
      </trkpt>
      <trkpt lat="40.40436015464365482330322265625" lon="116.6844088397920131683349609375">
        <ele>79.59999847412109375</ele>
        <time>2026-09-23T09:57:21.000Z</time>
        <extensions>
          <ns3:TrackPointExtension>
            <ns3:hr>172</ns3:hr>
            <ns3:cad>93</ns3:cad>
          </ns3:TrackPointExtension>
        </extensions>
      </trkpt>
      <trkpt lat="40.40438278578221797943115234375" lon="116.68437589891254901885986328125">
        <ele>79.59999847412109375</ele>
        <time>2026-09-23T09:57:22.000Z</time>
        <extensions>
          <ns3:TrackPointExtension>
            <ns3:hr>170</ns3:hr>
            <ns3:cad>93</ns3:cad>
          </ns3:TrackPointExtension>
        </extensions>
      </trkpt>
      <trkpt lat="40.40440374054014682769775390625" lon="116.68433834798634052276611328125">
        <ele>79.59999847412109375</ele>
        <time>2026-09-23T09:57:23.000Z</time>
        <extensions>
          <ns3:TrackPointExtension>
            <ns3:hr>169</ns3:hr>
            <ns3:cad>93</ns3:cad>
          </ns3:TrackPointExtension>
        </extensions>
      </trkpt>
      <trkpt lat="40.40441798977553844451904296875" lon="116.6843045689165592193603515625">
        <ele>79.59999847412109375</ele>
        <time>2026-09-23T09:57:24.000Z</time>
        <extensions>
          <ns3:TrackPointExtension>
            <ns3:hr>172</ns3:hr>
            <ns3:cad>93</ns3:cad>
          </ns3:TrackPointExtension>
        </extensions>
      </trkpt>
      <trkpt lat="40.40443592704832553863525390625" lon="116.68425838463008403778076171875">
        <ele>79.59999847412109375</ele>
        <time>2026-09-23T09:57:25.000Z</time>
        <extensions>
          <ns3:TrackPointExtension>
            <ns3:hr>171</ns3:hr>
            <ns3:cad>93</ns3:cad>
          </ns3:TrackPointExtension>
        </extensions>
      </trkpt>
      <trkpt lat="40.40443919599056243896484375" lon="116.68421898968517780303955078125">
        <ele>79.59999847412109375</ele>
        <time>2026-09-23T09:57:26.000Z</time>
        <extensions>
          <ns3:TrackPointExtension>
            <ns3:hr>169</ns3:hr>
            <ns3:cad>94</ns3:cad>
          </ns3:TrackPointExtension>
        </extensions>
      </trkpt>
      <trkpt lat="40.40444648824632167816162109375" lon="116.68416786007583141326904296875">
        <ele>79.59999847412109375</ele>
        <time>2026-09-23T09:57:27.000Z</time>
        <extensions>
          <ns3:TrackPointExtension>
            <ns3:hr>170</ns3:hr>
            <ns3:cad>94</ns3:cad>
          </ns3:TrackPointExtension>
        </extensions>
      </trkpt>
      <trkpt lat="40.4044427163898944854736328125" lon="116.68412871658802032470703125">
        <ele>79.59999847412109375</ele>
        <time>2026-09-23T09:57:28.000Z</time>
        <extensions>
          <ns3:TrackPointExtension>
            <ns3:hr>171</ns3:hr>
            <ns3:cad>93</ns3:cad>
          </ns3:TrackPointExtension>
        </extensions>
      </trkpt>
      <trkpt lat="40.4044430516660213470458984375" lon="116.68408202938735485076904296875">
        <ele>79.59999847412109375</ele>
        <time>2026-09-23T09:57:29.000Z</time>
        <extensions>
          <ns3:TrackPointExtension>
            <ns3:hr>170</ns3:hr>
            <ns3:cad>93</ns3:cad>
          </ns3:TrackPointExtension>
        </extensions>
      </trkpt>
      <trkpt lat="40.4044350050389766693115234375" lon="116.6840383596718311309814453125">
        <ele>79.59999847412109375</ele>
        <time>2026-09-23T09:57:30.000Z</time>
        <extensions>
          <ns3:TrackPointExtension>
            <ns3:hr>169</ns3:hr>
            <ns3:cad>93</ns3:cad>
          </ns3:TrackPointExtension>
        </extensions>
      </trkpt>
      <trkpt lat="40.404426790773868560791015625" lon="116.68399770744144916534423828125">
        <ele>79.59999847412109375</ele>
        <time>2026-09-23T09:57:31.000Z</time>
        <extensions>
          <ns3:TrackPointExtension>
            <ns3:hr>170</ns3:hr>
            <ns3:cad>93</ns3:cad>
          </ns3:TrackPointExtension>
        </extensions>
      </trkpt>
      <trkpt lat="40.40441363118588924407958984375" lon="116.68395026586949825286865234375">
        <ele>79.59999847412109375</ele>
        <time>2026-09-23T09:57:32.000Z</time>
        <extensions>
          <ns3:TrackPointExtension>
            <ns3:hr>168</ns3:hr>
            <ns3:cad>93</ns3:cad>
          </ns3:TrackPointExtension>
        </extensions>
      </trkpt>
      <trkpt lat="40.40439703501760959625244140625" lon="116.68391556479036808013916015625">
        <ele>79.8000030517578125</ele>
        <time>2026-09-23T09:57:33.000Z</time>
        <extensions>
          <ns3:TrackPointExtension>
            <ns3:hr>168</ns3:hr>
            <ns3:cad>95</ns3:cad>
          </ns3:TrackPointExtension>
        </extensions>
      </trkpt>
      <trkpt lat="40.4043790139257907867431640625" lon="116.6838693805038928985595703125">
        <ele>79.8000030517578125</ele>
        <time>2026-09-23T09:57:34.000Z</time>
        <extensions>
          <ns3:TrackPointExtension>
            <ns3:hr>170</ns3:hr>
            <ns3:cad>95</ns3:cad>
          </ns3:TrackPointExtension>
        </extensions>
      </trkpt>
      <trkpt lat="40.404357723891735076904296875" lon="116.68384046293795108795166015625">
        <ele>79.8000030517578125</ele>
        <time>2026-09-23T09:57:35.000Z</time>
        <extensions>
          <ns3:TrackPointExtension>
            <ns3:hr>171</ns3:hr>
            <ns3:cad>95</ns3:cad>
          </ns3:TrackPointExtension>
        </extensions>
      </trkpt>
      <trkpt lat="40.4043334163725376129150390625" lon="116.683799810707569122314453125">
        <ele>79.8000030517578125</ele>
        <time>2026-09-23T09:57:36.000Z</time>
        <extensions>
          <ns3:TrackPointExtension>
            <ns3:hr>171</ns3:hr>
            <ns3:cad>93</ns3:cad>
          </ns3:TrackPointExtension>
        </extensions>
      </trkpt>
      <trkpt lat="40.4043059237301349639892578125" lon="116.68377676047384738922119140625">
        <ele>79.8000030517578125</ele>
        <time>2026-09-23T09:57:37.000Z</time>
        <extensions>
          <ns3:TrackPointExtension>
            <ns3:hr>170</ns3:hr>
            <ns3:cad>92</ns3:cad>
          </ns3:TrackPointExtension>
        </extensions>
      </trkpt>
      <trkpt lat="40.40427667088806629180908203125" lon="116.683748178184032440185546875">
        <ele>79.8000030517578125</ele>
        <time>2026-09-23T09:57:38.000Z</time>
        <extensions>
          <ns3:TrackPointExtension>
            <ns3:hr>170</ns3:hr>
            <ns3:cad>92</ns3:cad>
          </ns3:TrackPointExtension>
        </extensions>
      </trkpt>
      <trkpt lat="40.40424616076052188873291015625" lon="116.68372563086450099945068359375">
        <ele>79.8000030517578125</ele>
        <time>2026-09-23T09:57:39.000Z</time>
        <extensions>
          <ns3:TrackPointExtension>
            <ns3:hr>168</ns3:hr>
            <ns3:cad>92</ns3:cad>
          </ns3:TrackPointExtension>
        </extensions>
      </trkpt>
      <trkpt lat="40.40421900339424610137939453125" lon="116.68370618484914302825927734375">
        <ele>79.8000030517578125</ele>
        <time>2026-09-23T09:57:40.000Z</time>
        <extensions>
          <ns3:TrackPointExtension>
            <ns3:hr>168</ns3:hr>
            <ns3:cad>92</ns3:cad>
          </ns3:TrackPointExtension>
        </extensions>
      </trkpt>
      <trkpt lat="40.404184721410274505615234375" lon="116.68368749320507049560546875">
        <ele>79.8000030517578125</ele>
        <time>2026-09-23T09:57:41.000Z</time>
        <extensions>
          <ns3:TrackPointExtension>
            <ns3:hr>171</ns3:hr>
            <ns3:cad>92</ns3:cad>
          </ns3:TrackPointExtension>
        </extensions>
      </trkpt>
      <trkpt lat="40.40415597148239612579345703125" lon="116.6836869902908802032470703125">
        <ele>79.8000030517578125</ele>
        <time>2026-09-23T09:57:42.000Z</time>
        <extensions>
          <ns3:TrackPointExtension>
            <ns3:hr>169</ns3:hr>
            <ns3:cad>94</ns3:cad>
          </ns3:TrackPointExtension>
        </extensions>
      </trkpt>
      <trkpt lat="40.40411733090877532958984375" lon="116.68367919512093067169189453125">
        <ele>79.8000030517578125</ele>
        <time>2026-09-23T09:57:43.000Z</time>
        <extensions>
          <ns3:TrackPointExtension>
            <ns3:hr>169</ns3:hr>
            <ns3:cad>94</ns3:cad>
          </ns3:TrackPointExtension>
        </extensions>
      </trkpt>
      <trkpt lat="40.40408992208540439605712890625" lon="116.68368388898670673370361328125">
        <ele>79.8000030517578125</ele>
        <time>2026-09-23T09:57:44.000Z</time>
        <extensions>
          <ns3:TrackPointExtension>
            <ns3:hr>172</ns3:hr>
            <ns3:cad>93</ns3:cad>
          </ns3:TrackPointExtension>
        </extensions>
      </trkpt>
      <trkpt lat="40.40405337698757648468017578125" lon="116.683679781854152679443359375">
        <ele>79.8000030517578125</ele>
        <time>2026-09-23T09:57:45.000Z</time>
        <extensions>
          <ns3:TrackPointExtension>
            <ns3:hr>171</ns3:hr>
            <ns3:cad>93</ns3:cad>
          </ns3:TrackPointExtension>
        </extensions>
      </trkpt>
      <trkpt lat="40.4040199331939220428466796875" lon="116.68368036858737468719482421875">
        <ele>79.8000030517578125</ele>
        <time>2026-09-23T09:57:46.000Z</time>
        <extensions>
          <ns3:TrackPointExtension>
            <ns3:hr>169</ns3:hr>
            <ns3:cad>93</ns3:cad>
          </ns3:TrackPointExtension>
        </extensions>
      </trkpt>
      <trkpt lat="40.40398699231445789337158203125" lon="116.6836786083877086639404296875">
        <ele>79.8000030517578125</ele>
        <time>2026-09-23T09:57:47.000Z</time>
        <extensions>
          <ns3:TrackPointExtension>
            <ns3:hr>171</ns3:hr>
            <ns3:cad>93</ns3:cad>
          </ns3:TrackPointExtension>
        </extensions>
      </trkpt>
      <trkpt lat="40.403949357569217681884765625" lon="116.68367349542677402496337890625">
        <ele>79.8000030517578125</ele>
        <time>2026-09-23T09:57:48.000Z</time>
        <extensions>
          <ns3:TrackPointExtension>
            <ns3:hr>172</ns3:hr>
            <ns3:cad>93</ns3:cad>
          </ns3:TrackPointExtension>
        </extensions>
      </trkpt>
      <trkpt lat="40.40391708724200725555419921875" lon="116.6836782731115818023681640625">
        <ele>79.8000030517578125</ele>
        <time>2026-09-23T09:57:49.000Z</time>
        <extensions>
          <ns3:TrackPointExtension>
            <ns3:hr>170</ns3:hr>
            <ns3:cad>95</ns3:cad>
          </ns3:TrackPointExtension>
        </extensions>
      </trkpt>
      <trkpt lat="40.40387517772614955902099609375" lon="116.6836729086935520172119140625">
        <ele>79.8000030517578125</ele>
        <time>2026-09-23T09:57:50.000Z</time>
        <extensions>
          <ns3:TrackPointExtension>
            <ns3:hr>170</ns3:hr>
            <ns3:cad>95</ns3:cad>
          </ns3:TrackPointExtension>
        </extensions>
      </trkpt>
      <trkpt lat="40.4038445837795734405517578125" lon="116.68368070386350154876708984375">
        <ele>79.8000030517578125</ele>
        <time>2026-09-23T09:57:51.000Z</time>
        <extensions>
          <ns3:TrackPointExtension>
            <ns3:hr>171</ns3:hr>
            <ns3:cad>94</ns3:cad>
          </ns3:TrackPointExtension>
        </extensions>
      </trkpt>
      <trkpt lat="40.4038055241107940673828125" lon="116.6836755909025669097900390625">
        <ele>79.8000030517578125</ele>
        <time>2026-09-23T09:57:52.000Z</time>
        <extensions>
          <ns3:TrackPointExtension>
            <ns3:hr>171</ns3:hr>
            <ns3:cad>94</ns3:cad>
          </ns3:TrackPointExtension>
        </extensions>
      </trkpt>
      <trkpt lat="40.40377308614552021026611328125" lon="116.68367802165448665618896484375">
        <ele>79.8000030517578125</ele>
        <time>2026-09-23T09:57:53.000Z</time>
        <extensions>
          <ns3:TrackPointExtension>
            <ns3:hr>168</ns3:hr>
            <ns3:cad>94</ns3:cad>
          </ns3:TrackPointExtension>
        </extensions>
      </trkpt>
      <trkpt lat="40.40373779833316802978515625" lon="116.683679111301898956298828125">
        <ele>79.8000030517578125</ele>
        <time>2026-09-23T09:57:54.000Z</time>
        <extensions>
          <ns3:TrackPointExtension>
            <ns3:hr>171</ns3:hr>
            <ns3:cad>94</ns3:cad>
          </ns3:TrackPointExtension>
        </extensions>
      </trkpt>
      <trkpt lat="40.40370100177824497222900390625" lon="116.6836774349212646484375">
        <ele>79.8000030517578125</ele>
        <time>2026-09-23T09:57:55.000Z</time>
        <extensions>
          <ns3:TrackPointExtension>
            <ns3:hr>172</ns3:hr>
            <ns3:cad>95</ns3:cad>
          </ns3:TrackPointExtension>
        </extensions>
      </trkpt>
      <trkpt lat="40.40366915054619312286376953125" lon="116.6836759261786937713623046875">
        <ele>79.8000030517578125</ele>
        <time>2026-09-23T09:57:56.000Z</time>
        <extensions>
          <ns3:TrackPointExtension>
            <ns3:hr>170</ns3:hr>
            <ns3:cad>95</ns3:cad>
          </ns3:TrackPointExtension>
        </extensions>
      </trkpt>
      <trkpt lat="40.4036283306777477264404296875" lon="116.68367299251258373260498046875">
        <ele>79.8000030517578125</ele>
        <time>2026-09-23T09:57:57.000Z</time>
        <extensions>
          <ns3:TrackPointExtension>
            <ns3:hr>170</ns3:hr>
            <ns3:cad>95</ns3:cad>
          </ns3:TrackPointExtension>
        </extensions>
      </trkpt>
      <trkpt lat="40.4035991616547107696533203125" lon="116.68367785401642322540283203125">
        <ele>79.8000030517578125</ele>
        <time>2026-09-23T09:57:58.000Z</time>
        <extensions>
          <ns3:TrackPointExtension>
            <ns3:hr>172</ns3:hr>
            <ns3:cad>95</ns3:cad>
          </ns3:TrackPointExtension>
        </extensions>
      </trkpt>
      <trkpt lat="40.4035616107285022735595703125" lon="116.68367274105548858642578125">
        <ele>79.8000030517578125</ele>
        <time>2026-09-23T09:57:59.000Z</time>
        <extensions>
          <ns3:TrackPointExtension>
            <ns3:hr>172</ns3:hr>
            <ns3:cad>93</ns3:cad>
          </ns3:TrackPointExtension>
        </extensions>
      </trkpt>
      <trkpt lat="40.40352934040129184722900390625" lon="116.68367651291191577911376953125">
        <ele>79.8000030517578125</ele>
        <time>2026-09-23T09:58:00.000Z</time>
        <extensions>
          <ns3:TrackPointExtension>
            <ns3:hr>170</ns3:hr>
            <ns3:cad>93</ns3:cad>
          </ns3:TrackPointExtension>
        </extensions>
      </trkpt>
      <trkpt lat="40.40349598042666912078857421875" lon="116.683669053018093109130859375">
        <ele>79.8000030517578125</ele>
        <time>2026-09-23T09:58:01.000Z</time>
        <extensions>
          <ns3:TrackPointExtension>
            <ns3:hr>172</ns3:hr>
            <ns3:cad>93</ns3:cad>
          </ns3:TrackPointExtension>
        </extensions>
      </trkpt>
      <trkpt lat="40.40345993824303150177001953125" lon="116.683665700256824493408203125">
        <ele>79.8000030517578125</ele>
        <time>2026-09-23T09:58:02.000Z</time>
        <extensions>
          <ns3:TrackPointExtension>
            <ns3:hr>173</ns3:hr>
            <ns3:cad>93</ns3:cad>
          </ns3:TrackPointExtension>
        </extensions>
      </trkpt>
      <trkpt lat="40.403429009020328521728515625" lon="116.6836672089993953704833984375">
        <ele>79.8000030517578125</ele>
        <time>2026-09-23T09:58:03.000Z</time>
        <extensions>
          <ns3:TrackPointExtension>
            <ns3:hr>169</ns3:hr>
            <ns3:cad>93</ns3:cad>
          </ns3:TrackPointExtension>
        </extensions>
      </trkpt>
      <trkpt lat="40.4033909551799297332763671875" lon="116.68366511352360248565673828125">
        <ele>79.8000030517578125</ele>
        <time>2026-09-23T09:58:04.000Z</time>
        <extensions>
          <ns3:TrackPointExtension>
            <ns3:hr>170</ns3:hr>
            <ns3:cad>95</ns3:cad>
          </ns3:TrackPointExtension>
        </extensions>
      </trkpt>
      <trkpt lat="40.40336186997592449188232421875" lon="116.68367207050323486328125">
        <ele>79.8000030517578125</ele>
        <time>2026-09-23T09:58:05.000Z</time>
        <extensions>
          <ns3:TrackPointExtension>
            <ns3:hr>171</ns3:hr>
            <ns3:cad>95</ns3:cad>
          </ns3:TrackPointExtension>
        </extensions>
      </trkpt>
      <trkpt lat="40.40332247503101825714111328125" lon="116.68367131613194942474365234375">
        <ele>79.8000030517578125</ele>
        <time>2026-09-23T09:58:06.000Z</time>
        <extensions>
          <ns3:TrackPointExtension>
            <ns3:hr>171</ns3:hr>
            <ns3:cad>95</ns3:cad>
          </ns3:TrackPointExtension>
        </extensions>
      </trkpt>
      <trkpt lat="40.4032910428941249847412109375" lon="116.68367718346416950225830078125">
        <ele>79.8000030517578125</ele>
        <time>2026-09-23T09:58:07.000Z</time>
        <extensions>
          <ns3:TrackPointExtension>
            <ns3:hr>170</ns3:hr>
            <ns3:cad>95</ns3:cad>
          </ns3:TrackPointExtension>
        </extensions>
      </trkpt>
      <trkpt lat="40.40325709618628025054931640625" lon="116.68368321843445301055908203125">
        <ele>79.8000030517578125</ele>
        <time>2026-09-23T09:58:08.000Z</time>
        <extensions>
          <ns3:TrackPointExtension>
            <ns3:hr>170</ns3:hr>
            <ns3:cad>95</ns3:cad>
          </ns3:TrackPointExtension>
        </extensions>
      </trkpt>
      <trkpt lat="40.4032192938029766082763671875" lon="116.68369629420340061187744140625">
        <ele>79.8000030517578125</ele>
        <time>2026-09-23T09:58:09.000Z</time>
        <extensions>
          <ns3:TrackPointExtension>
            <ns3:hr>167</ns3:hr>
            <ns3:cad>95</ns3:cad>
          </ns3:TrackPointExtension>
        </extensions>
      </trkpt>
      <trkpt lat="40.40319071151316165924072265625" lon="116.6837128065526485443115234375">
        <ele>79.8000030517578125</ele>
        <time>2026-09-23T09:58:10.000Z</time>
        <extensions>
          <ns3:TrackPointExtension>
            <ns3:hr>167</ns3:hr>
            <ns3:cad>93</ns3:cad>
          </ns3:TrackPointExtension>
        </extensions>
      </trkpt>
      <trkpt lat="40.4031542502343654632568359375" lon="116.68373971246182918548583984375">
        <ele>79.8000030517578125</ele>
        <time>2026-09-23T09:58:11.000Z</time>
        <extensions>
          <ns3:TrackPointExtension>
            <ns3:hr>169</ns3:hr>
            <ns3:cad>95</ns3:cad>
          </ns3:TrackPointExtension>
        </extensions>
      </trkpt>
      <trkpt lat="40.4031304456293582916259765625" lon="116.683765612542629241943359375">
        <ele>79.8000030517578125</ele>
        <time>2026-09-23T09:58:12.000Z</time>
        <extensions>
          <ns3:TrackPointExtension>
            <ns3:hr>165</ns3:hr>
            <ns3:cad>95</ns3:cad>
          </ns3:TrackPointExtension>
        </extensions>
      </trkpt>
      <trkpt lat="40.40309851057827472686767578125" lon="116.68379670940339565277099609375">
        <ele>79.8000030517578125</ele>
        <time>2026-09-23T09:58:13.000Z</time>
        <extensions>
          <ns3:TrackPointExtension>
            <ns3:hr>167</ns3:hr>
            <ns3:cad>95</ns3:cad>
          </ns3:TrackPointExtension>
        </extensions>
      </trkpt>
      <trkpt lat="40.4030786454677581787109375" lon="116.6838294826447963714599609375">
        <ele>79.59999847412109375</ele>
        <time>2026-09-23T09:58:14.000Z</time>
        <extensions>
          <ns3:TrackPointExtension>
            <ns3:hr>168</ns3:hr>
            <ns3:cad>95</ns3:cad>
          </ns3:TrackPointExtension>
        </extensions>
      </trkpt>
      <trkpt lat="40.4030571877956390380859375" lon="116.68386376462876796722412109375">
        <ele>79.59999847412109375</ele>
        <time>2026-09-23T09:58:15.000Z</time>
        <extensions>
          <ns3:TrackPointExtension>
            <ns3:hr>165</ns3:hr>
            <ns3:cad>94</ns3:cad>
          </ns3:TrackPointExtension>
        </extensions>
      </trkpt>
      <trkpt lat="40.4030382446944713592529296875" lon="116.68390500359237194061279296875">
        <ele>79.59999847412109375</ele>
        <time>2026-09-23T09:58:16.000Z</time>
        <extensions>
          <ns3:TrackPointExtension>
            <ns3:hr>167</ns3:hr>
            <ns3:cad>94</ns3:cad>
          </ns3:TrackPointExtension>
        </extensions>
      </trkpt>
      <trkpt lat="40.403025336563587188720703125" lon="116.68394087813794612884521484375">
        <ele>79.59999847412109375</ele>
        <time>2026-09-23T09:58:17.000Z</time>
        <extensions>
          <ns3:TrackPointExtension>
            <ns3:hr>168</ns3:hr>
            <ns3:cad>94</ns3:cad>
          </ns3:TrackPointExtension>
        </extensions>
      </trkpt>
      <trkpt lat="40.40301184169948101043701171875" lon="116.6839914210140705108642578125">
        <ele>79.59999847412109375</ele>
        <time>2026-09-23T09:58:18.000Z</time>
        <extensions>
          <ns3:TrackPointExtension>
            <ns3:hr>166</ns3:hr>
            <ns3:cad>94</ns3:cad>
          </ns3:TrackPointExtension>
        </extensions>
      </trkpt>
      <trkpt lat="40.40301024913787841796875" lon="116.68403324671089649200439453125">
        <ele>79.59999847412109375</ele>
        <time>2026-09-23T09:58:19.000Z</time>
        <extensions>
          <ns3:TrackPointExtension>
            <ns3:hr>168</ns3:hr>
            <ns3:cad>94</ns3:cad>
          </ns3:TrackPointExtension>
        </extensions>
      </trkpt>
      <trkpt lat="40.403001196682453155517578125" lon="116.6840863041579723358154296875">
        <ele>79.59999847412109375</ele>
        <time>2026-09-23T09:58:20.000Z</time>
        <extensions>
          <ns3:TrackPointExtension>
            <ns3:hr>168</ns3:hr>
            <ns3:cad>94</ns3:cad>
          </ns3:TrackPointExtension>
        </extensions>
      </trkpt>
      <trkpt lat="40.4030035436153411865234375" lon="116.684129722416400909423828125">
        <ele>79.59999847412109375</ele>
        <time>2026-09-23T09:58:21.000Z</time>
        <extensions>
          <ns3:TrackPointExtension>
            <ns3:hr>166</ns3:hr>
            <ns3:cad>94</ns3:cad>
          </ns3:TrackPointExtension>
        </extensions>
      </trkpt>
      <trkpt lat="40.403003208339214324951171875" lon="116.68417875654995441436767578125">
        <ele>79.59999847412109375</ele>
        <time>2026-09-23T09:58:22.000Z</time>
        <extensions>
          <ns3:TrackPointExtension>
            <ns3:hr>168</ns3:hr>
            <ns3:cad>94</ns3:cad>
          </ns3:TrackPointExtension>
        </extensions>
      </trkpt>
      <trkpt lat="40.4030110873281955718994140625" lon="116.6842207498848438262939453125">
        <ele>79.59999847412109375</ele>
        <time>2026-09-23T09:58:23.000Z</time>
        <extensions>
          <ns3:TrackPointExtension>
            <ns3:hr>167</ns3:hr>
            <ns3:cad>94</ns3:cad>
          </ns3:TrackPointExtension>
        </extensions>
      </trkpt>
      <trkpt lat="40.40301720611751079559326171875" lon="116.6842646710574626922607421875">
        <ele>79.59999847412109375</ele>
        <time>2026-09-23T09:58:24.000Z</time>
        <extensions>
          <ns3:TrackPointExtension>
            <ns3:hr>165</ns3:hr>
            <ns3:cad>93</ns3:cad>
          </ns3:TrackPointExtension>
        </extensions>
      </trkpt>
      <trkpt lat="40.4030301980674266815185546875" lon="116.68430968187749385833740234375">
        <ele>79.8000030517578125</ele>
        <time>2026-09-23T09:58:25.000Z</time>
        <extensions>
          <ns3:TrackPointExtension>
            <ns3:hr>167</ns3:hr>
            <ns3:cad>92</ns3:cad>
          </ns3:TrackPointExtension>
        </extensions>
      </trkpt>
      <trkpt lat="40.4030452854931354522705078125" lon="116.68434287421405315399169921875">
        <ele>79.8000030517578125</ele>
        <time>2026-09-23T09:58:26.000Z</time>
        <extensions>
          <ns3:TrackPointExtension>
            <ns3:hr>166</ns3:hr>
            <ns3:cad>92</ns3:cad>
          </ns3:TrackPointExtension>
        </extensions>
      </trkpt>
      <trkpt lat="40.403068922460079193115234375" lon="116.68439014814794063568115234375">
        <ele>79.8000030517578125</ele>
        <time>2026-09-23T09:58:27.000Z</time>
        <extensions>
          <ns3:TrackPointExtension>
            <ns3:hr>166</ns3:hr>
            <ns3:cad>95</ns3:cad>
          </ns3:TrackPointExtension>
        </extensions>
      </trkpt>
      <trkpt lat="40.40308861993253231048583984375" lon="116.6844145394861698150634765625">
        <ele>79.8000030517578125</ele>
        <time>2026-09-23T09:58:28.000Z</time>
        <extensions>
          <ns3:TrackPointExtension>
            <ns3:hr>167</ns3:hr>
            <ns3:cad>95</ns3:cad>
          </ns3:TrackPointExtension>
        </extensions>
      </trkpt>
      <trkpt lat="40.40311242453753948211669921875" lon="116.68445535935461521148681640625">
        <ele>79.59999847412109375</ele>
        <time>2026-09-23T09:58:29.000Z</time>
        <extensions>
          <ns3:TrackPointExtension>
            <ns3:hr>165</ns3:hr>
            <ns3:cad>94</ns3:cad>
          </ns3:TrackPointExtension>
        </extensions>
      </trkpt>
      <trkpt lat="40.40313689969480037689208984375" lon="116.68447564356029033660888671875">
        <ele>79.59999847412109375</ele>
        <time>2026-09-23T09:58:30.000Z</time>
        <extensions>
          <ns3:TrackPointExtension>
            <ns3:hr>164</ns3:hr>
            <ns3:cad>94</ns3:cad>
          </ns3:TrackPointExtension>
        </extensions>
      </trkpt>
      <trkpt lat="40.40316380560398101806640625" lon="116.68450011871755123138427734375">
        <ele>79.59999847412109375</ele>
        <time>2026-09-23T09:58:31.000Z</time>
        <extensions>
          <ns3:TrackPointExtension>
            <ns3:hr>167</ns3:hr>
            <ns3:cad>94</ns3:cad>
          </ns3:TrackPointExtension>
        </extensions>
      </trkpt>
      <trkpt lat="40.4031912982463836669921875" lon="116.68451520614326000213623046875">
        <ele>79.59999847412109375</ele>
        <time>2026-09-23T09:58:32.000Z</time>
        <extensions>
          <ns3:TrackPointExtension>
            <ns3:hr>164</ns3:hr>
            <ns3:cad>92</ns3:cad>
          </ns3:TrackPointExtension>
        </extensions>
      </trkpt>
      <trkpt lat="40.40322323329746723175048828125" lon="116.6845302097499370574951171875">
        <ele>79.40000152587890625</ele>
        <time>2026-09-23T09:58:33.000Z</time>
        <extensions>
          <ns3:TrackPointExtension>
            <ns3:hr>165</ns3:hr>
            <ns3:cad>92</ns3:cad>
          </ns3:TrackPointExtension>
        </extensions>
      </trkpt>
      <trkpt lat="40.40325768291950225830078125" lon="116.68454471044242382049560546875">
        <ele>79.40000152587890625</ele>
        <time>2026-09-23T09:58:34.000Z</time>
        <extensions>
          <ns3:TrackPointExtension>
            <ns3:hr>165</ns3:hr>
            <ns3:cad>92</ns3:cad>
          </ns3:TrackPointExtension>
        </extensions>
      </trkpt>
      <trkpt lat="40.4032890312373638153076171875" lon="116.6845496557652950286865234375">
        <ele>79.40000152587890625</ele>
        <time>2026-09-23T09:58:35.000Z</time>
        <extensions>
          <ns3:TrackPointExtension>
            <ns3:hr>162</ns3:hr>
            <ns3:cad>92</ns3:cad>
          </ns3:TrackPointExtension>
        </extensions>
      </trkpt>
      <trkpt lat="40.40332884527742862701416015625" lon="116.68455921113491058349609375">
        <ele>79.40000152587890625</ele>
        <time>2026-09-23T09:58:36.000Z</time>
        <extensions>
          <ns3:TrackPointExtension>
            <ns3:hr>163</ns3:hr>
            <ns3:cad>94</ns3:cad>
          </ns3:TrackPointExtension>
        </extensions>
      </trkpt>
      <trkpt lat="40.40335851721465587615966796875" lon="116.684553511440753936767578125">
        <ele>79.40000152587890625</ele>
        <time>2026-09-23T09:58:37.000Z</time>
        <extensions>
          <ns3:TrackPointExtension>
            <ns3:hr>163</ns3:hr>
            <ns3:cad>94</ns3:cad>
          </ns3:TrackPointExtension>
        </extensions>
      </trkpt>
      <trkpt lat="40.4033973254263401031494140625" lon="116.68456030078232288360595703125">
        <ele>79.40000152587890625</ele>
        <time>2026-09-23T09:58:38.000Z</time>
        <extensions>
          <ns3:TrackPointExtension>
            <ns3:hr>165</ns3:hr>
            <ns3:cad>94</ns3:cad>
          </ns3:TrackPointExtension>
        </extensions>
      </trkpt>
      <trkpt lat="40.40343194268643856048583984375" lon="116.68455527164041996002197265625">
        <ele>79.40000152587890625</ele>
        <time>2026-09-23T09:58:39.000Z</time>
        <extensions>
          <ns3:TrackPointExtension>
            <ns3:hr>166</ns3:hr>
            <ns3:cad>93</ns3:cad>
          </ns3:TrackPointExtension>
        </extensions>
      </trkpt>
      <trkpt lat="40.40346915833652019500732421875" lon="116.68455946259200572967529296875">
        <ele>79.40000152587890625</ele>
        <time>2026-09-23T09:58:40.000Z</time>
        <extensions>
          <ns3:TrackPointExtension>
            <ns3:hr>165</ns3:hr>
            <ns3:cad>93</ns3:cad>
          </ns3:TrackPointExtension>
        </extensions>
      </trkpt>
      <trkpt lat="40.403510816395282745361328125" lon="116.68456197716295719146728515625">
        <ele>79.40000152587890625</ele>
        <time>2026-09-23T09:58:41.000Z</time>
        <extensions>
          <ns3:TrackPointExtension>
            <ns3:hr>167</ns3:hr>
            <ns3:cad>93</ns3:cad>
          </ns3:TrackPointExtension>
        </extensions>
      </trkpt>
      <trkpt lat="40.403543002903461456298828125" lon="116.6845558583736419677734375">
        <ele>79.40000152587890625</ele>
        <time>2026-09-23T09:58:42.000Z</time>
        <extensions>
          <ns3:TrackPointExtension>
            <ns3:hr>167</ns3:hr>
            <ns3:cad>93</ns3:cad>
          </ns3:TrackPointExtension>
        </extensions>
      </trkpt>
      <trkpt lat="40.40358197875320911407470703125" lon="116.684561558067798614501953125">
        <ele>79.40000152587890625</ele>
        <time>2026-09-23T09:58:43.000Z</time>
        <extensions>
          <ns3:TrackPointExtension>
            <ns3:hr>165</ns3:hr>
            <ns3:cad>95</ns3:cad>
          </ns3:TrackPointExtension>
        </extensions>
      </trkpt>
      <trkpt lat="40.40361081250011920928955078125" lon="116.68455443345010280609130859375">
        <ele>79.40000152587890625</ele>
        <time>2026-09-23T09:58:44.000Z</time>
        <extensions>
          <ns3:TrackPointExtension>
            <ns3:hr>168</ns3:hr>
            <ns3:cad>95</ns3:cad>
          </ns3:TrackPointExtension>
        </extensions>
      </trkpt>
      <trkpt lat="40.4036491177976131439208984375" lon="116.68456030078232288360595703125">
        <ele>79.40000152587890625</ele>
        <time>2026-09-23T09:58:45.000Z</time>
        <extensions>
          <ns3:TrackPointExtension>
            <ns3:hr>167</ns3:hr>
            <ns3:cad>95</ns3:cad>
          </ns3:TrackPointExtension>
        </extensions>
      </trkpt>
      <trkpt lat="40.40368071757256984710693359375" lon="116.68455426581203937530517578125">
        <ele>79.40000152587890625</ele>
        <time>2026-09-23T09:58:46.000Z</time>
        <extensions>
          <ns3:TrackPointExtension>
            <ns3:hr>166</ns3:hr>
            <ns3:cad>94</ns3:cad>
          </ns3:TrackPointExtension>
        </extensions>
      </trkpt>
      <trkpt lat="40.40371810086071491241455078125" lon="116.68455543927848339080810546875">
        <ele>79.40000152587890625</ele>
        <time>2026-09-23T09:58:47.000Z</time>
        <extensions>
          <ns3:TrackPointExtension>
            <ns3:hr>170</ns3:hr>
            <ns3:cad>94</ns3:cad>
          </ns3:TrackPointExtension>
        </extensions>
      </trkpt>
      <trkpt lat="40.4037540592253208160400390625" lon="116.68455510400235652923583984375">
        <ele>79.40000152587890625</ele>
        <time>2026-09-23T09:58:48.000Z</time>
        <extensions>
          <ns3:TrackPointExtension>
            <ns3:hr>169</ns3:hr>
            <ns3:cad>93</ns3:cad>
          </ns3:TrackPointExtension>
        </extensions>
      </trkpt>
      <trkpt lat="40.40378607809543609619140625" lon="116.68455292470753192901611328125">
        <ele>79.40000152587890625</ele>
        <time>2026-09-23T09:58:49.000Z</time>
        <extensions>
          <ns3:TrackPointExtension>
            <ns3:hr>167</ns3:hr>
            <ns3:cad>93</ns3:cad>
          </ns3:TrackPointExtension>
        </extensions>
      </trkpt>
      <trkpt lat="40.40382555685937404632568359375" lon="116.6845580376684665679931640625">
        <ele>79.40000152587890625</ele>
        <time>2026-09-23T09:58:50.000Z</time>
        <extensions>
          <ns3:TrackPointExtension>
            <ns3:hr>170</ns3:hr>
            <ns3:cad>95</ns3:cad>
          </ns3:TrackPointExtension>
        </extensions>
      </trkpt>
      <trkpt lat="40.4038553126156330108642578125" lon="116.68455024249851703643798828125">
        <ele>79.40000152587890625</ele>
        <time>2026-09-23T09:58:51.000Z</time>
        <extensions>
          <ns3:TrackPointExtension>
            <ns3:hr>170</ns3:hr>
            <ns3:cad>95</ns3:cad>
          </ns3:TrackPointExtension>
        </extensions>
      </trkpt>
      <trkpt lat="40.4038938693702220916748046875" lon="116.68455518782138824462890625">
        <ele>79.1999969482421875</ele>
        <time>2026-09-23T09:58:52.000Z</time>
        <extensions>
          <ns3:TrackPointExtension>
            <ns3:hr>168</ns3:hr>
            <ns3:cad>95</ns3:cad>
          </ns3:TrackPointExtension>
        </extensions>
      </trkpt>
      <trkpt lat="40.403924882411956787109375" lon="116.68454856611788272857666015625">
        <ele>79.1999969482421875</ele>
        <time>2026-09-23T09:58:53.000Z</time>
        <extensions>
          <ns3:TrackPointExtension>
            <ns3:hr>170</ns3:hr>
            <ns3:cad>95</ns3:cad>
          </ns3:TrackPointExtension>
        </extensions>
      </trkpt>
      <trkpt lat="40.403960086405277252197265625" lon="116.684556864202022552490234375">
        <ele>79.1999969482421875</ele>
        <time>2026-09-23T09:58:54.000Z</time>
        <extensions>
          <ns3:TrackPointExtension>
            <ns3:hr>171</ns3:hr>
            <ns3:cad>94</ns3:cad>
          </ns3:TrackPointExtension>
        </extensions>
      </trkpt>
      <trkpt lat="40.40399403311312198638916015625" lon="116.68455342762172222137451171875">
        <ele>79.1999969482421875</ele>
        <time>2026-09-23T09:58:55.000Z</time>
        <extensions>
          <ns3:TrackPointExtension>
            <ns3:hr>169</ns3:hr>
            <ns3:cad>94</ns3:cad>
          </ns3:TrackPointExtension>
        </extensions>
      </trkpt>
      <trkpt lat="40.40402756072580814361572265625" lon="116.68455384671688079833984375">
        <ele>79.1999969482421875</ele>
        <time>2026-09-23T09:58:56.000Z</time>
        <extensions>
          <ns3:TrackPointExtension>
            <ns3:hr>169</ns3:hr>
            <ns3:cad>93</ns3:cad>
          </ns3:TrackPointExtension>
        </extensions>
      </trkpt>
      <trkpt lat="40.40406812913715839385986328125" lon="116.6845603846013545989990234375">
        <ele>79.1999969482421875</ele>
        <time>2026-09-23T09:58:57.000Z</time>
        <extensions>
          <ns3:TrackPointExtension>
            <ns3:hr>171</ns3:hr>
            <ns3:cad>93</ns3:cad>
          </ns3:TrackPointExtension>
        </extensions>
      </trkpt>
      <trkpt lat="40.40409830398857593536376953125" lon="116.684553511440753936767578125">
        <ele>79.1999969482421875</ele>
        <time>2026-09-23T09:58:58.000Z</time>
        <extensions>
          <ns3:TrackPointExtension>
            <ns3:hr>169</ns3:hr>
            <ns3:cad>93</ns3:cad>
          </ns3:TrackPointExtension>
        </extensions>
      </trkpt>
      <trkpt lat="40.404135100543498992919921875" lon="116.684556193649768829345703125">
        <ele>79.1999969482421875</ele>
        <time>2026-09-23T09:58:59.000Z</time>
        <extensions>
          <ns3:TrackPointExtension>
            <ns3:hr>170</ns3:hr>
            <ns3:cad>95</ns3:cad>
          </ns3:TrackPointExtension>
        </extensions>
      </trkpt>
      <trkpt lat="40.40416695177555084228515625" lon="116.6845473088324069976806640625">
        <ele>79.1999969482421875</ele>
        <time>2026-09-23T09:59:00.000Z</time>
        <extensions>
          <ns3:TrackPointExtension>
            <ns3:hr>172</ns3:hr>
            <ns3:cad>95</ns3:cad>
          </ns3:TrackPointExtension>
        </extensions>
      </trkpt>
      <trkpt lat="40.4042006470263004302978515625" lon="116.6845399327576160430908203125">
        <ele>79.1999969482421875</ele>
        <time>2026-09-23T09:59:01.000Z</time>
        <extensions>
          <ns3:TrackPointExtension>
            <ns3:hr>169</ns3:hr>
            <ns3:cad>95</ns3:cad>
          </ns3:TrackPointExtension>
        </extensions>
      </trkpt>
      <trkpt lat="40.4042331688106060028076171875" lon="116.68452610261738300323486328125">
        <ele>79.1999969482421875</ele>
        <time>2026-09-23T09:59:02.000Z</time>
        <extensions>
          <ns3:TrackPointExtension>
            <ns3:hr>169</ns3:hr>
            <ns3:cad>95</ns3:cad>
          </ns3:TrackPointExtension>
        </extensions>
      </trkpt>
      <trkpt lat="40.40425948798656463623046875" lon="116.6845060698688030242919921875">
        <ele>79.1999969482421875</ele>
        <time>2026-09-23T09:59:03.000Z</time>
        <extensions>
          <ns3:TrackPointExtension>
            <ns3:hr>171</ns3:hr>
            <ns3:cad>94</ns3:cad>
          </ns3:TrackPointExtension>
        </extensions>
      </trkpt>
      <trkpt lat="40.4042931832373142242431640625" lon="116.6844832710921764373779296875">
        <ele>79</ele>
        <time>2026-09-23T09:59:04.000Z</time>
        <extensions>
          <ns3:TrackPointExtension>
            <ns3:hr>171</ns3:hr>
            <ns3:cad>94</ns3:cad>
          </ns3:TrackPointExtension>
        </extensions>
      </trkpt>
      <trkpt lat="40.4043122939765453338623046875" lon="116.684457957744598388671875">
        <ele>79</ele>
        <time>2026-09-23T09:59:05.000Z</time>
        <extensions>
          <ns3:TrackPointExtension>
            <ns3:hr>168</ns3:hr>
            <ns3:cad>93</ns3:cad>
          </ns3:TrackPointExtension>
        </extensions>
      </trkpt>
      <trkpt lat="40.4043431393802165985107421875" lon="116.68443021364510059356689453125">
        <ele>79</ele>
        <time>2026-09-23T09:59:06.000Z</time>
        <extensions>
          <ns3:TrackPointExtension>
            <ns3:hr>169</ns3:hr>
            <ns3:cad>93</ns3:cad>
          </ns3:TrackPointExtension>
        </extensions>
      </trkpt>
      <trkpt lat="40.40436317212879657745361328125" lon="116.684402637183666229248046875">
        <ele>79</ele>
        <time>2026-09-23T09:59:07.000Z</time>
        <extensions>
          <ns3:TrackPointExtension>
            <ns3:hr>170</ns3:hr>
            <ns3:cad>93</ns3:cad>
          </ns3:TrackPointExtension>
        </extensions>
      </trkpt>
      <trkpt lat="40.40438647381961345672607421875" lon="116.684368439018726348876953125">
        <ele>79</ele>
        <time>2026-09-23T09:59:08.000Z</time>
        <extensions>
          <ns3:TrackPointExtension>
            <ns3:hr>169</ns3:hr>
            <ns3:cad>93</ns3:cad>
          </ns3:TrackPointExtension>
        </extensions>
      </trkpt>
      <trkpt lat="40.404404662549495697021484375" lon="116.684329546988010406494140625">
        <ele>79</ele>
        <time>2026-09-23T09:59:09.000Z</time>
        <extensions>
          <ns3:TrackPointExtension>
            <ns3:hr>168</ns3:hr>
            <ns3:cad>93</ns3:cad>
          </ns3:TrackPointExtension>
        </extensions>
      </trkpt>
      <trkpt lat="40.40441765449941158294677734375" lon="116.6842938400804996490478515625">
        <ele>79</ele>
        <time>2026-09-23T09:59:10.000Z</time>
        <extensions>
          <ns3:TrackPointExtension>
            <ns3:hr>171</ns3:hr>
            <ns3:cad>93</ns3:cad>
          </ns3:TrackPointExtension>
        </extensions>
      </trkpt>
      <trkpt lat="40.404432825744152069091796875" lon="116.6842495836317539215087890625">
        <ele>79</ele>
        <time>2026-09-23T09:59:11.000Z</time>
        <extensions>
          <ns3:TrackPointExtension>
            <ns3:hr>169</ns3:hr>
            <ns3:cad>94</ns3:cad>
          </ns3:TrackPointExtension>
        </extensions>
      </trkpt>
      <trkpt lat="40.4044343344867229461669921875" lon="116.68421194888651371002197265625">
        <ele>79</ele>
        <time>2026-09-23T09:59:12.000Z</time>
        <extensions>
          <ns3:TrackPointExtension>
            <ns3:hr>168</ns3:hr>
            <ns3:cad>94</ns3:cad>
          </ns3:TrackPointExtension>
        </extensions>
      </trkpt>
      <trkpt lat="40.40444464422762393951416015625" lon="116.6841647587716579437255859375">
        <ele>79</ele>
        <time>2026-09-23T09:59:13.000Z</time>
        <extensions>
          <ns3:TrackPointExtension>
            <ns3:hr>169</ns3:hr>
            <ns3:cad>94</ns3:cad>
          </ns3:TrackPointExtension>
        </extensions>
      </trkpt>
      <trkpt lat="40.40443919599056243896484375" lon="116.68413005769252777099609375">
        <ele>79</ele>
        <time>2026-09-23T09:59:14.000Z</time>
        <extensions>
          <ns3:TrackPointExtension>
            <ns3:hr>170</ns3:hr>
            <ns3:cad>94</ns3:cad>
          </ns3:TrackPointExtension>
        </extensions>
      </trkpt>
      <trkpt lat="40.40444053709506988525390625" lon="116.6840819455683231353759765625">
        <ele>79</ele>
        <time>2026-09-23T09:59:15.000Z</time>
        <extensions>
          <ns3:TrackPointExtension>
            <ns3:hr>167</ns3:hr>
            <ns3:cad>94</ns3:cad>
          </ns3:TrackPointExtension>
        </extensions>
      </trkpt>
      <trkpt lat="40.40443274192512035369873046875" lon="116.684042550623416900634765625">
        <ele>79</ele>
        <time>2026-09-23T09:59:16.000Z</time>
        <extensions>
          <ns3:TrackPointExtension>
            <ns3:hr>168</ns3:hr>
            <ns3:cad>96</ns3:cad>
          </ns3:TrackPointExtension>
        </extensions>
      </trkpt>
      <trkpt lat="40.40442570112645626068115234375" lon="116.68399904854595661163330078125">
        <ele>79</ele>
        <time>2026-09-23T09:59:17.000Z</time>
        <extensions>
          <ns3:TrackPointExtension>
            <ns3:hr>170</ns3:hr>
            <ns3:cad>96</ns3:cad>
          </ns3:TrackPointExtension>
        </extensions>
      </trkpt>
      <trkpt lat="40.40441312827169895172119140625" lon="116.68395596556365489959716796875">
        <ele>79</ele>
        <time>2026-09-23T09:59:18.000Z</time>
        <extensions>
          <ns3:TrackPointExtension>
            <ns3:hr>167</ns3:hr>
            <ns3:cad>96</ns3:cad>
          </ns3:TrackPointExtension>
        </extensions>
      </trkpt>
      <trkpt lat="40.40439921431243419647216796875" lon="116.683919169008731842041015625">
        <ele>79.1999969482421875</ele>
        <time>2026-09-23T09:59:19.000Z</time>
        <extensions>
          <ns3:TrackPointExtension>
            <ns3:hr>167</ns3:hr>
            <ns3:cad>96</ns3:cad>
          </ns3:TrackPointExtension>
        </extensions>
      </trkpt>
      <trkpt lat="40.40438060648739337921142578125" lon="116.6838740743696689605712890625">
        <ele>79.1999969482421875</ele>
        <time>2026-09-23T09:59:20.000Z</time>
        <extensions>
          <ns3:TrackPointExtension>
            <ns3:hr>170</ns3:hr>
            <ns3:cad>92</ns3:cad>
          </ns3:TrackPointExtension>
        </extensions>
      </trkpt>
      <trkpt lat="40.40435881353914737701416015625" lon="116.68384918011724948883056640625">
        <ele>79.1999969482421875</ele>
        <time>2026-09-23T09:59:21.000Z</time>
        <extensions>
          <ns3:TrackPointExtension>
            <ns3:hr>169</ns3:hr>
            <ns3:cad>92</ns3:cad>
          </ns3:TrackPointExtension>
        </extensions>
      </trkpt>
      <trkpt lat="40.4043367691338062286376953125" lon="116.68381129391491413116455078125">
        <ele>79.1999969482421875</ele>
        <time>2026-09-23T09:59:22.000Z</time>
        <extensions>
          <ns3:TrackPointExtension>
            <ns3:hr>168</ns3:hr>
            <ns3:cad>92</ns3:cad>
          </ns3:TrackPointExtension>
        </extensions>
      </trkpt>
      <trkpt lat="40.40431103669106960296630859375" lon="116.68378547765314579010009765625">
        <ele>79.1999969482421875</ele>
        <time>2026-09-23T09:59:23.000Z</time>
        <extensions>
          <ns3:TrackPointExtension>
            <ns3:hr>171</ns3:hr>
            <ns3:cad>92</ns3:cad>
          </ns3:TrackPointExtension>
        </extensions>
      </trkpt>
      <trkpt lat="40.4042854718863964080810546875" lon="116.68375211767852306365966796875">
        <ele>79.1999969482421875</ele>
        <time>2026-09-23T09:59:24.000Z</time>
        <extensions>
          <ns3:TrackPointExtension>
            <ns3:hr>171</ns3:hr>
            <ns3:cad>94</ns3:cad>
          </ns3:TrackPointExtension>
        </extensions>
      </trkpt>
      <trkpt lat="40.4042539559304714202880859375" lon="116.68373334221541881561279296875">
        <ele>79.1999969482421875</ele>
        <time>2026-09-23T09:59:25.000Z</time>
        <extensions>
          <ns3:TrackPointExtension>
            <ns3:hr>167</ns3:hr>
            <ns3:cad>94</ns3:cad>
          </ns3:TrackPointExtension>
        </extensions>
      </trkpt>
      <trkpt lat="40.40422487072646617889404296875" lon="116.683711968362331390380859375">
        <ele>79.1999969482421875</ele>
        <time>2026-09-23T09:59:26.000Z</time>
        <extensions>
          <ns3:TrackPointExtension>
            <ns3:hr>170</ns3:hr>
            <ns3:cad>94</ns3:cad>
          </ns3:TrackPointExtension>
        </extensions>
      </trkpt>
      <trkpt lat="40.4041912592947483062744140625" lon="116.6836943663656711578369140625">
        <ele>79.1999969482421875</ele>
        <time>2026-09-23T09:59:27.000Z</time>
        <extensions>
          <ns3:TrackPointExtension>
            <ns3:hr>171</ns3:hr>
            <ns3:cad>94</ns3:cad>
          </ns3:TrackPointExtension>
        </extensions>
      </trkpt>
      <trkpt lat="40.404161252081394195556640625" lon="116.6836890019476413726806640625">
        <ele>79.40000152587890625</ele>
        <time>2026-09-23T09:59:28.000Z</time>
        <extensions>
          <ns3:TrackPointExtension>
            <ns3:hr>168</ns3:hr>
            <ns3:cad>93</ns3:cad>
          </ns3:TrackPointExtension>
        </extensions>
      </trkpt>
      <trkpt lat="40.4041228629648685455322265625" lon="116.6836799494922161102294921875">
        <ele>79.40000152587890625</ele>
        <time>2026-09-23T09:59:29.000Z</time>
        <extensions>
          <ns3:TrackPointExtension>
            <ns3:hr>168</ns3:hr>
            <ns3:cad>93</ns3:cad>
          </ns3:TrackPointExtension>
        </extensions>
      </trkpt>
      <trkpt lat="40.40409277193248271942138671875" lon="116.683680452406406402587890625">
        <ele>79.40000152587890625</ele>
        <time>2026-09-23T09:59:30.000Z</time>
        <extensions>
          <ns3:TrackPointExtension>
            <ns3:hr>169</ns3:hr>
            <ns3:cad>93</ns3:cad>
          </ns3:TrackPointExtension>
        </extensions>
      </trkpt>
      <trkpt lat="40.404057316482067108154296875" lon="116.6836739145219326019287109375">
        <ele>79.1999969482421875</ele>
        <time>2026-09-23T09:59:31.000Z</time>
        <extensions>
          <ns3:TrackPointExtension>
            <ns3:hr>168</ns3:hr>
            <ns3:cad>93</ns3:cad>
          </ns3:TrackPointExtension>
        </extensions>
      </trkpt>
      <trkpt lat="40.4040279798209667205810546875" lon="116.683681793510913848876953125">
        <ele>79.1999969482421875</ele>
        <time>2026-09-23T09:59:32.000Z</time>
        <extensions>
          <ns3:TrackPointExtension>
            <ns3:hr>168</ns3:hr>
            <ns3:cad>93</ns3:cad>
          </ns3:TrackPointExtension>
        </extensions>
      </trkpt>
      <trkpt lat="40.40399503894150257110595703125" lon="116.68367617763578891754150390625">
        <ele>79.1999969482421875</ele>
        <time>2026-09-23T09:59:33.000Z</time>
        <extensions>
          <ns3:TrackPointExtension>
            <ns3:hr>170</ns3:hr>
            <ns3:cad>94</ns3:cad>
          </ns3:TrackPointExtension>
        </extensions>
      </trkpt>
      <trkpt lat="40.403962433338165283203125" lon="116.683675087988376617431640625">
        <ele>79.1999969482421875</ele>
        <time>2026-09-23T09:59:34.000Z</time>
        <extensions>
          <ns3:TrackPointExtension>
            <ns3:hr>170</ns3:hr>
            <ns3:cad>94</ns3:cad>
          </ns3:TrackPointExtension>
        </extensions>
      </trkpt>
      <trkpt lat="40.4039289057254791259765625" lon="116.6836722381412982940673828125">
        <ele>79.1999969482421875</ele>
        <time>2026-09-23T09:59:35.000Z</time>
        <extensions>
          <ns3:TrackPointExtension>
            <ns3:hr>167</ns3:hr>
            <ns3:cad>94</ns3:cad>
          </ns3:TrackPointExtension>
        </extensions>
      </trkpt>
      <trkpt lat="40.40389110334217548370361328125" lon="116.68367014266550540924072265625">
        <ele>79.1999969482421875</ele>
        <time>2026-09-23T09:59:36.000Z</time>
        <extensions>
          <ns3:TrackPointExtension>
            <ns3:hr>168</ns3:hr>
            <ns3:cad>94</ns3:cad>
          </ns3:TrackPointExtension>
        </extensions>
      </trkpt>
      <trkpt lat="40.40385824628174304962158203125" lon="116.6836708970367908477783203125">
        <ele>79.1999969482421875</ele>
        <time>2026-09-23T09:59:37.000Z</time>
        <extensions>
          <ns3:TrackPointExtension>
            <ns3:hr>171</ns3:hr>
            <ns3:cad>94</ns3:cad>
          </ns3:TrackPointExtension>
        </extensions>
      </trkpt>
      <trkpt lat="40.4038177616894245147705078125" lon="116.68366678990423679351806640625">
        <ele>79.1999969482421875</ele>
        <time>2026-09-23T09:59:38.000Z</time>
        <extensions>
          <ns3:TrackPointExtension>
            <ns3:hr>169</ns3:hr>
            <ns3:cad>94</ns3:cad>
          </ns3:TrackPointExtension>
        </extensions>
      </trkpt>
      <trkpt lat="40.4037902690470218658447265625" lon="116.683675758540630340576171875">
        <ele>79.1999969482421875</ele>
        <time>2026-09-23T09:59:39.000Z</time>
        <extensions>
          <ns3:TrackPointExtension>
            <ns3:hr>168</ns3:hr>
            <ns3:cad>94</ns3:cad>
          </ns3:TrackPointExtension>
        </extensions>
      </trkpt>
      <trkpt lat="40.40375347249209880828857421875" lon="116.683671735227108001708984375">
        <ele>79.1999969482421875</ele>
        <time>2026-09-23T09:59:40.000Z</time>
        <extensions>
          <ns3:TrackPointExtension>
            <ns3:hr>170</ns3:hr>
            <ns3:cad>94</ns3:cad>
          </ns3:TrackPointExtension>
        </extensions>
      </trkpt>
      <trkpt lat="40.40372497402131557464599609375" lon="116.683676429092884063720703125">
        <ele>79.1999969482421875</ele>
        <time>2026-09-23T09:59:41.000Z</time>
        <extensions>
          <ns3:TrackPointExtension>
            <ns3:hr>170</ns3:hr>
            <ns3:cad>94</ns3:cad>
          </ns3:TrackPointExtension>
        </extensions>
      </trkpt>
      <trkpt lat="40.4036903567612171173095703125" lon="116.68366913683712482452392578125">
        <ele>79.1999969482421875</ele>
        <time>2026-09-23T09:59:42.000Z</time>
        <extensions>
          <ns3:TrackPointExtension>
            <ns3:hr>168</ns3:hr>
            <ns3:cad>94</ns3:cad>
          </ns3:TrackPointExtension>
        </extensions>
      </trkpt>
      <trkpt lat="40.4036564938724040985107421875" lon="116.68366871774196624755859375">
        <ele>79.1999969482421875</ele>
        <time>2026-09-23T09:59:43.000Z</time>
        <extensions>
          <ns3:TrackPointExtension>
            <ns3:hr>169</ns3:hr>
            <ns3:cad>93</ns3:cad>
          </ns3:TrackPointExtension>
        </extensions>
      </trkpt>
      <trkpt lat="40.4036246426403522491455078125" lon="116.683667041361331939697265625">
        <ele>79.40000152587890625</ele>
        <time>2026-09-23T09:59:44.000Z</time>
        <extensions>
          <ns3:TrackPointExtension>
            <ns3:hr>170</ns3:hr>
            <ns3:cad>93</ns3:cad>
          </ns3:TrackPointExtension>
        </extensions>
      </trkpt>
      <trkpt lat="40.4035867564380168914794921875" lon="116.68366343714296817779541015625">
        <ele>79.1999969482421875</ele>
        <time>2026-09-23T09:59:45.000Z</time>
        <extensions>
          <ns3:TrackPointExtension>
            <ns3:hr>168</ns3:hr>
            <ns3:cad>93</ns3:cad>
          </ns3:TrackPointExtension>
        </extensions>
      </trkpt>
      <trkpt lat="40.4035533964633941650390625" lon="116.6836685501039028167724609375">
        <ele>79.1999969482421875</ele>
        <time>2026-09-23T09:59:46.000Z</time>
        <extensions>
          <ns3:TrackPointExtension>
            <ns3:hr>168</ns3:hr>
            <ns3:cad>93</ns3:cad>
          </ns3:TrackPointExtension>
        </extensions>
      </trkpt>
      <trkpt lat="40.40351090021431446075439453125" lon="116.68366377241909503936767578125">
        <ele>79.1999969482421875</ele>
        <time>2026-09-23T09:59:47.000Z</time>
        <extensions>
          <ns3:TrackPointExtension>
            <ns3:hr>171</ns3:hr>
            <ns3:cad>93</ns3:cad>
          </ns3:TrackPointExtension>
        </extensions>
      </trkpt>
      <trkpt lat="40.40347888134419918060302734375" lon="116.68366712518036365509033203125">
        <ele>79.1999969482421875</ele>
        <time>2026-09-23T09:59:48.000Z</time>
        <extensions>
          <ns3:TrackPointExtension>
            <ns3:hr>169</ns3:hr>
            <ns3:cad>94</ns3:cad>
          </ns3:TrackPointExtension>
        </extensions>
      </trkpt>
      <trkpt lat="40.40344216860830783843994140625" lon="116.6836584918200969696044921875">
        <ele>79.1999969482421875</ele>
        <time>2026-09-23T09:59:49.000Z</time>
        <extensions>
          <ns3:TrackPointExtension>
            <ns3:hr>167</ns3:hr>
            <ns3:cad>94</ns3:cad>
          </ns3:TrackPointExtension>
        </extensions>
      </trkpt>
      <trkpt lat="40.403415597975254058837890625" lon="116.68366092257201671600341796875">
        <ele>79.1999969482421875</ele>
        <time>2026-09-23T09:59:50.000Z</time>
        <extensions>
          <ns3:TrackPointExtension>
            <ns3:hr>167</ns3:hr>
            <ns3:cad>94</ns3:cad>
          </ns3:TrackPointExtension>
        </extensions>
      </trkpt>
      <trkpt lat="40.40337930433452129364013671875" lon="116.68365321122109889984130859375">
        <ele>79.1999969482421875</ele>
        <time>2026-09-23T09:59:51.000Z</time>
        <extensions>
          <ns3:TrackPointExtension>
            <ns3:hr>169</ns3:hr>
            <ns3:cad>93</ns3:cad>
          </ns3:TrackPointExtension>
        </extensions>
      </trkpt>
      <trkpt lat="40.40334845893085002899169921875" lon="116.683659665286540985107421875">
        <ele>79.1999969482421875</ele>
        <time>2026-09-23T09:59:52.000Z</time>
        <extensions>
          <ns3:TrackPointExtension>
            <ns3:hr>168</ns3:hr>
            <ns3:cad>92</ns3:cad>
          </ns3:TrackPointExtension>
        </extensions>
      </trkpt>
      <trkpt lat="40.4033101536333560943603515625" lon="116.6836605034768581390380859375">
        <ele>79.1999969482421875</ele>
        <time>2026-09-23T09:59:53.000Z</time>
        <extensions>
          <ns3:TrackPointExtension>
            <ns3:hr>166</ns3:hr>
            <ns3:cad>92</ns3:cad>
          </ns3:TrackPointExtension>
        </extensions>
      </trkpt>
      <trkpt lat="40.403276793658733367919921875" lon="116.68366796337068080902099609375">
        <ele>79.1999969482421875</ele>
        <time>2026-09-23T09:59:54.000Z</time>
        <extensions>
          <ns3:TrackPointExtension>
            <ns3:hr>169</ns3:hr>
            <ns3:cad>92</ns3:cad>
          </ns3:TrackPointExtension>
        </extensions>
      </trkpt>
      <trkpt lat="40.4032454453408718109130859375" lon="116.68367584235966205596923828125">
        <ele>79.1999969482421875</ele>
        <time>2026-09-23T09:59:55.000Z</time>
        <extensions>
          <ns3:TrackPointExtension>
            <ns3:hr>168</ns3:hr>
            <ns3:cad>92</ns3:cad>
          </ns3:TrackPointExtension>
        </extensions>
      </trkpt>
      <trkpt lat="40.40320831350982189178466796875" lon="116.683689169585704803466796875">
        <ele>79.1999969482421875</ele>
        <time>2026-09-23T09:59:56.000Z</time>
        <extensions>
          <ns3:TrackPointExtension>
            <ns3:hr>167</ns3:hr>
            <ns3:cad>92</ns3:cad>
          </ns3:TrackPointExtension>
        </extensions>
      </trkpt>
      <trkpt lat="40.40318165905773639678955078125" lon="116.6837091185152530670166015625">
        <ele>79.1999969482421875</ele>
        <time>2026-09-23T09:59:57.000Z</time>
        <extensions>
          <ns3:TrackPointExtension>
            <ns3:hr>168</ns3:hr>
            <ns3:cad>92</ns3:cad>
          </ns3:TrackPointExtension>
        </extensions>
      </trkpt>
      <trkpt lat="40.40314595215022563934326171875" lon="116.68373384512960910797119140625">
        <ele>79.1999969482421875</ele>
        <time>2026-09-23T09:59:58.000Z</time>
        <extensions>
          <ns3:TrackPointExtension>
            <ns3:hr>170</ns3:hr>
            <ns3:cad>92</ns3:cad>
          </ns3:TrackPointExtension>
        </extensions>
      </trkpt>
      <trkpt lat="40.40312315337359905242919921875" lon="116.68376318179070949554443359375">
        <ele>79</ele>
        <time>2026-09-23T09:59:59.000Z</time>
        <extensions>
          <ns3:TrackPointExtension>
            <ns3:hr>167</ns3:hr>
            <ns3:cad>92</ns3:cad>
          </ns3:TrackPointExtension>
        </extensions>
      </trkpt>
      <trkpt lat="40.4030915535986423492431640625" lon="116.683796457946300506591796875">
        <ele>79</ele>
        <time>2026-09-23T10:00:00.000Z</time>
        <extensions>
          <ns3:TrackPointExtension>
            <ns3:hr>168</ns3:hr>
            <ns3:cad>92</ns3:cad>
          </ns3:TrackPointExtension>
        </extensions>
      </trkpt>
      <trkpt lat="40.40307504124939441680908203125" lon="116.68382822535932064056396484375">
        <ele>79</ele>
        <time>2026-09-23T10:00:01.000Z</time>
        <extensions>
          <ns3:TrackPointExtension>
            <ns3:hr>169</ns3:hr>
            <ns3:cad>92</ns3:cad>
          </ns3:TrackPointExtension>
        </extensions>
      </trkpt>
      <trkpt lat="40.40304671041667461395263671875" lon="116.68386259116232395172119140625">
        <ele>79</ele>
        <time>2026-09-23T10:00:02.000Z</time>
        <extensions>
          <ns3:TrackPointExtension>
            <ns3:hr>168</ns3:hr>
            <ns3:cad>92</ns3:cad>
          </ns3:TrackPointExtension>
        </extensions>
      </trkpt>
      <trkpt lat="40.40303212590515613555908203125" lon="116.6838968731462955474853515625">
        <ele>79</ele>
        <time>2026-09-23T10:00:03.000Z</time>
        <extensions>
          <ns3:TrackPointExtension>
            <ns3:hr>167</ns3:hr>
            <ns3:cad>94</ns3:cad>
          </ns3:TrackPointExtension>
        </extensions>
      </trkpt>
      <trkpt lat="40.403014607727527618408203125" lon="116.68393601663410663604736328125">
        <ele>79</ele>
        <time>2026-09-23T10:00:04.000Z</time>
        <extensions>
          <ns3:TrackPointExtension>
            <ns3:hr>168</ns3:hr>
            <ns3:cad>94</ns3:cad>
          </ns3:TrackPointExtension>
        </extensions>
      </trkpt>
      <trkpt lat="40.403005890548229217529296875" lon="116.6839736513793468475341796875">
        <ele>78.8000030517578125</ele>
        <time>2026-09-23T10:00:05.000Z</time>
        <extensions>
          <ns3:TrackPointExtension>
            <ns3:hr>170</ns3:hr>
            <ns3:cad>94</ns3:cad>
          </ns3:TrackPointExtension>
        </extensions>
      </trkpt>
      <trkpt lat="40.4029970057308673858642578125" lon="116.684010364115238189697265625">
        <ele>78.8000030517578125</ele>
        <time>2026-09-23T10:00:06.000Z</time>
        <extensions>
          <ns3:TrackPointExtension>
            <ns3:hr>170</ns3:hr>
            <ns3:cad>93</ns3:cad>
          </ns3:TrackPointExtension>
        </extensions>
      </trkpt>
      <trkpt lat="40.40298887528479099273681640625" lon="116.68405571021139621734619140625">
        <ele>78.8000030517578125</ele>
        <time>2026-09-23T10:00:07.000Z</time>
        <extensions>
          <ns3:TrackPointExtension>
            <ns3:hr>166</ns3:hr>
            <ns3:cad>93</ns3:cad>
          </ns3:TrackPointExtension>
        </extensions>
      </trkpt>
      <trkpt lat="40.4029892943799495697021484375" lon="116.68409242294728755950927734375">
        <ele>78.8000030517578125</ele>
        <time>2026-09-23T10:00:08.000Z</time>
        <extensions>
          <ns3:TrackPointExtension>
            <ns3:hr>168</ns3:hr>
            <ns3:cad>93</ns3:cad>
          </ns3:TrackPointExtension>
        </extensions>
      </trkpt>
      <trkpt lat="40.40298543870449066162109375" lon="116.68414237909018993377685546875">
        <ele>78.59999847412109375</ele>
        <time>2026-09-23T10:00:09.000Z</time>
        <extensions>
          <ns3:TrackPointExtension>
            <ns3:hr>168</ns3:hr>
            <ns3:cad>92</ns3:cad>
          </ns3:TrackPointExtension>
        </extensions>
      </trkpt>
      <trkpt lat="40.40299482643604278564453125" lon="116.684177331626415252685546875">
        <ele>78.59999847412109375</ele>
        <time>2026-09-23T10:00:10.000Z</time>
        <extensions>
          <ns3:TrackPointExtension>
            <ns3:hr>166</ns3:hr>
            <ns3:cad>92</ns3:cad>
          </ns3:TrackPointExtension>
        </extensions>
      </trkpt>
      <trkpt lat="40.40299952030181884765625" lon="116.68422787450253963470458984375">
        <ele>78.59999847412109375</ele>
        <time>2026-09-23T10:00:11.000Z</time>
        <extensions>
          <ns3:TrackPointExtension>
            <ns3:hr>169</ns3:hr>
            <ns3:cad>92</ns3:cad>
          </ns3:TrackPointExtension>
        </extensions>
      </trkpt>
      <trkpt lat="40.4030141048133373260498046875" lon="116.68426777236163616180419921875">
        <ele>78.59999847412109375</ele>
        <time>2026-09-23T10:00:12.000Z</time>
        <extensions>
          <ns3:TrackPointExtension>
            <ns3:hr>169</ns3:hr>
            <ns3:cad>94</ns3:cad>
          </ns3:TrackPointExtension>
        </extensions>
      </trkpt>
      <trkpt lat="40.40302726440131664276123046875" lon="116.684313453733921051025390625">
        <ele>78.8000030517578125</ele>
        <time>2026-09-23T10:00:13.000Z</time>
        <extensions>
          <ns3:TrackPointExtension>
            <ns3:hr>167</ns3:hr>
            <ns3:cad>94</ns3:cad>
          </ns3:TrackPointExtension>
        </extensions>
      </trkpt>
      <trkpt lat="40.403043441474437713623046875" lon="116.68435360305011272430419921875">
        <ele>78.8000030517578125</ele>
        <time>2026-09-23T10:00:14.000Z</time>
        <extensions>
          <ns3:TrackPointExtension>
            <ns3:hr>169</ns3:hr>
            <ns3:cad>93</ns3:cad>
          </ns3:TrackPointExtension>
        </extensions>
      </trkpt>
      <trkpt lat="40.403062216937541961669921875" lon="116.68438646011054515838623046875">
        <ele>78.8000030517578125</ele>
        <time>2026-09-23T10:00:15.000Z</time>
        <extensions>
          <ns3:TrackPointExtension>
            <ns3:hr>169</ns3:hr>
            <ns3:cad>93</ns3:cad>
          </ns3:TrackPointExtension>
        </extensions>
      </trkpt>
      <trkpt lat="40.4030840098857879638671875" lon="116.68442568741738796234130859375">
        <ele>78.8000030517578125</ele>
        <time>2026-09-23T10:00:16.000Z</time>
        <extensions>
          <ns3:TrackPointExtension>
            <ns3:hr>167</ns3:hr>
            <ns3:cad>93</ns3:cad>
          </ns3:TrackPointExtension>
        </extensions>
      </trkpt>
      <trkpt lat="40.4031083174049854278564453125" lon="116.68444848619401454925537109375">
        <ele>78.8000030517578125</ele>
        <time>2026-09-23T10:00:17.000Z</time>
        <extensions>
          <ns3:TrackPointExtension>
            <ns3:hr>168</ns3:hr>
            <ns3:cad>93</ns3:cad>
          </ns3:TrackPointExtension>
        </extensions>
      </trkpt>
      <trkpt lat="40.40313899517059326171875" lon="116.68448184616863727569580078125">
        <ele>78.8000030517578125</ele>
        <time>2026-09-23T10:00:18.000Z</time>
        <extensions>
          <ns3:TrackPointExtension>
            <ns3:hr>171</ns3:hr>
            <ns3:cad>92</ns3:cad>
          </ns3:TrackPointExtension>
        </extensions>
      </trkpt>
      <trkpt lat="40.40316556580364704132080078125" lon="116.68450095690786838531494140625">
        <ele>79</ele>
        <time>2026-09-23T10:00:19.000Z</time>
        <extensions>
          <ns3:TrackPointExtension>
            <ns3:hr>170</ns3:hr>
            <ns3:cad>92</ns3:cad>
          </ns3:TrackPointExtension>
        </extensions>
      </trkpt>
      <trkpt lat="40.403194986283779144287109375" lon="116.68452593497931957244873046875">
        <ele>79</ele>
        <time>2026-09-23T10:00:20.000Z</time>
        <extensions>
          <ns3:TrackPointExtension>
            <ns3:hr>168</ns3:hr>
            <ns3:cad>94</ns3:cad>
          </ns3:TrackPointExtension>
        </extensions>
      </trkpt>
      <trkpt lat="40.40322239510715007781982421875" lon="116.68453649617731571197509765625">
        <ele>78.8000030517578125</ele>
        <time>2026-09-23T10:00:21.000Z</time>
        <extensions>
          <ns3:TrackPointExtension>
            <ns3:hr>170</ns3:hr>
            <ns3:cad>94</ns3:cad>
          </ns3:TrackPointExtension>
        </extensions>
      </trkpt>
      <trkpt lat="40.40325793437659740447998046875" lon="116.68455074541270732879638671875">
        <ele>78.8000030517578125</ele>
        <time>2026-09-23T10:00:22.000Z</time>
        <extensions>
          <ns3:TrackPointExtension>
            <ns3:hr>170</ns3:hr>
            <ns3:cad>93</ns3:cad>
          </ns3:TrackPointExtension>
        </extensions>
      </trkpt>
      <trkpt lat="40.40329246781766414642333984375" lon="116.6845593787729740142822265625">
        <ele>78.8000030517578125</ele>
        <time>2026-09-23T10:00:23.000Z</time>
        <extensions>
          <ns3:TrackPointExtension>
            <ns3:hr>169</ns3:hr>
            <ns3:cad>93</ns3:cad>
          </ns3:TrackPointExtension>
        </extensions>
      </trkpt>
      <trkpt lat="40.4033245705068111419677734375" lon="116.6845617257058620452880859375">
        <ele>78.8000030517578125</ele>
        <time>2026-09-23T10:00:24.000Z</time>
        <extensions>
          <ns3:TrackPointExtension>
            <ns3:hr>169</ns3:hr>
            <ns3:cad>93</ns3:cad>
          </ns3:TrackPointExtension>
        </extensions>
      </trkpt>
      <trkpt lat="40.40335885249078273773193359375" lon="116.68456583283841609954833984375">
        <ele>78.8000030517578125</ele>
        <time>2026-09-23T10:00:25.000Z</time>
        <extensions>
          <ns3:TrackPointExtension>
            <ns3:hr>172</ns3:hr>
            <ns3:cad>92</ns3:cad>
          </ns3:TrackPointExtension>
        </extensions>
      </trkpt>
      <trkpt lat="40.40338986553251743316650390625" lon="116.68456323444843292236328125">
        <ele>78.8000030517578125</ele>
        <time>2026-09-23T10:00:26.000Z</time>
        <extensions>
          <ns3:TrackPointExtension>
            <ns3:hr>170</ns3:hr>
            <ns3:cad>92</ns3:cad>
          </ns3:TrackPointExtension>
        </extensions>
      </trkpt>
      <trkpt lat="40.40342993102967739105224609375" lon="116.68456725776195526123046875">
        <ele>78.8000030517578125</ele>
        <time>2026-09-23T10:00:27.000Z</time>
        <extensions>
          <ns3:TrackPointExtension>
            <ns3:hr>168</ns3:hr>
            <ns3:cad>92</ns3:cad>
          </ns3:TrackPointExtension>
        </extensions>
      </trkpt>
      <trkpt lat="40.403457842767238616943359375" lon="116.68455895967781543731689453125">
        <ele>78.8000030517578125</ele>
        <time>2026-09-23T10:00:28.000Z</time>
        <extensions>
          <ns3:TrackPointExtension>
            <ns3:hr>170</ns3:hr>
            <ns3:cad>95</ns3:cad>
          </ns3:TrackPointExtension>
        </extensions>
      </trkpt>
      <trkpt lat="40.4034970700740814208984375" lon="116.68456465937197208404541015625">
        <ele>78.8000030517578125</ele>
        <time>2026-09-23T10:00:29.000Z</time>
        <extensions>
          <ns3:TrackPointExtension>
            <ns3:hr>171</ns3:hr>
            <ns3:cad>95</ns3:cad>
          </ns3:TrackPointExtension>
        </extensions>
      </trkpt>
      <trkpt lat="40.4035247303545475006103515625" lon="116.684555523097515106201171875">
        <ele>78.8000030517578125</ele>
        <time>2026-09-23T10:00:30.000Z</time>
        <extensions>
          <ns3:TrackPointExtension>
            <ns3:hr>169</ns3:hr>
            <ns3:cad>95</ns3:cad>
          </ns3:TrackPointExtension>
        </extensions>
      </trkpt>
      <trkpt lat="40.4035641252994537353515625" lon="116.68456298299133777618408203125">
        <ele>78.8000030517578125</ele>
        <time>2026-09-23T10:00:31.000Z</time>
        <extensions>
          <ns3:TrackPointExtension>
            <ns3:hr>168</ns3:hr>
            <ns3:cad>92</ns3:cad>
          </ns3:TrackPointExtension>
        </extensions>
      </trkpt>
      <trkpt lat="40.40359698235988616943359375" lon="116.684559546411037445068359375">
        <ele>78.8000030517578125</ele>
        <time>2026-09-23T10:00:32.000Z</time>
        <extensions>
          <ns3:TrackPointExtension>
            <ns3:hr>171</ns3:hr>
            <ns3:cad>92</ns3:cad>
          </ns3:TrackPointExtension>
        </extensions>
      </trkpt>
      <trkpt lat="40.403631515800952911376953125" lon="116.68456248007714748382568359375">
        <ele>78.8000030517578125</ele>
        <time>2026-09-23T10:00:33.000Z</time>
        <extensions>
          <ns3:TrackPointExtension>
            <ns3:hr>171</ns3:hr>
            <ns3:cad>92</ns3:cad>
          </ns3:TrackPointExtension>
        </extensions>
      </trkpt>
      <trkpt lat="40.40366780944168567657470703125" lon="116.6845603846013545989990234375">
        <ele>78.8000030517578125</ele>
        <time>2026-09-23T10:00:34.000Z</time>
        <extensions>
          <ns3:TrackPointExtension>
            <ns3:hr>169</ns3:hr>
            <ns3:cad>92</ns3:cad>
          </ns3:TrackPointExtension>
        </extensions>
      </trkpt>
      <trkpt lat="40.40369966067373752593994140625" lon="116.6845587082207202911376953125">
        <ele>78.8000030517578125</ele>
        <time>2026-09-23T10:00:35.000Z</time>
        <extensions>
          <ns3:TrackPointExtension>
            <ns3:hr>169</ns3:hr>
            <ns3:cad>92</ns3:cad>
          </ns3:TrackPointExtension>
        </extensions>
      </trkpt>
      <trkpt lat="40.4037386365234851837158203125" lon="116.68456382118165493011474609375">
        <ele>78.8000030517578125</ele>
        <time>2026-09-23T10:00:36.000Z</time>
        <extensions>
          <ns3:TrackPointExtension>
            <ns3:hr>170</ns3:hr>
            <ns3:cad>94</ns3:cad>
          </ns3:TrackPointExtension>
        </extensions>
      </trkpt>
      <trkpt lat="40.40376939810812473297119140625" lon="116.68455828912556171417236328125">
        <ele>78.8000030517578125</ele>
        <time>2026-09-23T10:00:37.000Z</time>
        <extensions>
          <ns3:TrackPointExtension>
            <ns3:hr>170</ns3:hr>
            <ns3:cad>94</ns3:cad>
          </ns3:TrackPointExtension>
        </extensions>
      </trkpt>
      <trkpt lat="40.403807200491428375244140625" lon="116.68456650339066982269287109375">
        <ele>78.8000030517578125</ele>
        <time>2026-09-23T10:00:38.000Z</time>
        <extensions>
          <ns3:TrackPointExtension>
            <ns3:hr>169</ns3:hr>
            <ns3:cad>94</ns3:cad>
          </ns3:TrackPointExtension>
        </extensions>
      </trkpt>
      <trkpt lat="40.40383569896221160888671875" lon="116.68455963023006916046142578125">
        <ele>78.8000030517578125</ele>
        <time>2026-09-23T10:00:39.000Z</time>
        <extensions>
          <ns3:TrackPointExtension>
            <ns3:hr>170</ns3:hr>
            <ns3:cad>94</ns3:cad>
          </ns3:TrackPointExtension>
        </extensions>
      </trkpt>
      <trkpt lat="40.4038717411458492279052734375" lon="116.6845647431910037994384765625">
        <ele>78.8000030517578125</ele>
        <time>2026-09-23T10:00:40.000Z</time>
        <extensions>
          <ns3:TrackPointExtension>
            <ns3:hr>172</ns3:hr>
            <ns3:cad>92</ns3:cad>
          </ns3:TrackPointExtension>
        </extensions>
      </trkpt>
      <trkpt lat="40.403898395597934722900390625" lon="116.68456030078232288360595703125">
        <ele>78.8000030517578125</ele>
        <time>2026-09-23T10:00:41.000Z</time>
        <extensions>
          <ns3:TrackPointExtension>
            <ns3:hr>171</ns3:hr>
            <ns3:cad>92</ns3:cad>
          </ns3:TrackPointExtension>
        </extensions>
      </trkpt>
      <trkpt lat="40.40393292903900146484375" lon="116.6845644079148769378662109375">
        <ele>78.8000030517578125</ele>
        <time>2026-09-23T10:00:42.000Z</time>
        <extensions>
          <ns3:TrackPointExtension>
            <ns3:hr>169</ns3:hr>
            <ns3:cad>92</ns3:cad>
          </ns3:TrackPointExtension>
        </extensions>
      </trkpt>
      <trkpt lat="40.4039669595658779144287109375" lon="116.68456566520035266876220703125">
        <ele>78.8000030517578125</ele>
        <time>2026-09-23T10:00:43.000Z</time>
        <extensions>
          <ns3:TrackPointExtension>
            <ns3:hr>171</ns3:hr>
            <ns3:cad>93</ns3:cad>
          </ns3:TrackPointExtension>
        </extensions>
      </trkpt>
      <trkpt lat="40.40399922989308834075927734375" lon="116.68456700630486011505126953125">
        <ele>78.59999847412109375</ele>
        <time>2026-09-23T10:00:44.000Z</time>
        <extensions>
          <ns3:TrackPointExtension>
            <ns3:hr>171</ns3:hr>
            <ns3:cad>93</ns3:cad>
          </ns3:TrackPointExtension>
        </extensions>
      </trkpt>
      <trkpt lat="40.40404046885669231414794921875" lon="116.684571616351604461669921875">
        <ele>78.8000030517578125</ele>
        <time>2026-09-23T10:00:45.000Z</time>
        <extensions>
          <ns3:TrackPointExtension>
            <ns3:hr>169</ns3:hr>
            <ns3:cad>93</ns3:cad>
          </ns3:TrackPointExtension>
        </extensions>
      </trkpt>
      <trkpt lat="40.40407433174550533294677734375" lon="116.68456901796162128448486328125">
        <ele>78.59999847412109375</ele>
        <time>2026-09-23T10:00:46.000Z</time>
        <extensions>
          <ns3:TrackPointExtension>
            <ns3:hr>169</ns3:hr>
            <ns3:cad>93</ns3:cad>
          </ns3:TrackPointExtension>
        </extensions>
      </trkpt>
      <trkpt lat="40.40411322377622127532958984375" lon="116.68457119725644588470458984375">
        <ele>78.8000030517578125</ele>
        <time>2026-09-23T10:00:47.000Z</time>
        <extensions>
          <ns3:TrackPointExtension>
            <ns3:hr>172</ns3:hr>
            <ns3:cad>93</ns3:cad>
          </ns3:TrackPointExtension>
        </extensions>
      </trkpt>
      <trkpt lat="40.40414289571344852447509765625" lon="116.684558205306529998779296875">
        <ele>78.59999847412109375</ele>
        <time>2026-09-23T10:00:48.000Z</time>
        <extensions>
          <ns3:TrackPointExtension>
            <ns3:hr>171</ns3:hr>
            <ns3:cad>93</ns3:cad>
          </ns3:TrackPointExtension>
        </extensions>
      </trkpt>
      <trkpt lat="40.404180027544498443603515625" lon="116.684554852545261383056640625">
        <ele>78.59999847412109375</ele>
        <time>2026-09-23T10:00:49.000Z</time>
        <extensions>
          <ns3:TrackPointExtension>
            <ns3:hr>169</ns3:hr>
            <ns3:cad>93</ns3:cad>
          </ns3:TrackPointExtension>
        </extensions>
      </trkpt>
      <trkpt lat="40.40420441888272762298583984375" lon="116.68454018421471118927001953125">
        <ele>78.59999847412109375</ele>
        <time>2026-09-23T10:00:50.000Z</time>
        <extensions>
          <ns3:TrackPointExtension>
            <ns3:hr>170</ns3:hr>
            <ns3:cad>93</ns3:cad>
          </ns3:TrackPointExtension>
        </extensions>
      </trkpt>
      <trkpt lat="40.4042361862957477569580078125" lon="116.6845275275409221649169921875">
        <ele>78.59999847412109375</ele>
        <time>2026-09-23T10:00:51.000Z</time>
        <extensions>
          <ns3:TrackPointExtension>
            <ns3:hr>173</ns3:hr>
            <ns3:cad>95</ns3:cad>
          </ns3:TrackPointExtension>
        </extensions>
      </trkpt>
      <trkpt lat="40.40426644496619701385498046875" lon="116.6845057345926761627197265625">
        <ele>78.59999847412109375</ele>
        <time>2026-09-23T10:00:52.000Z</time>
        <extensions>
          <ns3:TrackPointExtension>
            <ns3:hr>172</ns3:hr>
            <ns3:cad>95</ns3:cad>
          </ns3:TrackPointExtension>
        </extensions>
      </trkpt>
      <trkpt lat="40.4042951948940753936767578125" lon="116.68448721058666706085205078125">
        <ele>78.59999847412109375</ele>
        <time>2026-09-23T10:00:53.000Z</time>
        <extensions>
          <ns3:TrackPointExtension>
            <ns3:hr>170</ns3:hr>
            <ns3:cad>94</ns3:cad>
          </ns3:TrackPointExtension>
        </extensions>
      </trkpt>
      <trkpt lat="40.40432813577353954315185546875" lon="116.68446089141070842742919921875">
        <ele>78.59999847412109375</ele>
        <time>2026-09-23T10:00:54.000Z</time>
        <extensions>
          <ns3:TrackPointExtension>
            <ns3:hr>170</ns3:hr>
            <ns3:cad>93</ns3:cad>
          </ns3:TrackPointExtension>
        </extensions>
      </trkpt>
      <trkpt lat="40.4043461568653583526611328125" lon="116.68443046510219573974609375">
        <ele>78.59999847412109375</ele>
        <time>2026-09-23T10:00:55.000Z</time>
        <extensions>
          <ns3:TrackPointExtension>
            <ns3:hr>172</ns3:hr>
            <ns3:cad>93</ns3:cad>
          </ns3:TrackPointExtension>
        </extensions>
      </trkpt>
      <trkpt lat="40.4043756611645221710205078125" lon="116.68439584784209728240966796875">
        <ele>78.59999847412109375</ele>
        <time>2026-09-23T10:00:56.000Z</time>
        <extensions>
          <ns3:TrackPointExtension>
            <ns3:hr>171</ns3:hr>
            <ns3:cad>93</ns3:cad>
          </ns3:TrackPointExtension>
        </extensions>
      </trkpt>
      <trkpt lat="40.40438731200993061065673828125" lon="116.6843639127910137176513671875">
        <ele>78.8000030517578125</ele>
        <time>2026-09-23T10:00:57.000Z</time>
        <extensions>
          <ns3:TrackPointExtension>
            <ns3:hr>168</ns3:hr>
            <ns3:cad>93</ns3:cad>
          </ns3:TrackPointExtension>
        </extensions>
      </trkpt>
      <trkpt lat="40.40440776385366916656494140625" lon="116.684323847293853759765625">
        <ele>78.8000030517578125</ele>
        <time>2026-09-23T10:00:58.000Z</time>
        <extensions>
          <ns3:TrackPointExtension>
            <ns3:hr>171</ns3:hr>
            <ns3:cad>93</ns3:cad>
          </ns3:TrackPointExtension>
        </extensions>
      </trkpt>
      <trkpt lat="40.404418744146823883056640625" lon="116.68428369797766208648681640625">
        <ele>78.8000030517578125</ele>
        <time>2026-09-23T10:00:59.000Z</time>
        <extensions>
          <ns3:TrackPointExtension>
            <ns3:hr>171</ns3:hr>
            <ns3:cad>94</ns3:cad>
          </ns3:TrackPointExtension>
        </extensions>
      </trkpt>
      <trkpt lat="40.4044306464493274688720703125" lon="116.68424178846180438995361328125">
        <ele>78.8000030517578125</ele>
        <time>2026-09-23T10:01:00.000Z</time>
        <extensions>
          <ns3:TrackPointExtension>
            <ns3:hr>170</ns3:hr>
            <ns3:cad>94</ns3:cad>
          </ns3:TrackPointExtension>
        </extensions>
      </trkpt>
      <trkpt lat="40.404437519609928131103515625" lon="116.68419350869953632354736328125">
        <ele>78.8000030517578125</ele>
        <time>2026-09-23T10:01:01.000Z</time>
        <extensions>
          <ns3:TrackPointExtension>
            <ns3:hr>168</ns3:hr>
            <ns3:cad>94</ns3:cad>
          </ns3:TrackPointExtension>
        </extensions>
      </trkpt>
      <trkpt lat="40.40443844161927700042724609375" lon="116.68415025807917118072509765625">
        <ele>78.8000030517578125</ele>
        <time>2026-09-23T10:01:02.000Z</time>
        <extensions>
          <ns3:TrackPointExtension>
            <ns3:hr>171</ns3:hr>
            <ns3:cad>93</ns3:cad>
          </ns3:TrackPointExtension>
        </extensions>
      </trkpt>
      <trkpt lat="40.40444179438054561614990234375" lon="116.68409862555563449859619140625">
        <ele>78.8000030517578125</ele>
        <time>2026-09-23T10:01:03.000Z</time>
        <extensions>
          <ns3:TrackPointExtension>
            <ns3:hr>171</ns3:hr>
            <ns3:cad>93</ns3:cad>
          </ns3:TrackPointExtension>
        </extensions>
      </trkpt>
      <trkpt lat="40.4044329933822154998779296875" lon="116.68406174518167972564697265625">
        <ele>78.8000030517578125</ele>
        <time>2026-09-23T10:01:04.000Z</time>
        <extensions>
          <ns3:TrackPointExtension>
            <ns3:hr>168</ns3:hr>
            <ns3:cad>93</ns3:cad>
          </ns3:TrackPointExtension>
        </extensions>
      </trkpt>
      <trkpt lat="40.40442737750709056854248046875" lon="116.68401279486715793609619140625">
        <ele>78.8000030517578125</ele>
        <time>2026-09-23T10:01:05.000Z</time>
        <extensions>
          <ns3:TrackPointExtension>
            <ns3:hr>169</ns3:hr>
            <ns3:cad>93</ns3:cad>
          </ns3:TrackPointExtension>
        </extensions>
      </trkpt>
      <trkpt lat="40.40441463701426982879638671875" lon="116.6839786805212497711181640625">
        <ele>78.8000030517578125</ele>
        <time>2026-09-23T10:01:06.000Z</time>
        <extensions>
          <ns3:TrackPointExtension>
            <ns3:hr>170</ns3:hr>
            <ns3:cad>93</ns3:cad>
          </ns3:TrackPointExtension>
        </extensions>
      </trkpt>
      <trkpt lat="40.40440491400659084320068359375" lon="116.68393417261540889739990234375">
        <ele>78.8000030517578125</ele>
        <time>2026-09-23T10:01:07.000Z</time>
        <extensions>
          <ns3:TrackPointExtension>
            <ns3:hr>169</ns3:hr>
            <ns3:cad>94</ns3:cad>
          </ns3:TrackPointExtension>
        </extensions>
      </trkpt>
      <trkpt lat="40.40438898839056491851806640625" lon="116.6838998906314373016357421875">
        <ele>78.8000030517578125</ele>
        <time>2026-09-23T10:01:08.000Z</time>
        <extensions>
          <ns3:TrackPointExtension>
            <ns3:hr>167</ns3:hr>
            <ns3:cad>94</ns3:cad>
          </ns3:TrackPointExtension>
        </extensions>
      </trkpt>
      <trkpt lat="40.40437348186969757080078125" lon="116.68386049568653106689453125">
        <ele>79</ele>
        <time>2026-09-23T10:01:09.000Z</time>
        <extensions>
          <ns3:TrackPointExtension>
            <ns3:hr>169</ns3:hr>
            <ns3:cad>94</ns3:cad>
          </ns3:TrackPointExtension>
        </extensions>
      </trkpt>
      <trkpt lat="40.40435261093080043792724609375" lon="116.68382353149354457855224609375">
        <ele>79</ele>
        <time>2026-09-23T10:01:10.000Z</time>
        <extensions>
          <ns3:TrackPointExtension>
            <ns3:hr>167</ns3:hr>
            <ns3:cad>94</ns3:cad>
          </ns3:TrackPointExtension>
        </extensions>
      </trkpt>
      <trkpt lat="40.4043312370777130126953125" lon="116.68379603885114192962646484375">
        <ele>79</ele>
        <time>2026-09-23T10:01:11.000Z</time>
        <extensions>
          <ns3:TrackPointExtension>
            <ns3:hr>166</ns3:hr>
            <ns3:cad>94</ns3:cad>
          </ns3:TrackPointExtension>
        </extensions>
      </trkpt>
      <trkpt lat="40.40430131368339061737060546875" lon="116.6837607510387897491455078125">
        <ele>79</ele>
        <time>2026-09-23T10:01:12.000Z</time>
        <extensions>
          <ns3:TrackPointExtension>
            <ns3:hr>168</ns3:hr>
            <ns3:cad>94</ns3:cad>
          </ns3:TrackPointExtension>
        </extensions>
      </trkpt>
      <trkpt lat="40.40427264757454395294189453125" lon="116.68374247848987579345703125">
        <ele>78.8000030517578125</ele>
        <time>2026-09-23T10:01:13.000Z</time>
        <extensions>
          <ns3:TrackPointExtension>
            <ns3:hr>168</ns3:hr>
            <ns3:cad>92</ns3:cad>
          </ns3:TrackPointExtension>
        </extensions>
      </trkpt>
      <trkpt lat="40.40423710830509662628173828125" lon="116.68371406383812427520751953125">
        <ele>78.8000030517578125</ele>
        <time>2026-09-23T10:01:14.000Z</time>
        <extensions>
          <ns3:TrackPointExtension>
            <ns3:hr>166</ns3:hr>
            <ns3:cad>92</ns3:cad>
          </ns3:TrackPointExtension>
        </extensions>
      </trkpt>
      <trkpt lat="40.40420995093882083892822265625" lon="116.6836997307837009429931640625">
        <ele>78.8000030517578125</ele>
        <time>2026-09-23T10:01:15.000Z</time>
        <extensions>
          <ns3:TrackPointExtension>
            <ns3:hr>167</ns3:hr>
            <ns3:cad>92</ns3:cad>
          </ns3:TrackPointExtension>
        </extensions>
      </trkpt>
      <trkpt lat="40.40417508222162723541259765625" lon="116.68368271552026271820068359375">
        <ele>78.8000030517578125</ele>
        <time>2026-09-23T10:01:16.000Z</time>
        <extensions>
          <ns3:TrackPointExtension>
            <ns3:hr>169</ns3:hr>
            <ns3:cad>93</ns3:cad>
          </ns3:TrackPointExtension>
        </extensions>
      </trkpt>
      <trkpt lat="40.40414792485535144805908203125" lon="116.68368640355765819549560546875">
        <ele>78.8000030517578125</ele>
        <time>2026-09-23T10:01:17.000Z</time>
        <extensions>
          <ns3:TrackPointExtension>
            <ns3:hr>167</ns3:hr>
            <ns3:cad>93</ns3:cad>
          </ns3:TrackPointExtension>
        </extensions>
      </trkpt>
      <trkpt lat="40.40411205030977725982666015625" lon="116.68367567472159862518310546875">
        <ele>78.8000030517578125</ele>
        <time>2026-09-23T10:01:18.000Z</time>
        <extensions>
          <ns3:TrackPointExtension>
            <ns3:hr>166</ns3:hr>
            <ns3:cad>92</ns3:cad>
          </ns3:TrackPointExtension>
        </extensions>
      </trkpt>
      <trkpt lat="40.404083468019962310791015625" lon="116.68367986567318439483642578125">
        <ele>78.59999847412109375</ele>
        <time>2026-09-23T10:01:19.000Z</time>
        <extensions>
          <ns3:TrackPointExtension>
            <ns3:hr>167</ns3:hr>
            <ns3:cad>92</ns3:cad>
          </ns3:TrackPointExtension>
        </extensions>
      </trkpt>
      <trkpt lat="40.4040494374930858612060546875" lon="116.683674417436122894287109375">
        <ele>78.59999847412109375</ele>
        <time>2026-09-23T10:01:20.000Z</time>
        <extensions>
          <ns3:TrackPointExtension>
            <ns3:hr>168</ns3:hr>
            <ns3:cad>92</ns3:cad>
          </ns3:TrackPointExtension>
        </extensions>
      </trkpt>
      <trkpt lat="40.40401515550911426544189453125" lon="116.6836760938167572021484375">
        <ele>78.59999847412109375</ele>
        <time>2026-09-23T10:01:21.000Z</time>
        <extensions>
          <ns3:TrackPointExtension>
            <ns3:hr>165</ns3:hr>
            <ns3:cad>92</ns3:cad>
          </ns3:TrackPointExtension>
        </extensions>
      </trkpt>
      <trkpt lat="40.40398229844868183135986328125" lon="116.683675087988376617431640625">
        <ele>78.59999847412109375</ele>
        <time>2026-09-23T10:01:22.000Z</time>
        <extensions>
          <ns3:TrackPointExtension>
            <ns3:hr>167</ns3:hr>
            <ns3:cad>92</ns3:cad>
          </ns3:TrackPointExtension>
        </extensions>
      </trkpt>
      <trkpt lat="40.40394566953182220458984375" lon="116.68366603553295135498046875">
        <ele>78.59999847412109375</ele>
        <time>2026-09-23T10:01:23.000Z</time>
        <extensions>
          <ns3:TrackPointExtension>
            <ns3:hr>167</ns3:hr>
            <ns3:cad>94</ns3:cad>
          </ns3:TrackPointExtension>
        </extensions>
      </trkpt>
      <trkpt lat="40.4039136506617069244384765625" lon="116.683666706085205078125">
        <ele>78.59999847412109375</ele>
        <time>2026-09-23T10:01:24.000Z</time>
        <extensions>
          <ns3:TrackPointExtension>
            <ns3:hr>164</ns3:hr>
            <ns3:cad>95</ns3:cad>
          </ns3:TrackPointExtension>
        </extensions>
      </trkpt>
      <trkpt lat="40.40387249551713466644287109375" lon="116.683664023876190185546875">
        <ele>78.59999847412109375</ele>
        <time>2026-09-23T10:01:25.000Z</time>
        <extensions>
          <ns3:TrackPointExtension>
            <ns3:hr>165</ns3:hr>
            <ns3:cad>95</ns3:cad>
          </ns3:TrackPointExtension>
        </extensions>
      </trkpt>
      <trkpt lat="40.4038435779511928558349609375" lon="116.68367114849388599395751953125">
        <ele>78.59999847412109375</ele>
        <time>2026-09-23T10:01:26.000Z</time>
        <extensions>
          <ns3:TrackPointExtension>
            <ns3:hr>165</ns3:hr>
            <ns3:cad>93</ns3:cad>
          </ns3:TrackPointExtension>
        </extensions>
      </trkpt>
      <trkpt lat="40.4038066975772380828857421875" lon="116.6836665384471416473388671875">
        <ele>78.59999847412109375</ele>
        <time>2026-09-23T10:01:27.000Z</time>
        <extensions>
          <ns3:TrackPointExtension>
            <ns3:hr>163</ns3:hr>
            <ns3:cad>92</ns3:cad>
          </ns3:TrackPointExtension>
        </extensions>
      </trkpt>
      <trkpt lat="40.4037788696587085723876953125" lon="116.6836729086935520172119140625">
        <ele>78.59999847412109375</ele>
        <time>2026-09-23T10:01:28.000Z</time>
        <extensions>
          <ns3:TrackPointExtension>
            <ns3:hr>167</ns3:hr>
            <ns3:cad>92</ns3:cad>
          </ns3:TrackPointExtension>
        </extensions>
      </trkpt>
      <trkpt lat="40.40374274365603923797607421875" lon="116.68366947211325168609619140625">
        <ele>78.59999847412109375</ele>
        <time>2026-09-23T10:01:29.000Z</time>
        <extensions>
          <ns3:TrackPointExtension>
            <ns3:hr>165</ns3:hr>
            <ns3:cad>92</ns3:cad>
          </ns3:TrackPointExtension>
        </extensions>
      </trkpt>
      <trkpt lat="40.40371022187173366546630859375" lon="116.68367408215999603271484375">
        <ele>78.59999847412109375</ele>
        <time>2026-09-23T10:01:30.000Z</time>
        <extensions>
          <ns3:TrackPointExtension>
            <ns3:hr>163</ns3:hr>
            <ns3:cad>92</ns3:cad>
          </ns3:TrackPointExtension>
        </extensions>
      </trkpt>
      <trkpt lat="40.40367585606873035430908203125" lon="116.68367248959839344024658203125">
        <ele>78.59999847412109375</ele>
        <time>2026-09-23T10:01:31.000Z</time>
        <extensions>
          <ns3:TrackPointExtension>
            <ns3:hr>166</ns3:hr>
            <ns3:cad>92</ns3:cad>
          </ns3:TrackPointExtension>
        </extensions>
      </trkpt>
      <trkpt lat="40.4036417417228221893310546875" lon="116.683669723570346832275390625">
        <ele>78.59999847412109375</ele>
        <time>2026-09-23T10:01:32.000Z</time>
        <extensions>
          <ns3:TrackPointExtension>
            <ns3:hr>164</ns3:hr>
            <ns3:cad>92</ns3:cad>
          </ns3:TrackPointExtension>
        </extensions>
      </trkpt>
      <trkpt lat="40.4036098904907703399658203125" lon="116.6836678795516490936279296875">
        <ele>78.8000030517578125</ele>
        <time>2026-09-23T10:01:33.000Z</time>
        <extensions>
          <ns3:TrackPointExtension>
            <ns3:hr>164</ns3:hr>
            <ns3:cad>93</ns3:cad>
          </ns3:TrackPointExtension>
        </extensions>
      </trkpt>
      <trkpt lat="40.4035733453929424285888671875" lon="116.68365891091525554656982421875">
        <ele>78.8000030517578125</ele>
        <time>2026-09-23T10:01:34.000Z</time>
        <extensions>
          <ns3:TrackPointExtension>
            <ns3:hr>167</ns3:hr>
            <ns3:cad>93</ns3:cad>
          </ns3:TrackPointExtension>
        </extensions>
      </trkpt>
      <trkpt lat="40.4035445116460323333740234375" lon="116.68366410769522190093994140625">
        <ele>78.8000030517578125</ele>
        <time>2026-09-23T10:01:35.000Z</time>
        <extensions>
          <ns3:TrackPointExtension>
            <ns3:hr>166</ns3:hr>
            <ns3:cad>93</ns3:cad>
          </ns3:TrackPointExtension>
        </extensions>
      </trkpt>
      <trkpt lat="40.40350520052015781402587890625" lon="116.6836591623723506927490234375">
        <ele>78.8000030517578125</ele>
        <time>2026-09-23T10:01:36.000Z</time>
        <extensions>
          <ns3:TrackPointExtension>
            <ns3:hr>166</ns3:hr>
            <ns3:cad>92</ns3:cad>
          </ns3:TrackPointExtension>
        </extensions>
      </trkpt>
      <trkpt lat="40.40347837843000888824462890625" lon="116.68366980738937854766845703125">
        <ele>78.59999847412109375</ele>
        <time>2026-09-23T10:01:37.000Z</time>
        <extensions>
          <ns3:TrackPointExtension>
            <ns3:hr>165</ns3:hr>
            <ns3:cad>92</ns3:cad>
          </ns3:TrackPointExtension>
        </extensions>
      </trkpt>
      <trkpt lat="40.40344275534152984619140625" lon="116.68366461060941219329833984375">
        <ele>78.8000030517578125</ele>
        <time>2026-09-23T10:01:38.000Z</time>
        <extensions>
          <ns3:TrackPointExtension>
            <ns3:hr>164</ns3:hr>
            <ns3:cad>92</ns3:cad>
          </ns3:TrackPointExtension>
        </extensions>
      </trkpt>
      <trkpt lat="40.40341316722333431243896484375" lon="116.6836680471897125244140625">
        <ele>78.8000030517578125</ele>
        <time>2026-09-23T10:01:39.000Z</time>
        <extensions>
          <ns3:TrackPointExtension>
            <ns3:hr>165</ns3:hr>
            <ns3:cad>94</ns3:cad>
          </ns3:TrackPointExtension>
        </extensions>
      </trkpt>
      <trkpt lat="40.403378047049045562744140625" lon="116.68366134166717529296875">
        <ele>78.8000030517578125</ele>
        <time>2026-09-23T10:01:40.000Z</time>
        <extensions>
          <ns3:TrackPointExtension>
            <ns3:hr>166</ns3:hr>
            <ns3:cad>94</ns3:cad>
          </ns3:TrackPointExtension>
        </extensions>
      </trkpt>
      <trkpt lat="40.403346531093120574951171875" lon="116.68365857563912868499755859375">
        <ele>78.8000030517578125</ele>
        <time>2026-09-23T10:01:41.000Z</time>
        <extensions>
          <ns3:TrackPointExtension>
            <ns3:hr>164</ns3:hr>
            <ns3:cad>94</ns3:cad>
          </ns3:TrackPointExtension>
        </extensions>
      </trkpt>
      <trkpt lat="40.40331174619495868682861328125" lon="116.683660335838794708251953125">
        <ele>78.8000030517578125</ele>
        <time>2026-09-23T10:01:42.000Z</time>
        <extensions>
          <ns3:TrackPointExtension>
            <ns3:hr>166</ns3:hr>
            <ns3:cad>94</ns3:cad>
          </ns3:TrackPointExtension>
        </extensions>
      </trkpt>
      <trkpt lat="40.40327453054487705230712890625" lon="116.6836672089993953704833984375">
        <ele>78.8000030517578125</ele>
        <time>2026-09-23T10:01:43.000Z</time>
        <extensions>
          <ns3:TrackPointExtension>
            <ns3:hr>166</ns3:hr>
            <ns3:cad>94</ns3:cad>
          </ns3:TrackPointExtension>
        </extensions>
      </trkpt>
      <trkpt lat="40.40324561297893524169921875" lon="116.6836814582347869873046875">
        <ele>78.8000030517578125</ele>
        <time>2026-09-23T10:01:44.000Z</time>
        <extensions>
          <ns3:TrackPointExtension>
            <ns3:hr>164</ns3:hr>
            <ns3:cad>92</ns3:cad>
          </ns3:TrackPointExtension>
        </extensions>
      </trkpt>
      <trkpt lat="40.40320579893887042999267578125" lon="116.68370115570724010467529296875">
        <ele>78.59999847412109375</ele>
        <time>2026-09-23T10:01:45.000Z</time>
        <extensions>
          <ns3:TrackPointExtension>
            <ns3:hr>165</ns3:hr>
            <ns3:cad>92</ns3:cad>
          </ns3:TrackPointExtension>
        </extensions>
      </trkpt>
      <trkpt lat="40.40318015031516551971435546875" lon="116.6837211884558200836181640625">
        <ele>78.59999847412109375</ele>
        <time>2026-09-23T10:01:46.000Z</time>
        <extensions>
          <ns3:TrackPointExtension>
            <ns3:hr>166</ns3:hr>
            <ns3:cad>92</ns3:cad>
          </ns3:TrackPointExtension>
        </extensions>
      </trkpt>
      <trkpt lat="40.40315039455890655517578125" lon="116.6837404668331146240234375">
        <ele>78.59999847412109375</ele>
        <time>2026-09-23T10:01:47.000Z</time>
        <extensions>
          <ns3:TrackPointExtension>
            <ns3:hr>165</ns3:hr>
            <ns3:cad>92</ns3:cad>
          </ns3:TrackPointExtension>
        </extensions>
      </trkpt>
      <trkpt lat="40.40312734432518482208251953125" lon="116.68376469053328037261962890625">
        <ele>78.59999847412109375</ele>
        <time>2026-09-23T10:01:48.000Z</time>
        <extensions>
          <ns3:TrackPointExtension>
            <ns3:hr>167</ns3:hr>
            <ns3:cad>94</ns3:cad>
          </ns3:TrackPointExtension>
        </extensions>
      </trkpt>
      <trkpt lat="40.403101779520511627197265625" lon="116.68379335664212703704833984375">
        <ele>78.59999847412109375</ele>
        <time>2026-09-23T10:01:49.000Z</time>
        <extensions>
          <ns3:TrackPointExtension>
            <ns3:hr>166</ns3:hr>
            <ns3:cad>94</ns3:cad>
          </ns3:TrackPointExtension>
        </extensions>
      </trkpt>
      <trkpt lat="40.403076969087123870849609375" lon="116.683822609484195709228515625">
        <ele>78.40000152587890625</ele>
        <time>2026-09-23T10:01:50.000Z</time>
        <extensions>
          <ns3:TrackPointExtension>
            <ns3:hr>166</ns3:hr>
            <ns3:cad>94</ns3:cad>
          </ns3:TrackPointExtension>
        </extensions>
      </trkpt>
      <trkpt lat="40.4030607081949710845947265625" lon="116.68385337106883525848388671875">
        <ele>78.40000152587890625</ele>
        <time>2026-09-23T10:01:51.000Z</time>
        <extensions>
          <ns3:TrackPointExtension>
            <ns3:hr>168</ns3:hr>
            <ns3:cad>92</ns3:cad>
          </ns3:TrackPointExtension>
        </extensions>
      </trkpt>
      <trkpt lat="40.403038077056407928466796875" lon="116.68389108963310718536376953125">
        <ele>78.40000152587890625</ele>
        <time>2026-09-23T10:01:52.000Z</time>
        <extensions>
          <ns3:TrackPointExtension>
            <ns3:hr>167</ns3:hr>
            <ns3:cad>92</ns3:cad>
          </ns3:TrackPointExtension>
        </extensions>
      </trkpt>
      <trkpt lat="40.40303112007677555084228515625" lon="116.683925874531269073486328125">
        <ele>78.40000152587890625</ele>
        <time>2026-09-23T10:01:53.000Z</time>
        <extensions>
          <ns3:TrackPointExtension>
            <ns3:hr>166</ns3:hr>
            <ns3:cad>92</ns3:cad>
          </ns3:TrackPointExtension>
        </extensions>
      </trkpt>
      <trkpt lat="40.403011925518512725830078125" lon="116.68397205881774425506591796875">
        <ele>78.40000152587890625</ele>
        <time>2026-09-23T10:01:54.000Z</time>
        <extensions>
          <ns3:TrackPointExtension>
            <ns3:hr>168</ns3:hr>
            <ns3:cad>92</ns3:cad>
          </ns3:TrackPointExtension>
        </extensions>
      </trkpt>
      <trkpt lat="40.40300983004271984100341796875" lon="116.68400826863944530487060546875">
        <ele>78.40000152587890625</ele>
        <time>2026-09-23T10:01:55.000Z</time>
        <extensions>
          <ns3:TrackPointExtension>
            <ns3:hr>167</ns3:hr>
            <ns3:cad>92</ns3:cad>
          </ns3:TrackPointExtension>
        </extensions>
      </trkpt>
      <trkpt lat="40.402999185025691986083984375" lon="116.684052608907222747802734375">
        <ele>78.1999969482421875</ele>
        <time>2026-09-23T10:01:56.000Z</time>
        <extensions>
          <ns3:TrackPointExtension>
            <ns3:hr>166</ns3:hr>
            <ns3:cad>94</ns3:cad>
          </ns3:TrackPointExtension>
        </extensions>
      </trkpt>
      <trkpt lat="40.40299641899764537811279296875" lon="116.684095524251461029052734375">
        <ele>78.1999969482421875</ele>
        <time>2026-09-23T10:01:57.000Z</time>
        <extensions>
          <ns3:TrackPointExtension>
            <ns3:hr>168</ns3:hr>
            <ns3:cad>94</ns3:cad>
          </ns3:TrackPointExtension>
        </extensions>
      </trkpt>
      <trkpt lat="40.40299491025507450103759765625" lon="116.68413600884377956390380859375">
        <ele>78.1999969482421875</ele>
        <time>2026-09-23T10:01:58.000Z</time>
        <extensions>
          <ns3:TrackPointExtension>
            <ns3:hr>167</ns3:hr>
            <ns3:cad>94</ns3:cad>
          </ns3:TrackPointExtension>
        </extensions>
      </trkpt>
      <trkpt lat="40.4029983468353748321533203125" lon="116.68418177403509616851806640625">
        <ele>78.1999969482421875</ele>
        <time>2026-09-23T10:01:59.000Z</time>
        <extensions>
          <ns3:TrackPointExtension>
            <ns3:hr>166</ns3:hr>
            <ns3:cad>94</ns3:cad>
          </ns3:TrackPointExtension>
        </extensions>
      </trkpt>
      <trkpt lat="40.4030035436153411865234375" lon="116.684219576418399810791015625">
        <ele>78.1999969482421875</ele>
        <time>2026-09-23T10:02:00.000Z</time>
        <extensions>
          <ns3:TrackPointExtension>
            <ns3:hr>167</ns3:hr>
            <ns3:cad>93</ns3:cad>
          </ns3:TrackPointExtension>
        </extensions>
      </trkpt>
      <trkpt lat="40.40301117114722728729248046875" lon="116.68426928110420703887939453125">
        <ele>78.1999969482421875</ele>
        <time>2026-09-23T10:02:01.000Z</time>
        <extensions>
          <ns3:TrackPointExtension>
            <ns3:hr>167</ns3:hr>
            <ns3:cad>93</ns3:cad>
          </ns3:TrackPointExtension>
        </extensions>
      </trkpt>
      <trkpt lat="40.40302164852619171142578125" lon="116.68430096469819545745849609375">
        <ele>78.40000152587890625</ele>
        <time>2026-09-23T10:02:02.000Z</time>
        <extensions>
          <ns3:TrackPointExtension>
            <ns3:hr>165</ns3:hr>
            <ns3:cad>93</ns3:cad>
          </ns3:TrackPointExtension>
        </extensions>
      </trkpt>
      <trkpt lat="40.40303933434188365936279296875" lon="116.68434463441371917724609375">
        <ele>78.40000152587890625</ele>
        <time>2026-09-23T10:02:03.000Z</time>
        <extensions>
          <ns3:TrackPointExtension>
            <ns3:hr>168</ns3:hr>
            <ns3:cad>92</ns3:cad>
          </ns3:TrackPointExtension>
        </extensions>
      </trkpt>
      <trkpt lat="40.403056852519512176513671875" lon="116.68437405489385128021240234375">
        <ele>78.40000152587890625</ele>
        <time>2026-09-23T10:02:04.000Z</time>
        <extensions>
          <ns3:TrackPointExtension>
            <ns3:hr>167</ns3:hr>
            <ns3:cad>92</ns3:cad>
          </ns3:TrackPointExtension>
        </extensions>
      </trkpt>
      <trkpt lat="40.40307772345840930938720703125" lon="116.684413366019725799560546875">
        <ele>78.40000152587890625</ele>
        <time>2026-09-23T10:02:05.000Z</time>
        <extensions>
          <ns3:TrackPointExtension>
            <ns3:hr>165</ns3:hr>
            <ns3:cad>92</ns3:cad>
          </ns3:TrackPointExtension>
        </extensions>
      </trkpt>
      <trkpt lat="40.40310169570147991180419921875" lon="116.68444580398499965667724609375">
        <ele>78.40000152587890625</ele>
        <time>2026-09-23T10:02:06.000Z</time>
        <extensions>
          <ns3:TrackPointExtension>
            <ns3:hr>166</ns3:hr>
            <ns3:cad>92</ns3:cad>
          </ns3:TrackPointExtension>
        </extensions>
      </trkpt>
      <trkpt lat="40.40312700904905796051025390625" lon="116.68447497300803661346435546875">
        <ele>78.40000152587890625</ele>
        <time>2026-09-23T10:02:07.000Z</time>
        <extensions>
          <ns3:TrackPointExtension>
            <ns3:hr>165</ns3:hr>
            <ns3:cad>93</ns3:cad>
          </ns3:TrackPointExtension>
        </extensions>
      </trkpt>
      <trkpt lat="40.40315710008144378662109375" lon="116.6845033876597881317138671875">
        <ele>78.40000152587890625</ele>
        <time>2026-09-23T10:02:08.000Z</time>
        <extensions>
          <ns3:TrackPointExtension>
            <ns3:hr>164</ns3:hr>
            <ns3:cad>93</ns3:cad>
          </ns3:TrackPointExtension>
        </extensions>
      </trkpt>
      <trkpt lat="40.40318618528544902801513671875" lon="116.68452006764709949493408203125">
        <ele>78.40000152587890625</ele>
        <time>2026-09-23T10:02:09.000Z</time>
        <extensions>
          <ns3:TrackPointExtension>
            <ns3:hr>167</ns3:hr>
            <ns3:cad>92</ns3:cad>
          </ns3:TrackPointExtension>
        </extensions>
      </trkpt>
      <trkpt lat="40.4032216407358646392822265625" lon="116.68454286642372608184814453125">
        <ele>78.40000152587890625</ele>
        <time>2026-09-23T10:02:10.000Z</time>
        <extensions>
          <ns3:TrackPointExtension>
            <ns3:hr>164</ns3:hr>
            <ns3:cad>92</ns3:cad>
          </ns3:TrackPointExtension>
        </extensions>
      </trkpt>
      <trkpt lat="40.40324837900698184967041015625" lon="116.68454580008983612060546875">
        <ele>78.40000152587890625</ele>
        <time>2026-09-23T10:02:11.000Z</time>
        <extensions>
          <ns3:TrackPointExtension>
            <ns3:hr>165</ns3:hr>
            <ns3:cad>93</ns3:cad>
          </ns3:TrackPointExtension>
        </extensions>
      </trkpt>
      <trkpt lat="40.40328592993319034576416015625" lon="116.6845590434968471527099609375">
        <ele>78.40000152587890625</ele>
        <time>2026-09-23T10:02:12.000Z</time>
        <extensions>
          <ns3:TrackPointExtension>
            <ns3:hr>166</ns3:hr>
            <ns3:cad>94</ns3:cad>
          </ns3:TrackPointExtension>
        </extensions>
      </trkpt>
      <trkpt lat="40.4033146798610687255859375" lon="116.6845556907355785369873046875">
        <ele>78.40000152587890625</ele>
        <time>2026-09-23T10:02:13.000Z</time>
        <extensions>
          <ns3:TrackPointExtension>
            <ns3:hr>164</ns3:hr>
            <ns3:cad>94</ns3:cad>
          </ns3:TrackPointExtension>
        </extensions>
      </trkpt>
      <trkpt lat="40.4033527337014675140380859375" lon="116.68456532992422580718994140625">
        <ele>78.40000152587890625</ele>
        <time>2026-09-23T10:02:14.000Z</time>
        <extensions>
          <ns3:TrackPointExtension>
            <ns3:hr>165</ns3:hr>
            <ns3:cad>94</ns3:cad>
          </ns3:TrackPointExtension>
        </extensions>
      </trkpt>
      <trkpt lat="40.40338642895221710205078125" lon="116.68456365354359149932861328125">
        <ele>78.40000152587890625</ele>
        <time>2026-09-23T10:02:15.000Z</time>
        <extensions>
          <ns3:TrackPointExtension>
            <ns3:hr>165</ns3:hr>
            <ns3:cad>93</ns3:cad>
          </ns3:TrackPointExtension>
        </extensions>
      </trkpt>
      <trkpt lat="40.40342020802199840545654296875" lon="116.6845677606761455535888671875">
        <ele>78.40000152587890625</ele>
        <time>2026-09-23T10:02:16.000Z</time>
        <extensions>
          <ns3:TrackPointExtension>
            <ns3:hr>163</ns3:hr>
            <ns3:cad>92</ns3:cad>
          </ns3:TrackPointExtension>
        </extensions>
      </trkpt>
      <trkpt lat="40.403458178043365478515625" lon="116.68456918559968471527099609375">
        <ele>78.40000152587890625</ele>
        <time>2026-09-23T10:02:17.000Z</time>
        <extensions>
          <ns3:TrackPointExtension>
            <ns3:hr>165</ns3:hr>
            <ns3:cad>92</ns3:cad>
          </ns3:TrackPointExtension>
        </extensions>
      </trkpt>
      <trkpt lat="40.40348910726606845855712890625" lon="116.684565581381320953369140625">
        <ele>78.40000152587890625</ele>
        <time>2026-09-23T10:02:18.000Z</time>
        <extensions>
          <ns3:TrackPointExtension>
            <ns3:hr>165</ns3:hr>
            <ns3:cad>92</ns3:cad>
          </ns3:TrackPointExtension>
        </extensions>
      </trkpt>
      <trkpt lat="40.40352456271648406982421875" lon="116.6845717839896678924560546875">
        <ele>78.40000152587890625</ele>
        <time>2026-09-23T10:02:19.000Z</time>
        <extensions>
          <ns3:TrackPointExtension>
            <ns3:hr>164</ns3:hr>
            <ns3:cad>92</ns3:cad>
          </ns3:TrackPointExtension>
        </extensions>
      </trkpt>
      <trkpt lat="40.40355331264436244964599609375" lon="116.68456633575260639190673828125">
        <ele>78.40000152587890625</ele>
        <time>2026-09-23T10:02:20.000Z</time>
        <extensions>
          <ns3:TrackPointExtension>
            <ns3:hr>166</ns3:hr>
            <ns3:cad>92</ns3:cad>
          </ns3:TrackPointExtension>
        </extensions>
      </trkpt>
      <trkpt lat="40.40358893573284149169921875" lon="116.6845714487135410308837890625">
        <ele>78.40000152587890625</ele>
        <time>2026-09-23T10:02:21.000Z</time>
        <extensions>
          <ns3:TrackPointExtension>
            <ns3:hr>166</ns3:hr>
            <ns3:cad>94</ns3:cad>
          </ns3:TrackPointExtension>
        </extensions>
      </trkpt>
      <trkpt lat="40.40361709892749786376953125" lon="116.68456248007714748382568359375">
        <ele>78.1999969482421875</ele>
        <time>2026-09-23T10:02:22.000Z</time>
        <extensions>
          <ns3:TrackPointExtension>
            <ns3:hr>164</ns3:hr>
            <ns3:cad>94</ns3:cad>
          </ns3:TrackPointExtension>
        </extensions>
      </trkpt>
      <trkpt lat="40.40365339256823062896728515625" lon="116.68456834740936756134033203125">
        <ele>78.1999969482421875</ele>
        <time>2026-09-23T10:02:23.000Z</time>
        <extensions>
          <ns3:TrackPointExtension>
            <ns3:hr>166</ns3:hr>
            <ns3:cad>93</ns3:cad>
          </ns3:TrackPointExtension>
        </extensions>
      </trkpt>
      <trkpt lat="40.40368147194385528564453125" lon="116.68456315062940120697021484375">
        <ele>78.1999969482421875</ele>
        <time>2026-09-23T10:02:24.000Z</time>
        <extensions>
          <ns3:TrackPointExtension>
            <ns3:hr>166</ns3:hr>
            <ns3:cad>93</ns3:cad>
          </ns3:TrackPointExtension>
        </extensions>
      </trkpt>
      <trkpt lat="40.40371642448008060455322265625" lon="116.68456465937197208404541015625">
        <ele>78.1999969482421875</ele>
        <time>2026-09-23T10:02:25.000Z</time>
        <extensions>
          <ns3:TrackPointExtension>
            <ns3:hr>164</ns3:hr>
            <ns3:cad>93</ns3:cad>
          </ns3:TrackPointExtension>
        </extensions>
      </trkpt>
      <trkpt lat="40.4037500359117984771728515625" lon="116.68455963023006916046142578125">
        <ele>78.1999969482421875</ele>
        <time>2026-09-23T10:02:26.000Z</time>
        <extensions>
          <ns3:TrackPointExtension>
            <ns3:hr>166</ns3:hr>
            <ns3:cad>93</ns3:cad>
          </ns3:TrackPointExtension>
        </extensions>
      </trkpt>
      <trkpt lat="40.40378197096288204193115234375" lon="116.68455845676362514495849609375">
        <ele>78.1999969482421875</ele>
        <time>2026-09-23T10:02:27.000Z</time>
        <extensions>
          <ns3:TrackPointExtension>
            <ns3:hr>164</ns3:hr>
            <ns3:cad>92</ns3:cad>
          </ns3:TrackPointExtension>
        </extensions>
      </trkpt>
      <trkpt lat="40.40381667204201221466064453125" lon="116.68456256389617919921875">
        <ele>78.40000152587890625</ele>
        <time>2026-09-23T10:02:28.000Z</time>
        <extensions>
          <ns3:TrackPointExtension>
            <ns3:hr>164</ns3:hr>
            <ns3:cad>92</ns3:cad>
          </ns3:TrackPointExtension>
        </extensions>
      </trkpt>
      <trkpt lat="40.40384701453149318695068359375" lon="116.68456013314425945281982421875">
        <ele>78.40000152587890625</ele>
        <time>2026-09-23T10:02:29.000Z</time>
        <extensions>
          <ns3:TrackPointExtension>
            <ns3:hr>165</ns3:hr>
            <ns3:cad>94</ns3:cad>
          </ns3:TrackPointExtension>
        </extensions>
      </trkpt>
      <trkpt lat="40.403881631791591644287109375" lon="116.6845667548477649688720703125">
        <ele>78.40000152587890625</ele>
        <time>2026-09-23T10:02:30.000Z</time>
        <extensions>
          <ns3:TrackPointExtension>
            <ns3:hr>162</ns3:hr>
            <ns3:cad>94</ns3:cad>
          </ns3:TrackPointExtension>
        </extensions>
      </trkpt>
      <trkpt lat="40.40390954352915287017822265625" lon="116.68455895967781543731689453125">
        <ele>78.40000152587890625</ele>
        <time>2026-09-23T10:02:31.000Z</time>
        <extensions>
          <ns3:TrackPointExtension>
            <ns3:hr>164</ns3:hr>
            <ns3:cad>93</ns3:cad>
          </ns3:TrackPointExtension>
        </extensions>
      </trkpt>
      <trkpt lat="40.40394810028374195098876953125" lon="116.6845670901238918304443359375">
        <ele>78.1999969482421875</ele>
        <time>2026-09-23T10:02:32.000Z</time>
        <extensions>
          <ns3:TrackPointExtension>
            <ns3:hr>165</ns3:hr>
            <ns3:cad>92</ns3:cad>
          </ns3:TrackPointExtension>
        </extensions>
      </trkpt>
      <trkpt lat="40.40397643111646175384521484375" lon="116.68455946259200572967529296875">
        <ele>78.1999969482421875</ele>
        <time>2026-09-23T10:02:33.000Z</time>
        <extensions>
          <ns3:TrackPointExtension>
            <ns3:hr>163</ns3:hr>
            <ns3:cad>92</ns3:cad>
          </ns3:TrackPointExtension>
        </extensions>
      </trkpt>
      <trkpt lat="40.40401347912847995758056640625" lon="116.68456398881971836090087890625">
        <ele>78.1999969482421875</ele>
        <time>2026-09-23T10:02:34.000Z</time>
        <extensions>
          <ns3:TrackPointExtension>
            <ns3:hr>165</ns3:hr>
            <ns3:cad>92</ns3:cad>
          </ns3:TrackPointExtension>
        </extensions>
      </trkpt>
      <trkpt lat="40.40404147468507289886474609375" lon="116.6845566965639591217041015625">
        <ele>78.1999969482421875</ele>
        <time>2026-09-23T10:02:35.000Z</time>
        <extensions>
          <ns3:TrackPointExtension>
            <ns3:hr>165</ns3:hr>
            <ns3:cad>92</ns3:cad>
          </ns3:TrackPointExtension>
        </extensions>
      </trkpt>
      <trkpt lat="40.40407801978290081024169921875" lon="116.68456323444843292236328125">
        <ele>78.40000152587890625</ele>
        <time>2026-09-23T10:02:36.000Z</time>
        <extensions>
          <ns3:TrackPointExtension>
            <ns3:hr>165</ns3:hr>
            <ns3:cad>95</ns3:cad>
          </ns3:TrackPointExtension>
        </extensions>
      </trkpt>
      <trkpt lat="40.40411531925201416015625" lon="116.68456398881971836090087890625">
        <ele>78.40000152587890625</ele>
        <time>2026-09-23T10:02:37.000Z</time>
        <extensions>
          <ns3:TrackPointExtension>
            <ns3:hr>166</ns3:hr>
            <ns3:cad>95</ns3:cad>
          </ns3:TrackPointExtension>
        </extensions>
      </trkpt>
      <trkpt lat="40.404147170484066009521484375" lon="116.68455895967781543731689453125">
        <ele>78.1999969482421875</ele>
        <time>2026-09-23T10:02:38.000Z</time>
        <extensions>
          <ns3:TrackPointExtension>
            <ns3:hr>165</ns3:hr>
            <ns3:cad>94</ns3:cad>
          </ns3:TrackPointExtension>
        </extensions>
      </trkpt>
      <trkpt lat="40.40418765507638454437255859375" lon="116.68455074541270732879638671875">
        <ele>78.1999969482421875</ele>
        <time>2026-09-23T10:02:39.000Z</time>
        <extensions>
          <ns3:TrackPointExtension>
            <ns3:hr>163</ns3:hr>
            <ns3:cad>92</ns3:cad>
          </ns3:TrackPointExtension>
        </extensions>
      </trkpt>
      <trkpt lat="40.4042164050042629241943359375" lon="116.68454051949083805084228515625">
        <ele>78</ele>
        <time>2026-09-23T10:02:40.000Z</time>
        <extensions>
          <ns3:TrackPointExtension>
            <ns3:hr>166</ns3:hr>
            <ns3:cad>92</ns3:cad>
          </ns3:TrackPointExtension>
        </extensions>
      </trkpt>
      <trkpt lat="40.40425554849207401275634765625" lon="116.68452509678900241851806640625">
        <ele>77.8000030517578125</ele>
        <time>2026-09-23T10:02:41.000Z</time>
        <extensions>
          <ns3:TrackPointExtension>
            <ns3:hr>164</ns3:hr>
            <ns3:cad>92</ns3:cad>
          </ns3:TrackPointExtension>
        </extensions>
      </trkpt>
      <trkpt lat="40.40427985601127147674560546875" lon="116.68450690805912017822265625">
        <ele>77.8000030517578125</ele>
        <time>2026-09-23T10:02:42.000Z</time>
        <extensions>
          <ns3:TrackPointExtension>
            <ns3:hr>163</ns3:hr>
            <ns3:cad>92</ns3:cad>
          </ns3:TrackPointExtension>
        </extensions>
      </trkpt>
      <trkpt lat="40.40431304834783077239990234375" lon="116.6844809241592884063720703125">
        <ele>78</ele>
        <time>2026-09-23T10:02:43.000Z</time>
        <extensions>
          <ns3:TrackPointExtension>
            <ns3:hr>165</ns3:hr>
            <ns3:cad>92</ns3:cad>
          </ns3:TrackPointExtension>
        </extensions>
      </trkpt>
      <trkpt lat="40.404330901801586151123046875" lon="116.68445267714560031890869140625">
        <ele>78</ele>
        <time>2026-09-23T10:02:44.000Z</time>
        <extensions>
          <ns3:TrackPointExtension>
            <ns3:hr>165</ns3:hr>
            <ns3:cad>92</ns3:cad>
          </ns3:TrackPointExtension>
        </extensions>
      </trkpt>
      <trkpt lat="40.4043607413768768310546875" lon="116.68441898189485073089599609375">
        <ele>78</ele>
        <time>2026-09-23T10:02:45.000Z</time>
        <extensions>
          <ns3:TrackPointExtension>
            <ns3:hr>164</ns3:hr>
            <ns3:cad>92</ns3:cad>
          </ns3:TrackPointExtension>
        </extensions>
      </trkpt>
      <trkpt lat="40.40437591262161731719970703125" lon="116.68438578955829143524169921875">
        <ele>78.1999969482421875</ele>
        <time>2026-09-23T10:02:46.000Z</time>
        <extensions>
          <ns3:TrackPointExtension>
            <ns3:hr>166</ns3:hr>
            <ns3:cad>92</ns3:cad>
          </ns3:TrackPointExtension>
        </extensions>
      </trkpt>
      <trkpt lat="40.4043957777321338653564453125" lon="116.68434941209852695465087890625">
        <ele>78</ele>
        <time>2026-09-23T10:02:47.000Z</time>
        <extensions>
          <ns3:TrackPointExtension>
            <ns3:hr>166</ns3:hr>
            <ns3:cad>92</ns3:cad>
          </ns3:TrackPointExtension>
        </extensions>
      </trkpt>
      <trkpt lat="40.404407344758510589599609375" lon="116.68431437574326992034912109375">
        <ele>78</ele>
        <time>2026-09-23T10:02:48.000Z</time>
        <extensions>
          <ns3:TrackPointExtension>
            <ns3:hr>163</ns3:hr>
            <ns3:cad>92</ns3:cad>
          </ns3:TrackPointExtension>
        </extensions>
      </trkpt>
      <trkpt lat="40.40442310273647308349609375" lon="116.68427355587482452392578125">
        <ele>78</ele>
        <time>2026-09-23T10:02:49.000Z</time>
        <extensions>
          <ns3:TrackPointExtension>
            <ns3:hr>166</ns3:hr>
            <ns3:cad>91</ns3:cad>
          </ns3:TrackPointExtension>
        </extensions>
      </trkpt>
      <trkpt lat="40.4044329933822154998779296875" lon="116.6842291317880153656005859375">
        <ele>78</ele>
        <time>2026-09-23T10:02:50.000Z</time>
        <extensions>
          <ns3:TrackPointExtension>
            <ns3:hr>167</ns3:hr>
            <ns3:cad>91</ns3:cad>
          </ns3:TrackPointExtension>
        </extensions>
      </trkpt>
      <trkpt lat="40.40444028563797473907470703125" lon="116.68418847955763339996337890625">
        <ele>77.8000030517578125</ele>
        <time>2026-09-23T10:02:51.000Z</time>
        <extensions>
          <ns3:TrackPointExtension>
            <ns3:hr>165</ns3:hr>
            <ns3:cad>92</ns3:cad>
          </ns3:TrackPointExtension>
        </extensions>
      </trkpt>
      <trkpt lat="40.40444615297019481658935546875" lon="116.6841412894427776336669921875">
        <ele>78</ele>
        <time>2026-09-23T10:02:52.000Z</time>
        <extensions>
          <ns3:TrackPointExtension>
            <ns3:hr>166</ns3:hr>
            <ns3:cad>92</ns3:cad>
          </ns3:TrackPointExtension>
        </extensions>
      </trkpt>
      <trkpt lat="40.404444895684719085693359375" lon="116.68410114012658596038818359375">
        <ele>78</ele>
        <time>2026-09-23T10:02:53.000Z</time>
        <extensions>
          <ns3:TrackPointExtension>
            <ns3:hr>167</ns3:hr>
            <ns3:cad>92</ns3:cad>
          </ns3:TrackPointExtension>
        </extensions>
      </trkpt>
      <trkpt lat="40.4044457338750362396240234375" lon="116.68404900468885898590087890625">
        <ele>78</ele>
        <time>2026-09-23T10:02:54.000Z</time>
        <extensions>
          <ns3:TrackPointExtension>
            <ns3:hr>164</ns3:hr>
            <ns3:cad>92</ns3:cad>
          </ns3:TrackPointExtension>
        </extensions>
      </trkpt>
      <trkpt lat="40.40443710051476955413818359375" lon="116.68401346541941165924072265625">
        <ele>78</ele>
        <time>2026-09-23T10:02:55.000Z</time>
        <extensions>
          <ns3:TrackPointExtension>
            <ns3:hr>167</ns3:hr>
            <ns3:cad>92</ns3:cad>
          </ns3:TrackPointExtension>
        </extensions>
      </trkpt>
      <trkpt lat="40.40443240664899349212646484375" lon="116.68396417982876300811767578125">
        <ele>78</ele>
        <time>2026-09-23T10:02:56.000Z</time>
        <extensions>
          <ns3:TrackPointExtension>
            <ns3:hr>167</ns3:hr>
            <ns3:cad>92</ns3:cad>
          </ns3:TrackPointExtension>
        </extensions>
      </trkpt>
      <trkpt lat="40.40441882796585559844970703125" lon="116.6839304007589817047119140625">
        <ele>78</ele>
        <time>2026-09-23T10:02:57.000Z</time>
        <extensions>
          <ns3:TrackPointExtension>
            <ns3:hr>166</ns3:hr>
            <ns3:cad>92</ns3:cad>
          </ns3:TrackPointExtension>
        </extensions>
      </trkpt>
      <trkpt lat="40.4044034890830516815185546875" lon="116.6838881559669971466064453125">
        <ele>78.1999969482421875</ele>
        <time>2026-09-23T10:02:58.000Z</time>
        <extensions>
          <ns3:TrackPointExtension>
            <ns3:hr>168</ns3:hr>
            <ns3:cad>92</ns3:cad>
          </ns3:TrackPointExtension>
        </extensions>
      </trkpt>
      <trkpt lat="40.40438261814415454864501953125" lon="116.68385353870689868927001953125">
        <ele>78.1999969482421875</ele>
        <time>2026-09-23T10:02:59.000Z</time>
        <extensions>
          <ns3:TrackPointExtension>
            <ns3:hr>169</ns3:hr>
            <ns3:cad>92</ns3:cad>
          </ns3:TrackPointExtension>
        </extensions>
      </trkpt>
      <trkpt lat="40.4043639265000820159912109375" lon="116.68382135219871997833251953125">
        <ele>78.1999969482421875</ele>
        <time>2026-09-23T10:03:00.000Z</time>
        <extensions>
          <ns3:TrackPointExtension>
            <ns3:hr>167</ns3:hr>
            <ns3:cad>92</ns3:cad>
          </ns3:TrackPointExtension>
        </extensions>
      </trkpt>
      <trkpt lat="40.4043371044099330902099609375" lon="116.68378405272960662841796875">
        <ele>78.1999969482421875</ele>
        <time>2026-09-23T10:03:01.000Z</time>
        <extensions>
          <ns3:TrackPointExtension>
            <ns3:hr>168</ns3:hr>
            <ns3:cad>94</ns3:cad>
          </ns3:TrackPointExtension>
        </extensions>
      </trkpt>
      <trkpt lat="40.40431070141494274139404296875" lon="116.6837632656097412109375">
        <ele>78.1999969482421875</ele>
        <time>2026-09-23T10:03:02.000Z</time>
        <extensions>
          <ns3:TrackPointExtension>
            <ns3:hr>169</ns3:hr>
            <ns3:cad>94</ns3:cad>
          </ns3:TrackPointExtension>
        </extensions>
      </trkpt>
      <trkpt lat="40.404276587069034576416015625" lon="116.6837319172918796539306640625">
        <ele>78.1999969482421875</ele>
        <time>2026-09-23T10:03:03.000Z</time>
        <extensions>
          <ns3:TrackPointExtension>
            <ns3:hr>167</ns3:hr>
            <ns3:cad>94</ns3:cad>
          </ns3:TrackPointExtension>
        </extensions>
      </trkpt>
      <trkpt lat="40.40424800477921962738037109375" lon="116.6837201826274394989013671875">
        <ele>78.1999969482421875</ele>
        <time>2026-09-23T10:03:04.000Z</time>
        <extensions>
          <ns3:TrackPointExtension>
            <ns3:hr>168</ns3:hr>
            <ns3:cad>94</ns3:cad>
          </ns3:TrackPointExtension>
        </extensions>
      </trkpt>
      <trkpt lat="40.40421187877655029296875" lon="116.68369947932660579681396484375">
        <ele>78.1999969482421875</ele>
        <time>2026-09-23T10:03:05.000Z</time>
        <extensions>
          <ns3:TrackPointExtension>
            <ns3:hr>170</ns3:hr>
            <ns3:cad>92</ns3:cad>
          </ns3:TrackPointExtension>
        </extensions>
      </trkpt>
      <trkpt lat="40.4041812010109424591064453125" lon="116.68369595892727375030517578125">
        <ele>78.1999969482421875</ele>
        <time>2026-09-23T10:03:06.000Z</time>
        <extensions>
          <ns3:TrackPointExtension>
            <ns3:hr>170</ns3:hr>
            <ns3:cad>92</ns3:cad>
          </ns3:TrackPointExtension>
        </extensions>
      </trkpt>
      <trkpt lat="40.4041436500847339630126953125" lon="116.68368338607251644134521484375">
        <ele>78.1999969482421875</ele>
        <time>2026-09-23T10:03:07.000Z</time>
        <extensions>
          <ns3:TrackPointExtension>
            <ns3:hr>168</ns3:hr>
            <ns3:cad>92</ns3:cad>
          </ns3:TrackPointExtension>
        </extensions>
      </trkpt>
      <trkpt lat="40.4041097871959209442138671875" lon="116.68367969803512096405029296875">
        <ele>78.40000152587890625</ele>
        <time>2026-09-23T10:03:08.000Z</time>
        <extensions>
          <ns3:TrackPointExtension>
            <ns3:hr>169</ns3:hr>
            <ns3:cad>92</ns3:cad>
          </ns3:TrackPointExtension>
        </extensions>
      </trkpt>
      <trkpt lat="40.40407734923064708709716796875" lon="116.68367433361709117889404296875">
        <ele>78.40000152587890625</ele>
        <time>2026-09-23T10:03:09.000Z</time>
        <extensions>
          <ns3:TrackPointExtension>
            <ns3:hr>167</ns3:hr>
            <ns3:cad>94</ns3:cad>
          </ns3:TrackPointExtension>
        </extensions>
      </trkpt>
      <trkpt lat="40.404043905436992645263671875" lon="116.68367181904613971710205078125">
        <ele>78.40000152587890625</ele>
        <time>2026-09-23T10:03:10.000Z</time>
        <extensions>
          <ns3:TrackPointExtension>
            <ns3:hr>167</ns3:hr>
            <ns3:cad>94</ns3:cad>
          </ns3:TrackPointExtension>
        </extensions>
      </trkpt>
      <trkpt lat="40.40401582606136798858642578125" lon="116.683675087988376617431640625">
        <ele>78.40000152587890625</ele>
        <time>2026-09-23T10:03:11.000Z</time>
        <extensions>
          <ns3:TrackPointExtension>
            <ns3:hr>169</ns3:hr>
            <ns3:cad>94</ns3:cad>
          </ns3:TrackPointExtension>
        </extensions>
      </trkpt>
      <trkpt lat="40.40397844277322292327880859375" lon="116.683669053018093109130859375">
        <ele>78.40000152587890625</ele>
        <time>2026-09-23T10:03:12.000Z</time>
        <extensions>
          <ns3:TrackPointExtension>
            <ns3:hr>168</ns3:hr>
            <ns3:cad>94</ns3:cad>
          </ns3:TrackPointExtension>
        </extensions>
      </trkpt>
      <trkpt lat="40.403951704502105712890625" lon="116.68367500416934490203857421875">
        <ele>78.1999969482421875</ele>
        <time>2026-09-23T10:03:13.000Z</time>
        <extensions>
          <ns3:TrackPointExtension>
            <ns3:hr>167</ns3:hr>
            <ns3:cad>94</ns3:cad>
          </ns3:TrackPointExtension>
        </extensions>
      </trkpt>
      <trkpt lat="40.40391658432781696319580078125" lon="116.68366678990423679351806640625">
        <ele>78.40000152587890625</ele>
        <time>2026-09-23T10:03:14.000Z</time>
        <extensions>
          <ns3:TrackPointExtension>
            <ns3:hr>169</ns3:hr>
            <ns3:cad>94</ns3:cad>
          </ns3:TrackPointExtension>
        </extensions>
      </trkpt>
      <trkpt lat="40.4038871638476848602294921875" lon="116.6836698912084102630615234375">
        <ele>78.40000152587890625</ele>
        <time>2026-09-23T10:03:15.000Z</time>
        <extensions>
          <ns3:TrackPointExtension>
            <ns3:hr>169</ns3:hr>
            <ns3:cad>94</ns3:cad>
          </ns3:TrackPointExtension>
        </extensions>
      </trkpt>
      <trkpt lat="40.403854809701442718505859375" lon="116.6836645267903804779052734375">
        <ele>78.40000152587890625</ele>
        <time>2026-09-23T10:03:16.000Z</time>
        <extensions>
          <ns3:TrackPointExtension>
            <ns3:hr>167</ns3:hr>
            <ns3:cad>94</ns3:cad>
          </ns3:TrackPointExtension>
        </extensions>
      </trkpt>
      <trkpt lat="40.4038204438984394073486328125" lon="116.68366410769522190093994140625">
        <ele>78.40000152587890625</ele>
        <time>2026-09-23T10:03:17.000Z</time>
        <extensions>
          <ns3:TrackPointExtension>
            <ns3:hr>168</ns3:hr>
            <ns3:cad>94</ns3:cad>
          </ns3:TrackPointExtension>
        </extensions>
      </trkpt>
      <trkpt lat="40.40378280915319919586181640625" lon="116.6836672089993953704833984375">
        <ele>78.1999969482421875</ele>
        <time>2026-09-23T10:03:18.000Z</time>
        <extensions>
          <ns3:TrackPointExtension>
            <ns3:hr>169</ns3:hr>
            <ns3:cad>94</ns3:cad>
          </ns3:TrackPointExtension>
        </extensions>
      </trkpt>
      <trkpt lat="40.40374576114118099212646484375" lon="116.68366159312427043914794921875">
        <ele>78.1999969482421875</ele>
        <time>2026-09-23T10:03:19.000Z</time>
        <extensions>
          <ns3:TrackPointExtension>
            <ns3:hr>167</ns3:hr>
            <ns3:cad>94</ns3:cad>
          </ns3:TrackPointExtension>
        </extensions>
      </trkpt>
      <trkpt lat="40.403715670108795166015625" lon="116.683662347495555877685546875">
        <ele>78.1999969482421875</ele>
        <time>2026-09-23T10:03:20.000Z</time>
        <extensions>
          <ns3:TrackPointExtension>
            <ns3:hr>169</ns3:hr>
            <ns3:cad>93</ns3:cad>
          </ns3:TrackPointExtension>
        </extensions>
      </trkpt>
      <trkpt lat="40.40367635898292064666748046875" lon="116.6836527921259403228759765625">
        <ele>78.1999969482421875</ele>
        <time>2026-09-23T10:03:21.000Z</time>
        <extensions>
          <ns3:TrackPointExtension>
            <ns3:hr>169</ns3:hr>
            <ns3:cad>93</ns3:cad>
          </ns3:TrackPointExtension>
        </extensions>
      </trkpt>
      <trkpt lat="40.4036457650363445281982421875" lon="116.683658994734287261962890625">
        <ele>78.40000152587890625</ele>
        <time>2026-09-23T10:03:22.000Z</time>
        <extensions>
          <ns3:TrackPointExtension>
            <ns3:hr>166</ns3:hr>
            <ns3:cad>93</ns3:cad>
          </ns3:TrackPointExtension>
        </extensions>
      </trkpt>
      <trkpt lat="40.403607375919818878173828125" lon="116.6836527921259403228759765625">
        <ele>78.40000152587890625</ele>
        <time>2026-09-23T10:03:23.000Z</time>
        <extensions>
          <ns3:TrackPointExtension>
            <ns3:hr>166</ns3:hr>
            <ns3:cad>93</ns3:cad>
          </ns3:TrackPointExtension>
        </extensions>
      </trkpt>
      <trkpt lat="40.403576195240020751953125" lon="116.68365656398236751556396484375">
        <ele>78.40000152587890625</ele>
        <time>2026-09-23T10:03:24.000Z</time>
        <extensions>
          <ns3:TrackPointExtension>
            <ns3:hr>168</ns3:hr>
            <ns3:cad>93</ns3:cad>
          </ns3:TrackPointExtension>
        </extensions>
      </trkpt>
      <trkpt lat="40.40354065597057342529296875" lon="116.6836546361446380615234375">
        <ele>78.40000152587890625</ele>
        <time>2026-09-23T10:03:25.000Z</time>
        <extensions>
          <ns3:TrackPointExtension>
            <ns3:hr>166</ns3:hr>
            <ns3:cad>93</ns3:cad>
          </ns3:TrackPointExtension>
        </extensions>
      </trkpt>
      <trkpt lat="40.40350846946239471435546875" lon="116.68365262448787689208984375">
        <ele>78.40000152587890625</ele>
        <time>2026-09-23T10:03:26.000Z</time>
        <extensions>
          <ns3:TrackPointExtension>
            <ns3:hr>165</ns3:hr>
            <ns3:cad>93</ns3:cad>
          </ns3:TrackPointExtension>
        </extensions>
      </trkpt>
      <trkpt lat="40.40347737260162830352783203125" lon="116.6836504451930522918701171875">
        <ele>78.40000152587890625</ele>
        <time>2026-09-23T10:03:27.000Z</time>
        <extensions>
          <ns3:TrackPointExtension>
            <ns3:hr>168</ns3:hr>
            <ns3:cad>94</ns3:cad>
          </ns3:TrackPointExtension>
        </extensions>
      </trkpt>
      <trkpt lat="40.403439737856388092041015625" lon="116.6836464218795299530029296875">
        <ele>78.40000152587890625</ele>
        <time>2026-09-23T10:03:28.000Z</time>
        <extensions>
          <ns3:TrackPointExtension>
            <ns3:hr>165</ns3:hr>
            <ns3:cad>94</ns3:cad>
          </ns3:TrackPointExtension>
        </extensions>
      </trkpt>
      <trkpt lat="40.40340797044336795806884765625" lon="116.68365136720240116119384765625">
        <ele>78.1999969482421875</ele>
        <time>2026-09-23T10:03:29.000Z</time>
        <extensions>
          <ns3:TrackPointExtension>
            <ns3:hr>166</ns3:hr>
            <ns3:cad>92</ns3:cad>
          </ns3:TrackPointExtension>
        </extensions>
      </trkpt>
      <trkpt lat="40.40336840786039829254150390625" lon="116.683647930622100830078125">
        <ele>78.1999969482421875</ele>
        <time>2026-09-23T10:03:30.000Z</time>
        <extensions>
          <ns3:TrackPointExtension>
            <ns3:hr>167</ns3:hr>
            <ns3:cad>92</ns3:cad>
          </ns3:TrackPointExtension>
        </extensions>
      </trkpt>
      <trkpt lat="40.403340160846710205078125" lon="116.68365539051592350006103515625">
        <ele>78.1999969482421875</ele>
        <time>2026-09-23T10:03:31.000Z</time>
        <extensions>
          <ns3:TrackPointExtension>
            <ns3:hr>165</ns3:hr>
            <ns3:cad>92</ns3:cad>
          </ns3:TrackPointExtension>
        </extensions>
      </trkpt>
      <trkpt lat="40.40330520831048488616943359375" lon="116.6836521215736865997314453125">
        <ele>78.1999969482421875</ele>
        <time>2026-09-23T10:03:32.000Z</time>
        <extensions>
          <ns3:TrackPointExtension>
            <ns3:hr>166</ns3:hr>
            <ns3:cad>92</ns3:cad>
          </ns3:TrackPointExtension>
        </extensions>
      </trkpt>
      <trkpt lat="40.4032749496400356292724609375" lon="116.6836608387529850006103515625">
        <ele>78.1999969482421875</ele>
        <time>2026-09-23T10:03:33.000Z</time>
        <extensions>
          <ns3:TrackPointExtension>
            <ns3:hr>167</ns3:hr>
            <ns3:cad>93</ns3:cad>
          </ns3:TrackPointExtension>
        </extensions>
      </trkpt>
      <trkpt lat="40.40324234403669834136962890625" lon="116.68366410769522190093994140625">
        <ele>78.1999969482421875</ele>
        <time>2026-09-23T10:03:34.000Z</time>
        <extensions>
          <ns3:TrackPointExtension>
            <ns3:hr>166</ns3:hr>
            <ns3:cad>93</ns3:cad>
          </ns3:TrackPointExtension>
        </extensions>
      </trkpt>
      <trkpt lat="40.403209738433361053466796875" lon="116.6836792789399623870849609375">
        <ele>78.1999969482421875</ele>
        <time>2026-09-23T10:03:35.000Z</time>
        <extensions>
          <ns3:TrackPointExtension>
            <ns3:hr>166</ns3:hr>
            <ns3:cad>93</ns3:cad>
          </ns3:TrackPointExtension>
        </extensions>
      </trkpt>
      <trkpt lat="40.40318082086741924285888671875" lon="116.68369847349822521209716796875">
        <ele>78.1999969482421875</ele>
        <time>2026-09-23T10:03:36.000Z</time>
        <extensions>
          <ns3:TrackPointExtension>
            <ns3:hr>166</ns3:hr>
            <ns3:cad>93</ns3:cad>
          </ns3:TrackPointExtension>
        </extensions>
      </trkpt>
      <trkpt lat="40.403144694864749908447265625" lon="116.68372361920773983001708984375">
        <ele>78.1999969482421875</ele>
        <time>2026-09-23T10:03:37.000Z</time>
        <extensions>
          <ns3:TrackPointExtension>
            <ns3:hr>166</ns3:hr>
            <ns3:cad>93</ns3:cad>
          </ns3:TrackPointExtension>
        </extensions>
      </trkpt>
      <trkpt lat="40.40311980061233043670654296875" lon="116.6837510280311107635498046875">
        <ele>78.1999969482421875</ele>
        <time>2026-09-23T10:03:38.000Z</time>
        <extensions>
          <ns3:TrackPointExtension>
            <ns3:hr>167</ns3:hr>
            <ns3:cad>93</ns3:cad>
          </ns3:TrackPointExtension>
        </extensions>
      </trkpt>
      <trkpt lat="40.40308727882802486419677734375" lon="116.68378363363444805145263671875">
        <ele>78.1999969482421875</ele>
        <time>2026-09-23T10:03:39.000Z</time>
        <extensions>
          <ns3:TrackPointExtension>
            <ns3:hr>169</ns3:hr>
            <ns3:cad>92</ns3:cad>
          </ns3:TrackPointExtension>
        </extensions>
      </trkpt>
      <trkpt lat="40.40307001210749149322509765625" lon="116.68381196446716785430908203125">
        <ele>78.1999969482421875</ele>
        <time>2026-09-23T10:03:40.000Z</time>
        <extensions>
          <ns3:TrackPointExtension>
            <ns3:hr>167</ns3:hr>
            <ns3:cad>92</ns3:cad>
          </ns3:TrackPointExtension>
        </extensions>
      </trkpt>
      <trkpt lat="40.403044112026691436767578125" lon="116.683850102126598358154296875">
        <ele>78.1999969482421875</ele>
        <time>2026-09-23T10:03:41.000Z</time>
        <extensions>
          <ns3:TrackPointExtension>
            <ns3:hr>166</ns3:hr>
            <ns3:cad>92</ns3:cad>
          </ns3:TrackPointExtension>
        </extensions>
      </trkpt>
      <trkpt lat="40.40303480811417102813720703125" lon="116.6838841326534748077392578125">
        <ele>78.1999969482421875</ele>
        <time>2026-09-23T10:03:42.000Z</time>
        <extensions>
          <ns3:TrackPointExtension>
            <ns3:hr>169</ns3:hr>
            <ns3:cad>92</ns3:cad>
          </ns3:TrackPointExtension>
        </extensions>
      </trkpt>
      <trkpt lat="40.403021313250064849853515625" lon="116.68392227031290531158447265625">
        <ele>78.1999969482421875</ele>
        <time>2026-09-23T10:03:43.000Z</time>
        <extensions>
          <ns3:TrackPointExtension>
            <ns3:hr>167</ns3:hr>
            <ns3:cad>93</ns3:cad>
          </ns3:TrackPointExtension>
        </extensions>
      </trkpt>
      <trkpt lat="40.4030077345669269561767578125" lon="116.6839662753045558929443359375">
        <ele>78</ele>
        <time>2026-09-23T10:03:44.000Z</time>
        <extensions>
          <ns3:TrackPointExtension>
            <ns3:hr>167</ns3:hr>
            <ns3:cad>93</ns3:cad>
          </ns3:TrackPointExtension>
        </extensions>
      </trkpt>
      <trkpt lat="40.4030000232160091400146484375" lon="116.68400441296398639678955078125">
        <ele>78</ele>
        <time>2026-09-23T10:03:45.000Z</time>
        <extensions>
          <ns3:TrackPointExtension>
            <ns3:hr>171</ns3:hr>
            <ns3:cad>93</ns3:cad>
          </ns3:TrackPointExtension>
        </extensions>
      </trkpt>
      <trkpt lat="40.402991473674774169921875" lon="116.68405135162174701690673828125">
        <ele>78</ele>
        <time>2026-09-23T10:03:46.000Z</time>
        <extensions>
          <ns3:TrackPointExtension>
            <ns3:hr>169</ns3:hr>
            <ns3:cad>93</ns3:cad>
          </ns3:TrackPointExtension>
        </extensions>
      </trkpt>
      <trkpt lat="40.40299423970282077789306640625" lon="116.68409007601439952850341796875">
        <ele>78</ele>
        <time>2026-09-23T10:03:47.000Z</time>
        <extensions>
          <ns3:TrackPointExtension>
            <ns3:hr>166</ns3:hr>
            <ns3:cad>93</ns3:cad>
          </ns3:TrackPointExtension>
        </extensions>
      </trkpt>
      <trkpt lat="40.40298879146575927734375" lon="116.68414355255663394927978515625">
        <ele>78</ele>
        <time>2026-09-23T10:03:48.000Z</time>
        <extensions>
          <ns3:TrackPointExtension>
            <ns3:hr>169</ns3:hr>
            <ns3:cad>93</ns3:cad>
          </ns3:TrackPointExtension>
        </extensions>
      </trkpt>
      <trkpt lat="40.4029981791973114013671875" lon="116.6841830313205718994140625">
        <ele>78</ele>
        <time>2026-09-23T10:03:49.000Z</time>
        <extensions>
          <ns3:TrackPointExtension>
            <ns3:hr>169</ns3:hr>
            <ns3:cad>93</ns3:cad>
          </ns3:TrackPointExtension>
        </extensions>
      </trkpt>
      <trkpt lat="40.40300245396792888641357421875" lon="116.6842348314821720123291015625">
        <ele>78</ele>
        <time>2026-09-23T10:03:50.000Z</time>
        <extensions>
          <ns3:TrackPointExtension>
            <ns3:hr>167</ns3:hr>
            <ns3:cad>93</ns3:cad>
          </ns3:TrackPointExtension>
        </extensions>
      </trkpt>
      <trkpt lat="40.4030174575746059417724609375" lon="116.6842737235128879547119140625">
        <ele>78</ele>
        <time>2026-09-23T10:03:51.000Z</time>
        <extensions>
          <ns3:TrackPointExtension>
            <ns3:hr>169</ns3:hr>
            <ns3:cad>93</ns3:cad>
          </ns3:TrackPointExtension>
        </extensions>
      </trkpt>
      <trkpt lat="40.40303095243871212005615234375" lon="116.6843159683048725128173828125">
        <ele>78</ele>
        <time>2026-09-23T10:03:52.000Z</time>
        <extensions>
          <ns3:TrackPointExtension>
            <ns3:hr>168</ns3:hr>
            <ns3:cad>93</ns3:cad>
          </ns3:TrackPointExtension>
        </extensions>
      </trkpt>
      <trkpt lat="40.4030506499111652374267578125" lon="116.6843585483729839324951171875">
        <ele>78</ele>
        <time>2026-09-23T10:03:53.000Z</time>
        <extensions>
          <ns3:TrackPointExtension>
            <ns3:hr>166</ns3:hr>
            <ns3:cad>93</ns3:cad>
          </ns3:TrackPointExtension>
        </extensions>
      </trkpt>
      <trkpt lat="40.40307152085006237030029296875" lon="116.68438914231956005096435546875">
        <ele>78</ele>
        <time>2026-09-23T10:03:54.000Z</time>
        <extensions>
          <ns3:TrackPointExtension>
            <ns3:hr>169</ns3:hr>
            <ns3:cad>93</ns3:cad>
          </ns3:TrackPointExtension>
        </extensions>
      </trkpt>
      <trkpt lat="40.40309348143637180328369140625" lon="116.68442920781672000885009765625">
        <ele>78</ele>
        <time>2026-09-23T10:03:55.000Z</time>
        <extensions>
          <ns3:TrackPointExtension>
            <ns3:hr>168</ns3:hr>
            <ns3:cad>93</ns3:cad>
          </ns3:TrackPointExtension>
        </extensions>
      </trkpt>
      <trkpt lat="40.40311393328011035919189453125" lon="116.68445318005979061126708984375">
        <ele>78</ele>
        <time>2026-09-23T10:03:56.000Z</time>
        <extensions>
          <ns3:TrackPointExtension>
            <ns3:hr>167</ns3:hr>
            <ns3:cad>93</ns3:cad>
          </ns3:TrackPointExtension>
        </extensions>
      </trkpt>
      <trkpt lat="40.40314075537025928497314453125" lon="116.6844862885773181915283203125">
        <ele>78</ele>
        <time>2026-09-23T10:03:57.000Z</time>
        <extensions>
          <ns3:TrackPointExtension>
            <ns3:hr>168</ns3:hr>
            <ns3:cad>95</ns3:cad>
          </ns3:TrackPointExtension>
        </extensions>
      </trkpt>
      <trkpt lat="40.4031663201749324798583984375" lon="116.68450598604977130889892578125">
        <ele>78</ele>
        <time>2026-09-23T10:03:58.000Z</time>
        <extensions>
          <ns3:TrackPointExtension>
            <ns3:hr>169</ns3:hr>
            <ns3:cad>95</ns3:cad>
          </ns3:TrackPointExtension>
        </extensions>
      </trkpt>
      <trkpt lat="40.40319708175957202911376953125" lon="116.68452928774058818817138671875">
        <ele>78</ele>
        <time>2026-09-23T10:03:59.000Z</time>
        <extensions>
          <ns3:TrackPointExtension>
            <ns3:hr>167</ns3:hr>
            <ns3:cad>95</ns3:cad>
          </ns3:TrackPointExtension>
        </extensions>
      </trkpt>
      <trkpt lat="40.40322843007743358612060546875" lon="116.68454756028950214385986328125">
        <ele>78</ele>
        <time>2026-09-23T10:04:00.000Z</time>
        <extensions>
          <ns3:TrackPointExtension>
            <ns3:hr>169</ns3:hr>
            <ns3:cad>95</ns3:cad>
          </ns3:TrackPointExtension>
        </extensions>
      </trkpt>
      <trkpt lat="40.40326095186173915863037109375" lon="116.68455409817397594451904296875">
        <ele>78</ele>
        <time>2026-09-23T10:04:01.000Z</time>
        <extensions>
          <ns3:TrackPointExtension>
            <ns3:hr>169</ns3:hr>
            <ns3:cad>94</ns3:cad>
          </ns3:TrackPointExtension>
        </extensions>
      </trkpt>
      <trkpt lat="40.40330068208277225494384765625" lon="116.6845639050006866455078125">
        <ele>78</ele>
        <time>2026-09-23T10:04:02.000Z</time>
        <extensions>
          <ns3:TrackPointExtension>
            <ns3:hr>167</ns3:hr>
            <ns3:cad>93</ns3:cad>
          </ns3:TrackPointExtension>
        </extensions>
      </trkpt>
      <trkpt lat="40.40332742035388946533203125" lon="116.68455694802105426788330078125">
        <ele>78.1999969482421875</ele>
        <time>2026-09-23T10:04:03.000Z</time>
        <extensions>
          <ns3:TrackPointExtension>
            <ns3:hr>169</ns3:hr>
            <ns3:cad>93</ns3:cad>
          </ns3:TrackPointExtension>
        </extensions>
      </trkpt>
      <trkpt lat="40.40336539037525653839111328125" lon="116.68456499464809894561767578125">
        <ele>78.1999969482421875</ele>
        <time>2026-09-23T10:04:04.000Z</time>
        <extensions>
          <ns3:TrackPointExtension>
            <ns3:hr>170</ns3:hr>
            <ns3:cad>93</ns3:cad>
          </ns3:TrackPointExtension>
        </extensions>
      </trkpt>
      <trkpt lat="40.403396822512149810791015625" lon="116.68456457555294036865234375">
        <ele>78.1999969482421875</ele>
        <time>2026-09-23T10:04:05.000Z</time>
        <extensions>
          <ns3:TrackPointExtension>
            <ns3:hr>167</ns3:hr>
            <ns3:cad>93</ns3:cad>
          </ns3:TrackPointExtension>
        </extensions>
      </trkpt>
      <trkpt lat="40.40342993102967739105224609375" lon="116.68456482701003551483154296875">
        <ele>78.1999969482421875</ele>
        <time>2026-09-23T10:04:06.000Z</time>
        <extensions>
          <ns3:TrackPointExtension>
            <ns3:hr>168</ns3:hr>
            <ns3:cad>93</ns3:cad>
          </ns3:TrackPointExtension>
        </extensions>
      </trkpt>
      <trkpt lat="40.403467230498790740966796875" lon="116.68456859886646270751953125">
        <ele>78</ele>
        <time>2026-09-23T10:04:07.000Z</time>
        <extensions>
          <ns3:TrackPointExtension>
            <ns3:hr>168</ns3:hr>
            <ns3:cad>94</ns3:cad>
          </ns3:TrackPointExtension>
        </extensions>
      </trkpt>
      <trkpt lat="40.4035002551972866058349609375" lon="116.68456432409584522247314453125">
        <ele>78</ele>
        <time>2026-09-23T10:04:08.000Z</time>
        <extensions>
          <ns3:TrackPointExtension>
            <ns3:hr>168</ns3:hr>
            <ns3:cad>94</ns3:cad>
          </ns3:TrackPointExtension>
        </extensions>
      </trkpt>
      <trkpt lat="40.40354040451347827911376953125" lon="116.68456532992422580718994140625">
        <ele>78</ele>
        <time>2026-09-23T10:04:09.000Z</time>
        <extensions>
          <ns3:TrackPointExtension>
            <ns3:hr>170</ns3:hr>
            <ns3:cad>93</ns3:cad>
          </ns3:TrackPointExtension>
        </extensions>
      </trkpt>
      <trkpt lat="40.40356814861297607421875" lon="116.68455543927848339080810546875">
        <ele>78</ele>
        <time>2026-09-23T10:04:10.000Z</time>
        <extensions>
          <ns3:TrackPointExtension>
            <ns3:hr>172</ns3:hr>
            <ns3:cad>93</ns3:cad>
          </ns3:TrackPointExtension>
        </extensions>
      </trkpt>
      <trkpt lat="40.4036065377295017242431640625" lon="116.684561558067798614501953125">
        <ele>78.1999969482421875</ele>
        <time>2026-09-23T10:04:11.000Z</time>
        <extensions>
          <ns3:TrackPointExtension>
            <ns3:hr>170</ns3:hr>
            <ns3:cad>93</ns3:cad>
          </ns3:TrackPointExtension>
        </extensions>
      </trkpt>
      <trkpt lat="40.4036343656480312347412109375" lon="116.68455124832689762115478515625">
        <ele>78.1999969482421875</ele>
        <time>2026-09-23T10:04:12.000Z</time>
        <extensions>
          <ns3:TrackPointExtension>
            <ns3:hr>169</ns3:hr>
            <ns3:cad>94</ns3:cad>
          </ns3:TrackPointExtension>
        </extensions>
      </trkpt>
      <trkpt lat="40.40367049165070056915283203125" lon="116.68455510400235652923583984375">
        <ele>78.1999969482421875</ele>
        <time>2026-09-23T10:04:13.000Z</time>
        <extensions>
          <ns3:TrackPointExtension>
            <ns3:hr>172</ns3:hr>
            <ns3:cad>94</ns3:cad>
          </ns3:TrackPointExtension>
        </extensions>
      </trkpt>
      <trkpt lat="40.4037057794630527496337890625" lon="116.68455661274492740631103515625">
        <ele>78.1999969482421875</ele>
        <time>2026-09-23T10:04:14.000Z</time>
        <extensions>
          <ns3:TrackPointExtension>
            <ns3:hr>171</ns3:hr>
            <ns3:cad>94</ns3:cad>
          </ns3:TrackPointExtension>
        </extensions>
      </trkpt>
      <trkpt lat="40.40373872034251689910888671875" lon="116.6845597140491008758544921875">
        <ele>78.1999969482421875</ele>
        <time>2026-09-23T10:04:15.000Z</time>
        <extensions>
          <ns3:TrackPointExtension>
            <ns3:hr>170</ns3:hr>
            <ns3:cad>94</ns3:cad>
          </ns3:TrackPointExtension>
        </extensions>
      </trkpt>
      <trkpt lat="40.403774678707122802734375" lon="116.68456457555294036865234375">
        <ele>78.1999969482421875</ele>
        <time>2026-09-23T10:04:16.000Z</time>
        <extensions>
          <ns3:TrackPointExtension>
            <ns3:hr>170</ns3:hr>
            <ns3:cad>94</ns3:cad>
          </ns3:TrackPointExtension>
        </extensions>
      </trkpt>
      <trkpt lat="40.4038080386817455291748046875" lon="116.68456734158098697662353515625">
        <ele>78.1999969482421875</ele>
        <time>2026-09-23T10:04:17.000Z</time>
        <extensions>
          <ns3:TrackPointExtension>
            <ns3:hr>173</ns3:hr>
            <ns3:cad>93</ns3:cad>
          </ns3:TrackPointExtension>
        </extensions>
      </trkpt>
      <trkpt lat="40.40383343584835529327392578125" lon="116.6845711134374141693115234375">
        <ele>78.1999969482421875</ele>
        <time>2026-09-23T10:04:18.000Z</time>
        <extensions>
          <ns3:TrackPointExtension>
            <ns3:hr>172</ns3:hr>
            <ns3:cad>93</ns3:cad>
          </ns3:TrackPointExtension>
        </extensions>
      </trkpt>
    </trkseg>
  </trk>
</gpx>
