<gpx xmlns:ns3="http://www.garmin.com/xmlschemas/TrackPointExtension/v1" xmlns="http://www.topografix.com/GPX/1/1" xmlns:xsi="http://www.w3.org/2001/XMLSchema-instance" xmlns:ns2="http://www.garmin.com/xmlschemas/GpxExtensions/v3" creator="Garmin Connect" version="1.1" xsi:schemaLocation="http://www.topografix.com/GPX/1/1 http://www.topografix.com/GPX/11.xsd">
  <extensions>
<distance>4242.73</distance>
<average_hr>171.0</average_hr>
<average_speed>3.401999950408936</average_speed>
<start_time>2026-10-06T12:10:33+00:00</start_time>
<end_time>2026-10-06T12:31:20.004000+00:00</end_time>
<moving_time>1199.826</moving_time>
<elapsed_time>1300.26</elapsed_time>
</extensions>
<metadata>
    <link href="connect.garmin.com">
      <text>Garmin Connect</text>
    </link>
    <time>2026-10-06T12:10:33.000Z</time>
  </metadata>
  <trk>
    <name>丹东市 跑步</name>
    <type>running</type>
    <trkseg>
      <trkpt lat="39.86525894142687320709228515625" lon="124.13866038434207439422607421875">
        <ele>-4</ele>
        <time>2026-10-06T12:10:33.000Z</time>
        <extensions>
          <ns3:TrackPointExtension>
            <ns3:hr>120</ns3:hr>
            <ns3:cad>0</ns3:cad>
          </ns3:TrackPointExtension>
        </extensions>
      </trkpt>
      <trkpt lat="39.865230359137058258056640625" lon="124.13865753449499607086181640625">
        <ele>-4</ele>
        <time>2026-10-06T12:10:34.000Z</time>
        <extensions>
          <ns3:TrackPointExtension>
            <ns3:hr>122</ns3:hr>
            <ns3:cad>0</ns3:cad>
          </ns3:TrackPointExtension>
        </extensions>
      </trkpt>
      <trkpt lat="39.86526028253138065338134765625" lon="124.1386827640235424041748046875">
        <ele>-4</ele>
        <time>2026-10-06T12:10:35.000Z</time>
        <extensions>
          <ns3:TrackPointExtension>
            <ns3:hr>123</ns3:hr>
            <ns3:cad>0</ns3:cad>
          </ns3:TrackPointExtension>
        </extensions>
      </trkpt>
      <trkpt lat="39.8652945645153522491455078125" lon="124.13872039876878261566162109375">
        <ele>-4</ele>
        <time>2026-10-06T12:10:36.000Z</time>
        <extensions>
          <ns3:TrackPointExtension>
            <ns3:hr>122</ns3:hr>
            <ns3:cad>0</ns3:cad>
          </ns3:TrackPointExtension>
        </extensions>
      </trkpt>
      <trkpt lat="39.86532750539481639862060546875" lon="124.13876364938914775848388671875">
        <ele>-4</ele>
        <time>2026-10-06T12:10:37.000Z</time>
        <extensions>
          <ns3:TrackPointExtension>
            <ns3:hr>122</ns3:hr>
            <ns3:cad>0</ns3:cad>
          </ns3:TrackPointExtension>
        </extensions>
      </trkpt>
      <trkpt lat="39.8653636313974857330322265625" lon="124.138803966343402862548828125">
        <ele>-4</ele>
        <time>2026-10-06T12:10:38.000Z</time>
        <extensions>
          <ns3:TrackPointExtension>
            <ns3:hr>121</ns3:hr>
            <ns3:cad>0</ns3:cad>
          </ns3:TrackPointExtension>
        </extensions>
      </trkpt>
      <trkpt lat="39.8653988353908061981201171875" lon="124.1388447023928165435791015625">
        <ele>-3.7999999523162841796875</ele>
        <time>2026-10-06T12:10:39.000Z</time>
        <extensions>
          <ns3:TrackPointExtension>
            <ns3:hr>122</ns3:hr>
            <ns3:cad>94</ns3:cad>
          </ns3:TrackPointExtension>
        </extensions>
      </trkpt>
      <trkpt lat="39.8654337041079998016357421875" lon="124.138885773718357086181640625">
        <ele>-3.599999904632568359375</ele>
        <time>2026-10-06T12:10:40.000Z</time>
        <extensions>
          <ns3:TrackPointExtension>
            <ns3:hr>126</ns3:hr>
            <ns3:cad>94</ns3:cad>
          </ns3:TrackPointExtension>
        </extensions>
      </trkpt>
      <trkpt lat="39.86546941101551055908203125" lon="124.13892273791134357452392578125">
        <ele>-3.400000095367431640625</ele>
        <time>2026-10-06T12:10:41.000Z</time>
        <extensions>
          <ns3:TrackPointExtension>
            <ns3:hr>131</ns3:hr>
            <ns3:cad>94</ns3:cad>
          </ns3:TrackPointExtension>
        </extensions>
      </trkpt>
      <trkpt lat="39.86550687812268733978271484375" lon="124.13895995356142520904541015625">
        <ele>-3.400000095367431640625</ele>
        <time>2026-10-06T12:10:42.000Z</time>
        <extensions>
          <ns3:TrackPointExtension>
            <ns3:hr>134</ns3:hr>
            <ns3:cad>95</ns3:cad>
          </ns3:TrackPointExtension>
        </extensions>
      </trkpt>
      <trkpt lat="39.8655456863343715667724609375" lon="124.13900806568562984466552734375">
        <ele>-3.2000000476837158203125</ele>
        <time>2026-10-06T12:10:43.000Z</time>
        <extensions>
          <ns3:TrackPointExtension>
            <ns3:hr>136</ns3:hr>
            <ns3:cad>95</ns3:cad>
          </ns3:TrackPointExtension>
        </extensions>
      </trkpt>
      <trkpt lat="39.8655746877193450927734375" lon="124.13903740234673023223876953125">
        <ele>-3</ele>
        <time>2026-10-06T12:10:44.000Z</time>
        <extensions>
          <ns3:TrackPointExtension>
            <ns3:hr>140</ns3:hr>
            <ns3:cad>95</ns3:cad>
          </ns3:TrackPointExtension>
        </extensions>
      </trkpt>
      <trkpt lat="39.86561290919780731201171875" lon="124.13907947950065135955810546875">
        <ele>-3</ele>
        <time>2026-10-06T12:10:45.000Z</time>
        <extensions>
          <ns3:TrackPointExtension>
            <ns3:hr>149</ns3:hr>
            <ns3:cad>95</ns3:cad>
          </ns3:TrackPointExtension>
        </extensions>
      </trkpt>
      <trkpt lat="39.86564970575273036956787109375" lon="124.1391199640929698944091796875">
        <ele>-2.7999999523162841796875</ele>
        <time>2026-10-06T12:10:46.000Z</time>
        <extensions>
          <ns3:TrackPointExtension>
            <ns3:hr>152</ns3:hr>
            <ns3:cad>98</ns3:cad>
          </ns3:TrackPointExtension>
        </extensions>
      </trkpt>
      <trkpt lat="39.8656833171844482421875" lon="124.13914619944989681243896484375">
        <ele>-2.7999999523162841796875</ele>
        <time>2026-10-06T12:10:47.000Z</time>
        <extensions>
          <ns3:TrackPointExtension>
            <ns3:hr>154</ns3:hr>
            <ns3:cad>98</ns3:cad>
          </ns3:TrackPointExtension>
        </extensions>
      </trkpt>
      <trkpt lat="39.865721873939037322998046875" lon="124.13919053971767425537109375">
        <ele>-2.7999999523162841796875</ele>
        <time>2026-10-06T12:10:48.000Z</time>
        <extensions>
          <ns3:TrackPointExtension>
            <ns3:hr>154</ns3:hr>
            <ns3:cad>98</ns3:cad>
          </ns3:TrackPointExtension>
        </extensions>
      </trkpt>
      <trkpt lat="39.86575531773269176483154296875" lon="124.13922096602618694305419921875">
        <ele>-2.7999999523162841796875</ele>
        <time>2026-10-06T12:10:49.000Z</time>
        <extensions>
          <ns3:TrackPointExtension>
            <ns3:hr>156</ns3:hr>
            <ns3:cad>98</ns3:cad>
          </ns3:TrackPointExtension>
        </extensions>
      </trkpt>
      <trkpt lat="39.86578817479312419891357421875" lon="124.13925130851566791534423828125">
        <ele>-2.599999904632568359375</ele>
        <time>2026-10-06T12:10:50.000Z</time>
        <extensions>
          <ns3:TrackPointExtension>
            <ns3:hr>159</ns3:hr>
            <ns3:cad>98</ns3:cad>
          </ns3:TrackPointExtension>
        </extensions>
      </trkpt>
      <trkpt lat="39.86582304351031780242919921875" lon="124.13929355330765247344970703125">
        <ele>-2.599999904632568359375</ele>
        <time>2026-10-06T12:10:51.000Z</time>
        <extensions>
          <ns3:TrackPointExtension>
            <ns3:hr>159</ns3:hr>
            <ns3:cad>98</ns3:cad>
          </ns3:TrackPointExtension>
        </extensions>
      </trkpt>
      <trkpt lat="39.8658558167517185211181640625" lon="124.13931987248361110687255859375">
        <ele>-2.599999904632568359375</ele>
        <time>2026-10-06T12:10:52.000Z</time>
        <extensions>
          <ns3:TrackPointExtension>
            <ns3:hr>160</ns3:hr>
            <ns3:cad>97</ns3:cad>
          </ns3:TrackPointExtension>
        </extensions>
      </trkpt>
      <trkpt lat="39.865888170897960662841796875" lon="124.13935272954404354095458984375">
        <ele>-2.400000095367431640625</ele>
        <time>2026-10-06T12:10:53.000Z</time>
        <extensions>
          <ns3:TrackPointExtension>
            <ns3:hr>163</ns3:hr>
            <ns3:cad>97</ns3:cad>
          </ns3:TrackPointExtension>
        </extensions>
      </trkpt>
      <trkpt lat="39.86592094413936138153076171875" lon="124.139395393431186676025390625">
        <ele>-2.400000095367431640625</ele>
        <time>2026-10-06T12:10:54.000Z</time>
        <extensions>
          <ns3:TrackPointExtension>
            <ns3:hr>163</ns3:hr>
            <ns3:cad>99</ns3:cad>
          </ns3:TrackPointExtension>
        </extensions>
      </trkpt>
      <trkpt lat="39.8659527115523815155029296875" lon="124.1394207067787647247314453125">
        <ele>-2.400000095367431640625</ele>
        <time>2026-10-06T12:10:55.000Z</time>
        <extensions>
          <ns3:TrackPointExtension>
            <ns3:hr>166</ns3:hr>
            <ns3:cad>99</ns3:cad>
          </ns3:TrackPointExtension>
        </extensions>
      </trkpt>
      <trkpt lat="39.86598950810730457305908203125" lon="124.1394602693617343902587890625">
        <ele>-2.400000095367431640625</ele>
        <time>2026-10-06T12:10:56.000Z</time>
        <extensions>
          <ns3:TrackPointExtension>
            <ns3:hr>167</ns3:hr>
            <ns3:cad>99</ns3:cad>
          </ns3:TrackPointExtension>
        </extensions>
      </trkpt>
      <trkpt lat="39.8660214431583881378173828125" lon="124.1394961439073085784912109375">
        <ele>-2.400000095367431640625</ele>
        <time>2026-10-06T12:10:57.000Z</time>
        <extensions>
          <ns3:TrackPointExtension>
            <ns3:hr>167</ns3:hr>
            <ns3:cad>99</ns3:cad>
          </ns3:TrackPointExtension>
        </extensions>
      </trkpt>
      <trkpt lat="39.8660475946962833404541015625" lon="124.139516092836856842041015625">
        <ele>-2.400000095367431640625</ele>
        <time>2026-10-06T12:10:58.000Z</time>
        <extensions>
          <ns3:TrackPointExtension>
            <ns3:hr>167</ns3:hr>
            <ns3:cad>99</ns3:cad>
          </ns3:TrackPointExtension>
        </extensions>
      </trkpt>
      <trkpt lat="39.86608020029962062835693359375" lon="124.139548949897289276123046875">
        <ele>-2.400000095367431640625</ele>
        <time>2026-10-06T12:10:59.000Z</time>
        <extensions>
          <ns3:TrackPointExtension>
            <ns3:hr>170</ns3:hr>
            <ns3:cad>98</ns3:cad>
          </ns3:TrackPointExtension>
        </extensions>
      </trkpt>
      <trkpt lat="39.86611154861748218536376953125" lon="124.1395859979093074798583984375">
        <ele>-2.400000095367431640625</ele>
        <time>2026-10-06T12:11:00.000Z</time>
        <extensions>
          <ns3:TrackPointExtension>
            <ns3:hr>172</ns3:hr>
            <ns3:cad>98</ns3:cad>
          </ns3:TrackPointExtension>
        </extensions>
      </trkpt>
      <trkpt lat="39.866140969097614288330078125" lon="124.13961432874202728271484375">
        <ele>-2.400000095367431640625</ele>
        <time>2026-10-06T12:11:01.000Z</time>
        <extensions>
          <ns3:TrackPointExtension>
            <ns3:hr>173</ns3:hr>
            <ns3:cad>100</ns3:cad>
          </ns3:TrackPointExtension>
        </extensions>
      </trkpt>
      <trkpt lat="39.86617525108158588409423828125" lon="124.1396497003734111785888671875">
        <ele>-2.400000095367431640625</ele>
        <time>2026-10-06T12:11:02.000Z</time>
        <extensions>
          <ns3:TrackPointExtension>
            <ns3:hr>175</ns3:hr>
            <ns3:cad>100</ns3:cad>
          </ns3:TrackPointExtension>
        </extensions>
      </trkpt>
      <trkpt lat="39.866205342113971710205078125" lon="124.139685742557048797607421875">
        <ele>-2.400000095367431640625</ele>
        <time>2026-10-06T12:11:03.000Z</time>
        <extensions>
          <ns3:TrackPointExtension>
            <ns3:hr>175</ns3:hr>
            <ns3:cad>100</ns3:cad>
          </ns3:TrackPointExtension>
        </extensions>
      </trkpt>
      <trkpt lat="39.86623493023216724395751953125" lon="124.139711894094944000244140625">
        <ele>-2.2000000476837158203125</ele>
        <time>2026-10-06T12:11:04.000Z</time>
        <extensions>
          <ns3:TrackPointExtension>
            <ns3:hr>175</ns3:hr>
            <ns3:cad>100</ns3:cad>
          </ns3:TrackPointExtension>
        </extensions>
      </trkpt>
      <trkpt lat="39.86626544035971164703369140625" lon="124.1397536359727382659912109375">
        <ele>-2.2000000476837158203125</ele>
        <time>2026-10-06T12:11:05.000Z</time>
        <extensions>
          <ns3:TrackPointExtension>
            <ns3:hr>178</ns3:hr>
            <ns3:cad>100</ns3:cad>
          </ns3:TrackPointExtension>
        </extensions>
      </trkpt>
      <trkpt lat="39.86629343591630458831787109375" lon="124.13978674449026584625244140625">
        <ele>-2.2000000476837158203125</ele>
        <time>2026-10-06T12:11:06.000Z</time>
        <extensions>
          <ns3:TrackPointExtension>
            <ns3:hr>177</ns3:hr>
            <ns3:cad>100</ns3:cad>
          </ns3:TrackPointExtension>
        </extensions>
      </trkpt>
      <trkpt lat="39.8663255386054515838623046875" lon="124.1398166678845882415771484375">
        <ele>-2</ele>
        <time>2026-10-06T12:11:07.000Z</time>
        <extensions>
          <ns3:TrackPointExtension>
            <ns3:hr>177</ns3:hr>
            <ns3:cad>99</ns3:cad>
          </ns3:TrackPointExtension>
        </extensions>
      </trkpt>
      <trkpt lat="39.8663560487329959869384765625" lon="124.13985530845820903778076171875">
        <ele>-2</ele>
        <time>2026-10-06T12:11:08.000Z</time>
        <extensions>
          <ns3:TrackPointExtension>
            <ns3:hr>179</ns3:hr>
            <ns3:cad>99</ns3:cad>
          </ns3:TrackPointExtension>
        </extensions>
      </trkpt>
      <trkpt lat="39.86638848669826984405517578125" lon="124.1398776881396770477294921875">
        <ele>-2</ele>
        <time>2026-10-06T12:11:09.000Z</time>
        <extensions>
          <ns3:TrackPointExtension>
            <ns3:hr>178</ns3:hr>
            <ns3:cad>97</ns3:cad>
          </ns3:TrackPointExtension>
        </extensions>
      </trkpt>
      <trkpt lat="39.86642268486320972442626953125" lon="124.13991029374301433563232421875">
        <ele>-1.7999999523162841796875</ele>
        <time>2026-10-06T12:11:10.000Z</time>
        <extensions>
          <ns3:TrackPointExtension>
            <ns3:hr>177</ns3:hr>
            <ns3:cad>97</ns3:cad>
          </ns3:TrackPointExtension>
        </extensions>
      </trkpt>
      <trkpt lat="39.8664546199142932891845703125" lon="124.13994491100311279296875">
        <ele>-2</ele>
        <time>2026-10-06T12:11:11.000Z</time>
        <extensions>
          <ns3:TrackPointExtension>
            <ns3:hr>179</ns3:hr>
            <ns3:cad>98</ns3:cad>
          </ns3:TrackPointExtension>
        </extensions>
      </trkpt>
      <trkpt lat="39.866482950747013092041015625" lon="124.13997047580778598785400390625">
        <ele>-1.7999999523162841796875</ele>
        <time>2026-10-06T12:11:12.000Z</time>
        <extensions>
          <ns3:TrackPointExtension>
            <ns3:hr>182</ns3:hr>
            <ns3:cad>99</ns3:cad>
          </ns3:TrackPointExtension>
        </extensions>
      </trkpt>
      <trkpt lat="39.866521172225475311279296875" lon="124.14001305587589740753173828125">
        <ele>-1.7999999523162841796875</ele>
        <time>2026-10-06T12:11:13.000Z</time>
        <extensions>
          <ns3:TrackPointExtension>
            <ns3:hr>180</ns3:hr>
            <ns3:cad>98</ns3:cad>
          </ns3:TrackPointExtension>
        </extensions>
      </trkpt>
      <trkpt lat="39.86655478365719318389892578125" lon="124.14003987796604633331298828125">
        <ele>-1.7999999523162841796875</ele>
        <time>2026-10-06T12:11:14.000Z</time>
        <extensions>
          <ns3:TrackPointExtension>
            <ns3:hr>179</ns3:hr>
            <ns3:cad>98</ns3:cad>
          </ns3:TrackPointExtension>
        </extensions>
      </trkpt>
      <trkpt lat="39.8665813542902469635009765625" lon="124.14007307030260562896728515625">
        <ele>-1.7999999523162841796875</ele>
        <time>2026-10-06T12:11:15.000Z</time>
        <extensions>
          <ns3:TrackPointExtension>
            <ns3:hr>179</ns3:hr>
            <ns3:cad>98</ns3:cad>
          </ns3:TrackPointExtension>
        </extensions>
      </trkpt>
      <trkpt lat="39.866613708436489105224609375" lon="124.1401170752942562103271484375">
        <ele>-1.7999999523162841796875</ele>
        <time>2026-10-06T12:11:16.000Z</time>
        <extensions>
          <ns3:TrackPointExtension>
            <ns3:hr>181</ns3:hr>
            <ns3:cad>97</ns3:cad>
          </ns3:TrackPointExtension>
        </extensions>
      </trkpt>
      <trkpt lat="39.86664044670760631561279296875" lon="124.14014448411762714385986328125">
        <ele>-1.7999999523162841796875</ele>
        <time>2026-10-06T12:11:17.000Z</time>
        <extensions>
          <ns3:TrackPointExtension>
            <ns3:hr>182</ns3:hr>
            <ns3:cad>97</ns3:cad>
          </ns3:TrackPointExtension>
        </extensions>
      </trkpt>
      <trkpt lat="39.86667632125318050384521484375" lon="124.14018589071929454803466796875">
        <ele>-1.7999999523162841796875</ele>
        <time>2026-10-06T12:11:18.000Z</time>
        <extensions>
          <ns3:TrackPointExtension>
            <ns3:hr>180</ns3:hr>
            <ns3:cad>96</ns3:cad>
          </ns3:TrackPointExtension>
        </extensions>
      </trkpt>
      <trkpt lat="39.86670917831361293792724609375" lon="124.14022344164550304412841796875">
        <ele>-1.60000002384185791015625</ele>
        <time>2026-10-06T12:11:19.000Z</time>
        <extensions>
          <ns3:TrackPointExtension>
            <ns3:hr>180</ns3:hr>
            <ns3:cad>96</ns3:cad>
          </ns3:TrackPointExtension>
        </extensions>
      </trkpt>
      <trkpt lat="39.86674320884048938751220703125" lon="124.14025780744850635528564453125">
        <ele>-1.60000002384185791015625</ele>
        <time>2026-10-06T12:11:20.000Z</time>
        <extensions>
          <ns3:TrackPointExtension>
            <ns3:hr>182</ns3:hr>
            <ns3:cad>96</ns3:cad>
          </ns3:TrackPointExtension>
        </extensions>
      </trkpt>
      <trkpt lat="39.86677690409123897552490234375" lon="124.14030357263982295989990234375">
        <ele>-1.39999997615814208984375</ele>
        <time>2026-10-06T12:11:21.000Z</time>
        <extensions>
          <ns3:TrackPointExtension>
            <ns3:hr>184</ns3:hr>
            <ns3:cad>96</ns3:cad>
          </ns3:TrackPointExtension>
        </extensions>
      </trkpt>
      <trkpt lat="39.8668080009520053863525390625" lon="124.1403390280902385711669921875">
        <ele>-1.39999997615814208984375</ele>
        <time>2026-10-06T12:11:22.000Z</time>
        <extensions>
          <ns3:TrackPointExtension>
            <ns3:hr>182</ns3:hr>
            <ns3:cad>98</ns3:cad>
          </ns3:TrackPointExtension>
        </extensions>
      </trkpt>
      <trkpt lat="39.8668385110795497894287109375" lon="124.14037129841744899749755859375">
        <ele>-1.39999997615814208984375</ele>
        <time>2026-10-06T12:11:23.000Z</time>
        <extensions>
          <ns3:TrackPointExtension>
            <ns3:hr>183</ns3:hr>
            <ns3:cad>99</ns3:cad>
          </ns3:TrackPointExtension>
        </extensions>
      </trkpt>
      <trkpt lat="39.8668703623116016387939453125" lon="124.14041169919073581695556640625">
        <ele>-1.39999997615814208984375</ele>
        <time>2026-10-06T12:11:24.000Z</time>
        <extensions>
          <ns3:TrackPointExtension>
            <ns3:hr>185</ns3:hr>
            <ns3:cad>99</ns3:cad>
          </ns3:TrackPointExtension>
        </extensions>
      </trkpt>
      <trkpt lat="39.86689844168722629547119140625" lon="124.14044304750859737396240234375">
        <ele>-1.39999997615814208984375</ele>
        <time>2026-10-06T12:11:25.000Z</time>
        <extensions>
          <ns3:TrackPointExtension>
            <ns3:hr>185</ns3:hr>
            <ns3:cad>99</ns3:cad>
          </ns3:TrackPointExtension>
        </extensions>
      </trkpt>
      <trkpt lat="39.86692643724381923675537109375" lon="124.1404771618545055389404296875">
        <ele>-1.39999997615814208984375</ele>
        <time>2026-10-06T12:11:26.000Z</time>
        <extensions>
          <ns3:TrackPointExtension>
            <ns3:hr>184</ns3:hr>
            <ns3:cad>99</ns3:cad>
          </ns3:TrackPointExtension>
        </extensions>
      </trkpt>
      <trkpt lat="39.8669548518955707550048828125" lon="124.14052368141710758209228515625">
        <ele>-1.39999997615814208984375</ele>
        <time>2026-10-06T12:11:27.000Z</time>
        <extensions>
          <ns3:TrackPointExtension>
            <ns3:hr>184</ns3:hr>
            <ns3:cad>98</ns3:cad>
          </ns3:TrackPointExtension>
        </extensions>
      </trkpt>
      <trkpt lat="39.8669810034334659576416015625" lon="124.14055234752595424652099609375">
        <ele>-1.39999997615814208984375</ele>
        <time>2026-10-06T12:11:28.000Z</time>
        <extensions>
          <ns3:TrackPointExtension>
            <ns3:hr>185</ns3:hr>
            <ns3:cad>98</ns3:cad>
          </ns3:TrackPointExtension>
        </extensions>
      </trkpt>
      <trkpt lat="39.8670101724565029144287109375" lon="124.14058889262378215789794921875">
        <ele>-1.2000000476837158203125</ele>
        <time>2026-10-06T12:11:29.000Z</time>
        <extensions>
          <ns3:TrackPointExtension>
            <ns3:hr>186</ns3:hr>
            <ns3:cad>98</ns3:cad>
          </ns3:TrackPointExtension>
        </extensions>
      </trkpt>
      <trkpt lat="39.8670396767556667327880859375" lon="124.14063583128154277801513671875">
        <ele>-1.39999997615814208984375</ele>
        <time>2026-10-06T12:11:30.000Z</time>
        <extensions>
          <ns3:TrackPointExtension>
            <ns3:hr>187</ns3:hr>
            <ns3:cad>98</ns3:cad>
          </ns3:TrackPointExtension>
        </extensions>
      </trkpt>
      <trkpt lat="39.8670698516070842742919921875" lon="124.140664078295230865478515625">
        <ele>-1.39999997615814208984375</ele>
        <time>2026-10-06T12:11:31.000Z</time>
        <extensions>
          <ns3:TrackPointExtension>
            <ns3:hr>185</ns3:hr>
            <ns3:cad>99</ns3:cad>
          </ns3:TrackPointExtension>
        </extensions>
      </trkpt>
      <trkpt lat="39.86709776334464550018310546875" lon="124.1407064907252788543701171875">
        <ele>-1.39999997615814208984375</ele>
        <time>2026-10-06T12:11:32.000Z</time>
        <extensions>
          <ns3:TrackPointExtension>
            <ns3:hr>184</ns3:hr>
            <ns3:cad>99</ns3:cad>
          </ns3:TrackPointExtension>
        </extensions>
      </trkpt>
      <trkpt lat="39.8671295307576656341552734375" lon="124.14075150154531002044677734375">
        <ele>-1.39999997615814208984375</ele>
        <time>2026-10-06T12:11:33.000Z</time>
        <extensions>
          <ns3:TrackPointExtension>
            <ns3:hr>186</ns3:hr>
            <ns3:cad>99</ns3:cad>
          </ns3:TrackPointExtension>
        </extensions>
      </trkpt>
      <trkpt lat="39.86715895123779773712158203125" lon="124.1407804191112518310546875">
        <ele>-1.39999997615814208984375</ele>
        <time>2026-10-06T12:11:34.000Z</time>
        <extensions>
          <ns3:TrackPointExtension>
            <ns3:hr>188</ns3:hr>
            <ns3:cad>99</ns3:cad>
          </ns3:TrackPointExtension>
        </extensions>
      </trkpt>
      <trkpt lat="39.86718912608921527862548828125" lon="124.14082693867385387420654296875">
        <ele>-1.39999997615814208984375</ele>
        <time>2026-10-06T12:11:35.000Z</time>
        <extensions>
          <ns3:TrackPointExtension>
            <ns3:hr>188</ns3:hr>
            <ns3:cad>99</ns3:cad>
          </ns3:TrackPointExtension>
        </extensions>
      </trkpt>
      <trkpt lat="39.8672173731029033660888671875" lon="124.1408689320087432861328125">
        <ele>-1.39999997615814208984375</ele>
        <time>2026-10-06T12:11:36.000Z</time>
        <extensions>
          <ns3:TrackPointExtension>
            <ns3:hr>186</ns3:hr>
            <ns3:cad>99</ns3:cad>
          </ns3:TrackPointExtension>
        </extensions>
      </trkpt>
      <trkpt lat="39.86724193207919597625732421875" lon="124.14090304635465145111083984375">
        <ele>-1.39999997615814208984375</ele>
        <time>2026-10-06T12:11:37.000Z</time>
        <extensions>
          <ns3:TrackPointExtension>
            <ns3:hr>185</ns3:hr>
            <ns3:cad>99</ns3:cad>
          </ns3:TrackPointExtension>
        </extensions>
      </trkpt>
      <trkpt lat="39.86727344803512096405029296875" lon="124.1409515775740146636962890625">
        <ele>-1.39999997615814208984375</ele>
        <time>2026-10-06T12:11:38.000Z</time>
        <extensions>
          <ns3:TrackPointExtension>
            <ns3:hr>186</ns3:hr>
            <ns3:cad>99</ns3:cad>
          </ns3:TrackPointExtension>
        </extensions>
      </trkpt>
      <trkpt lat="39.867303706705570220947265625" lon="124.14099072106182575225830078125">
        <ele>-1.39999997615814208984375</ele>
        <time>2026-10-06T12:11:39.000Z</time>
        <extensions>
          <ns3:TrackPointExtension>
            <ns3:hr>188</ns3:hr>
            <ns3:cad>99</ns3:cad>
          </ns3:TrackPointExtension>
        </extensions>
      </trkpt>
      <trkpt lat="39.86733245663344860076904296875" lon="124.14102894254028797149658203125">
        <ele>-1.39999997615814208984375</ele>
        <time>2026-10-06T12:11:40.000Z</time>
        <extensions>
          <ns3:TrackPointExtension>
            <ns3:hr>189</ns3:hr>
            <ns3:cad>99</ns3:cad>
          </ns3:TrackPointExtension>
        </extensions>
      </trkpt>
      <trkpt lat="39.867360033094882965087890625" lon="124.14107621647417545318603515625">
        <ele>-1.39999997615814208984375</ele>
        <time>2026-10-06T12:11:41.000Z</time>
        <extensions>
          <ns3:TrackPointExtension>
            <ns3:hr>188</ns3:hr>
            <ns3:cad>99</ns3:cad>
          </ns3:TrackPointExtension>
        </extensions>
      </trkpt>
      <trkpt lat="39.867386855185031890869140625" lon="124.14110991172492504119873046875">
        <ele>-1.39999997615814208984375</ele>
        <time>2026-10-06T12:11:42.000Z</time>
        <extensions>
          <ns3:TrackPointExtension>
            <ns3:hr>186</ns3:hr>
            <ns3:cad>99</ns3:cad>
          </ns3:TrackPointExtension>
        </extensions>
      </trkpt>
      <trkpt lat="39.8674135096371173858642578125" lon="124.141147546470165252685546875">
        <ele>-1.39999997615814208984375</ele>
        <time>2026-10-06T12:11:43.000Z</time>
        <extensions>
          <ns3:TrackPointExtension>
            <ns3:hr>186</ns3:hr>
            <ns3:cad>99</ns3:cad>
          </ns3:TrackPointExtension>
        </extensions>
      </trkpt>
      <trkpt lat="39.86744309775531291961669921875" lon="124.14119591005146503448486328125">
        <ele>-1.39999997615814208984375</ele>
        <time>2026-10-06T12:11:44.000Z</time>
        <extensions>
          <ns3:TrackPointExtension>
            <ns3:hr>187</ns3:hr>
            <ns3:cad>99</ns3:cad>
          </ns3:TrackPointExtension>
        </extensions>
      </trkpt>
      <trkpt lat="39.86747025512158870697021484375" lon="124.14122558198869228363037109375">
        <ele>-1.39999997615814208984375</ele>
        <time>2026-10-06T12:11:45.000Z</time>
        <extensions>
          <ns3:TrackPointExtension>
            <ns3:hr>188</ns3:hr>
            <ns3:cad>99</ns3:cad>
          </ns3:TrackPointExtension>
        </extensions>
      </trkpt>
      <trkpt lat="39.867497496306896209716796875" lon="124.1412623785436153411865234375">
        <ele>-1.39999997615814208984375</ele>
        <time>2026-10-06T12:11:46.000Z</time>
        <extensions>
          <ns3:TrackPointExtension>
            <ns3:hr>190</ns3:hr>
            <ns3:cad>99</ns3:cad>
          </ns3:TrackPointExtension>
        </extensions>
      </trkpt>
      <trkpt lat="39.8675248213112354278564453125" lon="124.1413079760968685150146484375">
        <ele>-1.39999997615814208984375</ele>
        <time>2026-10-06T12:11:47.000Z</time>
        <extensions>
          <ns3:TrackPointExtension>
            <ns3:hr>190</ns3:hr>
            <ns3:cad>99</ns3:cad>
          </ns3:TrackPointExtension>
        </extensions>
      </trkpt>
      <trkpt lat="39.86754954792559146881103515625" lon="124.1413368098437786102294921875">
        <ele>-1.39999997615814208984375</ele>
        <time>2026-10-06T12:11:48.000Z</time>
        <extensions>
          <ns3:TrackPointExtension>
            <ns3:hr>188</ns3:hr>
            <ns3:cad>99</ns3:cad>
          </ns3:TrackPointExtension>
        </extensions>
      </trkpt>
      <trkpt lat="39.86757268197834491729736328125" lon="124.14137654006481170654296875">
        <ele>-1.39999997615814208984375</ele>
        <time>2026-10-06T12:11:49.000Z</time>
        <extensions>
          <ns3:TrackPointExtension>
            <ns3:hr>187</ns3:hr>
            <ns3:cad>99</ns3:cad>
          </ns3:TrackPointExtension>
        </extensions>
      </trkpt>
      <trkpt lat="39.86759900115430355072021484375" lon="124.14142104797065258026123046875">
        <ele>-1.39999997615814208984375</ele>
        <time>2026-10-06T12:11:50.000Z</time>
        <extensions>
          <ns3:TrackPointExtension>
            <ns3:hr>187</ns3:hr>
            <ns3:cad>99</ns3:cad>
          </ns3:TrackPointExtension>
        </extensions>
      </trkpt>
      <trkpt lat="39.86762280575931072235107421875" lon="124.1414508037269115447998046875">
        <ele>-1.60000002384185791015625</ele>
        <time>2026-10-06T12:11:51.000Z</time>
        <extensions>
          <ns3:TrackPointExtension>
            <ns3:hr>188</ns3:hr>
            <ns3:cad>99</ns3:cad>
          </ns3:TrackPointExtension>
        </extensions>
      </trkpt>
      <trkpt lat="39.86764929257333278656005859375" lon="124.14149179123342037200927734375">
        <ele>-1.60000002384185791015625</ele>
        <time>2026-10-06T12:11:52.000Z</time>
        <extensions>
          <ns3:TrackPointExtension>
            <ns3:hr>191</ns3:hr>
            <ns3:cad>99</ns3:cad>
          </ns3:TrackPointExtension>
        </extensions>
      </trkpt>
      <trkpt lat="39.86767284572124481201171875" lon="124.1415322758257389068603515625">
        <ele>-1.60000002384185791015625</ele>
        <time>2026-10-06T12:11:53.000Z</time>
        <extensions>
          <ns3:TrackPointExtension>
            <ns3:hr>191</ns3:hr>
            <ns3:cad>99</ns3:cad>
          </ns3:TrackPointExtension>
        </extensions>
      </trkpt>
      <trkpt lat="39.86769698560237884521484375" lon="124.1415664739906787872314453125">
        <ele>-1.60000002384185791015625</ele>
        <time>2026-10-06T12:11:54.000Z</time>
        <extensions>
          <ns3:TrackPointExtension>
            <ns3:hr>188</ns3:hr>
            <ns3:cad>99</ns3:cad>
          </ns3:TrackPointExtension>
        </extensions>
      </trkpt>
      <trkpt lat="39.8677216283977031707763671875" lon="124.141610562801361083984375">
        <ele>-1.60000002384185791015625</ele>
        <time>2026-10-06T12:11:55.000Z</time>
        <extensions>
          <ns3:TrackPointExtension>
            <ns3:hr>187</ns3:hr>
            <ns3:cad>99</ns3:cad>
          </ns3:TrackPointExtension>
        </extensions>
      </trkpt>
      <trkpt lat="39.86774836666882038116455078125" lon="124.1416559927165508270263671875">
        <ele>-1.60000002384185791015625</ele>
        <time>2026-10-06T12:11:56.000Z</time>
        <extensions>
          <ns3:TrackPointExtension>
            <ns3:hr>187</ns3:hr>
            <ns3:cad>99</ns3:cad>
          </ns3:TrackPointExtension>
        </extensions>
      </trkpt>
      <trkpt lat="39.86777150072157382965087890625" lon="124.14169572293758392333984375">
        <ele>-1.60000002384185791015625</ele>
        <time>2026-10-06T12:11:57.000Z</time>
        <extensions>
          <ns3:TrackPointExtension>
            <ns3:hr>188</ns3:hr>
            <ns3:cad>99</ns3:cad>
          </ns3:TrackPointExtension>
        </extensions>
      </trkpt>
      <trkpt lat="39.867799915373325347900390625" lon="124.14174743928015232086181640625">
        <ele>-1.7999999523162841796875</ele>
        <time>2026-10-06T12:11:58.000Z</time>
        <extensions>
          <ns3:TrackPointExtension>
            <ns3:hr>190</ns3:hr>
            <ns3:cad>99</ns3:cad>
          </ns3:TrackPointExtension>
        </extensions>
      </trkpt>
      <trkpt lat="39.86782648600637912750244140625" lon="124.14178817532956600189208984375">
        <ele>-1.60000002384185791015625</ele>
        <time>2026-10-06T12:11:59.000Z</time>
        <extensions>
          <ns3:TrackPointExtension>
            <ns3:hr>191</ns3:hr>
            <ns3:cad>99</ns3:cad>
          </ns3:TrackPointExtension>
        </extensions>
      </trkpt>
      <trkpt lat="39.86785029061138629913330078125" lon="124.14182539097964763641357421875">
        <ele>-1.60000002384185791015625</ele>
        <time>2026-10-06T12:12:00.000Z</time>
        <extensions>
          <ns3:TrackPointExtension>
            <ns3:hr>190</ns3:hr>
            <ns3:cad>99</ns3:cad>
          </ns3:TrackPointExtension>
        </extensions>
      </trkpt>
      <trkpt lat="39.867875687777996063232421875" lon="124.1418749280273914337158203125">
        <ele>-1.60000002384185791015625</ele>
        <time>2026-10-06T12:12:01.000Z</time>
        <extensions>
          <ns3:TrackPointExtension>
            <ns3:hr>188</ns3:hr>
            <ns3:cad>98</ns3:cad>
          </ns3:TrackPointExtension>
        </extensions>
      </trkpt>
      <trkpt lat="39.867901839315891265869140625" lon="124.1419124789535999298095703125">
        <ele>-1.60000002384185791015625</ele>
        <time>2026-10-06T12:12:02.000Z</time>
        <extensions>
          <ns3:TrackPointExtension>
            <ns3:hr>188</ns3:hr>
            <ns3:cad>98</ns3:cad>
          </ns3:TrackPointExtension>
        </extensions>
      </trkpt>
      <trkpt lat="39.86792606301605701446533203125" lon="124.14195120334625244140625">
        <ele>-1.60000002384185791015625</ele>
        <time>2026-10-06T12:12:03.000Z</time>
        <extensions>
          <ns3:TrackPointExtension>
            <ns3:hr>187</ns3:hr>
            <ns3:cad>98</ns3:cad>
          </ns3:TrackPointExtension>
        </extensions>
      </trkpt>
      <trkpt lat="39.86794685013592243194580078125" lon="124.14199621416628360748291015625">
        <ele>-1.60000002384185791015625</ele>
        <time>2026-10-06T12:12:04.000Z</time>
        <extensions>
          <ns3:TrackPointExtension>
            <ns3:hr>189</ns3:hr>
            <ns3:cad>98</ns3:cad>
          </ns3:TrackPointExtension>
        </extensions>
      </trkpt>
      <trkpt lat="39.8679710738360881805419921875" lon="124.14202890358865261077880859375">
        <ele>-1.60000002384185791015625</ele>
        <time>2026-10-06T12:12:05.000Z</time>
        <extensions>
          <ns3:TrackPointExtension>
            <ns3:hr>189</ns3:hr>
            <ns3:cad>99</ns3:cad>
          </ns3:TrackPointExtension>
        </extensions>
      </trkpt>
      <trkpt lat="39.8679940402507781982421875" lon="124.14206720888614654541015625">
        <ele>-1.7999999523162841796875</ele>
        <time>2026-10-06T12:12:06.000Z</time>
        <extensions>
          <ns3:TrackPointExtension>
            <ns3:hr>190</ns3:hr>
            <ns3:cad>99</ns3:cad>
          </ns3:TrackPointExtension>
        </extensions>
      </trkpt>
      <trkpt lat="39.8680170066654682159423828125" lon="124.1421173326671123504638671875">
        <ele>-1.60000002384185791015625</ele>
        <time>2026-10-06T12:12:07.000Z</time>
        <extensions>
          <ns3:TrackPointExtension>
            <ns3:hr>190</ns3:hr>
            <ns3:cad>99</ns3:cad>
          </ns3:TrackPointExtension>
        </extensions>
      </trkpt>
      <trkpt lat="39.86803628504276275634765625" lon="124.14214557968080043792724609375">
        <ele>-1.60000002384185791015625</ele>
        <time>2026-10-06T12:12:08.000Z</time>
        <extensions>
          <ns3:TrackPointExtension>
            <ns3:hr>188</ns3:hr>
            <ns3:cad>99</ns3:cad>
          </ns3:TrackPointExtension>
        </extensions>
      </trkpt>
      <trkpt lat="39.86805866472423076629638671875" lon="124.14219084195792675018310546875">
        <ele>-1.60000002384185791015625</ele>
        <time>2026-10-06T12:12:09.000Z</time>
        <extensions>
          <ns3:TrackPointExtension>
            <ns3:hr>187</ns3:hr>
            <ns3:cad>99</ns3:cad>
          </ns3:TrackPointExtension>
        </extensions>
      </trkpt>
      <trkpt lat="39.8680827207863330841064453125" lon="124.1422395408153533935546875">
        <ele>-1.60000002384185791015625</ele>
        <time>2026-10-06T12:12:10.000Z</time>
        <extensions>
          <ns3:TrackPointExtension>
            <ns3:hr>188</ns3:hr>
            <ns3:cad>99</ns3:cad>
          </ns3:TrackPointExtension>
        </extensions>
      </trkpt>
      <trkpt lat="39.86810526810586452484130859375" lon="124.14227281697094440460205078125">
        <ele>-1.39999997615814208984375</ele>
        <time>2026-10-06T12:12:11.000Z</time>
        <extensions>
          <ns3:TrackPointExtension>
            <ns3:hr>190</ns3:hr>
            <ns3:cad>99</ns3:cad>
          </ns3:TrackPointExtension>
        </extensions>
      </trkpt>
      <trkpt lat="39.868130497634410858154296875" lon="124.1423201747238636016845703125">
        <ele>-1.39999997615814208984375</ele>
        <time>2026-10-06T12:12:12.000Z</time>
        <extensions>
          <ns3:TrackPointExtension>
            <ns3:hr>191</ns3:hr>
            <ns3:cad>99</ns3:cad>
          </ns3:TrackPointExtension>
        </extensions>
      </trkpt>
      <trkpt lat="39.86815631389617919921875" lon="124.142371304333209991455078125">
        <ele>-1.60000002384185791015625</ele>
        <time>2026-10-06T12:12:13.000Z</time>
        <extensions>
          <ns3:TrackPointExtension>
            <ns3:hr>190</ns3:hr>
            <ns3:cad>99</ns3:cad>
          </ns3:TrackPointExtension>
        </extensions>
      </trkpt>
      <trkpt lat="39.8681755922734737396240234375" lon="124.14240743033587932586669921875">
        <ele>-1.60000002384185791015625</ele>
        <time>2026-10-06T12:12:14.000Z</time>
        <extensions>
          <ns3:TrackPointExtension>
            <ns3:hr>189</ns3:hr>
            <ns3:cad>99</ns3:cad>
          </ns3:TrackPointExtension>
        </extensions>
      </trkpt>
      <trkpt lat="39.86820132471621036529541015625" lon="124.14246107451617717742919921875">
        <ele>-1.60000002384185791015625</ele>
        <time>2026-10-06T12:12:15.000Z</time>
        <extensions>
          <ns3:TrackPointExtension>
            <ns3:hr>188</ns3:hr>
            <ns3:cad>99</ns3:cad>
          </ns3:TrackPointExtension>
        </extensions>
      </trkpt>
      <trkpt lat="39.868228733539581298828125" lon="124.14250038564205169677734375">
        <ele>-1.60000002384185791015625</ele>
        <time>2026-10-06T12:12:16.000Z</time>
        <extensions>
          <ns3:TrackPointExtension>
            <ns3:hr>187</ns3:hr>
            <ns3:cad>99</ns3:cad>
          </ns3:TrackPointExtension>
        </extensions>
      </trkpt>
      <trkpt lat="39.86825295723974704742431640625" lon="124.1425394453108310699462890625">
        <ele>-1.7999999523162841796875</ele>
        <time>2026-10-06T12:12:17.000Z</time>
        <extensions>
          <ns3:TrackPointExtension>
            <ns3:hr>188</ns3:hr>
            <ns3:cad>99</ns3:cad>
          </ns3:TrackPointExtension>
        </extensions>
      </trkpt>
      <trkpt lat="39.868277013301849365234375" lon="124.14259099401533603668212890625">
        <ele>-1.7999999523162841796875</ele>
        <time>2026-10-06T12:12:18.000Z</time>
        <extensions>
          <ns3:TrackPointExtension>
            <ns3:hr>188</ns3:hr>
            <ns3:cad>99</ns3:cad>
          </ns3:TrackPointExtension>
        </extensions>
      </trkpt>
      <trkpt lat="39.86829939298331737518310546875" lon="124.14262066595256328582763671875">
        <ele>-1.7999999523162841796875</ele>
        <time>2026-10-06T12:12:19.000Z</time>
        <extensions>
          <ns3:TrackPointExtension>
            <ns3:hr>189</ns3:hr>
            <ns3:cad>98</ns3:cad>
          </ns3:TrackPointExtension>
        </extensions>
      </trkpt>
      <trkpt lat="39.86832252703607082366943359375" lon="124.14266693405807018280029296875">
        <ele>-1.7999999523162841796875</ele>
        <time>2026-10-06T12:12:20.000Z</time>
        <extensions>
          <ns3:TrackPointExtension>
            <ns3:hr>189</ns3:hr>
            <ns3:cad>97</ns3:cad>
          </ns3:TrackPointExtension>
        </extensions>
      </trkpt>
      <trkpt lat="39.8683496005833148956298828125" lon="124.142705909907817840576171875">
        <ele>-1.60000002384185791015625</ele>
        <time>2026-10-06T12:12:21.000Z</time>
        <extensions>
          <ns3:TrackPointExtension>
            <ns3:hr>189</ns3:hr>
            <ns3:cad>97</ns3:cad>
          </ns3:TrackPointExtension>
        </extensions>
      </trkpt>
      <trkpt lat="39.86837315373122692108154296875" lon="124.1427486576139926910400390625">
        <ele>-1.60000002384185791015625</ele>
        <time>2026-10-06T12:12:22.000Z</time>
        <extensions>
          <ns3:TrackPointExtension>
            <ns3:hr>190</ns3:hr>
            <ns3:cad>95</ns3:cad>
          </ns3:TrackPointExtension>
        </extensions>
      </trkpt>
      <trkpt lat="39.86839645542204380035400390625" lon="124.14279869757592678070068359375">
        <ele>-1.60000002384185791015625</ele>
        <time>2026-10-06T12:12:23.000Z</time>
        <extensions>
          <ns3:TrackPointExtension>
            <ns3:hr>192</ns3:hr>
            <ns3:cad>95</ns3:cad>
          </ns3:TrackPointExtension>
        </extensions>
      </trkpt>
      <trkpt lat="39.86841875128448009490966796875" lon="124.14283054880797863006591796875">
        <ele>-1.60000002384185791015625</ele>
        <time>2026-10-06T12:12:24.000Z</time>
        <extensions>
          <ns3:TrackPointExtension>
            <ns3:hr>192</ns3:hr>
            <ns3:cad>95</ns3:cad>
          </ns3:TrackPointExtension>
        </extensions>
      </trkpt>
      <trkpt lat="39.868439622223377227783203125" lon="124.142879582941532135009765625">
        <ele>-1.60000002384185791015625</ele>
        <time>2026-10-06T12:12:25.000Z</time>
        <extensions>
          <ns3:TrackPointExtension>
            <ns3:hr>192</ns3:hr>
            <ns3:cad>97</ns3:cad>
          </ns3:TrackPointExtension>
        </extensions>
      </trkpt>
      <trkpt lat="39.86846149899065494537353515625" lon="124.14292777888476848602294921875">
        <ele>-1.60000002384185791015625</ele>
        <time>2026-10-06T12:12:26.000Z</time>
        <extensions>
          <ns3:TrackPointExtension>
            <ns3:hr>191</ns3:hr>
            <ns3:cad>97</ns3:cad>
          </ns3:TrackPointExtension>
        </extensions>
      </trkpt>
      <trkpt lat="39.86848010681569576263427734375" lon="124.142963401973247528076171875">
        <ele>-1.39999997615814208984375</ele>
        <time>2026-10-06T12:12:27.000Z</time>
        <extensions>
          <ns3:TrackPointExtension>
            <ns3:hr>191</ns3:hr>
            <ns3:cad>97</ns3:cad>
          </ns3:TrackPointExtension>
        </extensions>
      </trkpt>
      <trkpt lat="39.8685036599636077880859375" lon="124.1430178843438625335693359375">
        <ele>-1.39999997615814208984375</ele>
        <time>2026-10-06T12:12:28.000Z</time>
        <extensions>
          <ns3:TrackPointExtension>
            <ns3:hr>189</ns3:hr>
            <ns3:cad>97</ns3:cad>
          </ns3:TrackPointExtension>
        </extensions>
      </trkpt>
      <trkpt lat="39.8685309849679470062255859375" lon="124.1430571116507053375244140625">
        <ele>-1.39999997615814208984375</ele>
        <time>2026-10-06T12:12:29.000Z</time>
        <extensions>
          <ns3:TrackPointExtension>
            <ns3:hr>189</ns3:hr>
            <ns3:cad>97</ns3:cad>
          </ns3:TrackPointExtension>
        </extensions>
      </trkpt>
      <trkpt lat="39.86855487339198589324951171875" lon="124.14309508167207241058349609375">
        <ele>-1.39999997615814208984375</ele>
        <time>2026-10-06T12:12:30.000Z</time>
        <extensions>
          <ns3:TrackPointExtension>
            <ns3:hr>189</ns3:hr>
            <ns3:cad>97</ns3:cad>
          </ns3:TrackPointExtension>
        </extensions>
      </trkpt>
      <trkpt lat="39.868577755987644195556640625" lon="124.14314772002398967742919921875">
        <ele>-1.39999997615814208984375</ele>
        <time>2026-10-06T12:12:31.000Z</time>
        <extensions>
          <ns3:TrackPointExtension>
            <ns3:hr>188</ns3:hr>
            <ns3:cad>97</ns3:cad>
          </ns3:TrackPointExtension>
        </extensions>
      </trkpt>
      <trkpt lat="39.86859946511685848236083984375" lon="124.14318208582699298858642578125">
        <ele>-1.60000002384185791015625</ele>
        <time>2026-10-06T12:12:32.000Z</time>
        <extensions>
          <ns3:TrackPointExtension>
            <ns3:hr>190</ns3:hr>
            <ns3:cad>97</ns3:cad>
          </ns3:TrackPointExtension>
        </extensions>
      </trkpt>
      <trkpt lat="39.8686245270073413848876953125" lon="124.143226929008960723876953125">
        <ele>-1.39999997615814208984375</ele>
        <time>2026-10-06T12:12:33.000Z</time>
        <extensions>
          <ns3:TrackPointExtension>
            <ns3:hr>190</ns3:hr>
            <ns3:cad>99</ns3:cad>
          </ns3:TrackPointExtension>
        </extensions>
      </trkpt>
      <trkpt lat="39.86865143291652202606201171875" lon="124.14327210746705532073974609375">
        <ele>-1.39999997615814208984375</ele>
        <time>2026-10-06T12:12:34.000Z</time>
        <extensions>
          <ns3:TrackPointExtension>
            <ns3:hr>190</ns3:hr>
            <ns3:cad>99</ns3:cad>
          </ns3:TrackPointExtension>
        </extensions>
      </trkpt>
      <trkpt lat="39.8686741478741168975830078125" lon="124.1433115862309932708740234375">
        <ele>-1.39999997615814208984375</ele>
        <time>2026-10-06T12:12:35.000Z</time>
        <extensions>
          <ns3:TrackPointExtension>
            <ns3:hr>190</ns3:hr>
            <ns3:cad>99</ns3:cad>
          </ns3:TrackPointExtension>
        </extensions>
      </trkpt>
      <trkpt lat="39.86870155669748783111572265625" lon="124.14336749352514743804931640625">
        <ele>-1.60000002384185791015625</ele>
        <time>2026-10-06T12:12:36.000Z</time>
        <extensions>
          <ns3:TrackPointExtension>
            <ns3:hr>191</ns3:hr>
            <ns3:cad>98</ns3:cad>
          </ns3:TrackPointExtension>
        </extensions>
      </trkpt>
      <trkpt lat="39.86873005516827106475830078125" lon="124.1433984227478504180908203125">
        <ele>-1.39999997615814208984375</ele>
        <time>2026-10-06T12:12:37.000Z</time>
        <extensions>
          <ns3:TrackPointExtension>
            <ns3:hr>192</ns3:hr>
            <ns3:cad>97</ns3:cad>
          </ns3:TrackPointExtension>
        </extensions>
      </trkpt>
      <trkpt lat="39.8687599785625934600830078125" lon="124.1434438526630401611328125">
        <ele>-1.39999997615814208984375</ele>
        <time>2026-10-06T12:12:38.000Z</time>
        <extensions>
          <ns3:TrackPointExtension>
            <ns3:hr>191</ns3:hr>
            <ns3:cad>96</ns3:cad>
          </ns3:TrackPointExtension>
        </extensions>
      </trkpt>
      <trkpt lat="39.86878470517694950103759765625" lon="124.14349020458757877349853515625">
        <ele>-1.39999997615814208984375</ele>
        <time>2026-10-06T12:12:39.000Z</time>
        <extensions>
          <ns3:TrackPointExtension>
            <ns3:hr>191</ns3:hr>
            <ns3:cad>96</ns3:cad>
          </ns3:TrackPointExtension>
        </extensions>
      </trkpt>
      <trkpt lat="39.86880549229681491851806640625" lon="124.14352842606604099273681640625">
        <ele>-1.39999997615814208984375</ele>
        <time>2026-10-06T12:12:40.000Z</time>
        <extensions>
          <ns3:TrackPointExtension>
            <ns3:hr>192</ns3:hr>
            <ns3:cad>95</ns3:cad>
          </ns3:TrackPointExtension>
        </extensions>
      </trkpt>
      <trkpt lat="39.8688334040343761444091796875" lon="124.14358307607471942901611328125">
        <ele>-1.39999997615814208984375</ele>
        <time>2026-10-06T12:12:41.000Z</time>
        <extensions>
          <ns3:TrackPointExtension>
            <ns3:hr>192</ns3:hr>
            <ns3:cad>95</ns3:cad>
          </ns3:TrackPointExtension>
        </extensions>
      </trkpt>
      <trkpt lat="39.8688603937625885009765625" lon="124.1436183638870716094970703125">
        <ele>-1.39999997615814208984375</ele>
        <time>2026-10-06T12:12:42.000Z</time>
        <extensions>
          <ns3:TrackPointExtension>
            <ns3:hr>191</ns3:hr>
            <ns3:cad>95</ns3:cad>
          </ns3:TrackPointExtension>
        </extensions>
      </trkpt>
      <trkpt lat="39.868886210024356842041015625" lon="124.14366848766803741455078125">
        <ele>-1.39999997615814208984375</ele>
        <time>2026-10-06T12:12:43.000Z</time>
        <extensions>
          <ns3:TrackPointExtension>
            <ns3:hr>192</ns3:hr>
            <ns3:cad>97</ns3:cad>
          </ns3:TrackPointExtension>
        </extensions>
      </trkpt>
      <trkpt lat="39.86891211010515689849853515625" lon="124.14371148683130741119384765625">
        <ele>-1.39999997615814208984375</ele>
        <time>2026-10-06T12:12:44.000Z</time>
        <extensions>
          <ns3:TrackPointExtension>
            <ns3:hr>191</ns3:hr>
            <ns3:cad>97</ns3:cad>
          </ns3:TrackPointExtension>
        </extensions>
      </trkpt>
      <trkpt lat="39.86893482506275177001953125" lon="124.1437491215765476226806640625">
        <ele>-1.39999997615814208984375</ele>
        <time>2026-10-06T12:12:45.000Z</time>
        <extensions>
          <ns3:TrackPointExtension>
            <ns3:hr>191</ns3:hr>
            <ns3:cad>96</ns3:cad>
          </ns3:TrackPointExtension>
        </extensions>
      </trkpt>
      <trkpt lat="39.86896089278161525726318359375" lon="124.14380217902362346649169921875">
        <ele>-1.39999997615814208984375</ele>
        <time>2026-10-06T12:12:46.000Z</time>
        <extensions>
          <ns3:TrackPointExtension>
            <ns3:hr>192</ns3:hr>
            <ns3:cad>96</ns3:cad>
          </ns3:TrackPointExtension>
        </extensions>
      </trkpt>
      <trkpt lat="39.86898352392017841339111328125" lon="124.14384174160659313201904296875">
        <ele>-1.39999997615814208984375</ele>
        <time>2026-10-06T12:12:47.000Z</time>
        <extensions>
          <ns3:TrackPointExtension>
            <ns3:hr>191</ns3:hr>
            <ns3:cad>96</ns3:cad>
          </ns3:TrackPointExtension>
        </extensions>
      </trkpt>
      <trkpt lat="39.869006574153900146484375" lon="124.14388817735016345977783203125">
        <ele>-1.39999997615814208984375</ele>
        <time>2026-10-06T12:12:48.000Z</time>
        <extensions>
          <ns3:TrackPointExtension>
            <ns3:hr>192</ns3:hr>
            <ns3:cad>96</ns3:cad>
          </ns3:TrackPointExtension>
        </extensions>
      </trkpt>
      <trkpt lat="39.8690342344343662261962890625" lon="124.14393025450408458709716796875">
        <ele>-1.39999997615814208984375</ele>
        <time>2026-10-06T12:12:49.000Z</time>
        <extensions>
          <ns3:TrackPointExtension>
            <ns3:hr>192</ns3:hr>
            <ns3:cad>96</ns3:cad>
          </ns3:TrackPointExtension>
        </extensions>
      </trkpt>
      <trkpt lat="39.8690550215542316436767578125" lon="124.1439717449247837066650390625">
        <ele>-1.39999997615814208984375</ele>
        <time>2026-10-06T12:12:50.000Z</time>
        <extensions>
          <ns3:TrackPointExtension>
            <ns3:hr>192</ns3:hr>
            <ns3:cad>96</ns3:cad>
          </ns3:TrackPointExtension>
        </extensions>
      </trkpt>
      <trkpt lat="39.86907958053052425384521484375" lon="124.14402530528604984283447265625">
        <ele>-1.39999997615814208984375</ele>
        <time>2026-10-06T12:12:51.000Z</time>
        <extensions>
          <ns3:TrackPointExtension>
            <ns3:hr>192</ns3:hr>
            <ns3:cad>96</ns3:cad>
          </ns3:TrackPointExtension>
        </extensions>
      </trkpt>
      <trkpt lat="39.86910154111683368682861328125" lon="124.14405950345098972320556640625">
        <ele>-1.39999997615814208984375</ele>
        <time>2026-10-06T12:12:52.000Z</time>
        <extensions>
          <ns3:TrackPointExtension>
            <ns3:hr>191</ns3:hr>
            <ns3:cad>96</ns3:cad>
          </ns3:TrackPointExtension>
        </extensions>
      </trkpt>
      <trkpt lat="39.86912685446441173553466796875" lon="124.1441125608980655670166015625">
        <ele>-1.39999997615814208984375</ele>
        <time>2026-10-06T12:12:53.000Z</time>
        <extensions>
          <ns3:TrackPointExtension>
            <ns3:hr>192</ns3:hr>
            <ns3:cad>96</ns3:cad>
          </ns3:TrackPointExtension>
        </extensions>
      </trkpt>
      <trkpt lat="39.8691525869071483612060546875" lon="124.144148938357830047607421875">
        <ele>-1.2000000476837158203125</ele>
        <time>2026-10-06T12:12:54.000Z</time>
        <extensions>
          <ns3:TrackPointExtension>
            <ns3:hr>191</ns3:hr>
            <ns3:cad>95</ns3:cad>
          </ns3:TrackPointExtension>
        </extensions>
      </trkpt>
      <trkpt lat="39.869175888597965240478515625" lon="124.14419529028236865997314453125">
        <ele>-1.2000000476837158203125</ele>
        <time>2026-10-06T12:12:55.000Z</time>
        <extensions>
          <ns3:TrackPointExtension>
            <ns3:hr>191</ns3:hr>
            <ns3:cad>95</ns3:cad>
          </ns3:TrackPointExtension>
        </extensions>
      </trkpt>
      <trkpt lat="39.8692008666694164276123046875" lon="124.1442506946623325347900390625">
        <ele>-1.2000000476837158203125</ele>
        <time>2026-10-06T12:12:56.000Z</time>
        <extensions>
          <ns3:TrackPointExtension>
            <ns3:hr>191</ns3:hr>
            <ns3:cad>95</ns3:cad>
          </ns3:TrackPointExtension>
        </extensions>
      </trkpt>
      <trkpt lat="39.86922425217926502227783203125" lon="124.14428849704563617706298828125">
        <ele>-1.2000000476837158203125</ele>
        <time>2026-10-06T12:12:57.000Z</time>
        <extensions>
          <ns3:TrackPointExtension>
            <ns3:hr>191</ns3:hr>
            <ns3:cad>94</ns3:cad>
          </ns3:TrackPointExtension>
        </extensions>
      </trkpt>
      <trkpt lat="39.8692521639168262481689453125" lon="124.1443415544927120208740234375">
        <ele>-1.2000000476837158203125</ele>
        <time>2026-10-06T12:12:58.000Z</time>
        <extensions>
          <ns3:TrackPointExtension>
            <ns3:hr>192</ns3:hr>
            <ns3:cad>94</ns3:cad>
          </ns3:TrackPointExtension>
        </extensions>
      </trkpt>
      <trkpt lat="39.86927974037826061248779296875" lon="124.14437985979020595550537109375">
        <ele>-1.2000000476837158203125</ele>
        <time>2026-10-06T12:12:59.000Z</time>
        <extensions>
          <ns3:TrackPointExtension>
            <ns3:hr>193</ns3:hr>
            <ns3:cad>95</ns3:cad>
          </ns3:TrackPointExtension>
        </extensions>
      </trkpt>
      <trkpt lat="39.869302622973918914794921875" lon="124.14441992528736591339111328125">
        <ele>-1.2000000476837158203125</ele>
        <time>2026-10-06T12:13:00.000Z</time>
        <extensions>
          <ns3:TrackPointExtension>
            <ns3:hr>192</ns3:hr>
            <ns3:cad>95</ns3:cad>
          </ns3:TrackPointExtension>
        </extensions>
      </trkpt>
      <trkpt lat="39.86932852305471897125244140625" lon="124.14447105489671230316162109375">
        <ele>-1.2000000476837158203125</ele>
        <time>2026-10-06T12:13:01.000Z</time>
        <extensions>
          <ns3:TrackPointExtension>
            <ns3:hr>192</ns3:hr>
            <ns3:cad>95</ns3:cad>
          </ns3:TrackPointExtension>
        </extensions>
      </trkpt>
      <trkpt lat="39.86935115419328212738037109375" lon="124.14450877346098423004150390625">
        <ele>-1.2000000476837158203125</ele>
        <time>2026-10-06T12:13:02.000Z</time>
        <extensions>
          <ns3:TrackPointExtension>
            <ns3:hr>191</ns3:hr>
            <ns3:cad>95</ns3:cad>
          </ns3:TrackPointExtension>
        </extensions>
      </trkpt>
      <trkpt lat="39.8693721927702426910400390625" lon="124.14455269463360309600830078125">
        <ele>-1.2000000476837158203125</ele>
        <time>2026-10-06T12:13:03.000Z</time>
        <extensions>
          <ns3:TrackPointExtension>
            <ns3:hr>191</ns3:hr>
            <ns3:cad>96</ns3:cad>
          </ns3:TrackPointExtension>
        </extensions>
      </trkpt>
      <trkpt lat="39.86939624883234500885009765625" lon="124.14458638988435268402099609375">
        <ele>-1.2000000476837158203125</ele>
        <time>2026-10-06T12:13:04.000Z</time>
        <extensions>
          <ns3:TrackPointExtension>
            <ns3:hr>191</ns3:hr>
            <ns3:cad>96</ns3:cad>
          </ns3:TrackPointExtension>
        </extensions>
      </trkpt>
      <trkpt lat="39.86941753886640071868896484375" lon="124.14463114924728870391845703125">
        <ele>-1.2000000476837158203125</ele>
        <time>2026-10-06T12:13:05.000Z</time>
        <extensions>
          <ns3:TrackPointExtension>
            <ns3:hr>192</ns3:hr>
            <ns3:cad>95</ns3:cad>
          </ns3:TrackPointExtension>
        </extensions>
      </trkpt>
      <trkpt lat="39.869439415633678436279296875" lon="124.144676662981510162353515625">
        <ele>-1.2000000476837158203125</ele>
        <time>2026-10-06T12:13:06.000Z</time>
        <extensions>
          <ns3:TrackPointExtension>
            <ns3:hr>192</ns3:hr>
            <ns3:cad>95</ns3:cad>
          </ns3:TrackPointExtension>
        </extensions>
      </trkpt>
      <trkpt lat="39.86946028657257556915283203125" lon="124.1447133757174015045166015625">
        <ele>-1.2000000476837158203125</ele>
        <time>2026-10-06T12:13:07.000Z</time>
        <extensions>
          <ns3:TrackPointExtension>
            <ns3:hr>192</ns3:hr>
            <ns3:cad>95</ns3:cad>
          </ns3:TrackPointExtension>
        </extensions>
      </trkpt>
      <trkpt lat="39.86948794685304164886474609375" lon="124.144765175879001617431640625">
        <ele>-1.2000000476837158203125</ele>
        <time>2026-10-06T12:13:08.000Z</time>
        <extensions>
          <ns3:TrackPointExtension>
            <ns3:hr>192</ns3:hr>
            <ns3:cad>95</ns3:cad>
          </ns3:TrackPointExtension>
        </extensions>
      </trkpt>
      <trkpt lat="39.86951191909611225128173828125" lon="124.1448028944432735443115234375">
        <ele>-1.2000000476837158203125</ele>
        <time>2026-10-06T12:13:09.000Z</time>
        <extensions>
          <ns3:TrackPointExtension>
            <ns3:hr>192</ns3:hr>
            <ns3:cad>95</ns3:cad>
          </ns3:TrackPointExtension>
        </extensions>
      </trkpt>
      <trkpt lat="39.86953320913016796112060546875" lon="124.14484840817749500274658203125">
        <ele>-1.39999997615814208984375</ele>
        <time>2026-10-06T12:13:10.000Z</time>
        <extensions>
          <ns3:TrackPointExtension>
            <ns3:hr>192</ns3:hr>
            <ns3:cad>96</ns3:cad>
          </ns3:TrackPointExtension>
        </extensions>
      </trkpt>
      <trkpt lat="39.86955466680228710174560546875" lon="124.14489987306296825408935546875">
        <ele>-1.39999997615814208984375</ele>
        <time>2026-10-06T12:13:11.000Z</time>
        <extensions>
          <ns3:TrackPointExtension>
            <ns3:hr>192</ns3:hr>
            <ns3:cad>98</ns3:cad>
          </ns3:TrackPointExtension>
        </extensions>
      </trkpt>
      <trkpt lat="39.86957411281764507293701171875" lon="124.14493314921855926513671875">
        <ele>-1.39999997615814208984375</ele>
        <time>2026-10-06T12:13:12.000Z</time>
        <extensions>
          <ns3:TrackPointExtension>
            <ns3:hr>192</ns3:hr>
            <ns3:cad>98</ns3:cad>
          </ns3:TrackPointExtension>
        </extensions>
      </trkpt>
      <trkpt lat="39.86960026435554027557373046875" lon="124.1449856199324131011962890625">
        <ele>-1.39999997615814208984375</ele>
        <time>2026-10-06T12:13:13.000Z</time>
        <extensions>
          <ns3:TrackPointExtension>
            <ns3:hr>192</ns3:hr>
            <ns3:cad>98</ns3:cad>
          </ns3:TrackPointExtension>
        </extensions>
      </trkpt>
      <trkpt lat="39.86962591297924518585205078125" lon="124.14502610452473163604736328125">
        <ele>-1.39999997615814208984375</ele>
        <time>2026-10-06T12:13:14.000Z</time>
        <extensions>
          <ns3:TrackPointExtension>
            <ns3:hr>192</ns3:hr>
            <ns3:cad>96</ns3:cad>
          </ns3:TrackPointExtension>
        </extensions>
      </trkpt>
      <trkpt lat="39.8696516454219818115234375" lon="124.14506918750703334808349609375">
        <ele>-1.39999997615814208984375</ele>
        <time>2026-10-06T12:13:15.000Z</time>
        <extensions>
          <ns3:TrackPointExtension>
            <ns3:hr>192</ns3:hr>
            <ns3:cad>95</ns3:cad>
          </ns3:TrackPointExtension>
        </extensions>
      </trkpt>
      <trkpt lat="39.86967687495052814483642578125" lon="124.14512484334409236907958984375">
        <ele>-1.39999997615814208984375</ele>
        <time>2026-10-06T12:13:16.000Z</time>
        <extensions>
          <ns3:TrackPointExtension>
            <ns3:hr>193</ns3:hr>
            <ns3:cad>95</ns3:cad>
          </ns3:TrackPointExtension>
        </extensions>
      </trkpt>
      <trkpt lat="39.8696977458894252777099609375" lon="124.1451596282422542572021484375">
        <ele>-1.39999997615814208984375</ele>
        <time>2026-10-06T12:13:17.000Z</time>
        <extensions>
          <ns3:TrackPointExtension>
            <ns3:hr>192</ns3:hr>
            <ns3:cad>95</ns3:cad>
          </ns3:TrackPointExtension>
        </extensions>
      </trkpt>
      <trkpt lat="39.86972666345536708831787109375" lon="124.14521721191704273223876953125">
        <ele>-1.2000000476837158203125</ele>
        <time>2026-10-06T12:13:18.000Z</time>
        <extensions>
          <ns3:TrackPointExtension>
            <ns3:hr>192</ns3:hr>
            <ns3:cad>95</ns3:cad>
          </ns3:TrackPointExtension>
        </extensions>
      </trkpt>
      <trkpt lat="39.86974895931780338287353515625" lon="124.14525375701487064361572265625">
        <ele>-1.2000000476837158203125</ele>
        <time>2026-10-06T12:13:19.000Z</time>
        <extensions>
          <ns3:TrackPointExtension>
            <ns3:hr>192</ns3:hr>
            <ns3:cad>95</ns3:cad>
          </ns3:TrackPointExtension>
        </extensions>
      </trkpt>
      <trkpt lat="39.8697745241224765777587890625" lon="124.14530195295810699462890625">
        <ele>-1.2000000476837158203125</ele>
        <time>2026-10-06T12:13:20.000Z</time>
        <extensions>
          <ns3:TrackPointExtension>
            <ns3:hr>191</ns3:hr>
            <ns3:cad>95</ns3:cad>
          </ns3:TrackPointExtension>
        </extensions>
      </trkpt>
      <trkpt lat="39.869800508022308349609375" lon="124.145347885787487030029296875">
        <ele>-1</ele>
        <time>2026-10-06T12:13:21.000Z</time>
        <extensions>
          <ns3:TrackPointExtension>
            <ns3:hr>191</ns3:hr>
            <ns3:cad>95</ns3:cad>
          </ns3:TrackPointExtension>
        </extensions>
      </trkpt>
      <trkpt lat="39.86982590518891811370849609375" lon="124.14539046585559844970703125">
        <ele>-1</ele>
        <time>2026-10-06T12:13:22.000Z</time>
        <extensions>
          <ns3:TrackPointExtension>
            <ns3:hr>191</ns3:hr>
            <ns3:cad>95</ns3:cad>
          </ns3:TrackPointExtension>
        </extensions>
      </trkpt>
      <trkpt lat="39.86985750496387481689453125" lon="124.14544050581753253936767578125">
        <ele>-1</ele>
        <time>2026-10-06T12:13:23.000Z</time>
        <extensions>
          <ns3:TrackPointExtension>
            <ns3:hr>191</ns3:hr>
            <ns3:cad>95</ns3:cad>
          </ns3:TrackPointExtension>
        </extensions>
      </trkpt>
      <trkpt lat="39.86988164484500885009765625" lon="124.14547495543956756591796875">
        <ele>-1.2000000476837158203125</ele>
        <time>2026-10-06T12:13:24.000Z</time>
        <extensions>
          <ns3:TrackPointExtension>
            <ns3:hr>191</ns3:hr>
            <ns3:cad>95</ns3:cad>
          </ns3:TrackPointExtension>
        </extensions>
      </trkpt>
      <trkpt lat="39.869904778897762298583984375" lon="124.14551845751702785491943359375">
        <ele>-1.2000000476837158203125</ele>
        <time>2026-10-06T12:13:25.000Z</time>
        <extensions>
          <ns3:TrackPointExtension>
            <ns3:hr>191</ns3:hr>
            <ns3:cad>93</ns3:cad>
          </ns3:TrackPointExtension>
        </extensions>
      </trkpt>
      <trkpt lat="39.8699287511408329010009765625" lon="124.1455589421093463897705078125">
        <ele>-1.2000000476837158203125</ele>
        <time>2026-10-06T12:13:26.000Z</time>
        <extensions>
          <ns3:TrackPointExtension>
            <ns3:hr>191</ns3:hr>
            <ns3:cad>93</ns3:cad>
          </ns3:TrackPointExtension>
        </extensions>
      </trkpt>
      <trkpt lat="39.86994626931846141815185546875" lon="124.1455974988639354705810546875">
        <ele>-1.39999997615814208984375</ele>
        <time>2026-10-06T12:13:27.000Z</time>
        <extensions>
          <ns3:TrackPointExtension>
            <ns3:hr>191</ns3:hr>
            <ns3:cad>95</ns3:cad>
          </ns3:TrackPointExtension>
        </extensions>
      </trkpt>
      <trkpt lat="39.86996336840093135833740234375" lon="124.1456484608352184295654296875">
        <ele>-1.39999997615814208984375</ele>
        <time>2026-10-06T12:13:28.000Z</time>
        <extensions>
          <ns3:TrackPointExtension>
            <ns3:hr>191</ns3:hr>
            <ns3:cad>95</ns3:cad>
          </ns3:TrackPointExtension>
        </extensions>
      </trkpt>
      <trkpt lat="39.8699823953211307525634765625" lon="124.14568282663822174072265625">
        <ele>-1.60000002384185791015625</ele>
        <time>2026-10-06T12:13:29.000Z</time>
        <extensions>
          <ns3:TrackPointExtension>
            <ns3:hr>191</ns3:hr>
            <ns3:cad>95</ns3:cad>
          </ns3:TrackPointExtension>
        </extensions>
      </trkpt>
      <trkpt lat="39.87001030705869197845458984375" lon="124.14573219604790210723876953125">
        <ele>-1.60000002384185791015625</ele>
        <time>2026-10-06T12:13:30.000Z</time>
        <extensions>
          <ns3:TrackPointExtension>
            <ns3:hr>192</ns3:hr>
            <ns3:cad>95</ns3:cad>
          </ns3:TrackPointExtension>
        </extensions>
      </trkpt>
      <trkpt lat="39.87003813497722148895263671875" lon="124.1457658074796199798583984375">
        <ele>-1.60000002384185791015625</ele>
        <time>2026-10-06T12:13:31.000Z</time>
        <extensions>
          <ns3:TrackPointExtension>
            <ns3:hr>191</ns3:hr>
            <ns3:cad>95</ns3:cad>
          </ns3:TrackPointExtension>
        </extensions>
      </trkpt>
      <trkpt lat="39.87006026320159435272216796875" lon="124.14580595679581165313720703125">
        <ele>-1.60000002384185791015625</ele>
        <time>2026-10-06T12:13:32.000Z</time>
        <extensions>
          <ns3:TrackPointExtension>
            <ns3:hr>191</ns3:hr>
            <ns3:cad>95</ns3:cad>
          </ns3:TrackPointExtension>
        </extensions>
      </trkpt>
      <trkpt lat="39.87008549273014068603515625" lon="124.1458502970635890960693359375">
        <ele>-1.7999999523162841796875</ele>
        <time>2026-10-06T12:13:33.000Z</time>
        <extensions>
          <ns3:TrackPointExtension>
            <ns3:hr>191</ns3:hr>
            <ns3:cad>95</ns3:cad>
          </ns3:TrackPointExtension>
        </extensions>
      </trkpt>
      <trkpt lat="39.87010829150676727294921875" lon="124.1458844952285289764404296875">
        <ele>-1.7999999523162841796875</ele>
        <time>2026-10-06T12:13:34.000Z</time>
        <extensions>
          <ns3:TrackPointExtension>
            <ns3:hr>191</ns3:hr>
            <ns3:cad>95</ns3:cad>
          </ns3:TrackPointExtension>
        </extensions>
      </trkpt>
      <trkpt lat="39.870133101940155029296875" lon="124.14593788795173168182373046875">
        <ele>-1.7999999523162841796875</ele>
        <time>2026-10-06T12:13:35.000Z</time>
        <extensions>
          <ns3:TrackPointExtension>
            <ns3:hr>190</ns3:hr>
            <ns3:cad>95</ns3:cad>
          </ns3:TrackPointExtension>
        </extensions>
      </trkpt>
      <trkpt lat="39.8701570741832256317138671875" lon="124.14596655406057834625244140625">
        <ele>-1.7999999523162841796875</ele>
        <time>2026-10-06T12:13:36.000Z</time>
        <extensions>
          <ns3:TrackPointExtension>
            <ns3:hr>191</ns3:hr>
            <ns3:cad>95</ns3:cad>
          </ns3:TrackPointExtension>
        </extensions>
      </trkpt>
      <trkpt lat="39.87018632702529430389404296875" lon="124.14601382799446582794189453125">
        <ele>-1.7999999523162841796875</ele>
        <time>2026-10-06T12:13:37.000Z</time>
        <extensions>
          <ns3:TrackPointExtension>
            <ns3:hr>191</ns3:hr>
            <ns3:cad>95</ns3:cad>
          </ns3:TrackPointExtension>
        </extensions>
      </trkpt>
      <trkpt lat="39.87021616660058498382568359375" lon="124.14604919962584972381591796875">
        <ele>-1.7999999523162841796875</ele>
        <time>2026-10-06T12:13:38.000Z</time>
        <extensions>
          <ns3:TrackPointExtension>
            <ns3:hr>190</ns3:hr>
            <ns3:cad>95</ns3:cad>
          </ns3:TrackPointExtension>
        </extensions>
      </trkpt>
      <trkpt lat="39.87024106085300445556640625" lon="124.14608892984688282012939453125">
        <ele>-2</ele>
        <time>2026-10-06T12:13:39.000Z</time>
        <extensions>
          <ns3:TrackPointExtension>
            <ns3:hr>190</ns3:hr>
            <ns3:cad>95</ns3:cad>
          </ns3:TrackPointExtension>
        </extensions>
      </trkpt>
      <trkpt lat="39.8702673800289630889892578125" lon="124.1461295820772647857666015625">
        <ele>-2</ele>
        <time>2026-10-06T12:13:40.000Z</time>
        <extensions>
          <ns3:TrackPointExtension>
            <ns3:hr>190</ns3:hr>
            <ns3:cad>95</ns3:cad>
          </ns3:TrackPointExtension>
        </extensions>
      </trkpt>
      <trkpt lat="39.87029068171977996826171875" lon="124.1461564041674137115478515625">
        <ele>-2</ele>
        <time>2026-10-06T12:13:41.000Z</time>
        <extensions>
          <ns3:TrackPointExtension>
            <ns3:hr>189</ns3:hr>
            <ns3:cad>94</ns3:cad>
          </ns3:TrackPointExtension>
        </extensions>
      </trkpt>
      <trkpt lat="39.87031457014381885528564453125" lon="124.14618984796106815338134765625">
        <ele>-2.2000000476837158203125</ele>
        <time>2026-10-06T12:13:42.000Z</time>
        <extensions>
          <ns3:TrackPointExtension>
            <ns3:hr>189</ns3:hr>
            <ns3:cad>93</ns3:cad>
          </ns3:TrackPointExtension>
        </extensions>
      </trkpt>
      <trkpt lat="39.87033653073012828826904296875" lon="124.1462274827063083648681640625">
        <ele>-2.400000095367431640625</ele>
        <time>2026-10-06T12:13:43.000Z</time>
        <extensions>
          <ns3:TrackPointExtension>
            <ns3:hr>189</ns3:hr>
            <ns3:cad>93</ns3:cad>
          </ns3:TrackPointExtension>
        </extensions>
      </trkpt>
      <trkpt lat="39.87035882659256458282470703125" lon="124.14626897312700748443603515625">
        <ele>-2.400000095367431640625</ele>
        <time>2026-10-06T12:13:44.000Z</time>
        <extensions>
          <ns3:TrackPointExtension>
            <ns3:hr>190</ns3:hr>
            <ns3:cad>93</ns3:cad>
          </ns3:TrackPointExtension>
        </extensions>
      </trkpt>
      <trkpt lat="39.8703830502927303314208984375" lon="124.1463129781186580657958984375">
        <ele>-2.599999904632568359375</ele>
        <time>2026-10-06T12:13:45.000Z</time>
        <extensions>
          <ns3:TrackPointExtension>
            <ns3:hr>190</ns3:hr>
            <ns3:cad>93</ns3:cad>
          </ns3:TrackPointExtension>
        </extensions>
      </trkpt>
      <trkpt lat="39.87040157429873943328857421875" lon="124.14635228924453258514404296875">
        <ele>-2.599999904632568359375</ele>
        <time>2026-10-06T12:13:46.000Z</time>
        <extensions>
          <ns3:TrackPointExtension>
            <ns3:hr>190</ns3:hr>
            <ns3:cad>93</ns3:cad>
          </ns3:TrackPointExtension>
        </extensions>
      </trkpt>
      <trkpt lat="39.8704088665544986724853515625" lon="124.14640593342483043670654296875">
        <ele>-2.599999904632568359375</ele>
        <time>2026-10-06T12:13:47.000Z</time>
        <extensions>
          <ns3:TrackPointExtension>
            <ns3:hr>190</ns3:hr>
            <ns3:cad>98</ns3:cad>
          </ns3:TrackPointExtension>
        </extensions>
      </trkpt>
      <trkpt lat="39.87042638473212718963623046875" lon="124.14644516073167324066162109375">
        <ele>-2.400000095367431640625</ele>
        <time>2026-10-06T12:13:48.000Z</time>
        <extensions>
          <ns3:TrackPointExtension>
            <ns3:hr>190</ns3:hr>
            <ns3:cad>98</ns3:cad>
          </ns3:TrackPointExtension>
        </extensions>
      </trkpt>
      <trkpt lat="39.87044549547135829925537109375" lon="124.14650919847190380096435546875">
        <ele>-2.400000095367431640625</ele>
        <time>2026-10-06T12:13:49.000Z</time>
        <extensions>
          <ns3:TrackPointExtension>
            <ns3:hr>190</ns3:hr>
            <ns3:cad>98</ns3:cad>
          </ns3:TrackPointExtension>
        </extensions>
      </trkpt>
      <trkpt lat="39.87046209163963794708251953125" lon="124.1465520299971103668212890625">
        <ele>-2.2000000476837158203125</ele>
        <time>2026-10-06T12:13:50.000Z</time>
        <extensions>
          <ns3:TrackPointExtension>
            <ns3:hr>190</ns3:hr>
            <ns3:cad>96</ns3:cad>
          </ns3:TrackPointExtension>
        </extensions>
      </trkpt>
      <trkpt lat="39.870473407208919525146484375" lon="124.14659737609326839447021484375">
        <ele>-2.2000000476837158203125</ele>
        <time>2026-10-06T12:13:51.000Z</time>
        <extensions>
          <ns3:TrackPointExtension>
            <ns3:hr>190</ns3:hr>
            <ns3:cad>94</ns3:cad>
          </ns3:TrackPointExtension>
        </extensions>
      </trkpt>
      <trkpt lat="39.87049050629138946533203125" lon="124.14665780961513519287109375">
        <ele>-2</ele>
        <time>2026-10-06T12:13:52.000Z</time>
        <extensions>
          <ns3:TrackPointExtension>
            <ns3:hr>189</ns3:hr>
            <ns3:cad>94</ns3:cad>
          </ns3:TrackPointExtension>
        </extensions>
      </trkpt>
      <trkpt lat="39.87051020376384258270263671875" lon="124.14669343270361423492431640625">
        <ele>-2</ele>
        <time>2026-10-06T12:13:53.000Z</time>
        <extensions>
          <ns3:TrackPointExtension>
            <ns3:hr>190</ns3:hr>
            <ns3:cad>95</ns3:cad>
          </ns3:TrackPointExtension>
        </extensions>
      </trkpt>
      <trkpt lat="39.8705295659601688385009765625" lon="124.1467456519603729248046875">
        <ele>-2</ele>
        <time>2026-10-06T12:13:54.000Z</time>
        <extensions>
          <ns3:TrackPointExtension>
            <ns3:hr>190</ns3:hr>
            <ns3:cad>95</ns3:cad>
          </ns3:TrackPointExtension>
        </extensions>
      </trkpt>
      <trkpt lat="39.8705503530800342559814453125" lon="124.14678161032497882843017578125">
        <ele>-2</ele>
        <time>2026-10-06T12:13:55.000Z</time>
        <extensions>
          <ns3:TrackPointExtension>
            <ns3:hr>190</ns3:hr>
            <ns3:cad>95</ns3:cad>
          </ns3:TrackPointExtension>
        </extensions>
      </trkpt>
      <trkpt lat="39.87057122401893138885498046875" lon="124.1468314826488494873046875">
        <ele>-1.7999999523162841796875</ele>
        <time>2026-10-06T12:13:56.000Z</time>
        <extensions>
          <ns3:TrackPointExtension>
            <ns3:hr>189</ns3:hr>
            <ns3:cad>95</ns3:cad>
          </ns3:TrackPointExtension>
        </extensions>
      </trkpt>
      <trkpt lat="39.8705902509391307830810546875" lon="124.14687515236437320709228515625">
        <ele>-1.7999999523162841796875</ele>
        <time>2026-10-06T12:13:57.000Z</time>
        <extensions>
          <ns3:TrackPointExtension>
            <ns3:hr>189</ns3:hr>
            <ns3:cad>95</ns3:cad>
          </ns3:TrackPointExtension>
        </extensions>
      </trkpt>
      <trkpt lat="39.87061531282961368560791015625" lon="124.1469251923263072967529296875">
        <ele>-1.7999999523162841796875</ele>
        <time>2026-10-06T12:13:58.000Z</time>
        <extensions>
          <ns3:TrackPointExtension>
            <ns3:hr>189</ns3:hr>
            <ns3:cad>93</ns3:cad>
          </ns3:TrackPointExtension>
        </extensions>
      </trkpt>
      <trkpt lat="39.87063492648303508758544921875" lon="124.14697305299341678619384765625">
        <ele>-1.7999999523162841796875</ele>
        <time>2026-10-06T12:13:59.000Z</time>
        <extensions>
          <ns3:TrackPointExtension>
            <ns3:hr>190</ns3:hr>
            <ns3:cad>93</ns3:cad>
          </ns3:TrackPointExtension>
        </extensions>
      </trkpt>
      <trkpt lat="39.87065437249839305877685546875" lon="124.1470147110521793365478515625">
        <ele>-1.7999999523162841796875</ele>
        <time>2026-10-06T12:14:00.000Z</time>
        <extensions>
          <ns3:TrackPointExtension>
            <ns3:hr>189</ns3:hr>
            <ns3:cad>93</ns3:cad>
          </ns3:TrackPointExtension>
        </extensions>
      </trkpt>
      <trkpt lat="39.87067331559956073760986328125" lon="124.147071205079555511474609375">
        <ele>-2</ele>
        <time>2026-10-06T12:14:01.000Z</time>
        <extensions>
          <ns3:TrackPointExtension>
            <ns3:hr>189</ns3:hr>
            <ns3:cad>93</ns3:cad>
          </ns3:TrackPointExtension>
        </extensions>
      </trkpt>
      <trkpt lat="39.87069695256650447845458984375" lon="124.14711386896669864654541015625">
        <ele>-2</ele>
        <time>2026-10-06T12:14:02.000Z</time>
        <extensions>
          <ns3:TrackPointExtension>
            <ns3:hr>190</ns3:hr>
            <ns3:cad>93</ns3:cad>
          </ns3:TrackPointExtension>
        </extensions>
      </trkpt>
      <trkpt lat="39.8707169853150844573974609375" lon="124.1471629031002521514892578125">
        <ele>-2</ele>
        <time>2026-10-06T12:14:03.000Z</time>
        <extensions>
          <ns3:TrackPointExtension>
            <ns3:hr>190</ns3:hr>
            <ns3:cad>93</ns3:cad>
          </ns3:TrackPointExtension>
        </extensions>
      </trkpt>
      <trkpt lat="39.87073861062526702880859375" lon="124.147211350500583648681640625">
        <ele>-2</ele>
        <time>2026-10-06T12:14:04.000Z</time>
        <extensions>
          <ns3:TrackPointExtension>
            <ns3:hr>191</ns3:hr>
            <ns3:cad>93</ns3:cad>
          </ns3:TrackPointExtension>
        </extensions>
      </trkpt>
      <trkpt lat="39.8707555420696735382080078125" lon="124.14725401438772678375244140625">
        <ele>-2</ele>
        <time>2026-10-06T12:14:05.000Z</time>
        <extensions>
          <ns3:TrackPointExtension>
            <ns3:hr>190</ns3:hr>
            <ns3:cad>93</ns3:cad>
          </ns3:TrackPointExtension>
        </extensions>
      </trkpt>
      <trkpt lat="39.8707723058760166168212890625" lon="124.1473142802715301513671875">
        <ele>-2</ele>
        <time>2026-10-06T12:14:06.000Z</time>
        <extensions>
          <ns3:TrackPointExtension>
            <ns3:hr>190</ns3:hr>
            <ns3:cad>93</ns3:cad>
          </ns3:TrackPointExtension>
        </extensions>
      </trkpt>
      <trkpt lat="39.87079250626266002655029296875" lon="124.1473536752164363861083984375">
        <ele>-2</ele>
        <time>2026-10-06T12:14:07.000Z</time>
        <extensions>
          <ns3:TrackPointExtension>
            <ns3:hr>190</ns3:hr>
            <ns3:cad>93</ns3:cad>
          </ns3:TrackPointExtension>
        </extensions>
      </trkpt>
      <trkpt lat="39.870806671679019927978515625" lon="124.14740522392094135284423828125">
        <ele>-2</ele>
        <time>2026-10-06T12:14:08.000Z</time>
        <extensions>
          <ns3:TrackPointExtension>
            <ns3:hr>191</ns3:hr>
            <ns3:cad>93</ns3:cad>
          </ns3:TrackPointExtension>
        </extensions>
      </trkpt>
      <trkpt lat="39.87082955427467823028564453125" lon="124.1474468819797039031982421875">
        <ele>-2</ele>
        <time>2026-10-06T12:14:09.000Z</time>
        <extensions>
          <ns3:TrackPointExtension>
            <ns3:hr>191</ns3:hr>
            <ns3:cad>93</ns3:cad>
          </ns3:TrackPointExtension>
        </extensions>
      </trkpt>
      <trkpt lat="39.8708480782806873321533203125" lon="124.14750312454998493194580078125">
        <ele>-2</ele>
        <time>2026-10-06T12:14:10.000Z</time>
        <extensions>
          <ns3:TrackPointExtension>
            <ns3:hr>192</ns3:hr>
            <ns3:cad>93</ns3:cad>
          </ns3:TrackPointExtension>
        </extensions>
      </trkpt>
      <trkpt lat="39.8708665184676647186279296875" lon="124.1475504823029041290283203125">
        <ele>-1.7999999523162841796875</ele>
        <time>2026-10-06T12:14:11.000Z</time>
        <extensions>
          <ns3:TrackPointExtension>
            <ns3:hr>192</ns3:hr>
            <ns3:cad>93</ns3:cad>
          </ns3:TrackPointExtension>
        </extensions>
      </trkpt>
      <trkpt lat="39.8708873055875301361083984375" lon="124.1476017795503139495849609375">
        <ele>-1.7999999523162841796875</ele>
        <time>2026-10-06T12:14:12.000Z</time>
        <extensions>
          <ns3:TrackPointExtension>
            <ns3:hr>195</ns3:hr>
            <ns3:cad>93</ns3:cad>
          </ns3:TrackPointExtension>
        </extensions>
      </trkpt>
      <trkpt lat="39.8709077574312686920166015625" lon="124.14765517227351665496826171875">
        <ele>-1.7999999523162841796875</ele>
        <time>2026-10-06T12:14:13.000Z</time>
        <extensions>
          <ns3:TrackPointExtension>
            <ns3:hr>194</ns3:hr>
            <ns3:cad>93</ns3:cad>
          </ns3:TrackPointExtension>
        </extensions>
      </trkpt>
      <trkpt lat="39.87091697752475738525390625" lon="124.147710911929607391357421875">
        <ele>-1.7999999523162841796875</ele>
        <time>2026-10-06T12:14:14.000Z</time>
        <extensions>
          <ns3:TrackPointExtension>
            <ns3:hr>194</ns3:hr>
            <ns3:cad>93</ns3:cad>
          </ns3:TrackPointExtension>
        </extensions>
      </trkpt>
      <trkpt lat="39.87092904746532440185546875" lon="124.14775776676833629608154296875">
        <ele>-1.7999999523162841796875</ele>
        <time>2026-10-06T12:14:15.000Z</time>
        <extensions>
          <ns3:TrackPointExtension>
            <ns3:hr>192</ns3:hr>
            <ns3:cad>93</ns3:cad>
          </ns3:TrackPointExtension>
        </extensions>
      </trkpt>
      <trkpt lat="39.87094153650104999542236328125" lon="124.14778643287718296051025390625">
        <ele>-1.7999999523162841796875</ele>
        <time>2026-10-06T12:14:16.000Z</time>
        <extensions>
          <ns3:TrackPointExtension>
            <ns3:hr>194</ns3:hr>
            <ns3:cad>89</ns3:cad>
          </ns3:TrackPointExtension>
        </extensions>
      </trkpt>
      <trkpt lat="39.870952181518077850341796875" lon="124.147810153663158416748046875">
        <ele>-1.7999999523162841796875</ele>
        <time>2026-10-06T12:14:17.000Z</time>
        <extensions>
          <ns3:TrackPointExtension>
            <ns3:hr>194</ns3:hr>
            <ns3:cad>89</ns3:cad>
          </ns3:TrackPointExtension>
        </extensions>
      </trkpt>
      <trkpt lat="39.8709600605070590972900390625" lon="124.14782482199370861053466796875">
        <ele>-1.7999999523162841796875</ele>
        <time>2026-10-06T12:14:18.000Z</time>
        <extensions>
          <ns3:TrackPointExtension>
            <ns3:hr>193</ns3:hr>
            <ns3:cad>89</ns3:cad>
          </ns3:TrackPointExtension>
        </extensions>
      </trkpt>
      <trkpt lat="39.870968274772167205810546875" lon="124.14783060550689697265625">
        <ele>-2</ele>
        <time>2026-10-06T12:14:19.000Z</time>
        <extensions>
          <ns3:TrackPointExtension>
            <ns3:hr>193</ns3:hr>
            <ns3:cad>89</ns3:cad>
          </ns3:TrackPointExtension>
        </extensions>
      </trkpt>
      <trkpt lat="39.8709731362760066986083984375" lon="124.1478280909359455108642578125">
        <ele>-2</ele>
        <time>2026-10-06T12:14:20.000Z</time>
        <extensions>
          <ns3:TrackPointExtension>
            <ns3:hr>192</ns3:hr>
            <ns3:cad>89</ns3:cad>
          </ns3:TrackPointExtension>
        </extensions>
      </trkpt>
      <trkpt lat="39.87097674049437046051025390625" lon="124.14782901294529438018798828125">
        <ele>-2</ele>
        <time>2026-10-06T12:14:21.000Z</time>
        <extensions>
          <ns3:TrackPointExtension>
            <ns3:hr>191</ns3:hr>
            <ns3:cad>0</ns3:cad>
          </ns3:TrackPointExtension>
        </extensions>
      </trkpt>
      <trkpt lat="39.8709821887314319610595703125" lon="124.14784259162843227386474609375">
        <ele>-2.2000000476837158203125</ele>
        <time>2026-10-06T12:14:22.000Z</time>
        <extensions>
          <ns3:TrackPointExtension>
            <ns3:hr>191</ns3:hr>
            <ns3:cad>0</ns3:cad>
          </ns3:TrackPointExtension>
        </extensions>
      </trkpt>
      <trkpt lat="39.87098813988268375396728515625" lon="124.147863127291202545166015625">
        <ele>-2.2000000476837158203125</ele>
        <time>2026-10-06T12:14:23.000Z</time>
        <extensions>
          <ns3:TrackPointExtension>
            <ns3:hr>191</ns3:hr>
            <ns3:cad>0</ns3:cad>
          </ns3:TrackPointExtension>
        </extensions>
      </trkpt>
      <trkpt lat="39.87099434249103069305419921875" lon="124.14787955582141876220703125">
        <ele>-2.2000000476837158203125</ele>
        <time>2026-10-06T12:14:24.000Z</time>
        <extensions>
          <ns3:TrackPointExtension>
            <ns3:hr>189</ns3:hr>
            <ns3:cad>0</ns3:cad>
          </ns3:TrackPointExtension>
        </extensions>
      </trkpt>
      <trkpt lat="39.87099987454712390899658203125" lon="124.1478909552097320556640625">
        <ele>-2.2000000476837158203125</ele>
        <time>2026-10-06T12:14:25.000Z</time>
        <extensions>
          <ns3:TrackPointExtension>
            <ns3:hr>189</ns3:hr>
            <ns3:cad>0</ns3:cad>
          </ns3:TrackPointExtension>
        </extensions>
      </trkpt>
      <trkpt lat="39.871001802384853363037109375" lon="124.147894643247127532958984375">
        <ele>-2.2000000476837158203125</ele>
        <time>2026-10-06T12:14:26.000Z</time>
        <extensions>
          <ns3:TrackPointExtension>
            <ns3:hr>189</ns3:hr>
            <ns3:cad>50</ns3:cad>
          </ns3:TrackPointExtension>
        </extensions>
      </trkpt>
      <trkpt lat="39.87099534831941127777099609375" lon="124.14788936264812946319580078125">
        <ele>-2.2000000476837158203125</ele>
        <time>2026-10-06T12:14:27.000Z</time>
        <extensions>
          <ns3:TrackPointExtension>
            <ns3:hr>189</ns3:hr>
            <ns3:cad>50</ns3:cad>
          </ns3:TrackPointExtension>
        </extensions>
      </trkpt>
      <trkpt lat="39.87099207937717437744140625" lon="124.14787821471691131591796875">
        <ele>-2</ele>
        <time>2026-10-06T12:14:28.000Z</time>
        <extensions>
          <ns3:TrackPointExtension>
            <ns3:hr>187</ns3:hr>
            <ns3:cad>50</ns3:cad>
          </ns3:TrackPointExtension>
        </extensions>
      </trkpt>
      <trkpt lat="39.87098813988268375396728515625" lon="124.1478716768324375152587890625">
        <ele>-2.2000000476837158203125</ele>
        <time>2026-10-06T12:14:29.000Z</time>
        <extensions>
          <ns3:TrackPointExtension>
            <ns3:hr>185</ns3:hr>
            <ns3:cad>0</ns3:cad>
          </ns3:TrackPointExtension>
        </extensions>
      </trkpt>
      <trkpt lat="39.8709828592836856842041015625" lon="124.14785751141607761383056640625">
        <ele>-2.2000000476837158203125</ele>
        <time>2026-10-06T12:14:30.000Z</time>
        <extensions>
          <ns3:TrackPointExtension>
            <ns3:hr>184</ns3:hr>
            <ns3:cad>0</ns3:cad>
          </ns3:TrackPointExtension>
        </extensions>
      </trkpt>
      <trkpt lat="39.8709788359701633453369140625" lon="124.1478408314287662506103515625">
        <ele>-2.400000095367431640625</ele>
        <time>2026-10-06T12:14:31.000Z</time>
        <extensions>
          <ns3:TrackPointExtension>
            <ns3:hr>181</ns3:hr>
            <ns3:cad>0</ns3:cad>
          </ns3:TrackPointExtension>
        </extensions>
      </trkpt>
      <trkpt lat="39.87097523175179958343505859375" lon="124.14782716892659664154052734375">
        <ele>-2.400000095367431640625</ele>
        <time>2026-10-06T12:14:32.000Z</time>
        <extensions>
          <ns3:TrackPointExtension>
            <ns3:hr>179</ns3:hr>
            <ns3:cad>0</ns3:cad>
          </ns3:TrackPointExtension>
        </extensions>
      </trkpt>
      <trkpt lat="39.8709805123507976531982421875" lon="124.14782666601240634918212890625">
        <ele>-2.599999904632568359375</ele>
        <time>2026-10-06T12:14:33.000Z</time>
        <extensions>
          <ns3:TrackPointExtension>
            <ns3:hr>177</ns3:hr>
            <ns3:cad>0</ns3:cad>
          </ns3:TrackPointExtension>
        </extensions>
      </trkpt>
      <trkpt lat="39.87098411656916141510009765625" lon="124.14782817475497722625732421875">
        <ele>-2.599999904632568359375</ele>
        <time>2026-10-06T12:14:34.000Z</time>
        <extensions>
          <ns3:TrackPointExtension>
            <ns3:hr>174</ns3:hr>
            <ns3:cad>0</ns3:cad>
          </ns3:TrackPointExtension>
        </extensions>
      </trkpt>
      <trkpt lat="39.8709899000823497772216796875" lon="124.14784225635230541229248046875">
        <ele>-2.599999904632568359375</ele>
        <time>2026-10-06T12:14:35.000Z</time>
        <extensions>
          <ns3:TrackPointExtension>
            <ns3:hr>172</ns3:hr>
            <ns3:cad>46</ns3:cad>
          </ns3:TrackPointExtension>
        </extensions>
      </trkpt>
      <trkpt lat="39.870993085205554962158203125" lon="124.14785030297935009002685546875">
        <ele>-2.7999999523162841796875</ele>
        <time>2026-10-06T12:14:36.000Z</time>
        <extensions>
          <ns3:TrackPointExtension>
            <ns3:hr>171</ns3:hr>
            <ns3:cad>46</ns3:cad>
          </ns3:TrackPointExtension>
        </extensions>
      </trkpt>
      <trkpt lat="39.870991744101047515869140625" lon="124.14785231463611125946044921875">
        <ele>-2.7999999523162841796875</ele>
        <time>2026-10-06T12:14:37.000Z</time>
        <extensions>
          <ns3:TrackPointExtension>
            <ns3:hr>169</ns3:hr>
            <ns3:cad>0</ns3:cad>
          </ns3:TrackPointExtension>
        </extensions>
      </trkpt>
      <trkpt lat="39.87098679877817630767822265625" lon="124.1478445194661617279052734375">
        <ele>-2.7999999523162841796875</ele>
        <time>2026-10-06T12:14:38.000Z</time>
        <extensions>
          <ns3:TrackPointExtension>
            <ns3:hr>168</ns3:hr>
            <ns3:cad>0</ns3:cad>
          </ns3:TrackPointExtension>
        </extensions>
      </trkpt>
      <trkpt lat="39.87098093144595623016357421875" lon="124.147831611335277557373046875">
        <ele>-2.7999999523162841796875</ele>
        <time>2026-10-06T12:14:39.000Z</time>
        <extensions>
          <ns3:TrackPointExtension>
            <ns3:hr>165</ns3:hr>
            <ns3:cad>0</ns3:cad>
          </ns3:TrackPointExtension>
        </extensions>
      </trkpt>
      <trkpt lat="39.87097606994211673736572265625" lon="124.14782079868018627166748046875">
        <ele>-2.7999999523162841796875</ele>
        <time>2026-10-06T12:14:40.000Z</time>
        <extensions>
          <ns3:TrackPointExtension>
            <ns3:hr>163</ns3:hr>
            <ns3:cad>40</ns3:cad>
          </ns3:TrackPointExtension>
        </extensions>
      </trkpt>
      <trkpt lat="39.87097104080021381378173828125" lon="124.14781174622476100921630859375">
        <ele>-2.7999999523162841796875</ele>
        <time>2026-10-06T12:14:41.000Z</time>
        <extensions>
          <ns3:TrackPointExtension>
            <ns3:hr>160</ns3:hr>
            <ns3:cad>40</ns3:cad>
          </ns3:TrackPointExtension>
        </extensions>
      </trkpt>
      <trkpt lat="39.87096726894378662109375" lon="124.14781174622476100921630859375">
        <ele>-2.7999999523162841796875</ele>
        <time>2026-10-06T12:14:42.000Z</time>
        <extensions>
          <ns3:TrackPointExtension>
            <ns3:hr>159</ns3:hr>
            <ns3:cad>40</ns3:cad>
          </ns3:TrackPointExtension>
        </extensions>
      </trkpt>
      <trkpt lat="39.87096450291574001312255859375" lon="124.14780051447451114654541015625">
        <ele>-2.7999999523162841796875</ele>
        <time>2026-10-06T12:14:43.000Z</time>
        <extensions>
          <ns3:TrackPointExtension>
            <ns3:hr>157</ns3:hr>
            <ns3:cad>40</ns3:cad>
          </ns3:TrackPointExtension>
        </extensions>
      </trkpt>
      <trkpt lat="39.8709603957831859588623046875" lon="124.14778274483978748321533203125">
        <ele>-2.7999999523162841796875</ele>
        <time>2026-10-06T12:14:44.000Z</time>
        <extensions>
          <ns3:TrackPointExtension>
            <ns3:hr>156</ns3:hr>
            <ns3:cad>0</ns3:cad>
          </ns3:TrackPointExtension>
        </extensions>
      </trkpt>
      <trkpt lat="39.870954193174839019775390625" lon="124.1477593593299388885498046875">
        <ele>-2.7999999523162841796875</ele>
        <time>2026-10-06T12:14:45.000Z</time>
        <extensions>
          <ns3:TrackPointExtension>
            <ns3:hr>155</ns3:hr>
            <ns3:cad>0</ns3:cad>
          </ns3:TrackPointExtension>
        </extensions>
      </trkpt>
      <trkpt lat="39.87094924785196781158447265625" lon="124.147741757333278656005859375">
        <ele>-2.7999999523162841796875</ele>
        <time>2026-10-06T12:14:46.000Z</time>
        <extensions>
          <ns3:TrackPointExtension>
            <ns3:hr>154</ns3:hr>
            <ns3:cad>0</ns3:cad>
          </ns3:TrackPointExtension>
        </extensions>
      </trkpt>
      <trkpt lat="39.87094706855714321136474609375" lon="124.14773597382009029388427734375">
        <ele>-2.7999999523162841796875</ele>
        <time>2026-10-06T12:14:47.000Z</time>
        <extensions>
          <ns3:TrackPointExtension>
            <ns3:hr>153</ns3:hr>
            <ns3:cad>48</ns3:cad>
          </ns3:TrackPointExtension>
        </extensions>
      </trkpt>
      <trkpt lat="39.8709446378052234649658203125" lon="124.14773295633494853973388671875">
        <ele>-3</ele>
        <time>2026-10-06T12:14:48.000Z</time>
        <extensions>
          <ns3:TrackPointExtension>
            <ns3:hr>152</ns3:hr>
            <ns3:cad>49</ns3:cad>
          </ns3:TrackPointExtension>
        </extensions>
      </trkpt>
      <trkpt lat="39.87094304524362087249755859375" lon="124.1477191261947154998779296875">
        <ele>-2.7999999523162841796875</ele>
        <time>2026-10-06T12:14:49.000Z</time>
        <extensions>
          <ns3:TrackPointExtension>
            <ns3:hr>152</ns3:hr>
            <ns3:cad>50</ns3:cad>
          </ns3:TrackPointExtension>
        </extensions>
      </trkpt>
      <trkpt lat="39.8709379322826862335205078125" lon="124.14770881645381450653076171875">
        <ele>-2.7999999523162841796875</ele>
        <time>2026-10-06T12:14:50.000Z</time>
        <extensions>
          <ns3:TrackPointExtension>
            <ns3:hr>152</ns3:hr>
            <ns3:cad>51</ns3:cad>
          </ns3:TrackPointExtension>
        </extensions>
      </trkpt>
      <trkpt lat="39.87093030475080013275146484375" lon="124.14769372902810573577880859375">
        <ele>-2.7999999523162841796875</ele>
        <time>2026-10-06T12:14:51.000Z</time>
        <extensions>
          <ns3:TrackPointExtension>
            <ns3:hr>151</ns3:hr>
            <ns3:cad>50</ns3:cad>
          </ns3:TrackPointExtension>
        </extensions>
      </trkpt>
      <trkpt lat="39.8709235154092311859130859375" lon="124.14767445065081119537353515625">
        <ele>-2.7999999523162841796875</ele>
        <time>2026-10-06T12:14:52.000Z</time>
        <extensions>
          <ns3:TrackPointExtension>
            <ns3:hr>151</ns3:hr>
            <ns3:cad>0</ns3:cad>
          </ns3:TrackPointExtension>
        </extensions>
      </trkpt>
      <trkpt lat="39.87091756425797939300537109375" lon="124.1476574353873729705810546875">
        <ele>-2.7999999523162841796875</ele>
        <time>2026-10-06T12:14:53.000Z</time>
        <extensions>
          <ns3:TrackPointExtension>
            <ns3:hr>151</ns3:hr>
            <ns3:cad>0</ns3:cad>
          </ns3:TrackPointExtension>
        </extensions>
      </trkpt>
      <trkpt lat="39.8709122836589813232421875" lon="124.1476450301706790924072265625">
        <ele>-3</ele>
        <time>2026-10-06T12:14:54.000Z</time>
        <extensions>
          <ns3:TrackPointExtension>
            <ns3:hr>151</ns3:hr>
            <ns3:cad>0</ns3:cad>
          </ns3:TrackPointExtension>
        </extensions>
      </trkpt>
      <trkpt lat="39.87090893089771270751953125" lon="124.147636480629444122314453125">
        <ele>-3</ele>
        <time>2026-10-06T12:14:55.000Z</time>
        <extensions>
          <ns3:TrackPointExtension>
            <ns3:hr>151</ns3:hr>
            <ns3:cad>51</ns3:cad>
          </ns3:TrackPointExtension>
        </extensions>
      </trkpt>
      <trkpt lat="39.870905242860317230224609375" lon="124.147630445659160614013671875">
        <ele>-3</ele>
        <time>2026-10-06T12:14:56.000Z</time>
        <extensions>
          <ns3:TrackPointExtension>
            <ns3:hr>150</ns3:hr>
            <ns3:cad>51</ns3:cad>
          </ns3:TrackPointExtension>
        </extensions>
      </trkpt>
      <trkpt lat="39.870900213718414306640625" lon="124.14762315340340137481689453125">
        <ele>-3</ele>
        <time>2026-10-06T12:14:57.000Z</time>
        <extensions>
          <ns3:TrackPointExtension>
            <ns3:hr>150</ns3:hr>
            <ns3:cad>51</ns3:cad>
          </ns3:TrackPointExtension>
        </extensions>
      </trkpt>
      <trkpt lat="39.87089560367166996002197265625" lon="124.14761108346283435821533203125">
        <ele>-3.2000000476837158203125</ele>
        <time>2026-10-06T12:14:58.000Z</time>
        <extensions>
          <ns3:TrackPointExtension>
            <ns3:hr>148</ns3:hr>
            <ns3:cad>51</ns3:cad>
          </ns3:TrackPointExtension>
        </extensions>
      </trkpt>
      <trkpt lat="39.87088839523494243621826171875" lon="124.14759482257068157196044921875">
        <ele>-3.2000000476837158203125</ele>
        <time>2026-10-06T12:14:59.000Z</time>
        <extensions>
          <ns3:TrackPointExtension>
            <ns3:hr>147</ns3:hr>
            <ns3:cad>51</ns3:cad>
          </ns3:TrackPointExtension>
        </extensions>
      </trkpt>
      <trkpt lat="39.870883114635944366455078125" lon="124.14757772348821163177490234375">
        <ele>-3.2000000476837158203125</ele>
        <time>2026-10-06T12:15:00.000Z</time>
        <extensions>
          <ns3:TrackPointExtension>
            <ns3:hr>146</ns3:hr>
            <ns3:cad>53</ns3:cad>
          </ns3:TrackPointExtension>
        </extensions>
      </trkpt>
      <trkpt lat="39.87087599001824855804443359375" lon="124.14756163023412227630615234375">
        <ele>-3.2000000476837158203125</ele>
        <time>2026-10-06T12:15:01.000Z</time>
        <extensions>
          <ns3:TrackPointExtension>
            <ns3:hr>146</ns3:hr>
            <ns3:cad>53</ns3:cad>
          </ns3:TrackPointExtension>
        </extensions>
      </trkpt>
      <trkpt lat="39.87086995504796504974365234375" lon="124.14755123667418956756591796875">
        <ele>-3.2000000476837158203125</ele>
        <time>2026-10-06T12:15:02.000Z</time>
        <extensions>
          <ns3:TrackPointExtension>
            <ns3:hr>148</ns3:hr>
            <ns3:cad>52</ns3:cad>
          </ns3:TrackPointExtension>
        </extensions>
      </trkpt>
      <trkpt lat="39.87086626701056957244873046875" lon="124.1475427709519863128662109375">
        <ele>-3.2000000476837158203125</ele>
        <time>2026-10-06T12:15:03.000Z</time>
        <extensions>
          <ns3:TrackPointExtension>
            <ns3:hr>150</ns3:hr>
            <ns3:cad>52</ns3:cad>
          </ns3:TrackPointExtension>
        </extensions>
      </trkpt>
      <trkpt lat="39.8708640038967132568359375" lon="124.14753531105816364288330078125">
        <ele>-3.2000000476837158203125</ele>
        <time>2026-10-06T12:15:04.000Z</time>
        <extensions>
          <ns3:TrackPointExtension>
            <ns3:hr>150</ns3:hr>
            <ns3:cad>52</ns3:cad>
          </ns3:TrackPointExtension>
        </extensions>
      </trkpt>
      <trkpt lat="39.87086190842092037200927734375" lon="124.14752827025949954986572265625">
        <ele>-3.2000000476837158203125</ele>
        <time>2026-10-06T12:15:05.000Z</time>
        <extensions>
          <ns3:TrackPointExtension>
            <ns3:hr>148</ns3:hr>
            <ns3:cad>52</ns3:cad>
          </ns3:TrackPointExtension>
        </extensions>
      </trkpt>
      <trkpt lat="39.87085738219320774078369140625" lon="124.14751879870891571044921875">
        <ele>-3.2000000476837158203125</ele>
        <time>2026-10-06T12:15:06.000Z</time>
        <extensions>
          <ns3:TrackPointExtension>
            <ns3:hr>146</ns3:hr>
            <ns3:cad>52</ns3:cad>
          </ns3:TrackPointExtension>
        </extensions>
      </trkpt>
      <trkpt lat="39.8708544485270977020263671875" lon="124.14750806987285614013671875">
        <ele>-3.2000000476837158203125</ele>
        <time>2026-10-06T12:15:07.000Z</time>
        <extensions>
          <ns3:TrackPointExtension>
            <ns3:hr>143</ns3:hr>
            <ns3:cad>53</ns3:cad>
          </ns3:TrackPointExtension>
        </extensions>
      </trkpt>
      <trkpt lat="39.87085034139454364776611328125" lon="124.1474954970180988311767578125">
        <ele>-3.400000095367431640625</ele>
        <time>2026-10-06T12:15:08.000Z</time>
        <extensions>
          <ns3:TrackPointExtension>
            <ns3:hr>142</ns3:hr>
            <ns3:cad>55</ns3:cad>
          </ns3:TrackPointExtension>
        </extensions>
      </trkpt>
      <trkpt lat="39.8708450607955455780029296875" lon="124.14747848175466060638427734375">
        <ele>-3.400000095367431640625</ele>
        <time>2026-10-06T12:15:09.000Z</time>
        <extensions>
          <ns3:TrackPointExtension>
            <ns3:hr>141</ns3:hr>
            <ns3:cad>55</ns3:cad>
          </ns3:TrackPointExtension>
        </extensions>
      </trkpt>
      <trkpt lat="39.87083726562559604644775390625" lon="124.14746255613863468170166015625">
        <ele>-3.400000095367431640625</ele>
        <time>2026-10-06T12:15:10.000Z</time>
        <extensions>
          <ns3:TrackPointExtension>
            <ns3:hr>141</ns3:hr>
            <ns3:cad>55</ns3:cad>
          </ns3:TrackPointExtension>
        </extensions>
      </trkpt>
      <trkpt lat="39.87083114683628082275390625" lon="124.1474465467035770416259765625">
        <ele>-3.400000095367431640625</ele>
        <time>2026-10-06T12:15:11.000Z</time>
        <extensions>
          <ns3:TrackPointExtension>
            <ns3:hr>140</ns3:hr>
            <ns3:cad>55</ns3:cad>
          </ns3:TrackPointExtension>
        </extensions>
      </trkpt>
      <trkpt lat="39.87082620151340961456298828125" lon="124.14743573404848575592041015625">
        <ele>-3.400000095367431640625</ele>
        <time>2026-10-06T12:15:12.000Z</time>
        <extensions>
          <ns3:TrackPointExtension>
            <ns3:hr>140</ns3:hr>
            <ns3:cad>55</ns3:cad>
          </ns3:TrackPointExtension>
        </extensions>
      </trkpt>
      <trkpt lat="39.87082167528569698333740234375" lon="124.1474254243075847625732421875">
        <ele>-3.400000095367431640625</ele>
        <time>2026-10-06T12:15:13.000Z</time>
        <extensions>
          <ns3:TrackPointExtension>
            <ns3:hr>141</ns3:hr>
            <ns3:cad>55</ns3:cad>
          </ns3:TrackPointExtension>
        </extensions>
      </trkpt>
      <trkpt lat="39.870818071067333221435546875" lon="124.14741561748087406158447265625">
        <ele>-3.400000095367431640625</ele>
        <time>2026-10-06T12:15:14.000Z</time>
        <extensions>
          <ns3:TrackPointExtension>
            <ns3:hr>139</ns3:hr>
            <ns3:cad>53</ns3:cad>
          </ns3:TrackPointExtension>
        </extensions>
      </trkpt>
      <trkpt lat="39.870816729962825775146484375" lon="124.147408492863178253173828125">
        <ele>-3.400000095367431640625</ele>
        <time>2026-10-06T12:15:15.000Z</time>
        <extensions>
          <ns3:TrackPointExtension>
            <ns3:hr>138</ns3:hr>
            <ns3:cad>53</ns3:cad>
          </ns3:TrackPointExtension>
        </extensions>
      </trkpt>
      <trkpt lat="39.87081429921090602874755859375" lon="124.1473949141800403594970703125">
        <ele>-3.400000095367431640625</ele>
        <time>2026-10-06T12:15:16.000Z</time>
        <extensions>
          <ns3:TrackPointExtension>
            <ns3:hr>138</ns3:hr>
            <ns3:cad>53</ns3:cad>
          </ns3:TrackPointExtension>
        </extensions>
      </trkpt>
      <trkpt lat="39.87081144936382770538330078125" lon="124.14738594554364681243896484375">
        <ele>-3.400000095367431640625</ele>
        <time>2026-10-06T12:15:17.000Z</time>
        <extensions>
          <ns3:TrackPointExtension>
            <ns3:hr>137</ns3:hr>
            <ns3:cad>53</ns3:cad>
          </ns3:TrackPointExtension>
        </extensions>
      </trkpt>
      <trkpt lat="39.8708028160035610198974609375" lon="124.1473707742989063262939453125">
        <ele>-3.400000095367431640625</ele>
        <time>2026-10-06T12:15:18.000Z</time>
        <extensions>
          <ns3:TrackPointExtension>
            <ns3:hr>136</ns3:hr>
            <ns3:cad>53</ns3:cad>
          </ns3:TrackPointExtension>
        </extensions>
      </trkpt>
      <trkpt lat="39.8707971163094043731689453125" lon="124.14735459722578525543212890625">
        <ele>-3.400000095367431640625</ele>
        <time>2026-10-06T12:15:19.000Z</time>
        <extensions>
          <ns3:TrackPointExtension>
            <ns3:hr>136</ns3:hr>
            <ns3:cad>53</ns3:cad>
          </ns3:TrackPointExtension>
        </extensions>
      </trkpt>
      <trkpt lat="39.870791248977184295654296875" lon="124.14733950980007648468017578125">
        <ele>-3.400000095367431640625</ele>
        <time>2026-10-06T12:15:20.000Z</time>
        <extensions>
          <ns3:TrackPointExtension>
            <ns3:hr>135</ns3:hr>
            <ns3:cad>53</ns3:cad>
          </ns3:TrackPointExtension>
        </extensions>
      </trkpt>
      <trkpt lat="39.8707867227494716644287109375" lon="124.1473295353353023529052734375">
        <ele>-3.400000095367431640625</ele>
        <time>2026-10-06T12:15:21.000Z</time>
        <extensions>
          <ns3:TrackPointExtension>
            <ns3:hr>135</ns3:hr>
            <ns3:cad>53</ns3:cad>
          </ns3:TrackPointExtension>
        </extensions>
      </trkpt>
      <trkpt lat="39.87078429199755191802978515625" lon="124.147321321070194244384765625">
        <ele>-3.599999904632568359375</ele>
        <time>2026-10-06T12:15:22.000Z</time>
        <extensions>
          <ns3:TrackPointExtension>
            <ns3:hr>135</ns3:hr>
            <ns3:cad>0</ns3:cad>
          </ns3:TrackPointExtension>
        </extensions>
      </trkpt>
      <trkpt lat="39.8707823641598224639892578125" lon="124.14731226861476898193359375">
        <ele>-3.599999904632568359375</ele>
        <time>2026-10-06T12:15:23.000Z</time>
        <extensions>
          <ns3:TrackPointExtension>
            <ns3:hr>134</ns3:hr>
            <ns3:cad>0</ns3:cad>
          </ns3:TrackPointExtension>
        </extensions>
      </trkpt>
      <trkpt lat="39.870779179036617279052734375" lon="124.14730112068355083465576171875">
        <ele>-3.599999904632568359375</ele>
        <time>2026-10-06T12:15:24.000Z</time>
        <extensions>
          <ns3:TrackPointExtension>
            <ns3:hr>133</ns3:hr>
            <ns3:cad>51</ns3:cad>
          </ns3:TrackPointExtension>
        </extensions>
      </trkpt>
      <trkpt lat="39.87077641300857067108154296875" lon="124.14728938601911067962646484375">
        <ele>-3.599999904632568359375</ele>
        <time>2026-10-06T12:15:25.000Z</time>
        <extensions>
          <ns3:TrackPointExtension>
            <ns3:hr>132</ns3:hr>
            <ns3:cad>51</ns3:cad>
          </ns3:TrackPointExtension>
        </extensions>
      </trkpt>
      <trkpt lat="39.87077272497117519378662109375" lon="124.1472740471363067626953125">
        <ele>-3.599999904632568359375</ele>
        <time>2026-10-06T12:15:26.000Z</time>
        <extensions>
          <ns3:TrackPointExtension>
            <ns3:hr>132</ns3:hr>
            <ns3:cad>50</ns3:cad>
          </ns3:TrackPointExtension>
        </extensions>
      </trkpt>
      <trkpt lat="39.87076585181057453155517578125" lon="124.1472591273486614227294921875">
        <ele>-3.599999904632568359375</ele>
        <time>2026-10-06T12:15:27.000Z</time>
        <extensions>
          <ns3:TrackPointExtension>
            <ns3:hr>132</ns3:hr>
            <ns3:cad>50</ns3:cad>
          </ns3:TrackPointExtension>
        </extensions>
      </trkpt>
      <trkpt lat="39.87075881101191043853759765625" lon="124.147246219217777252197265625">
        <ele>-3.599999904632568359375</ele>
        <time>2026-10-06T12:15:28.000Z</time>
        <extensions>
          <ns3:TrackPointExtension>
            <ns3:hr>132</ns3:hr>
            <ns3:cad>55</ns3:cad>
          </ns3:TrackPointExtension>
        </extensions>
      </trkpt>
      <trkpt lat="39.8707540333271026611328125" lon="124.14723624475300312042236328125">
        <ele>-3.599999904632568359375</ele>
        <time>2026-10-06T12:15:29.000Z</time>
        <extensions>
          <ns3:TrackPointExtension>
            <ns3:hr>133</ns3:hr>
            <ns3:cad>55</ns3:cad>
          </ns3:TrackPointExtension>
        </extensions>
      </trkpt>
      <trkpt lat="39.870749004185199737548828125" lon="124.14722668938338756561279296875">
        <ele>-3.599999904632568359375</ele>
        <time>2026-10-06T12:15:30.000Z</time>
        <extensions>
          <ns3:TrackPointExtension>
            <ns3:hr>134</ns3:hr>
            <ns3:cad>52</ns3:cad>
          </ns3:TrackPointExtension>
        </extensions>
      </trkpt>
      <trkpt lat="39.87074799835681915283203125" lon="124.14722115732729434967041015625">
        <ele>-3.400000095367431640625</ele>
        <time>2026-10-06T12:15:31.000Z</time>
        <extensions>
          <ns3:TrackPointExtension>
            <ns3:hr>133</ns3:hr>
            <ns3:cad>0</ns3:cad>
          </ns3:TrackPointExtension>
        </extensions>
      </trkpt>
      <trkpt lat="39.870741628110408782958984375" lon="124.14721026085317134857177734375">
        <ele>-3.599999904632568359375</ele>
        <time>2026-10-06T12:15:32.000Z</time>
        <extensions>
          <ns3:TrackPointExtension>
            <ns3:hr>132</ns3:hr>
            <ns3:cad>0</ns3:cad>
          </ns3:TrackPointExtension>
        </extensions>
      </trkpt>
      <trkpt lat="39.87073785625398159027099609375" lon="124.1471984423696994781494140625">
        <ele>-3.599999904632568359375</ele>
        <time>2026-10-06T12:15:33.000Z</time>
        <extensions>
          <ns3:TrackPointExtension>
            <ns3:hr>131</ns3:hr>
            <ns3:cad>0</ns3:cad>
          </ns3:TrackPointExtension>
        </extensions>
      </trkpt>
      <trkpt lat="39.8707334138453006744384765625" lon="124.1471826843917369842529296875">
        <ele>-3.599999904632568359375</ele>
        <time>2026-10-06T12:15:34.000Z</time>
        <extensions>
          <ns3:TrackPointExtension>
            <ns3:hr>130</ns3:hr>
            <ns3:cad>51</ns3:cad>
          </ns3:TrackPointExtension>
        </extensions>
      </trkpt>
      <trkpt lat="39.87072712741792201995849609375" lon="124.1471645794808864593505859375">
        <ele>-3.7999999523162841796875</ele>
        <time>2026-10-06T12:15:35.000Z</time>
        <extensions>
          <ns3:TrackPointExtension>
            <ns3:hr>130</ns3:hr>
            <ns3:cad>51</ns3:cad>
          </ns3:TrackPointExtension>
        </extensions>
      </trkpt>
      <trkpt lat="39.87071975134313106536865234375" lon="124.14714655838906764984130859375">
        <ele>-3.7999999523162841796875</ele>
        <time>2026-10-06T12:15:36.000Z</time>
        <extensions>
          <ns3:TrackPointExtension>
            <ns3:hr>130</ns3:hr>
            <ns3:cad>51</ns3:cad>
          </ns3:TrackPointExtension>
        </extensions>
      </trkpt>
      <trkpt lat="39.8707122914493083953857421875" lon="124.1471307165920734405517578125">
        <ele>-3.7999999523162841796875</ele>
        <time>2026-10-06T12:15:37.000Z</time>
        <extensions>
          <ns3:TrackPointExtension>
            <ns3:hr>132</ns3:hr>
            <ns3:cad>51</ns3:cad>
          </ns3:TrackPointExtension>
        </extensions>
      </trkpt>
      <trkpt lat="39.8707069270312786102294921875" lon="124.147122837603092193603515625">
        <ele>-3.7999999523162841796875</ele>
        <time>2026-10-06T12:15:38.000Z</time>
        <extensions>
          <ns3:TrackPointExtension>
            <ns3:hr>133</ns3:hr>
            <ns3:cad>51</ns3:cad>
          </ns3:TrackPointExtension>
        </extensions>
      </trkpt>
      <trkpt lat="39.87070080824196338653564453125" lon="124.147114790976047515869140625">
        <ele>-3.7999999523162841796875</ele>
        <time>2026-10-06T12:15:39.000Z</time>
        <extensions>
          <ns3:TrackPointExtension>
            <ns3:hr>134</ns3:hr>
            <ns3:cad>52</ns3:cad>
          </ns3:TrackPointExtension>
        </extensions>
      </trkpt>
      <trkpt lat="39.8706945218145847320556640625" lon="124.14711085148155689239501953125">
        <ele>-3.7999999523162841796875</ele>
        <time>2026-10-06T12:15:40.000Z</time>
        <extensions>
          <ns3:TrackPointExtension>
            <ns3:hr>134</ns3:hr>
            <ns3:cad>53</ns3:cad>
          </ns3:TrackPointExtension>
        </extensions>
      </trkpt>
      <trkpt lat="39.87068991176784038543701171875" lon="124.14710179902613162994384765625">
        <ele>-3.7999999523162841796875</ele>
        <time>2026-10-06T12:15:41.000Z</time>
        <extensions>
          <ns3:TrackPointExtension>
            <ns3:hr>132</ns3:hr>
            <ns3:cad>53</ns3:cad>
          </ns3:TrackPointExtension>
        </extensions>
      </trkpt>
      <trkpt lat="39.87068655900657176971435546875" lon="124.14709442295134067535400390625">
        <ele>-3.599999904632568359375</ele>
        <time>2026-10-06T12:15:42.000Z</time>
        <extensions>
          <ns3:TrackPointExtension>
            <ns3:hr>131</ns3:hr>
            <ns3:cad>52</ns3:cad>
          </ns3:TrackPointExtension>
        </extensions>
      </trkpt>
      <trkpt lat="39.870680607855319976806640625" lon="124.14708369411528110504150390625">
        <ele>-3.599999904632568359375</ele>
        <time>2026-10-06T12:15:43.000Z</time>
        <extensions>
          <ns3:TrackPointExtension>
            <ns3:hr>129</ns3:hr>
            <ns3:cad>0</ns3:cad>
          </ns3:TrackPointExtension>
        </extensions>
      </trkpt>
      <trkpt lat="39.8706740699708461761474609375" lon="124.147069863975048065185546875">
        <ele>-3.599999904632568359375</ele>
        <time>2026-10-06T12:15:44.000Z</time>
        <extensions>
          <ns3:TrackPointExtension>
            <ns3:hr>129</ns3:hr>
            <ns3:cad>0</ns3:cad>
          </ns3:TrackPointExtension>
        </extensions>
      </trkpt>
      <trkpt lat="39.87066644243896007537841796875" lon="124.14705502800643444061279296875">
        <ele>-3.599999904632568359375</ele>
        <time>2026-10-06T12:15:45.000Z</time>
        <extensions>
          <ns3:TrackPointExtension>
            <ns3:hr>129</ns3:hr>
            <ns3:cad>0</ns3:cad>
          </ns3:TrackPointExtension>
        </extensions>
      </trkpt>
      <trkpt lat="39.8706614971160888671875" lon="124.14704279042780399322509765625">
        <ele>-3.400000095367431640625</ele>
        <time>2026-10-06T12:15:46.000Z</time>
        <extensions>
          <ns3:TrackPointExtension>
            <ns3:hr>129</ns3:hr>
            <ns3:cad>0</ns3:cad>
          </ns3:TrackPointExtension>
        </extensions>
      </trkpt>
      <trkpt lat="39.8706574738025665283203125" lon="124.14703709073364734649658203125">
        <ele>-3.599999904632568359375</ele>
        <time>2026-10-06T12:15:47.000Z</time>
        <extensions>
          <ns3:TrackPointExtension>
            <ns3:hr>130</ns3:hr>
            <ns3:cad>0</ns3:cad>
          </ns3:TrackPointExtension>
        </extensions>
      </trkpt>
      <trkpt lat="39.87065588124096393585205078125" lon="124.1470287926495075225830078125">
        <ele>-3.599999904632568359375</ele>
        <time>2026-10-06T12:15:48.000Z</time>
        <extensions>
          <ns3:TrackPointExtension>
            <ns3:hr>130</ns3:hr>
            <ns3:cad>0</ns3:cad>
          </ns3:TrackPointExtension>
        </extensions>
      </trkpt>
      <trkpt lat="39.8706516064703464508056640625" lon="124.14701588451862335205078125">
        <ele>-3.599999904632568359375</ele>
        <time>2026-10-06T12:15:49.000Z</time>
        <extensions>
          <ns3:TrackPointExtension>
            <ns3:hr>130</ns3:hr>
            <ns3:cad>0</ns3:cad>
          </ns3:TrackPointExtension>
        </extensions>
      </trkpt>
      <trkpt lat="39.87064565531909465789794921875" lon="124.1469972766935825347900390625">
        <ele>-3.599999904632568359375</ele>
        <time>2026-10-06T12:15:50.000Z</time>
        <extensions>
          <ns3:TrackPointExtension>
            <ns3:hr>129</ns3:hr>
            <ns3:cad>0</ns3:cad>
          </ns3:TrackPointExtension>
        </extensions>
      </trkpt>
      <trkpt lat="39.87064079381525516510009765625" lon="124.14698193781077861785888671875">
        <ele>-3.599999904632568359375</ele>
        <time>2026-10-06T12:15:51.000Z</time>
        <extensions>
          <ns3:TrackPointExtension>
            <ns3:hr>129</ns3:hr>
            <ns3:cad>51</ns3:cad>
          </ns3:TrackPointExtension>
        </extensions>
      </trkpt>
      <trkpt lat="39.87063190899789333343505859375" lon="124.1469607315957546234130859375">
        <ele>-3.7999999523162841796875</ele>
        <time>2026-10-06T12:15:52.000Z</time>
        <extensions>
          <ns3:TrackPointExtension>
            <ns3:hr>131</ns3:hr>
            <ns3:cad>51</ns3:cad>
          </ns3:TrackPointExtension>
        </extensions>
      </trkpt>
      <trkpt lat="39.87062394618988037109375" lon="124.14694706909358501434326171875">
        <ele>-3.7999999523162841796875</ele>
        <time>2026-10-06T12:15:53.000Z</time>
        <extensions>
          <ns3:TrackPointExtension>
            <ns3:hr>132</ns3:hr>
            <ns3:cad>0</ns3:cad>
          </ns3:TrackPointExtension>
        </extensions>
      </trkpt>
      <trkpt lat="39.87061833031475543975830078125" lon="124.1469347476959228515625">
        <ele>-3.7999999523162841796875</ele>
        <time>2026-10-06T12:15:54.000Z</time>
        <extensions>
          <ns3:TrackPointExtension>
            <ns3:hr>132</ns3:hr>
            <ns3:cad>0</ns3:cad>
          </ns3:TrackPointExtension>
        </extensions>
      </trkpt>
      <trkpt lat="39.87061279825866222381591796875" lon="124.146922342479228973388671875">
        <ele>-3.7999999523162841796875</ele>
        <time>2026-10-06T12:15:55.000Z</time>
        <extensions>
          <ns3:TrackPointExtension>
            <ns3:hr>132</ns3:hr>
            <ns3:cad>0</ns3:cad>
          </ns3:TrackPointExtension>
        </extensions>
      </trkpt>
      <trkpt lat="39.870606176555156707763671875" lon="124.14691002108156681060791015625">
        <ele>-3.7999999523162841796875</ele>
        <time>2026-10-06T12:15:56.000Z</time>
        <extensions>
          <ns3:TrackPointExtension>
            <ns3:hr>132</ns3:hr>
            <ns3:cad>0</ns3:cad>
          </ns3:TrackPointExtension>
        </extensions>
      </trkpt>
      <trkpt lat="39.870602153241634368896484375" lon="124.14690348319709300994873046875">
        <ele>-3.599999904632568359375</ele>
        <time>2026-10-06T12:15:57.000Z</time>
        <extensions>
          <ns3:TrackPointExtension>
            <ns3:hr>132</ns3:hr>
            <ns3:cad>0</ns3:cad>
          </ns3:TrackPointExtension>
        </extensions>
      </trkpt>
      <trkpt lat="39.87059871666133403778076171875" lon="124.14689828641712665557861328125">
        <ele>-3.599999904632568359375</ele>
        <time>2026-10-06T12:15:58.000Z</time>
        <extensions>
          <ns3:TrackPointExtension>
            <ns3:hr>133</ns3:hr>
            <ns3:cad>0</ns3:cad>
          </ns3:TrackPointExtension>
        </extensions>
      </trkpt>
      <trkpt lat="39.87059243023395538330078125" lon="124.146889150142669677734375">
        <ele>-3.7999999523162841796875</ele>
        <time>2026-10-06T12:15:59.000Z</time>
        <extensions>
          <ns3:TrackPointExtension>
            <ns3:hr>133</ns3:hr>
            <ns3:cad>0</ns3:cad>
          </ns3:TrackPointExtension>
        </extensions>
      </trkpt>
      <trkpt lat="39.87058295868337154388427734375" lon="124.14687565527856349945068359375">
        <ele>-3.7999999523162841796875</ele>
        <time>2026-10-06T12:16:00.000Z</time>
        <extensions>
          <ns3:TrackPointExtension>
            <ns3:hr>133</ns3:hr>
            <ns3:cad>0</ns3:cad>
          </ns3:TrackPointExtension>
        </extensions>
      </trkpt>
      <trkpt lat="39.87058631144464015960693359375" lon="124.14685822091996669769287109375">
        <ele>-3.7999999523162841796875</ele>
        <time>2026-10-06T12:16:01.000Z</time>
        <extensions>
          <ns3:TrackPointExtension>
            <ns3:hr>131</ns3:hr>
            <ns3:cad>0</ns3:cad>
          </ns3:TrackPointExtension>
        </extensions>
      </trkpt>
      <trkpt lat="39.87058304250240325927734375" lon="124.1468433849513530731201171875">
        <ele>-3.7999999523162841796875</ele>
        <time>2026-10-06T12:16:02.000Z</time>
        <extensions>
          <ns3:TrackPointExtension>
            <ns3:hr>130</ns3:hr>
            <ns3:cad>0</ns3:cad>
          </ns3:TrackPointExtension>
        </extensions>
      </trkpt>
      <trkpt lat="39.87057901918888092041015625" lon="124.146827124059200286865234375">
        <ele>-3.599999904632568359375</ele>
        <time>2026-10-06T12:16:03.000Z</time>
        <extensions>
          <ns3:TrackPointExtension>
            <ns3:hr>130</ns3:hr>
            <ns3:cad>0</ns3:cad>
          </ns3:TrackPointExtension>
        </extensions>
      </trkpt>
      <trkpt lat="39.87057231366634368896484375" lon="124.14680625312030315399169921875">
        <ele>-3.599999904632568359375</ele>
        <time>2026-10-06T12:16:04.000Z</time>
        <extensions>
          <ns3:TrackPointExtension>
            <ns3:hr>128</ns3:hr>
            <ns3:cad>0</ns3:cad>
          </ns3:TrackPointExtension>
        </extensions>
      </trkpt>
      <trkpt lat="39.8705620877444744110107421875" lon="124.1467826999723911285400390625">
        <ele>-3.7999999523162841796875</ele>
        <time>2026-10-06T12:16:05.000Z</time>
        <extensions>
          <ns3:TrackPointExtension>
            <ns3:hr>128</ns3:hr>
            <ns3:cad>0</ns3:cad>
          </ns3:TrackPointExtension>
        </extensions>
      </trkpt>
      <trkpt lat="39.8705527000129222869873046875" lon="124.14676082320511341094970703125">
        <ele>-3.7999999523162841796875</ele>
        <time>2026-10-06T12:16:06.000Z</time>
        <extensions>
          <ns3:TrackPointExtension>
            <ns3:hr>130</ns3:hr>
            <ns3:cad>0</ns3:cad>
          </ns3:TrackPointExtension>
        </extensions>
      </trkpt>
      <trkpt lat="39.87054322846233844757080078125" lon="124.14674841798841953277587890625">
        <ele>-3.7999999523162841796875</ele>
        <time>2026-10-06T12:16:07.000Z</time>
        <extensions>
          <ns3:TrackPointExtension>
            <ns3:hr>131</ns3:hr>
            <ns3:cad>0</ns3:cad>
          </ns3:TrackPointExtension>
        </extensions>
      </trkpt>
      <trkpt lat="39.870535098016262054443359375" lon="124.1467377729713916778564453125">
        <ele>-4</ele>
        <time>2026-10-06T12:16:08.000Z</time>
        <extensions>
          <ns3:TrackPointExtension>
            <ns3:hr>132</ns3:hr>
            <ns3:cad>0</ns3:cad>
          </ns3:TrackPointExtension>
        </extensions>
      </trkpt>
      <trkpt lat="39.870531745254993438720703125" lon="124.1467334143817424774169921875">
        <ele>-4</ele>
        <time>2026-10-06T12:16:09.000Z</time>
        <extensions>
          <ns3:TrackPointExtension>
            <ns3:hr>131</ns3:hr>
            <ns3:cad>54</ns3:cad>
          </ns3:TrackPointExtension>
        </extensions>
      </trkpt>
      <trkpt lat="39.8705285601317882537841796875" lon="124.14672888815402984619140625">
        <ele>-4</ele>
        <time>2026-10-06T12:16:10.000Z</time>
        <extensions>
          <ns3:TrackPointExtension>
            <ns3:hr>129</ns3:hr>
            <ns3:cad>54</ns3:cad>
          </ns3:TrackPointExtension>
        </extensions>
      </trkpt>
      <trkpt lat="39.87052537500858306884765625" lon="124.14672126062214374542236328125">
        <ele>-4</ele>
        <time>2026-10-06T12:16:11.000Z</time>
        <extensions>
          <ns3:TrackPointExtension>
            <ns3:hr>128</ns3:hr>
            <ns3:cad>55</ns3:cad>
          </ns3:TrackPointExtension>
        </extensions>
      </trkpt>
      <trkpt lat="39.8705215193331241607666015625" lon="124.146709106862545013427734375">
        <ele>-4</ele>
        <time>2026-10-06T12:16:12.000Z</time>
        <extensions>
          <ns3:TrackPointExtension>
            <ns3:hr>127</ns3:hr>
            <ns3:cad>55</ns3:cad>
          </ns3:TrackPointExtension>
        </extensions>
      </trkpt>
      <trkpt lat="39.8705179989337921142578125" lon="124.14669427089393138885498046875">
        <ele>-4</ele>
        <time>2026-10-06T12:16:13.000Z</time>
        <extensions>
          <ns3:TrackPointExtension>
            <ns3:hr>126</ns3:hr>
            <ns3:cad>55</ns3:cad>
          </ns3:TrackPointExtension>
        </extensions>
      </trkpt>
      <trkpt lat="39.87051288597285747528076171875" lon="124.1466814465820789337158203125">
        <ele>-3.7999999523162841796875</ele>
        <time>2026-10-06T12:16:14.000Z</time>
        <extensions>
          <ns3:TrackPointExtension>
            <ns3:hr>125</ns3:hr>
            <ns3:cad>53</ns3:cad>
          </ns3:TrackPointExtension>
        </extensions>
      </trkpt>
      <trkpt lat="39.87050450406968593597412109375" lon="124.14666878990828990936279296875">
        <ele>-3.7999999523162841796875</ele>
        <time>2026-10-06T12:16:15.000Z</time>
        <extensions>
          <ns3:TrackPointExtension>
            <ns3:hr>125</ns3:hr>
            <ns3:cad>53</ns3:cad>
          </ns3:TrackPointExtension>
        </extensions>
      </trkpt>
      <trkpt lat="39.870499558746814727783203125" lon="124.14665873162448406219482421875">
        <ele>-3.7999999523162841796875</ele>
        <time>2026-10-06T12:16:16.000Z</time>
        <extensions>
          <ns3:TrackPointExtension>
            <ns3:hr>125</ns3:hr>
            <ns3:cad>53</ns3:cad>
          </ns3:TrackPointExtension>
        </extensions>
      </trkpt>
      <trkpt lat="39.87049595452845096588134765625" lon="124.1466536186635494232177734375">
        <ele>-3.7999999523162841796875</ele>
        <time>2026-10-06T12:16:17.000Z</time>
        <extensions>
          <ns3:TrackPointExtension>
            <ns3:hr>126</ns3:hr>
            <ns3:cad>53</ns3:cad>
          </ns3:TrackPointExtension>
        </extensions>
      </trkpt>
      <trkpt lat="39.8704920150339603424072265625" lon="124.14664842188358306884765625">
        <ele>-3.7999999523162841796875</ele>
        <time>2026-10-06T12:16:18.000Z</time>
        <extensions>
          <ns3:TrackPointExtension>
            <ns3:hr>126</ns3:hr>
            <ns3:cad>53</ns3:cad>
          </ns3:TrackPointExtension>
        </extensions>
      </trkpt>
      <trkpt lat="39.8704893328249454498291015625" lon="124.14664305746555328369140625">
        <ele>-4</ele>
        <time>2026-10-06T12:16:19.000Z</time>
        <extensions>
          <ns3:TrackPointExtension>
            <ns3:hr>123</ns3:hr>
            <ns3:cad>53</ns3:cad>
          </ns3:TrackPointExtension>
        </extensions>
      </trkpt>
      <trkpt lat="39.87048690207302570343017578125" lon="124.14662688039243221282958984375">
        <ele>-4</ele>
        <time>2026-10-06T12:16:20.000Z</time>
        <extensions>
          <ns3:TrackPointExtension>
            <ns3:hr>122</ns3:hr>
            <ns3:cad>53</ns3:cad>
          </ns3:TrackPointExtension>
        </extensions>
      </trkpt>
      <trkpt lat="39.87048421986401081085205078125" lon="124.14661380462348461151123046875">
        <ele>-3.7999999523162841796875</ele>
        <time>2026-10-06T12:16:21.000Z</time>
        <extensions>
          <ns3:TrackPointExtension>
            <ns3:hr>121</ns3:hr>
            <ns3:cad>53</ns3:cad>
          </ns3:TrackPointExtension>
        </extensions>
      </trkpt>
      <trkpt lat="39.87047768197953701019287109375" lon="124.14660642854869365692138671875">
        <ele>-3.7999999523162841796875</ele>
        <time>2026-10-06T12:16:22.000Z</time>
        <extensions>
          <ns3:TrackPointExtension>
            <ns3:hr>120</ns3:hr>
            <ns3:cad>53</ns3:cad>
          </ns3:TrackPointExtension>
        </extensions>
      </trkpt>
      <trkpt lat="39.87047374248504638671875" lon="124.14659720845520496368408203125">
        <ele>-3.7999999523162841796875</ele>
        <time>2026-10-06T12:16:23.000Z</time>
        <extensions>
          <ns3:TrackPointExtension>
            <ns3:hr>120</ns3:hr>
            <ns3:cad>53</ns3:cad>
          </ns3:TrackPointExtension>
        </extensions>
      </trkpt>
      <trkpt lat="39.87047030590474605560302734375" lon="124.14658698253333568572998046875">
        <ele>-3.7999999523162841796875</ele>
        <time>2026-10-06T12:16:24.000Z</time>
        <extensions>
          <ns3:TrackPointExtension>
            <ns3:hr>119</ns3:hr>
            <ns3:cad>50</ns3:cad>
          </ns3:TrackPointExtension>
        </extensions>
      </trkpt>
      <trkpt lat="39.87046502530574798583984375" lon="124.14657608605921268463134765625">
        <ele>-3.7999999523162841796875</ele>
        <time>2026-10-06T12:16:25.000Z</time>
        <extensions>
          <ns3:TrackPointExtension>
            <ns3:hr>120</ns3:hr>
            <ns3:cad>0</ns3:cad>
          </ns3:TrackPointExtension>
        </extensions>
      </trkpt>
      <trkpt lat="39.8704621754586696624755859375" lon="124.1465714760124683380126953125">
        <ele>-3.7999999523162841796875</ele>
        <time>2026-10-06T12:16:26.000Z</time>
        <extensions>
          <ns3:TrackPointExtension>
            <ns3:hr>121</ns3:hr>
            <ns3:cad>0</ns3:cad>
          </ns3:TrackPointExtension>
        </extensions>
      </trkpt>
      <trkpt lat="39.87046041525900363922119140625" lon="124.14656502194702625274658203125">
        <ele>-3.7999999523162841796875</ele>
        <time>2026-10-06T12:16:27.000Z</time>
        <extensions>
          <ns3:TrackPointExtension>
            <ns3:hr>121</ns3:hr>
            <ns3:cad>0</ns3:cad>
          </ns3:TrackPointExtension>
        </extensions>
      </trkpt>
      <trkpt lat="39.87045739777386188507080078125" lon="124.1465590707957744598388671875">
        <ele>-3.7999999523162841796875</ele>
        <time>2026-10-06T12:16:28.000Z</time>
        <extensions>
          <ns3:TrackPointExtension>
            <ns3:hr>119</ns3:hr>
            <ns3:cad>0</ns3:cad>
          </ns3:TrackPointExtension>
        </extensions>
      </trkpt>
      <trkpt lat="39.870457313954830169677734375" lon="124.1465550474822521209716796875">
        <ele>-4</ele>
        <time>2026-10-06T12:16:29.000Z</time>
        <extensions>
          <ns3:TrackPointExtension>
            <ns3:hr>118</ns3:hr>
            <ns3:cad>0</ns3:cad>
          </ns3:TrackPointExtension>
        </extensions>
      </trkpt>
      <trkpt lat="39.870458655059337615966796875" lon="124.14655454456806182861328125">
        <ele>-4</ele>
        <time>2026-10-06T12:16:30.000Z</time>
        <extensions>
          <ns3:TrackPointExtension>
            <ns3:hr>118</ns3:hr>
            <ns3:cad>0</ns3:cad>
          </ns3:TrackPointExtension>
        </extensions>
      </trkpt>
      <trkpt lat="39.87046100199222564697265625" lon="124.14656066335737705230712890625">
        <ele>-4</ele>
        <time>2026-10-06T12:16:31.000Z</time>
        <extensions>
          <ns3:TrackPointExtension>
            <ns3:hr>119</ns3:hr>
            <ns3:cad>0</ns3:cad>
          </ns3:TrackPointExtension>
        </extensions>
      </trkpt>
      <trkpt lat="39.870463348925113677978515625" lon="124.14656393229961395263671875">
        <ele>-3.7999999523162841796875</ele>
        <time>2026-10-06T12:16:32.000Z</time>
        <extensions>
          <ns3:TrackPointExtension>
            <ns3:hr>120</ns3:hr>
            <ns3:cad>0</ns3:cad>
          </ns3:TrackPointExtension>
        </extensions>
      </trkpt>
      <trkpt lat="39.870462007820606231689453125" lon="124.14656435139477252960205078125">
        <ele>-3.7999999523162841796875</ele>
        <time>2026-10-06T12:16:33.000Z</time>
        <extensions>
          <ns3:TrackPointExtension>
            <ns3:hr>119</ns3:hr>
            <ns3:cad>0</ns3:cad>
          </ns3:TrackPointExtension>
        </extensions>
      </trkpt>
      <trkpt lat="39.870462007820606231689453125" lon="124.14656401611864566802978515625">
        <ele>-3.7999999523162841796875</ele>
        <time>2026-10-06T12:16:34.000Z</time>
        <extensions>
          <ns3:TrackPointExtension>
            <ns3:hr>119</ns3:hr>
            <ns3:cad>0</ns3:cad>
          </ns3:TrackPointExtension>
        </extensions>
      </trkpt>
      <trkpt lat="39.870462007820606231689453125" lon="124.14656401611864566802978515625">
        <ele>-3.7999999523162841796875</ele>
        <time>2026-10-06T12:16:35.000Z</time>
        <extensions>
          <ns3:TrackPointExtension>
            <ns3:hr>119</ns3:hr>
            <ns3:cad>0</ns3:cad>
          </ns3:TrackPointExtension>
        </extensions>
      </trkpt>
      <trkpt lat="39.87046175636351108551025390625" lon="124.14656334556639194488525390625">
        <ele>-3.7999999523162841796875</ele>
        <time>2026-10-06T12:16:36.000Z</time>
        <extensions>
          <ns3:TrackPointExtension>
            <ns3:hr>118</ns3:hr>
            <ns3:cad>0</ns3:cad>
          </ns3:TrackPointExtension>
        </extensions>
      </trkpt>
      <trkpt lat="39.870462007820606231689453125" lon="124.14656401611864566802978515625">
        <ele>-3.7999999523162841796875</ele>
        <time>2026-10-06T12:16:37.000Z</time>
        <extensions>
          <ns3:TrackPointExtension>
            <ns3:hr>116</ns3:hr>
            <ns3:cad>0</ns3:cad>
          </ns3:TrackPointExtension>
        </extensions>
      </trkpt>
      <trkpt lat="39.870462007820606231689453125" lon="124.14656401611864566802978515625">
        <ele>-3.7999999523162841796875</ele>
        <time>2026-10-06T12:16:38.000Z</time>
        <extensions>
          <ns3:TrackPointExtension>
            <ns3:hr>116</ns3:hr>
            <ns3:cad>0</ns3:cad>
          </ns3:TrackPointExtension>
        </extensions>
      </trkpt>
      <trkpt lat="39.870462007820606231689453125" lon="124.14656401611864566802978515625">
        <ele>-3.7999999523162841796875</ele>
        <time>2026-10-06T12:16:39.000Z</time>
        <extensions>
          <ns3:TrackPointExtension>
            <ns3:hr>116</ns3:hr>
            <ns3:cad>0</ns3:cad>
          </ns3:TrackPointExtension>
        </extensions>
      </trkpt>
      <trkpt lat="39.870462007820606231689453125" lon="124.14656401611864566802978515625">
        <ele>-3.7999999523162841796875</ele>
        <time>2026-10-06T12:16:40.000Z</time>
        <extensions>
          <ns3:TrackPointExtension>
            <ns3:hr>116</ns3:hr>
            <ns3:cad>0</ns3:cad>
          </ns3:TrackPointExtension>
        </extensions>
      </trkpt>
      <trkpt lat="39.870462007820606231689453125" lon="124.14656401611864566802978515625">
        <ele>-3.7999999523162841796875</ele>
        <time>2026-10-06T12:16:41.000Z</time>
        <extensions>
          <ns3:TrackPointExtension>
            <ns3:hr>116</ns3:hr>
            <ns3:cad>0</ns3:cad>
          </ns3:TrackPointExtension>
        </extensions>
      </trkpt>
      <trkpt lat="39.870462007820606231689453125" lon="124.14656401611864566802978515625">
        <ele>-3.7999999523162841796875</ele>
        <time>2026-10-06T12:16:42.000Z</time>
        <extensions>
          <ns3:TrackPointExtension>
            <ns3:hr>118</ns3:hr>
            <ns3:cad>0</ns3:cad>
          </ns3:TrackPointExtension>
        </extensions>
      </trkpt>
      <trkpt lat="39.8704551346600055694580078125" lon="124.1465496830642223358154296875">
        <ele>-3.7999999523162841796875</ele>
        <time>2026-10-06T12:16:43.000Z</time>
        <extensions>
          <ns3:TrackPointExtension>
            <ns3:hr>118</ns3:hr>
            <ns3:cad>0</ns3:cad>
          </ns3:TrackPointExtension>
        </extensions>
      </trkpt>
      <trkpt lat="39.87044893205165863037109375" lon="124.14654004387557506561279296875">
        <ele>-3.7999999523162841796875</ele>
        <time>2026-10-06T12:16:44.000Z</time>
        <extensions>
          <ns3:TrackPointExtension>
            <ns3:hr>120</ns3:hr>
            <ns3:cad>0</ns3:cad>
          </ns3:TrackPointExtension>
        </extensions>
      </trkpt>
      <trkpt lat="39.87044759094715118408203125" lon="124.1465364396572113037109375">
        <ele>-4</ele>
        <time>2026-10-06T12:16:45.000Z</time>
        <extensions>
          <ns3:TrackPointExtension>
            <ns3:hr>120</ns3:hr>
            <ns3:cad>0</ns3:cad>
          </ns3:TrackPointExtension>
        </extensions>
      </trkpt>
      <trkpt lat="39.87044759094715118408203125" lon="124.1465364396572113037109375">
        <ele>-4</ele>
        <time>2026-10-06T12:16:46.000Z</time>
        <extensions>
          <ns3:TrackPointExtension>
            <ns3:hr>121</ns3:hr>
            <ns3:cad>0</ns3:cad>
          </ns3:TrackPointExtension>
        </extensions>
      </trkpt>
      <trkpt lat="39.87044759094715118408203125" lon="124.1465364396572113037109375">
        <ele>-4</ele>
        <time>2026-10-06T12:16:47.000Z</time>
        <extensions>
          <ns3:TrackPointExtension>
            <ns3:hr>121</ns3:hr>
            <ns3:cad>0</ns3:cad>
          </ns3:TrackPointExtension>
        </extensions>
      </trkpt>
      <trkpt lat="39.87044759094715118408203125" lon="124.1465364396572113037109375">
        <ele>-4</ele>
        <time>2026-10-06T12:16:48.000Z</time>
        <extensions>
          <ns3:TrackPointExtension>
            <ns3:hr>119</ns3:hr>
            <ns3:cad>0</ns3:cad>
          </ns3:TrackPointExtension>
        </extensions>
      </trkpt>
      <trkpt lat="39.87044759094715118408203125" lon="124.1465364396572113037109375">
        <ele>-4</ele>
        <time>2026-10-06T12:16:49.000Z</time>
        <extensions>
          <ns3:TrackPointExtension>
            <ns3:hr>117</ns3:hr>
            <ns3:cad>0</ns3:cad>
          </ns3:TrackPointExtension>
        </extensions>
      </trkpt>
      <trkpt lat="39.87044759094715118408203125" lon="124.1465364396572113037109375">
        <ele>-4</ele>
        <time>2026-10-06T12:16:50.000Z</time>
        <extensions>
          <ns3:TrackPointExtension>
            <ns3:hr>113</ns3:hr>
            <ns3:cad>0</ns3:cad>
          </ns3:TrackPointExtension>
        </extensions>
      </trkpt>
      <trkpt lat="39.87044759094715118408203125" lon="124.1465364396572113037109375">
        <ele>-4</ele>
        <time>2026-10-06T12:16:51.000Z</time>
        <extensions>
          <ns3:TrackPointExtension>
            <ns3:hr>113</ns3:hr>
            <ns3:cad>0</ns3:cad>
          </ns3:TrackPointExtension>
        </extensions>
      </trkpt>
      <trkpt lat="39.87044759094715118408203125" lon="124.1465364396572113037109375">
        <ele>-4</ele>
        <time>2026-10-06T12:16:52.000Z</time>
        <extensions>
          <ns3:TrackPointExtension>
            <ns3:hr>113</ns3:hr>
            <ns3:cad>0</ns3:cad>
          </ns3:TrackPointExtension>
        </extensions>
      </trkpt>
      <trkpt lat="39.87044759094715118408203125" lon="124.1465364396572113037109375">
        <ele>-4</ele>
        <time>2026-10-06T12:16:53.000Z</time>
        <extensions>
          <ns3:TrackPointExtension>
            <ns3:hr>114</ns3:hr>
            <ns3:cad>0</ns3:cad>
          </ns3:TrackPointExtension>
        </extensions>
      </trkpt>
      <trkpt lat="39.87044759094715118408203125" lon="124.1465364396572113037109375">
        <ele>-4</ele>
        <time>2026-10-06T12:16:54.000Z</time>
        <extensions>
          <ns3:TrackPointExtension>
            <ns3:hr>115</ns3:hr>
            <ns3:cad>0</ns3:cad>
          </ns3:TrackPointExtension>
        </extensions>
      </trkpt>
      <trkpt lat="39.87044759094715118408203125" lon="124.1465364396572113037109375">
        <ele>-4</ele>
        <time>2026-10-06T12:16:55.000Z</time>
        <extensions>
          <ns3:TrackPointExtension>
            <ns3:hr>115</ns3:hr>
            <ns3:cad>0</ns3:cad>
          </ns3:TrackPointExtension>
        </extensions>
      </trkpt>
      <trkpt lat="39.87044759094715118408203125" lon="124.1465364396572113037109375">
        <ele>-4</ele>
        <time>2026-10-06T12:16:56.000Z</time>
        <extensions>
          <ns3:TrackPointExtension>
            <ns3:hr>115</ns3:hr>
            <ns3:cad>0</ns3:cad>
          </ns3:TrackPointExtension>
        </extensions>
      </trkpt>
      <trkpt lat="39.87044759094715118408203125" lon="124.1465364396572113037109375">
        <ele>-4</ele>
        <time>2026-10-06T12:16:57.000Z</time>
        <extensions>
          <ns3:TrackPointExtension>
            <ns3:hr>115</ns3:hr>
            <ns3:cad>0</ns3:cad>
          </ns3:TrackPointExtension>
        </extensions>
      </trkpt>
      <trkpt lat="39.87044759094715118408203125" lon="124.1465364396572113037109375">
        <ele>-4</ele>
        <time>2026-10-06T12:16:58.000Z</time>
        <extensions>
          <ns3:TrackPointExtension>
            <ns3:hr>116</ns3:hr>
            <ns3:cad>0</ns3:cad>
          </ns3:TrackPointExtension>
        </extensions>
      </trkpt>
      <trkpt lat="39.87044759094715118408203125" lon="124.1465364396572113037109375">
        <ele>-4</ele>
        <time>2026-10-06T12:16:59.000Z</time>
        <extensions>
          <ns3:TrackPointExtension>
            <ns3:hr>116</ns3:hr>
            <ns3:cad>0</ns3:cad>
          </ns3:TrackPointExtension>
        </extensions>
      </trkpt>
      <trkpt lat="39.87044759094715118408203125" lon="124.1465364396572113037109375">
        <ele>-4</ele>
        <time>2026-10-06T12:17:00.000Z</time>
        <extensions>
          <ns3:TrackPointExtension>
            <ns3:hr>114</ns3:hr>
            <ns3:cad>0</ns3:cad>
          </ns3:TrackPointExtension>
        </extensions>
      </trkpt>
      <trkpt lat="39.87044759094715118408203125" lon="124.1465364396572113037109375">
        <ele>-4</ele>
        <time>2026-10-06T12:17:01.000Z</time>
        <extensions>
          <ns3:TrackPointExtension>
            <ns3:hr>112</ns3:hr>
            <ns3:cad>0</ns3:cad>
          </ns3:TrackPointExtension>
        </extensions>
      </trkpt>
      <trkpt lat="39.87044759094715118408203125" lon="124.1465364396572113037109375">
        <ele>-4</ele>
        <time>2026-10-06T12:17:02.000Z</time>
        <extensions>
          <ns3:TrackPointExtension>
            <ns3:hr>112</ns3:hr>
            <ns3:cad>0</ns3:cad>
          </ns3:TrackPointExtension>
        </extensions>
      </trkpt>
      <trkpt lat="39.87044759094715118408203125" lon="124.1465364396572113037109375">
        <ele>-4</ele>
        <time>2026-10-06T12:17:03.000Z</time>
        <extensions>
          <ns3:TrackPointExtension>
            <ns3:hr>111</ns3:hr>
            <ns3:cad>0</ns3:cad>
          </ns3:TrackPointExtension>
        </extensions>
      </trkpt>
      <trkpt lat="39.87044759094715118408203125" lon="124.1465364396572113037109375">
        <ele>-4</ele>
        <time>2026-10-06T12:17:04.000Z</time>
        <extensions>
          <ns3:TrackPointExtension>
            <ns3:hr>111</ns3:hr>
            <ns3:cad>0</ns3:cad>
          </ns3:TrackPointExtension>
        </extensions>
      </trkpt>
      <trkpt lat="39.87044759094715118408203125" lon="124.1465364396572113037109375">
        <ele>-4</ele>
        <time>2026-10-06T12:17:05.000Z</time>
        <extensions>
          <ns3:TrackPointExtension>
            <ns3:hr>112</ns3:hr>
            <ns3:cad>0</ns3:cad>
          </ns3:TrackPointExtension>
        </extensions>
      </trkpt>
      <trkpt lat="39.87044759094715118408203125" lon="124.1465364396572113037109375">
        <ele>-4.19999980926513671875</ele>
        <time>2026-10-06T12:17:06.000Z</time>
        <extensions>
          <ns3:TrackPointExtension>
            <ns3:hr>112</ns3:hr>
            <ns3:cad>0</ns3:cad>
          </ns3:TrackPointExtension>
        </extensions>
      </trkpt>
      <trkpt lat="39.87044759094715118408203125" lon="124.1465364396572113037109375">
        <ele>-4</ele>
        <time>2026-10-06T12:17:07.000Z</time>
        <extensions>
          <ns3:TrackPointExtension>
            <ns3:hr>113</ns3:hr>
            <ns3:cad>0</ns3:cad>
          </ns3:TrackPointExtension>
        </extensions>
      </trkpt>
      <trkpt lat="39.87044759094715118408203125" lon="124.1465364396572113037109375">
        <ele>-4</ele>
        <time>2026-10-06T12:17:08.000Z</time>
        <extensions>
          <ns3:TrackPointExtension>
            <ns3:hr>114</ns3:hr>
            <ns3:cad>0</ns3:cad>
          </ns3:TrackPointExtension>
        </extensions>
      </trkpt>
      <trkpt lat="39.87044759094715118408203125" lon="124.1465364396572113037109375">
        <ele>-4</ele>
        <time>2026-10-06T12:17:09.000Z</time>
        <extensions>
          <ns3:TrackPointExtension>
            <ns3:hr>115</ns3:hr>
            <ns3:cad>0</ns3:cad>
          </ns3:TrackPointExtension>
        </extensions>
      </trkpt>
      <trkpt lat="39.87044759094715118408203125" lon="124.1465364396572113037109375">
        <ele>-4</ele>
        <time>2026-10-06T12:17:10.000Z</time>
        <extensions>
          <ns3:TrackPointExtension>
            <ns3:hr>116</ns3:hr>
            <ns3:cad>0</ns3:cad>
          </ns3:TrackPointExtension>
        </extensions>
      </trkpt>
      <trkpt lat="39.87044759094715118408203125" lon="124.1465364396572113037109375">
        <ele>-4</ele>
        <time>2026-10-06T12:17:11.000Z</time>
        <extensions>
          <ns3:TrackPointExtension>
            <ns3:hr>116</ns3:hr>
            <ns3:cad>0</ns3:cad>
          </ns3:TrackPointExtension>
        </extensions>
      </trkpt>
      <trkpt lat="39.87044759094715118408203125" lon="124.1465364396572113037109375">
        <ele>-4.19999980926513671875</ele>
        <time>2026-10-06T12:17:12.000Z</time>
        <extensions>
          <ns3:TrackPointExtension>
            <ns3:hr>115</ns3:hr>
            <ns3:cad>0</ns3:cad>
          </ns3:TrackPointExtension>
        </extensions>
      </trkpt>
      <trkpt lat="39.87044264562427997589111328125" lon="124.1465332545340061187744140625">
        <ele>-4.19999980926513671875</ele>
        <time>2026-10-06T12:17:13.000Z</time>
        <extensions>
          <ns3:TrackPointExtension>
            <ns3:hr>116</ns3:hr>
            <ns3:cad>0</ns3:cad>
          </ns3:TrackPointExtension>
        </extensions>
      </trkpt>
      <trkpt lat="39.8704524524509906768798828125" lon="124.14656661450862884521484375">
        <ele>-4.19999980926513671875</ele>
        <time>2026-10-06T12:17:14.000Z</time>
        <extensions>
          <ns3:TrackPointExtension>
            <ns3:hr>116</ns3:hr>
            <ns3:cad>0</ns3:cad>
          </ns3:TrackPointExtension>
        </extensions>
      </trkpt>
      <trkpt lat="39.87047315575182437896728515625" lon="124.14661296643316745758056640625">
        <ele>-4.19999980926513671875</ele>
        <time>2026-10-06T12:17:15.000Z</time>
        <extensions>
          <ns3:TrackPointExtension>
            <ns3:hr>116</ns3:hr>
            <ns3:cad>0</ns3:cad>
          </ns3:TrackPointExtension>
        </extensions>
      </trkpt>
      <trkpt lat="39.8704863153398036956787109375" lon="124.14665755815804004669189453125">
        <ele>-4</ele>
        <time>2026-10-06T12:17:16.000Z</time>
        <extensions>
          <ns3:TrackPointExtension>
            <ns3:hr>116</ns3:hr>
            <ns3:cad>0</ns3:cad>
          </ns3:TrackPointExtension>
        </extensions>
      </trkpt>
      <trkpt lat="39.87051221542060375213623046875" lon="124.14671991951763629913330078125">
        <ele>-4</ele>
        <time>2026-10-06T12:17:17.000Z</time>
        <extensions>
          <ns3:TrackPointExtension>
            <ns3:hr>120</ns3:hr>
            <ns3:cad>0</ns3:cad>
          </ns3:TrackPointExtension>
        </extensions>
      </trkpt>
      <trkpt lat="39.87053886987268924713134765625" lon="124.14678378961980342864990234375">
        <ele>-3.7999999523162841796875</ele>
        <time>2026-10-06T12:17:18.000Z</time>
        <extensions>
          <ns3:TrackPointExtension>
            <ns3:hr>124</ns3:hr>
            <ns3:cad>0</ns3:cad>
          </ns3:TrackPointExtension>
        </extensions>
      </trkpt>
      <trkpt lat="39.87056066282093524932861328125" lon="124.1468343324959278106689453125">
        <ele>-3.7999999523162841796875</ele>
        <time>2026-10-06T12:17:19.000Z</time>
        <extensions>
          <ns3:TrackPointExtension>
            <ns3:hr>128</ns3:hr>
            <ns3:cad>98</ns3:cad>
          </ns3:TrackPointExtension>
        </extensions>
      </trkpt>
      <trkpt lat="39.8705845512449741363525390625" lon="124.14689124561846256256103515625">
        <ele>-3.599999904632568359375</ele>
        <time>2026-10-06T12:17:20.000Z</time>
        <extensions>
          <ns3:TrackPointExtension>
            <ns3:hr>130</ns3:hr>
            <ns3:cad>98</ns3:cad>
          </ns3:TrackPointExtension>
        </extensions>
      </trkpt>
      <trkpt lat="39.87060793675482273101806640625" lon="124.14694748818874359130859375">
        <ele>-3.599999904632568359375</ele>
        <time>2026-10-06T12:17:21.000Z</time>
        <extensions>
          <ns3:TrackPointExtension>
            <ns3:hr>134</ns3:hr>
            <ns3:cad>98</ns3:cad>
          </ns3:TrackPointExtension>
        </extensions>
      </trkpt>
      <trkpt lat="39.870630316436290740966796875" lon="124.14700121618807315826416015625">
        <ele>-3.599999904632568359375</ele>
        <time>2026-10-06T12:17:22.000Z</time>
        <extensions>
          <ns3:TrackPointExtension>
            <ns3:hr>139</ns3:hr>
            <ns3:cad>101</ns3:cad>
          </ns3:TrackPointExtension>
        </extensions>
      </trkpt>
      <trkpt lat="39.87065118737518787384033203125" lon="124.14705201052129268646240234375">
        <ele>-3.599999904632568359375</ele>
        <time>2026-10-06T12:17:23.000Z</time>
        <extensions>
          <ns3:TrackPointExtension>
            <ns3:hr>141</ns3:hr>
            <ns3:cad>101</ns3:cad>
          </ns3:TrackPointExtension>
        </extensions>
      </trkpt>
      <trkpt lat="39.870673902332782745361328125" lon="124.14710414595901966094970703125">
        <ele>-3.599999904632568359375</ele>
        <time>2026-10-06T12:17:24.000Z</time>
        <extensions>
          <ns3:TrackPointExtension>
            <ns3:hr>145</ns3:hr>
            <ns3:cad>101</ns3:cad>
          </ns3:TrackPointExtension>
        </extensions>
      </trkpt>
      <trkpt lat="39.87069276161491870880126953125" lon="124.1471441276371479034423828125">
        <ele>-3.7999999523162841796875</ele>
        <time>2026-10-06T12:17:25.000Z</time>
        <extensions>
          <ns3:TrackPointExtension>
            <ns3:hr>147</ns3:hr>
            <ns3:cad>92</ns3:cad>
          </ns3:TrackPointExtension>
        </extensions>
      </trkpt>
      <trkpt lat="39.87071421928703784942626953125" lon="124.14720053784549236297607421875">
        <ele>-3.7999999523162841796875</ele>
        <time>2026-10-06T12:17:26.000Z</time>
        <extensions>
          <ns3:TrackPointExtension>
            <ns3:hr>153</ns3:hr>
            <ns3:cad>92</ns3:cad>
          </ns3:TrackPointExtension>
        </extensions>
      </trkpt>
      <trkpt lat="39.8707424663007259368896484375" lon="124.14724445901811122894287109375">
        <ele>-3.599999904632568359375</ele>
        <time>2026-10-06T12:17:27.000Z</time>
        <extensions>
          <ns3:TrackPointExtension>
            <ns3:hr>156</ns3:hr>
            <ns3:cad>92</ns3:cad>
          </ns3:TrackPointExtension>
        </extensions>
      </trkpt>
      <trkpt lat="39.8707609064877033233642578125" lon="124.14728653617203235626220703125">
        <ele>-3.599999904632568359375</ele>
        <time>2026-10-06T12:17:28.000Z</time>
        <extensions>
          <ns3:TrackPointExtension>
            <ns3:hr>156</ns3:hr>
            <ns3:cad>98</ns3:cad>
          </ns3:TrackPointExtension>
        </extensions>
      </trkpt>
      <trkpt lat="39.8707823641598224639892578125" lon="124.147346131503582000732421875">
        <ele>-3.599999904632568359375</ele>
        <time>2026-10-06T12:17:29.000Z</time>
        <extensions>
          <ns3:TrackPointExtension>
            <ns3:hr>156</ns3:hr>
            <ns3:cad>98</ns3:cad>
          </ns3:TrackPointExtension>
        </extensions>
      </trkpt>
      <trkpt lat="39.8708061687648296356201171875" lon="124.14738896302878856658935546875">
        <ele>-3.599999904632568359375</ele>
        <time>2026-10-06T12:17:30.000Z</time>
        <extensions>
          <ns3:TrackPointExtension>
            <ns3:hr>156</ns3:hr>
            <ns3:cad>98</ns3:cad>
          </ns3:TrackPointExtension>
        </extensions>
      </trkpt>
      <trkpt lat="39.87082787789404392242431640625" lon="124.1474378295242786407470703125">
        <ele>-3.599999904632568359375</ele>
        <time>2026-10-06T12:17:31.000Z</time>
        <extensions>
          <ns3:TrackPointExtension>
            <ns3:hr>156</ns3:hr>
            <ns3:cad>98</ns3:cad>
          </ns3:TrackPointExtension>
        </extensions>
      </trkpt>
      <trkpt lat="39.87085034139454364776611328125" lon="124.147495329380035400390625">
        <ele>-3.400000095367431640625</ele>
        <time>2026-10-06T12:17:32.000Z</time>
        <extensions>
          <ns3:TrackPointExtension>
            <ns3:hr>157</ns3:hr>
            <ns3:cad>99</ns3:cad>
          </ns3:TrackPointExtension>
        </extensions>
      </trkpt>
      <trkpt lat="39.87087263725697994232177734375" lon="124.14753681980073451995849609375">
        <ele>-3.599999904632568359375</ele>
        <time>2026-10-06T12:17:33.000Z</time>
        <extensions>
          <ns3:TrackPointExtension>
            <ns3:hr>158</ns3:hr>
            <ns3:cad>99</ns3:cad>
          </ns3:TrackPointExtension>
        </extensions>
      </trkpt>
      <trkpt lat="39.87089275382459163665771484375" lon="124.147590212523937225341796875">
        <ele>-3.599999904632568359375</ele>
        <time>2026-10-06T12:17:34.000Z</time>
        <extensions>
          <ns3:TrackPointExtension>
            <ns3:hr>159</ns3:hr>
            <ns3:cad>99</ns3:cad>
          </ns3:TrackPointExtension>
        </extensions>
      </trkpt>
      <trkpt lat="39.8709137924015522003173828125" lon="124.147643856704235076904296875">
        <ele>-3.400000095367431640625</ele>
        <time>2026-10-06T12:17:35.000Z</time>
        <extensions>
          <ns3:TrackPointExtension>
            <ns3:hr>161</ns3:hr>
            <ns3:cad>98</ns3:cad>
          </ns3:TrackPointExtension>
        </extensions>
      </trkpt>
      <trkpt lat="39.87092477269470691680908203125" lon="124.14768786169588565826416015625">
        <ele>-3.400000095367431640625</ele>
        <time>2026-10-06T12:17:36.000Z</time>
        <extensions>
          <ns3:TrackPointExtension>
            <ns3:hr>162</ns3:hr>
            <ns3:cad>98</ns3:cad>
          </ns3:TrackPointExtension>
        </extensions>
      </trkpt>
      <trkpt lat="39.87094245851039886474609375" lon="124.14774770848453044891357421875">
        <ele>-3.400000095367431640625</ele>
        <time>2026-10-06T12:17:37.000Z</time>
        <extensions>
          <ns3:TrackPointExtension>
            <ns3:hr>164</ns3:hr>
            <ns3:cad>97</ns3:cad>
          </ns3:TrackPointExtension>
        </extensions>
      </trkpt>
      <trkpt lat="39.87096433527767658233642578125" lon="124.1477932222187519073486328125">
        <ele>-3.400000095367431640625</ele>
        <time>2026-10-06T12:17:38.000Z</time>
        <extensions>
          <ns3:TrackPointExtension>
            <ns3:hr>166</ns3:hr>
            <ns3:cad>97</ns3:cad>
          </ns3:TrackPointExtension>
        </extensions>
      </trkpt>
      <trkpt lat="39.87097891978919506072998046875" lon="124.1478415019810199737548828125">
        <ele>-3.2000000476837158203125</ele>
        <time>2026-10-06T12:17:39.000Z</time>
        <extensions>
          <ns3:TrackPointExtension>
            <ns3:hr>168</ns3:hr>
            <ns3:cad>97</ns3:cad>
          </ns3:TrackPointExtension>
        </extensions>
      </trkpt>
      <trkpt lat="39.87099652178585529327392578125" lon="124.147906042635440826416015625">
        <ele>-3.2000000476837158203125</ele>
        <time>2026-10-06T12:17:40.000Z</time>
        <extensions>
          <ns3:TrackPointExtension>
            <ns3:hr>170</ns3:hr>
            <ns3:cad>99</ns3:cad>
          </ns3:TrackPointExtension>
        </extensions>
      </trkpt>
      <trkpt lat="39.87101881764829158782958984375" lon="124.14795398712158203125">
        <ele>-3.2000000476837158203125</ele>
        <time>2026-10-06T12:17:41.000Z</time>
        <extensions>
          <ns3:TrackPointExtension>
            <ns3:hr>173</ns3:hr>
            <ns3:cad>99</ns3:cad>
          </ns3:TrackPointExtension>
        </extensions>
      </trkpt>
      <trkpt lat="39.8710344918072223663330078125" lon="124.14800486527383327484130859375">
        <ele>-3</ele>
        <time>2026-10-06T12:17:42.000Z</time>
        <extensions>
          <ns3:TrackPointExtension>
            <ns3:hr>174</ns3:hr>
            <ns3:cad>99</ns3:cad>
          </ns3:TrackPointExtension>
        </extensions>
      </trkpt>
      <trkpt lat="39.87105368636548519134521484375" lon="124.1480688191950321197509765625">
        <ele>-3</ele>
        <time>2026-10-06T12:17:43.000Z</time>
        <extensions>
          <ns3:TrackPointExtension>
            <ns3:hr>173</ns3:hr>
            <ns3:cad>99</ns3:cad>
          </ns3:TrackPointExtension>
        </extensions>
      </trkpt>
      <trkpt lat="39.8710732161998748779296875" lon="124.148112237453460693359375">
        <ele>-2.7999999523162841796875</ele>
        <time>2026-10-06T12:17:44.000Z</time>
        <extensions>
          <ns3:TrackPointExtension>
            <ns3:hr>176</ns3:hr>
            <ns3:cad>99</ns3:cad>
          </ns3:TrackPointExtension>
        </extensions>
      </trkpt>
      <trkpt lat="39.87109157256782054901123046875" lon="124.14815724827349185943603515625">
        <ele>-2.7999999523162841796875</ele>
        <time>2026-10-06T12:17:45.000Z</time>
        <extensions>
          <ns3:TrackPointExtension>
            <ns3:hr>177</ns3:hr>
            <ns3:cad>98</ns3:cad>
          </ns3:TrackPointExtension>
        </extensions>
      </trkpt>
      <trkpt lat="39.8711092583835124969482421875" lon="124.14821349084377288818359375">
        <ele>-2.7999999523162841796875</ele>
        <time>2026-10-06T12:17:46.000Z</time>
        <extensions>
          <ns3:TrackPointExtension>
            <ns3:hr>179</ns3:hr>
            <ns3:cad>98</ns3:cad>
          </ns3:TrackPointExtension>
        </extensions>
      </trkpt>
      <trkpt lat="39.8711295425891876220703125" lon="124.14825347252190113067626953125">
        <ele>-2.7999999523162841796875</ele>
        <time>2026-10-06T12:17:47.000Z</time>
        <extensions>
          <ns3:TrackPointExtension>
            <ns3:hr>182</ns3:hr>
            <ns3:cad>98</ns3:cad>
          </ns3:TrackPointExtension>
        </extensions>
      </trkpt>
      <trkpt lat="39.8711484856903553009033203125" lon="124.14830946363508701324462890625">
        <ele>-2.7999999523162841796875</ele>
        <time>2026-10-06T12:17:48.000Z</time>
        <extensions>
          <ns3:TrackPointExtension>
            <ns3:hr>179</ns3:hr>
            <ns3:cad>98</ns3:cad>
          </ns3:TrackPointExtension>
        </extensions>
      </trkpt>
      <trkpt lat="39.8711696080863475799560546875" lon="124.148361682891845703125">
        <ele>-3</ele>
        <time>2026-10-06T12:17:49.000Z</time>
        <extensions>
          <ns3:TrackPointExtension>
            <ns3:hr>179</ns3:hr>
            <ns3:cad>98</ns3:cad>
          </ns3:TrackPointExtension>
        </extensions>
      </trkpt>
      <trkpt lat="39.87119056284427642822265625" lon="124.1484030894935131072998046875">
        <ele>-2.7999999523162841796875</ele>
        <time>2026-10-06T12:17:50.000Z</time>
        <extensions>
          <ns3:TrackPointExtension>
            <ns3:hr>182</ns3:hr>
            <ns3:cad>98</ns3:cad>
          </ns3:TrackPointExtension>
        </extensions>
      </trkpt>
      <trkpt lat="39.87120439298450946807861328125" lon="124.14846419356763362884521484375">
        <ele>-2.7999999523162841796875</ele>
        <time>2026-10-06T12:17:51.000Z</time>
        <extensions>
          <ns3:TrackPointExtension>
            <ns3:hr>182</ns3:hr>
            <ns3:cad>98</ns3:cad>
          </ns3:TrackPointExtension>
        </extensions>
      </trkpt>
      <trkpt lat="39.8712266050279140472412109375" lon="124.1485133953392505645751953125">
        <ele>-2.7999999523162841796875</ele>
        <time>2026-10-06T12:17:52.000Z</time>
        <extensions>
          <ns3:TrackPointExtension>
            <ns3:hr>180</ns3:hr>
            <ns3:cad>98</ns3:cad>
          </ns3:TrackPointExtension>
        </extensions>
      </trkpt>
      <trkpt lat="39.8712420277297496795654296875" lon="124.14856159128248691558837890625">
        <ele>-2.7999999523162841796875</ele>
        <time>2026-10-06T12:17:53.000Z</time>
        <extensions>
          <ns3:TrackPointExtension>
            <ns3:hr>180</ns3:hr>
            <ns3:cad>98</ns3:cad>
          </ns3:TrackPointExtension>
        </extensions>
      </trkpt>
      <trkpt lat="39.87126122228801250457763671875" lon="124.14862479083240032196044921875">
        <ele>-2.7999999523162841796875</ele>
        <time>2026-10-06T12:17:54.000Z</time>
        <extensions>
          <ns3:TrackPointExtension>
            <ns3:hr>182</ns3:hr>
            <ns3:cad>97</ns3:cad>
          </ns3:TrackPointExtension>
        </extensions>
      </trkpt>
      <trkpt lat="39.87128251232206821441650390625" lon="124.1486659459769725799560546875">
        <ele>-2.599999904632568359375</ele>
        <time>2026-10-06T12:17:55.000Z</time>
        <extensions>
          <ns3:TrackPointExtension>
            <ns3:hr>182</ns3:hr>
            <ns3:cad>97</ns3:cad>
          </ns3:TrackPointExtension>
        </extensions>
      </trkpt>
      <trkpt lat="39.871304221451282501220703125" lon="124.14871850050985813140869140625">
        <ele>-2.599999904632568359375</ele>
        <time>2026-10-06T12:17:56.000Z</time>
        <extensions>
          <ns3:TrackPointExtension>
            <ns3:hr>181</ns3:hr>
            <ns3:cad>98</ns3:cad>
          </ns3:TrackPointExtension>
        </extensions>
      </trkpt>
      <trkpt lat="39.87132542766630649566650390625" lon="124.1487762518227100372314453125">
        <ele>-2.599999904632568359375</ele>
        <time>2026-10-06T12:17:57.000Z</time>
        <extensions>
          <ns3:TrackPointExtension>
            <ns3:hr>182</ns3:hr>
            <ns3:cad>98</ns3:cad>
          </ns3:TrackPointExtension>
        </extensions>
      </trkpt>
      <trkpt lat="39.87134537659585475921630859375" lon="124.1488191671669483184814453125">
        <ele>-2.7999999523162841796875</ele>
        <time>2026-10-06T12:17:58.000Z</time>
        <extensions>
          <ns3:TrackPointExtension>
            <ns3:hr>182</ns3:hr>
            <ns3:cad>98</ns3:cad>
          </ns3:TrackPointExtension>
        </extensions>
      </trkpt>
      <trkpt lat="39.871363230049610137939453125" lon="124.14887197315692901611328125">
        <ele>-2.7999999523162841796875</ele>
        <time>2026-10-06T12:17:59.000Z</time>
        <extensions>
          <ns3:TrackPointExtension>
            <ns3:hr>184</ns3:hr>
            <ns3:cad>99</ns3:cad>
          </ns3:TrackPointExtension>
        </extensions>
      </trkpt>
      <trkpt lat="39.8713845200836658477783203125" lon="124.14891597814857959747314453125">
        <ele>-2.7999999523162841796875</ele>
        <time>2026-10-06T12:18:00.000Z</time>
        <extensions>
          <ns3:TrackPointExtension>
            <ns3:hr>183</ns3:hr>
            <ns3:cad>99</ns3:cad>
          </ns3:TrackPointExtension>
        </extensions>
      </trkpt>
      <trkpt lat="39.87139700911939144134521484375" lon="124.14895788766443729400634765625">
        <ele>-2.599999904632568359375</ele>
        <time>2026-10-06T12:18:01.000Z</time>
        <extensions>
          <ns3:TrackPointExtension>
            <ns3:hr>182</ns3:hr>
            <ns3:cad>97</ns3:cad>
          </ns3:TrackPointExtension>
        </extensions>
      </trkpt>
      <trkpt lat="39.8714120127260684967041015625" lon="124.1490223444998264312744140625">
        <ele>-2.599999904632568359375</ele>
        <time>2026-10-06T12:18:02.000Z</time>
        <extensions>
          <ns3:TrackPointExtension>
            <ns3:hr>181</ns3:hr>
            <ns3:cad>97</ns3:cad>
          </ns3:TrackPointExtension>
        </extensions>
      </trkpt>
      <trkpt lat="39.871434308588504791259765625" lon="124.14906081743538379669189453125">
        <ele>-2.599999904632568359375</ele>
        <time>2026-10-06T12:18:03.000Z</time>
        <extensions>
          <ns3:TrackPointExtension>
            <ns3:hr>183</ns3:hr>
            <ns3:cad>97</ns3:cad>
          </ns3:TrackPointExtension>
        </extensions>
      </trkpt>
      <trkpt lat="39.87145752646028995513916015625" lon="124.1491113603115081787109375">
        <ele>-2.599999904632568359375</ele>
        <time>2026-10-06T12:18:04.000Z</time>
        <extensions>
          <ns3:TrackPointExtension>
            <ns3:hr>184</ns3:hr>
            <ns3:cad>97</ns3:cad>
          </ns3:TrackPointExtension>
        </extensions>
      </trkpt>
      <trkpt lat="39.87147864885628223419189453125" lon="124.14915385656058788299560546875">
        <ele>-2.599999904632568359375</ele>
        <time>2026-10-06T12:18:05.000Z</time>
        <extensions>
          <ns3:TrackPointExtension>
            <ns3:hr>186</ns3:hr>
            <ns3:cad>97</ns3:cad>
          </ns3:TrackPointExtension>
        </extensions>
      </trkpt>
      <trkpt lat="39.8714924789965152740478515625" lon="124.1491930000483989715576171875">
        <ele>-2.7999999523162841796875</ele>
        <time>2026-10-06T12:18:06.000Z</time>
        <extensions>
          <ns3:TrackPointExtension>
            <ns3:hr>186</ns3:hr>
            <ns3:cad>98</ns3:cad>
          </ns3:TrackPointExtension>
        </extensions>
      </trkpt>
      <trkpt lat="39.87150345928966999053955078125" lon="124.14924723096191883087158203125">
        <ele>-2.7999999523162841796875</ele>
        <time>2026-10-06T12:18:07.000Z</time>
        <extensions>
          <ns3:TrackPointExtension>
            <ns3:hr>183</ns3:hr>
            <ns3:cad>98</ns3:cad>
          </ns3:TrackPointExtension>
        </extensions>
      </trkpt>
      <trkpt lat="39.87151754088699817657470703125" lon="124.149289391934871673583984375">
        <ele>-2.7999999523162841796875</ele>
        <time>2026-10-06T12:18:08.000Z</time>
        <extensions>
          <ns3:TrackPointExtension>
            <ns3:hr>182</ns3:hr>
            <ns3:cad>97</ns3:cad>
          </ns3:TrackPointExtension>
        </extensions>
      </trkpt>
      <trkpt lat="39.87152726389467716217041015625" lon="124.14933674968779087066650390625">
        <ele>-2.7999999523162841796875</ele>
        <time>2026-10-06T12:18:09.000Z</time>
        <extensions>
          <ns3:TrackPointExtension>
            <ns3:hr>183</ns3:hr>
            <ns3:cad>97</ns3:cad>
          </ns3:TrackPointExtension>
        </extensions>
      </trkpt>
      <trkpt lat="39.871546290814876556396484375" lon="124.14938117377460002899169921875">
        <ele>-2.7999999523162841796875</ele>
        <time>2026-10-06T12:18:10.000Z</time>
        <extensions>
          <ns3:TrackPointExtension>
            <ns3:hr>184</ns3:hr>
            <ns3:cad>96</ns3:cad>
          </ns3:TrackPointExtension>
        </extensions>
      </trkpt>
      <trkpt lat="39.871559701859951019287109375" lon="124.1494293697178363800048828125">
        <ele>-2.7999999523162841796875</ele>
        <time>2026-10-06T12:18:11.000Z</time>
        <extensions>
          <ns3:TrackPointExtension>
            <ns3:hr>186</ns3:hr>
            <ns3:cad>95</ns3:cad>
          </ns3:TrackPointExtension>
        </extensions>
      </trkpt>
      <trkpt lat="39.8715752921998500823974609375" lon="124.14948963560163974761962890625">
        <ele>-2.599999904632568359375</ele>
        <time>2026-10-06T12:18:12.000Z</time>
        <extensions>
          <ns3:TrackPointExtension>
            <ns3:hr>187</ns3:hr>
            <ns3:cad>95</ns3:cad>
          </ns3:TrackPointExtension>
        </extensions>
      </trkpt>
      <trkpt lat="39.8715947382152080535888671875" lon="124.14953984320163726806640625">
        <ele>-2.599999904632568359375</ele>
        <time>2026-10-06T12:18:13.000Z</time>
        <extensions>
          <ns3:TrackPointExtension>
            <ns3:hr>186</ns3:hr>
            <ns3:cad>96</ns3:cad>
          </ns3:TrackPointExtension>
        </extensions>
      </trkpt>
      <trkpt lat="39.871611334383487701416015625" lon="124.149591140449047088623046875">
        <ele>-2.599999904632568359375</ele>
        <time>2026-10-06T12:18:14.000Z</time>
        <extensions>
          <ns3:TrackPointExtension>
            <ns3:hr>185</ns3:hr>
            <ns3:cad>98</ns3:cad>
          </ns3:TrackPointExtension>
        </extensions>
      </trkpt>
      <trkpt lat="39.87162969075143337249755859375" lon="124.149644784629344940185546875">
        <ele>-2.400000095367431640625</ele>
        <time>2026-10-06T12:18:15.000Z</time>
        <extensions>
          <ns3:TrackPointExtension>
            <ns3:hr>183</ns3:hr>
            <ns3:cad>98</ns3:cad>
          </ns3:TrackPointExtension>
        </extensions>
      </trkpt>
      <trkpt lat="39.87164628691971302032470703125" lon="124.14968392811715602874755859375">
        <ele>-2.400000095367431640625</ele>
        <time>2026-10-06T12:18:16.000Z</time>
        <extensions>
          <ns3:TrackPointExtension>
            <ns3:hr>184</ns3:hr>
            <ns3:cad>97</ns3:cad>
          </ns3:TrackPointExtension>
        </extensions>
      </trkpt>
      <trkpt lat="39.87166288308799266815185546875" lon="124.14973991923034191131591796875">
        <ele>-2.400000095367431640625</ele>
        <time>2026-10-06T12:18:17.000Z</time>
        <extensions>
          <ns3:TrackPointExtension>
            <ns3:hr>186</ns3:hr>
            <ns3:cad>96</ns3:cad>
          </ns3:TrackPointExtension>
        </extensions>
      </trkpt>
      <trkpt lat="39.87168316729366779327392578125" lon="124.14978518150746822357177734375">
        <ele>-2.400000095367431640625</ele>
        <time>2026-10-06T12:18:18.000Z</time>
        <extensions>
          <ns3:TrackPointExtension>
            <ns3:hr>187</ns3:hr>
            <ns3:cad>96</ns3:cad>
          </ns3:TrackPointExtension>
        </extensions>
      </trkpt>
      <trkpt lat="39.8717035353183746337890625" lon="124.14982759393751621246337890625">
        <ele>-2.400000095367431640625</ele>
        <time>2026-10-06T12:18:19.000Z</time>
        <extensions>
          <ns3:TrackPointExtension>
            <ns3:hr>188</ns3:hr>
            <ns3:cad>96</ns3:cad>
          </ns3:TrackPointExtension>
        </extensions>
      </trkpt>
      <trkpt lat="39.87172641791403293609619140625" lon="124.1498870216310024261474609375">
        <ele>-2.400000095367431640625</ele>
        <time>2026-10-06T12:18:20.000Z</time>
        <extensions>
          <ns3:TrackPointExtension>
            <ns3:hr>187</ns3:hr>
            <ns3:cad>95</ns3:cad>
          </ns3:TrackPointExtension>
        </extensions>
      </trkpt>
      <trkpt lat="39.8717462830245494842529296875" lon="124.14992733858525753021240234375">
        <ele>-2.400000095367431640625</ele>
        <time>2026-10-06T12:18:21.000Z</time>
        <extensions>
          <ns3:TrackPointExtension>
            <ns3:hr>186</ns3:hr>
            <ns3:cad>95</ns3:cad>
          </ns3:TrackPointExtension>
        </extensions>
      </trkpt>
      <trkpt lat="39.87176178954541683197021484375" lon="124.14997377432882785797119140625">
        <ele>-2.400000095367431640625</ele>
        <time>2026-10-06T12:18:22.000Z</time>
        <extensions>
          <ns3:TrackPointExtension>
            <ns3:hr>185</ns3:hr>
            <ns3:cad>95</ns3:cad>
          </ns3:TrackPointExtension>
        </extensions>
      </trkpt>
      <trkpt lat="39.87178375013172626495361328125" lon="124.1500224731862545013427734375">
        <ele>-2.400000095367431640625</ele>
        <time>2026-10-06T12:18:23.000Z</time>
        <extensions>
          <ns3:TrackPointExtension>
            <ns3:hr>184</ns3:hr>
            <ns3:cad>97</ns3:cad>
          </ns3:TrackPointExtension>
        </extensions>
      </trkpt>
      <trkpt lat="39.87180638127028942108154296875" lon="124.15006480179727077484130859375">
        <ele>-2.400000095367431640625</ele>
        <time>2026-10-06T12:18:24.000Z</time>
        <extensions>
          <ns3:TrackPointExtension>
            <ns3:hr>186</ns3:hr>
            <ns3:cad>97</ns3:cad>
          </ns3:TrackPointExtension>
        </extensions>
      </trkpt>
      <trkpt lat="39.8718257434666156768798828125" lon="124.1501230560243129730224609375">
        <ele>-2.400000095367431640625</ele>
        <time>2026-10-06T12:18:25.000Z</time>
        <extensions>
          <ns3:TrackPointExtension>
            <ns3:hr>186</ns3:hr>
            <ns3:cad>97</ns3:cad>
          </ns3:TrackPointExtension>
        </extensions>
      </trkpt>
      <trkpt lat="39.8718425072729587554931640625" lon="124.15016622282564640045166015625">
        <ele>-2.400000095367431640625</ele>
        <time>2026-10-06T12:18:26.000Z</time>
        <extensions>
          <ns3:TrackPointExtension>
            <ns3:hr>187</ns3:hr>
            <ns3:cad>96</ns3:cad>
          </ns3:TrackPointExtension>
        </extensions>
      </trkpt>
      <trkpt lat="39.8718609474599361419677734375" lon="124.1502169333398342132568359375">
        <ele>-2.599999904632568359375</ele>
        <time>2026-10-06T12:18:27.000Z</time>
        <extensions>
          <ns3:TrackPointExtension>
            <ns3:hr>187</ns3:hr>
            <ns3:cad>96</ns3:cad>
          </ns3:TrackPointExtension>
        </extensions>
      </trkpt>
      <trkpt lat="39.87188123166561126708984375" lon="124.15027217008173465728759765625">
        <ele>-2.599999904632568359375</ele>
        <time>2026-10-06T12:18:28.000Z</time>
        <extensions>
          <ns3:TrackPointExtension>
            <ns3:hr>188</ns3:hr>
            <ns3:cad>96</ns3:cad>
          </ns3:TrackPointExtension>
        </extensions>
      </trkpt>
      <trkpt lat="39.87190000712871551513671875" lon="124.15031206794083118438720703125">
        <ele>-2.599999904632568359375</ele>
        <time>2026-10-06T12:18:29.000Z</time>
        <extensions>
          <ns3:TrackPointExtension>
            <ns3:hr>188</ns3:hr>
            <ns3:cad>96</ns3:cad>
          </ns3:TrackPointExtension>
        </extensions>
      </trkpt>
      <trkpt lat="39.87192205153405666351318359375" lon="124.15036487393081188201904296875">
        <ele>-2.599999904632568359375</ele>
        <time>2026-10-06T12:18:30.000Z</time>
        <extensions>
          <ns3:TrackPointExtension>
            <ns3:hr>187</ns3:hr>
            <ns3:cad>95</ns3:cad>
          </ns3:TrackPointExtension>
        </extensions>
      </trkpt>
      <trkpt lat="39.8719489574432373046875" lon="124.15040510706603527069091796875">
        <ele>-2.400000095367431640625</ele>
        <time>2026-10-06T12:18:31.000Z</time>
        <extensions>
          <ns3:TrackPointExtension>
            <ns3:hr>187</ns3:hr>
            <ns3:cad>95</ns3:cad>
          </ns3:TrackPointExtension>
        </extensions>
      </trkpt>
      <trkpt lat="39.871967732906341552734375" lon="124.150450788438320159912109375">
        <ele>-2.400000095367431640625</ele>
        <time>2026-10-06T12:18:32.000Z</time>
        <extensions>
          <ns3:TrackPointExtension>
            <ns3:hr>187</ns3:hr>
            <ns3:cad>97</ns3:cad>
          </ns3:TrackPointExtension>
        </extensions>
      </trkpt>
      <trkpt lat="39.8719890229403972625732421875" lon="124.150505773723125457763671875">
        <ele>-2.400000095367431640625</ele>
        <time>2026-10-06T12:18:33.000Z</time>
        <extensions>
          <ns3:TrackPointExtension>
            <ns3:hr>187</ns3:hr>
            <ns3:cad>98</ns3:cad>
          </ns3:TrackPointExtension>
        </extensions>
      </trkpt>
      <trkpt lat="39.87200704403221607208251953125" lon="124.15054500102996826171875">
        <ele>-2.400000095367431640625</ele>
        <time>2026-10-06T12:18:34.000Z</time>
        <extensions>
          <ns3:TrackPointExtension>
            <ns3:hr>188</ns3:hr>
            <ns3:cad>98</ns3:cad>
          </ns3:TrackPointExtension>
        </extensions>
      </trkpt>
      <trkpt lat="39.8720255680382251739501953125" lon="124.1506018303334712982177734375">
        <ele>-2.400000095367431640625</ele>
        <time>2026-10-06T12:18:35.000Z</time>
        <extensions>
          <ns3:TrackPointExtension>
            <ns3:hr>187</ns3:hr>
            <ns3:cad>97</ns3:cad>
          </ns3:TrackPointExtension>
        </extensions>
      </trkpt>
      <trkpt lat="39.8720497079193592071533203125" lon="124.1506397165358066558837890625">
        <ele>-2.400000095367431640625</ele>
        <time>2026-10-06T12:18:36.000Z</time>
        <extensions>
          <ns3:TrackPointExtension>
            <ns3:hr>188</ns3:hr>
            <ns3:cad>96</ns3:cad>
          </ns3:TrackPointExtension>
        </extensions>
      </trkpt>
      <trkpt lat="39.8720718361437320709228515625" lon="124.15068590082228183746337890625">
        <ele>-2.400000095367431640625</ele>
        <time>2026-10-06T12:18:37.000Z</time>
        <extensions>
          <ns3:TrackPointExtension>
            <ns3:hr>188</ns3:hr>
            <ns3:cad>95</ns3:cad>
          </ns3:TrackPointExtension>
        </extensions>
      </trkpt>
      <trkpt lat="39.872094802558422088623046875" lon="124.150736443698406219482421875">
        <ele>-2.400000095367431640625</ele>
        <time>2026-10-06T12:18:38.000Z</time>
        <extensions>
          <ns3:TrackPointExtension>
            <ns3:hr>189</ns3:hr>
            <ns3:cad>95</ns3:cad>
          </ns3:TrackPointExtension>
        </extensions>
      </trkpt>
      <trkpt lat="39.87211366184055805206298828125" lon="124.150772653520107269287109375">
        <ele>-2.400000095367431640625</ele>
        <time>2026-10-06T12:18:39.000Z</time>
        <extensions>
          <ns3:TrackPointExtension>
            <ns3:hr>189</ns3:hr>
            <ns3:cad>95</ns3:cad>
          </ns3:TrackPointExtension>
        </extensions>
      </trkpt>
      <trkpt lat="39.8721335269510746002197265625" lon="124.15082504041492938995361328125">
        <ele>-2.400000095367431640625</ele>
        <time>2026-10-06T12:18:40.000Z</time>
        <extensions>
          <ns3:TrackPointExtension>
            <ns3:hr>190</ns3:hr>
            <ns3:cad>95</ns3:cad>
          </ns3:TrackPointExtension>
        </extensions>
      </trkpt>
      <trkpt lat="39.87215640954673290252685546875" lon="124.15086158551275730133056640625">
        <ele>-2.400000095367431640625</ele>
        <time>2026-10-06T12:18:41.000Z</time>
        <extensions>
          <ns3:TrackPointExtension>
            <ns3:hr>191</ns3:hr>
            <ns3:cad>96</ns3:cad>
          </ns3:TrackPointExtension>
        </extensions>
      </trkpt>
      <trkpt lat="39.87217820249497890472412109375" lon="124.150906763970851898193359375">
        <ele>-2.599999904632568359375</ele>
        <time>2026-10-06T12:18:42.000Z</time>
        <extensions>
          <ns3:TrackPointExtension>
            <ns3:hr>191</ns3:hr>
            <ns3:cad>96</ns3:cad>
          </ns3:TrackPointExtension>
        </extensions>
      </trkpt>
      <trkpt lat="39.87220066599547863006591796875" lon="124.1509513556957244873046875">
        <ele>-2.599999904632568359375</ele>
        <time>2026-10-06T12:18:43.000Z</time>
        <extensions>
          <ns3:TrackPointExtension>
            <ns3:hr>191</ns3:hr>
            <ns3:cad>96</ns3:cad>
          </ns3:TrackPointExtension>
        </extensions>
      </trkpt>
      <trkpt lat="39.87222245894372463226318359375" lon="124.1509843803942203521728515625">
        <ele>-2.599999904632568359375</ele>
        <time>2026-10-06T12:18:44.000Z</time>
        <extensions>
          <ns3:TrackPointExtension>
            <ns3:hr>191</ns3:hr>
            <ns3:cad>96</ns3:cad>
          </ns3:TrackPointExtension>
        </extensions>
      </trkpt>
      <trkpt lat="39.87224609591066837310791015625" lon="124.15103626437485218048095703125">
        <ele>-2.599999904632568359375</ele>
        <time>2026-10-06T12:18:45.000Z</time>
        <extensions>
          <ns3:TrackPointExtension>
            <ns3:hr>191</ns3:hr>
            <ns3:cad>96</ns3:cad>
          </ns3:TrackPointExtension>
        </extensions>
      </trkpt>
      <trkpt lat="39.8722763545811176300048828125" lon="124.15107406675815582275390625">
        <ele>-2.599999904632568359375</ele>
        <time>2026-10-06T12:18:46.000Z</time>
        <extensions>
          <ns3:TrackPointExtension>
            <ns3:hr>190</ns3:hr>
            <ns3:cad>96</ns3:cad>
          </ns3:TrackPointExtension>
        </extensions>
      </trkpt>
      <trkpt lat="39.87230141647160053253173828125" lon="124.15111974813044071197509765625">
        <ele>-2.599999904632568359375</ele>
        <time>2026-10-06T12:18:47.000Z</time>
        <extensions>
          <ns3:TrackPointExtension>
            <ns3:hr>191</ns3:hr>
            <ns3:cad>96</ns3:cad>
          </ns3:TrackPointExtension>
        </extensions>
      </trkpt>
      <trkpt lat="39.87232706509530544281005859375" lon="124.15116417221724987030029296875">
        <ele>-2.599999904632568359375</ele>
        <time>2026-10-06T12:18:48.000Z</time>
        <extensions>
          <ns3:TrackPointExtension>
            <ns3:hr>191</ns3:hr>
            <ns3:cad>96</ns3:cad>
          </ns3:TrackPointExtension>
        </extensions>
      </trkpt>
      <trkpt lat="39.872354976832866668701171875" lon="124.15120507590472698211669921875">
        <ele>-2.599999904632568359375</ele>
        <time>2026-10-06T12:18:49.000Z</time>
        <extensions>
          <ns3:TrackPointExtension>
            <ns3:hr>191</ns3:hr>
            <ns3:cad>96</ns3:cad>
          </ns3:TrackPointExtension>
        </extensions>
      </trkpt>
      <trkpt lat="39.872379116714000701904296875" lon="124.1512485779821872711181640625">
        <ele>-2.599999904632568359375</ele>
        <time>2026-10-06T12:18:50.000Z</time>
        <extensions>
          <ns3:TrackPointExtension>
            <ns3:hr>191</ns3:hr>
            <ns3:cad>97</ns3:cad>
          </ns3:TrackPointExtension>
        </extensions>
      </trkpt>
      <trkpt lat="39.87240317277610301971435546875" lon="124.15127883665263652801513671875">
        <ele>-2.400000095367431640625</ele>
        <time>2026-10-06T12:18:51.000Z</time>
        <extensions>
          <ns3:TrackPointExtension>
            <ns3:hr>192</ns3:hr>
            <ns3:cad>97</ns3:cad>
          </ns3:TrackPointExtension>
        </extensions>
      </trkpt>
      <trkpt lat="39.8724304139614105224609375" lon="124.1513246856629848480224609375">
        <ele>-2.400000095367431640625</ele>
        <time>2026-10-06T12:18:52.000Z</time>
        <extensions>
          <ns3:TrackPointExtension>
            <ns3:hr>191</ns3:hr>
            <ns3:cad>96</ns3:cad>
          </ns3:TrackPointExtension>
        </extensions>
      </trkpt>
      <trkpt lat="39.872457571327686309814453125" lon="124.15137003175914287567138671875">
        <ele>-2.400000095367431640625</ele>
        <time>2026-10-06T12:18:53.000Z</time>
        <extensions>
          <ns3:TrackPointExtension>
            <ns3:hr>192</ns3:hr>
            <ns3:cad>95</ns3:cad>
          </ns3:TrackPointExtension>
        </extensions>
      </trkpt>
      <trkpt lat="39.872480370104312896728515625" lon="124.151405654847621917724609375">
        <ele>-2.400000095367431640625</ele>
        <time>2026-10-06T12:18:54.000Z</time>
        <extensions>
          <ns3:TrackPointExtension>
            <ns3:hr>193</ns3:hr>
            <ns3:cad>95</ns3:cad>
          </ns3:TrackPointExtension>
        </extensions>
      </trkpt>
      <trkpt lat="39.872505851089954376220703125" lon="124.151455946266651153564453125">
        <ele>-2.400000095367431640625</ele>
        <time>2026-10-06T12:18:55.000Z</time>
        <extensions>
          <ns3:TrackPointExtension>
            <ns3:hr>192</ns3:hr>
            <ns3:cad>95</ns3:cad>
          </ns3:TrackPointExtension>
        </extensions>
      </trkpt>
      <trkpt lat="39.8725283145904541015625" lon="124.1514819301664829254150390625">
        <ele>-2.2000000476837158203125</ele>
        <time>2026-10-06T12:18:56.000Z</time>
        <extensions>
          <ns3:TrackPointExtension>
            <ns3:hr>192</ns3:hr>
            <ns3:cad>95</ns3:cad>
          </ns3:TrackPointExtension>
        </extensions>
      </trkpt>
      <trkpt lat="39.87255941145122051239013671875" lon="124.15152333676815032958984375">
        <ele>-2.2000000476837158203125</ele>
        <time>2026-10-06T12:18:57.000Z</time>
        <extensions>
          <ns3:TrackPointExtension>
            <ns3:hr>192</ns3:hr>
            <ns3:cad>95</ns3:cad>
          </ns3:TrackPointExtension>
        </extensions>
      </trkpt>
      <trkpt lat="39.87259327434003353118896484375" lon="124.1515647433698177337646484375">
        <ele>-2.2000000476837158203125</ele>
        <time>2026-10-06T12:18:58.000Z</time>
        <extensions>
          <ns3:TrackPointExtension>
            <ns3:hr>192</ns3:hr>
            <ns3:cad>95</ns3:cad>
          </ns3:TrackPointExtension>
        </extensions>
      </trkpt>
      <trkpt lat="39.87262018024921417236328125" lon="124.15159843862056732177734375">
        <ele>-2.2000000476837158203125</ele>
        <time>2026-10-06T12:18:59.000Z</time>
        <extensions>
          <ns3:TrackPointExtension>
            <ns3:hr>191</ns3:hr>
            <ns3:cad>96</ns3:cad>
          </ns3:TrackPointExtension>
        </extensions>
      </trkpt>
      <trkpt lat="39.8726521991193294525146484375" lon="124.15164596401154994964599609375">
        <ele>-2.2000000476837158203125</ele>
        <time>2026-10-06T12:19:00.000Z</time>
        <extensions>
          <ns3:TrackPointExtension>
            <ns3:hr>192</ns3:hr>
            <ns3:cad>96</ns3:cad>
          </ns3:TrackPointExtension>
        </extensions>
      </trkpt>
      <trkpt lat="39.87268187105655670166015625" lon="124.15167546831071376800537109375">
        <ele>-2.2000000476837158203125</ele>
        <time>2026-10-06T12:19:01.000Z</time>
        <extensions>
          <ns3:TrackPointExtension>
            <ns3:hr>192</ns3:hr>
            <ns3:cad>96</ns3:cad>
          </ns3:TrackPointExtension>
        </extensions>
      </trkpt>
      <trkpt lat="39.87271271646022796630859375" lon="124.1517209820449352264404296875">
        <ele>-2.2000000476837158203125</ele>
        <time>2026-10-06T12:19:02.000Z</time>
        <extensions>
          <ns3:TrackPointExtension>
            <ns3:hr>192</ns3:hr>
            <ns3:cad>96</ns3:cad>
          </ns3:TrackPointExtension>
        </extensions>
      </trkpt>
      <trkpt lat="39.87274716608226299285888671875" lon="124.15175911970436573028564453125">
        <ele>-2.400000095367431640625</ele>
        <time>2026-10-06T12:19:03.000Z</time>
        <extensions>
          <ns3:TrackPointExtension>
            <ns3:hr>192</ns3:hr>
            <ns3:cad>96</ns3:cad>
          </ns3:TrackPointExtension>
        </extensions>
      </trkpt>
      <trkpt lat="39.8727759160101413726806640625" lon="124.15178694762289524078369140625">
        <ele>-2.400000095367431640625</ele>
        <time>2026-10-06T12:19:04.000Z</time>
        <extensions>
          <ns3:TrackPointExtension>
            <ns3:hr>193</ns3:hr>
            <ns3:cad>96</ns3:cad>
          </ns3:TrackPointExtension>
        </extensions>
      </trkpt>
      <trkpt lat="39.87280550412833690643310546875" lon="124.15182969532907009124755859375">
        <ele>-2.599999904632568359375</ele>
        <time>2026-10-06T12:19:05.000Z</time>
        <extensions>
          <ns3:TrackPointExtension>
            <ns3:hr>193</ns3:hr>
            <ns3:cad>96</ns3:cad>
          </ns3:TrackPointExtension>
        </extensions>
      </trkpt>
      <trkpt lat="39.87283702008426189422607421875" lon="124.1518581099808216094970703125">
        <ele>-2.599999904632568359375</ele>
        <time>2026-10-06T12:19:06.000Z</time>
        <extensions>
          <ns3:TrackPointExtension>
            <ns3:hr>193</ns3:hr>
            <ns3:cad>96</ns3:cad>
          </ns3:TrackPointExtension>
        </extensions>
      </trkpt>
      <trkpt lat="39.8728711344301700592041015625" lon="124.15190144442021846771240234375">
        <ele>-2.400000095367431640625</ele>
        <time>2026-10-06T12:19:07.000Z</time>
        <extensions>
          <ns3:TrackPointExtension>
            <ns3:hr>193</ns3:hr>
            <ns3:cad>96</ns3:cad>
          </ns3:TrackPointExtension>
        </extensions>
      </trkpt>
      <trkpt lat="39.87290357239544391632080078125" lon="124.151937067508697509765625">
        <ele>-2.400000095367431640625</ele>
        <time>2026-10-06T12:19:08.000Z</time>
        <extensions>
          <ns3:TrackPointExtension>
            <ns3:hr>192</ns3:hr>
            <ns3:cad>96</ns3:cad>
          </ns3:TrackPointExtension>
        </extensions>
      </trkpt>
      <trkpt lat="39.87293341197073459625244140625" lon="124.15197193622589111328125">
        <ele>-2.400000095367431640625</ele>
        <time>2026-10-06T12:19:09.000Z</time>
        <extensions>
          <ns3:TrackPointExtension>
            <ns3:hr>191</ns3:hr>
            <ns3:cad>97</ns3:cad>
          </ns3:TrackPointExtension>
        </extensions>
      </trkpt>
      <trkpt lat="39.87296442501246929168701171875" lon="124.15201862342655658721923828125">
        <ele>-2.2000000476837158203125</ele>
        <time>2026-10-06T12:19:10.000Z</time>
        <extensions>
          <ns3:TrackPointExtension>
            <ns3:hr>191</ns3:hr>
            <ns3:cad>97</ns3:cad>
          </ns3:TrackPointExtension>
        </extensions>
      </trkpt>
      <trkpt lat="39.87299032509326934814453125" lon="124.1520408354699611663818359375">
        <ele>-2.2000000476837158203125</ele>
        <time>2026-10-06T12:19:11.000Z</time>
        <extensions>
          <ns3:TrackPointExtension>
            <ns3:hr>191</ns3:hr>
            <ns3:cad>97</ns3:cad>
          </ns3:TrackPointExtension>
        </extensions>
      </trkpt>
      <trkpt lat="39.87302544526755809783935546875" lon="124.15207989513874053955078125">
        <ele>-2.2000000476837158203125</ele>
        <time>2026-10-06T12:19:12.000Z</time>
        <extensions>
          <ns3:TrackPointExtension>
            <ns3:hr>191</ns3:hr>
            <ns3:cad>97</ns3:cad>
          </ns3:TrackPointExtension>
        </extensions>
      </trkpt>
      <trkpt lat="39.8730568774044513702392578125" lon="124.1521082259714603424072265625">
        <ele>-2.2000000476837158203125</ele>
        <time>2026-10-06T12:19:13.000Z</time>
        <extensions>
          <ns3:TrackPointExtension>
            <ns3:hr>191</ns3:hr>
            <ns3:cad>97</ns3:cad>
          </ns3:TrackPointExtension>
        </extensions>
      </trkpt>
      <trkpt lat="39.87308998592197895050048828125" lon="124.15214619599282741546630859375">
        <ele>-2.2000000476837158203125</ele>
        <time>2026-10-06T12:19:14.000Z</time>
        <extensions>
          <ns3:TrackPointExtension>
            <ns3:hr>191</ns3:hr>
            <ns3:cad>93</ns3:cad>
          </ns3:TrackPointExtension>
        </extensions>
      </trkpt>
      <trkpt lat="39.8731246031820774078369140625" lon="124.152181483805179595947265625">
        <ele>-2.2000000476837158203125</ele>
        <time>2026-10-06T12:19:15.000Z</time>
        <extensions>
          <ns3:TrackPointExtension>
            <ns3:hr>190</ns3:hr>
            <ns3:cad>93</ns3:cad>
          </ns3:TrackPointExtension>
        </extensions>
      </trkpt>
      <trkpt lat="39.8731561191380023956298828125" lon="124.15221107192337512969970703125">
        <ele>-2</ele>
        <time>2026-10-06T12:19:16.000Z</time>
        <extensions>
          <ns3:TrackPointExtension>
            <ns3:hr>191</ns3:hr>
            <ns3:cad>93</ns3:cad>
          </ns3:TrackPointExtension>
        </extensions>
      </trkpt>
      <trkpt lat="39.8731909878551959991455078125" lon="124.15225650183856487274169921875">
        <ele>-2</ele>
        <time>2026-10-06T12:19:17.000Z</time>
        <extensions>
          <ns3:TrackPointExtension>
            <ns3:hr>190</ns3:hr>
            <ns3:cad>96</ns3:cad>
          </ns3:TrackPointExtension>
        </extensions>
      </trkpt>
      <trkpt lat="39.87322392873466014862060546875" lon="124.1522879339754581451416015625">
        <ele>-1.7999999523162841796875</ele>
        <time>2026-10-06T12:19:18.000Z</time>
        <extensions>
          <ns3:TrackPointExtension>
            <ns3:hr>190</ns3:hr>
            <ns3:cad>96</ns3:cad>
          </ns3:TrackPointExtension>
        </extensions>
      </trkpt>
      <trkpt lat="39.873256199061870574951171875" lon="124.152329005300998687744140625">
        <ele>-1.7999999523162841796875</ele>
        <time>2026-10-06T12:19:19.000Z</time>
        <extensions>
          <ns3:TrackPointExtension>
            <ns3:hr>190</ns3:hr>
            <ns3:cad>95</ns3:cad>
          </ns3:TrackPointExtension>
        </extensions>
      </trkpt>
      <trkpt lat="39.87328897230327129364013671875" lon="124.15235959924757480621337890625">
        <ele>-2</ele>
        <time>2026-10-06T12:19:20.000Z</time>
        <extensions>
          <ns3:TrackPointExtension>
            <ns3:hr>190</ns3:hr>
            <ns3:cad>95</ns3:cad>
          </ns3:TrackPointExtension>
        </extensions>
      </trkpt>
      <trkpt lat="39.8733222484588623046875" lon="124.15239631198346614837646484375">
        <ele>-2</ele>
        <time>2026-10-06T12:19:21.000Z</time>
        <extensions>
          <ns3:TrackPointExtension>
            <ns3:hr>190</ns3:hr>
            <ns3:cad>95</ns3:cad>
          </ns3:TrackPointExtension>
        </extensions>
      </trkpt>
      <trkpt lat="39.8733572848141193389892578125" lon="124.15243000723421573638916015625">
        <ele>-2</ele>
        <time>2026-10-06T12:19:22.000Z</time>
        <extensions>
          <ns3:TrackPointExtension>
            <ns3:hr>190</ns3:hr>
            <ns3:cad>95</ns3:cad>
          </ns3:TrackPointExtension>
        </extensions>
      </trkpt>
      <trkpt lat="39.87338687293231487274169921875" lon="124.1524560749530792236328125">
        <ele>-2</ele>
        <time>2026-10-06T12:19:23.000Z</time>
        <extensions>
          <ns3:TrackPointExtension>
            <ns3:hr>190</ns3:hr>
            <ns3:cad>93</ns3:cad>
          </ns3:TrackPointExtension>
        </extensions>
      </trkpt>
      <trkpt lat="39.873420484364032745361328125" lon="124.15249572135508060455322265625">
        <ele>-2</ele>
        <time>2026-10-06T12:19:24.000Z</time>
        <extensions>
          <ns3:TrackPointExtension>
            <ns3:hr>190</ns3:hr>
            <ns3:cad>93</ns3:cad>
          </ns3:TrackPointExtension>
        </extensions>
      </trkpt>
      <trkpt lat="39.873451329767704010009765625" lon="124.152523465454578399658203125">
        <ele>-2</ele>
        <time>2026-10-06T12:19:25.000Z</time>
        <extensions>
          <ns3:TrackPointExtension>
            <ns3:hr>190</ns3:hr>
            <ns3:cad>93</ns3:cad>
          </ns3:TrackPointExtension>
        </extensions>
      </trkpt>
      <trkpt lat="39.8734833486378192901611328125" lon="124.152565710246562957763671875">
        <ele>-2</ele>
        <time>2026-10-06T12:19:26.000Z</time>
        <extensions>
          <ns3:TrackPointExtension>
            <ns3:hr>189</ns3:hr>
            <ns3:cad>93</ns3:cad>
          </ns3:TrackPointExtension>
        </extensions>
      </trkpt>
      <trkpt lat="39.8735128529369831085205078125" lon="124.1525819711387157440185546875">
        <ele>-2</ele>
        <time>2026-10-06T12:19:27.000Z</time>
        <extensions>
          <ns3:TrackPointExtension>
            <ns3:hr>190</ns3:hr>
            <ns3:cad>93</ns3:cad>
          </ns3:TrackPointExtension>
        </extensions>
      </trkpt>
      <trkpt lat="39.8735493980348110198974609375" lon="124.1526205278933048248291015625">
        <ele>-2</ele>
        <time>2026-10-06T12:19:28.000Z</time>
        <extensions>
          <ns3:TrackPointExtension>
            <ns3:hr>193</ns3:hr>
            <ns3:cad>93</ns3:cad>
          </ns3:TrackPointExtension>
        </extensions>
      </trkpt>
      <trkpt lat="39.87358502112329006195068359375" lon="124.15264072827994823455810546875">
        <ele>-1.7999999523162841796875</ele>
        <time>2026-10-06T12:19:29.000Z</time>
        <extensions>
          <ns3:TrackPointExtension>
            <ns3:hr>192</ns3:hr>
            <ns3:cad>94</ns3:cad>
          </ns3:TrackPointExtension>
        </extensions>
      </trkpt>
      <trkpt lat="39.87362156622111797332763671875" lon="124.1526733338832855224609375">
        <ele>-1.7999999523162841796875</ele>
        <time>2026-10-06T12:19:30.000Z</time>
        <extensions>
          <ns3:TrackPointExtension>
            <ns3:hr>191</ns3:hr>
            <ns3:cad>94</ns3:cad>
          </ns3:TrackPointExtension>
        </extensions>
      </trkpt>
      <trkpt lat="39.87365526147186756134033203125" lon="124.15269822813570499420166015625">
        <ele>-2</ele>
        <time>2026-10-06T12:19:31.000Z</time>
        <extensions>
          <ns3:TrackPointExtension>
            <ns3:hr>191</ns3:hr>
            <ns3:cad>94</ns3:cad>
          </ns3:TrackPointExtension>
        </extensions>
      </trkpt>
      <trkpt lat="39.87369038164615631103515625" lon="124.15272572077810764312744140625">
        <ele>-2</ele>
        <time>2026-10-06T12:19:32.000Z</time>
        <extensions>
          <ns3:TrackPointExtension>
            <ns3:hr>191</ns3:hr>
            <ns3:cad>94</ns3:cad>
          </ns3:TrackPointExtension>
        </extensions>
      </trkpt>
      <trkpt lat="39.8737297765910625457763671875" lon="124.15276109240949153900146484375">
        <ele>-2</ele>
        <time>2026-10-06T12:19:33.000Z</time>
        <extensions>
          <ns3:TrackPointExtension>
            <ns3:hr>191</ns3:hr>
            <ns3:cad>91</ns3:cad>
          </ns3:TrackPointExtension>
        </extensions>
      </trkpt>
      <trkpt lat="39.87376221455633640289306640625" lon="124.15278808213770389556884765625">
        <ele>-2</ele>
        <time>2026-10-06T12:19:34.000Z</time>
        <extensions>
          <ns3:TrackPointExtension>
            <ns3:hr>191</ns3:hr>
            <ns3:cad>91</ns3:cad>
          </ns3:TrackPointExtension>
        </extensions>
      </trkpt>
      <trkpt lat="39.87379490397870540618896484375" lon="124.152827560901641845703125">
        <ele>-2</ele>
        <time>2026-10-06T12:19:35.000Z</time>
        <extensions>
          <ns3:TrackPointExtension>
            <ns3:hr>191</ns3:hr>
            <ns3:cad>91</ns3:cad>
          </ns3:TrackPointExtension>
        </extensions>
      </trkpt>
      <trkpt lat="39.87382407300174236297607421875" lon="124.15285932831466197967529296875">
        <ele>-2</ele>
        <time>2026-10-06T12:19:36.000Z</time>
        <extensions>
          <ns3:TrackPointExtension>
            <ns3:hr>191</ns3:hr>
            <ns3:cad>91</ns3:cad>
          </ns3:TrackPointExtension>
        </extensions>
      </trkpt>
      <trkpt lat="39.87386531196534633636474609375" lon="124.15289436466991901397705078125">
        <ele>-2</ele>
        <time>2026-10-06T12:19:37.000Z</time>
        <extensions>
          <ns3:TrackPointExtension>
            <ns3:hr>191</ns3:hr>
            <ns3:cad>91</ns3:cad>
          </ns3:TrackPointExtension>
        </extensions>
      </trkpt>
      <trkpt lat="39.873903281986713409423828125" lon="124.1529152356088161468505859375">
        <ele>-2</ele>
        <time>2026-10-06T12:19:38.000Z</time>
        <extensions>
          <ns3:TrackPointExtension>
            <ns3:hr>190</ns3:hr>
            <ns3:cad>91</ns3:cad>
          </ns3:TrackPointExtension>
        </extensions>
      </trkpt>
      <trkpt lat="39.87393974326550960540771484375" lon="124.15294666774570941925048828125">
        <ele>-2</ele>
        <time>2026-10-06T12:19:39.000Z</time>
        <extensions>
          <ns3:TrackPointExtension>
            <ns3:hr>191</ns3:hr>
            <ns3:cad>91</ns3:cad>
          </ns3:TrackPointExtension>
        </extensions>
      </trkpt>
      <trkpt lat="39.8739772103726863861083984375" lon="124.1529683768749237060546875">
        <ele>-2</ele>
        <time>2026-10-06T12:19:40.000Z</time>
        <extensions>
          <ns3:TrackPointExtension>
            <ns3:hr>191</ns3:hr>
            <ns3:cad>91</ns3:cad>
          </ns3:TrackPointExtension>
        </extensions>
      </trkpt>
      <trkpt lat="39.87401149235665798187255859375" lon="124.1529920138418674468994140625">
        <ele>-2</ele>
        <time>2026-10-06T12:19:41.000Z</time>
        <extensions>
          <ns3:TrackPointExtension>
            <ns3:hr>192</ns3:hr>
            <ns3:cad>91</ns3:cad>
          </ns3:TrackPointExtension>
        </extensions>
      </trkpt>
      <trkpt lat="39.87404803745448589324951171875" lon="124.15302713401615619659423828125">
        <ele>-2</ele>
        <time>2026-10-06T12:19:42.000Z</time>
        <extensions>
          <ns3:TrackPointExtension>
            <ns3:hr>193</ns3:hr>
            <ns3:cad>91</ns3:cad>
          </ns3:TrackPointExtension>
        </extensions>
      </trkpt>
      <trkpt lat="39.8740781284868717193603515625" lon="124.15304389782249927520751953125">
        <ele>-2</ele>
        <time>2026-10-06T12:19:43.000Z</time>
        <extensions>
          <ns3:TrackPointExtension>
            <ns3:hr>193</ns3:hr>
            <ns3:cad>91</ns3:cad>
          </ns3:TrackPointExtension>
        </extensions>
      </trkpt>
      <trkpt lat="39.8741121590137481689453125" lon="124.1530754975974559783935546875">
        <ele>-2</ele>
        <time>2026-10-06T12:19:44.000Z</time>
        <extensions>
          <ns3:TrackPointExtension>
            <ns3:hr>194</ns3:hr>
            <ns3:cad>91</ns3:cad>
          </ns3:TrackPointExtension>
        </extensions>
      </trkpt>
      <trkpt lat="39.87414660863578319549560546875" lon="124.1530895791947841644287109375">
        <ele>-2.2000000476837158203125</ele>
        <time>2026-10-06T12:19:45.000Z</time>
        <extensions>
          <ns3:TrackPointExtension>
            <ns3:hr>194</ns3:hr>
            <ns3:cad>91</ns3:cad>
          </ns3:TrackPointExtension>
        </extensions>
      </trkpt>
      <trkpt lat="39.87418298609554767608642578125" lon="124.15311682038009166717529296875">
        <ele>-2.2000000476837158203125</ele>
        <time>2026-10-06T12:19:46.000Z</time>
        <extensions>
          <ns3:TrackPointExtension>
            <ns3:hr>193</ns3:hr>
            <ns3:cad>91</ns3:cad>
          </ns3:TrackPointExtension>
        </extensions>
      </trkpt>
      <trkpt lat="39.87422053702175617218017578125" lon="124.15314313955605030059814453125">
        <ele>-2.2000000476837158203125</ele>
        <time>2026-10-06T12:19:47.000Z</time>
        <extensions>
          <ns3:TrackPointExtension>
            <ns3:hr>192</ns3:hr>
            <ns3:cad>94</ns3:cad>
          </ns3:TrackPointExtension>
        </extensions>
      </trkpt>
      <trkpt lat="39.8742578364908695220947265625" lon="124.15316082537174224853515625">
        <ele>-2</ele>
        <time>2026-10-06T12:19:48.000Z</time>
        <extensions>
          <ns3:TrackPointExtension>
            <ns3:hr>193</ns3:hr>
            <ns3:cad>94</ns3:cad>
          </ns3:TrackPointExtension>
        </extensions>
      </trkpt>
      <trkpt lat="39.87429521977901458740234375" lon="124.1531945206224918365478515625">
        <ele>-2</ele>
        <time>2026-10-06T12:19:49.000Z</time>
        <extensions>
          <ns3:TrackPointExtension>
            <ns3:hr>192</ns3:hr>
            <ns3:cad>94</ns3:cad>
          </ns3:TrackPointExtension>
        </extensions>
      </trkpt>
      <trkpt lat="39.87433201633393764495849609375" lon="124.15321270935237407684326171875">
        <ele>-2</ele>
        <time>2026-10-06T12:19:50.000Z</time>
        <extensions>
          <ns3:TrackPointExtension>
            <ns3:hr>192</ns3:hr>
            <ns3:cad>94</ns3:cad>
          </ns3:TrackPointExtension>
        </extensions>
      </trkpt>
      <trkpt lat="39.874365627765655517578125" lon="124.15323860943317413330078125">
        <ele>-2</ele>
        <time>2026-10-06T12:19:51.000Z</time>
        <extensions>
          <ns3:TrackPointExtension>
            <ns3:hr>192</ns3:hr>
            <ns3:cad>95</ns3:cad>
          </ns3:TrackPointExtension>
        </extensions>
      </trkpt>
      <trkpt lat="39.8744003288447856903076171875" lon="124.1532562114298343658447265625">
        <ele>-2</ele>
        <time>2026-10-06T12:19:52.000Z</time>
        <extensions>
          <ns3:TrackPointExtension>
            <ns3:hr>191</ns3:hr>
            <ns3:cad>95</ns3:cad>
          </ns3:TrackPointExtension>
        </extensions>
      </trkpt>
      <trkpt lat="39.874435029923915863037109375" lon="124.15328009985387325286865234375">
        <ele>-2</ele>
        <time>2026-10-06T12:19:53.000Z</time>
        <extensions>
          <ns3:TrackPointExtension>
            <ns3:hr>192</ns3:hr>
            <ns3:cad>95</ns3:cad>
          </ns3:TrackPointExtension>
        </extensions>
      </trkpt>
      <trkpt lat="39.87446394748985767364501953125" lon="124.15329736657440662384033203125">
        <ele>-2</ele>
        <time>2026-10-06T12:19:54.000Z</time>
        <extensions>
          <ns3:TrackPointExtension>
            <ns3:hr>191</ns3:hr>
            <ns3:cad>95</ns3:cad>
          </ns3:TrackPointExtension>
        </extensions>
      </trkpt>
      <trkpt lat="39.87450233660638332366943359375" lon="124.153320752084255218505859375">
        <ele>-2</ele>
        <time>2026-10-06T12:19:55.000Z</time>
        <extensions>
          <ns3:TrackPointExtension>
            <ns3:hr>193</ns3:hr>
            <ns3:cad>95</ns3:cad>
          </ns3:TrackPointExtension>
        </extensions>
      </trkpt>
      <trkpt lat="39.874540306627750396728515625" lon="124.1533467359840869903564453125">
        <ele>-2</ele>
        <time>2026-10-06T12:19:56.000Z</time>
        <extensions>
          <ns3:TrackPointExtension>
            <ns3:hr>192</ns3:hr>
            <ns3:cad>95</ns3:cad>
          </ns3:TrackPointExtension>
        </extensions>
      </trkpt>
      <trkpt lat="39.87457660026848316192626953125" lon="124.1533641703426837921142578125">
        <ele>-2</ele>
        <time>2026-10-06T12:19:57.000Z</time>
        <extensions>
          <ns3:TrackPointExtension>
            <ns3:hr>193</ns3:hr>
            <ns3:cad>95</ns3:cad>
          </ns3:TrackPointExtension>
        </extensions>
      </trkpt>
      <trkpt lat="39.8746202699840068817138671875" lon="124.15339644066989421844482421875">
        <ele>-1.7999999523162841796875</ele>
        <time>2026-10-06T12:19:58.000Z</time>
        <extensions>
          <ns3:TrackPointExtension>
            <ns3:hr>192</ns3:hr>
            <ns3:cad>95</ns3:cad>
          </ns3:TrackPointExtension>
        </extensions>
      </trkpt>
      <trkpt lat="39.87465195357799530029296875" lon="124.15341295301914215087890625">
        <ele>-1.7999999523162841796875</ele>
        <time>2026-10-06T12:19:59.000Z</time>
        <extensions>
          <ns3:TrackPointExtension>
            <ns3:hr>192</ns3:hr>
            <ns3:cad>95</ns3:cad>
          </ns3:TrackPointExtension>
        </extensions>
      </trkpt>
      <trkpt lat="39.87468925304710865020751953125" lon="124.153442122042179107666015625">
        <ele>-1.7999999523162841796875</ele>
        <time>2026-10-06T12:20:00.000Z</time>
        <extensions>
          <ns3:TrackPointExtension>
            <ns3:hr>192</ns3:hr>
            <ns3:cad>95</ns3:cad>
          </ns3:TrackPointExtension>
        </extensions>
      </trkpt>
      <trkpt lat="39.87472764216363430023193359375" lon="124.15345561690628528594970703125">
        <ele>-2</ele>
        <time>2026-10-06T12:20:01.000Z</time>
        <extensions>
          <ns3:TrackPointExtension>
            <ns3:hr>191</ns3:hr>
            <ns3:cad>95</ns3:cad>
          </ns3:TrackPointExtension>
        </extensions>
      </trkpt>
      <trkpt lat="39.87476770766079425811767578125" lon="124.15347824804484844207763671875">
        <ele>-2</ele>
        <time>2026-10-06T12:20:02.000Z</time>
        <extensions>
          <ns3:TrackPointExtension>
            <ns3:hr>192</ns3:hr>
            <ns3:cad>95</ns3:cad>
          </ns3:TrackPointExtension>
        </extensions>
      </trkpt>
      <trkpt lat="39.8748053424060344696044921875" lon="124.15350146591663360595703125">
        <ele>-2</ele>
        <time>2026-10-06T12:20:03.000Z</time>
        <extensions>
          <ns3:TrackPointExtension>
            <ns3:hr>192</ns3:hr>
            <ns3:cad>95</ns3:cad>
          </ns3:TrackPointExtension>
        </extensions>
      </trkpt>
      <trkpt lat="39.8748390376567840576171875" lon="124.1535209119319915771484375">
        <ele>-2</ele>
        <time>2026-10-06T12:20:04.000Z</time>
        <extensions>
          <ns3:TrackPointExtension>
            <ns3:hr>191</ns3:hr>
            <ns3:cad>95</ns3:cad>
          </ns3:TrackPointExtension>
        </extensions>
      </trkpt>
      <trkpt lat="39.87487717531621456146240234375" lon="124.15354630909860134124755859375">
        <ele>-2</ele>
        <time>2026-10-06T12:20:05.000Z</time>
        <extensions>
          <ns3:TrackPointExtension>
            <ns3:hr>191</ns3:hr>
            <ns3:cad>95</ns3:cad>
          </ns3:TrackPointExtension>
        </extensions>
      </trkpt>
      <trkpt lat="39.8749166540801525115966796875" lon="124.15356592275202274322509765625">
        <ele>-2</ele>
        <time>2026-10-06T12:20:06.000Z</time>
        <extensions>
          <ns3:TrackPointExtension>
            <ns3:hr>191</ns3:hr>
            <ns3:cad>95</ns3:cad>
          </ns3:TrackPointExtension>
        </extensions>
      </trkpt>
      <trkpt lat="39.874948002398014068603515625" lon="124.1535891406238079071044921875">
        <ele>-2</ele>
        <time>2026-10-06T12:20:07.000Z</time>
        <extensions>
          <ns3:TrackPointExtension>
            <ns3:hr>191</ns3:hr>
            <ns3:cad>95</ns3:cad>
          </ns3:TrackPointExtension>
        </extensions>
      </trkpt>
      <trkpt lat="39.87497909925878047943115234375" lon="124.15360607206821441650390625">
        <ele>-2</ele>
        <time>2026-10-06T12:20:08.000Z</time>
        <extensions>
          <ns3:TrackPointExtension>
            <ns3:hr>191</ns3:hr>
            <ns3:cad>95</ns3:cad>
          </ns3:TrackPointExtension>
        </extensions>
      </trkpt>
      <trkpt lat="39.8750175721943378448486328125" lon="124.1536323912441730499267578125">
        <ele>-2</ele>
        <time>2026-10-06T12:20:09.000Z</time>
        <extensions>
          <ns3:TrackPointExtension>
            <ns3:hr>192</ns3:hr>
            <ns3:cad>93</ns3:cad>
          </ns3:TrackPointExtension>
        </extensions>
      </trkpt>
      <trkpt lat="39.87505738623440265655517578125" lon="124.15365242399275302886962890625">
        <ele>-2</ele>
        <time>2026-10-06T12:20:10.000Z</time>
        <extensions>
          <ns3:TrackPointExtension>
            <ns3:hr>192</ns3:hr>
            <ns3:cad>93</ns3:cad>
          </ns3:TrackPointExtension>
        </extensions>
      </trkpt>
      <trkpt lat="39.87509476952254772186279296875" lon="124.153676144778728485107421875">
        <ele>-2</ele>
        <time>2026-10-06T12:20:11.000Z</time>
        <extensions>
          <ns3:TrackPointExtension>
            <ns3:hr>194</ns3:hr>
            <ns3:cad>95</ns3:cad>
          </ns3:TrackPointExtension>
        </extensions>
      </trkpt>
      <trkpt lat="39.87513818778097629547119140625" lon="124.15370799601078033447265625">
        <ele>-2</ele>
        <time>2026-10-06T12:20:12.000Z</time>
        <extensions>
          <ns3:TrackPointExtension>
            <ns3:hr>193</ns3:hr>
            <ns3:cad>95</ns3:cad>
          </ns3:TrackPointExtension>
        </extensions>
      </trkpt>
      <trkpt lat="39.87517573870718479156494140625" lon="124.15372182615101337432861328125">
        <ele>-2</ele>
        <time>2026-10-06T12:20:13.000Z</time>
        <extensions>
          <ns3:TrackPointExtension>
            <ns3:hr>193</ns3:hr>
            <ns3:cad>95</ns3:cad>
          </ns3:TrackPointExtension>
        </extensions>
      </trkpt>
      <trkpt lat="39.87522033043205738067626953125" lon="124.153755269944667816162109375">
        <ele>-2</ele>
        <time>2026-10-06T12:20:14.000Z</time>
        <extensions>
          <ns3:TrackPointExtension>
            <ns3:hr>193</ns3:hr>
            <ns3:cad>95</ns3:cad>
          </ns3:TrackPointExtension>
        </extensions>
      </trkpt>
      <trkpt lat="39.8752572946250438690185546875" lon="124.1537695191800594329833984375">
        <ele>-2</ele>
        <time>2026-10-06T12:20:15.000Z</time>
        <extensions>
          <ns3:TrackPointExtension>
            <ns3:hr>193</ns3:hr>
            <ns3:cad>95</ns3:cad>
          </ns3:TrackPointExtension>
        </extensions>
      </trkpt>
      <trkpt lat="39.8753002099692821502685546875" lon="124.15379793383181095123291015625">
        <ele>-2</ele>
        <time>2026-10-06T12:20:16.000Z</time>
        <extensions>
          <ns3:TrackPointExtension>
            <ns3:hr>192</ns3:hr>
            <ns3:cad>93</ns3:cad>
          </ns3:TrackPointExtension>
        </extensions>
      </trkpt>
      <trkpt lat="39.87534153275191783905029296875" lon="124.1538132727146148681640625">
        <ele>-2</ele>
        <time>2026-10-06T12:20:17.000Z</time>
        <extensions>
          <ns3:TrackPointExtension>
            <ns3:hr>192</ns3:hr>
            <ns3:cad>92</ns3:cad>
          </ns3:TrackPointExtension>
        </extensions>
      </trkpt>
      <trkpt lat="39.87538076005876064300537109375" lon="124.1538392566144466400146484375">
        <ele>-2</ele>
        <time>2026-10-06T12:20:18.000Z</time>
        <extensions>
          <ns3:TrackPointExtension>
            <ns3:hr>192</ns3:hr>
            <ns3:cad>92</ns3:cad>
          </ns3:TrackPointExtension>
        </extensions>
      </trkpt>
      <trkpt lat="39.875418730080127716064453125" lon="124.1538583673536777496337890625">
        <ele>-2</ele>
        <time>2026-10-06T12:20:19.000Z</time>
        <extensions>
          <ns3:TrackPointExtension>
            <ns3:hr>192</ns3:hr>
            <ns3:cad>92</ns3:cad>
          </ns3:TrackPointExtension>
        </extensions>
      </trkpt>
      <trkpt lat="39.87544915638864040374755859375" lon="124.1538803279399871826171875">
        <ele>-2</ele>
        <time>2026-10-06T12:20:20.000Z</time>
        <extensions>
          <ns3:TrackPointExtension>
            <ns3:hr>194</ns3:hr>
            <ns3:cad>92</ns3:cad>
          </ns3:TrackPointExtension>
        </extensions>
      </trkpt>
      <trkpt lat="39.87548586912453174591064453125" lon="124.15390916168689727783203125">
        <ele>-2</ele>
        <time>2026-10-06T12:20:21.000Z</time>
        <extensions>
          <ns3:TrackPointExtension>
            <ns3:hr>195</ns3:hr>
            <ns3:cad>92</ns3:cad>
          </ns3:TrackPointExtension>
        </extensions>
      </trkpt>
      <trkpt lat="39.87551973201334476470947265625" lon="124.15392123162746429443359375">
        <ele>-2</ele>
        <time>2026-10-06T12:20:22.000Z</time>
        <extensions>
          <ns3:TrackPointExtension>
            <ns3:hr>194</ns3:hr>
            <ns3:cad>92</ns3:cad>
          </ns3:TrackPointExtension>
        </extensions>
      </trkpt>
      <trkpt lat="39.875566251575946807861328125" lon="124.15395677089691162109375">
        <ele>-2.2000000476837158203125</ele>
        <time>2026-10-06T12:20:23.000Z</time>
        <extensions>
          <ns3:TrackPointExtension>
            <ns3:hr>194</ns3:hr>
            <ns3:cad>92</ns3:cad>
          </ns3:TrackPointExtension>
        </extensions>
      </trkpt>
      <trkpt lat="39.87560413777828216552734375" lon="124.15397630073130130767822265625">
        <ele>-2.2000000476837158203125</ele>
        <time>2026-10-06T12:20:24.000Z</time>
        <extensions>
          <ns3:TrackPointExtension>
            <ns3:hr>193</ns3:hr>
            <ns3:cad>92</ns3:cad>
          </ns3:TrackPointExtension>
        </extensions>
      </trkpt>
      <trkpt lat="39.8756458796560764312744140625" lon="124.1540037095546722412109375">
        <ele>-2.2000000476837158203125</ele>
        <time>2026-10-06T12:20:25.000Z</time>
        <extensions>
          <ns3:TrackPointExtension>
            <ns3:hr>193</ns3:hr>
            <ns3:cad>92</ns3:cad>
          </ns3:TrackPointExtension>
        </extensions>
      </trkpt>
      <trkpt lat="39.87568368203938007354736328125" lon="124.154020808637142181396484375">
        <ele>-2.2000000476837158203125</ele>
        <time>2026-10-06T12:20:26.000Z</time>
        <extensions>
          <ns3:TrackPointExtension>
            <ns3:hr>193</ns3:hr>
            <ns3:cad>92</ns3:cad>
          </ns3:TrackPointExtension>
        </extensions>
      </trkpt>
      <trkpt lat="39.87572223879396915435791015625" lon="124.154044948518276214599609375">
        <ele>-2.2000000476837158203125</ele>
        <time>2026-10-06T12:20:27.000Z</time>
        <extensions>
          <ns3:TrackPointExtension>
            <ns3:hr>193</ns3:hr>
            <ns3:cad>93</ns3:cad>
          </ns3:TrackPointExtension>
        </extensions>
      </trkpt>
      <trkpt lat="39.87576146610081195831298828125" lon="124.15407068096101284027099609375">
        <ele>-2.400000095367431640625</ele>
        <time>2026-10-06T12:20:28.000Z</time>
        <extensions>
          <ns3:TrackPointExtension>
            <ns3:hr>192</ns3:hr>
            <ns3:cad>93</ns3:cad>
          </ns3:TrackPointExtension>
        </extensions>
      </trkpt>
      <trkpt lat="39.87579482607543468475341796875" lon="124.15408392436802387237548828125">
        <ele>-2.2000000476837158203125</ele>
        <time>2026-10-06T12:20:29.000Z</time>
        <extensions>
          <ns3:TrackPointExtension>
            <ns3:hr>192</ns3:hr>
            <ns3:cad>93</ns3:cad>
          </ns3:TrackPointExtension>
        </extensions>
      </trkpt>
      <trkpt lat="39.87583816051483154296875" lon="124.1541218943893909454345703125">
        <ele>-2.2000000476837158203125</ele>
        <time>2026-10-06T12:20:30.000Z</time>
        <extensions>
          <ns3:TrackPointExtension>
            <ns3:hr>194</ns3:hr>
            <ns3:cad>93</ns3:cad>
          </ns3:TrackPointExtension>
        </extensions>
      </trkpt>
      <trkpt lat="39.8758745379745960235595703125" lon="124.1541378200054168701171875">
        <ele>-2.2000000476837158203125</ele>
        <time>2026-10-06T12:20:31.000Z</time>
        <extensions>
          <ns3:TrackPointExtension>
            <ns3:hr>195</ns3:hr>
            <ns3:cad>93</ns3:cad>
          </ns3:TrackPointExtension>
        </extensions>
      </trkpt>
      <trkpt lat="39.87590965814888477325439453125" lon="124.1541661508381366729736328125">
        <ele>-2.2000000476837158203125</ele>
        <time>2026-10-06T12:20:32.000Z</time>
        <extensions>
          <ns3:TrackPointExtension>
            <ns3:hr>195</ns3:hr>
            <ns3:cad>93</ns3:cad>
          </ns3:TrackPointExtension>
        </extensions>
      </trkpt>
      <trkpt lat="39.8759422637522220611572265625" lon="124.1541835851967334747314453125">
        <ele>-2.2000000476837158203125</ele>
        <time>2026-10-06T12:20:33.000Z</time>
        <extensions>
          <ns3:TrackPointExtension>
            <ns3:hr>195</ns3:hr>
            <ns3:cad>93</ns3:cad>
          </ns3:TrackPointExtension>
        </extensions>
      </trkpt>
      <trkpt lat="39.8759801499545574188232421875" lon="124.154211916029453277587890625">
        <ele>-2.2000000476837158203125</ele>
        <time>2026-10-06T12:20:34.000Z</time>
        <extensions>
          <ns3:TrackPointExtension>
            <ns3:hr>193</ns3:hr>
            <ns3:cad>93</ns3:cad>
          </ns3:TrackPointExtension>
        </extensions>
      </trkpt>
      <trkpt lat="39.87602029927074909210205078125" lon="124.15423144586384296417236328125">
        <ele>-2.2000000476837158203125</ele>
        <time>2026-10-06T12:20:35.000Z</time>
        <extensions>
          <ns3:TrackPointExtension>
            <ns3:hr>193</ns3:hr>
            <ns3:cad>93</ns3:cad>
          </ns3:TrackPointExtension>
        </extensions>
      </trkpt>
      <trkpt lat="39.876058436930179595947265625" lon="124.15424770675599575042724609375">
        <ele>-2.2000000476837158203125</ele>
        <time>2026-10-06T12:20:36.000Z</time>
        <extensions>
          <ns3:TrackPointExtension>
            <ns3:hr>193</ns3:hr>
            <ns3:cad>93</ns3:cad>
          </ns3:TrackPointExtension>
        </extensions>
      </trkpt>
      <trkpt lat="39.87609925679862499237060546875" lon="124.15427385829389095306396484375">
        <ele>-2.2000000476837158203125</ele>
        <time>2026-10-06T12:20:37.000Z</time>
        <extensions>
          <ns3:TrackPointExtension>
            <ns3:hr>193</ns3:hr>
            <ns3:cad>93</ns3:cad>
          </ns3:TrackPointExtension>
        </extensions>
      </trkpt>
      <trkpt lat="39.87613278441131114959716796875" lon="124.15429531596601009368896484375">
        <ele>-2.2000000476837158203125</ele>
        <time>2026-10-06T12:20:38.000Z</time>
        <extensions>
          <ns3:TrackPointExtension>
            <ns3:hr>192</ns3:hr>
            <ns3:cad>93</ns3:cad>
          </ns3:TrackPointExtension>
        </extensions>
      </trkpt>
      <trkpt lat="39.876173436641693115234375" lon="124.15432758629322052001953125">
        <ele>-2.400000095367431640625</ele>
        <time>2026-10-06T12:20:39.000Z</time>
        <extensions>
          <ns3:TrackPointExtension>
            <ns3:hr>194</ns3:hr>
            <ns3:cad>93</ns3:cad>
          </ns3:TrackPointExtension>
        </extensions>
      </trkpt>
      <trkpt lat="39.87620604224503040313720703125" lon="124.15433722548186779022216796875">
        <ele>-2.400000095367431640625</ele>
        <time>2026-10-06T12:20:40.000Z</time>
        <extensions>
          <ns3:TrackPointExtension>
            <ns3:hr>193</ns3:hr>
            <ns3:cad>94</ns3:cad>
          </ns3:TrackPointExtension>
        </extensions>
      </trkpt>
      <trkpt lat="39.87624459899961948394775390625" lon="124.154368154704570770263671875">
        <ele>-2.400000095367431640625</ele>
        <time>2026-10-06T12:20:41.000Z</time>
        <extensions>
          <ns3:TrackPointExtension>
            <ns3:hr>193</ns3:hr>
            <ns3:cad>94</ns3:cad>
          </ns3:TrackPointExtension>
        </extensions>
      </trkpt>
      <trkpt lat="39.87628315575420856475830078125" lon="124.1543881036341190338134765625">
        <ele>-2.400000095367431640625</ele>
        <time>2026-10-06T12:20:42.000Z</time>
        <extensions>
          <ns3:TrackPointExtension>
            <ns3:hr>194</ns3:hr>
            <ns3:cad>94</ns3:cad>
          </ns3:TrackPointExtension>
        </extensions>
      </trkpt>
      <trkpt lat="39.876321293413639068603515625" lon="124.15441609919071197509765625">
        <ele>-2.400000095367431640625</ele>
        <time>2026-10-06T12:20:43.000Z</time>
        <extensions>
          <ns3:TrackPointExtension>
            <ns3:hr>194</ns3:hr>
            <ns3:cad>94</ns3:cad>
          </ns3:TrackPointExtension>
        </extensions>
      </trkpt>
      <trkpt lat="39.8763573355972766876220703125" lon="124.15443780831992626190185546875">
        <ele>-2.400000095367431640625</ele>
        <time>2026-10-06T12:20:44.000Z</time>
        <extensions>
          <ns3:TrackPointExtension>
            <ns3:hr>193</ns3:hr>
            <ns3:cad>94</ns3:cad>
          </ns3:TrackPointExtension>
        </extensions>
      </trkpt>
      <trkpt lat="39.87639128230512142181396484375" lon="124.154455326497554779052734375">
        <ele>-2.599999904632568359375</ele>
        <time>2026-10-06T12:20:45.000Z</time>
        <extensions>
          <ns3:TrackPointExtension>
            <ns3:hr>193</ns3:hr>
            <ns3:cad>93</ns3:cad>
          </ns3:TrackPointExtension>
        </extensions>
      </trkpt>
      <trkpt lat="39.8764361254870891571044921875" lon="124.15448994375765323638916015625">
        <ele>-2.599999904632568359375</ele>
        <time>2026-10-06T12:20:46.000Z</time>
        <extensions>
          <ns3:TrackPointExtension>
            <ns3:hr>193</ns3:hr>
            <ns3:cad>93</ns3:cad>
          </ns3:TrackPointExtension>
        </extensions>
      </trkpt>
      <trkpt lat="39.87646906636655330657958984375" lon="124.15450620464980602264404296875">
        <ele>-2.599999904632568359375</ele>
        <time>2026-10-06T12:20:47.000Z</time>
        <extensions>
          <ns3:TrackPointExtension>
            <ns3:hr>192</ns3:hr>
            <ns3:cad>95</ns3:cad>
          </ns3:TrackPointExtension>
        </extensions>
      </trkpt>
      <trkpt lat="39.8765058629214763641357421875" lon="124.15452665649354457855224609375">
        <ele>-2.599999904632568359375</ele>
        <time>2026-10-06T12:20:48.000Z</time>
        <extensions>
          <ns3:TrackPointExtension>
            <ns3:hr>192</ns3:hr>
            <ns3:cad>95</ns3:cad>
          </ns3:TrackPointExtension>
        </extensions>
      </trkpt>
      <trkpt lat="39.8765357024967670440673828125" lon="124.154536463320255279541015625">
        <ele>-2.599999904632568359375</ele>
        <time>2026-10-06T12:20:49.000Z</time>
        <extensions>
          <ns3:TrackPointExtension>
            <ns3:hr>194</ns3:hr>
            <ns3:cad>95</ns3:cad>
          </ns3:TrackPointExtension>
        </extensions>
      </trkpt>
      <trkpt lat="39.87656897865235805511474609375" lon="124.15455917827785015106201171875">
        <ele>-2.599999904632568359375</ele>
        <time>2026-10-06T12:20:50.000Z</time>
        <extensions>
          <ns3:TrackPointExtension>
            <ns3:hr>194</ns3:hr>
            <ns3:cad>95</ns3:cad>
          </ns3:TrackPointExtension>
        </extensions>
      </trkpt>
      <trkpt lat="39.87659521400928497314453125" lon="124.15458164177834987640380859375">
        <ele>-2.599999904632568359375</ele>
        <time>2026-10-06T12:20:51.000Z</time>
        <extensions>
          <ns3:TrackPointExtension>
            <ns3:hr>193</ns3:hr>
            <ns3:cad>95</ns3:cad>
          </ns3:TrackPointExtension>
        </extensions>
      </trkpt>
      <trkpt lat="39.876612983644008636474609375" lon="124.15458910167217254638671875">
        <ele>-2.599999904632568359375</ele>
        <time>2026-10-06T12:20:52.000Z</time>
        <extensions>
          <ns3:TrackPointExtension>
            <ns3:hr>193</ns3:hr>
            <ns3:cad>95</ns3:cad>
          </ns3:TrackPointExtension>
        </extensions>
      </trkpt>
      <trkpt lat="39.876634776592254638671875" lon="124.1545857489109039306640625">
        <ele>-2.599999904632568359375</ele>
        <time>2026-10-06T12:20:53.000Z</time>
        <extensions>
          <ns3:TrackPointExtension>
            <ns3:hr>193</ns3:hr>
            <ns3:cad>95</ns3:cad>
          </ns3:TrackPointExtension>
        </extensions>
      </trkpt>
      <trkpt lat="39.876648522913455963134765625" lon="124.1545916162431240081787109375">
        <ele>-2.599999904632568359375</ele>
        <time>2026-10-06T12:20:54.000Z</time>
        <extensions>
          <ns3:TrackPointExtension>
            <ns3:hr>193</ns3:hr>
            <ns3:cad>95</ns3:cad>
          </ns3:TrackPointExtension>
        </extensions>
      </trkpt>
      <trkpt lat="39.876661263406276702880859375" lon="124.1545963101089000701904296875">
        <ele>-2.599999904632568359375</ele>
        <time>2026-10-06T12:20:55.000Z</time>
        <extensions>
          <ns3:TrackPointExtension>
            <ns3:hr>192</ns3:hr>
            <ns3:cad>95</ns3:cad>
          </ns3:TrackPointExtension>
        </extensions>
      </trkpt>
      <trkpt lat="39.87666553817689418792724609375" lon="124.154592789709568023681640625">
        <ele>-2.599999904632568359375</ele>
        <time>2026-10-06T12:20:56.000Z</time>
        <extensions>
          <ns3:TrackPointExtension>
            <ns3:hr>191</ns3:hr>
            <ns3:cad>0</ns3:cad>
          </ns3:TrackPointExtension>
        </extensions>
      </trkpt>
      <trkpt lat="39.876677691936492919921875" lon="124.15460251271724700927734375">
        <ele>-2.599999904632568359375</ele>
        <time>2026-10-06T12:20:57.000Z</time>
        <extensions>
          <ns3:TrackPointExtension>
            <ns3:hr>192</ns3:hr>
            <ns3:cad>0</ns3:cad>
          </ns3:TrackPointExtension>
        </extensions>
      </trkpt>
      <trkpt lat="39.8766899295151233673095703125" lon="124.15461122989654541015625">
        <ele>-2.7999999523162841796875</ele>
        <time>2026-10-06T12:20:58.000Z</time>
        <extensions>
          <ns3:TrackPointExtension>
            <ns3:hr>190</ns3:hr>
            <ns3:cad>0</ns3:cad>
          </ns3:TrackPointExtension>
        </extensions>
      </trkpt>
      <trkpt lat="39.876701496541500091552734375" lon="124.1546194441616535186767578125">
        <ele>-2.7999999523162841796875</ele>
        <time>2026-10-06T12:20:59.000Z</time>
        <extensions>
          <ns3:TrackPointExtension>
            <ns3:hr>190</ns3:hr>
            <ns3:cad>0</ns3:cad>
          </ns3:TrackPointExtension>
        </extensions>
      </trkpt>
      <trkpt lat="39.87670996226370334625244140625" lon="124.1546248085796833038330078125">
        <ele>-2.7999999523162841796875</ele>
        <time>2026-10-06T12:21:00.000Z</time>
        <extensions>
          <ns3:TrackPointExtension>
            <ns3:hr>190</ns3:hr>
            <ns3:cad>53</ns3:cad>
          </ns3:TrackPointExtension>
        </extensions>
      </trkpt>
      <trkpt lat="39.87671448849141597747802734375" lon="124.15462388657033443450927734375">
        <ele>-3</ele>
        <time>2026-10-06T12:21:01.000Z</time>
        <extensions>
          <ns3:TrackPointExtension>
            <ns3:hr>188</ns3:hr>
            <ns3:cad>53</ns3:cad>
          </ns3:TrackPointExtension>
        </extensions>
      </trkpt>
      <trkpt lat="39.87671968527138233184814453125" lon="124.15462237782776355743408203125">
        <ele>-3</ele>
        <time>2026-10-06T12:21:02.000Z</time>
        <extensions>
          <ns3:TrackPointExtension>
            <ns3:hr>188</ns3:hr>
            <ns3:cad>53</ns3:cad>
          </ns3:TrackPointExtension>
        </extensions>
      </trkpt>
      <trkpt lat="39.87672840245068073272705078125" lon="124.1546259820461273193359375">
        <ele>-3</ele>
        <time>2026-10-06T12:21:03.000Z</time>
        <extensions>
          <ns3:TrackPointExtension>
            <ns3:hr>187</ns3:hr>
            <ns3:cad>53</ns3:cad>
          </ns3:TrackPointExtension>
        </extensions>
      </trkpt>
      <trkpt lat="39.87673938274383544921875" lon="124.15463360957801342010498046875">
        <ele>-3</ele>
        <time>2026-10-06T12:21:04.000Z</time>
        <extensions>
          <ns3:TrackPointExtension>
            <ns3:hr>187</ns3:hr>
            <ns3:cad>53</ns3:cad>
          </ns3:TrackPointExtension>
        </extensions>
      </trkpt>
      <trkpt lat="39.87675170414149761199951171875" lon="124.1546459309756755828857421875">
        <ele>-3</ele>
        <time>2026-10-06T12:21:05.000Z</time>
        <extensions>
          <ns3:TrackPointExtension>
            <ns3:hr>187</ns3:hr>
            <ns3:cad>52</ns3:cad>
          </ns3:TrackPointExtension>
        </extensions>
      </trkpt>
      <trkpt lat="39.87676310352981090545654296875" lon="124.154653809964656829833984375">
        <ele>-3</ele>
        <time>2026-10-06T12:21:06.000Z</time>
        <extensions>
          <ns3:TrackPointExtension>
            <ns3:hr>186</ns3:hr>
            <ns3:cad>52</ns3:cad>
          </ns3:TrackPointExtension>
        </extensions>
      </trkpt>
      <trkpt lat="39.876773245632648468017578125" lon="124.154662527143955230712890625">
        <ele>-3</ele>
        <time>2026-10-06T12:21:07.000Z</time>
        <extensions>
          <ns3:TrackPointExtension>
            <ns3:hr>185</ns3:hr>
            <ns3:cad>52</ns3:cad>
          </ns3:TrackPointExtension>
        </extensions>
      </trkpt>
      <trkpt lat="39.87678104080259799957275390625" lon="124.15467032231390476226806640625">
        <ele>-3</ele>
        <time>2026-10-06T12:21:08.000Z</time>
        <extensions>
          <ns3:TrackPointExtension>
            <ns3:hr>185</ns3:hr>
            <ns3:cad>52</ns3:cad>
          </ns3:TrackPointExtension>
        </extensions>
      </trkpt>
      <trkpt lat="39.87678690813481807708740234375" lon="124.15467702783644199371337890625">
        <ele>-3</ele>
        <time>2026-10-06T12:21:09.000Z</time>
        <extensions>
          <ns3:TrackPointExtension>
            <ns3:hr>184</ns3:hr>
            <ns3:cad>51</ns3:cad>
          </ns3:TrackPointExtension>
        </extensions>
      </trkpt>
      <trkpt lat="39.876792691648006439208984375" lon="124.1546828113496303558349609375">
        <ele>-3</ele>
        <time>2026-10-06T12:21:10.000Z</time>
        <extensions>
          <ns3:TrackPointExtension>
            <ns3:hr>182</ns3:hr>
            <ns3:cad>51</ns3:cad>
          </ns3:TrackPointExtension>
        </extensions>
      </trkpt>
      <trkpt lat="39.8768032528460025787353515625" lon="124.15469370782375335693359375">
        <ele>-3</ele>
        <time>2026-10-06T12:21:11.000Z</time>
        <extensions>
          <ns3:TrackPointExtension>
            <ns3:hr>182</ns3:hr>
            <ns3:cad>51</ns3:cad>
          </ns3:TrackPointExtension>
        </extensions>
      </trkpt>
      <trkpt lat="39.8768112994730472564697265625" lon="124.15469882078468799591064453125">
        <ele>-3</ele>
        <time>2026-10-06T12:21:12.000Z</time>
        <extensions>
          <ns3:TrackPointExtension>
            <ns3:hr>181</ns3:hr>
            <ns3:cad>51</ns3:cad>
          </ns3:TrackPointExtension>
        </extensions>
      </trkpt>
      <trkpt lat="39.87682186067104339599609375" lon="124.15470468811690807342529296875">
        <ele>-3</ele>
        <time>2026-10-06T12:21:13.000Z</time>
        <extensions>
          <ns3:TrackPointExtension>
            <ns3:hr>179</ns3:hr>
            <ns3:cad>51</ns3:cad>
          </ns3:TrackPointExtension>
        </extensions>
      </trkpt>
      <trkpt lat="39.876831583678722381591796875" lon="124.15470787324011325836181640625">
        <ele>-3</ele>
        <time>2026-10-06T12:21:14.000Z</time>
        <extensions>
          <ns3:TrackPointExtension>
            <ns3:hr>178</ns3:hr>
            <ns3:cad>52</ns3:cad>
          </ns3:TrackPointExtension>
        </extensions>
      </trkpt>
      <trkpt lat="39.87684021703898906707763671875" lon="124.15471122600138187408447265625">
        <ele>-3</ele>
        <time>2026-10-06T12:21:15.000Z</time>
        <extensions>
          <ns3:TrackPointExtension>
            <ns3:hr>177</ns3:hr>
            <ns3:cad>52</ns3:cad>
          </ns3:TrackPointExtension>
        </extensions>
      </trkpt>
      <trkpt lat="39.87685136497020721435546875" lon="124.15471650660037994384765625">
        <ele>-3.2000000476837158203125</ele>
        <time>2026-10-06T12:21:16.000Z</time>
        <extensions>
          <ns3:TrackPointExtension>
            <ns3:hr>175</ns3:hr>
            <ns3:cad>52</ns3:cad>
          </ns3:TrackPointExtension>
        </extensions>
      </trkpt>
      <trkpt lat="39.87685949541628360748291015625" lon="124.1547220386564731597900390625">
        <ele>-3.2000000476837158203125</ele>
        <time>2026-10-06T12:21:17.000Z</time>
        <extensions>
          <ns3:TrackPointExtension>
            <ns3:hr>174</ns3:hr>
            <ns3:cad>52</ns3:cad>
          </ns3:TrackPointExtension>
        </extensions>
      </trkpt>
      <trkpt lat="39.87687055952847003936767578125" lon="124.1547287441790103912353515625">
        <ele>-3.2000000476837158203125</ele>
        <time>2026-10-06T12:21:18.000Z</time>
        <extensions>
          <ns3:TrackPointExtension>
            <ns3:hr>173</ns3:hr>
            <ns3:cad>52</ns3:cad>
          </ns3:TrackPointExtension>
        </extensions>
      </trkpt>
      <trkpt lat="39.876881539821624755859375" lon="124.154733605682849884033203125">
        <ele>-3.400000095367431640625</ele>
        <time>2026-10-06T12:21:19.000Z</time>
        <extensions>
          <ns3:TrackPointExtension>
            <ns3:hr>172</ns3:hr>
            <ns3:cad>52</ns3:cad>
          </ns3:TrackPointExtension>
        </extensions>
      </trkpt>
      <trkpt lat="39.87689419649541378021240234375" lon="124.1547381319105625152587890625">
        <ele>-3.400000095367431640625</ele>
        <time>2026-10-06T12:21:20.000Z</time>
        <extensions>
          <ns3:TrackPointExtension>
            <ns3:hr>170</ns3:hr>
            <ns3:cad>52</ns3:cad>
          </ns3:TrackPointExtension>
        </extensions>
      </trkpt>
      <trkpt lat="39.8769105412065982818603515625" lon="124.15474777109920978546142578125">
        <ele>-3.2000000476837158203125</ele>
        <time>2026-10-06T12:21:21.000Z</time>
        <extensions>
          <ns3:TrackPointExtension>
            <ns3:hr>169</ns3:hr>
            <ns3:cad>0</ns3:cad>
          </ns3:TrackPointExtension>
        </extensions>
      </trkpt>
      <trkpt lat="39.87692655064165592193603515625" lon="124.1547575779259204864501953125">
        <ele>-3.2000000476837158203125</ele>
        <time>2026-10-06T12:21:22.000Z</time>
        <extensions>
          <ns3:TrackPointExtension>
            <ns3:hr>171</ns3:hr>
            <ns3:cad>0</ns3:cad>
          </ns3:TrackPointExtension>
        </extensions>
      </trkpt>
      <trkpt lat="39.87694063223898410797119140625" lon="124.1547639481723308563232421875">
        <ele>-3.2000000476837158203125</ele>
        <time>2026-10-06T12:21:23.000Z</time>
        <extensions>
          <ns3:TrackPointExtension>
            <ns3:hr>171</ns3:hr>
            <ns3:cad>0</ns3:cad>
          </ns3:TrackPointExtension>
        </extensions>
      </trkpt>
      <trkpt lat="39.87695789895951747894287109375" lon="124.15477325208485126495361328125">
        <ele>-3.2000000476837158203125</ele>
        <time>2026-10-06T12:21:24.000Z</time>
        <extensions>
          <ns3:TrackPointExtension>
            <ns3:hr>169</ns3:hr>
            <ns3:cad>0</ns3:cad>
          </ns3:TrackPointExtension>
        </extensions>
      </trkpt>
      <trkpt lat="39.876977093517780303955078125" lon="124.154783226549625396728515625">
        <ele>-3.2000000476837158203125</ele>
        <time>2026-10-06T12:21:25.000Z</time>
        <extensions>
          <ns3:TrackPointExtension>
            <ns3:hr>167</ns3:hr>
            <ns3:cad>80</ns3:cad>
          </ns3:TrackPointExtension>
        </extensions>
      </trkpt>
      <trkpt lat="39.8769967071712017059326171875" lon="124.154791273176670074462890625">
        <ele>-3.2000000476837158203125</ele>
        <time>2026-10-06T12:21:26.000Z</time>
        <extensions>
          <ns3:TrackPointExtension>
            <ns3:hr>166</ns3:hr>
            <ns3:cad>81</ns3:cad>
          </ns3:TrackPointExtension>
        </extensions>
      </trkpt>
      <trkpt lat="39.8770164884626865386962890625" lon="124.15480501949787139892578125">
        <ele>-3.2000000476837158203125</ele>
        <time>2026-10-06T12:21:27.000Z</time>
        <extensions>
          <ns3:TrackPointExtension>
            <ns3:hr>167</ns3:hr>
            <ns3:cad>81</ns3:cad>
          </ns3:TrackPointExtension>
        </extensions>
      </trkpt>
      <trkpt lat="39.87702948041260242462158203125" lon="124.15481298230588436126708984375">
        <ele>-3.400000095367431640625</ele>
        <time>2026-10-06T12:21:28.000Z</time>
        <extensions>
          <ns3:TrackPointExtension>
            <ns3:hr>166</ns3:hr>
            <ns3:cad>81</ns3:cad>
          </ns3:TrackPointExtension>
        </extensions>
      </trkpt>
      <trkpt lat="39.87704674713313579559326171875" lon="124.15481968782842159271240234375">
        <ele>-3.2000000476837158203125</ele>
        <time>2026-10-06T12:21:29.000Z</time>
        <extensions>
          <ns3:TrackPointExtension>
            <ns3:hr>165</ns3:hr>
            <ns3:cad>80</ns3:cad>
          </ns3:TrackPointExtension>
        </extensions>
      </trkpt>
      <trkpt lat="39.87706518732011318206787109375" lon="124.1548336856067180633544921875">
        <ele>-3.2000000476837158203125</ele>
        <time>2026-10-06T12:21:30.000Z</time>
        <extensions>
          <ns3:TrackPointExtension>
            <ns3:hr>164</ns3:hr>
            <ns3:cad>80</ns3:cad>
          </ns3:TrackPointExtension>
        </extensions>
      </trkpt>
      <trkpt lat="39.87707801163196563720703125" lon="124.15483527816832065582275390625">
        <ele>-3.2000000476837158203125</ele>
        <time>2026-10-06T12:21:31.000Z</time>
        <extensions>
          <ns3:TrackPointExtension>
            <ns3:hr>163</ns3:hr>
            <ns3:cad>81</ns3:cad>
          </ns3:TrackPointExtension>
        </extensions>
      </trkpt>
      <trkpt lat="39.87709544599056243896484375" lon="124.1548467613756656646728515625">
        <ele>-3.2000000476837158203125</ele>
        <time>2026-10-06T12:21:32.000Z</time>
        <extensions>
          <ns3:TrackPointExtension>
            <ns3:hr>163</ns3:hr>
            <ns3:cad>81</ns3:cad>
          </ns3:TrackPointExtension>
        </extensions>
      </trkpt>
      <trkpt lat="39.87711229361593723297119140625" lon="124.15485656820237636566162109375">
        <ele>-3.2000000476837158203125</ele>
        <time>2026-10-06T12:21:33.000Z</time>
        <extensions>
          <ns3:TrackPointExtension>
            <ns3:hr>163</ns3:hr>
            <ns3:cad>81</ns3:cad>
          </ns3:TrackPointExtension>
        </extensions>
      </trkpt>
      <trkpt lat="39.87712989561259746551513671875" lon="124.1548618488013744354248046875">
        <ele>-3.2000000476837158203125</ele>
        <time>2026-10-06T12:21:34.000Z</time>
        <extensions>
          <ns3:TrackPointExtension>
            <ns3:hr>162</ns3:hr>
            <ns3:cad>82</ns3:cad>
          </ns3:TrackPointExtension>
        </extensions>
      </trkpt>
      <trkpt lat="39.87715034745633602142333984375" lon="124.154876433312892913818359375">
        <ele>-3.2000000476837158203125</ele>
        <time>2026-10-06T12:21:35.000Z</time>
        <extensions>
          <ns3:TrackPointExtension>
            <ns3:hr>162</ns3:hr>
            <ns3:cad>83</ns3:cad>
          </ns3:TrackPointExtension>
        </extensions>
      </trkpt>
      <trkpt lat="39.87716845236718654632568359375" lon="124.15488121099770069122314453125">
        <ele>-3.2000000476837158203125</ele>
        <time>2026-10-06T12:21:36.000Z</time>
        <extensions>
          <ns3:TrackPointExtension>
            <ns3:hr>162</ns3:hr>
            <ns3:cad>83</ns3:cad>
          </ns3:TrackPointExtension>
        </extensions>
      </trkpt>
      <trkpt lat="39.87719108350574970245361328125" lon="124.15489814244210720062255859375">
        <ele>-3.2000000476837158203125</ele>
        <time>2026-10-06T12:21:37.000Z</time>
        <extensions>
          <ns3:TrackPointExtension>
            <ns3:hr>161</ns3:hr>
            <ns3:cad>83</ns3:cad>
          </ns3:TrackPointExtension>
        </extensions>
      </trkpt>
      <trkpt lat="39.87720985896885395050048828125" lon="124.1549071110785007476806640625">
        <ele>-3.2000000476837158203125</ele>
        <time>2026-10-06T12:21:38.000Z</time>
        <extensions>
          <ns3:TrackPointExtension>
            <ns3:hr>161</ns3:hr>
            <ns3:cad>83</ns3:cad>
          </ns3:TrackPointExtension>
        </extensions>
      </trkpt>
      <trkpt lat="39.87723165191709995269775390625" lon="124.1549158282577991485595703125">
        <ele>-3.2000000476837158203125</ele>
        <time>2026-10-06T12:21:39.000Z</time>
        <extensions>
          <ns3:TrackPointExtension>
            <ns3:hr>161</ns3:hr>
            <ns3:cad>83</ns3:cad>
          </ns3:TrackPointExtension>
        </extensions>
      </trkpt>
      <trkpt lat="39.87725176848471164703369140625" lon="124.1549278981983661651611328125">
        <ele>-3.2000000476837158203125</ele>
        <time>2026-10-06T12:21:40.000Z</time>
        <extensions>
          <ns3:TrackPointExtension>
            <ns3:hr>161</ns3:hr>
            <ns3:cad>84</ns3:cad>
          </ns3:TrackPointExtension>
        </extensions>
      </trkpt>
      <trkpt lat="39.87726970575749874114990234375" lon="124.15492814965546131134033203125">
        <ele>-3.2000000476837158203125</ele>
        <time>2026-10-06T12:21:41.000Z</time>
        <extensions>
          <ns3:TrackPointExtension>
            <ns3:hr>161</ns3:hr>
            <ns3:cad>84</ns3:cad>
          </ns3:TrackPointExtension>
        </extensions>
      </trkpt>
      <trkpt lat="39.87728998996317386627197265625" lon="124.1549443267285823822021484375">
        <ele>-3.400000095367431640625</ele>
        <time>2026-10-06T12:21:42.000Z</time>
        <extensions>
          <ns3:TrackPointExtension>
            <ns3:hr>160</ns3:hr>
            <ns3:cad>84</ns3:cad>
          </ns3:TrackPointExtension>
        </extensions>
      </trkpt>
      <trkpt lat="39.8773066699504852294921875" lon="124.15495119988918304443359375">
        <ele>-3.400000095367431640625</ele>
        <time>2026-10-06T12:21:43.000Z</time>
        <extensions>
          <ns3:TrackPointExtension>
            <ns3:hr>158</ns3:hr>
            <ns3:cad>84</ns3:cad>
          </ns3:TrackPointExtension>
        </extensions>
      </trkpt>
      <trkpt lat="39.87732603214681148529052734375" lon="124.1549553908407688140869140625">
        <ele>-3.400000095367431640625</ele>
        <time>2026-10-06T12:21:44.000Z</time>
        <extensions>
          <ns3:TrackPointExtension>
            <ns3:hr>158</ns3:hr>
            <ns3:cad>84</ns3:cad>
          </ns3:TrackPointExtension>
        </extensions>
      </trkpt>
      <trkpt lat="39.8773447237908840179443359375" lon="124.154966957867145538330078125">
        <ele>-3.400000095367431640625</ele>
        <time>2026-10-06T12:21:45.000Z</time>
        <extensions>
          <ns3:TrackPointExtension>
            <ns3:hr>157</ns3:hr>
            <ns3:cad>84</ns3:cad>
          </ns3:TrackPointExtension>
        </extensions>
      </trkpt>
      <trkpt lat="39.8773658461868762969970703125" lon="124.15497492067515850067138671875">
        <ele>-3.400000095367431640625</ele>
        <time>2026-10-06T12:21:46.000Z</time>
        <extensions>
          <ns3:TrackPointExtension>
            <ns3:hr>158</ns3:hr>
            <ns3:cad>84</ns3:cad>
          </ns3:TrackPointExtension>
        </extensions>
      </trkpt>
      <trkpt lat="39.87738638184964656829833984375" lon="124.154982380568981170654296875">
        <ele>-3.400000095367431640625</ele>
        <time>2026-10-06T12:21:47.000Z</time>
        <extensions>
          <ns3:TrackPointExtension>
            <ns3:hr>158</ns3:hr>
            <ns3:cad>84</ns3:cad>
          </ns3:TrackPointExtension>
        </extensions>
      </trkpt>
      <trkpt lat="39.87739644013345241546630859375" lon="124.15498740971088409423828125">
        <ele>-3.400000095367431640625</ele>
        <time>2026-10-06T12:21:48.000Z</time>
        <extensions>
          <ns3:TrackPointExtension>
            <ns3:hr>158</ns3:hr>
            <ns3:cad>84</ns3:cad>
          </ns3:TrackPointExtension>
        </extensions>
      </trkpt>
      <trkpt lat="39.8774171434342861175537109375" lon="124.15500006638467311859130859375">
        <ele>-3.400000095367431640625</ele>
        <time>2026-10-06T12:21:49.000Z</time>
        <extensions>
          <ns3:TrackPointExtension>
            <ns3:hr>156</ns3:hr>
            <ns3:cad>84</ns3:cad>
          </ns3:TrackPointExtension>
        </extensions>
      </trkpt>
      <trkpt lat="39.87743474543094635009765625" lon="124.1550130583345890045166015625">
        <ele>-3.400000095367431640625</ele>
        <time>2026-10-06T12:21:50.000Z</time>
        <extensions>
          <ns3:TrackPointExtension>
            <ns3:hr>156</ns3:hr>
            <ns3:cad>84</ns3:cad>
          </ns3:TrackPointExtension>
        </extensions>
      </trkpt>
      <trkpt lat="39.877457208931446075439453125" lon="124.15502001531422138214111328125">
        <ele>-3.400000095367431640625</ele>
        <time>2026-10-06T12:21:51.000Z</time>
        <extensions>
          <ns3:TrackPointExtension>
            <ns3:hr>157</ns3:hr>
            <ns3:cad>84</ns3:cad>
          </ns3:TrackPointExtension>
        </extensions>
      </trkpt>
      <trkpt lat="39.877479337155818939208984375" lon="124.15503292344510555267333984375">
        <ele>-3.400000095367431640625</ele>
        <time>2026-10-06T12:21:52.000Z</time>
        <extensions>
          <ns3:TrackPointExtension>
            <ns3:hr>157</ns3:hr>
            <ns3:cad>85</ns3:cad>
          </ns3:TrackPointExtension>
        </extensions>
      </trkpt>
      <trkpt lat="39.8775023035705089569091796875" lon="124.1550351865589618682861328125">
        <ele>-3.400000095367431640625</ele>
        <time>2026-10-06T12:21:53.000Z</time>
        <extensions>
          <ns3:TrackPointExtension>
            <ns3:hr>156</ns3:hr>
            <ns3:cad>85</ns3:cad>
          </ns3:TrackPointExtension>
        </extensions>
      </trkpt>
      <trkpt lat="39.877528958022594451904296875" lon="124.1550512798130512237548828125">
        <ele>-3.400000095367431640625</ele>
        <time>2026-10-06T12:21:54.000Z</time>
        <extensions>
          <ns3:TrackPointExtension>
            <ns3:hr>156</ns3:hr>
            <ns3:cad>85</ns3:cad>
          </ns3:TrackPointExtension>
        </extensions>
      </trkpt>
      <trkpt lat="39.8775480687618255615234375" lon="124.1550559736788272857666015625">
        <ele>-3.400000095367431640625</ele>
        <time>2026-10-06T12:21:55.000Z</time>
        <extensions>
          <ns3:TrackPointExtension>
            <ns3:hr>157</ns3:hr>
            <ns3:cad>85</ns3:cad>
          </ns3:TrackPointExtension>
        </extensions>
      </trkpt>
      <trkpt lat="39.87757556140422821044921875" lon="124.1550697200000286102294921875">
        <ele>-3.400000095367431640625</ele>
        <time>2026-10-06T12:21:56.000Z</time>
        <extensions>
          <ns3:TrackPointExtension>
            <ns3:hr>158</ns3:hr>
            <ns3:cad>85</ns3:cad>
          </ns3:TrackPointExtension>
        </extensions>
      </trkpt>
      <trkpt lat="39.87759844399988651275634765625" lon="124.155082292854785919189453125">
        <ele>-3.400000095367431640625</ele>
        <time>2026-10-06T12:21:57.000Z</time>
        <extensions>
          <ns3:TrackPointExtension>
            <ns3:hr>157</ns3:hr>
            <ns3:cad>86</ns3:cad>
          </ns3:TrackPointExtension>
        </extensions>
      </trkpt>
      <trkpt lat="39.87762224860489368438720703125" lon="124.15509243495762348175048828125">
        <ele>-3.400000095367431640625</ele>
        <time>2026-10-06T12:21:58.000Z</time>
        <extensions>
          <ns3:TrackPointExtension>
            <ns3:hr>156</ns3:hr>
            <ns3:cad>86</ns3:cad>
          </ns3:TrackPointExtension>
        </extensions>
      </trkpt>
      <trkpt lat="39.8776424489915370941162109375" lon="124.1551069356501102447509765625">
        <ele>-3.400000095367431640625</ele>
        <time>2026-10-06T12:21:59.000Z</time>
        <extensions>
          <ns3:TrackPointExtension>
            <ns3:hr>157</ns3:hr>
            <ns3:cad>87</ns3:cad>
          </ns3:TrackPointExtension>
        </extensions>
      </trkpt>
      <trkpt lat="39.8776632361114025115966796875" lon="124.1551092825829982757568359375">
        <ele>-3.400000095367431640625</ele>
        <time>2026-10-06T12:22:00.000Z</time>
        <extensions>
          <ns3:TrackPointExtension>
            <ns3:hr>155</ns3:hr>
            <ns3:cad>87</ns3:cad>
          </ns3:TrackPointExtension>
        </extensions>
      </trkpt>
      <trkpt lat="39.8776880465447902679443359375" lon="124.15512244217097759246826171875">
        <ele>-3.400000095367431640625</ele>
        <time>2026-10-06T12:22:01.000Z</time>
        <extensions>
          <ns3:TrackPointExtension>
            <ns3:hr>155</ns3:hr>
            <ns3:cad>87</ns3:cad>
          </ns3:TrackPointExtension>
        </extensions>
      </trkpt>
      <trkpt lat="39.8777090013027191162109375" lon="124.15512193925678730010986328125">
        <ele>-3.400000095367431640625</ele>
        <time>2026-10-06T12:22:02.000Z</time>
        <extensions>
          <ns3:TrackPointExtension>
            <ns3:hr>157</ns3:hr>
            <ns3:cad>88</ns3:cad>
          </ns3:TrackPointExtension>
        </extensions>
      </trkpt>
      <trkpt lat="39.877735488116741180419921875" lon="124.1551302373409271240234375">
        <ele>-3.400000095367431640625</ele>
        <time>2026-10-06T12:22:03.000Z</time>
        <extensions>
          <ns3:TrackPointExtension>
            <ns3:hr>155</ns3:hr>
            <ns3:cad>88</ns3:cad>
          </ns3:TrackPointExtension>
        </extensions>
      </trkpt>
      <trkpt lat="39.8777591250836849212646484375" lon="124.15513400919735431671142578125">
        <ele>-3.400000095367431640625</ele>
        <time>2026-10-06T12:22:04.000Z</time>
        <extensions>
          <ns3:TrackPointExtension>
            <ns3:hr>155</ns3:hr>
            <ns3:cad>87</ns3:cad>
          </ns3:TrackPointExtension>
        </extensions>
      </trkpt>
      <trkpt lat="39.87778301350772380828857421875" lon="124.1551438160240650177001953125">
        <ele>-3.2000000476837158203125</ele>
        <time>2026-10-06T12:22:05.000Z</time>
        <extensions>
          <ns3:TrackPointExtension>
            <ns3:hr>156</ns3:hr>
            <ns3:cad>87</ns3:cad>
          </ns3:TrackPointExtension>
        </extensions>
      </trkpt>
      <trkpt lat="39.87780229188501834869384765625" lon="124.1551508568227291107177734375">
        <ele>-3.2000000476837158203125</ele>
        <time>2026-10-06T12:22:06.000Z</time>
        <extensions>
          <ns3:TrackPointExtension>
            <ns3:hr>155</ns3:hr>
            <ns3:cad>87</ns3:cad>
          </ns3:TrackPointExtension>
        </extensions>
      </trkpt>
      <trkpt lat="39.87782173790037631988525390625" lon="124.15516032837331295013427734375">
        <ele>-3.2000000476837158203125</ele>
        <time>2026-10-06T12:22:07.000Z</time>
        <extensions>
          <ns3:TrackPointExtension>
            <ns3:hr>155</ns3:hr>
            <ns3:cad>87</ns3:cad>
          </ns3:TrackPointExtension>
        </extensions>
      </trkpt>
      <trkpt lat="39.87784369848668575286865234375" lon="124.15517038665711879730224609375">
        <ele>-3.400000095367431640625</ele>
        <time>2026-10-06T12:22:08.000Z</time>
        <extensions>
          <ns3:TrackPointExtension>
            <ns3:hr>157</ns3:hr>
            <ns3:cad>87</ns3:cad>
          </ns3:TrackPointExtension>
        </extensions>
      </trkpt>
      <trkpt lat="39.87786616198718547821044921875" lon="124.15517725981771945953369140625">
        <ele>-3.400000095367431640625</ele>
        <time>2026-10-06T12:22:09.000Z</time>
        <extensions>
          <ns3:TrackPointExtension>
            <ns3:hr>155</ns3:hr>
            <ns3:cad>87</ns3:cad>
          </ns3:TrackPointExtension>
        </extensions>
      </trkpt>
      <trkpt lat="39.87789072096347808837890625" lon="124.15517994202673435211181640625">
        <ele>-3.400000095367431640625</ele>
        <time>2026-10-06T12:22:10.000Z</time>
        <extensions>
          <ns3:TrackPointExtension>
            <ns3:hr>154</ns3:hr>
            <ns3:cad>88</ns3:cad>
          </ns3:TrackPointExtension>
        </extensions>
      </trkpt>
      <trkpt lat="39.87791645340621471405029296875" lon="124.155182540416717529296875">
        <ele>-3.400000095367431640625</ele>
        <time>2026-10-06T12:22:11.000Z</time>
        <extensions>
          <ns3:TrackPointExtension>
            <ns3:hr>156</ns3:hr>
            <ns3:cad>88</ns3:cad>
          </ns3:TrackPointExtension>
        </extensions>
      </trkpt>
      <trkpt lat="39.8779395036399364471435546875" lon="124.155186228454113006591796875">
        <ele>-3.400000095367431640625</ele>
        <time>2026-10-06T12:22:12.000Z</time>
        <extensions>
          <ns3:TrackPointExtension>
            <ns3:hr>154</ns3:hr>
            <ns3:cad>88</ns3:cad>
          </ns3:TrackPointExtension>
        </extensions>
      </trkpt>
      <trkpt lat="39.87796255387365818023681640625" lon="124.15518664754927158355712890625">
        <ele>-3.400000095367431640625</ele>
        <time>2026-10-06T12:22:13.000Z</time>
        <extensions>
          <ns3:TrackPointExtension>
            <ns3:hr>155</ns3:hr>
            <ns3:cad>88</ns3:cad>
          </ns3:TrackPointExtension>
        </extensions>
      </trkpt>
      <trkpt lat="39.87798619084060192108154296875" lon="124.15519662201404571533203125">
        <ele>-3.400000095367431640625</ele>
        <time>2026-10-06T12:22:14.000Z</time>
        <extensions>
          <ns3:TrackPointExtension>
            <ns3:hr>155</ns3:hr>
            <ns3:cad>88</ns3:cad>
          </ns3:TrackPointExtension>
        </extensions>
      </trkpt>
      <trkpt lat="39.87800538539886474609375" lon="124.1551991365849971771240234375">
        <ele>-3.2000000476837158203125</ele>
        <time>2026-10-06T12:22:15.000Z</time>
        <extensions>
          <ns3:TrackPointExtension>
            <ns3:hr>154</ns3:hr>
            <ns3:cad>88</ns3:cad>
          </ns3:TrackPointExtension>
        </extensions>
      </trkpt>
      <trkpt lat="39.8780330456793308258056640625" lon="124.15520911104977130889892578125">
        <ele>-3.400000095367431640625</ele>
        <time>2026-10-06T12:22:16.000Z</time>
        <extensions>
          <ns3:TrackPointExtension>
            <ns3:hr>155</ns3:hr>
            <ns3:cad>87</ns3:cad>
          </ns3:TrackPointExtension>
        </extensions>
      </trkpt>
      <trkpt lat="39.87805123440921306610107421875" lon="124.15520877577364444732666015625">
        <ele>-3.400000095367431640625</ele>
        <time>2026-10-06T12:22:17.000Z</time>
        <extensions>
          <ns3:TrackPointExtension>
            <ns3:hr>156</ns3:hr>
            <ns3:cad>87</ns3:cad>
          </ns3:TrackPointExtension>
        </extensions>
      </trkpt>
      <trkpt lat="39.87808057107031345367431640625" lon="124.1552179120481014251708984375">
        <ele>-3.400000095367431640625</ele>
        <time>2026-10-06T12:22:18.000Z</time>
        <extensions>
          <ns3:TrackPointExtension>
            <ns3:hr>155</ns3:hr>
            <ns3:cad>88</ns3:cad>
          </ns3:TrackPointExtension>
        </extensions>
      </trkpt>
      <trkpt lat="39.8780980892479419708251953125" lon="124.15521732531487941741943359375">
        <ele>-3.2000000476837158203125</ele>
        <time>2026-10-06T12:22:19.000Z</time>
        <extensions>
          <ns3:TrackPointExtension>
            <ns3:hr>156</ns3:hr>
            <ns3:cad>88</ns3:cad>
          </ns3:TrackPointExtension>
        </extensions>
      </trkpt>
      <trkpt lat="39.87812600098550319671630859375" lon="124.15522352792322635650634765625">
        <ele>-3.2000000476837158203125</ele>
        <time>2026-10-06T12:22:20.000Z</time>
        <extensions>
          <ns3:TrackPointExtension>
            <ns3:hr>157</ns3:hr>
            <ns3:cad>88</ns3:cad>
          </ns3:TrackPointExtension>
        </extensions>
      </trkpt>
      <trkpt lat="39.87814863212406635284423828125" lon="124.15522621013224124908447265625">
        <ele>-3.2000000476837158203125</ele>
        <time>2026-10-06T12:22:21.000Z</time>
        <extensions>
          <ns3:TrackPointExtension>
            <ns3:hr>157</ns3:hr>
            <ns3:cad>88</ns3:cad>
          </ns3:TrackPointExtension>
        </extensions>
      </trkpt>
      <trkpt lat="39.87817327491939067840576171875" lon="124.15522889234125614166259765625">
        <ele>-3.2000000476837158203125</ele>
        <time>2026-10-06T12:22:22.000Z</time>
        <extensions>
          <ns3:TrackPointExtension>
            <ns3:hr>156</ns3:hr>
            <ns3:cad>87</ns3:cad>
          </ns3:TrackPointExtension>
        </extensions>
      </trkpt>
      <trkpt lat="39.87819607369601726531982421875" lon="124.1552366875112056732177734375">
        <ele>-3.2000000476837158203125</ele>
        <time>2026-10-06T12:22:23.000Z</time>
        <extensions>
          <ns3:TrackPointExtension>
            <ns3:hr>157</ns3:hr>
            <ns3:cad>87</ns3:cad>
          </ns3:TrackPointExtension>
        </extensions>
      </trkpt>
      <trkpt lat="39.87821551971137523651123046875" lon="124.1552375257015228271484375">
        <ele>-3.2000000476837158203125</ele>
        <time>2026-10-06T12:22:24.000Z</time>
        <extensions>
          <ns3:TrackPointExtension>
            <ns3:hr>158</ns3:hr>
            <ns3:cad>86</ns3:cad>
          </ns3:TrackPointExtension>
        </extensions>
      </trkpt>
      <trkpt lat="39.878239743411540985107421875" lon="124.1552440635859966278076171875">
        <ele>-3.2000000476837158203125</ele>
        <time>2026-10-06T12:22:25.000Z</time>
        <extensions>
          <ns3:TrackPointExtension>
            <ns3:hr>157</ns3:hr>
            <ns3:cad>86</ns3:cad>
          </ns3:TrackPointExtension>
        </extensions>
      </trkpt>
      <trkpt lat="39.8782560043036937713623046875" lon="124.1552390344440937042236328125">
        <ele>-3.2000000476837158203125</ele>
        <time>2026-10-06T12:22:26.000Z</time>
        <extensions>
          <ns3:TrackPointExtension>
            <ns3:hr>156</ns3:hr>
            <ns3:cad>87</ns3:cad>
          </ns3:TrackPointExtension>
        </extensions>
      </trkpt>
      <trkpt lat="39.87828140147030353546142578125" lon="124.15524624288082122802734375">
        <ele>-3.2000000476837158203125</ele>
        <time>2026-10-06T12:22:27.000Z</time>
        <extensions>
          <ns3:TrackPointExtension>
            <ns3:hr>156</ns3:hr>
            <ns3:cad>87</ns3:cad>
          </ns3:TrackPointExtension>
        </extensions>
      </trkpt>
      <trkpt lat="39.87830168567597866058349609375" lon="124.15524624288082122802734375">
        <ele>-3.2000000476837158203125</ele>
        <time>2026-10-06T12:22:28.000Z</time>
        <extensions>
          <ns3:TrackPointExtension>
            <ns3:hr>155</ns3:hr>
            <ns3:cad>88</ns3:cad>
          </ns3:TrackPointExtension>
        </extensions>
      </trkpt>
      <trkpt lat="39.8783264122903347015380859375" lon="124.1552536189556121826171875">
        <ele>-3.2000000476837158203125</ele>
        <time>2026-10-06T12:22:29.000Z</time>
        <extensions>
          <ns3:TrackPointExtension>
            <ns3:hr>153</ns3:hr>
            <ns3:cad>88</ns3:cad>
          </ns3:TrackPointExtension>
        </extensions>
      </trkpt>
      <trkpt lat="39.87834812141954898834228515625" lon="124.15525420568883419036865234375">
        <ele>-3.2000000476837158203125</ele>
        <time>2026-10-06T12:22:30.000Z</time>
        <extensions>
          <ns3:TrackPointExtension>
            <ns3:hr>153</ns3:hr>
            <ns3:cad>88</ns3:cad>
          </ns3:TrackPointExtension>
        </extensions>
      </trkpt>
      <trkpt lat="39.8783743567764759063720703125" lon="124.15525697171688079833984375">
        <ele>-3.2000000476837158203125</ele>
        <time>2026-10-06T12:22:31.000Z</time>
        <extensions>
          <ns3:TrackPointExtension>
            <ns3:hr>154</ns3:hr>
            <ns3:cad>88</ns3:cad>
          </ns3:TrackPointExtension>
        </extensions>
      </trkpt>
      <trkpt lat="39.87840126268565654754638671875" lon="124.155259318649768829345703125">
        <ele>-3.2000000476837158203125</ele>
        <time>2026-10-06T12:22:32.000Z</time>
        <extensions>
          <ns3:TrackPointExtension>
            <ns3:hr>154</ns3:hr>
            <ns3:cad>86</ns3:cad>
          </ns3:TrackPointExtension>
        </extensions>
      </trkpt>
      <trkpt lat="39.87842439673840999603271484375" lon="124.15526233613491058349609375">
        <ele>-3.2000000476837158203125</ele>
        <time>2026-10-06T12:22:33.000Z</time>
        <extensions>
          <ns3:TrackPointExtension>
            <ns3:hr>154</ns3:hr>
            <ns3:cad>86</ns3:cad>
          </ns3:TrackPointExtension>
        </extensions>
      </trkpt>
      <trkpt lat="39.878451637923717498779296875" lon="124.15526895783841609954833984375">
        <ele>-3.2000000476837158203125</ele>
        <time>2026-10-06T12:22:34.000Z</time>
        <extensions>
          <ns3:TrackPointExtension>
            <ns3:hr>154</ns3:hr>
            <ns3:cad>86</ns3:cad>
          </ns3:TrackPointExtension>
        </extensions>
      </trkpt>
      <trkpt lat="39.8784712515771389007568359375" lon="124.1552670300006866455078125">
        <ele>-3.2000000476837158203125</ele>
        <time>2026-10-06T12:22:35.000Z</time>
        <extensions>
          <ns3:TrackPointExtension>
            <ns3:hr>153</ns3:hr>
            <ns3:cad>86</ns3:cad>
          </ns3:TrackPointExtension>
        </extensions>
      </trkpt>
      <trkpt lat="39.87849731929600238800048828125" lon="124.155278094112873077392578125">
        <ele>-3.2000000476837158203125</ele>
        <time>2026-10-06T12:22:36.000Z</time>
        <extensions>
          <ns3:TrackPointExtension>
            <ns3:hr>154</ns3:hr>
            <ns3:cad>87</ns3:cad>
          </ns3:TrackPointExtension>
        </extensions>
      </trkpt>
      <trkpt lat="39.87851626239717006683349609375" lon="124.15527583099901676177978515625">
        <ele>-3.2000000476837158203125</ele>
        <time>2026-10-06T12:22:37.000Z</time>
        <extensions>
          <ns3:TrackPointExtension>
            <ns3:hr>154</ns3:hr>
            <ns3:cad>87</ns3:cad>
          </ns3:TrackPointExtension>
        </extensions>
      </trkpt>
      <trkpt lat="39.8785440064966678619384765625" lon="124.155283458530902862548828125">
        <ele>-3.2000000476837158203125</ele>
        <time>2026-10-06T12:22:38.000Z</time>
        <extensions>
          <ns3:TrackPointExtension>
            <ns3:hr>153</ns3:hr>
            <ns3:cad>88</ns3:cad>
          </ns3:TrackPointExtension>
        </extensions>
      </trkpt>
      <trkpt lat="39.87856420688331127166748046875" lon="124.15528153069317340850830078125">
        <ele>-3.2000000476837158203125</ele>
        <time>2026-10-06T12:22:39.000Z</time>
        <extensions>
          <ns3:TrackPointExtension>
            <ns3:hr>154</ns3:hr>
            <ns3:cad>88</ns3:cad>
          </ns3:TrackPointExtension>
        </extensions>
      </trkpt>
      <trkpt lat="39.87859153188765048980712890625" lon="124.15528739802539348602294921875">
        <ele>-3</ele>
        <time>2026-10-06T12:22:40.000Z</time>
        <extensions>
          <ns3:TrackPointExtension>
            <ns3:hr>152</ns3:hr>
            <ns3:cad>87</ns3:cad>
          </ns3:TrackPointExtension>
        </extensions>
      </trkpt>
      <trkpt lat="39.87861667759716510772705078125" lon="124.155289493501186370849609375">
        <ele>-3</ele>
        <time>2026-10-06T12:22:41.000Z</time>
        <extensions>
          <ns3:TrackPointExtension>
            <ns3:hr>151</ns3:hr>
            <ns3:cad>87</ns3:cad>
          </ns3:TrackPointExtension>
        </extensions>
      </trkpt>
      <trkpt lat="39.87864266149699687957763671875" lon="124.1552911698818206787109375">
        <ele>-3</ele>
        <time>2026-10-06T12:22:42.000Z</time>
        <extensions>
          <ns3:TrackPointExtension>
            <ns3:hr>153</ns3:hr>
            <ns3:cad>86</ns3:cad>
          </ns3:TrackPointExtension>
        </extensions>
      </trkpt>
      <trkpt lat="39.87866981886327266693115234375" lon="124.15529427118599414825439453125">
        <ele>-3</ele>
        <time>2026-10-06T12:22:43.000Z</time>
        <extensions>
          <ns3:TrackPointExtension>
            <ns3:hr>151</ns3:hr>
            <ns3:cad>86</ns3:cad>
          </ns3:TrackPointExtension>
        </extensions>
      </trkpt>
      <trkpt lat="39.87869177944958209991455078125" lon="124.1552938520908355712890625">
        <ele>-3</ele>
        <time>2026-10-06T12:22:44.000Z</time>
        <extensions>
          <ns3:TrackPointExtension>
            <ns3:hr>153</ns3:hr>
            <ns3:cad>86</ns3:cad>
          </ns3:TrackPointExtension>
        </extensions>
      </trkpt>
      <trkpt lat="39.87871742807328701019287109375" lon="124.15530215017497539520263671875">
        <ele>-3</ele>
        <time>2026-10-06T12:22:45.000Z</time>
        <extensions>
          <ns3:TrackPointExtension>
            <ns3:hr>153</ns3:hr>
            <ns3:cad>87</ns3:cad>
          </ns3:TrackPointExtension>
        </extensions>
      </trkpt>
      <trkpt lat="39.87873829901218414306640625" lon="124.15530147962272167205810546875">
        <ele>-3</ele>
        <time>2026-10-06T12:22:46.000Z</time>
        <extensions>
          <ns3:TrackPointExtension>
            <ns3:hr>152</ns3:hr>
            <ns3:cad>88</ns3:cad>
          </ns3:TrackPointExtension>
        </extensions>
      </trkpt>
      <trkpt lat="39.8787622712552547454833984375" lon="124.1553070954978466033935546875">
        <ele>-3</ele>
        <time>2026-10-06T12:22:47.000Z</time>
        <extensions>
          <ns3:TrackPointExtension>
            <ns3:hr>153</ns3:hr>
            <ns3:cad>88</ns3:cad>
          </ns3:TrackPointExtension>
        </extensions>
      </trkpt>
      <trkpt lat="39.87878582440316677093505859375" lon="124.15530868805944919586181640625">
        <ele>-3</ele>
        <time>2026-10-06T12:22:48.000Z</time>
        <extensions>
          <ns3:TrackPointExtension>
            <ns3:hr>153</ns3:hr>
            <ns3:cad>88</ns3:cad>
          </ns3:TrackPointExtension>
        </extensions>
      </trkpt>
      <trkpt lat="39.87880744971334934234619140625" lon="124.1553126275539398193359375">
        <ele>-3</ele>
        <time>2026-10-06T12:22:49.000Z</time>
        <extensions>
          <ns3:TrackPointExtension>
            <ns3:hr>152</ns3:hr>
            <ns3:cad>87</ns3:cad>
          </ns3:TrackPointExtension>
        </extensions>
      </trkpt>
      <trkpt lat="39.87882572226226329803466796875" lon="124.15530885569751262664794921875">
        <ele>-3.2000000476837158203125</ele>
        <time>2026-10-06T12:22:50.000Z</time>
        <extensions>
          <ns3:TrackPointExtension>
            <ns3:hr>153</ns3:hr>
            <ns3:cad>87</ns3:cad>
          </ns3:TrackPointExtension>
        </extensions>
      </trkpt>
      <trkpt lat="39.87884717993438243865966796875" lon="124.15531195700168609619140625">
        <ele>-3.2000000476837158203125</ele>
        <time>2026-10-06T12:22:51.000Z</time>
        <extensions>
          <ns3:TrackPointExtension>
            <ns3:hr>153</ns3:hr>
            <ns3:cad>86</ns3:cad>
          </ns3:TrackPointExtension>
        </extensions>
      </trkpt>
      <trkpt lat="39.87886863760650157928466796875" lon="124.15531991980969905853271484375">
        <ele>-3.2000000476837158203125</ele>
        <time>2026-10-06T12:22:52.000Z</time>
        <extensions>
          <ns3:TrackPointExtension>
            <ns3:hr>152</ns3:hr>
            <ns3:cad>86</ns3:cad>
          </ns3:TrackPointExtension>
        </extensions>
      </trkpt>
      <trkpt lat="39.87888892181217670440673828125" lon="124.1553184948861598968505859375">
        <ele>-3.2000000476837158203125</ele>
        <time>2026-10-06T12:22:53.000Z</time>
        <extensions>
          <ns3:TrackPointExtension>
            <ns3:hr>153</ns3:hr>
            <ns3:cad>86</ns3:cad>
          </ns3:TrackPointExtension>
        </extensions>
      </trkpt>
      <trkpt lat="39.87891473807394504547119140625" lon="124.1553260385990142822265625">
        <ele>-3.2000000476837158203125</ele>
        <time>2026-10-06T12:22:54.000Z</time>
        <extensions>
          <ns3:TrackPointExtension>
            <ns3:hr>154</ns3:hr>
            <ns3:cad>86</ns3:cad>
          </ns3:TrackPointExtension>
        </extensions>
      </trkpt>
      <trkpt lat="39.87893183715641498565673828125" lon="124.155321009457111358642578125">
        <ele>-3.2000000476837158203125</ele>
        <time>2026-10-06T12:22:55.000Z</time>
        <extensions>
          <ns3:TrackPointExtension>
            <ns3:hr>152</ns3:hr>
            <ns3:cad>86</ns3:cad>
          </ns3:TrackPointExtension>
        </extensions>
      </trkpt>
      <trkpt lat="39.87896083854138851165771484375" lon="124.1553248651325702667236328125">
        <ele>-3.2000000476837158203125</ele>
        <time>2026-10-06T12:22:56.000Z</time>
        <extensions>
          <ns3:TrackPointExtension>
            <ns3:hr>153</ns3:hr>
            <ns3:cad>87</ns3:cad>
          </ns3:TrackPointExtension>
        </extensions>
      </trkpt>
      <trkpt lat="39.87898078747093677520751953125" lon="124.155319668352603912353515625">
        <ele>-3.2000000476837158203125</ele>
        <time>2026-10-06T12:22:57.000Z</time>
        <extensions>
          <ns3:TrackPointExtension>
            <ns3:hr>153</ns3:hr>
            <ns3:cad>87</ns3:cad>
          </ns3:TrackPointExtension>
        </extensions>
      </trkpt>
      <trkpt lat="39.8790083639323711395263671875" lon="124.15532327257096767425537109375">
        <ele>-3.2000000476837158203125</ele>
        <time>2026-10-06T12:22:58.000Z</time>
        <extensions>
          <ns3:TrackPointExtension>
            <ns3:hr>153</ns3:hr>
            <ns3:cad>87</ns3:cad>
          </ns3:TrackPointExtension>
        </extensions>
      </trkpt>
      <trkpt lat="39.87902931869029998779296875" lon="124.15532310493290424346923828125">
        <ele>-3.2000000476837158203125</ele>
        <time>2026-10-06T12:22:59.000Z</time>
        <extensions>
          <ns3:TrackPointExtension>
            <ns3:hr>153</ns3:hr>
            <ns3:cad>87</ns3:cad>
          </ns3:TrackPointExtension>
        </extensions>
      </trkpt>
      <trkpt lat="39.87905270420014858245849609375" lon="124.155322015285491943359375">
        <ele>-3.2000000476837158203125</ele>
        <time>2026-10-06T12:23:00.000Z</time>
        <extensions>
          <ns3:TrackPointExtension>
            <ns3:hr>153</ns3:hr>
            <ns3:cad>87</ns3:cad>
          </ns3:TrackPointExtension>
        </extensions>
      </trkpt>
      <trkpt lat="39.87907567061483860015869140625" lon="124.155325032770633697509765625">
        <ele>-3.2000000476837158203125</ele>
        <time>2026-10-06T12:23:01.000Z</time>
        <extensions>
          <ns3:TrackPointExtension>
            <ns3:hr>152</ns3:hr>
            <ns3:cad>86</ns3:cad>
          </ns3:TrackPointExtension>
        </extensions>
      </trkpt>
      <trkpt lat="39.879095368087291717529296875" lon="124.1553201712667942047119140625">
        <ele>-3.2000000476837158203125</ele>
        <time>2026-10-06T12:23:02.000Z</time>
        <extensions>
          <ns3:TrackPointExtension>
            <ns3:hr>152</ns3:hr>
            <ns3:cad>86</ns3:cad>
          </ns3:TrackPointExtension>
        </extensions>
      </trkpt>
      <trkpt lat="39.8791213519871234893798828125" lon="124.1553287208080291748046875">
        <ele>-3.2000000476837158203125</ele>
        <time>2026-10-06T12:23:03.000Z</time>
        <extensions>
          <ns3:TrackPointExtension>
            <ns3:hr>154</ns3:hr>
            <ns3:cad>87</ns3:cad>
          </ns3:TrackPointExtension>
        </extensions>
      </trkpt>
      <trkpt lat="39.87913987599313259124755859375" lon="124.15532478131353855133056640625">
        <ele>-3.2000000476837158203125</ele>
        <time>2026-10-06T12:23:04.000Z</time>
        <extensions>
          <ns3:TrackPointExtension>
            <ns3:hr>153</ns3:hr>
            <ns3:cad>87</ns3:cad>
          </ns3:TrackPointExtension>
        </extensions>
      </trkpt>
      <trkpt lat="39.879169799387454986572265625" lon="124.15533266030251979827880859375">
        <ele>-3.2000000476837158203125</ele>
        <time>2026-10-06T12:23:05.000Z</time>
        <extensions>
          <ns3:TrackPointExtension>
            <ns3:hr>154</ns3:hr>
            <ns3:cad>87</ns3:cad>
          </ns3:TrackPointExtension>
        </extensions>
      </trkpt>
      <trkpt lat="39.87918891012668609619140625" lon="124.1553252004086971282958984375">
        <ele>-3.2000000476837158203125</ele>
        <time>2026-10-06T12:23:06.000Z</time>
        <extensions>
          <ns3:TrackPointExtension>
            <ns3:hr>153</ns3:hr>
            <ns3:cad>87</ns3:cad>
          </ns3:TrackPointExtension>
        </extensions>
      </trkpt>
      <trkpt lat="39.87922050990164279937744140625" lon="124.15532805025577545166015625">
        <ele>-3.2000000476837158203125</ele>
        <time>2026-10-06T12:23:07.000Z</time>
        <extensions>
          <ns3:TrackPointExtension>
            <ns3:hr>153</ns3:hr>
            <ns3:cad>87</ns3:cad>
          </ns3:TrackPointExtension>
        </extensions>
      </trkpt>
      <trkpt lat="39.87924230284988880157470703125" lon="124.1553215123713016510009765625">
        <ele>-3.2000000476837158203125</ele>
        <time>2026-10-06T12:23:08.000Z</time>
        <extensions>
          <ns3:TrackPointExtension>
            <ns3:hr>154</ns3:hr>
            <ns3:cad>87</ns3:cad>
          </ns3:TrackPointExtension>
        </extensions>
      </trkpt>
      <trkpt lat="39.8792732320725917816162109375" lon="124.15532612241804599761962890625">
        <ele>-3.2000000476837158203125</ele>
        <time>2026-10-06T12:23:09.000Z</time>
        <extensions>
          <ns3:TrackPointExtension>
            <ns3:hr>153</ns3:hr>
            <ns3:cad>87</ns3:cad>
          </ns3:TrackPointExtension>
        </extensions>
      </trkpt>
      <trkpt lat="39.8792940191924571990966796875" lon="124.1553245298564434051513671875">
        <ele>-3.2000000476837158203125</ele>
        <time>2026-10-06T12:23:10.000Z</time>
        <extensions>
          <ns3:TrackPointExtension>
            <ns3:hr>153</ns3:hr>
            <ns3:cad>87</ns3:cad>
          </ns3:TrackPointExtension>
        </extensions>
      </trkpt>
      <trkpt lat="39.8793215118348598480224609375" lon="124.155327714979648590087890625">
        <ele>-3.2000000476837158203125</ele>
        <time>2026-10-06T12:23:11.000Z</time>
        <extensions>
          <ns3:TrackPointExtension>
            <ns3:hr>153</ns3:hr>
            <ns3:cad>87</ns3:cad>
          </ns3:TrackPointExtension>
        </extensions>
      </trkpt>
      <trkpt lat="39.879344142973423004150390625" lon="124.15532930754125118255615234375">
        <ele>-3.2000000476837158203125</ele>
        <time>2026-10-06T12:23:12.000Z</time>
        <extensions>
          <ns3:TrackPointExtension>
            <ns3:hr>152</ns3:hr>
            <ns3:cad>87</ns3:cad>
          </ns3:TrackPointExtension>
        </extensions>
      </trkpt>
      <trkpt lat="39.8793681152164936065673828125" lon="124.1553272120654582977294921875">
        <ele>-3.2000000476837158203125</ele>
        <time>2026-10-06T12:23:13.000Z</time>
        <extensions>
          <ns3:TrackPointExtension>
            <ns3:hr>153</ns3:hr>
            <ns3:cad>88</ns3:cad>
          </ns3:TrackPointExtension>
        </extensions>
      </trkpt>
      <trkpt lat="39.879392087459564208984375" lon="124.15533148683607578277587890625">
        <ele>-3.2000000476837158203125</ele>
        <time>2026-10-06T12:23:14.000Z</time>
        <extensions>
          <ns3:TrackPointExtension>
            <ns3:hr>152</ns3:hr>
            <ns3:cad>88</ns3:cad>
          </ns3:TrackPointExtension>
        </extensions>
      </trkpt>
      <trkpt lat="39.87941513769328594207763671875" lon="124.15532930754125118255615234375">
        <ele>-3.2000000476837158203125</ele>
        <time>2026-10-06T12:23:15.000Z</time>
        <extensions>
          <ns3:TrackPointExtension>
            <ns3:hr>152</ns3:hr>
            <ns3:cad>88</ns3:cad>
          </ns3:TrackPointExtension>
        </extensions>
      </trkpt>
      <trkpt lat="39.8794422112405300140380859375" lon="124.15533785708248615264892578125">
        <ele>-3.2000000476837158203125</ele>
        <time>2026-10-06T12:23:16.000Z</time>
        <extensions>
          <ns3:TrackPointExtension>
            <ns3:hr>152</ns3:hr>
            <ns3:cad>88</ns3:cad>
          </ns3:TrackPointExtension>
        </extensions>
      </trkpt>
      <trkpt lat="39.879461489617824554443359375" lon="124.1553340852260589599609375">
        <ele>-3.2000000476837158203125</ele>
        <time>2026-10-06T12:23:17.000Z</time>
        <extensions>
          <ns3:TrackPointExtension>
            <ns3:hr>152</ns3:hr>
            <ns3:cad>88</ns3:cad>
          </ns3:TrackPointExtension>
        </extensions>
      </trkpt>
      <trkpt lat="39.8794891498982906341552734375" lon="124.1553369350731372833251953125">
        <ele>-3.2000000476837158203125</ele>
        <time>2026-10-06T12:23:18.000Z</time>
        <extensions>
          <ns3:TrackPointExtension>
            <ns3:hr>152</ns3:hr>
            <ns3:cad>88</ns3:cad>
          </ns3:TrackPointExtension>
        </extensions>
      </trkpt>
      <trkpt lat="39.87950951792299747467041015625" lon="124.1553352586925029754638671875">
        <ele>-3</ele>
        <time>2026-10-06T12:23:19.000Z</time>
        <extensions>
          <ns3:TrackPointExtension>
            <ns3:hr>152</ns3:hr>
            <ns3:cad>88</ns3:cad>
          </ns3:TrackPointExtension>
        </extensions>
      </trkpt>
      <trkpt lat="39.87953357398509979248046875" lon="124.15534322150051593780517578125">
        <ele>-3</ele>
        <time>2026-10-06T12:23:20.000Z</time>
        <extensions>
          <ns3:TrackPointExtension>
            <ns3:hr>152</ns3:hr>
            <ns3:cad>87</ns3:cad>
          </ns3:TrackPointExtension>
        </extensions>
      </trkpt>
      <trkpt lat="39.8795555345714092254638671875" lon="124.1553443111479282379150390625">
        <ele>-3</ele>
        <time>2026-10-06T12:23:21.000Z</time>
        <extensions>
          <ns3:TrackPointExtension>
            <ns3:hr>153</ns3:hr>
            <ns3:cad>87</ns3:cad>
          </ns3:TrackPointExtension>
        </extensions>
      </trkpt>
      <trkpt lat="39.8795813508331775665283203125" lon="124.155347831547260284423828125">
        <ele>-3</ele>
        <time>2026-10-06T12:23:22.000Z</time>
        <extensions>
          <ns3:TrackPointExtension>
            <ns3:hr>153</ns3:hr>
            <ns3:cad>87</ns3:cad>
          </ns3:TrackPointExtension>
        </extensions>
      </trkpt>
      <trkpt lat="39.87960440106689929962158203125" lon="124.15534816682338714599609375">
        <ele>-3</ele>
        <time>2026-10-06T12:23:23.000Z</time>
        <extensions>
          <ns3:TrackPointExtension>
            <ns3:hr>152</ns3:hr>
            <ns3:cad>87</ns3:cad>
          </ns3:TrackPointExtension>
        </extensions>
      </trkpt>
      <trkpt lat="39.87963072024285793304443359375" lon="124.15534506551921367645263671875">
        <ele>-3</ele>
        <time>2026-10-06T12:23:24.000Z</time>
        <extensions>
          <ns3:TrackPointExtension>
            <ns3:hr>153</ns3:hr>
            <ns3:cad>88</ns3:cad>
          </ns3:TrackPointExtension>
        </extensions>
      </trkpt>
      <trkpt lat="39.87965519540011882781982421875" lon="124.1553486697375774383544921875">
        <ele>-3</ele>
        <time>2026-10-06T12:23:25.000Z</time>
        <extensions>
          <ns3:TrackPointExtension>
            <ns3:hr>153</ns3:hr>
            <ns3:cad>88</ns3:cad>
          </ns3:TrackPointExtension>
        </extensions>
      </trkpt>
      <trkpt lat="39.879676736891269683837890625" lon="124.15534422732889652252197265625">
        <ele>-3</ele>
        <time>2026-10-06T12:23:26.000Z</time>
        <extensions>
          <ns3:TrackPointExtension>
            <ns3:hr>153</ns3:hr>
            <ns3:cad>88</ns3:cad>
          </ns3:TrackPointExtension>
        </extensions>
      </trkpt>
      <trkpt lat="39.87970381043851375579833984375" lon="124.15534875355660915374755859375">
        <ele>-3</ele>
        <time>2026-10-06T12:23:27.000Z</time>
        <extensions>
          <ns3:TrackPointExtension>
            <ns3:hr>153</ns3:hr>
            <ns3:cad>87</ns3:cad>
          </ns3:TrackPointExtension>
        </extensions>
      </trkpt>
      <trkpt lat="39.87972459755837917327880859375" lon="124.155343808233737945556640625">
        <ele>-3</ele>
        <time>2026-10-06T12:23:28.000Z</time>
        <extensions>
          <ns3:TrackPointExtension>
            <ns3:hr>152</ns3:hr>
            <ns3:cad>86</ns3:cad>
          </ns3:TrackPointExtension>
        </extensions>
      </trkpt>
      <trkpt lat="39.87975024618208408355712890625" lon="124.15534950792789459228515625">
        <ele>-3</ele>
        <time>2026-10-06T12:23:29.000Z</time>
        <extensions>
          <ns3:TrackPointExtension>
            <ns3:hr>152</ns3:hr>
            <ns3:cad>86</ns3:cad>
          </ns3:TrackPointExtension>
        </extensions>
      </trkpt>
      <trkpt lat="39.87976918928325176239013671875" lon="124.1553476639091968536376953125">
        <ele>-3</ele>
        <time>2026-10-06T12:23:30.000Z</time>
        <extensions>
          <ns3:TrackPointExtension>
            <ns3:hr>154</ns3:hr>
            <ns3:cad>87</ns3:cad>
          </ns3:TrackPointExtension>
        </extensions>
      </trkpt>
      <trkpt lat="39.8797969333827495574951171875" lon="124.155354537069797515869140625">
        <ele>-3</ele>
        <time>2026-10-06T12:23:31.000Z</time>
        <extensions>
          <ns3:TrackPointExtension>
            <ns3:hr>154</ns3:hr>
            <ns3:cad>87</ns3:cad>
          </ns3:TrackPointExtension>
        </extensions>
      </trkpt>
      <trkpt lat="39.87981654703617095947265625" lon="124.1553493402898311614990234375">
        <ele>-2.7999999523162841796875</ele>
        <time>2026-10-06T12:23:32.000Z</time>
        <extensions>
          <ns3:TrackPointExtension>
            <ns3:hr>154</ns3:hr>
            <ns3:cad>88</ns3:cad>
          </ns3:TrackPointExtension>
        </extensions>
      </trkpt>
      <trkpt lat="39.87984177656471729278564453125" lon="124.15535076521337032318115234375">
        <ele>-2.7999999523162841796875</ele>
        <time>2026-10-06T12:23:33.000Z</time>
        <extensions>
          <ns3:TrackPointExtension>
            <ns3:hr>156</ns3:hr>
            <ns3:cad>88</ns3:cad>
          </ns3:TrackPointExtension>
        </extensions>
      </trkpt>
      <trkpt lat="39.879863820970058441162109375" lon="124.1553570516407489776611328125">
        <ele>-2.7999999523162841796875</ele>
        <time>2026-10-06T12:23:34.000Z</time>
        <extensions>
          <ns3:TrackPointExtension>
            <ns3:hr>156</ns3:hr>
            <ns3:cad>88</ns3:cad>
          </ns3:TrackPointExtension>
        </extensions>
      </trkpt>
      <trkpt lat="39.8798797465860843658447265625" lon="124.15535277687013149261474609375">
        <ele>-2.7999999523162841796875</ele>
        <time>2026-10-06T12:23:35.000Z</time>
        <extensions>
          <ns3:TrackPointExtension>
            <ns3:hr>155</ns3:hr>
            <ns3:cad>87</ns3:cad>
          </ns3:TrackPointExtension>
        </extensions>
      </trkpt>
      <trkpt lat="39.879902713000774383544921875" lon="124.15535696782171726226806640625">
        <ele>-2.7999999523162841796875</ele>
        <time>2026-10-06T12:23:36.000Z</time>
        <extensions>
          <ns3:TrackPointExtension>
            <ns3:hr>155</ns3:hr>
            <ns3:cad>86</ns3:cad>
          </ns3:TrackPointExtension>
        </extensions>
      </trkpt>
      <trkpt lat="39.8799203149974346160888671875" lon="124.1553540341556072235107421875">
        <ele>-2.7999999523162841796875</ele>
        <time>2026-10-06T12:23:37.000Z</time>
        <extensions>
          <ns3:TrackPointExtension>
            <ns3:hr>157</ns3:hr>
            <ns3:cad>86</ns3:cad>
          </ns3:TrackPointExtension>
        </extensions>
      </trkpt>
      <trkpt lat="39.87994755618274211883544921875" lon="124.15535864420235157012939453125">
        <ele>-2.599999904632568359375</ele>
        <time>2026-10-06T12:23:38.000Z</time>
        <extensions>
          <ns3:TrackPointExtension>
            <ns3:hr>156</ns3:hr>
            <ns3:cad>85</ns3:cad>
          </ns3:TrackPointExtension>
        </extensions>
      </trkpt>
      <trkpt lat="39.87997052259743213653564453125" lon="124.15536283515393733978271484375">
        <ele>-2.599999904632568359375</ele>
        <time>2026-10-06T12:23:39.000Z</time>
        <extensions>
          <ns3:TrackPointExtension>
            <ns3:hr>154</ns3:hr>
            <ns3:cad>85</ns3:cad>
          </ns3:TrackPointExtension>
        </extensions>
      </trkpt>
      <trkpt lat="39.879995249211788177490234375" lon="124.15536434389650821685791015625">
        <ele>-2.7999999523162841796875</ele>
        <time>2026-10-06T12:23:40.000Z</time>
        <extensions>
          <ns3:TrackPointExtension>
            <ns3:hr>155</ns3:hr>
            <ns3:cad>86</ns3:cad>
          </ns3:TrackPointExtension>
        </extensions>
      </trkpt>
      <trkpt lat="39.88001829944550991058349609375" lon="124.155370295047760009765625">
        <ele>-2.7999999523162841796875</ele>
        <time>2026-10-06T12:23:41.000Z</time>
        <extensions>
          <ns3:TrackPointExtension>
            <ns3:hr>156</ns3:hr>
            <ns3:cad>86</ns3:cad>
          </ns3:TrackPointExtension>
        </extensions>
      </trkpt>
      <trkpt lat="39.8800384998321533203125" lon="124.1553662717342376708984375">
        <ele>-2.599999904632568359375</ele>
        <time>2026-10-06T12:23:42.000Z</time>
        <extensions>
          <ns3:TrackPointExtension>
            <ns3:hr>155</ns3:hr>
            <ns3:cad>86</ns3:cad>
          </ns3:TrackPointExtension>
        </extensions>
      </trkpt>
      <trkpt lat="39.88006674684584140777587890625" lon="124.1553697921335697174072265625">
        <ele>-2.599999904632568359375</ele>
        <time>2026-10-06T12:23:43.000Z</time>
        <extensions>
          <ns3:TrackPointExtension>
            <ns3:hr>154</ns3:hr>
            <ns3:cad>85</ns3:cad>
          </ns3:TrackPointExtension>
        </extensions>
      </trkpt>
      <trkpt lat="39.8800856061279773712158203125" lon="124.155364930629730224609375">
        <ele>-2.599999904632568359375</ele>
        <time>2026-10-06T12:23:44.000Z</time>
        <extensions>
          <ns3:TrackPointExtension>
            <ns3:hr>155</ns3:hr>
            <ns3:cad>85</ns3:cad>
          </ns3:TrackPointExtension>
        </extensions>
      </trkpt>
      <trkpt lat="39.88011117093265056610107421875" lon="124.1553691215813159942626953125">
        <ele>-2.599999904632568359375</ele>
        <time>2026-10-06T12:23:45.000Z</time>
        <extensions>
          <ns3:TrackPointExtension>
            <ns3:hr>155</ns3:hr>
            <ns3:cad>85</ns3:cad>
          </ns3:TrackPointExtension>
        </extensions>
      </trkpt>
      <trkpt lat="39.8801291920244693756103515625" lon="124.1553694568574428558349609375">
        <ele>-2.599999904632568359375</ele>
        <time>2026-10-06T12:23:46.000Z</time>
        <extensions>
          <ns3:TrackPointExtension>
            <ns3:hr>154</ns3:hr>
            <ns3:cad>85</ns3:cad>
          </ns3:TrackPointExtension>
        </extensions>
      </trkpt>
      <trkpt lat="39.88014386035501956939697265625" lon="124.1553664393723011016845703125">
        <ele>-2.599999904632568359375</ele>
        <time>2026-10-06T12:23:47.000Z</time>
        <extensions>
          <ns3:TrackPointExtension>
            <ns3:hr>155</ns3:hr>
            <ns3:cad>85</ns3:cad>
          </ns3:TrackPointExtension>
        </extensions>
      </trkpt>
      <trkpt lat="39.8801550082862377166748046875" lon="124.15537121705710887908935546875">
        <ele>-2.400000095367431640625</ele>
        <time>2026-10-06T12:23:48.000Z</time>
        <extensions>
          <ns3:TrackPointExtension>
            <ns3:hr>156</ns3:hr>
            <ns3:cad>86</ns3:cad>
          </ns3:TrackPointExtension>
        </extensions>
      </trkpt>
      <trkpt lat="39.8801551759243011474609375" lon="124.15537423454225063323974609375">
        <ele>-2.400000095367431640625</ele>
        <time>2026-10-06T12:23:49.000Z</time>
        <extensions>
          <ns3:TrackPointExtension>
            <ns3:hr>155</ns3:hr>
            <ns3:cad>86</ns3:cad>
          </ns3:TrackPointExtension>
        </extensions>
      </trkpt>
      <trkpt lat="39.880141429603099822998046875" lon="124.1553811915218830108642578125">
        <ele>-2.400000095367431640625</ele>
        <time>2026-10-06T12:23:50.000Z</time>
        <extensions>
          <ns3:TrackPointExtension>
            <ns3:hr>155</ns3:hr>
            <ns3:cad>0</ns3:cad>
          </ns3:TrackPointExtension>
        </extensions>
      </trkpt>
      <trkpt lat="39.88010714761912822723388671875" lon="124.1553785093128681182861328125">
        <ele>-2.400000095367431640625</ele>
        <time>2026-10-06T12:23:51.000Z</time>
        <extensions>
          <ns3:TrackPointExtension>
            <ns3:hr>155</ns3:hr>
            <ns3:cad>0</ns3:cad>
          </ns3:TrackPointExtension>
        </extensions>
      </trkpt>
      <trkpt lat="39.88005585037171840667724609375" lon="124.15537708438932895660400390625">
        <ele>-2.599999904632568359375</ele>
        <time>2026-10-06T12:23:52.000Z</time>
        <extensions>
          <ns3:TrackPointExtension>
            <ns3:hr>160</ns3:hr>
            <ns3:cad>0</ns3:cad>
          </ns3:TrackPointExtension>
        </extensions>
      </trkpt>
      <trkpt lat="39.88001008518040180206298828125" lon="124.1553818620741367340087890625">
        <ele>-2.599999904632568359375</ele>
        <time>2026-10-06T12:23:53.000Z</time>
        <extensions>
          <ns3:TrackPointExtension>
            <ns3:hr>162</ns3:hr>
            <ns3:cad>0</ns3:cad>
          </ns3:TrackPointExtension>
        </extensions>
      </trkpt>
      <trkpt lat="39.87995375879108905792236328125" lon="124.155371300876140594482421875">
        <ele>-2.400000095367431640625</ele>
        <time>2026-10-06T12:23:54.000Z</time>
        <extensions>
          <ns3:TrackPointExtension>
            <ns3:hr>162</ns3:hr>
            <ns3:cad>0</ns3:cad>
          </ns3:TrackPointExtension>
        </extensions>
      </trkpt>
      <trkpt lat="39.87991050817072391510009765625" lon="124.15536954067647457122802734375">
        <ele>-2.400000095367431640625</ele>
        <time>2026-10-06T12:23:55.000Z</time>
        <extensions>
          <ns3:TrackPointExtension>
            <ns3:hr>164</ns3:hr>
            <ns3:cad>0</ns3:cad>
          </ns3:TrackPointExtension>
        </extensions>
      </trkpt>
      <trkpt lat="39.8798668384552001953125" lon="124.15536962449550628662109375">
        <ele>-2.2000000476837158203125</ele>
        <time>2026-10-06T12:23:56.000Z</time>
        <extensions>
          <ns3:TrackPointExtension>
            <ns3:hr>165</ns3:hr>
            <ns3:cad>95</ns3:cad>
          </ns3:TrackPointExtension>
        </extensions>
      </trkpt>
      <trkpt lat="39.87981361337006092071533203125" lon="124.15536216460168361663818359375">
        <ele>-2.2000000476837158203125</ele>
        <time>2026-10-06T12:23:57.000Z</time>
        <extensions>
          <ns3:TrackPointExtension>
            <ns3:hr>166</ns3:hr>
            <ns3:cad>96</ns3:cad>
          </ns3:TrackPointExtension>
        </extensions>
      </trkpt>
      <trkpt lat="39.87977472133934497833251953125" lon="124.1553677804768085479736328125">
        <ele>-2.2000000476837158203125</ele>
        <time>2026-10-06T12:23:58.000Z</time>
        <extensions>
          <ns3:TrackPointExtension>
            <ns3:hr>169</ns3:hr>
            <ns3:cad>96</ns3:cad>
          </ns3:TrackPointExtension>
        </extensions>
      </trkpt>
      <trkpt lat="39.87972711212933063507080078125" lon="124.1553597338497638702392578125">
        <ele>-2.2000000476837158203125</ele>
        <time>2026-10-06T12:23:59.000Z</time>
        <extensions>
          <ns3:TrackPointExtension>
            <ns3:hr>172</ns3:hr>
            <ns3:cad>96</ns3:cad>
          </ns3:TrackPointExtension>
        </extensions>
      </trkpt>
      <trkpt lat="39.879682101309299468994140625" lon="124.155356884002685546875">
        <ele>-2.2000000476837158203125</ele>
        <time>2026-10-06T12:24:00.000Z</time>
        <extensions>
          <ns3:TrackPointExtension>
            <ns3:hr>171</ns3:hr>
            <ns3:cad>96</ns3:cad>
          </ns3:TrackPointExtension>
        </extensions>
      </trkpt>
      <trkpt lat="39.87963994033634662628173828125" lon="124.15535378269851207733154296875">
        <ele>-2</ele>
        <time>2026-10-06T12:24:01.000Z</time>
        <extensions>
          <ns3:TrackPointExtension>
            <ns3:hr>172</ns3:hr>
            <ns3:cad>97</ns3:cad>
          </ns3:TrackPointExtension>
        </extensions>
      </trkpt>
      <trkpt lat="39.879594258964061737060546875" lon="124.155345819890499114990234375">
        <ele>-2</ele>
        <time>2026-10-06T12:24:02.000Z</time>
        <extensions>
          <ns3:TrackPointExtension>
            <ns3:hr>172</ns3:hr>
            <ns3:cad>97</ns3:cad>
          </ns3:TrackPointExtension>
        </extensions>
      </trkpt>
      <trkpt lat="39.8795578815042972564697265625" lon="124.1553530283272266387939453125">
        <ele>-2</ele>
        <time>2026-10-06T12:24:03.000Z</time>
        <extensions>
          <ns3:TrackPointExtension>
            <ns3:hr>174</ns3:hr>
            <ns3:cad>96</ns3:cad>
          </ns3:TrackPointExtension>
        </extensions>
      </trkpt>
      <trkpt lat="39.87951253540813922882080078125" lon="124.1553446464240550994873046875">
        <ele>-2</ele>
        <time>2026-10-06T12:24:04.000Z</time>
        <extensions>
          <ns3:TrackPointExtension>
            <ns3:hr>175</ns3:hr>
            <ns3:cad>96</ns3:cad>
          </ns3:TrackPointExtension>
        </extensions>
      </trkpt>
      <trkpt lat="39.8794703744351863861083984375" lon="124.1553389467298984527587890625">
        <ele>-2.2000000476837158203125</ele>
        <time>2026-10-06T12:24:05.000Z</time>
        <extensions>
          <ns3:TrackPointExtension>
            <ns3:hr>177</ns3:hr>
            <ns3:cad>96</ns3:cad>
          </ns3:TrackPointExtension>
        </extensions>
      </trkpt>
      <trkpt lat="39.879430644214153289794921875" lon="124.155341796576976776123046875">
        <ele>-2.2000000476837158203125</ele>
        <time>2026-10-06T12:24:06.000Z</time>
        <extensions>
          <ns3:TrackPointExtension>
            <ns3:hr>179</ns3:hr>
            <ns3:cad>93</ns3:cad>
          </ns3:TrackPointExtension>
        </extensions>
      </trkpt>
      <trkpt lat="39.87938144244253635406494140625" lon="124.15532947517931461334228515625">
        <ele>-2</ele>
        <time>2026-10-06T12:24:07.000Z</time>
        <extensions>
          <ns3:TrackPointExtension>
            <ns3:hr>177</ns3:hr>
            <ns3:cad>93</ns3:cad>
          </ns3:TrackPointExtension>
        </extensions>
      </trkpt>
      <trkpt lat="39.8793424665927886962890625" lon="124.15533031336963176727294921875">
        <ele>-2</ele>
        <time>2026-10-06T12:24:08.000Z</time>
        <extensions>
          <ns3:TrackPointExtension>
            <ns3:hr>178</ns3:hr>
            <ns3:cad>93</ns3:cad>
          </ns3:TrackPointExtension>
        </extensions>
      </trkpt>
      <trkpt lat="39.87929888069629669189453125" lon="124.1553246974945068359375">
        <ele>-2</ele>
        <time>2026-10-06T12:24:09.000Z</time>
        <extensions>
          <ns3:TrackPointExtension>
            <ns3:hr>179</ns3:hr>
            <ns3:cad>96</ns3:cad>
          </ns3:TrackPointExtension>
        </extensions>
      </trkpt>
      <trkpt lat="39.87925604917109012603759765625" lon="124.1553252004086971282958984375">
        <ele>-2</ele>
        <time>2026-10-06T12:24:10.000Z</time>
        <extensions>
          <ns3:TrackPointExtension>
            <ns3:hr>182</ns3:hr>
            <ns3:cad>96</ns3:cad>
          </ns3:TrackPointExtension>
        </extensions>
      </trkpt>
      <trkpt lat="39.8792148940265178680419921875" lon="124.15532712824642658233642578125">
        <ele>-2</ele>
        <time>2026-10-06T12:24:11.000Z</time>
        <extensions>
          <ns3:TrackPointExtension>
            <ns3:hr>182</ns3:hr>
            <ns3:cad>96</ns3:cad>
          </ns3:TrackPointExtension>
        </extensions>
      </trkpt>
      <trkpt lat="39.8791689611971378326416015625" lon="124.15532092563807964324951171875">
        <ele>-2</ele>
        <time>2026-10-06T12:24:12.000Z</time>
        <extensions>
          <ns3:TrackPointExtension>
            <ns3:hr>180</ns3:hr>
            <ns3:cad>96</ns3:cad>
          </ns3:TrackPointExtension>
        </extensions>
      </trkpt>
      <trkpt lat="39.87913233228027820587158203125" lon="124.15532746352255344390869140625">
        <ele>-2</ele>
        <time>2026-10-06T12:24:13.000Z</time>
        <extensions>
          <ns3:TrackPointExtension>
            <ns3:hr>181</ns3:hr>
            <ns3:cad>96</ns3:cad>
          </ns3:TrackPointExtension>
        </extensions>
      </trkpt>
      <trkpt lat="39.8790930211544036865234375" lon="124.15532142855226993560791015625">
        <ele>-1.7999999523162841796875</ele>
        <time>2026-10-06T12:24:14.000Z</time>
        <extensions>
          <ns3:TrackPointExtension>
            <ns3:hr>181</ns3:hr>
            <ns3:cad>96</ns3:cad>
          </ns3:TrackPointExtension>
        </extensions>
      </trkpt>
      <trkpt lat="39.8790532909333705902099609375" lon="124.155322015285491943359375">
        <ele>-1.7999999523162841796875</ele>
        <time>2026-10-06T12:24:15.000Z</time>
        <extensions>
          <ns3:TrackPointExtension>
            <ns3:hr>182</ns3:hr>
            <ns3:cad>94</ns3:cad>
          </ns3:TrackPointExtension>
        </extensions>
      </trkpt>
      <trkpt lat="39.8790098726749420166015625" lon="124.15531975217163562774658203125">
        <ele>-1.7999999523162841796875</ele>
        <time>2026-10-06T12:24:16.000Z</time>
        <extensions>
          <ns3:TrackPointExtension>
            <ns3:hr>184</ns3:hr>
            <ns3:cad>94</ns3:cad>
          </ns3:TrackPointExtension>
        </extensions>
      </trkpt>
      <trkpt lat="39.87896628677845001220703125" lon="124.15531472302973270416259765625">
        <ele>-1.7999999523162841796875</ele>
        <time>2026-10-06T12:24:17.000Z</time>
        <extensions>
          <ns3:TrackPointExtension>
            <ns3:hr>184</ns3:hr>
            <ns3:cad>96</ns3:cad>
          </ns3:TrackPointExtension>
        </extensions>
      </trkpt>
      <trkpt lat="39.8789285682141780853271484375" lon="124.15531740523874759674072265625">
        <ele>-1.7999999523162841796875</ele>
        <time>2026-10-06T12:24:18.000Z</time>
        <extensions>
          <ns3:TrackPointExtension>
            <ns3:hr>183</ns3:hr>
            <ns3:cad>96</ns3:cad>
          </ns3:TrackPointExtension>
        </extensions>
      </trkpt>
      <trkpt lat="39.87888322211802005767822265625" lon="124.15530793368816375732421875">
        <ele>-1.7999999523162841796875</ele>
        <time>2026-10-06T12:24:19.000Z</time>
        <extensions>
          <ns3:TrackPointExtension>
            <ns3:hr>183</ns3:hr>
            <ns3:cad>97</ns3:cad>
          </ns3:TrackPointExtension>
        </extensions>
      </trkpt>
      <trkpt lat="39.87884114496409893035888671875" lon="124.15530634112656116485595703125">
        <ele>-1.7999999523162841796875</ele>
        <time>2026-10-06T12:24:20.000Z</time>
        <extensions>
          <ns3:TrackPointExtension>
            <ns3:hr>183</ns3:hr>
            <ns3:cad>97</ns3:cad>
          </ns3:TrackPointExtension>
        </extensions>
      </trkpt>
      <trkpt lat="39.8787951283156871795654296875" lon="124.15530567057430744171142578125">
        <ele>-1.7999999523162841796875</ele>
        <time>2026-10-06T12:24:21.000Z</time>
        <extensions>
          <ns3:TrackPointExtension>
            <ns3:hr>182</ns3:hr>
            <ns3:cad>96</ns3:cad>
          </ns3:TrackPointExtension>
        </extensions>
      </trkpt>
      <trkpt lat="39.8787388019263744354248046875" lon="124.1552963666617870330810546875">
        <ele>-1.7999999523162841796875</ele>
        <time>2026-10-06T12:24:22.000Z</time>
        <extensions>
          <ns3:TrackPointExtension>
            <ns3:hr>184</ns3:hr>
            <ns3:cad>96</ns3:cad>
          </ns3:TrackPointExtension>
        </extensions>
      </trkpt>
      <trkpt lat="39.8787029273808002471923828125" lon="124.15529628284275531768798828125">
        <ele>-1.60000002384185791015625</ele>
        <time>2026-10-06T12:24:23.000Z</time>
        <extensions>
          <ns3:TrackPointExtension>
            <ns3:hr>186</ns3:hr>
            <ns3:cad>95</ns3:cad>
          </ns3:TrackPointExtension>
        </extensions>
      </trkpt>
      <trkpt lat="39.87865841947495937347412109375" lon="124.15528572164475917816162109375">
        <ele>-1.60000002384185791015625</ele>
        <time>2026-10-06T12:24:24.000Z</time>
        <extensions>
          <ns3:TrackPointExtension>
            <ns3:hr>187</ns3:hr>
            <ns3:cad>95</ns3:cad>
          </ns3:TrackPointExtension>
        </extensions>
      </trkpt>
      <trkpt lat="39.87861550413072109222412109375" lon="124.15528605692088603973388671875">
        <ele>-1.60000002384185791015625</ele>
        <time>2026-10-06T12:24:25.000Z</time>
        <extensions>
          <ns3:TrackPointExtension>
            <ns3:hr>186</ns3:hr>
            <ns3:cad>95</ns3:cad>
          </ns3:TrackPointExtension>
        </extensions>
      </trkpt>
      <trkpt lat="39.878572337329387664794921875" lon="124.15528220124542713165283203125">
        <ele>-1.60000002384185791015625</ele>
        <time>2026-10-06T12:24:26.000Z</time>
        <extensions>
          <ns3:TrackPointExtension>
            <ns3:hr>187</ns3:hr>
            <ns3:cad>96</ns3:cad>
          </ns3:TrackPointExtension>
        </extensions>
      </trkpt>
      <trkpt lat="39.87852062098681926727294921875" lon="124.15527130477130413055419921875">
        <ele>-1.60000002384185791015625</ele>
        <time>2026-10-06T12:24:27.000Z</time>
        <extensions>
          <ns3:TrackPointExtension>
            <ns3:hr>187</ns3:hr>
            <ns3:cad>97</ns3:cad>
          </ns3:TrackPointExtension>
        </extensions>
      </trkpt>
      <trkpt lat="39.87848206423223018646240234375" lon="124.15527281351387500762939453125">
        <ele>-1.60000002384185791015625</ele>
        <time>2026-10-06T12:24:28.000Z</time>
        <extensions>
          <ns3:TrackPointExtension>
            <ns3:hr>186</ns3:hr>
            <ns3:cad>97</ns3:cad>
          </ns3:TrackPointExtension>
        </extensions>
      </trkpt>
      <trkpt lat="39.87843764014542102813720703125" lon="124.1552645154297351837158203125">
        <ele>-1.60000002384185791015625</ele>
        <time>2026-10-06T12:24:29.000Z</time>
        <extensions>
          <ns3:TrackPointExtension>
            <ns3:hr>185</ns3:hr>
            <ns3:cad>97</ns3:cad>
          </ns3:TrackPointExtension>
        </extensions>
      </trkpt>
      <trkpt lat="39.878394640982151031494140625" lon="124.1552631743252277374267578125">
        <ele>-1.60000002384185791015625</ele>
        <time>2026-10-06T12:24:30.000Z</time>
        <extensions>
          <ns3:TrackPointExtension>
            <ns3:hr>186</ns3:hr>
            <ns3:cad>97</ns3:cad>
          </ns3:TrackPointExtension>
        </extensions>
      </trkpt>
      <trkpt lat="39.878353066742420196533203125" lon="124.15525965392589569091796875">
        <ele>-1.60000002384185791015625</ele>
        <time>2026-10-06T12:24:31.000Z</time>
        <extensions>
          <ns3:TrackPointExtension>
            <ns3:hr>187</ns3:hr>
            <ns3:cad>96</ns3:cad>
          </ns3:TrackPointExtension>
        </extensions>
      </trkpt>
      <trkpt lat="39.87830587662756443023681640625" lon="124.1552487574517726898193359375">
        <ele>-1.60000002384185791015625</ele>
        <time>2026-10-06T12:24:32.000Z</time>
        <extensions>
          <ns3:TrackPointExtension>
            <ns3:hr>188</ns3:hr>
            <ns3:cad>96</ns3:cad>
          </ns3:TrackPointExtension>
        </extensions>
      </trkpt>
      <trkpt lat="39.87826564349234104156494140625" lon="124.15525336749851703643798828125">
        <ele>-1.39999997615814208984375</ele>
        <time>2026-10-06T12:24:33.000Z</time>
        <extensions>
          <ns3:TrackPointExtension>
            <ns3:hr>189</ns3:hr>
            <ns3:cad>96</ns3:cad>
          </ns3:TrackPointExtension>
        </extensions>
      </trkpt>
      <trkpt lat="39.87822323106229305267333984375" lon="124.15524129755795001983642578125">
        <ele>-1.39999997615814208984375</ele>
        <time>2026-10-06T12:24:34.000Z</time>
        <extensions>
          <ns3:TrackPointExtension>
            <ns3:hr>189</ns3:hr>
            <ns3:cad>96</ns3:cad>
          </ns3:TrackPointExtension>
        </extensions>
      </trkpt>
      <trkpt lat="39.87817914225161075592041015625" lon="124.15523509494960308074951171875">
        <ele>-1.39999997615814208984375</ele>
        <time>2026-10-06T12:24:35.000Z</time>
        <extensions>
          <ns3:TrackPointExtension>
            <ns3:hr>190</ns3:hr>
            <ns3:cad>96</ns3:cad>
          </ns3:TrackPointExtension>
        </extensions>
      </trkpt>
      <trkpt lat="39.87813740037381649017333984375" lon="124.155227132141590118408203125">
        <ele>-1.39999997615814208984375</ele>
        <time>2026-10-06T12:24:36.000Z</time>
        <extensions>
          <ns3:TrackPointExtension>
            <ns3:hr>191</ns3:hr>
            <ns3:cad>97</ns3:cad>
          </ns3:TrackPointExtension>
        </extensions>
      </trkpt>
      <trkpt lat="39.87809163518249988555908203125" lon="124.1552155651152133941650390625">
        <ele>-1.39999997615814208984375</ele>
        <time>2026-10-06T12:24:37.000Z</time>
        <extensions>
          <ns3:TrackPointExtension>
            <ns3:hr>191</ns3:hr>
            <ns3:cad>97</ns3:cad>
          </ns3:TrackPointExtension>
        </extensions>
      </trkpt>
      <trkpt lat="39.8780536651611328125" lon="124.15521682240068912506103515625">
        <ele>-1.39999997615814208984375</ele>
        <time>2026-10-06T12:24:38.000Z</time>
        <extensions>
          <ns3:TrackPointExtension>
            <ns3:hr>191</ns3:hr>
            <ns3:cad>96</ns3:cad>
          </ns3:TrackPointExtension>
        </extensions>
      </trkpt>
      <trkpt lat="39.87801133655011653900146484375" lon="124.15520559065043926239013671875">
        <ele>-1.39999997615814208984375</ele>
        <time>2026-10-06T12:24:39.000Z</time>
        <extensions>
          <ns3:TrackPointExtension>
            <ns3:hr>191</ns3:hr>
            <ns3:cad>95</ns3:cad>
          </ns3:TrackPointExtension>
        </extensions>
      </trkpt>
      <trkpt lat="39.8779703490436077117919921875" lon="124.15520139969885349273681640625">
        <ele>-1.39999997615814208984375</ele>
        <time>2026-10-06T12:24:40.000Z</time>
        <extensions>
          <ns3:TrackPointExtension>
            <ns3:hr>192</ns3:hr>
            <ns3:cad>95</ns3:cad>
          </ns3:TrackPointExtension>
        </extensions>
      </trkpt>
      <trkpt lat="39.87792952917516231536865234375" lon="124.1551917605102062225341796875">
        <ele>-1.39999997615814208984375</ele>
        <time>2026-10-06T12:24:41.000Z</time>
        <extensions>
          <ns3:TrackPointExtension>
            <ns3:hr>192</ns3:hr>
            <ns3:cad>95</ns3:cad>
          </ns3:TrackPointExtension>
        </extensions>
      </trkpt>
      <trkpt lat="39.8778808303177356719970703125" lon="124.15517985820770263671875">
        <ele>-1.39999997615814208984375</ele>
        <time>2026-10-06T12:24:42.000Z</time>
        <extensions>
          <ns3:TrackPointExtension>
            <ns3:hr>192</ns3:hr>
            <ns3:cad>95</ns3:cad>
          </ns3:TrackPointExtension>
        </extensions>
      </trkpt>
      <trkpt lat="39.87784319557249546051025390625" lon="124.155170805752277374267578125">
        <ele>-1.39999997615814208984375</ele>
        <time>2026-10-06T12:24:43.000Z</time>
        <extensions>
          <ns3:TrackPointExtension>
            <ns3:hr>191</ns3:hr>
            <ns3:cad>94</ns3:cad>
          </ns3:TrackPointExtension>
        </extensions>
      </trkpt>
      <trkpt lat="39.8778017051517963409423828125" lon="124.15514708496630191802978515625">
        <ele>-1.39999997615814208984375</ele>
        <time>2026-10-06T12:24:44.000Z</time>
        <extensions>
          <ns3:TrackPointExtension>
            <ns3:hr>190</ns3:hr>
            <ns3:cad>94</ns3:cad>
          </ns3:TrackPointExtension>
        </extensions>
      </trkpt>
      <trkpt lat="39.87776742316782474517822265625" lon="124.155142307281494140625">
        <ele>-1.2000000476837158203125</ele>
        <time>2026-10-06T12:24:45.000Z</time>
        <extensions>
          <ns3:TrackPointExtension>
            <ns3:hr>191</ns3:hr>
            <ns3:cad>94</ns3:cad>
          </ns3:TrackPointExtension>
        </extensions>
      </trkpt>
      <trkpt lat="39.87772350199520587921142578125" lon="124.15512512437999248504638671875">
        <ele>-1.39999997615814208984375</ele>
        <time>2026-10-06T12:24:46.000Z</time>
        <extensions>
          <ns3:TrackPointExtension>
            <ns3:hr>190</ns3:hr>
            <ns3:cad>94</ns3:cad>
          </ns3:TrackPointExtension>
        </extensions>
      </trkpt>
      <trkpt lat="39.87768352031707763671875" lon="124.15510785765945911407470703125">
        <ele>-1.2000000476837158203125</ele>
        <time>2026-10-06T12:24:47.000Z</time>
        <extensions>
          <ns3:TrackPointExtension>
            <ns3:hr>191</ns3:hr>
            <ns3:cad>96</ns3:cad>
          </ns3:TrackPointExtension>
        </extensions>
      </trkpt>
      <trkpt lat="39.8776471428573131561279296875" lon="124.15509696118533611297607421875">
        <ele>-1.2000000476837158203125</ele>
        <time>2026-10-06T12:24:48.000Z</time>
        <extensions>
          <ns3:TrackPointExtension>
            <ns3:hr>191</ns3:hr>
            <ns3:cad>96</ns3:cad>
          </ns3:TrackPointExtension>
        </extensions>
      </trkpt>
      <trkpt lat="39.877603054046630859375" lon="124.15507416240870952606201171875">
        <ele>-1.2000000476837158203125</ele>
        <time>2026-10-06T12:24:49.000Z</time>
        <extensions>
          <ns3:TrackPointExtension>
            <ns3:hr>190</ns3:hr>
            <ns3:cad>96</ns3:cad>
          </ns3:TrackPointExtension>
        </extensions>
      </trkpt>
      <trkpt lat="39.87756592221558094024658203125" lon="124.15506510995328426361083984375">
        <ele>-1.2000000476837158203125</ele>
        <time>2026-10-06T12:24:50.000Z</time>
        <extensions>
          <ns3:TrackPointExtension>
            <ns3:hr>191</ns3:hr>
            <ns3:cad>96</ns3:cad>
          </ns3:TrackPointExtension>
        </extensions>
      </trkpt>
      <trkpt lat="39.877520240843296051025390625" lon="124.1550445742905139923095703125">
        <ele>-1.2000000476837158203125</ele>
        <time>2026-10-06T12:24:51.000Z</time>
        <extensions>
          <ns3:TrackPointExtension>
            <ns3:hr>189</ns3:hr>
            <ns3:cad>96</ns3:cad>
          </ns3:TrackPointExtension>
        </extensions>
      </trkpt>
      <trkpt lat="39.877482354640960693359375" lon="124.15503057651221752166748046875">
        <ele>-1.39999997615814208984375</ele>
        <time>2026-10-06T12:24:52.000Z</time>
        <extensions>
          <ns3:TrackPointExtension>
            <ns3:hr>190</ns3:hr>
            <ns3:cad>96</ns3:cad>
          </ns3:TrackPointExtension>
        </extensions>
      </trkpt>
      <trkpt lat="39.87744354642927646636962890625" lon="124.15501062758266925811767578125">
        <ele>-1.39999997615814208984375</ele>
        <time>2026-10-06T12:24:53.000Z</time>
        <extensions>
          <ns3:TrackPointExtension>
            <ns3:hr>190</ns3:hr>
            <ns3:cad>96</ns3:cad>
          </ns3:TrackPointExtension>
        </extensions>
      </trkpt>
      <trkpt lat="39.87740113399922847747802734375" lon="124.1549926064908504486083984375">
        <ele>-1.2000000476837158203125</ele>
        <time>2026-10-06T12:24:54.000Z</time>
        <extensions>
          <ns3:TrackPointExtension>
            <ns3:hr>190</ns3:hr>
            <ns3:cad>96</ns3:cad>
          </ns3:TrackPointExtension>
        </extensions>
      </trkpt>
      <trkpt lat="39.87736492417752742767333984375" lon="124.1549751721322536468505859375">
        <ele>-1.39999997615814208984375</ele>
        <time>2026-10-06T12:24:55.000Z</time>
        <extensions>
          <ns3:TrackPointExtension>
            <ns3:hr>190</ns3:hr>
            <ns3:cad>96</ns3:cad>
          </ns3:TrackPointExtension>
        </extensions>
      </trkpt>
      <trkpt lat="39.87732016481459140777587890625" lon="124.15495212189853191375732421875">
        <ele>-1.2000000476837158203125</ele>
        <time>2026-10-06T12:24:56.000Z</time>
        <extensions>
          <ns3:TrackPointExtension>
            <ns3:hr>190</ns3:hr>
            <ns3:cad>96</ns3:cad>
          </ns3:TrackPointExtension>
        </extensions>
      </trkpt>
      <trkpt lat="39.87728311680257320404052734375" lon="124.15493820793926715850830078125">
        <ele>-1.2000000476837158203125</ele>
        <time>2026-10-06T12:24:57.000Z</time>
        <extensions>
          <ns3:TrackPointExtension>
            <ns3:hr>190</ns3:hr>
            <ns3:cad>96</ns3:cad>
          </ns3:TrackPointExtension>
        </extensions>
      </trkpt>
      <trkpt lat="39.877239950001239776611328125" lon="124.154914654791355133056640625">
        <ele>-1.2000000476837158203125</ele>
        <time>2026-10-06T12:24:58.000Z</time>
        <extensions>
          <ns3:TrackPointExtension>
            <ns3:hr>190</ns3:hr>
            <ns3:cad>95</ns3:cad>
          </ns3:TrackPointExtension>
        </extensions>
      </trkpt>
      <trkpt lat="39.87720181234180927276611328125" lon="124.1548980586230754852294921875">
        <ele>-1.2000000476837158203125</ele>
        <time>2026-10-06T12:24:59.000Z</time>
        <extensions>
          <ns3:TrackPointExtension>
            <ns3:hr>190</ns3:hr>
            <ns3:cad>95</ns3:cad>
          </ns3:TrackPointExtension>
        </extensions>
      </trkpt>
      <trkpt lat="39.8771619983017444610595703125" lon="124.15488271974027156829833984375">
        <ele>-1.2000000476837158203125</ele>
        <time>2026-10-06T12:25:00.000Z</time>
        <extensions>
          <ns3:TrackPointExtension>
            <ns3:hr>190</ns3:hr>
            <ns3:cad>95</ns3:cad>
          </ns3:TrackPointExtension>
        </extensions>
      </trkpt>
      <trkpt lat="39.87712050788104534149169921875" lon="124.154855646193027496337890625">
        <ele>-1.2000000476837158203125</ele>
        <time>2026-10-06T12:25:01.000Z</time>
        <extensions>
          <ns3:TrackPointExtension>
            <ns3:hr>190</ns3:hr>
            <ns3:cad>93</ns3:cad>
          </ns3:TrackPointExtension>
        </extensions>
      </trkpt>
      <trkpt lat="39.87708547152578830718994140625" lon="124.1548434086143970489501953125">
        <ele>-1.2000000476837158203125</ele>
        <time>2026-10-06T12:25:02.000Z</time>
        <extensions>
          <ns3:TrackPointExtension>
            <ns3:hr>191</ns3:hr>
            <ns3:cad>93</ns3:cad>
          </ns3:TrackPointExtension>
        </extensions>
      </trkpt>
      <trkpt lat="39.87704490311443805694580078125" lon="124.1548226214945316314697265625">
        <ele>-1.2000000476837158203125</ele>
        <time>2026-10-06T12:25:03.000Z</time>
        <extensions>
          <ns3:TrackPointExtension>
            <ns3:hr>190</ns3:hr>
            <ns3:cad>95</ns3:cad>
          </ns3:TrackPointExtension>
        </extensions>
      </trkpt>
      <trkpt lat="39.8770094476640224456787109375" lon="124.154810048639774322509765625">
        <ele>-1.2000000476837158203125</ele>
        <time>2026-10-06T12:25:04.000Z</time>
        <extensions>
          <ns3:TrackPointExtension>
            <ns3:hr>191</ns3:hr>
            <ns3:cad>96</ns3:cad>
          </ns3:TrackPointExtension>
        </extensions>
      </trkpt>
      <trkpt lat="39.87696896307170391082763671875" lon="124.154789261519908905029296875">
        <ele>-1.2000000476837158203125</ele>
        <time>2026-10-06T12:25:05.000Z</time>
        <extensions>
          <ns3:TrackPointExtension>
            <ns3:hr>190</ns3:hr>
            <ns3:cad>96</ns3:cad>
          </ns3:TrackPointExtension>
        </extensions>
      </trkpt>
      <trkpt lat="39.87692378461360931396484375" lon="124.15476252324879169464111328125">
        <ele>-1.2000000476837158203125</ele>
        <time>2026-10-06T12:25:06.000Z</time>
        <extensions>
          <ns3:TrackPointExtension>
            <ns3:hr>190</ns3:hr>
            <ns3:cad>96</ns3:cad>
          </ns3:TrackPointExtension>
        </extensions>
      </trkpt>
      <trkpt lat="39.87688765861093997955322265625" lon="124.15475112386047840118408203125">
        <ele>-1.2000000476837158203125</ele>
        <time>2026-10-06T12:25:07.000Z</time>
        <extensions>
          <ns3:TrackPointExtension>
            <ns3:hr>191</ns3:hr>
            <ns3:cad>96</ns3:cad>
          </ns3:TrackPointExtension>
        </extensions>
      </trkpt>
      <trkpt lat="39.87684843130409717559814453125" lon="124.15472229011356830596923828125">
        <ele>-1.2000000476837158203125</ele>
        <time>2026-10-06T12:25:08.000Z</time>
        <extensions>
          <ns3:TrackPointExtension>
            <ns3:hr>191</ns3:hr>
            <ns3:cad>95</ns3:cad>
          </ns3:TrackPointExtension>
        </extensions>
      </trkpt>
      <trkpt lat="39.87681356258690357208251953125" lon="124.15470317937433719635009765625">
        <ele>-1.2000000476837158203125</ele>
        <time>2026-10-06T12:25:09.000Z</time>
        <extensions>
          <ns3:TrackPointExtension>
            <ns3:hr>191</ns3:hr>
            <ns3:cad>95</ns3:cad>
          </ns3:TrackPointExtension>
        </extensions>
      </trkpt>
      <trkpt lat="39.8767767660319805145263671875" lon="124.15467895567417144775390625">
        <ele>-1.2000000476837158203125</ele>
        <time>2026-10-06T12:25:10.000Z</time>
        <extensions>
          <ns3:TrackPointExtension>
            <ns3:hr>191</ns3:hr>
            <ns3:cad>95</ns3:cad>
          </ns3:TrackPointExtension>
        </extensions>
      </trkpt>
      <trkpt lat="39.87673477269709110260009765625" lon="124.15465255267918109893798828125">
        <ele>-1.2000000476837158203125</ele>
        <time>2026-10-06T12:25:11.000Z</time>
        <extensions>
          <ns3:TrackPointExtension>
            <ns3:hr>192</ns3:hr>
            <ns3:cad>95</ns3:cad>
          </ns3:TrackPointExtension>
        </extensions>
      </trkpt>
      <trkpt lat="39.87670040689408779144287109375" lon="124.1546385549008846282958984375">
        <ele>-1.39999997615814208984375</ele>
        <time>2026-10-06T12:25:12.000Z</time>
        <extensions>
          <ns3:TrackPointExtension>
            <ns3:hr>192</ns3:hr>
            <ns3:cad>96</ns3:cad>
          </ns3:TrackPointExtension>
        </extensions>
      </trkpt>
      <trkpt lat="39.876659251749515533447265625" lon="124.15461282245814800262451171875">
        <ele>-1.39999997615814208984375</ele>
        <time>2026-10-06T12:25:13.000Z</time>
        <extensions>
          <ns3:TrackPointExtension>
            <ns3:hr>191</ns3:hr>
            <ns3:cad>96</ns3:cad>
          </ns3:TrackPointExtension>
        </extensions>
      </trkpt>
      <trkpt lat="39.87662605941295623779296875" lon="124.15459605865180492401123046875">
        <ele>-1.60000002384185791015625</ele>
        <time>2026-10-06T12:25:14.000Z</time>
        <extensions>
          <ns3:TrackPointExtension>
            <ns3:hr>191</ns3:hr>
            <ns3:cad>96</ns3:cad>
          </ns3:TrackPointExtension>
        </extensions>
      </trkpt>
      <trkpt lat="39.8765859939157962799072265625" lon="124.1545755229890346527099609375">
        <ele>-1.60000002384185791015625</ele>
        <time>2026-10-06T12:25:15.000Z</time>
        <extensions>
          <ns3:TrackPointExtension>
            <ns3:hr>191</ns3:hr>
            <ns3:cad>97</ns3:cad>
          </ns3:TrackPointExtension>
        </extensions>
      </trkpt>
      <trkpt lat="39.87654349766671657562255859375" lon="124.15454886853694915771484375">
        <ele>-1.39999997615814208984375</ele>
        <time>2026-10-06T12:25:16.000Z</time>
        <extensions>
          <ns3:TrackPointExtension>
            <ns3:hr>192</ns3:hr>
            <ns3:cad>97</ns3:cad>
          </ns3:TrackPointExtension>
        </extensions>
      </trkpt>
      <trkpt lat="39.876506365835666656494140625" lon="124.15453570894896984100341796875">
        <ele>-1.39999997615814208984375</ele>
        <time>2026-10-06T12:25:17.000Z</time>
        <extensions>
          <ns3:TrackPointExtension>
            <ns3:hr>193</ns3:hr>
            <ns3:cad>95</ns3:cad>
          </ns3:TrackPointExtension>
        </extensions>
      </trkpt>
      <trkpt lat="39.87646604888141155242919921875" lon="124.1545081324875354766845703125">
        <ele>-1.39999997615814208984375</ele>
        <time>2026-10-06T12:25:18.000Z</time>
        <extensions>
          <ns3:TrackPointExtension>
            <ns3:hr>192</ns3:hr>
            <ns3:cad>95</ns3:cad>
          </ns3:TrackPointExtension>
        </extensions>
      </trkpt>
      <trkpt lat="39.87643403001129627227783203125" lon="124.15449279360473155975341796875">
        <ele>-1.39999997615814208984375</ele>
        <time>2026-10-06T12:25:19.000Z</time>
        <extensions>
          <ns3:TrackPointExtension>
            <ns3:hr>192</ns3:hr>
            <ns3:cad>95</ns3:cad>
          </ns3:TrackPointExtension>
        </extensions>
      </trkpt>
      <trkpt lat="39.876395724713802337646484375" lon="124.1544677317142486572265625">
        <ele>-1.39999997615814208984375</ele>
        <time>2026-10-06T12:25:20.000Z</time>
        <extensions>
          <ns3:TrackPointExtension>
            <ns3:hr>191</ns3:hr>
            <ns3:cad>95</ns3:cad>
          </ns3:TrackPointExtension>
        </extensions>
      </trkpt>
      <trkpt lat="39.87635540775954723358154296875" lon="124.1544467769563198089599609375">
        <ele>-1.39999997615814208984375</ele>
        <time>2026-10-06T12:25:21.000Z</time>
        <extensions>
          <ns3:TrackPointExtension>
            <ns3:hr>192</ns3:hr>
            <ns3:cad>95</ns3:cad>
          </ns3:TrackPointExtension>
        </extensions>
      </trkpt>
      <trkpt lat="39.87632120959460735321044921875" lon="124.15443495847284793853759765625">
        <ele>-1.60000002384185791015625</ele>
        <time>2026-10-06T12:25:22.000Z</time>
        <extensions>
          <ns3:TrackPointExtension>
            <ns3:hr>192</ns3:hr>
            <ns3:cad>95</ns3:cad>
          </ns3:TrackPointExtension>
        </extensions>
      </trkpt>
      <trkpt lat="39.87627997063100337982177734375" lon="124.15440260432660579681396484375">
        <ele>-1.60000002384185791015625</ele>
        <time>2026-10-06T12:25:23.000Z</time>
        <extensions>
          <ns3:TrackPointExtension>
            <ns3:hr>192</ns3:hr>
            <ns3:cad>95</ns3:cad>
          </ns3:TrackPointExtension>
        </extensions>
      </trkpt>
      <trkpt lat="39.87623982131481170654296875" lon="124.1543844155967235565185546875">
        <ele>-1.60000002384185791015625</ele>
        <time>2026-10-06T12:25:24.000Z</time>
        <extensions>
          <ns3:TrackPointExtension>
            <ns3:hr>193</ns3:hr>
            <ns3:cad>95</ns3:cad>
          </ns3:TrackPointExtension>
        </extensions>
      </trkpt>
      <trkpt lat="39.87620503641664981842041015625" lon="124.154361784458160400390625">
        <ele>-1.60000002384185791015625</ele>
        <time>2026-10-06T12:25:25.000Z</time>
        <extensions>
          <ns3:TrackPointExtension>
            <ns3:hr>192</ns3:hr>
            <ns3:cad>95</ns3:cad>
          </ns3:TrackPointExtension>
        </extensions>
      </trkpt>
      <trkpt lat="39.87616815604269504547119140625" lon="124.1543391533195972442626953125">
        <ele>-1.39999997615814208984375</ele>
        <time>2026-10-06T12:25:26.000Z</time>
        <extensions>
          <ns3:TrackPointExtension>
            <ns3:hr>192</ns3:hr>
            <ns3:cad>96</ns3:cad>
          </ns3:TrackPointExtension>
        </extensions>
      </trkpt>
      <trkpt lat="39.87613362260162830352783203125" lon="124.1543187014758586883544921875">
        <ele>-1.60000002384185791015625</ele>
        <time>2026-10-06T12:25:27.000Z</time>
        <extensions>
          <ns3:TrackPointExtension>
            <ns3:hr>192</ns3:hr>
            <ns3:cad>96</ns3:cad>
          </ns3:TrackPointExtension>
        </extensions>
      </trkpt>
      <trkpt lat="39.8760924674570560455322265625" lon="124.15429213084280490875244140625">
        <ele>-1.60000002384185791015625</ele>
        <time>2026-10-06T12:25:28.000Z</time>
        <extensions>
          <ns3:TrackPointExtension>
            <ns3:hr>192</ns3:hr>
            <ns3:cad>96</ns3:cad>
          </ns3:TrackPointExtension>
        </extensions>
      </trkpt>
      <trkpt lat="39.8760626278817653656005859375" lon="124.15427922271192073822021484375">
        <ele>-1.60000002384185791015625</ele>
        <time>2026-10-06T12:25:29.000Z</time>
        <extensions>
          <ns3:TrackPointExtension>
            <ns3:hr>191</ns3:hr>
            <ns3:cad>96</ns3:cad>
          </ns3:TrackPointExtension>
        </extensions>
      </trkpt>
      <trkpt lat="39.87602247856557369232177734375" lon="124.154249466955661773681640625">
        <ele>-1.60000002384185791015625</ele>
        <time>2026-10-06T12:25:30.000Z</time>
        <extensions>
          <ns3:TrackPointExtension>
            <ns3:hr>191</ns3:hr>
            <ns3:cad>96</ns3:cad>
          </ns3:TrackPointExtension>
        </extensions>
      </trkpt>
      <trkpt lat="39.875979982316493988037109375" lon="124.154233373701572418212890625">
        <ele>-1.60000002384185791015625</ele>
        <time>2026-10-06T12:25:31.000Z</time>
        <extensions>
          <ns3:TrackPointExtension>
            <ns3:hr>191</ns3:hr>
            <ns3:cad>96</ns3:cad>
          </ns3:TrackPointExtension>
        </extensions>
      </trkpt>
      <trkpt lat="39.87594368867576122283935546875" lon="124.1542090661823749542236328125">
        <ele>-1.60000002384185791015625</ele>
        <time>2026-10-06T12:25:32.000Z</time>
        <extensions>
          <ns3:TrackPointExtension>
            <ns3:hr>192</ns3:hr>
            <ns3:cad>96</ns3:cad>
          </ns3:TrackPointExtension>
        </extensions>
      </trkpt>
      <trkpt lat="39.87590127624571323394775390625" lon="124.15417880751192569732666015625">
        <ele>-1.60000002384185791015625</ele>
        <time>2026-10-06T12:25:33.000Z</time>
        <extensions>
          <ns3:TrackPointExtension>
            <ns3:hr>191</ns3:hr>
            <ns3:cad>96</ns3:cad>
          </ns3:TrackPointExtension>
        </extensions>
      </trkpt>
      <trkpt lat="39.87586657516658306121826171875" lon="124.154158942401409149169921875">
        <ele>-1.60000002384185791015625</ele>
        <time>2026-10-06T12:25:34.000Z</time>
        <extensions>
          <ns3:TrackPointExtension>
            <ns3:hr>192</ns3:hr>
            <ns3:cad>96</ns3:cad>
          </ns3:TrackPointExtension>
        </extensions>
      </trkpt>
      <trkpt lat="39.87582114525139331817626953125" lon="124.1541292704641819000244140625">
        <ele>-1.60000002384185791015625</ele>
        <time>2026-10-06T12:25:35.000Z</time>
        <extensions>
          <ns3:TrackPointExtension>
            <ns3:hr>191</ns3:hr>
            <ns3:cad>95</ns3:cad>
          </ns3:TrackPointExtension>
        </extensions>
      </trkpt>
      <trkpt lat="39.8757836781442165374755859375" lon="124.154119379818439483642578125">
        <ele>-1.39999997615814208984375</ele>
        <time>2026-10-06T12:25:36.000Z</time>
        <extensions>
          <ns3:TrackPointExtension>
            <ns3:hr>192</ns3:hr>
            <ns3:cad>94</ns3:cad>
          </ns3:TrackPointExtension>
        </extensions>
      </trkpt>
      <trkpt lat="39.8757427744567394256591796875" lon="124.15409163571894168853759765625">
        <ele>-1.39999997615814208984375</ele>
        <time>2026-10-06T12:25:37.000Z</time>
        <extensions>
          <ns3:TrackPointExtension>
            <ns3:hr>193</ns3:hr>
            <ns3:cad>94</ns3:cad>
          </ns3:TrackPointExtension>
        </extensions>
      </trkpt>
      <trkpt lat="39.87570949830114841461181640625" lon="124.15407009422779083251953125">
        <ele>-1.60000002384185791015625</ele>
        <time>2026-10-06T12:25:38.000Z</time>
        <extensions>
          <ns3:TrackPointExtension>
            <ns3:hr>191</ns3:hr>
            <ns3:cad>94</ns3:cad>
          </ns3:TrackPointExtension>
        </extensions>
      </trkpt>
      <trkpt lat="39.87567379139363765716552734375" lon="124.15404821746051311492919921875">
        <ele>-1.60000002384185791015625</ele>
        <time>2026-10-06T12:25:39.000Z</time>
        <extensions>
          <ns3:TrackPointExtension>
            <ns3:hr>193</ns3:hr>
            <ns3:cad>94</ns3:cad>
          </ns3:TrackPointExtension>
        </extensions>
      </trkpt>
      <trkpt lat="39.87563456408679485321044921875" lon="124.154020138084888458251953125">
        <ele>-1.60000002384185791015625</ele>
        <time>2026-10-06T12:25:40.000Z</time>
        <extensions>
          <ns3:TrackPointExtension>
            <ns3:hr>193</ns3:hr>
            <ns3:cad>95</ns3:cad>
          </ns3:TrackPointExtension>
        </extensions>
      </trkpt>
      <trkpt lat="39.87559969536960124969482421875" lon="124.1540025360882282257080078125">
        <ele>-1.60000002384185791015625</ele>
        <time>2026-10-06T12:25:41.000Z</time>
        <extensions>
          <ns3:TrackPointExtension>
            <ns3:hr>194</ns3:hr>
            <ns3:cad>95</ns3:cad>
          </ns3:TrackPointExtension>
        </extensions>
      </trkpt>
      <trkpt lat="39.87555342726409435272216796875" lon="124.1539688408374786376953125">
        <ele>-1.60000002384185791015625</ele>
        <time>2026-10-06T12:25:42.000Z</time>
        <extensions>
          <ns3:TrackPointExtension>
            <ns3:hr>195</ns3:hr>
            <ns3:cad>95</ns3:cad>
          </ns3:TrackPointExtension>
        </extensions>
      </trkpt>
      <trkpt lat="39.875515289604663848876953125" lon="124.15395081974565982818603515625">
        <ele>-1.60000002384185791015625</ele>
        <time>2026-10-06T12:25:43.000Z</time>
        <extensions>
          <ns3:TrackPointExtension>
            <ns3:hr>194</ns3:hr>
            <ns3:cad>95</ns3:cad>
          </ns3:TrackPointExtension>
        </extensions>
      </trkpt>
      <trkpt lat="39.87547748722136020660400390625" lon="124.15392701514065265655517578125">
        <ele>-1.39999997615814208984375</ele>
        <time>2026-10-06T12:25:44.000Z</time>
        <extensions>
          <ns3:TrackPointExtension>
            <ns3:hr>193</ns3:hr>
            <ns3:cad>95</ns3:cad>
          </ns3:TrackPointExtension>
        </extensions>
      </trkpt>
      <trkpt lat="39.8754410259425640106201171875" lon="124.15390656329691410064697265625">
        <ele>-1.39999997615814208984375</ele>
        <time>2026-10-06T12:25:45.000Z</time>
        <extensions>
          <ns3:TrackPointExtension>
            <ns3:hr>193</ns3:hr>
            <ns3:cad>95</ns3:cad>
          </ns3:TrackPointExtension>
        </extensions>
      </trkpt>
      <trkpt lat="39.87540439702570438385009765625" lon="124.15388007648289203643798828125">
        <ele>-1.60000002384185791015625</ele>
        <time>2026-10-06T12:25:46.000Z</time>
        <extensions>
          <ns3:TrackPointExtension>
            <ns3:hr>192</ns3:hr>
            <ns3:cad>94</ns3:cad>
          </ns3:TrackPointExtension>
        </extensions>
      </trkpt>
      <trkpt lat="39.8753615655004978179931640625" lon="124.15384856052696704864501953125">
        <ele>-1.60000002384185791015625</ele>
        <time>2026-10-06T12:25:47.000Z</time>
        <extensions>
          <ns3:TrackPointExtension>
            <ns3:hr>193</ns3:hr>
            <ns3:cad>93</ns3:cad>
          </ns3:TrackPointExtension>
        </extensions>
      </trkpt>
      <trkpt lat="39.875326193869113922119140625" lon="124.1538298688828945159912109375">
        <ele>-1.60000002384185791015625</ele>
        <time>2026-10-06T12:25:48.000Z</time>
        <extensions>
          <ns3:TrackPointExtension>
            <ns3:hr>193</ns3:hr>
            <ns3:cad>93</ns3:cad>
          </ns3:TrackPointExtension>
        </extensions>
      </trkpt>
      <trkpt lat="39.87528285942971706390380859375" lon="124.153801538050174713134765625">
        <ele>-1.60000002384185791015625</ele>
        <time>2026-10-06T12:25:49.000Z</time>
        <extensions>
          <ns3:TrackPointExtension>
            <ns3:hr>192</ns3:hr>
            <ns3:cad>93</ns3:cad>
          </ns3:TrackPointExtension>
        </extensions>
      </trkpt>
      <trkpt lat="39.87524782307446002960205078125" lon="124.1537797451019287109375">
        <ele>-1.60000002384185791015625</ele>
        <time>2026-10-06T12:25:50.000Z</time>
        <extensions>
          <ns3:TrackPointExtension>
            <ns3:hr>192</ns3:hr>
            <ns3:cad>95</ns3:cad>
          </ns3:TrackPointExtension>
        </extensions>
      </trkpt>
      <trkpt lat="39.87521060742437839508056640625" lon="124.15375518612563610076904296875">
        <ele>-1.60000002384185791015625</ele>
        <time>2026-10-06T12:25:51.000Z</time>
        <extensions>
          <ns3:TrackPointExtension>
            <ns3:hr>192</ns3:hr>
            <ns3:cad>95</ns3:cad>
          </ns3:TrackPointExtension>
        </extensions>
      </trkpt>
      <trkpt lat="39.8751677758991718292236328125" lon="124.15372769348323345184326171875">
        <ele>-1.60000002384185791015625</ele>
        <time>2026-10-06T12:25:52.000Z</time>
        <extensions>
          <ns3:TrackPointExtension>
            <ns3:hr>192</ns3:hr>
            <ns3:cad>95</ns3:cad>
          </ns3:TrackPointExtension>
        </extensions>
      </trkpt>
      <trkpt lat="39.87512863241136074066162109375" lon="124.1537091694772243499755859375">
        <ele>-1.60000002384185791015625</ele>
        <time>2026-10-06T12:25:53.000Z</time>
        <extensions>
          <ns3:TrackPointExtension>
            <ns3:hr>193</ns3:hr>
            <ns3:cad>94</ns3:cad>
          </ns3:TrackPointExtension>
        </extensions>
      </trkpt>
      <trkpt lat="39.87508605234324932098388671875" lon="124.1536763124167919158935546875">
        <ele>-1.60000002384185791015625</ele>
        <time>2026-10-06T12:25:54.000Z</time>
        <extensions>
          <ns3:TrackPointExtension>
            <ns3:hr>195</ns3:hr>
            <ns3:cad>94</ns3:cad>
          </ns3:TrackPointExtension>
        </extensions>
      </trkpt>
      <trkpt lat="39.8750510998070240020751953125" lon="124.15366114117205142974853515625">
        <ele>-1.7999999523162841796875</ele>
        <time>2026-10-06T12:25:55.000Z</time>
        <extensions>
          <ns3:TrackPointExtension>
            <ns3:hr>192</ns3:hr>
            <ns3:cad>94</ns3:cad>
          </ns3:TrackPointExtension>
        </extensions>
      </trkpt>
      <trkpt lat="39.875011704862117767333984375" lon="124.1536287032067775726318359375">
        <ele>-1.7999999523162841796875</ele>
        <time>2026-10-06T12:25:56.000Z</time>
        <extensions>
          <ns3:TrackPointExtension>
            <ns3:hr>196</ns3:hr>
            <ns3:cad>94</ns3:cad>
          </ns3:TrackPointExtension>
        </extensions>
      </trkpt>
      <trkpt lat="39.87497004680335521697998046875" lon="124.153605401515960693359375">
        <ele>-1.7999999523162841796875</ele>
        <time>2026-10-06T12:25:57.000Z</time>
        <extensions>
          <ns3:TrackPointExtension>
            <ns3:hr>195</ns3:hr>
            <ns3:cad>96</ns3:cad>
          </ns3:TrackPointExtension>
        </extensions>
      </trkpt>
      <trkpt lat="39.87492847256362438201904296875" lon="124.1535800881683826446533203125">
        <ele>-1.7999999523162841796875</ele>
        <time>2026-10-06T12:25:58.000Z</time>
        <extensions>
          <ns3:TrackPointExtension>
            <ns3:hr>195</ns3:hr>
            <ns3:cad>96</ns3:cad>
          </ns3:TrackPointExtension>
        </extensions>
      </trkpt>
      <trkpt lat="39.8748824559152126312255859375" lon="124.153554774820804595947265625">
        <ele>-1.7999999523162841796875</ele>
        <time>2026-10-06T12:25:59.000Z</time>
        <extensions>
          <ns3:TrackPointExtension>
            <ns3:hr>194</ns3:hr>
            <ns3:cad>96</ns3:cad>
          </ns3:TrackPointExtension>
        </extensions>
      </trkpt>
      <trkpt lat="39.87484096549451351165771484375" lon="124.15353625081479549407958984375">
        <ele>-1.7999999523162841796875</ele>
        <time>2026-10-06T12:26:00.000Z</time>
        <extensions>
          <ns3:TrackPointExtension>
            <ns3:hr>194</ns3:hr>
            <ns3:cad>96</ns3:cad>
          </ns3:TrackPointExtension>
        </extensions>
      </trkpt>
      <trkpt lat="39.87479536794126033782958984375" lon="124.15350238792598247528076171875">
        <ele>-1.7999999523162841796875</ele>
        <time>2026-10-06T12:26:01.000Z</time>
        <extensions>
          <ns3:TrackPointExtension>
            <ns3:hr>194</ns3:hr>
            <ns3:cad>95</ns3:cad>
          </ns3:TrackPointExtension>
        </extensions>
      </trkpt>
      <trkpt lat="39.87475563772022724151611328125" lon="124.15348327718675136566162109375">
        <ele>-1.60000002384185791015625</ele>
        <time>2026-10-06T12:26:02.000Z</time>
        <extensions>
          <ns3:TrackPointExtension>
            <ns3:hr>194</ns3:hr>
            <ns3:cad>95</ns3:cad>
          </ns3:TrackPointExtension>
        </extensions>
      </trkpt>
      <trkpt lat="39.87471540458500385284423828125" lon="124.153455533087253570556640625">
        <ele>-1.60000002384185791015625</ele>
        <time>2026-10-06T12:26:03.000Z</time>
        <extensions>
          <ns3:TrackPointExtension>
            <ns3:hr>193</ns3:hr>
            <ns3:cad>95</ns3:cad>
          </ns3:TrackPointExtension>
        </extensions>
      </trkpt>
      <trkpt lat="39.87467768602073192596435546875" lon="124.15343583561480045318603515625">
        <ele>-1.60000002384185791015625</ele>
        <time>2026-10-06T12:26:04.000Z</time>
        <extensions>
          <ns3:TrackPointExtension>
            <ns3:hr>193</ns3:hr>
            <ns3:cad>95</ns3:cad>
          </ns3:TrackPointExtension>
        </extensions>
      </trkpt>
      <trkpt lat="39.8746370337903499603271484375" lon="124.15341169573366641998291015625">
        <ele>-1.60000002384185791015625</ele>
        <time>2026-10-06T12:26:05.000Z</time>
        <extensions>
          <ns3:TrackPointExtension>
            <ns3:hr>194</ns3:hr>
            <ns3:cad>94</ns3:cad>
          </ns3:TrackPointExtension>
        </extensions>
      </trkpt>
      <trkpt lat="39.87460057251155376434326171875" lon="124.15338705293834209442138671875">
        <ele>-1.60000002384185791015625</ele>
        <time>2026-10-06T12:26:06.000Z</time>
        <extensions>
          <ns3:TrackPointExtension>
            <ns3:hr>196</ns3:hr>
            <ns3:cad>93</ns3:cad>
          </ns3:TrackPointExtension>
        </extensions>
      </trkpt>
      <trkpt lat="39.8745662905275821685791015625" lon="124.15337213315069675445556640625">
        <ele>-1.7999999523162841796875</ele>
        <time>2026-10-06T12:26:07.000Z</time>
        <extensions>
          <ns3:TrackPointExtension>
            <ns3:hr>196</ns3:hr>
            <ns3:cad>93</ns3:cad>
          </ns3:TrackPointExtension>
        </extensions>
      </trkpt>
      <trkpt lat="39.87452496774494647979736328125" lon="124.15334723889827728271484375">
        <ele>-1.7999999523162841796875</ele>
        <time>2026-10-06T12:26:08.000Z</time>
        <extensions>
          <ns3:TrackPointExtension>
            <ns3:hr>196</ns3:hr>
            <ns3:cad>93</ns3:cad>
          </ns3:TrackPointExtension>
        </extensions>
      </trkpt>
      <trkpt lat="39.874492026865482330322265625" lon="124.153333492577075958251953125">
        <ele>-1.7999999523162841796875</ele>
        <time>2026-10-06T12:26:09.000Z</time>
        <extensions>
          <ns3:TrackPointExtension>
            <ns3:hr>196</ns3:hr>
            <ns3:cad>93</ns3:cad>
          </ns3:TrackPointExtension>
        </extensions>
      </trkpt>
      <trkpt lat="39.8744536377489566802978515625" lon="124.15330708958208560943603515625">
        <ele>-1.7999999523162841796875</ele>
        <time>2026-10-06T12:26:10.000Z</time>
        <extensions>
          <ns3:TrackPointExtension>
            <ns3:hr>195</ns3:hr>
            <ns3:cad>93</ns3:cad>
          </ns3:TrackPointExtension>
        </extensions>
      </trkpt>
      <trkpt lat="39.87441684119403362274169921875" lon="124.15328647010028362274169921875">
        <ele>-1.7999999523162841796875</ele>
        <time>2026-10-06T12:26:11.000Z</time>
        <extensions>
          <ns3:TrackPointExtension>
            <ns3:hr>194</ns3:hr>
            <ns3:cad>94</ns3:cad>
          </ns3:TrackPointExtension>
        </extensions>
      </trkpt>
      <trkpt lat="39.8743782006204128265380859375" lon="124.15326216258108615875244140625">
        <ele>-1.7999999523162841796875</ele>
        <time>2026-10-06T12:26:12.000Z</time>
        <extensions>
          <ns3:TrackPointExtension>
            <ns3:hr>194</ns3:hr>
            <ns3:cad>94</ns3:cad>
          </ns3:TrackPointExtension>
        </extensions>
      </trkpt>
      <trkpt lat="39.87433503381907939910888671875" lon="124.15323617868125438690185546875">
        <ele>-1.7999999523162841796875</ele>
        <time>2026-10-06T12:26:13.000Z</time>
        <extensions>
          <ns3:TrackPointExtension>
            <ns3:hr>194</ns3:hr>
            <ns3:cad>94</ns3:cad>
          </ns3:TrackPointExtension>
        </extensions>
      </trkpt>
      <trkpt lat="39.8742963932454586029052734375" lon="124.153214804828166961669921875">
        <ele>-1.7999999523162841796875</ele>
        <time>2026-10-06T12:26:14.000Z</time>
        <extensions>
          <ns3:TrackPointExtension>
            <ns3:hr>195</ns3:hr>
            <ns3:cad>94</ns3:cad>
          </ns3:TrackPointExtension>
        </extensions>
      </trkpt>
      <trkpt lat="39.87425339408218860626220703125" lon="124.15318421088159084320068359375">
        <ele>-1.7999999523162841796875</ele>
        <time>2026-10-06T12:26:15.000Z</time>
        <extensions>
          <ns3:TrackPointExtension>
            <ns3:hr>195</ns3:hr>
            <ns3:cad>94</ns3:cad>
          </ns3:TrackPointExtension>
        </extensions>
      </trkpt>
      <trkpt lat="39.87421282567083835601806640625" lon="124.1531588137149810791015625">
        <ele>-1.7999999523162841796875</ele>
        <time>2026-10-06T12:26:16.000Z</time>
        <extensions>
          <ns3:TrackPointExtension>
            <ns3:hr>196</ns3:hr>
            <ns3:cad>93</ns3:cad>
          </ns3:TrackPointExtension>
        </extensions>
      </trkpt>
      <trkpt lat="39.87417745403945446014404296875" lon="124.153129644691944122314453125">
        <ele>-2</ele>
        <time>2026-10-06T12:26:17.000Z</time>
        <extensions>
          <ns3:TrackPointExtension>
            <ns3:hr>195</ns3:hr>
            <ns3:cad>93</ns3:cad>
          </ns3:TrackPointExtension>
        </extensions>
      </trkpt>
      <trkpt lat="39.87414593808352947235107421875" lon="124.15311413817107677459716796875">
        <ele>-2</ele>
        <time>2026-10-06T12:26:18.000Z</time>
        <extensions>
          <ns3:TrackPointExtension>
            <ns3:hr>196</ns3:hr>
            <ns3:cad>93</ns3:cad>
          </ns3:TrackPointExtension>
        </extensions>
      </trkpt>
      <trkpt lat="39.87411023117601871490478515625" lon="124.1530825383961200714111328125">
        <ele>-2</ele>
        <time>2026-10-06T12:26:19.000Z</time>
        <extensions>
          <ns3:TrackPointExtension>
            <ns3:hr>195</ns3:hr>
            <ns3:cad>94</ns3:cad>
          </ns3:TrackPointExtension>
        </extensions>
      </trkpt>
      <trkpt lat="39.87407452426850795745849609375" lon="124.15305663831532001495361328125">
        <ele>-2</ele>
        <time>2026-10-06T12:26:20.000Z</time>
        <extensions>
          <ns3:TrackPointExtension>
            <ns3:hr>193</ns3:hr>
            <ns3:cad>94</ns3:cad>
          </ns3:TrackPointExtension>
        </extensions>
      </trkpt>
      <trkpt lat="39.8740397393703460693359375" lon="124.1530265472829341888427734375">
        <ele>-2</ele>
        <time>2026-10-06T12:26:21.000Z</time>
        <extensions>
          <ns3:TrackPointExtension>
            <ns3:hr>193</ns3:hr>
            <ns3:cad>94</ns3:cad>
          </ns3:TrackPointExtension>
        </extensions>
      </trkpt>
      <trkpt lat="39.87400176934897899627685546875" lon="124.15299855172634124755859375">
        <ele>-2</ele>
        <time>2026-10-06T12:26:22.000Z</time>
        <extensions>
          <ns3:TrackPointExtension>
            <ns3:hr>196</ns3:hr>
            <ns3:cad>94</ns3:cad>
          </ns3:TrackPointExtension>
        </extensions>
      </trkpt>
      <trkpt lat="39.87396807409822940826416015625" lon="124.15297575294971466064453125">
        <ele>-2</ele>
        <time>2026-10-06T12:26:23.000Z</time>
        <extensions>
          <ns3:TrackPointExtension>
            <ns3:hr>195</ns3:hr>
            <ns3:cad>94</ns3:cad>
          </ns3:TrackPointExtension>
        </extensions>
      </trkpt>
      <trkpt lat="39.87392909824848175048828125" lon="124.15293811820447444915771484375">
        <ele>-2</ele>
        <time>2026-10-06T12:26:24.000Z</time>
        <extensions>
          <ns3:TrackPointExtension>
            <ns3:hr>195</ns3:hr>
            <ns3:cad>94</ns3:cad>
          </ns3:TrackPointExtension>
        </extensions>
      </trkpt>
      <trkpt lat="39.8738893680274486541748046875" lon="124.15291263721883296966552734375">
        <ele>-2</ele>
        <time>2026-10-06T12:26:25.000Z</time>
        <extensions>
          <ns3:TrackPointExtension>
            <ns3:hr>194</ns3:hr>
            <ns3:cad>94</ns3:cad>
          </ns3:TrackPointExtension>
        </extensions>
      </trkpt>
      <trkpt lat="39.8738548345863819122314453125" lon="124.1528813727200031280517578125">
        <ele>-2</ele>
        <time>2026-10-06T12:26:26.000Z</time>
        <extensions>
          <ns3:TrackPointExtension>
            <ns3:hr>194</ns3:hr>
            <ns3:cad>92</ns3:cad>
          </ns3:TrackPointExtension>
        </extensions>
      </trkpt>
      <trkpt lat="39.87382591702044010162353515625" lon="124.15286452509462833404541015625">
        <ele>-2</ele>
        <time>2026-10-06T12:26:27.000Z</time>
        <extensions>
          <ns3:TrackPointExtension>
            <ns3:hr>194</ns3:hr>
            <ns3:cad>92</ns3:cad>
          </ns3:TrackPointExtension>
        </extensions>
      </trkpt>
      <trkpt lat="39.87378736026585102081298828125" lon="124.15282999165356159210205078125">
        <ele>-2</ele>
        <time>2026-10-06T12:26:28.000Z</time>
        <extensions>
          <ns3:TrackPointExtension>
            <ns3:hr>192</ns3:hr>
            <ns3:cad>92</ns3:cad>
          </ns3:TrackPointExtension>
        </extensions>
      </trkpt>
      <trkpt lat="39.8737525753676891326904296875" lon="124.15281104855239391326904296875">
        <ele>-2</ele>
        <time>2026-10-06T12:26:29.000Z</time>
        <extensions>
          <ns3:TrackPointExtension>
            <ns3:hr>196</ns3:hr>
            <ns3:cad>92</ns3:cad>
          </ns3:TrackPointExtension>
        </extensions>
      </trkpt>
      <trkpt lat="39.8737167008221149444580078125" lon="124.15277726948261260986328125">
        <ele>-2</ele>
        <time>2026-10-06T12:26:30.000Z</time>
        <extensions>
          <ns3:TrackPointExtension>
            <ns3:hr>196</ns3:hr>
            <ns3:cad>92</ns3:cad>
          </ns3:TrackPointExtension>
        </extensions>
      </trkpt>
      <trkpt lat="39.87368409521877765655517578125" lon="124.15274885483086109161376953125">
        <ele>-2</ele>
        <time>2026-10-06T12:26:31.000Z</time>
        <extensions>
          <ns3:TrackPointExtension>
            <ns3:hr>196</ns3:hr>
            <ns3:cad>92</ns3:cad>
          </ns3:TrackPointExtension>
        </extensions>
      </trkpt>
      <trkpt lat="39.873647801578044891357421875" lon="124.1527177579700946807861328125">
        <ele>-2</ele>
        <time>2026-10-06T12:26:32.000Z</time>
        <extensions>
          <ns3:TrackPointExtension>
            <ns3:hr>195</ns3:hr>
            <ns3:cad>94</ns3:cad>
          </ns3:TrackPointExtension>
        </extensions>
      </trkpt>
      <trkpt lat="39.87361184321343898773193359375" lon="124.15268900804221630096435546875">
        <ele>-2</ele>
        <time>2026-10-06T12:26:33.000Z</time>
        <extensions>
          <ns3:TrackPointExtension>
            <ns3:hr>195</ns3:hr>
            <ns3:cad>94</ns3:cad>
          </ns3:TrackPointExtension>
        </extensions>
      </trkpt>
      <trkpt lat="39.87357563339173793792724609375" lon="124.15266168303787708282470703125">
        <ele>-2</ele>
        <time>2026-10-06T12:26:34.000Z</time>
        <extensions>
          <ns3:TrackPointExtension>
            <ns3:hr>195</ns3:hr>
            <ns3:cad>94</ns3:cad>
          </ns3:TrackPointExtension>
        </extensions>
      </trkpt>
      <trkpt lat="39.8735359869897365570068359375" lon="124.1526265628635883331298828125">
        <ele>-2</ele>
        <time>2026-10-06T12:26:35.000Z</time>
        <extensions>
          <ns3:TrackPointExtension>
            <ns3:hr>196</ns3:hr>
            <ns3:cad>94</ns3:cad>
          </ns3:TrackPointExtension>
        </extensions>
      </trkpt>
      <trkpt lat="39.87349919043481349945068359375" lon="124.1526004113256931304931640625">
        <ele>-2</ele>
        <time>2026-10-06T12:26:36.000Z</time>
        <extensions>
          <ns3:TrackPointExtension>
            <ns3:hr>197</ns3:hr>
            <ns3:cad>94</ns3:cad>
          </ns3:TrackPointExtension>
        </extensions>
      </trkpt>
      <trkpt lat="39.8734649084508419036865234375" lon="124.152559675276279449462890625">
        <ele>-2.2000000476837158203125</ele>
        <time>2026-10-06T12:26:37.000Z</time>
        <extensions>
          <ns3:TrackPointExtension>
            <ns3:hr>195</ns3:hr>
            <ns3:cad>94</ns3:cad>
          </ns3:TrackPointExtension>
        </extensions>
      </trkpt>
      <trkpt lat="39.87343733198940753936767578125" lon="124.1525313444435596466064453125">
        <ele>-2.2000000476837158203125</ele>
        <time>2026-10-06T12:26:38.000Z</time>
        <extensions>
          <ns3:TrackPointExtension>
            <ns3:hr>197</ns3:hr>
            <ns3:cad>94</ns3:cad>
          </ns3:TrackPointExtension>
        </extensions>
      </trkpt>
      <trkpt lat="39.87340564839541912078857421875" lon="124.15249253623187541961669921875">
        <ele>-2.2000000476837158203125</ele>
        <time>2026-10-06T12:26:39.000Z</time>
        <extensions>
          <ns3:TrackPointExtension>
            <ns3:hr>195</ns3:hr>
            <ns3:cad>94</ns3:cad>
          </ns3:TrackPointExtension>
        </extensions>
      </trkpt>
      <trkpt lat="39.873372875154018402099609375" lon="124.15246370248496532440185546875">
        <ele>-2.2000000476837158203125</ele>
        <time>2026-10-06T12:26:40.000Z</time>
        <extensions>
          <ns3:TrackPointExtension>
            <ns3:hr>194</ns3:hr>
            <ns3:cad>94</ns3:cad>
          </ns3:TrackPointExtension>
        </extensions>
      </trkpt>
      <trkpt lat="39.87334094010293483734130859375" lon="124.1524287499487400054931640625">
        <ele>-2</ele>
        <time>2026-10-06T12:26:41.000Z</time>
        <extensions>
          <ns3:TrackPointExtension>
            <ns3:hr>198</ns3:hr>
            <ns3:cad>94</ns3:cad>
          </ns3:TrackPointExtension>
        </extensions>
      </trkpt>
      <trkpt lat="39.8733059875667095184326171875" lon="124.15239446796476840972900390625">
        <ele>-2</ele>
        <time>2026-10-06T12:26:42.000Z</time>
        <extensions>
          <ns3:TrackPointExtension>
            <ns3:hr>197</ns3:hr>
            <ns3:cad>94</ns3:cad>
          </ns3:TrackPointExtension>
        </extensions>
      </trkpt>
      <trkpt lat="39.8732731305062770843505859375" lon="124.15236018598079681396484375">
        <ele>-2</ele>
        <time>2026-10-06T12:26:43.000Z</time>
        <extensions>
          <ns3:TrackPointExtension>
            <ns3:hr>197</ns3:hr>
            <ns3:cad>94</ns3:cad>
          </ns3:TrackPointExtension>
        </extensions>
      </trkpt>
      <trkpt lat="39.873242117464542388916015625" lon="124.15231534279882907867431640625">
        <ele>-2</ele>
        <time>2026-10-06T12:26:44.000Z</time>
        <extensions>
          <ns3:TrackPointExtension>
            <ns3:hr>197</ns3:hr>
            <ns3:cad>91</ns3:cad>
          </ns3:TrackPointExtension>
        </extensions>
      </trkpt>
      <trkpt lat="39.87320624291896820068359375" lon="124.1522884368896484375">
        <ele>-2</ele>
        <time>2026-10-06T12:26:45.000Z</time>
        <extensions>
          <ns3:TrackPointExtension>
            <ns3:hr>196</ns3:hr>
            <ns3:cad>91</ns3:cad>
          </ns3:TrackPointExtension>
        </extensions>
      </trkpt>
      <trkpt lat="39.87317464314401149749755859375" lon="124.15224879048764705657958984375">
        <ele>-2</ele>
        <time>2026-10-06T12:26:46.000Z</time>
        <extensions>
          <ns3:TrackPointExtension>
            <ns3:hr>196</ns3:hr>
            <ns3:cad>91</ns3:cad>
          </ns3:TrackPointExtension>
        </extensions>
      </trkpt>
      <trkpt lat="39.87314346246421337127685546875" lon="124.15222071111202239990234375">
        <ele>-2</ele>
        <time>2026-10-06T12:26:47.000Z</time>
        <extensions>
          <ns3:TrackPointExtension>
            <ns3:hr>197</ns3:hr>
            <ns3:cad>91</ns3:cad>
          </ns3:TrackPointExtension>
        </extensions>
      </trkpt>
      <trkpt lat="39.87311144359409809112548828125" lon="124.15218274109065532684326171875">
        <ele>-2</ele>
        <time>2026-10-06T12:26:48.000Z</time>
        <extensions>
          <ns3:TrackPointExtension>
            <ns3:hr>198</ns3:hr>
            <ns3:cad>91</ns3:cad>
          </ns3:TrackPointExtension>
        </extensions>
      </trkpt>
      <trkpt lat="39.87307791598141193389892578125" lon="124.15214720182120800018310546875">
        <ele>-2</ele>
        <time>2026-10-06T12:26:49.000Z</time>
        <extensions>
          <ns3:TrackPointExtension>
            <ns3:hr>197</ns3:hr>
            <ns3:cad>91</ns3:cad>
          </ns3:TrackPointExtension>
        </extensions>
      </trkpt>
      <trkpt lat="39.873045645654201507568359375" lon="124.15211333893239498138427734375">
        <ele>-2</ele>
        <time>2026-10-06T12:26:50.000Z</time>
        <extensions>
          <ns3:TrackPointExtension>
            <ns3:hr>197</ns3:hr>
            <ns3:cad>91</ns3:cad>
          </ns3:TrackPointExtension>
        </extensions>
      </trkpt>
      <trkpt lat="39.87301438115537166595458984375" lon="124.1520757041871547698974609375">
        <ele>-2</ele>
        <time>2026-10-06T12:26:51.000Z</time>
        <extensions>
          <ns3:TrackPointExtension>
            <ns3:hr>197</ns3:hr>
            <ns3:cad>91</ns3:cad>
          </ns3:TrackPointExtension>
        </extensions>
      </trkpt>
      <trkpt lat="39.87298035062849521636962890625" lon="124.152040667831897735595703125">
        <ele>-2</ele>
        <time>2026-10-06T12:26:52.000Z</time>
        <extensions>
          <ns3:TrackPointExtension>
            <ns3:hr>197</ns3:hr>
            <ns3:cad>91</ns3:cad>
          </ns3:TrackPointExtension>
        </extensions>
      </trkpt>
      <trkpt lat="39.8729509301483631134033203125" lon="124.15200236253440380096435546875">
        <ele>-2</ele>
        <time>2026-10-06T12:26:53.000Z</time>
        <extensions>
          <ns3:TrackPointExtension>
            <ns3:hr>197</ns3:hr>
            <ns3:cad>91</ns3:cad>
          </ns3:TrackPointExtension>
        </extensions>
      </trkpt>
      <trkpt lat="39.8729207552969455718994140625" lon="124.15198090486228466033935546875">
        <ele>-2</ele>
        <time>2026-10-06T12:26:54.000Z</time>
        <extensions>
          <ns3:TrackPointExtension>
            <ns3:hr>199</ns3:hr>
            <ns3:cad>93</ns3:cad>
          </ns3:TrackPointExtension>
        </extensions>
      </trkpt>
      <trkpt lat="39.87289301119744777679443359375" lon="124.15194100700318813323974609375">
        <ele>-2</ele>
        <time>2026-10-06T12:26:55.000Z</time>
        <extensions>
          <ns3:TrackPointExtension>
            <ns3:hr>198</ns3:hr>
            <ns3:cad>93</ns3:cad>
          </ns3:TrackPointExtension>
        </extensions>
      </trkpt>
      <trkpt lat="39.872858561575412750244140625" lon="124.1519050486385822296142578125">
        <ele>-2</ele>
        <time>2026-10-06T12:26:56.000Z</time>
        <extensions>
          <ns3:TrackPointExtension>
            <ns3:hr>198</ns3:hr>
            <ns3:cad>93</ns3:cad>
          </ns3:TrackPointExtension>
        </extensions>
      </trkpt>
      <trkpt lat="39.872824363410472869873046875" lon="124.15186825208365917205810546875">
        <ele>-2.2000000476837158203125</ele>
        <time>2026-10-06T12:26:57.000Z</time>
        <extensions>
          <ns3:TrackPointExtension>
            <ns3:hr>198</ns3:hr>
            <ns3:cad>94</ns3:cad>
          </ns3:TrackPointExtension>
        </extensions>
      </trkpt>
      <trkpt lat="39.87279050052165985107421875" lon="124.15182642638683319091796875">
        <ele>-2.2000000476837158203125</ele>
        <time>2026-10-06T12:26:58.000Z</time>
        <extensions>
          <ns3:TrackPointExtension>
            <ns3:hr>197</ns3:hr>
            <ns3:cad>94</ns3:cad>
          </ns3:TrackPointExtension>
        </extensions>
      </trkpt>
      <trkpt lat="39.87276175059378147125244140625" lon="124.1517882049083709716796875">
        <ele>-2</ele>
        <time>2026-10-06T12:26:59.000Z</time>
        <extensions>
          <ns3:TrackPointExtension>
            <ns3:hr>197</ns3:hr>
            <ns3:cad>94</ns3:cad>
          </ns3:TrackPointExtension>
        </extensions>
      </trkpt>
      <trkpt lat="39.87273308448493480682373046875" lon="124.1517479717731475830078125">
        <ele>-2</ele>
        <time>2026-10-06T12:27:00.000Z</time>
        <extensions>
          <ns3:TrackPointExtension>
            <ns3:hr>198</ns3:hr>
            <ns3:cad>94</ns3:cad>
          </ns3:TrackPointExtension>
        </extensions>
      </trkpt>
      <trkpt lat="39.87270710058510303497314453125" lon="124.15172022767364978790283203125">
        <ele>-2</ele>
        <time>2026-10-06T12:27:01.000Z</time>
        <extensions>
          <ns3:TrackPointExtension>
            <ns3:hr>198</ns3:hr>
            <ns3:cad>94</ns3:cad>
          </ns3:TrackPointExtension>
        </extensions>
      </trkpt>
      <trkpt lat="39.8726736567914485931396484375" lon="124.15167429484426975250244140625">
        <ele>-2</ele>
        <time>2026-10-06T12:27:02.000Z</time>
        <extensions>
          <ns3:TrackPointExtension>
            <ns3:hr>197</ns3:hr>
            <ns3:cad>93</ns3:cad>
          </ns3:TrackPointExtension>
        </extensions>
      </trkpt>
      <trkpt lat="39.87264432013034820556640625" lon="124.15164127014577388763427734375">
        <ele>-2</ele>
        <time>2026-10-06T12:27:03.000Z</time>
        <extensions>
          <ns3:TrackPointExtension>
            <ns3:hr>197</ns3:hr>
            <ns3:cad>93</ns3:cad>
          </ns3:TrackPointExtension>
        </extensions>
      </trkpt>
      <trkpt lat="39.872615821659564971923828125" lon="124.15159550495445728302001953125">
        <ele>-2.2000000476837158203125</ele>
        <time>2026-10-06T12:27:04.000Z</time>
        <extensions>
          <ns3:TrackPointExtension>
            <ns3:hr>196</ns3:hr>
            <ns3:cad>91</ns3:cad>
          </ns3:TrackPointExtension>
        </extensions>
      </trkpt>
      <trkpt lat="39.87258665263652801513671875" lon="124.15156499482691287994384765625">
        <ele>-2.2000000476837158203125</ele>
        <time>2026-10-06T12:27:05.000Z</time>
        <extensions>
          <ns3:TrackPointExtension>
            <ns3:hr>196</ns3:hr>
            <ns3:cad>91</ns3:cad>
          </ns3:TrackPointExtension>
        </extensions>
      </trkpt>
      <trkpt lat="39.87255446612834930419921875" lon="124.151523672044277191162109375">
        <ele>-2.2000000476837158203125</ele>
        <time>2026-10-06T12:27:06.000Z</time>
        <extensions>
          <ns3:TrackPointExtension>
            <ns3:hr>198</ns3:hr>
            <ns3:cad>91</ns3:cad>
          </ns3:TrackPointExtension>
        </extensions>
      </trkpt>
      <trkpt lat="39.87252571620047092437744140625" lon="124.1514876298606395721435546875">
        <ele>-2.2000000476837158203125</ele>
        <time>2026-10-06T12:27:07.000Z</time>
        <extensions>
          <ns3:TrackPointExtension>
            <ns3:hr>197</ns3:hr>
            <ns3:cad>91</ns3:cad>
          </ns3:TrackPointExtension>
        </extensions>
      </trkpt>
      <trkpt lat="39.87249453552067279815673828125" lon="124.1514463908970355987548828125">
        <ele>-2.2000000476837158203125</ele>
        <time>2026-10-06T12:27:08.000Z</time>
        <extensions>
          <ns3:TrackPointExtension>
            <ns3:hr>197</ns3:hr>
            <ns3:cad>91</ns3:cad>
          </ns3:TrackPointExtension>
        </extensions>
      </trkpt>
      <trkpt lat="39.87246804870665073394775390625" lon="124.15140121243894100189208984375">
        <ele>-2</ele>
        <time>2026-10-06T12:27:09.000Z</time>
        <extensions>
          <ns3:TrackPointExtension>
            <ns3:hr>197</ns3:hr>
            <ns3:cad>92</ns3:cad>
          </ns3:TrackPointExtension>
        </extensions>
      </trkpt>
      <trkpt lat="39.8724389635026454925537109375" lon="124.1513724625110626220703125">
        <ele>-2</ele>
        <time>2026-10-06T12:27:10.000Z</time>
        <extensions>
          <ns3:TrackPointExtension>
            <ns3:hr>196</ns3:hr>
            <ns3:cad>92</ns3:cad>
          </ns3:TrackPointExtension>
        </extensions>
      </trkpt>
      <trkpt lat="39.87240686081349849700927734375" lon="124.15132812224328517913818359375">
        <ele>-2</ele>
        <time>2026-10-06T12:27:11.000Z</time>
        <extensions>
          <ns3:TrackPointExtension>
            <ns3:hr>196</ns3:hr>
            <ns3:cad>92</ns3:cad>
          </ns3:TrackPointExtension>
        </extensions>
      </trkpt>
      <trkpt lat="39.872378446161746978759765625" lon="124.1512946784496307373046875">
        <ele>-2</ele>
        <time>2026-10-06T12:27:12.000Z</time>
        <extensions>
          <ns3:TrackPointExtension>
            <ns3:hr>198</ns3:hr>
            <ns3:cad>92</ns3:cad>
          </ns3:TrackPointExtension>
        </extensions>
      </trkpt>
      <trkpt lat="39.872353635728359222412109375" lon="124.15124799124896526336669921875">
        <ele>-2</ele>
        <time>2026-10-06T12:27:13.000Z</time>
        <extensions>
          <ns3:TrackPointExtension>
            <ns3:hr>197</ns3:hr>
            <ns3:cad>92</ns3:cad>
          </ns3:TrackPointExtension>
        </extensions>
      </trkpt>
      <trkpt lat="39.87232773564755916595458984375" lon="124.15121018886566162109375">
        <ele>-2</ele>
        <time>2026-10-06T12:27:14.000Z</time>
        <extensions>
          <ns3:TrackPointExtension>
            <ns3:hr>196</ns3:hr>
            <ns3:cad>92</ns3:cad>
          </ns3:TrackPointExtension>
        </extensions>
      </trkpt>
      <trkpt lat="39.87230225466191768646240234375" lon="124.151162244379520416259765625">
        <ele>-2</ele>
        <time>2026-10-06T12:27:15.000Z</time>
        <extensions>
          <ns3:TrackPointExtension>
            <ns3:hr>197</ns3:hr>
            <ns3:cad>92</ns3:cad>
          </ns3:TrackPointExtension>
        </extensions>
      </trkpt>
      <trkpt lat="39.872276522219181060791015625" lon="124.1511194966733455657958984375">
        <ele>-2</ele>
        <time>2026-10-06T12:27:16.000Z</time>
        <extensions>
          <ns3:TrackPointExtension>
            <ns3:hr>195</ns3:hr>
            <ns3:cad>92</ns3:cad>
          </ns3:TrackPointExtension>
        </extensions>
      </trkpt>
      <trkpt lat="39.8722565732896327972412109375" lon="124.15108202956616878509521484375">
        <ele>-2</ele>
        <time>2026-10-06T12:27:17.000Z</time>
        <extensions>
          <ns3:TrackPointExtension>
            <ns3:hr>198</ns3:hr>
            <ns3:cad>92</ns3:cad>
          </ns3:TrackPointExtension>
        </extensions>
      </trkpt>
      <trkpt lat="39.87223335541784763336181640625" lon="124.151032827794551849365234375">
        <ele>-2</ele>
        <time>2026-10-06T12:27:18.000Z</time>
        <extensions>
          <ns3:TrackPointExtension>
            <ns3:hr>197</ns3:hr>
            <ns3:cad>92</ns3:cad>
          </ns3:TrackPointExtension>
        </extensions>
      </trkpt>
      <trkpt lat="39.87221122719347476959228515625" lon="124.1509917564690113067626953125">
        <ele>-2</ele>
        <time>2026-10-06T12:27:19.000Z</time>
        <extensions>
          <ns3:TrackPointExtension>
            <ns3:hr>197</ns3:hr>
            <ns3:cad>92</ns3:cad>
          </ns3:TrackPointExtension>
        </extensions>
      </trkpt>
      <trkpt lat="39.8721854947507381439208984375" lon="124.15094129741191864013671875">
        <ele>-2</ele>
        <time>2026-10-06T12:27:20.000Z</time>
        <extensions>
          <ns3:TrackPointExtension>
            <ns3:hr>196</ns3:hr>
            <ns3:cad>92</ns3:cad>
          </ns3:TrackPointExtension>
        </extensions>
      </trkpt>
      <trkpt lat="39.87216009758412837982177734375" lon="124.15090098045766353607177734375">
        <ele>-2</ele>
        <time>2026-10-06T12:27:21.000Z</time>
        <extensions>
          <ns3:TrackPointExtension>
            <ns3:hr>195</ns3:hr>
            <ns3:cad>92</ns3:cad>
          </ns3:TrackPointExtension>
        </extensions>
      </trkpt>
      <trkpt lat="39.87213470041751861572265625" lon="124.1508542932569980621337890625">
        <ele>-2</ele>
        <time>2026-10-06T12:27:22.000Z</time>
        <extensions>
          <ns3:TrackPointExtension>
            <ns3:hr>197</ns3:hr>
            <ns3:cad>92</ns3:cad>
          </ns3:TrackPointExtension>
        </extensions>
      </trkpt>
      <trkpt lat="39.872106872498989105224609375" lon="124.15082051418721675872802734375">
        <ele>-2</ele>
        <time>2026-10-06T12:27:23.000Z</time>
        <extensions>
          <ns3:TrackPointExtension>
            <ns3:hr>197</ns3:hr>
            <ns3:cad>92</ns3:cad>
          </ns3:TrackPointExtension>
        </extensions>
      </trkpt>
      <trkpt lat="39.87208482809364795684814453125" lon="124.15077500045299530029296875">
        <ele>-2</ele>
        <time>2026-10-06T12:27:24.000Z</time>
        <extensions>
          <ns3:TrackPointExtension>
            <ns3:hr>196</ns3:hr>
            <ns3:cad>92</ns3:cad>
          </ns3:TrackPointExtension>
        </extensions>
      </trkpt>
      <trkpt lat="39.872075356543064117431640625" lon="124.15074281394481658935546875">
        <ele>-2</ele>
        <time>2026-10-06T12:27:25.000Z</time>
        <extensions>
          <ns3:TrackPointExtension>
            <ns3:hr>198</ns3:hr>
            <ns3:cad>92</ns3:cad>
          </ns3:TrackPointExtension>
        </extensions>
      </trkpt>
      <trkpt lat="39.87206756137311458587646484375" lon="124.15071540512144565582275390625">
        <ele>-2</ele>
        <time>2026-10-06T12:27:26.000Z</time>
        <extensions>
          <ns3:TrackPointExtension>
            <ns3:hr>198</ns3:hr>
            <ns3:cad>92</ns3:cad>
          </ns3:TrackPointExtension>
        </extensions>
      </trkpt>
      <trkpt lat="39.87206102348864078521728515625" lon="124.15069327689707279205322265625">
        <ele>-2</ele>
        <time>2026-10-06T12:27:27.000Z</time>
        <extensions>
          <ns3:TrackPointExtension>
            <ns3:hr>198</ns3:hr>
            <ns3:cad>92</ns3:cad>
          </ns3:TrackPointExtension>
        </extensions>
      </trkpt>
      <trkpt lat="39.87205289304256439208984375" lon="124.150678105652332305908203125">
        <ele>-2</ele>
        <time>2026-10-06T12:27:28.000Z</time>
        <extensions>
          <ns3:TrackPointExtension>
            <ns3:hr>196</ns3:hr>
            <ns3:cad>92</ns3:cad>
          </ns3:TrackPointExtension>
        </extensions>
      </trkpt>
      <trkpt lat="39.8720436729490756988525390625" lon="124.15066326968371868133544921875">
        <ele>-2.2000000476837158203125</ele>
        <time>2026-10-06T12:27:29.000Z</time>
        <extensions>
          <ns3:TrackPointExtension>
            <ns3:hr>197</ns3:hr>
            <ns3:cad>0</ns3:cad>
          </ns3:TrackPointExtension>
        </extensions>
      </trkpt>
      <trkpt lat="39.87203738652169704437255859375" lon="124.15064734406769275665283203125">
        <ele>-2.2000000476837158203125</ele>
        <time>2026-10-06T12:27:30.000Z</time>
        <extensions>
          <ns3:TrackPointExtension>
            <ns3:hr>197</ns3:hr>
            <ns3:cad>0</ns3:cad>
          </ns3:TrackPointExtension>
        </extensions>
      </trkpt>
      <trkpt lat="39.87202950753271579742431640625" lon="124.1506455838680267333984375">
        <ele>-2.2000000476837158203125</ele>
        <time>2026-10-06T12:27:31.000Z</time>
        <extensions>
          <ns3:TrackPointExtension>
            <ns3:hr>195</ns3:hr>
            <ns3:cad>0</ns3:cad>
          </ns3:TrackPointExtension>
        </extensions>
      </trkpt>
      <trkpt lat="39.87202397547662258148193359375" lon="124.150649942457675933837890625">
        <ele>-2.2000000476837158203125</ele>
        <time>2026-10-06T12:27:32.000Z</time>
        <extensions>
          <ns3:TrackPointExtension>
            <ns3:hr>195</ns3:hr>
            <ns3:cad>0</ns3:cad>
          </ns3:TrackPointExtension>
        </extensions>
      </trkpt>
      <trkpt lat="39.872027076780796051025390625" lon="124.150634519755840301513671875">
        <ele>-2</ele>
        <time>2026-10-06T12:27:33.000Z</time>
        <extensions>
          <ns3:TrackPointExtension>
            <ns3:hr>195</ns3:hr>
            <ns3:cad>0</ns3:cad>
          </ns3:TrackPointExtension>
        </extensions>
      </trkpt>
      <trkpt lat="39.87202598713338375091552734375" lon="124.1506206057965755462646484375">
        <ele>-2</ele>
        <time>2026-10-06T12:27:34.000Z</time>
        <extensions>
          <ns3:TrackPointExtension>
            <ns3:hr>195</ns3:hr>
            <ns3:cad>0</ns3:cad>
          </ns3:TrackPointExtension>
        </extensions>
      </trkpt>
      <trkpt lat="39.871591888368129730224609375" lon="124.14953573606908321380615234375">
        <ele>-2.599999904632568359375</ele>
        <time>2026-10-06T12:28:27.000Z</time>
        <extensions>
          <ns3:TrackPointExtension>
            <ns3:hr>167</ns3:hr>
            <ns3:cad>84</ns3:cad>
          </ns3:TrackPointExtension>
        </extensions>
      </trkpt>
      <trkpt lat="39.8715801537036895751953125" lon="124.1495128534734249114990234375">
        <ele>-2.599999904632568359375</ele>
        <time>2026-10-06T12:28:28.000Z</time>
        <extensions>
          <ns3:TrackPointExtension>
            <ns3:hr>167</ns3:hr>
            <ns3:cad>84</ns3:cad>
          </ns3:TrackPointExtension>
        </extensions>
      </trkpt>
      <trkpt lat="39.871573112905025482177734375" lon="124.14948494173586368560791015625">
        <ele>-2.7999999523162841796875</ele>
        <time>2026-10-06T12:28:29.000Z</time>
        <extensions>
          <ns3:TrackPointExtension>
            <ns3:hr>166</ns3:hr>
            <ns3:cad>84</ns3:cad>
          </ns3:TrackPointExtension>
        </extensions>
      </trkpt>
      <trkpt lat="39.87156682647764682769775390625" lon="124.14946381933987140655517578125">
        <ele>-2.7999999523162841796875</ele>
        <time>2026-10-06T12:28:30.000Z</time>
        <extensions>
          <ns3:TrackPointExtension>
            <ns3:hr>166</ns3:hr>
            <ns3:cad>84</ns3:cad>
          </ns3:TrackPointExtension>
        </extensions>
      </trkpt>
      <trkpt lat="39.871560037136077880859375" lon="124.14943532086908817291259765625">
        <ele>-2.7999999523162841796875</ele>
        <time>2026-10-06T12:28:31.000Z</time>
        <extensions>
          <ns3:TrackPointExtension>
            <ns3:hr>165</ns3:hr>
            <ns3:cad>85</ns3:cad>
          </ns3:TrackPointExtension>
        </extensions>
      </trkpt>
      <trkpt lat="39.8715551756322383880615234375" lon="124.1494075767695903778076171875">
        <ele>-2.7999999523162841796875</ele>
        <time>2026-10-06T12:28:32.000Z</time>
        <extensions>
          <ns3:TrackPointExtension>
            <ns3:hr>164</ns3:hr>
            <ns3:cad>85</ns3:cad>
          </ns3:TrackPointExtension>
        </extensions>
      </trkpt>
      <trkpt lat="39.8715508170425891876220703125" lon="124.149382598698139190673828125">
        <ele>-2.7999999523162841796875</ele>
        <time>2026-10-06T12:28:33.000Z</time>
        <extensions>
          <ns3:TrackPointExtension>
            <ns3:hr>163</ns3:hr>
            <ns3:cad>85</ns3:cad>
          </ns3:TrackPointExtension>
        </extensions>
      </trkpt>
      <trkpt lat="39.87154595553874969482421875" lon="124.14935770444571971893310546875">
        <ele>-2.7999999523162841796875</ele>
        <time>2026-10-06T12:28:34.000Z</time>
        <extensions>
          <ns3:TrackPointExtension>
            <ns3:hr>164</ns3:hr>
            <ns3:cad>85</ns3:cad>
          </ns3:TrackPointExtension>
        </extensions>
      </trkpt>
      <trkpt lat="39.87153061665594577789306640625" lon="124.14934010244905948638916015625">
        <ele>-2.7999999523162841796875</ele>
        <time>2026-10-06T12:28:35.000Z</time>
        <extensions>
          <ns3:TrackPointExtension>
            <ns3:hr>165</ns3:hr>
            <ns3:cad>85</ns3:cad>
          </ns3:TrackPointExtension>
        </extensions>
      </trkpt>
      <trkpt lat="39.8715172894299030303955078125" lon="124.14929576218128204345703125">
        <ele>-2.599999904632568359375</ele>
        <time>2026-10-06T12:28:36.000Z</time>
        <extensions>
          <ns3:TrackPointExtension>
            <ns3:hr>166</ns3:hr>
            <ns3:cad>86</ns3:cad>
          </ns3:TrackPointExtension>
        </extensions>
      </trkpt>
      <trkpt lat="39.87150329165160655975341796875" lon="124.14925427176058292388916015625">
        <ele>-2.7999999523162841796875</ele>
        <time>2026-10-06T12:28:37.000Z</time>
        <extensions>
          <ns3:TrackPointExtension>
            <ns3:hr>166</ns3:hr>
            <ns3:cad>86</ns3:cad>
          </ns3:TrackPointExtension>
        </extensions>
      </trkpt>
      <trkpt lat="39.87148183397948741912841796875" lon="124.14920951239764690399169921875">
        <ele>-2.7999999523162841796875</ele>
        <time>2026-10-06T12:28:38.000Z</time>
        <extensions>
          <ns3:TrackPointExtension>
            <ns3:hr>165</ns3:hr>
            <ns3:cad>87</ns3:cad>
          </ns3:TrackPointExtension>
        </extensions>
      </trkpt>
      <trkpt lat="39.87146272324025630950927734375" lon="124.14917347021400928497314453125">
        <ele>-2.7999999523162841796875</ele>
        <time>2026-10-06T12:28:39.000Z</time>
        <extensions>
          <ns3:TrackPointExtension>
            <ns3:hr>163</ns3:hr>
            <ns3:cad>87</ns3:cad>
          </ns3:TrackPointExtension>
        </extensions>
      </trkpt>
      <trkpt lat="39.8714452050626277923583984375" lon="124.1491406969726085662841796875">
        <ele>-2.7999999523162841796875</ele>
        <time>2026-10-06T12:28:40.000Z</time>
        <extensions>
          <ns3:TrackPointExtension>
            <ns3:hr>163</ns3:hr>
            <ns3:cad>87</ns3:cad>
          </ns3:TrackPointExtension>
        </extensions>
      </trkpt>
      <trkpt lat="39.87143137492239475250244140625" lon="124.1491058282554149627685546875">
        <ele>-2.7999999523162841796875</ele>
        <time>2026-10-06T12:28:41.000Z</time>
        <extensions>
          <ns3:TrackPointExtension>
            <ns3:hr>164</ns3:hr>
            <ns3:cad>87</ns3:cad>
          </ns3:TrackPointExtension>
        </extensions>
      </trkpt>
      <trkpt lat="39.87141662277281284332275390625" lon="124.14907238446176052093505859375">
        <ele>-2.7999999523162841796875</ele>
        <time>2026-10-06T12:28:42.000Z</time>
        <extensions>
          <ns3:TrackPointExtension>
            <ns3:hr>165</ns3:hr>
            <ns3:cad>87</ns3:cad>
          </ns3:TrackPointExtension>
        </extensions>
      </trkpt>
      <trkpt lat="39.871406815946102142333984375" lon="124.1490350849926471710205078125">
        <ele>-2.7999999523162841796875</ele>
        <time>2026-10-06T12:28:43.000Z</time>
        <extensions>
          <ns3:TrackPointExtension>
            <ns3:hr>167</ns3:hr>
            <ns3:cad>87</ns3:cad>
          </ns3:TrackPointExtension>
        </extensions>
      </trkpt>
      <trkpt lat="39.8713925667107105255126953125" lon="124.14900918491184711456298828125">
        <ele>-2.7999999523162841796875</ele>
        <time>2026-10-06T12:28:44.000Z</time>
        <extensions>
          <ns3:TrackPointExtension>
            <ns3:hr>166</ns3:hr>
            <ns3:cad>87</ns3:cad>
          </ns3:TrackPointExtension>
        </extensions>
      </trkpt>
      <trkpt lat="39.8713831789791584014892578125" lon="124.14897129870951175689697265625">
        <ele>-2.7999999523162841796875</ele>
        <time>2026-10-06T12:28:45.000Z</time>
        <extensions>
          <ns3:TrackPointExtension>
            <ns3:hr>164</ns3:hr>
            <ns3:cad>86</ns3:cad>
          </ns3:TrackPointExtension>
        </extensions>
      </trkpt>
      <trkpt lat="39.8713697679340839385986328125" lon="124.1489435546100139617919921875">
        <ele>-2.7999999523162841796875</ele>
        <time>2026-10-06T12:28:46.000Z</time>
        <extensions>
          <ns3:TrackPointExtension>
            <ns3:hr>164</ns3:hr>
            <ns3:cad>86</ns3:cad>
          </ns3:TrackPointExtension>
        </extensions>
      </trkpt>
      <trkpt lat="39.87135979346930980682373046875" lon="124.14890608750283718109130859375">
        <ele>-2.7999999523162841796875</ele>
        <time>2026-10-06T12:28:47.000Z</time>
        <extensions>
          <ns3:TrackPointExtension>
            <ns3:hr>165</ns3:hr>
            <ns3:cad>87</ns3:cad>
          </ns3:TrackPointExtension>
        </extensions>
      </trkpt>
      <trkpt lat="39.8713442869484424591064453125" lon="124.14887733757495880126953125">
        <ele>-2.7999999523162841796875</ele>
        <time>2026-10-06T12:28:48.000Z</time>
        <extensions>
          <ns3:TrackPointExtension>
            <ns3:hr>165</ns3:hr>
            <ns3:cad>87</ns3:cad>
          </ns3:TrackPointExtension>
        </extensions>
      </trkpt>
      <trkpt lat="39.8713288642466068267822265625" lon="124.14883936755359172821044921875">
        <ele>-2.7999999523162841796875</ele>
        <time>2026-10-06T12:28:49.000Z</time>
        <extensions>
          <ns3:TrackPointExtension>
            <ns3:hr>166</ns3:hr>
            <ns3:cad>87</ns3:cad>
          </ns3:TrackPointExtension>
        </extensions>
      </trkpt>
      <trkpt lat="39.87131587229669094085693359375" lon="124.14881103672087192535400390625">
        <ele>-2.599999904632568359375</ele>
        <time>2026-10-06T12:28:50.000Z</time>
        <extensions>
          <ns3:TrackPointExtension>
            <ns3:hr>165</ns3:hr>
            <ns3:cad>87</ns3:cad>
          </ns3:TrackPointExtension>
        </extensions>
      </trkpt>
      <trkpt lat="39.87129961140453815460205078125" lon="124.14877650327980518341064453125">
        <ele>-2.599999904632568359375</ele>
        <time>2026-10-06T12:28:51.000Z</time>
        <extensions>
          <ns3:TrackPointExtension>
            <ns3:hr>163</ns3:hr>
            <ns3:cad>88</ns3:cad>
          </ns3:TrackPointExtension>
        </extensions>
      </trkpt>
      <trkpt lat="39.8712896369397640228271484375" lon="124.148744903504848480224609375">
        <ele>-2.599999904632568359375</ele>
        <time>2026-10-06T12:28:52.000Z</time>
        <extensions>
          <ns3:TrackPointExtension>
            <ns3:hr>163</ns3:hr>
            <ns3:cad>88</ns3:cad>
          </ns3:TrackPointExtension>
        </extensions>
      </trkpt>
      <trkpt lat="39.87127664498984813690185546875" lon="124.14871296845376491546630859375">
        <ele>-2.7999999523162841796875</ele>
        <time>2026-10-06T12:28:53.000Z</time>
        <extensions>
          <ns3:TrackPointExtension>
            <ns3:hr>165</ns3:hr>
            <ns3:cad>87</ns3:cad>
          </ns3:TrackPointExtension>
        </extensions>
      </trkpt>
      <trkpt lat="39.87126742489635944366455078125" lon="124.14868111722171306610107421875">
        <ele>-2.599999904632568359375</ele>
        <time>2026-10-06T12:28:54.000Z</time>
        <extensions>
          <ns3:TrackPointExtension>
            <ns3:hr>166</ns3:hr>
            <ns3:cad>87</ns3:cad>
          </ns3:TrackPointExtension>
        </extensions>
      </trkpt>
      <trkpt lat="39.87125334329903125762939453125" lon="124.1486515291035175323486328125">
        <ele>-2.599999904632568359375</ele>
        <time>2026-10-06T12:28:55.000Z</time>
        <extensions>
          <ns3:TrackPointExtension>
            <ns3:hr>166</ns3:hr>
            <ns3:cad>87</ns3:cad>
          </ns3:TrackPointExtension>
        </extensions>
      </trkpt>
      <trkpt lat="39.87124529667198657989501953125" lon="124.14861439727246761322021484375">
        <ele>-2.599999904632568359375</ele>
        <time>2026-10-06T12:28:56.000Z</time>
        <extensions>
          <ns3:TrackPointExtension>
            <ns3:hr>165</ns3:hr>
            <ns3:cad>87</ns3:cad>
          </ns3:TrackPointExtension>
        </extensions>
      </trkpt>
      <trkpt lat="39.8712323047220706939697265625" lon="124.14858757518231868743896484375">
        <ele>-2.7999999523162841796875</ele>
        <time>2026-10-06T12:28:57.000Z</time>
        <extensions>
          <ns3:TrackPointExtension>
            <ns3:hr>165</ns3:hr>
            <ns3:cad>87</ns3:cad>
          </ns3:TrackPointExtension>
        </extensions>
      </trkpt>
      <trkpt lat="39.87122543156147003173828125" lon="124.14854742586612701416015625">
        <ele>-2.599999904632568359375</ele>
        <time>2026-10-06T12:28:58.000Z</time>
        <extensions>
          <ns3:TrackPointExtension>
            <ns3:hr>165</ns3:hr>
            <ns3:cad>88</ns3:cad>
          </ns3:TrackPointExtension>
        </extensions>
      </trkpt>
      <trkpt lat="39.8712125234305858612060546875" lon="124.148519933223724365234375">
        <ele>-2.7999999523162841796875</ele>
        <time>2026-10-06T12:28:59.000Z</time>
        <extensions>
          <ns3:TrackPointExtension>
            <ns3:hr>166</ns3:hr>
            <ns3:cad>89</ns3:cad>
          </ns3:TrackPointExtension>
        </extensions>
      </trkpt>
      <trkpt lat="39.871200621128082275390625" lon="124.14847944863140583038330078125">
        <ele>-2.599999904632568359375</ele>
        <time>2026-10-06T12:29:00.000Z</time>
        <extensions>
          <ns3:TrackPointExtension>
            <ns3:hr>166</ns3:hr>
            <ns3:cad>89</ns3:cad>
          </ns3:TrackPointExtension>
        </extensions>
      </trkpt>
      <trkpt lat="39.871184863150119781494140625" lon="124.14844776503741741180419921875">
        <ele>-2.599999904632568359375</ele>
        <time>2026-10-06T12:29:01.000Z</time>
        <extensions>
          <ns3:TrackPointExtension>
            <ns3:hr>165</ns3:hr>
            <ns3:cad>88</ns3:cad>
          </ns3:TrackPointExtension>
        </extensions>
      </trkpt>
      <trkpt lat="39.87117757089436054229736328125" lon="124.1484086215496063232421875">
        <ele>-2.599999904632568359375</ele>
        <time>2026-10-06T12:29:02.000Z</time>
        <extensions>
          <ns3:TrackPointExtension>
            <ns3:hr>164</ns3:hr>
            <ns3:cad>88</ns3:cad>
          </ns3:TrackPointExtension>
        </extensions>
      </trkpt>
      <trkpt lat="39.87116365693509578704833984375" lon="124.1483844816684722900390625">
        <ele>-2.599999904632568359375</ele>
        <time>2026-10-06T12:29:03.000Z</time>
        <extensions>
          <ns3:TrackPointExtension>
            <ns3:hr>165</ns3:hr>
            <ns3:cad>88</ns3:cad>
          </ns3:TrackPointExtension>
        </extensions>
      </trkpt>
      <trkpt lat="39.87115343101322650909423828125" lon="124.1483447514474391937255859375">
        <ele>-2.599999904632568359375</ele>
        <time>2026-10-06T12:29:04.000Z</time>
        <extensions>
          <ns3:TrackPointExtension>
            <ns3:hr>165</ns3:hr>
            <ns3:cad>87</ns3:cad>
          </ns3:TrackPointExtension>
        </extensions>
      </trkpt>
      <trkpt lat="39.87113985233008861541748046875" lon="124.1483175940811634063720703125">
        <ele>-2.599999904632568359375</ele>
        <time>2026-10-06T12:29:05.000Z</time>
        <extensions>
          <ns3:TrackPointExtension>
            <ns3:hr>167</ns3:hr>
            <ns3:cad>87</ns3:cad>
          </ns3:TrackPointExtension>
        </extensions>
      </trkpt>
      <trkpt lat="39.87112610600888729095458984375" lon="124.14827660657465457916259765625">
        <ele>-2.599999904632568359375</ele>
        <time>2026-10-06T12:29:06.000Z</time>
        <extensions>
          <ns3:TrackPointExtension>
            <ns3:hr>166</ns3:hr>
            <ns3:cad>88</ns3:cad>
          </ns3:TrackPointExtension>
        </extensions>
      </trkpt>
      <trkpt lat="39.87111411988735198974609375" lon="124.1482475213706493377685546875">
        <ele>-2.599999904632568359375</ele>
        <time>2026-10-06T12:29:07.000Z</time>
        <extensions>
          <ns3:TrackPointExtension>
            <ns3:hr>164</ns3:hr>
            <ns3:cad>88</ns3:cad>
          </ns3:TrackPointExtension>
        </extensions>
      </trkpt>
      <trkpt lat="39.8711045645177364349365234375" lon="124.1482139937579631805419921875">
        <ele>-2.599999904632568359375</ele>
        <time>2026-10-06T12:29:08.000Z</time>
        <extensions>
          <ns3:TrackPointExtension>
            <ns3:hr>164</ns3:hr>
            <ns3:cad>88</ns3:cad>
          </ns3:TrackPointExtension>
        </extensions>
      </trkpt>
      <trkpt lat="39.8710941709578037261962890625" lon="124.14818407036364078521728515625">
        <ele>-2.599999904632568359375</ele>
        <time>2026-10-06T12:29:09.000Z</time>
        <extensions>
          <ns3:TrackPointExtension>
            <ns3:hr>165</ns3:hr>
            <ns3:cad>88</ns3:cad>
          </ns3:TrackPointExtension>
        </extensions>
      </trkpt>
      <trkpt lat="39.87108235247433185577392578125" lon="124.148149788379669189453125">
        <ele>-2.599999904632568359375</ele>
        <time>2026-10-06T12:29:10.000Z</time>
        <extensions>
          <ns3:TrackPointExtension>
            <ns3:hr>166</ns3:hr>
            <ns3:cad>88</ns3:cad>
          </ns3:TrackPointExtension>
        </extensions>
      </trkpt>
      <trkpt lat="39.871070198714733123779296875" lon="124.14811667986214160919189453125">
        <ele>-2.599999904632568359375</ele>
        <time>2026-10-06T12:29:11.000Z</time>
        <extensions>
          <ns3:TrackPointExtension>
            <ns3:hr>167</ns3:hr>
            <ns3:cad>88</ns3:cad>
          </ns3:TrackPointExtension>
        </extensions>
      </trkpt>
      <trkpt lat="39.8710542730987071990966796875" lon="124.14808399043977260589599609375">
        <ele>-2.599999904632568359375</ele>
        <time>2026-10-06T12:29:12.000Z</time>
        <extensions>
          <ns3:TrackPointExtension>
            <ns3:hr>165</ns3:hr>
            <ns3:cad>88</ns3:cad>
          </ns3:TrackPointExtension>
        </extensions>
      </trkpt>
      <trkpt lat="39.87104463391005992889404296875" lon="124.14804459549486637115478515625">
        <ele>-2.599999904632568359375</ele>
        <time>2026-10-06T12:29:13.000Z</time>
        <extensions>
          <ns3:TrackPointExtension>
            <ns3:hr>164</ns3:hr>
            <ns3:cad>88</ns3:cad>
          </ns3:TrackPointExtension>
        </extensions>
      </trkpt>
      <trkpt lat="39.87102820537984371185302734375" lon="124.14802112616598606109619140625">
        <ele>-2.599999904632568359375</ele>
        <time>2026-10-06T12:29:14.000Z</time>
        <extensions>
          <ns3:TrackPointExtension>
            <ns3:hr>165</ns3:hr>
            <ns3:cad>88</ns3:cad>
          </ns3:TrackPointExtension>
        </extensions>
      </trkpt>
      <trkpt lat="39.87101764418184757232666015625" lon="124.14798307232558727264404296875">
        <ele>-2.599999904632568359375</ele>
        <time>2026-10-06T12:29:15.000Z</time>
        <extensions>
          <ns3:TrackPointExtension>
            <ns3:hr>165</ns3:hr>
            <ns3:cad>88</ns3:cad>
          </ns3:TrackPointExtension>
        </extensions>
      </trkpt>
      <trkpt lat="39.87100188620388507843017578125" lon="124.14796002209186553955078125">
        <ele>-2.599999904632568359375</ele>
        <time>2026-10-06T12:29:16.000Z</time>
        <extensions>
          <ns3:TrackPointExtension>
            <ns3:hr>165</ns3:hr>
            <ns3:cad>88</ns3:cad>
          </ns3:TrackPointExtension>
        </extensions>
      </trkpt>
      <trkpt lat="39.870991744101047515869140625" lon="124.14792171679437160491943359375">
        <ele>-2.400000095367431640625</ele>
        <time>2026-10-06T12:29:17.000Z</time>
        <extensions>
          <ns3:TrackPointExtension>
            <ns3:hr>166</ns3:hr>
            <ns3:cad>88</ns3:cad>
          </ns3:TrackPointExtension>
        </extensions>
      </trkpt>
      <trkpt lat="39.8709801770746707916259765625" lon="124.1478914581239223480224609375">
        <ele>-2.400000095367431640625</ele>
        <time>2026-10-06T12:29:18.000Z</time>
        <extensions>
          <ns3:TrackPointExtension>
            <ns3:hr>165</ns3:hr>
            <ns3:cad>88</ns3:cad>
          </ns3:TrackPointExtension>
        </extensions>
      </trkpt>
      <trkpt lat="39.87096902914345264434814453125" lon="124.147850386798381805419921875">
        <ele>-2.400000095367431640625</ele>
        <time>2026-10-06T12:29:19.000Z</time>
        <extensions>
          <ns3:TrackPointExtension>
            <ns3:hr>163</ns3:hr>
            <ns3:cad>87</ns3:cad>
          </ns3:TrackPointExtension>
        </extensions>
      </trkpt>
      <trkpt lat="39.87095612101256847381591796875" lon="124.14781928993761539459228515625">
        <ele>-2.400000095367431640625</ele>
        <time>2026-10-06T12:29:20.000Z</time>
        <extensions>
          <ns3:TrackPointExtension>
            <ns3:hr>163</ns3:hr>
            <ns3:cad>87</ns3:cad>
          </ns3:TrackPointExtension>
        </extensions>
      </trkpt>
      <trkpt lat="39.87094321288168430328369140625" lon="124.14778492413461208343505859375">
        <ele>-2.400000095367431640625</ele>
        <time>2026-10-06T12:29:21.000Z</time>
        <extensions>
          <ns3:TrackPointExtension>
            <ns3:hr>164</ns3:hr>
            <ns3:cad>87</ns3:cad>
          </ns3:TrackPointExtension>
        </extensions>
      </trkpt>
      <trkpt lat="39.8709305562078952789306640625" lon="124.1477553360164165496826171875">
        <ele>-2.400000095367431640625</ele>
        <time>2026-10-06T12:29:22.000Z</time>
        <extensions>
          <ns3:TrackPointExtension>
            <ns3:hr>166</ns3:hr>
            <ns3:cad>87</ns3:cad>
          </ns3:TrackPointExtension>
        </extensions>
      </trkpt>
      <trkpt lat="39.87091965973377227783203125" lon="124.147722981870174407958984375">
        <ele>-2.400000095367431640625</ele>
        <time>2026-10-06T12:29:23.000Z</time>
        <extensions>
          <ns3:TrackPointExtension>
            <ns3:hr>164</ns3:hr>
            <ns3:cad>87</ns3:cad>
          </ns3:TrackPointExtension>
        </extensions>
      </trkpt>
      <trkpt lat="39.8709097690880298614501953125" lon="124.14769138209521770477294921875">
        <ele>-2.400000095367431640625</ele>
        <time>2026-10-06T12:29:24.000Z</time>
        <extensions>
          <ns3:TrackPointExtension>
            <ns3:hr>163</ns3:hr>
            <ns3:cad>87</ns3:cad>
          </ns3:TrackPointExtension>
        </extensions>
      </trkpt>
      <trkpt lat="39.87089551985263824462890625" lon="124.1476530767977237701416015625">
        <ele>-2.400000095367431640625</ele>
        <time>2026-10-06T12:29:25.000Z</time>
        <extensions>
          <ns3:TrackPointExtension>
            <ns3:hr>164</ns3:hr>
            <ns3:cad>87</ns3:cad>
          </ns3:TrackPointExtension>
        </extensions>
      </trkpt>
      <trkpt lat="39.87088604830205440521240234375" lon="124.147617705166339874267578125">
        <ele>-2.400000095367431640625</ele>
        <time>2026-10-06T12:29:26.000Z</time>
        <extensions>
          <ns3:TrackPointExtension>
            <ns3:hr>165</ns3:hr>
            <ns3:cad>88</ns3:cad>
          </ns3:TrackPointExtension>
        </extensions>
      </trkpt>
      <trkpt lat="39.8708702065050601959228515625" lon="124.14758359082043170928955078125">
        <ele>-2.400000095367431640625</ele>
        <time>2026-10-06T12:29:27.000Z</time>
        <extensions>
          <ns3:TrackPointExtension>
            <ns3:hr>165</ns3:hr>
            <ns3:cad>88</ns3:cad>
          </ns3:TrackPointExtension>
        </extensions>
      </trkpt>
      <trkpt lat="39.87085771746933460235595703125" lon="124.1475457884371280670166015625">
        <ele>-2.400000095367431640625</ele>
        <time>2026-10-06T12:29:28.000Z</time>
        <extensions>
          <ns3:TrackPointExtension>
            <ns3:hr>164</ns3:hr>
            <ns3:cad>88</ns3:cad>
          </ns3:TrackPointExtension>
        </extensions>
      </trkpt>
      <trkpt lat="39.8708423785865306854248046875" lon="124.14751452393829822540283203125">
        <ele>-2.400000095367431640625</ele>
        <time>2026-10-06T12:29:29.000Z</time>
        <extensions>
          <ns3:TrackPointExtension>
            <ns3:hr>163</ns3:hr>
            <ns3:cad>88</ns3:cad>
          </ns3:TrackPointExtension>
        </extensions>
      </trkpt>
      <trkpt lat="39.8708306439220905303955078125" lon="124.14747613482177257537841796875">
        <ele>-2.400000095367431640625</ele>
        <time>2026-10-06T12:29:30.000Z</time>
        <extensions>
          <ns3:TrackPointExtension>
            <ns3:hr>164</ns3:hr>
            <ns3:cad>89</ns3:cad>
          </ns3:TrackPointExtension>
        </extensions>
      </trkpt>
      <trkpt lat="39.87081639468669891357421875" lon="124.1474539227783679962158203125">
        <ele>-2.400000095367431640625</ele>
        <time>2026-10-06T12:29:31.000Z</time>
        <extensions>
          <ns3:TrackPointExtension>
            <ns3:hr>164</ns3:hr>
            <ns3:cad>89</ns3:cad>
          </ns3:TrackPointExtension>
        </extensions>
      </trkpt>
      <trkpt lat="39.8708028160035610198974609375" lon="124.14741779677569866180419921875">
        <ele>-2.400000095367431640625</ele>
        <time>2026-10-06T12:29:32.000Z</time>
        <extensions>
          <ns3:TrackPointExtension>
            <ns3:hr>165</ns3:hr>
            <ns3:cad>89</ns3:cad>
          </ns3:TrackPointExtension>
        </extensions>
      </trkpt>
      <trkpt lat="39.87078948877751827239990234375" lon="124.1473986022174358367919921875">
        <ele>-2.400000095367431640625</ele>
        <time>2026-10-06T12:29:33.000Z</time>
        <extensions>
          <ns3:TrackPointExtension>
            <ns3:hr>165</ns3:hr>
            <ns3:cad>88</ns3:cad>
          </ns3:TrackPointExtension>
        </extensions>
      </trkpt>
      <trkpt lat="39.8707796819508075714111328125" lon="124.14736331440508365631103515625">
        <ele>-2.400000095367431640625</ele>
        <time>2026-10-06T12:29:34.000Z</time>
        <extensions>
          <ns3:TrackPointExtension>
            <ns3:hr>163</ns3:hr>
            <ns3:cad>88</ns3:cad>
          </ns3:TrackPointExtension>
        </extensions>
      </trkpt>
      <trkpt lat="39.8707682825624942779541015625" lon="124.14733615703880786895751953125">
        <ele>-2.400000095367431640625</ele>
        <time>2026-10-06T12:29:35.000Z</time>
        <extensions>
          <ns3:TrackPointExtension>
            <ns3:hr>164</ns3:hr>
            <ns3:cad>88</ns3:cad>
          </ns3:TrackPointExtension>
        </extensions>
      </trkpt>
      <trkpt lat="39.87075931392610073089599609375" lon="124.147298522293567657470703125">
        <ele>-2.400000095367431640625</ele>
        <time>2026-10-06T12:29:36.000Z</time>
        <extensions>
          <ns3:TrackPointExtension>
            <ns3:hr>164</ns3:hr>
            <ns3:cad>88</ns3:cad>
          </ns3:TrackPointExtension>
        </extensions>
      </trkpt>
      <trkpt lat="39.87074858509004116058349609375" lon="124.14726641960442066192626953125">
        <ele>-2.400000095367431640625</ele>
        <time>2026-10-06T12:29:37.000Z</time>
        <extensions>
          <ns3:TrackPointExtension>
            <ns3:hr>165</ns3:hr>
            <ns3:cad>88</ns3:cad>
          </ns3:TrackPointExtension>
        </extensions>
      </trkpt>
      <trkpt lat="39.87073567695915699005126953125" lon="124.14723205380141735076904296875">
        <ele>-2.400000095367431640625</ele>
        <time>2026-10-06T12:29:38.000Z</time>
        <extensions>
          <ns3:TrackPointExtension>
            <ns3:hr>165</ns3:hr>
            <ns3:cad>88</ns3:cad>
          </ns3:TrackPointExtension>
        </extensions>
      </trkpt>
      <trkpt lat="39.87072276882827281951904296875" lon="124.14719902910292148590087890625">
        <ele>-2.400000095367431640625</ele>
        <time>2026-10-06T12:29:39.000Z</time>
        <extensions>
          <ns3:TrackPointExtension>
            <ns3:hr>163</ns3:hr>
            <ns3:cad>88</ns3:cad>
          </ns3:TrackPointExtension>
        </extensions>
      </trkpt>
      <trkpt lat="39.87070868723094463348388671875" lon="124.14717321284115314483642578125">
        <ele>-2.400000095367431640625</ele>
        <time>2026-10-06T12:29:40.000Z</time>
        <extensions>
          <ns3:TrackPointExtension>
            <ns3:hr>162</ns3:hr>
            <ns3:cad>88</ns3:cad>
          </ns3:TrackPointExtension>
        </extensions>
      </trkpt>
      <trkpt lat="39.87069728784263134002685546875" lon="124.1471347399055957794189453125">
        <ele>-2.400000095367431640625</ele>
        <time>2026-10-06T12:29:41.000Z</time>
        <extensions>
          <ns3:TrackPointExtension>
            <ns3:hr>163</ns3:hr>
            <ns3:cad>88</ns3:cad>
          </ns3:TrackPointExtension>
        </extensions>
      </trkpt>
      <trkpt lat="39.87068228423595428466796875" lon="124.14710833691060543060302734375">
        <ele>-2.400000095367431640625</ele>
        <time>2026-10-06T12:29:42.000Z</time>
        <extensions>
          <ns3:TrackPointExtension>
            <ns3:hr>164</ns3:hr>
            <ns3:cad>86</ns3:cad>
          </ns3:TrackPointExtension>
        </extensions>
      </trkpt>
      <trkpt lat="39.87067197449505329132080078125" lon="124.14707380346953868865966796875">
        <ele>-2.400000095367431640625</ele>
        <time>2026-10-06T12:29:43.000Z</time>
        <extensions>
          <ns3:TrackPointExtension>
            <ns3:hr>164</ns3:hr>
            <ns3:cad>86</ns3:cad>
          </ns3:TrackPointExtension>
        </extensions>
      </trkpt>
      <trkpt lat="39.87065412104129791259765625" lon="124.14704916067421436309814453125">
        <ele>-2.400000095367431640625</ele>
        <time>2026-10-06T12:29:44.000Z</time>
        <extensions>
          <ns3:TrackPointExtension>
            <ns3:hr>165</ns3:hr>
            <ns3:cad>87</ns3:cad>
          </ns3:TrackPointExtension>
        </extensions>
      </trkpt>
      <trkpt lat="39.87064070999622344970703125" lon="124.14701244793832302093505859375">
        <ele>-2.400000095367431640625</ele>
        <time>2026-10-06T12:29:45.000Z</time>
        <extensions>
          <ns3:TrackPointExtension>
            <ns3:hr>163</ns3:hr>
            <ns3:cad>87</ns3:cad>
          </ns3:TrackPointExtension>
        </extensions>
      </trkpt>
      <trkpt lat="39.87062931060791015625" lon="124.1469825245440006256103515625">
        <ele>-2.599999904632568359375</ele>
        <time>2026-10-06T12:29:46.000Z</time>
        <extensions>
          <ns3:TrackPointExtension>
            <ns3:hr>162</ns3:hr>
            <ns3:cad>88</ns3:cad>
          </ns3:TrackPointExtension>
        </extensions>
      </trkpt>
      <trkpt lat="39.87061363644897937774658203125" lon="124.14695260114967823028564453125">
        <ele>-2.400000095367431640625</ele>
        <time>2026-10-06T12:29:47.000Z</time>
        <extensions>
          <ns3:TrackPointExtension>
            <ns3:hr>163</ns3:hr>
            <ns3:cad>88</ns3:cad>
          </ns3:TrackPointExtension>
        </extensions>
      </trkpt>
      <trkpt lat="39.8706013150513172149658203125" lon="124.14692611433565616607666015625">
        <ele>-2.400000095367431640625</ele>
        <time>2026-10-06T12:29:48.000Z</time>
        <extensions>
          <ns3:TrackPointExtension>
            <ns3:hr>164</ns3:hr>
            <ns3:cad>88</ns3:cad>
          </ns3:TrackPointExtension>
        </extensions>
      </trkpt>
      <trkpt lat="39.87058916129171848297119140625" lon="124.14690180681645870208740234375">
        <ele>-2.400000095367431640625</ele>
        <time>2026-10-06T12:29:49.000Z</time>
        <extensions>
          <ns3:TrackPointExtension>
            <ns3:hr>164</ns3:hr>
            <ns3:cad>87</ns3:cad>
          </ns3:TrackPointExtension>
        </extensions>
      </trkpt>
      <trkpt lat="39.870578013360500335693359375" lon="124.1468728892505168914794921875">
        <ele>-2.400000095367431640625</ele>
        <time>2026-10-06T12:29:50.000Z</time>
        <extensions>
          <ns3:TrackPointExtension>
            <ns3:hr>163</ns3:hr>
            <ns3:cad>86</ns3:cad>
          </ns3:TrackPointExtension>
        </extensions>
      </trkpt>
      <trkpt lat="39.87056300975382328033447265625" lon="124.1468474082648754119873046875">
        <ele>-2.400000095367431640625</ele>
        <time>2026-10-06T12:29:51.000Z</time>
        <extensions>
          <ns3:TrackPointExtension>
            <ns3:hr>162</ns3:hr>
            <ns3:cad>86</ns3:cad>
          </ns3:TrackPointExtension>
        </extensions>
      </trkpt>
      <trkpt lat="39.8705520294606685638427734375" lon="124.146811030805110931396484375">
        <ele>-2.400000095367431640625</ele>
        <time>2026-10-06T12:29:52.000Z</time>
        <extensions>
          <ns3:TrackPointExtension>
            <ns3:hr>161</ns3:hr>
            <ns3:cad>86</ns3:cad>
          </ns3:TrackPointExtension>
        </extensions>
      </trkpt>
      <trkpt lat="39.8705409653484821319580078125" lon="124.1467858850955963134765625">
        <ele>-2.400000095367431640625</ele>
        <time>2026-10-06T12:29:53.000Z</time>
        <extensions>
          <ns3:TrackPointExtension>
            <ns3:hr>161</ns3:hr>
            <ns3:cad>87</ns3:cad>
          </ns3:TrackPointExtension>
        </extensions>
      </trkpt>
      <trkpt lat="39.87052939832210540771484375" lon="124.14675545878708362579345703125">
        <ele>-2.400000095367431640625</ele>
        <time>2026-10-06T12:29:54.000Z</time>
        <extensions>
          <ns3:TrackPointExtension>
            <ns3:hr>161</ns3:hr>
            <ns3:cad>87</ns3:cad>
          </ns3:TrackPointExtension>
        </extensions>
      </trkpt>
      <trkpt lat="39.87051959149539470672607421875" lon="124.14672486484050750732421875">
        <ele>-2.400000095367431640625</ele>
        <time>2026-10-06T12:29:55.000Z</time>
        <extensions>
          <ns3:TrackPointExtension>
            <ns3:hr>161</ns3:hr>
            <ns3:cad>87</ns3:cad>
          </ns3:TrackPointExtension>
        </extensions>
      </trkpt>
      <trkpt lat="39.87050735391676425933837890625" lon="124.1466992162168025970458984375">
        <ele>-2.599999904632568359375</ele>
        <time>2026-10-06T12:29:56.000Z</time>
        <extensions>
          <ns3:TrackPointExtension>
            <ns3:hr>162</ns3:hr>
            <ns3:cad>87</ns3:cad>
          </ns3:TrackPointExtension>
        </extensions>
      </trkpt>
      <trkpt lat="39.8704950325191020965576171875" lon="124.1466640122234821319580078125">
        <ele>-2.400000095367431640625</ele>
        <time>2026-10-06T12:29:57.000Z</time>
        <extensions>
          <ns3:TrackPointExtension>
            <ns3:hr>162</ns3:hr>
            <ns3:cad>85</ns3:cad>
          </ns3:TrackPointExtension>
        </extensions>
      </trkpt>
      <trkpt lat="39.8704786039888858795166015625" lon="124.14663744159042835235595703125">
        <ele>-2.400000095367431640625</ele>
        <time>2026-10-06T12:29:58.000Z</time>
        <extensions>
          <ns3:TrackPointExtension>
            <ns3:hr>161</ns3:hr>
            <ns3:cad>84</ns3:cad>
          </ns3:TrackPointExtension>
        </extensions>
      </trkpt>
      <trkpt lat="39.87046795897185802459716796875" lon="124.1465982981026172637939453125">
        <ele>-2.400000095367431640625</ele>
        <time>2026-10-06T12:29:59.000Z</time>
        <extensions>
          <ns3:TrackPointExtension>
            <ns3:hr>159</ns3:hr>
            <ns3:cad>84</ns3:cad>
          </ns3:TrackPointExtension>
        </extensions>
      </trkpt>
      <trkpt lat="39.8704558052122592926025390625" lon="124.14657524786889553070068359375">
        <ele>-2.599999904632568359375</ele>
        <time>2026-10-06T12:30:00.000Z</time>
        <extensions>
          <ns3:TrackPointExtension>
            <ns3:hr>160</ns3:hr>
            <ns3:cad>84</ns3:cad>
          </ns3:TrackPointExtension>
        </extensions>
      </trkpt>
      <trkpt lat="39.8704428970813751220703125" lon="124.1465379483997821807861328125">
        <ele>-2.599999904632568359375</ele>
        <time>2026-10-06T12:30:01.000Z</time>
        <extensions>
          <ns3:TrackPointExtension>
            <ns3:hr>160</ns3:hr>
            <ns3:cad>85</ns3:cad>
          </ns3:TrackPointExtension>
        </extensions>
      </trkpt>
      <trkpt lat="39.87042906694114208221435546875" lon="124.14650886319577693939208984375">
        <ele>-2.599999904632568359375</ele>
        <time>2026-10-06T12:30:02.000Z</time>
        <extensions>
          <ns3:TrackPointExtension>
            <ns3:hr>159</ns3:hr>
            <ns3:cad>86</ns3:cad>
          </ns3:TrackPointExtension>
        </extensions>
      </trkpt>
      <trkpt lat="39.8704189248383045196533203125" lon="124.1464718990027904510498046875">
        <ele>-2.7999999523162841796875</ele>
        <time>2026-10-06T12:30:03.000Z</time>
        <extensions>
          <ns3:TrackPointExtension>
            <ns3:hr>159</ns3:hr>
            <ns3:cad>87</ns3:cad>
          </ns3:TrackPointExtension>
        </extensions>
      </trkpt>
      <trkpt lat="39.87040693871676921844482421875" lon="124.1464444063603878021240234375">
        <ele>-3</ele>
        <time>2026-10-06T12:30:04.000Z</time>
        <extensions>
          <ns3:TrackPointExtension>
            <ns3:hr>159</ns3:hr>
            <ns3:cad>87</ns3:cad>
          </ns3:TrackPointExtension>
        </extensions>
      </trkpt>
      <trkpt lat="39.87039394676685333251953125" lon="124.1464145667850971221923828125">
        <ele>-3</ele>
        <time>2026-10-06T12:30:05.000Z</time>
        <extensions>
          <ns3:TrackPointExtension>
            <ns3:hr>158</ns3:hr>
            <ns3:cad>88</ns3:cad>
          </ns3:TrackPointExtension>
        </extensions>
      </trkpt>
      <trkpt lat="39.870380870997905731201171875" lon="124.14638447575271129608154296875">
        <ele>-3.2000000476837158203125</ele>
        <time>2026-10-06T12:30:06.000Z</time>
        <extensions>
          <ns3:TrackPointExtension>
            <ns3:hr>160</ns3:hr>
            <ns3:cad>89</ns3:cad>
          </ns3:TrackPointExtension>
        </extensions>
      </trkpt>
      <trkpt lat="39.87036754377186298370361328125" lon="124.1463522054255008697509765625">
        <ele>-3.2000000476837158203125</ele>
        <time>2026-10-06T12:30:07.000Z</time>
        <extensions>
          <ns3:TrackPointExtension>
            <ns3:hr>160</ns3:hr>
            <ns3:cad>90</ns3:cad>
          </ns3:TrackPointExtension>
        </extensions>
      </trkpt>
      <trkpt lat="39.87035597674548625946044921875" lon="124.146320521831512451171875">
        <ele>-3.2000000476837158203125</ele>
        <time>2026-10-06T12:30:08.000Z</time>
        <extensions>
          <ns3:TrackPointExtension>
            <ns3:hr>158</ns3:hr>
            <ns3:cad>90</ns3:cad>
          </ns3:TrackPointExtension>
        </extensions>
      </trkpt>
      <trkpt lat="39.87035111524164676666259765625" lon="124.14628489874303340911865234375">
        <ele>-3.2000000476837158203125</ele>
        <time>2026-10-06T12:30:09.000Z</time>
        <extensions>
          <ns3:TrackPointExtension>
            <ns3:hr>158</ns3:hr>
            <ns3:cad>90</ns3:cad>
          </ns3:TrackPointExtension>
        </extensions>
      </trkpt>
      <trkpt lat="39.8703465051949024200439453125" lon="124.14624533616006374359130859375">
        <ele>-3.2000000476837158203125</ele>
        <time>2026-10-06T12:30:10.000Z</time>
        <extensions>
          <ns3:TrackPointExtension>
            <ns3:hr>160</ns3:hr>
            <ns3:cad>88</ns3:cad>
          </ns3:TrackPointExtension>
        </extensions>
      </trkpt>
      <trkpt lat="39.87034206278622150421142578125" lon="124.14621029980480670928955078125">
        <ele>-3.2000000476837158203125</ele>
        <time>2026-10-06T12:30:11.000Z</time>
        <extensions>
          <ns3:TrackPointExtension>
            <ns3:hr>158</ns3:hr>
            <ns3:cad>87</ns3:cad>
          </ns3:TrackPointExtension>
        </extensions>
      </trkpt>
      <trkpt lat="39.8703324235975742340087890625" lon="124.14617232978343963623046875">
        <ele>-3.2000000476837158203125</ele>
        <time>2026-10-06T12:30:12.000Z</time>
        <extensions>
          <ns3:TrackPointExtension>
            <ns3:hr>157</ns3:hr>
            <ns3:cad>87</ns3:cad>
          </ns3:TrackPointExtension>
        </extensions>
      </trkpt>
      <trkpt lat="39.87031507305800914764404296875" lon="124.14615749381482601165771484375">
        <ele>-3</ele>
        <time>2026-10-06T12:30:13.000Z</time>
        <extensions>
          <ns3:TrackPointExtension>
            <ns3:hr>158</ns3:hr>
            <ns3:cad>88</ns3:cad>
          </ns3:TrackPointExtension>
        </extensions>
      </trkpt>
      <trkpt lat="39.87030015327036380767822265625" lon="124.14614089764654636383056640625">
        <ele>-3</ele>
        <time>2026-10-06T12:30:14.000Z</time>
        <extensions>
          <ns3:TrackPointExtension>
            <ns3:hr>158</ns3:hr>
            <ns3:cad>88</ns3:cad>
          </ns3:TrackPointExtension>
        </extensions>
      </trkpt>
      <trkpt lat="39.87028858624398708343505859375" lon="124.146120361983776092529296875">
        <ele>-3</ele>
        <time>2026-10-06T12:30:15.000Z</time>
        <extensions>
          <ns3:TrackPointExtension>
            <ns3:hr>157</ns3:hr>
            <ns3:cad>88</ns3:cad>
          </ns3:TrackPointExtension>
        </extensions>
      </trkpt>
      <trkpt lat="39.87027467228472232818603515625" lon="124.14611390791833400726318359375">
        <ele>-2.7999999523162841796875</ele>
        <time>2026-10-06T12:30:16.000Z</time>
        <extensions>
          <ns3:TrackPointExtension>
            <ns3:hr>157</ns3:hr>
            <ns3:cad>86</ns3:cad>
          </ns3:TrackPointExtension>
        </extensions>
      </trkpt>
      <trkpt lat="39.8702563159167766571044921875" lon="124.14609010331332683563232421875">
        <ele>-2.7999999523162841796875</ele>
        <time>2026-10-06T12:30:17.000Z</time>
        <extensions>
          <ns3:TrackPointExtension>
            <ns3:hr>156</ns3:hr>
            <ns3:cad>86</ns3:cad>
          </ns3:TrackPointExtension>
        </extensions>
      </trkpt>
      <trkpt lat="39.87023779191076755523681640625" lon="124.146074764430522918701171875">
        <ele>-2.7999999523162841796875</ele>
        <time>2026-10-06T12:30:18.000Z</time>
        <extensions>
          <ns3:TrackPointExtension>
            <ns3:hr>156</ns3:hr>
            <ns3:cad>83</ns3:cad>
          </ns3:TrackPointExtension>
        </extensions>
      </trkpt>
      <trkpt lat="39.87021951936185359954833984375" lon="124.1460549831390380859375">
        <ele>-2.7999999523162841796875</ele>
        <time>2026-10-06T12:30:19.000Z</time>
        <extensions>
          <ns3:TrackPointExtension>
            <ns3:hr>155</ns3:hr>
            <ns3:cad>83</ns3:cad>
          </ns3:TrackPointExtension>
        </extensions>
      </trkpt>
      <trkpt lat="39.87020560540258884429931640625" lon="124.1460293345153331756591796875">
        <ele>-2.7999999523162841796875</ele>
        <time>2026-10-06T12:30:20.000Z</time>
        <extensions>
          <ns3:TrackPointExtension>
            <ns3:hr>155</ns3:hr>
            <ns3:cad>81</ns3:cad>
          </ns3:TrackPointExtension>
        </extensions>
      </trkpt>
      <trkpt lat="39.8701892606914043426513671875" lon="124.14601064287126064300537109375">
        <ele>-2.7999999523162841796875</ele>
        <time>2026-10-06T12:30:21.000Z</time>
        <extensions>
          <ns3:TrackPointExtension>
            <ns3:hr>156</ns3:hr>
            <ns3:cad>81</ns3:cad>
          </ns3:TrackPointExtension>
        </extensions>
      </trkpt>
      <trkpt lat="39.87017174251377582550048828125" lon="124.145986922085285186767578125">
        <ele>-2.7999999523162841796875</ele>
        <time>2026-10-06T12:30:22.000Z</time>
        <extensions>
          <ns3:TrackPointExtension>
            <ns3:hr>155</ns3:hr>
            <ns3:cad>83</ns3:cad>
          </ns3:TrackPointExtension>
        </extensions>
      </trkpt>
      <trkpt lat="39.870156906545162200927734375" lon="124.1459773667156696319580078125">
        <ele>-2.599999904632568359375</ele>
        <time>2026-10-06T12:30:23.000Z</time>
        <extensions>
          <ns3:TrackPointExtension>
            <ns3:hr>156</ns3:hr>
            <ns3:cad>84</ns3:cad>
          </ns3:TrackPointExtension>
        </extensions>
      </trkpt>
      <trkpt lat="39.8701406456530094146728515625" lon="124.1459404863417148590087890625">
        <ele>-2.599999904632568359375</ele>
        <time>2026-10-06T12:30:24.000Z</time>
        <extensions>
          <ns3:TrackPointExtension>
            <ns3:hr>157</ns3:hr>
            <ns3:cad>84</ns3:cad>
          </ns3:TrackPointExtension>
        </extensions>
      </trkpt>
      <trkpt lat="39.8701252229511737823486328125" lon="124.1459173522889614105224609375">
        <ele>-2.7999999523162841796875</ele>
        <time>2026-10-06T12:30:25.000Z</time>
        <extensions>
          <ns3:TrackPointExtension>
            <ns3:hr>157</ns3:hr>
            <ns3:cad>85</ns3:cad>
          </ns3:TrackPointExtension>
        </extensions>
      </trkpt>
      <trkpt lat="39.87010971643030643463134765625" lon="124.1458885185420513153076171875">
        <ele>-2.599999904632568359375</ele>
        <time>2026-10-06T12:30:26.000Z</time>
        <extensions>
          <ns3:TrackPointExtension>
            <ns3:hr>156</ns3:hr>
            <ns3:cad>86</ns3:cad>
          </ns3:TrackPointExtension>
        </extensions>
      </trkpt>
      <trkpt lat="39.87009764648973941802978515625" lon="124.14586463011801242828369140625">
        <ele>-2.7999999523162841796875</ele>
        <time>2026-10-06T12:30:27.000Z</time>
        <extensions>
          <ns3:TrackPointExtension>
            <ns3:hr>156</ns3:hr>
            <ns3:cad>86</ns3:cad>
          </ns3:TrackPointExtension>
        </extensions>
      </trkpt>
      <trkpt lat="39.8700807988643646240234375" lon="124.14584317244589328765869140625">
        <ele>-2.7999999523162841796875</ele>
        <time>2026-10-06T12:30:28.000Z</time>
        <extensions>
          <ns3:TrackPointExtension>
            <ns3:hr>158</ns3:hr>
            <ns3:cad>86</ns3:cad>
          </ns3:TrackPointExtension>
        </extensions>
      </trkpt>
      <trkpt lat="39.870060347020626068115234375" lon="124.1458202898502349853515625">
        <ele>-2.7999999523162841796875</ele>
        <time>2026-10-06T12:30:29.000Z</time>
        <extensions>
          <ns3:TrackPointExtension>
            <ns3:hr>157</ns3:hr>
            <ns3:cad>86</ns3:cad>
          </ns3:TrackPointExtension>
        </extensions>
      </trkpt>
      <trkpt lat="39.87004752270877361297607421875" lon="124.14582003839313983917236328125">
        <ele>-2.7999999523162841796875</ele>
        <time>2026-10-06T12:30:30.000Z</time>
        <extensions>
          <ns3:TrackPointExtension>
            <ns3:hr>155</ns3:hr>
            <ns3:cad>86</ns3:cad>
          </ns3:TrackPointExtension>
        </extensions>
      </trkpt>
      <trkpt lat="39.87003360874950885772705078125" lon="124.1458301804959774017333984375">
        <ele>-2.7999999523162841796875</ele>
        <time>2026-10-06T12:30:31.000Z</time>
        <extensions>
          <ns3:TrackPointExtension>
            <ns3:hr>156</ns3:hr>
            <ns3:cad>86</ns3:cad>
          </ns3:TrackPointExtension>
        </extensions>
      </trkpt>
      <trkpt lat="39.87001097761094570159912109375" lon="124.14584920741617679595947265625">
        <ele>-2.7999999523162841796875</ele>
        <time>2026-10-06T12:30:32.000Z</time>
        <extensions>
          <ns3:TrackPointExtension>
            <ns3:hr>155</ns3:hr>
            <ns3:cad>86</ns3:cad>
          </ns3:TrackPointExtension>
        </extensions>
      </trkpt>
      <trkpt lat="39.8699944652616977691650390625" lon="124.14586865343153476715087890625">
        <ele>-2.7999999523162841796875</ele>
        <time>2026-10-06T12:30:33.000Z</time>
        <extensions>
          <ns3:TrackPointExtension>
            <ns3:hr>155</ns3:hr>
            <ns3:cad>86</ns3:cad>
          </ns3:TrackPointExtension>
        </extensions>
      </trkpt>
      <trkpt lat="39.86997191794216632843017578125" lon="124.14588625542819499969482421875">
        <ele>-2.7999999523162841796875</ele>
        <time>2026-10-06T12:30:34.000Z</time>
        <extensions>
          <ns3:TrackPointExtension>
            <ns3:hr>156</ns3:hr>
            <ns3:cad>86</ns3:cad>
          </ns3:TrackPointExtension>
        </extensions>
      </trkpt>
      <trkpt lat="39.86994727514684200286865234375" lon="124.14589983411133289337158203125">
        <ele>-2.599999904632568359375</ele>
        <time>2026-10-06T12:30:35.000Z</time>
        <extensions>
          <ns3:TrackPointExtension>
            <ns3:hr>157</ns3:hr>
            <ns3:cad>86</ns3:cad>
          </ns3:TrackPointExtension>
        </extensions>
      </trkpt>
      <trkpt lat="39.869932942092418670654296875" lon="124.145915843546390533447265625">
        <ele>-2.400000095367431640625</ele>
        <time>2026-10-06T12:30:36.000Z</time>
        <extensions>
          <ns3:TrackPointExtension>
            <ns3:hr>158</ns3:hr>
            <ns3:cad>86</ns3:cad>
          </ns3:TrackPointExtension>
        </extensions>
      </trkpt>
      <trkpt lat="39.86991810612380504608154296875" lon="124.1459307633340358734130859375">
        <ele>-2.2000000476837158203125</ele>
        <time>2026-10-06T12:30:37.000Z</time>
        <extensions>
          <ns3:TrackPointExtension>
            <ns3:hr>158</ns3:hr>
            <ns3:cad>86</ns3:cad>
          </ns3:TrackPointExtension>
        </extensions>
      </trkpt>
      <trkpt lat="39.869913496077060699462890625" lon="124.1459428332746028900146484375">
        <ele>-1.7999999523162841796875</ele>
        <time>2026-10-06T12:30:38.000Z</time>
        <extensions>
          <ns3:TrackPointExtension>
            <ns3:hr>159</ns3:hr>
            <ns3:cad>81</ns3:cad>
          </ns3:TrackPointExtension>
        </extensions>
      </trkpt>
      <trkpt lat="39.86989882774651050567626953125" lon="124.14596035145223140716552734375">
        <ele>-1.60000002384185791015625</ele>
        <time>2026-10-06T12:30:39.000Z</time>
        <extensions>
          <ns3:TrackPointExtension>
            <ns3:hr>159</ns3:hr>
            <ns3:cad>81</ns3:cad>
          </ns3:TrackPointExtension>
        </extensions>
      </trkpt>
      <trkpt lat="39.86988038755953311920166015625" lon="124.14597610943019390106201171875">
        <ele>-1.39999997615814208984375</ele>
        <time>2026-10-06T12:30:40.000Z</time>
        <extensions>
          <ns3:TrackPointExtension>
            <ns3:hr>158</ns3:hr>
            <ns3:cad>81</ns3:cad>
          </ns3:TrackPointExtension>
        </extensions>
      </trkpt>
      <trkpt lat="39.86986312083899974822998046875" lon="124.145995639264583587646484375">
        <ele>-1.2000000476837158203125</ele>
        <time>2026-10-06T12:30:41.000Z</time>
        <extensions>
          <ns3:TrackPointExtension>
            <ns3:hr>160</ns3:hr>
            <ns3:cad>82</ns3:cad>
          </ns3:TrackPointExtension>
        </extensions>
      </trkpt>
      <trkpt lat="39.86984149552881717681884765625" lon="124.14600896649062633514404296875">
        <ele>-1</ele>
        <time>2026-10-06T12:30:42.000Z</time>
        <extensions>
          <ns3:TrackPointExtension>
            <ns3:hr>160</ns3:hr>
            <ns3:cad>83</ns3:cad>
          </ns3:TrackPointExtension>
        </extensions>
      </trkpt>
      <trkpt lat="39.86981593072414398193359375" lon="124.146022461354732513427734375">
        <ele>-0.800000011920928955078125</ele>
        <time>2026-10-06T12:30:43.000Z</time>
        <extensions>
          <ns3:TrackPointExtension>
            <ns3:hr>160</ns3:hr>
            <ns3:cad>83</ns3:cad>
          </ns3:TrackPointExtension>
        </extensions>
      </trkpt>
      <trkpt lat="39.869800172746181488037109375" lon="124.1460407339036464691162109375">
        <ele>-0.60000002384185791015625</ele>
        <time>2026-10-06T12:30:44.000Z</time>
        <extensions>
          <ns3:TrackPointExtension>
            <ns3:hr>160</ns3:hr>
            <ns3:cad>83</ns3:cad>
          </ns3:TrackPointExtension>
        </extensions>
      </trkpt>
      <trkpt lat="39.86977963708341121673583984375" lon="124.146057330071926116943359375">
        <ele>-0.60000002384185791015625</ele>
        <time>2026-10-06T12:30:45.000Z</time>
        <extensions>
          <ns3:TrackPointExtension>
            <ns3:hr>161</ns3:hr>
            <ns3:cad>83</ns3:cad>
          </ns3:TrackPointExtension>
        </extensions>
      </trkpt>
      <trkpt lat="39.86975784413516521453857421875" lon="124.14606680162250995635986328125">
        <ele>-0.4000000059604644775390625</ele>
        <time>2026-10-06T12:30:46.000Z</time>
        <extensions>
          <ns3:TrackPointExtension>
            <ns3:hr>161</ns3:hr>
            <ns3:cad>81</ns3:cad>
          </ns3:TrackPointExtension>
        </extensions>
      </trkpt>
      <trkpt lat="39.8697346262633800506591796875" lon="124.146060682833194732666015625">
        <ele>-0.20000000298023223876953125</ele>
        <time>2026-10-06T12:30:47.000Z</time>
        <extensions>
          <ns3:TrackPointExtension>
            <ns3:hr>161</ns3:hr>
            <ns3:cad>80</ns3:cad>
          </ns3:TrackPointExtension>
        </extensions>
      </trkpt>
      <trkpt lat="39.86972062848508358001708984375" lon="124.1460504569113254547119140625">
        <ele>-0.20000000298023223876953125</ele>
        <time>2026-10-06T12:30:48.000Z</time>
        <extensions>
          <ns3:TrackPointExtension>
            <ns3:hr>160</ns3:hr>
            <ns3:cad>79</ns3:cad>
          </ns3:TrackPointExtension>
        </extensions>
      </trkpt>
      <trkpt lat="39.86970285885035991668701171875" lon="124.1460253112018108367919921875">
        <ele>0</ele>
        <time>2026-10-06T12:30:49.000Z</time>
        <extensions>
          <ns3:TrackPointExtension>
            <ns3:hr>161</ns3:hr>
            <ns3:cad>79</ns3:cad>
          </ns3:TrackPointExtension>
        </extensions>
      </trkpt>
      <trkpt lat="39.8696903698146343231201171875" lon="124.14600192569196224212646484375">
        <ele>0</ele>
        <time>2026-10-06T12:30:50.000Z</time>
        <extensions>
          <ns3:TrackPointExtension>
            <ns3:hr>163</ns3:hr>
            <ns3:cad>79</ns3:cad>
          </ns3:TrackPointExtension>
        </extensions>
      </trkpt>
      <trkpt lat="39.86967511475086212158203125" lon="124.14598097093403339385986328125">
        <ele>0</ele>
        <time>2026-10-06T12:30:51.000Z</time>
        <extensions>
          <ns3:TrackPointExtension>
            <ns3:hr>163</ns3:hr>
            <ns3:cad>79</ns3:cad>
          </ns3:TrackPointExtension>
        </extensions>
      </trkpt>
      <trkpt lat="39.86966229043900966644287109375" lon="124.1459517180919647216796875">
        <ele>0</ele>
        <time>2026-10-06T12:30:52.000Z</time>
        <extensions>
          <ns3:TrackPointExtension>
            <ns3:hr>162</ns3:hr>
            <ns3:cad>79</ns3:cad>
          </ns3:TrackPointExtension>
        </extensions>
      </trkpt>
      <trkpt lat="39.8696474544703960418701171875" lon="124.145938642323017120361328125">
        <ele>0</ele>
        <time>2026-10-06T12:30:53.000Z</time>
        <extensions>
          <ns3:TrackPointExtension>
            <ns3:hr>162</ns3:hr>
            <ns3:cad>79</ns3:cad>
          </ns3:TrackPointExtension>
        </extensions>
      </trkpt>
      <trkpt lat="39.86962842755019664764404296875" lon="124.14591106586158275604248046875">
        <ele>0</ele>
        <time>2026-10-06T12:30:54.000Z</time>
        <extensions>
          <ns3:TrackPointExtension>
            <ns3:hr>163</ns3:hr>
            <ns3:cad>84</ns3:cad>
          </ns3:TrackPointExtension>
        </extensions>
      </trkpt>
      <trkpt lat="39.8696102388203144073486328125" lon="124.1459007561206817626953125">
        <ele>0</ele>
        <time>2026-10-06T12:30:55.000Z</time>
        <extensions>
          <ns3:TrackPointExtension>
            <ns3:hr>163</ns3:hr>
            <ns3:cad>85</ns3:cad>
          </ns3:TrackPointExtension>
        </extensions>
      </trkpt>
      <trkpt lat="39.8696008510887622833251953125" lon="124.14590955711901187896728515625">
        <ele>0</ele>
        <time>2026-10-06T12:30:56.000Z</time>
        <extensions>
          <ns3:TrackPointExtension>
            <ns3:hr>163</ns3:hr>
            <ns3:cad>85</ns3:cad>
          </ns3:TrackPointExtension>
        </extensions>
      </trkpt>
      <trkpt lat="39.8695953190326690673828125" lon="124.145923890173435211181640625">
        <ele>0</ele>
        <time>2026-10-06T12:30:57.000Z</time>
        <extensions>
          <ns3:TrackPointExtension>
            <ns3:hr>163</ns3:hr>
            <ns3:cad>85</ns3:cad>
          </ns3:TrackPointExtension>
        </extensions>
      </trkpt>
      <trkpt lat="39.86958433873951435089111328125" lon="124.145926572382450103759765625">
        <ele>0</ele>
        <time>2026-10-06T12:30:58.000Z</time>
        <extensions>
          <ns3:TrackPointExtension>
            <ns3:hr>163</ns3:hr>
            <ns3:cad>85</ns3:cad>
          </ns3:TrackPointExtension>
        </extensions>
      </trkpt>
      <trkpt lat="39.86957578919827938079833984375" lon="124.14591643027961254119873046875">
        <ele>0</ele>
        <time>2026-10-06T12:30:59.000Z</time>
        <extensions>
          <ns3:TrackPointExtension>
            <ns3:hr>163</ns3:hr>
            <ns3:cad>85</ns3:cad>
          </ns3:TrackPointExtension>
        </extensions>
      </trkpt>
      <trkpt lat="39.8695676587522029876708984375" lon="124.14591626264154911041259765625">
        <ele>-0.20000000298023223876953125</ele>
        <time>2026-10-06T12:31:00.000Z</time>
        <extensions>
          <ns3:TrackPointExtension>
            <ns3:hr>164</ns3:hr>
            <ns3:cad>85</ns3:cad>
          </ns3:TrackPointExtension>
        </extensions>
      </trkpt>
      <trkpt lat="39.86956841312348842620849609375" lon="124.14592632092535495758056640625">
        <ele>-0.60000002384185791015625</ele>
        <time>2026-10-06T12:31:01.000Z</time>
        <extensions>
          <ns3:TrackPointExtension>
            <ns3:hr>163</ns3:hr>
            <ns3:cad>85</ns3:cad>
          </ns3:TrackPointExtension>
        </extensions>
      </trkpt>
      <trkpt lat="39.869574196636676788330078125" lon="124.14594031870365142822265625">
        <ele>-1</ele>
        <time>2026-10-06T12:31:02.000Z</time>
        <extensions>
          <ns3:TrackPointExtension>
            <ns3:hr>164</ns3:hr>
            <ns3:cad>85</ns3:cad>
          </ns3:TrackPointExtension>
        </extensions>
      </trkpt>
      <trkpt lat="39.8695710115134716033935546875" lon="124.14595699869096279144287109375">
        <ele>-1.60000002384185791015625</ele>
        <time>2026-10-06T12:31:03.000Z</time>
        <extensions>
          <ns3:TrackPointExtension>
            <ns3:hr>164</ns3:hr>
            <ns3:cad>85</ns3:cad>
          </ns3:TrackPointExtension>
        </extensions>
      </trkpt>
      <trkpt lat="39.869557432830333709716796875" lon="124.145974181592464447021484375">
        <ele>-2</ele>
        <time>2026-10-06T12:31:04.000Z</time>
        <extensions>
          <ns3:TrackPointExtension>
            <ns3:hr>164</ns3:hr>
            <ns3:cad>85</ns3:cad>
          </ns3:TrackPointExtension>
        </extensions>
      </trkpt>
      <trkpt lat="39.86953555606305599212646484375" lon="124.1459753550589084625244140625">
        <ele>-2.400000095367431640625</ele>
        <time>2026-10-06T12:31:05.000Z</time>
        <extensions>
          <ns3:TrackPointExtension>
            <ns3:hr>165</ns3:hr>
            <ns3:cad>85</ns3:cad>
          </ns3:TrackPointExtension>
        </extensions>
      </trkpt>
      <trkpt lat="39.86951510421931743621826171875" lon="124.14597191847860813140869140625">
        <ele>-2.599999904632568359375</ele>
        <time>2026-10-06T12:31:06.000Z</time>
        <extensions>
          <ns3:TrackPointExtension>
            <ns3:hr>166</ns3:hr>
            <ns3:cad>85</ns3:cad>
          </ns3:TrackPointExtension>
        </extensions>
      </trkpt>
      <trkpt lat="39.8694875277578830718994140625" lon="124.145955741405487060546875">
        <ele>-2.599999904632568359375</ele>
        <time>2026-10-06T12:31:07.000Z</time>
        <extensions>
          <ns3:TrackPointExtension>
            <ns3:hr>166</ns3:hr>
            <ns3:cad>0</ns3:cad>
          </ns3:TrackPointExtension>
        </extensions>
      </trkpt>
      <trkpt lat="39.86946246586740016937255859375" lon="124.14594777859747409820556640625">
        <ele>-2.599999904632568359375</ele>
        <time>2026-10-06T12:31:08.000Z</time>
        <extensions>
          <ns3:TrackPointExtension>
            <ns3:hr>165</ns3:hr>
            <ns3:cad>0</ns3:cad>
          </ns3:TrackPointExtension>
        </extensions>
      </trkpt>
      <trkpt lat="39.86943363212049007415771484375" lon="124.14592464454472064971923828125">
        <ele>-2.599999904632568359375</ele>
        <time>2026-10-06T12:31:09.000Z</time>
        <extensions>
          <ns3:TrackPointExtension>
            <ns3:hr>164</ns3:hr>
            <ns3:cad>0</ns3:cad>
          </ns3:TrackPointExtension>
        </extensions>
      </trkpt>
      <trkpt lat="39.86940823495388031005859375" lon="124.145918190479278564453125">
        <ele>-2.599999904632568359375</ele>
        <time>2026-10-06T12:31:10.000Z</time>
        <extensions>
          <ns3:TrackPointExtension>
            <ns3:hr>164</ns3:hr>
            <ns3:cad>87</ns3:cad>
          </ns3:TrackPointExtension>
        </extensions>
      </trkpt>
      <trkpt lat="39.869375042617321014404296875" lon="124.14590067230165004730224609375">
        <ele>-2.599999904632568359375</ele>
        <time>2026-10-06T12:31:11.000Z</time>
        <extensions>
          <ns3:TrackPointExtension>
            <ns3:hr>166</ns3:hr>
            <ns3:cad>88</ns3:cad>
          </ns3:TrackPointExtension>
        </extensions>
      </trkpt>
      <trkpt lat="39.8693507350981235504150390625" lon="124.14589363150298595428466796875">
        <ele>-2.599999904632568359375</ele>
        <time>2026-10-06T12:31:12.000Z</time>
        <extensions>
          <ns3:TrackPointExtension>
            <ns3:hr>165</ns3:hr>
            <ns3:cad>88</ns3:cad>
          </ns3:TrackPointExtension>
        </extensions>
      </trkpt>
      <trkpt lat="39.86932198517024517059326171875" lon="124.145877622067928314208984375">
        <ele>-2.599999904632568359375</ele>
        <time>2026-10-06T12:31:13.000Z</time>
        <extensions>
          <ns3:TrackPointExtension>
            <ns3:hr>163</ns3:hr>
            <ns3:cad>89</ns3:cad>
          </ns3:TrackPointExtension>
        </extensions>
      </trkpt>
      <trkpt lat="39.8692974261939525604248046875" lon="124.14587058126926422119140625">
        <ele>-2.599999904632568359375</ele>
        <time>2026-10-06T12:31:14.000Z</time>
        <extensions>
          <ns3:TrackPointExtension>
            <ns3:hr>162</ns3:hr>
            <ns3:cad>89</ns3:cad>
          </ns3:TrackPointExtension>
        </extensions>
      </trkpt>
      <trkpt lat="39.86926984973251819610595703125" lon="124.14585046470165252685546875">
        <ele>-2.599999904632568359375</ele>
        <time>2026-10-06T12:31:15.000Z</time>
        <extensions>
          <ns3:TrackPointExtension>
            <ns3:hr>163</ns3:hr>
            <ns3:cad>89</ns3:cad>
          </ns3:TrackPointExtension>
        </extensions>
      </trkpt>
      <trkpt lat="39.869250990450382232666015625" lon="124.1458415798842906951904296875">
        <ele>-2.599999904632568359375</ele>
        <time>2026-10-06T12:31:16.000Z</time>
        <extensions>
          <ns3:TrackPointExtension>
            <ns3:hr>164</ns3:hr>
            <ns3:cad>88</ns3:cad>
          </ns3:TrackPointExtension>
        </extensions>
      </trkpt>
      <trkpt lat="39.86922626383602619171142578125" lon="124.145828001201152801513671875">
        <ele>-2.599999904632568359375</ele>
        <time>2026-10-06T12:31:17.000Z</time>
        <extensions>
          <ns3:TrackPointExtension>
            <ns3:hr>163</ns3:hr>
            <ns3:cad>88</ns3:cad>
          </ns3:TrackPointExtension>
        </extensions>
      </trkpt>
      <trkpt lat="39.86920715309679508209228515625" lon="124.14581425487995147705078125">
        <ele>-2.599999904632568359375</ele>
        <time>2026-10-06T12:31:18.000Z</time>
        <extensions>
          <ns3:TrackPointExtension>
            <ns3:hr>161</ns3:hr>
            <ns3:cad>88</ns3:cad>
          </ns3:TrackPointExtension>
        </extensions>
      </trkpt>
      <trkpt lat="39.86918217502534389495849609375" lon="124.145803190767765045166015625">
        <ele>-2.599999904632568359375</ele>
        <time>2026-10-06T12:31:19.000Z</time>
        <extensions>
          <ns3:TrackPointExtension>
            <ns3:hr>162</ns3:hr>
            <ns3:cad>88</ns3:cad>
          </ns3:TrackPointExtension>
        </extensions>
      </trkpt>
      <trkpt lat="39.869159795343875885009765625" lon="124.14578634314239025115966796875">
        <ele>-2.599999904632568359375</ele>
        <time>2026-10-06T12:31:20.000Z</time>
        <extensions>
          <ns3:TrackPointExtension>
            <ns3:hr>163</ns3:hr>
            <ns3:cad>88</ns3:cad>
          </ns3:TrackPointExtension>
        </extensions>
      </trkpt>
      <trkpt lat="39.86913909204304218292236328125" lon="124.145777709782123565673828125">
        <ele>-2.599999904632568359375</ele>
        <time>2026-10-06T12:31:21.000Z</time>
        <extensions>
          <ns3:TrackPointExtension>
            <ns3:hr>163</ns3:hr>
            <ns3:cad>88</ns3:cad>
          </ns3:TrackPointExtension>
        </extensions>
      </trkpt>
      <trkpt lat="39.8691086657345294952392578125" lon="124.14575801230967044830322265625">
        <ele>-2.599999904632568359375</ele>
        <time>2026-10-06T12:31:22.000Z</time>
        <extensions>
          <ns3:TrackPointExtension>
            <ns3:hr>161</ns3:hr>
            <ns3:cad>87</ns3:cad>
          </ns3:TrackPointExtension>
        </extensions>
      </trkpt>
      <trkpt lat="39.869086034595966339111328125" lon="124.14575382135808467864990234375">
        <ele>-2.599999904632568359375</ele>
        <time>2026-10-06T12:31:23.000Z</time>
        <extensions>
          <ns3:TrackPointExtension>
            <ns3:hr>160</ns3:hr>
            <ns3:cad>87</ns3:cad>
          </ns3:TrackPointExtension>
        </extensions>
      </trkpt>
      <trkpt lat="39.86905627883970737457275390625" lon="124.1457363031804561614990234375">
        <ele>-2.599999904632568359375</ele>
        <time>2026-10-06T12:31:24.000Z</time>
        <extensions>
          <ns3:TrackPointExtension>
            <ns3:hr>160</ns3:hr>
            <ns3:cad>87</ns3:cad>
          </ns3:TrackPointExtension>
        </extensions>
      </trkpt>
      <trkpt lat="39.86903247423470020294189453125" lon="124.1457316093146800994873046875">
        <ele>-2.599999904632568359375</ele>
        <time>2026-10-06T12:31:25.000Z</time>
        <extensions>
          <ns3:TrackPointExtension>
            <ns3:hr>162</ns3:hr>
            <ns3:cad>86</ns3:cad>
          </ns3:TrackPointExtension>
        </extensions>
      </trkpt>
      <trkpt lat="39.86900330521166324615478515625" lon="124.1457309387624263763427734375">
        <ele>-2.599999904632568359375</ele>
        <time>2026-10-06T12:31:26.000Z</time>
        <extensions>
          <ns3:TrackPointExtension>
            <ns3:hr>160</ns3:hr>
            <ns3:cad>86</ns3:cad>
          </ns3:TrackPointExtension>
        </extensions>
      </trkpt>
      <trkpt lat="39.86898050643503665924072265625" lon="124.1457398235797882080078125">
        <ele>-2.599999904632568359375</ele>
        <time>2026-10-06T12:31:27.000Z</time>
        <extensions>
          <ns3:TrackPointExtension>
            <ns3:hr>161</ns3:hr>
            <ns3:cad>87</ns3:cad>
          </ns3:TrackPointExtension>
        </extensions>
      </trkpt>
      <trkpt lat="39.8689537681639194488525390625" lon="124.1457532346248626708984375">
        <ele>-2.599999904632568359375</ele>
        <time>2026-10-06T12:31:28.000Z</time>
        <extensions>
          <ns3:TrackPointExtension>
            <ns3:hr>161</ns3:hr>
            <ns3:cad>87</ns3:cad>
          </ns3:TrackPointExtension>
        </extensions>
      </trkpt>
      <trkpt lat="39.86892879009246826171875" lon="124.1457637958228588104248046875">
        <ele>-2.599999904632568359375</ele>
        <time>2026-10-06T12:31:29.000Z</time>
        <extensions>
          <ns3:TrackPointExtension>
            <ns3:hr>161</ns3:hr>
            <ns3:cad>88</ns3:cad>
          </ns3:TrackPointExtension>
        </extensions>
      </trkpt>
      <trkpt lat="39.86890473403036594390869140625" lon="124.14577594958245754241943359375">
        <ele>-2.599999904632568359375</ele>
        <time>2026-10-06T12:31:30.000Z</time>
        <extensions>
          <ns3:TrackPointExtension>
            <ns3:hr>160</ns3:hr>
            <ns3:cad>88</ns3:cad>
          </ns3:TrackPointExtension>
        </extensions>
      </trkpt>
      <trkpt lat="39.86888109706342220306396484375" lon="124.14579438976943492889404296875">
        <ele>-2.599999904632568359375</ele>
        <time>2026-10-06T12:31:31.000Z</time>
        <extensions>
          <ns3:TrackPointExtension>
            <ns3:hr>159</ns3:hr>
            <ns3:cad>88</ns3:cad>
          </ns3:TrackPointExtension>
        </extensions>
      </trkpt>
      <trkpt lat="39.86887237988412380218505859375" lon="124.14581685326993465423583984375">
        <ele>-2.599999904632568359375</ele>
        <time>2026-10-06T12:31:32.000Z</time>
        <extensions>
          <ns3:TrackPointExtension>
            <ns3:hr>160</ns3:hr>
            <ns3:cad>88</ns3:cad>
          </ns3:TrackPointExtension>
        </extensions>
      </trkpt>
      <trkpt lat="39.8688568733632564544677734375" lon="124.14584987796843051910400390625">
        <ele>-2.599999904632568359375</ele>
        <time>2026-10-06T12:31:33.000Z</time>
        <extensions>
          <ns3:TrackPointExtension>
            <ns3:hr>160</ns3:hr>
            <ns3:cad>88</ns3:cad>
          </ns3:TrackPointExtension>
        </extensions>
      </trkpt>
      <trkpt lat="39.86885276623070240020751953125" lon="124.14587753824889659881591796875">
        <ele>-2.7999999523162841796875</ele>
        <time>2026-10-06T12:31:34.000Z</time>
        <extensions>
          <ns3:TrackPointExtension>
            <ns3:hr>160</ns3:hr>
            <ns3:cad>86</ns3:cad>
          </ns3:TrackPointExtension>
        </extensions>
      </trkpt>
      <trkpt lat="39.8688391037285327911376953125" lon="124.14591483771800994873046875">
        <ele>-2.7999999523162841796875</ele>
        <time>2026-10-06T12:31:35.000Z</time>
        <extensions>
          <ns3:TrackPointExtension>
            <ns3:hr>158</ns3:hr>
            <ns3:cad>86</ns3:cad>
          </ns3:TrackPointExtension>
        </extensions>
      </trkpt>
      <trkpt lat="39.868834577500820159912109375" lon="124.14594543166458606719970703125">
        <ele>-2.7999999523162841796875</ele>
        <time>2026-10-06T12:31:36.000Z</time>
        <extensions>
          <ns3:TrackPointExtension>
            <ns3:hr>158</ns3:hr>
            <ns3:cad>86</ns3:cad>
          </ns3:TrackPointExtension>
        </extensions>
      </trkpt>
      <trkpt lat="39.86882007680833339691162109375" lon="124.14598080329596996307373046875">
        <ele>-2.7999999523162841796875</ele>
        <time>2026-10-06T12:31:37.000Z</time>
        <extensions>
          <ns3:TrackPointExtension>
            <ns3:hr>158</ns3:hr>
            <ns3:cad>86</ns3:cad>
          </ns3:TrackPointExtension>
        </extensions>
      </trkpt>
      <trkpt lat="39.868808425962924957275390625" lon="124.14601139724254608154296875">
        <ele>-2.7999999523162841796875</ele>
        <time>2026-10-06T12:31:38.000Z</time>
        <extensions>
          <ns3:TrackPointExtension>
            <ns3:hr>158</ns3:hr>
            <ns3:cad>87</ns3:cad>
          </ns3:TrackPointExtension>
        </extensions>
      </trkpt>
      <trkpt lat="39.86879509873688220977783203125" lon="124.1460444219410419464111328125">
        <ele>-2.7999999523162841796875</ele>
        <time>2026-10-06T12:31:39.000Z</time>
        <extensions>
          <ns3:TrackPointExtension>
            <ns3:hr>157</ns3:hr>
            <ns3:cad>87</ns3:cad>
          </ns3:TrackPointExtension>
        </extensions>
      </trkpt>
      <trkpt lat="39.86877858638763427734375" lon="124.1460764408111572265625">
        <ele>-2.7999999523162841796875</ele>
        <time>2026-10-06T12:31:40.000Z</time>
        <extensions>
          <ns3:TrackPointExtension>
            <ns3:hr>157</ns3:hr>
            <ns3:cad>87</ns3:cad>
          </ns3:TrackPointExtension>
        </extensions>
      </trkpt>
      <trkpt lat="39.86876676790416240692138671875" lon="124.14610837586224079132080078125">
        <ele>-2.7999999523162841796875</ele>
        <time>2026-10-06T12:31:41.000Z</time>
        <extensions>
          <ns3:TrackPointExtension>
            <ns3:hr>159</ns3:hr>
            <ns3:cad>87</ns3:cad>
          </ns3:TrackPointExtension>
        </extensions>
      </trkpt>
      <trkpt lat="39.86875570379197597503662109375" lon="124.14614542387425899505615234375">
        <ele>-2.7999999523162841796875</ele>
        <time>2026-10-06T12:31:42.000Z</time>
        <extensions>
          <ns3:TrackPointExtension>
            <ns3:hr>157</ns3:hr>
            <ns3:cad>87</ns3:cad>
          </ns3:TrackPointExtension>
        </extensions>
      </trkpt>
      <trkpt lat="39.86875620670616626739501953125" lon="124.14617258124053478240966796875">
        <ele>-2.7999999523162841796875</ele>
        <time>2026-10-06T12:31:43.000Z</time>
        <extensions>
          <ns3:TrackPointExtension>
            <ns3:hr>157</ns3:hr>
            <ns3:cad>86</ns3:cad>
          </ns3:TrackPointExtension>
        </extensions>
      </trkpt>
      <trkpt lat="39.86875402741134166717529296875" lon="124.1462073661386966705322265625">
        <ele>-2.599999904632568359375</ele>
        <time>2026-10-06T12:31:44.000Z</time>
        <extensions>
          <ns3:TrackPointExtension>
            <ns3:hr>158</ns3:hr>
            <ns3:cad>87</ns3:cad>
          </ns3:TrackPointExtension>
        </extensions>
      </trkpt>
      <trkpt lat="39.8687539435923099517822265625" lon="124.14623209275305271148681640625">
        <ele>-2.599999904632568359375</ele>
        <time>2026-10-06T12:31:45.000Z</time>
        <extensions>
          <ns3:TrackPointExtension>
            <ns3:hr>158</ns3:hr>
            <ns3:cad>87</ns3:cad>
          </ns3:TrackPointExtension>
        </extensions>
      </trkpt>
      <trkpt lat="39.868742711842060089111328125" lon="124.1462683863937854766845703125">
        <ele>-2.599999904632568359375</ele>
        <time>2026-10-06T12:31:46.000Z</time>
        <extensions>
          <ns3:TrackPointExtension>
            <ns3:hr>157</ns3:hr>
            <ns3:cad>87</ns3:cad>
          </ns3:TrackPointExtension>
        </extensions>
      </trkpt>
      <trkpt lat="39.868738688528537750244140625" lon="124.14629629813134670257568359375">
        <ele>-2.599999904632568359375</ele>
        <time>2026-10-06T12:31:47.000Z</time>
        <extensions>
          <ns3:TrackPointExtension>
            <ns3:hr>158</ns3:hr>
            <ns3:cad>87</ns3:cad>
          </ns3:TrackPointExtension>
        </extensions>
      </trkpt>
      <trkpt lat="39.86872024834156036376953125" lon="124.146324880421161651611328125">
        <ele>-2.599999904632568359375</ele>
        <time>2026-10-06T12:31:48.000Z</time>
        <extensions>
          <ns3:TrackPointExtension>
            <ns3:hr>158</ns3:hr>
            <ns3:cad>88</ns3:cad>
          </ns3:TrackPointExtension>
        </extensions>
      </trkpt>
      <trkpt lat="39.868703149259090423583984375" lon="124.14634893648326396942138671875">
        <ele>-2.599999904632568359375</ele>
        <time>2026-10-06T12:31:49.000Z</time>
        <extensions>
          <ns3:TrackPointExtension>
            <ns3:hr>158</ns3:hr>
            <ns3:cad>88</ns3:cad>
          </ns3:TrackPointExtension>
        </extensions>
      </trkpt>
      <trkpt lat="39.86869074404239654541015625" lon="124.14636955596506595611572265625">
        <ele>-2.599999904632568359375</ele>
        <time>2026-10-06T12:31:50.000Z</time>
        <extensions>
          <ns3:TrackPointExtension>
            <ns3:hr>158</ns3:hr>
            <ns3:cad>87</ns3:cad>
          </ns3:TrackPointExtension>
        </extensions>
      </trkpt>
      <trkpt lat="39.8686661012470722198486328125" lon="124.1463894210755825042724609375">
        <ele>-2.599999904632568359375</ele>
        <time>2026-10-06T12:31:51.000Z</time>
        <extensions>
          <ns3:TrackPointExtension>
            <ns3:hr>157</ns3:hr>
            <ns3:cad>86</ns3:cad>
          </ns3:TrackPointExtension>
        </extensions>
      </trkpt>
      <trkpt lat="39.8686503432691097259521484375" lon="124.1464085318148136138916015625">
        <ele>-2.599999904632568359375</ele>
        <time>2026-10-06T12:31:52.000Z</time>
        <extensions>
          <ns3:TrackPointExtension>
            <ns3:hr>158</ns3:hr>
            <ns3:cad>85</ns3:cad>
          </ns3:TrackPointExtension>
        </extensions>
      </trkpt>
      <trkpt lat="39.8686298914253711700439453125" lon="124.14642445743083953857421875">
        <ele>-2.599999904632568359375</ele>
        <time>2026-10-06T12:31:53.000Z</time>
        <extensions>
          <ns3:TrackPointExtension>
            <ns3:hr>158</ns3:hr>
            <ns3:cad>85</ns3:cad>
          </ns3:TrackPointExtension>
        </extensions>
      </trkpt>
      <trkpt lat="39.86860767938196659088134765625" lon="124.14643124677240848541259765625">
        <ele>-2.599999904632568359375</ele>
        <time>2026-10-06T12:31:54.000Z</time>
        <extensions>
          <ns3:TrackPointExtension>
            <ns3:hr>159</ns3:hr>
            <ns3:cad>85</ns3:cad>
          </ns3:TrackPointExtension>
        </extensions>
      </trkpt>
      <trkpt lat="39.86858940683305263519287109375" lon="124.14643376134335994720458984375">
        <ele>-2.599999904632568359375</ele>
        <time>2026-10-06T12:31:55.000Z</time>
        <extensions>
          <ns3:TrackPointExtension>
            <ns3:hr>159</ns3:hr>
            <ns3:cad>85</ns3:cad>
          </ns3:TrackPointExtension>
        </extensions>
      </trkpt>
      <trkpt lat="39.86856459639966487884521484375" lon="124.146426804363727569580078125">
        <ele>-2.599999904632568359375</ele>
        <time>2026-10-06T12:31:56.000Z</time>
        <extensions>
          <ns3:TrackPointExtension>
            <ns3:hr>157</ns3:hr>
            <ns3:cad>84</ns3:cad>
          </ns3:TrackPointExtension>
        </extensions>
      </trkpt>
      <trkpt lat="39.868549592792987823486328125" lon="124.1464264690876007080078125">
        <ele>-2.599999904632568359375</ele>
        <time>2026-10-06T12:31:57.000Z</time>
        <extensions>
          <ns3:TrackPointExtension>
            <ns3:hr>157</ns3:hr>
            <ns3:cad>84</ns3:cad>
          </ns3:TrackPointExtension>
        </extensions>
      </trkpt>
      <trkpt lat="39.8685309849679470062255859375" lon="124.1464118845760822296142578125">
        <ele>-2.599999904632568359375</ele>
        <time>2026-10-06T12:31:58.000Z</time>
        <extensions>
          <ns3:TrackPointExtension>
            <ns3:hr>157</ns3:hr>
            <ns3:cad>84</ns3:cad>
          </ns3:TrackPointExtension>
        </extensions>
      </trkpt>
      <trkpt lat="39.86851464025676250457763671875" lon="124.14639361202716827392578125">
        <ele>-2.599999904632568359375</ele>
        <time>2026-10-06T12:31:59.000Z</time>
        <extensions>
          <ns3:TrackPointExtension>
            <ns3:hr>157</ns3:hr>
            <ns3:cad>84</ns3:cad>
          </ns3:TrackPointExtension>
        </extensions>
      </trkpt>
      <trkpt lat="39.8684967868030071258544921875" lon="124.1463817097246646881103515625">
        <ele>-2.599999904632568359375</ele>
        <time>2026-10-06T12:32:00.000Z</time>
        <extensions>
          <ns3:TrackPointExtension>
            <ns3:hr>157</ns3:hr>
            <ns3:cad>84</ns3:cad>
          </ns3:TrackPointExtension>
        </extensions>
      </trkpt>
      <trkpt lat="39.8684776760637760162353515625" lon="124.14635597728192806243896484375">
        <ele>-2.599999904632568359375</ele>
        <time>2026-10-06T12:32:01.000Z</time>
        <extensions>
          <ns3:TrackPointExtension>
            <ns3:hr>154</ns3:hr>
            <ns3:cad>83</ns3:cad>
          </ns3:TrackPointExtension>
        </extensions>
      </trkpt>
      <trkpt lat="39.8684619180858135223388671875" lon="124.14634726010262966156005859375">
        <ele>-2.599999904632568359375</ele>
        <time>2026-10-06T12:32:02.000Z</time>
        <extensions>
          <ns3:TrackPointExtension>
            <ns3:hr>153</ns3:hr>
            <ns3:cad>83</ns3:cad>
          </ns3:TrackPointExtension>
        </extensions>
      </trkpt>
      <trkpt lat="39.86844356171786785125732421875" lon="124.1463337652385234832763671875">
        <ele>-2.599999904632568359375</ele>
        <time>2026-10-06T12:32:03.000Z</time>
        <extensions>
          <ns3:TrackPointExtension>
            <ns3:hr>154</ns3:hr>
            <ns3:cad>83</ns3:cad>
          </ns3:TrackPointExtension>
        </extensions>
      </trkpt>
      <trkpt lat="39.8684179969131946563720703125" lon="124.14632253348827362060546875">
        <ele>-2.599999904632568359375</ele>
        <time>2026-10-06T12:32:04.000Z</time>
        <extensions>
          <ns3:TrackPointExtension>
            <ns3:hr>155</ns3:hr>
            <ns3:cad>84</ns3:cad>
          </ns3:TrackPointExtension>
        </extensions>
      </trkpt>
      <trkpt lat="39.8683968745172023773193359375" lon="124.14632211439311504364013671875">
        <ele>-2.7999999523162841796875</ele>
        <time>2026-10-06T12:32:05.000Z</time>
        <extensions>
          <ns3:TrackPointExtension>
            <ns3:hr>155</ns3:hr>
            <ns3:cad>85</ns3:cad>
          </ns3:TrackPointExtension>
        </extensions>
      </trkpt>
      <trkpt lat="39.86836611293256282806396484375" lon="124.14631742052733898162841796875">
        <ele>-2.7999999523162841796875</ele>
        <time>2026-10-06T12:32:06.000Z</time>
        <extensions>
          <ns3:TrackPointExtension>
            <ns3:hr>153</ns3:hr>
            <ns3:cad>86</ns3:cad>
          </ns3:TrackPointExtension>
        </extensions>
      </trkpt>
      <trkpt lat="39.8683398775756359100341796875" lon="124.1463233716785907745361328125">
        <ele>-2.7999999523162841796875</ele>
        <time>2026-10-06T12:32:07.000Z</time>
        <extensions>
          <ns3:TrackPointExtension>
            <ns3:hr>154</ns3:hr>
            <ns3:cad>86</ns3:cad>
          </ns3:TrackPointExtension>
        </extensions>
      </trkpt>
      <trkpt lat="39.86830584704875946044921875" lon="124.14631716907024383544921875">
        <ele>-2.7999999523162841796875</ele>
        <time>2026-10-06T12:32:08.000Z</time>
        <extensions>
          <ns3:TrackPointExtension>
            <ns3:hr>155</ns3:hr>
            <ns3:cad>84</ns3:cad>
          </ns3:TrackPointExtension>
        </extensions>
      </trkpt>
      <trkpt lat="39.86827927641570568084716796875" lon="124.1463138163089752197265625">
        <ele>-2.7999999523162841796875</ele>
        <time>2026-10-06T12:32:09.000Z</time>
        <extensions>
          <ns3:TrackPointExtension>
            <ns3:hr>154</ns3:hr>
            <ns3:cad>84</ns3:cad>
          </ns3:TrackPointExtension>
        </extensions>
      </trkpt>
      <trkpt lat="39.86825362779200077056884765625" lon="124.14628121070563793182373046875">
        <ele>-2.7999999523162841796875</ele>
        <time>2026-10-06T12:32:10.000Z</time>
        <extensions>
          <ns3:TrackPointExtension>
            <ns3:hr>155</ns3:hr>
            <ns3:cad>84</ns3:cad>
          </ns3:TrackPointExtension>
        </extensions>
      </trkpt>
      <trkpt lat="39.86823535524308681488037109375" lon="124.146255813539028167724609375">
        <ele>-2.7999999523162841796875</ele>
        <time>2026-10-06T12:32:11.000Z</time>
        <extensions>
          <ns3:TrackPointExtension>
            <ns3:hr>155</ns3:hr>
            <ns3:cad>87</ns3:cad>
          </ns3:TrackPointExtension>
        </extensions>
      </trkpt>
      <trkpt lat="39.86822462640702724456787109375" lon="124.14622019045054912567138671875">
        <ele>-2.7999999523162841796875</ele>
        <time>2026-10-06T12:32:12.000Z</time>
        <extensions>
          <ns3:TrackPointExtension>
            <ns3:hr>155</ns3:hr>
            <ns3:cad>88</ns3:cad>
          </ns3:TrackPointExtension>
        </extensions>
      </trkpt>
      <trkpt lat="39.8682139813899993896484375" lon="124.14618364535272121429443359375">
        <ele>-3</ele>
        <time>2026-10-06T12:32:13.000Z</time>
        <extensions>
          <ns3:TrackPointExtension>
            <ns3:hr>156</ns3:hr>
            <ns3:cad>88</ns3:cad>
          </ns3:TrackPointExtension>
        </extensions>
      </trkpt>
    </trkseg>
  </trk>
</gpx>
