<gpx xmlns:ns3="http://www.garmin.com/xmlschemas/TrackPointExtension/v1" xmlns="http://www.topografix.com/GPX/1/1" xmlns:xsi="http://www.w3.org/2001/XMLSchema-instance" xmlns:ns2="http://www.garmin.com/xmlschemas/GpxExtensions/v3" creator="Garmin Connect" version="1.1" xsi:schemaLocation="http://www.topografix.com/GPX/1/1 http://www.topografix.com/GPX/11.xsd">
  <extensions>
<distance>5006.6</distance>
<average_hr>159.0</average_hr>
<average_speed>3.441999912261963</average_speed>
<start_time>2026-10-08T15:12:36+00:00</start_time>
<end_time>2026-10-08T15:36:50.569000+00:00</end_time>
<moving_time>1453.116</moving_time>
<elapsed_time>1454.569</elapsed_time>
</extensions>
<metadata>
    <link href="connect.garmin.com">
      <text>Garmin Connect</text>
    </link>
    <time>2026-10-08T15:12:36.000Z</time>
  </metadata>
  <trk>
    <name>怀柔区 跑步</name>
    <type>running</type>
    <trkseg>
      <trkpt lat="40.402837581932544708251953125" lon="116.68275601230561733245849609375">
        <ele>85.1999969482421875</ele>
        <time>2026-10-08T15:12:36.000Z</time>
        <extensions>
          <ns3:TrackPointExtension>
            <ns3:hr>99</ns3:hr>
            <ns3:cad>58</ns3:cad>
          </ns3:TrackPointExtension>
        </extensions>
      </trkpt>
      <trkpt lat="40.40293707512319087982177734375" lon="116.682792641222476959228515625">
        <ele>85.1999969482421875</ele>
        <time>2026-10-08T15:12:37.000Z</time>
        <extensions>
          <ns3:TrackPointExtension>
            <ns3:hr>101</ns3:hr>
            <ns3:cad>58</ns3:cad>
          </ns3:TrackPointExtension>
        </extensions>
      </trkpt>
      <trkpt lat="40.40293523110449314117431640625" lon="116.682819463312625885009765625">
        <ele>85</ele>
        <time>2026-10-08T15:12:38.000Z</time>
        <extensions>
          <ns3:TrackPointExtension>
            <ns3:hr>101</ns3:hr>
            <ns3:cad>58</ns3:cad>
          </ns3:TrackPointExtension>
        </extensions>
      </trkpt>
      <trkpt lat="40.40293489582836627960205078125" lon="116.68285039253532886505126953125">
        <ele>85</ele>
        <time>2026-10-08T15:12:39.000Z</time>
        <extensions>
          <ns3:TrackPointExtension>
            <ns3:hr>101</ns3:hr>
            <ns3:cad>58</ns3:cad>
          </ns3:TrackPointExtension>
        </extensions>
      </trkpt>
      <trkpt lat="40.40293204598128795623779296875" lon="116.68288023211061954498291015625">
        <ele>85</ele>
        <time>2026-10-08T15:12:40.000Z</time>
        <extensions>
          <ns3:TrackPointExtension>
            <ns3:hr>102</ns3:hr>
            <ns3:cad>58</ns3:cad>
          </ns3:TrackPointExtension>
        </extensions>
      </trkpt>
      <trkpt lat="40.4029272682964801788330078125" lon="116.68291945941746234893798828125">
        <ele>85</ele>
        <time>2026-10-08T15:12:41.000Z</time>
        <extensions>
          <ns3:TrackPointExtension>
            <ns3:hr>103</ns3:hr>
            <ns3:cad>93</ns3:cad>
          </ns3:TrackPointExtension>
        </extensions>
      </trkpt>
      <trkpt lat="40.40292374789714813232421875" lon="116.68296136893332004547119140625">
        <ele>85</ele>
        <time>2026-10-08T15:12:42.000Z</time>
        <extensions>
          <ns3:TrackPointExtension>
            <ns3:hr>108</ns3:hr>
            <ns3:cad>93</ns3:cad>
          </ns3:TrackPointExtension>
        </extensions>
      </trkpt>
      <trkpt lat="40.4029198922216892242431640625" lon="116.6830080561339855194091796875">
        <ele>85</ele>
        <time>2026-10-08T15:12:43.000Z</time>
        <extensions>
          <ns3:TrackPointExtension>
            <ns3:hr>109</ns3:hr>
            <ns3:cad>93</ns3:cad>
          </ns3:TrackPointExtension>
        </extensions>
      </trkpt>
      <trkpt lat="40.40291779674589633941650390625" lon="116.6830623708665370941162109375">
        <ele>85.1999969482421875</ele>
        <time>2026-10-08T15:12:44.000Z</time>
        <extensions>
          <ns3:TrackPointExtension>
            <ns3:hr>109</ns3:hr>
            <ns3:cad>94</ns3:cad>
          </ns3:TrackPointExtension>
        </extensions>
      </trkpt>
      <trkpt lat="40.402922071516513824462890625" lon="116.6831069625914096832275390625">
        <ele>85.1999969482421875</ele>
        <time>2026-10-08T15:12:45.000Z</time>
        <extensions>
          <ns3:TrackPointExtension>
            <ns3:hr>109</ns3:hr>
            <ns3:cad>94</ns3:cad>
          </ns3:TrackPointExtension>
        </extensions>
      </trkpt>
      <trkpt lat="40.4029222391545772552490234375" lon="116.683156751096248626708984375">
        <ele>85.1999969482421875</ele>
        <time>2026-10-08T15:12:46.000Z</time>
        <extensions>
          <ns3:TrackPointExtension>
            <ns3:hr>115</ns3:hr>
            <ns3:cad>94</ns3:cad>
          </ns3:TrackPointExtension>
        </extensions>
      </trkpt>
      <trkpt lat="40.40292936377227306365966796875" lon="116.6831964813172817230224609375">
        <ele>85.1999969482421875</ele>
        <time>2026-10-08T15:12:47.000Z</time>
        <extensions>
          <ns3:TrackPointExtension>
            <ns3:hr>117</ns3:hr>
            <ns3:cad>93</ns3:cad>
          </ns3:TrackPointExtension>
        </extensions>
      </trkpt>
      <trkpt lat="40.40293154306709766387939453125" lon="116.6832481138408184051513671875">
        <ele>85.1999969482421875</ele>
        <time>2026-10-08T15:12:48.000Z</time>
        <extensions>
          <ns3:TrackPointExtension>
            <ns3:hr>117</ns3:hr>
            <ns3:cad>93</ns3:cad>
          </ns3:TrackPointExtension>
        </extensions>
      </trkpt>
      <trkpt lat="40.40293724276125431060791015625" lon="116.6832819767296314239501953125">
        <ele>85.1999969482421875</ele>
        <time>2026-10-08T15:12:49.000Z</time>
        <extensions>
          <ns3:TrackPointExtension>
            <ns3:hr>117</ns3:hr>
            <ns3:cad>93</ns3:cad>
          </ns3:TrackPointExtension>
        </extensions>
      </trkpt>
      <trkpt lat="40.4029366560280323028564453125" lon="116.6833315975964069366455078125">
        <ele>85.1999969482421875</ele>
        <time>2026-10-08T15:12:50.000Z</time>
        <extensions>
          <ns3:TrackPointExtension>
            <ns3:hr>117</ns3:hr>
            <ns3:cad>93</ns3:cad>
          </ns3:TrackPointExtension>
        </extensions>
      </trkpt>
      <trkpt lat="40.4029393382370471954345703125" lon="116.68336386792361736297607421875">
        <ele>85.1999969482421875</ele>
        <time>2026-10-08T15:12:51.000Z</time>
        <extensions>
          <ns3:TrackPointExtension>
            <ns3:hr>117</ns3:hr>
            <ns3:cad>93</ns3:cad>
          </ns3:TrackPointExtension>
        </extensions>
      </trkpt>
      <trkpt lat="40.4029383324086666107177734375" lon="116.68340359814465045928955078125">
        <ele>85.1999969482421875</ele>
        <time>2026-10-08T15:12:52.000Z</time>
        <extensions>
          <ns3:TrackPointExtension>
            <ns3:hr>117</ns3:hr>
            <ns3:cad>93</ns3:cad>
          </ns3:TrackPointExtension>
        </extensions>
      </trkpt>
      <trkpt lat="40.40293958969414234161376953125" lon="116.68343159370124340057373046875">
        <ele>85.1999969482421875</ele>
        <time>2026-10-08T15:12:53.000Z</time>
        <extensions>
          <ns3:TrackPointExtension>
            <ns3:hr>118</ns3:hr>
            <ns3:cad>93</ns3:cad>
          </ns3:TrackPointExtension>
        </extensions>
      </trkpt>
      <trkpt lat="40.4029363207519054412841796875" lon="116.68346931226551532745361328125">
        <ele>85.40000152587890625</ele>
        <time>2026-10-08T15:12:54.000Z</time>
        <extensions>
          <ns3:TrackPointExtension>
            <ns3:hr>119</ns3:hr>
            <ns3:cad>92</ns3:cad>
          </ns3:TrackPointExtension>
        </extensions>
      </trkpt>
      <trkpt lat="40.40293724276125431060791015625" lon="116.68349705636501312255859375">
        <ele>85.40000152587890625</ele>
        <time>2026-10-08T15:12:55.000Z</time>
        <extensions>
          <ns3:TrackPointExtension>
            <ns3:hr>119</ns3:hr>
            <ns3:cad>92</ns3:cad>
          </ns3:TrackPointExtension>
        </extensions>
      </trkpt>
      <trkpt lat="40.402950905263423919677734375" lon="116.68352966196835041046142578125">
        <ele>85.40000152587890625</ele>
        <time>2026-10-08T15:12:56.000Z</time>
        <extensions>
          <ns3:TrackPointExtension>
            <ns3:hr>126</ns3:hr>
            <ns3:cad>92</ns3:cad>
          </ns3:TrackPointExtension>
        </extensions>
      </trkpt>
      <trkpt lat="40.4029742069542407989501953125" lon="116.68352748267352581024169921875">
        <ele>85.59999847412109375</ele>
        <time>2026-10-08T15:12:57.000Z</time>
        <extensions>
          <ns3:TrackPointExtension>
            <ns3:hr>128</ns3:hr>
            <ns3:cad>92</ns3:cad>
          </ns3:TrackPointExtension>
        </extensions>
      </trkpt>
      <trkpt lat="40.40300647728145122528076171875" lon="116.68352781794965267181396484375">
        <ele>85.59999847412109375</ele>
        <time>2026-10-08T15:12:58.000Z</time>
        <extensions>
          <ns3:TrackPointExtension>
            <ns3:hr>129</ns3:hr>
            <ns3:cad>92</ns3:cad>
          </ns3:TrackPointExtension>
        </extensions>
      </trkpt>
      <trkpt lat="40.40303346700966358184814453125" lon="116.6835441626608371734619140625">
        <ele>85.59999847412109375</ele>
        <time>2026-10-08T15:12:59.000Z</time>
        <extensions>
          <ns3:TrackPointExtension>
            <ns3:hr>130</ns3:hr>
            <ns3:cad>90</ns3:cad>
          </ns3:TrackPointExtension>
        </extensions>
      </trkpt>
      <trkpt lat="40.40304922498762607574462890625" lon="116.683577187359333038330078125">
        <ele>85.59999847412109375</ele>
        <time>2026-10-08T15:13:00.000Z</time>
        <extensions>
          <ns3:TrackPointExtension>
            <ns3:hr>131</ns3:hr>
            <ns3:cad>90</ns3:cad>
          </ns3:TrackPointExtension>
        </extensions>
      </trkpt>
      <trkpt lat="40.40306079201400279998779296875" lon="116.68361641466617584228515625">
        <ele>85.59999847412109375</ele>
        <time>2026-10-08T15:13:01.000Z</time>
        <extensions>
          <ns3:TrackPointExtension>
            <ns3:hr>131</ns3:hr>
            <ns3:cad>90</ns3:cad>
          </ns3:TrackPointExtension>
        </extensions>
      </trkpt>
      <trkpt lat="40.4030607081949710845947265625" lon="116.68365924619138240814208984375">
        <ele>85.59999847412109375</ele>
        <time>2026-10-08T15:13:02.000Z</time>
        <extensions>
          <ns3:TrackPointExtension>
            <ns3:hr>131</ns3:hr>
            <ns3:cad>90</ns3:cad>
          </ns3:TrackPointExtension>
        </extensions>
      </trkpt>
      <trkpt lat="40.40306347422301769256591796875" lon="116.6836973838508129119873046875">
        <ele>85.59999847412109375</ele>
        <time>2026-10-08T15:13:03.000Z</time>
        <extensions>
          <ns3:TrackPointExtension>
            <ns3:hr>132</ns3:hr>
            <ns3:cad>91</ns3:cad>
          </ns3:TrackPointExtension>
        </extensions>
      </trkpt>
      <trkpt lat="40.4030714370310306549072265625" lon="116.6837299056351184844970703125">
        <ele>85.59999847412109375</ele>
        <time>2026-10-08T15:13:04.000Z</time>
        <extensions>
          <ns3:TrackPointExtension>
            <ns3:hr>134</ns3:hr>
            <ns3:cad>92</ns3:cad>
          </ns3:TrackPointExtension>
        </extensions>
      </trkpt>
      <trkpt lat="40.4030835069715976715087890625" lon="116.68373535387217998504638671875">
        <ele>85.59999847412109375</ele>
        <time>2026-10-08T15:13:05.000Z</time>
        <extensions>
          <ns3:TrackPointExtension>
            <ns3:hr>133</ns3:hr>
            <ns3:cad>91</ns3:cad>
          </ns3:TrackPointExtension>
        </extensions>
      </trkpt>
      <trkpt lat="40.40310806594789028167724609375" lon="116.6837208531796932220458984375">
        <ele>85.59999847412109375</ele>
        <time>2026-10-08T15:13:06.000Z</time>
        <extensions>
          <ns3:TrackPointExtension>
            <ns3:hr>133</ns3:hr>
            <ns3:cad>91</ns3:cad>
          </ns3:TrackPointExtension>
        </extensions>
      </trkpt>
      <trkpt lat="40.4031250812113285064697265625" lon="116.68370090425014495849609375">
        <ele>85.59999847412109375</ele>
        <time>2026-10-08T15:13:07.000Z</time>
        <extensions>
          <ns3:TrackPointExtension>
            <ns3:hr>136</ns3:hr>
            <ns3:cad>91</ns3:cad>
          </ns3:TrackPointExtension>
        </extensions>
      </trkpt>
      <trkpt lat="40.40315332822501659393310546875" lon="116.6836760938167572021484375">
        <ele>85.59999847412109375</ele>
        <time>2026-10-08T15:13:08.000Z</time>
        <extensions>
          <ns3:TrackPointExtension>
            <ns3:hr>137</ns3:hr>
            <ns3:cad>91</ns3:cad>
          </ns3:TrackPointExtension>
        </extensions>
      </trkpt>
      <trkpt lat="40.40317721664905548095703125" lon="116.68365170247852802276611328125">
        <ele>85.59999847412109375</ele>
        <time>2026-10-08T15:13:09.000Z</time>
        <extensions>
          <ns3:TrackPointExtension>
            <ns3:hr>137</ns3:hr>
            <ns3:cad>88</ns3:cad>
          </ns3:TrackPointExtension>
        </extensions>
      </trkpt>
      <trkpt lat="40.4032085649669170379638671875" lon="116.68363410048186779022216796875">
        <ele>85.59999847412109375</ele>
        <time>2026-10-08T15:13:10.000Z</time>
        <extensions>
          <ns3:TrackPointExtension>
            <ns3:hr>138</ns3:hr>
            <ns3:cad>87</ns3:cad>
          </ns3:TrackPointExtension>
        </extensions>
      </trkpt>
      <trkpt lat="40.40323220193386077880859375" lon="116.6836145706474781036376953125">
        <ele>85.59999847412109375</ele>
        <time>2026-10-08T15:13:11.000Z</time>
        <extensions>
          <ns3:TrackPointExtension>
            <ns3:hr>138</ns3:hr>
            <ns3:cad>88</ns3:cad>
          </ns3:TrackPointExtension>
        </extensions>
      </trkpt>
      <trkpt lat="40.40326514281332492828369140625" lon="116.68359621427953243255615234375">
        <ele>85.59999847412109375</ele>
        <time>2026-10-08T15:13:12.000Z</time>
        <extensions>
          <ns3:TrackPointExtension>
            <ns3:hr>138</ns3:hr>
            <ns3:cad>90</ns3:cad>
          </ns3:TrackPointExtension>
        </extensions>
      </trkpt>
      <trkpt lat="40.40329196490347385406494140625" lon="116.68358162976801395416259765625">
        <ele>85.59999847412109375</ele>
        <time>2026-10-08T15:13:13.000Z</time>
        <extensions>
          <ns3:TrackPointExtension>
            <ns3:hr>137</ns3:hr>
            <ns3:cad>92</ns3:cad>
          </ns3:TrackPointExtension>
        </extensions>
      </trkpt>
      <trkpt lat="40.4033208824694156646728515625" lon="116.683575175702571868896484375">
        <ele>85.59999847412109375</ele>
        <time>2026-10-08T15:13:14.000Z</time>
        <extensions>
          <ns3:TrackPointExtension>
            <ns3:hr>137</ns3:hr>
            <ns3:cad>92</ns3:cad>
          </ns3:TrackPointExtension>
        </extensions>
      </trkpt>
      <trkpt lat="40.4033500514924526214599609375" lon="116.6835686378180980682373046875">
        <ele>85.59999847412109375</ele>
        <time>2026-10-08T15:13:15.000Z</time>
        <extensions>
          <ns3:TrackPointExtension>
            <ns3:hr>137</ns3:hr>
            <ns3:cad>92</ns3:cad>
          </ns3:TrackPointExtension>
        </extensions>
      </trkpt>
      <trkpt lat="40.4033765383064746856689453125" lon="116.683562435209751129150390625">
        <ele>85.59999847412109375</ele>
        <time>2026-10-08T15:13:16.000Z</time>
        <extensions>
          <ns3:TrackPointExtension>
            <ns3:hr>138</ns3:hr>
            <ns3:cad>92</ns3:cad>
          </ns3:TrackPointExtension>
        </extensions>
      </trkpt>
      <trkpt lat="40.4034090600907802581787109375" lon="116.68355648405849933624267578125">
        <ele>85.8000030517578125</ele>
        <time>2026-10-08T15:13:17.000Z</time>
        <extensions>
          <ns3:TrackPointExtension>
            <ns3:hr>143</ns3:hr>
            <ns3:cad>91</ns3:cad>
          </ns3:TrackPointExtension>
        </extensions>
      </trkpt>
      <trkpt lat="40.40343697182834148406982421875" lon="116.68355179019272327423095703125">
        <ele>85.8000030517578125</ele>
        <time>2026-10-08T15:13:18.000Z</time>
        <extensions>
          <ns3:TrackPointExtension>
            <ns3:hr>144</ns3:hr>
            <ns3:cad>90</ns3:cad>
          </ns3:TrackPointExtension>
        </extensions>
      </trkpt>
      <trkpt lat="40.4034684039652347564697265625" lon="116.6835491918027400970458984375">
        <ele>85.8000030517578125</ele>
        <time>2026-10-08T15:13:19.000Z</time>
        <extensions>
          <ns3:TrackPointExtension>
            <ns3:hr>147</ns3:hr>
            <ns3:cad>93</ns3:cad>
          </ns3:TrackPointExtension>
        </extensions>
      </trkpt>
      <trkpt lat="40.4034969024360179901123046875" lon="116.68354223482310771942138671875">
        <ele>85.8000030517578125</ele>
        <time>2026-10-08T15:13:20.000Z</time>
        <extensions>
          <ns3:TrackPointExtension>
            <ns3:hr>145</ns3:hr>
            <ns3:cad>93</ns3:cad>
          </ns3:TrackPointExtension>
        </extensions>
      </trkpt>
      <trkpt lat="40.40352858603000640869140625" lon="116.68353921733796596527099609375">
        <ele>85.8000030517578125</ele>
        <time>2026-10-08T15:13:21.000Z</time>
        <extensions>
          <ns3:TrackPointExtension>
            <ns3:hr>145</ns3:hr>
            <ns3:cad>93</ns3:cad>
          </ns3:TrackPointExtension>
        </extensions>
      </trkpt>
      <trkpt lat="40.40355783887207508087158203125" lon="116.6835361160337924957275390625">
        <ele>85.8000030517578125</ele>
        <time>2026-10-08T15:13:22.000Z</time>
        <extensions>
          <ns3:TrackPointExtension>
            <ns3:hr>145</ns3:hr>
            <ns3:cad>93</ns3:cad>
          </ns3:TrackPointExtension>
        </extensions>
      </trkpt>
      <trkpt lat="40.40359572507441043853759765625" lon="116.683537960052490234375">
        <ele>85.59999847412109375</ele>
        <time>2026-10-08T15:13:23.000Z</time>
        <extensions>
          <ns3:TrackPointExtension>
            <ns3:hr>145</ns3:hr>
            <ns3:cad>93</ns3:cad>
          </ns3:TrackPointExtension>
        </extensions>
      </trkpt>
      <trkpt lat="40.4036216251552104949951171875" lon="116.68353988789021968841552734375">
        <ele>85.59999847412109375</ele>
        <time>2026-10-08T15:13:24.000Z</time>
        <extensions>
          <ns3:TrackPointExtension>
            <ns3:hr>146</ns3:hr>
            <ns3:cad>92</ns3:cad>
          </ns3:TrackPointExtension>
        </extensions>
      </trkpt>
      <trkpt lat="40.40365825407207012176513671875" lon="116.68354801833629608154296875">
        <ele>85.8000030517578125</ele>
        <time>2026-10-08T15:13:25.000Z</time>
        <extensions>
          <ns3:TrackPointExtension>
            <ns3:hr>147</ns3:hr>
            <ns3:cad>91</ns3:cad>
          </ns3:TrackPointExtension>
        </extensions>
      </trkpt>
      <trkpt lat="40.40368541143834590911865234375" lon="116.68354961089789867401123046875">
        <ele>85.8000030517578125</ele>
        <time>2026-10-08T15:13:26.000Z</time>
        <extensions>
          <ns3:TrackPointExtension>
            <ns3:hr>148</ns3:hr>
            <ns3:cad>91</ns3:cad>
          </ns3:TrackPointExtension>
        </extensions>
      </trkpt>
      <trkpt lat="40.40371525101363658905029296875" lon="116.6835495270788669586181640625">
        <ele>85.8000030517578125</ele>
        <time>2026-10-08T15:13:27.000Z</time>
        <extensions>
          <ns3:TrackPointExtension>
            <ns3:hr>148</ns3:hr>
            <ns3:cad>92</ns3:cad>
          </ns3:TrackPointExtension>
        </extensions>
      </trkpt>
      <trkpt lat="40.40374173782765865325927734375" lon="116.6835448332130908966064453125">
        <ele>85.8000030517578125</ele>
        <time>2026-10-08T15:13:28.000Z</time>
        <extensions>
          <ns3:TrackPointExtension>
            <ns3:hr>146</ns3:hr>
            <ns3:cad>93</ns3:cad>
          </ns3:TrackPointExtension>
        </extensions>
      </trkpt>
      <trkpt lat="40.4037714935839176177978515625" lon="116.68354491703212261199951171875">
        <ele>86</ele>
        <time>2026-10-08T15:13:29.000Z</time>
        <extensions>
          <ns3:TrackPointExtension>
            <ns3:hr>145</ns3:hr>
            <ns3:cad>93</ns3:cad>
          </ns3:TrackPointExtension>
        </extensions>
      </trkpt>
      <trkpt lat="40.4038009978830814361572265625" lon="116.68355070054531097412109375">
        <ele>86</ele>
        <time>2026-10-08T15:13:30.000Z</time>
        <extensions>
          <ns3:TrackPointExtension>
            <ns3:hr>145</ns3:hr>
            <ns3:cad>93</ns3:cad>
          </ns3:TrackPointExtension>
        </extensions>
      </trkpt>
      <trkpt lat="40.4038261435925960540771484375" lon="116.68354860506951808929443359375">
        <ele>86</ele>
        <time>2026-10-08T15:13:31.000Z</time>
        <extensions>
          <ns3:TrackPointExtension>
            <ns3:hr>145</ns3:hr>
            <ns3:cad>93</ns3:cad>
          </ns3:TrackPointExtension>
        </extensions>
      </trkpt>
      <trkpt lat="40.40385807864367961883544921875" lon="116.68355078436434268951416015625">
        <ele>86</ele>
        <time>2026-10-08T15:13:32.000Z</time>
        <extensions>
          <ns3:TrackPointExtension>
            <ns3:hr>145</ns3:hr>
            <ns3:cad>92</ns3:cad>
          </ns3:TrackPointExtension>
        </extensions>
      </trkpt>
      <trkpt lat="40.4038821347057819366455078125" lon="116.6835434921085834503173828125">
        <ele>86</ele>
        <time>2026-10-08T15:13:33.000Z</time>
        <extensions>
          <ns3:TrackPointExtension>
            <ns3:hr>145</ns3:hr>
            <ns3:cad>92</ns3:cad>
          </ns3:TrackPointExtension>
        </extensions>
      </trkpt>
      <trkpt lat="40.4039129801094532012939453125" lon="116.683545671403408050537109375">
        <ele>85.8000030517578125</ele>
        <time>2026-10-08T15:13:34.000Z</time>
        <extensions>
          <ns3:TrackPointExtension>
            <ns3:hr>145</ns3:hr>
            <ns3:cad>92</ns3:cad>
          </ns3:TrackPointExtension>
        </extensions>
      </trkpt>
      <trkpt lat="40.40394256822764873504638671875" lon="116.68354106135666370391845703125">
        <ele>85.8000030517578125</ele>
        <time>2026-10-08T15:13:35.000Z</time>
        <extensions>
          <ns3:TrackPointExtension>
            <ns3:hr>145</ns3:hr>
            <ns3:cad>95</ns3:cad>
          </ns3:TrackPointExtension>
        </extensions>
      </trkpt>
      <trkpt lat="40.40397006087005138397216796875" lon="116.68353904969990253448486328125">
        <ele>86</ele>
        <time>2026-10-08T15:13:36.000Z</time>
        <extensions>
          <ns3:TrackPointExtension>
            <ns3:hr>145</ns3:hr>
            <ns3:cad>95</ns3:cad>
          </ns3:TrackPointExtension>
        </extensions>
      </trkpt>
      <trkpt lat="40.4040031693875789642333984375" lon="116.68353737331926822662353515625">
        <ele>86</ele>
        <time>2026-10-08T15:13:37.000Z</time>
        <extensions>
          <ns3:TrackPointExtension>
            <ns3:hr>145</ns3:hr>
            <ns3:cad>95</ns3:cad>
          </ns3:TrackPointExtension>
        </extensions>
      </trkpt>
      <trkpt lat="40.4040309973061084747314453125" lon="116.68353251181542873382568359375">
        <ele>86</ele>
        <time>2026-10-08T15:13:38.000Z</time>
        <extensions>
          <ns3:TrackPointExtension>
            <ns3:hr>145</ns3:hr>
            <ns3:cad>95</ns3:cad>
          </ns3:TrackPointExtension>
        </extensions>
      </trkpt>
      <trkpt lat="40.40406377054750919342041015625" lon="116.68353133834898471832275390625">
        <ele>86</ele>
        <time>2026-10-08T15:13:39.000Z</time>
        <extensions>
          <ns3:TrackPointExtension>
            <ns3:hr>145</ns3:hr>
            <ns3:cad>95</ns3:cad>
          </ns3:TrackPointExtension>
        </extensions>
      </trkpt>
      <trkpt lat="40.40408589877188205718994140625" lon="116.68353033252060413360595703125">
        <ele>86</ele>
        <time>2026-10-08T15:13:40.000Z</time>
        <extensions>
          <ns3:TrackPointExtension>
            <ns3:hr>146</ns3:hr>
            <ns3:cad>94</ns3:cad>
          </ns3:TrackPointExtension>
        </extensions>
      </trkpt>
      <trkpt lat="40.40412001311779022216796875" lon="116.6835377924144268035888671875">
        <ele>86</ele>
        <time>2026-10-08T15:13:41.000Z</time>
        <extensions>
          <ns3:TrackPointExtension>
            <ns3:hr>146</ns3:hr>
            <ns3:cad>94</ns3:cad>
          </ns3:TrackPointExtension>
        </extensions>
      </trkpt>
      <trkpt lat="40.40414390154182910919189453125" lon="116.68354039080440998077392578125">
        <ele>86</ele>
        <time>2026-10-08T15:13:42.000Z</time>
        <extensions>
          <ns3:TrackPointExtension>
            <ns3:hr>147</ns3:hr>
            <ns3:cad>94</ns3:cad>
          </ns3:TrackPointExtension>
        </extensions>
      </trkpt>
      <trkpt lat="40.40417424403131008148193359375" lon="116.6835515387356281280517578125">
        <ele>86.1999969482421875</ele>
        <time>2026-10-08T15:13:43.000Z</time>
        <extensions>
          <ns3:TrackPointExtension>
            <ns3:hr>147</ns3:hr>
            <ns3:cad>95</ns3:cad>
          </ns3:TrackPointExtension>
        </extensions>
      </trkpt>
      <trkpt lat="40.40420291014015674591064453125" lon="116.68355883099138736724853515625">
        <ele>86.1999969482421875</ele>
        <time>2026-10-08T15:13:44.000Z</time>
        <extensions>
          <ns3:TrackPointExtension>
            <ns3:hr>147</ns3:hr>
            <ns3:cad>95</ns3:cad>
          </ns3:TrackPointExtension>
        </extensions>
      </trkpt>
      <trkpt lat="40.404230989515781402587890625" lon="116.68356922455132007598876953125">
        <ele>86.1999969482421875</ele>
        <time>2026-10-08T15:13:45.000Z</time>
        <extensions>
          <ns3:TrackPointExtension>
            <ns3:hr>148</ns3:hr>
            <ns3:cad>95</ns3:cad>
          </ns3:TrackPointExtension>
        </extensions>
      </trkpt>
      <trkpt lat="40.4042606614530086517333984375" lon="116.6835907660424709320068359375">
        <ele>86.1999969482421875</ele>
        <time>2026-10-08T15:13:46.000Z</time>
        <extensions>
          <ns3:TrackPointExtension>
            <ns3:hr>148</ns3:hr>
            <ns3:cad>95</ns3:cad>
          </ns3:TrackPointExtension>
        </extensions>
      </trkpt>
      <trkpt lat="40.40428555570542812347412109375" lon="116.683604009449481964111328125">
        <ele>86.1999969482421875</ele>
        <time>2026-10-08T15:13:47.000Z</time>
        <extensions>
          <ns3:TrackPointExtension>
            <ns3:hr>148</ns3:hr>
            <ns3:cad>93</ns3:cad>
          </ns3:TrackPointExtension>
        </extensions>
      </trkpt>
      <trkpt lat="40.40430919267237186431884765625" lon="116.68363242410123348236083984375">
        <ele>86.1999969482421875</ele>
        <time>2026-10-08T15:13:48.000Z</time>
        <extensions>
          <ns3:TrackPointExtension>
            <ns3:hr>149</ns3:hr>
            <ns3:cad>92</ns3:cad>
          </ns3:TrackPointExtension>
        </extensions>
      </trkpt>
      <trkpt lat="40.40432930923998355865478515625" lon="116.68365103192627429962158203125">
        <ele>86.1999969482421875</ele>
        <time>2026-10-08T15:13:49.000Z</time>
        <extensions>
          <ns3:TrackPointExtension>
            <ns3:hr>149</ns3:hr>
            <ns3:cad>92</ns3:cad>
          </ns3:TrackPointExtension>
        </extensions>
      </trkpt>
      <trkpt lat="40.40435076691210269927978515625" lon="116.68368087150156497955322265625">
        <ele>86.1999969482421875</ele>
        <time>2026-10-08T15:13:50.000Z</time>
        <extensions>
          <ns3:TrackPointExtension>
            <ns3:hr>149</ns3:hr>
            <ns3:cad>95</ns3:cad>
          </ns3:TrackPointExtension>
        </extensions>
      </trkpt>
      <trkpt lat="40.40437482297420501708984375" lon="116.68370425701141357421875">
        <ele>86.1999969482421875</ele>
        <time>2026-10-08T15:13:51.000Z</time>
        <extensions>
          <ns3:TrackPointExtension>
            <ns3:hr>149</ns3:hr>
            <ns3:cad>95</ns3:cad>
          </ns3:TrackPointExtension>
        </extensions>
      </trkpt>
      <trkpt lat="40.4043967835605144500732421875" lon="116.68373032473027706146240234375">
        <ele>86.1999969482421875</ele>
        <time>2026-10-08T15:13:52.000Z</time>
        <extensions>
          <ns3:TrackPointExtension>
            <ns3:hr>150</ns3:hr>
            <ns3:cad>95</ns3:cad>
          </ns3:TrackPointExtension>
        </extensions>
      </trkpt>
      <trkpt lat="40.4044182412326335906982421875" lon="116.68376670219004154205322265625">
        <ele>86.1999969482421875</ele>
        <time>2026-10-08T15:13:53.000Z</time>
        <extensions>
          <ns3:TrackPointExtension>
            <ns3:hr>150</ns3:hr>
            <ns3:cad>95</ns3:cad>
          </ns3:TrackPointExtension>
        </extensions>
      </trkpt>
      <trkpt lat="40.404437519609928131103515625" lon="116.68379100970923900604248046875">
        <ele>86.1999969482421875</ele>
        <time>2026-10-08T15:13:54.000Z</time>
        <extensions>
          <ns3:TrackPointExtension>
            <ns3:hr>151</ns3:hr>
            <ns3:cad>95</ns3:cad>
          </ns3:TrackPointExtension>
        </extensions>
      </trkpt>
      <trkpt lat="40.40445604361593723297119140625" lon="116.683834679424762725830078125">
        <ele>86.1999969482421875</ele>
        <time>2026-10-08T15:13:55.000Z</time>
        <extensions>
          <ns3:TrackPointExtension>
            <ns3:hr>151</ns3:hr>
            <ns3:cad>95</ns3:cad>
          </ns3:TrackPointExtension>
        </extensions>
      </trkpt>
      <trkpt lat="40.40447414852678775787353515625" lon="116.68386057950556278228759765625">
        <ele>86.1999969482421875</ele>
        <time>2026-10-08T15:13:56.000Z</time>
        <extensions>
          <ns3:TrackPointExtension>
            <ns3:hr>152</ns3:hr>
            <ns3:cad>95</ns3:cad>
          </ns3:TrackPointExtension>
        </extensions>
      </trkpt>
      <trkpt lat="40.40448923595249652862548828125" lon="116.6839015670120716094970703125">
        <ele>86.1999969482421875</ele>
        <time>2026-10-08T15:13:57.000Z</time>
        <extensions>
          <ns3:TrackPointExtension>
            <ns3:hr>153</ns3:hr>
            <ns3:cad>93</ns3:cad>
          </ns3:TrackPointExtension>
        </extensions>
      </trkpt>
      <trkpt lat="40.404503904283046722412109375" lon="116.68393769301474094390869140625">
        <ele>86.1999969482421875</ele>
        <time>2026-10-08T15:13:58.000Z</time>
        <extensions>
          <ns3:TrackPointExtension>
            <ns3:hr>154</ns3:hr>
            <ns3:cad>95</ns3:cad>
          </ns3:TrackPointExtension>
        </extensions>
      </trkpt>
      <trkpt lat="40.40451471693813800811767578125" lon="116.68397323228418827056884765625">
        <ele>86.1999969482421875</ele>
        <time>2026-10-08T15:13:59.000Z</time>
        <extensions>
          <ns3:TrackPointExtension>
            <ns3:hr>155</ns3:hr>
            <ns3:cad>95</ns3:cad>
          </ns3:TrackPointExtension>
        </extensions>
      </trkpt>
      <trkpt lat="40.40452234447002410888671875" lon="116.684017069637775421142578125">
        <ele>86.1999969482421875</ele>
        <time>2026-10-08T15:14:00.000Z</time>
        <extensions>
          <ns3:TrackPointExtension>
            <ns3:hr>156</ns3:hr>
            <ns3:cad>95</ns3:cad>
          </ns3:TrackPointExtension>
        </extensions>
      </trkpt>
      <trkpt lat="40.4045285470783710479736328125" lon="116.68404950760304927825927734375">
        <ele>86.1999969482421875</ele>
        <time>2026-10-08T15:14:01.000Z</time>
        <extensions>
          <ns3:TrackPointExtension>
            <ns3:hr>156</ns3:hr>
            <ns3:cad>95</ns3:cad>
          </ns3:TrackPointExtension>
        </extensions>
      </trkpt>
      <trkpt lat="40.40452980436384677886962890625" lon="116.6840963624417781829833984375">
        <ele>86.1999969482421875</ele>
        <time>2026-10-08T15:14:02.000Z</time>
        <extensions>
          <ns3:TrackPointExtension>
            <ns3:hr>157</ns3:hr>
            <ns3:cad>95</ns3:cad>
          </ns3:TrackPointExtension>
        </extensions>
      </trkpt>
      <trkpt lat="40.4045322351157665252685546875" lon="116.68413014151155948638916015625">
        <ele>86.1999969482421875</ele>
        <time>2026-10-08T15:14:03.000Z</time>
        <extensions>
          <ns3:TrackPointExtension>
            <ns3:hr>157</ns3:hr>
            <ns3:cad>95</ns3:cad>
          </ns3:TrackPointExtension>
        </extensions>
      </trkpt>
      <trkpt lat="40.40452997200191020965576171875" lon="116.6841768287122249603271484375">
        <ele>86.40000152587890625</ele>
        <time>2026-10-08T15:14:04.000Z</time>
        <extensions>
          <ns3:TrackPointExtension>
            <ns3:hr>157</ns3:hr>
            <ns3:cad>92</ns3:cad>
          </ns3:TrackPointExtension>
        </extensions>
      </trkpt>
      <trkpt lat="40.40452997200191020965576171875" lon="116.68421060778200626373291015625">
        <ele>86.40000152587890625</ele>
        <time>2026-10-08T15:14:05.000Z</time>
        <extensions>
          <ns3:TrackPointExtension>
            <ns3:hr>158</ns3:hr>
            <ns3:cad>92</ns3:cad>
          </ns3:TrackPointExtension>
        </extensions>
      </trkpt>
      <trkpt lat="40.40452678687870502471923828125" lon="116.68425343930721282958984375">
        <ele>86.40000152587890625</ele>
        <time>2026-10-08T15:14:06.000Z</time>
        <extensions>
          <ns3:TrackPointExtension>
            <ns3:hr>158</ns3:hr>
            <ns3:cad>93</ns3:cad>
          </ns3:TrackPointExtension>
        </extensions>
      </trkpt>
      <trkpt lat="40.40452142246067523956298828125" lon="116.68429233133792877197265625">
        <ele>86.40000152587890625</ele>
        <time>2026-10-08T15:14:07.000Z</time>
        <extensions>
          <ns3:TrackPointExtension>
            <ns3:hr>158</ns3:hr>
            <ns3:cad>94</ns3:cad>
          </ns3:TrackPointExtension>
        </extensions>
      </trkpt>
      <trkpt lat="40.4045107774436473846435546875" lon="116.68432979844510555267333984375">
        <ele>86.40000152587890625</ele>
        <time>2026-10-08T15:14:08.000Z</time>
        <extensions>
          <ns3:TrackPointExtension>
            <ns3:hr>158</ns3:hr>
            <ns3:cad>94</ns3:cad>
          </ns3:TrackPointExtension>
        </extensions>
      </trkpt>
      <trkpt lat="40.40449812076985836029052734375" lon="116.68436902575194835662841796875">
        <ele>86.40000152587890625</ele>
        <time>2026-10-08T15:14:09.000Z</time>
        <extensions>
          <ns3:TrackPointExtension>
            <ns3:hr>159</ns3:hr>
            <ns3:cad>94</ns3:cad>
          </ns3:TrackPointExtension>
        </extensions>
      </trkpt>
      <trkpt lat="40.40448839776217937469482421875" lon="116.6844038106501102447509765625">
        <ele>86.40000152587890625</ele>
        <time>2026-10-08T15:14:10.000Z</time>
        <extensions>
          <ns3:TrackPointExtension>
            <ns3:hr>159</ns3:hr>
            <ns3:cad>94</ns3:cad>
          </ns3:TrackPointExtension>
        </extensions>
      </trkpt>
      <trkpt lat="40.4044698737561702728271484375" lon="116.684442870318889617919921875">
        <ele>86.40000152587890625</ele>
        <time>2026-10-08T15:14:11.000Z</time>
        <extensions>
          <ns3:TrackPointExtension>
            <ns3:hr>159</ns3:hr>
            <ns3:cad>94</ns3:cad>
          </ns3:TrackPointExtension>
        </extensions>
      </trkpt>
      <trkpt lat="40.40445797145366668701171875" lon="116.68447480536997318267822265625">
        <ele>86.40000152587890625</ele>
        <time>2026-10-08T15:14:12.000Z</time>
        <extensions>
          <ns3:TrackPointExtension>
            <ns3:hr>159</ns3:hr>
            <ns3:cad>94</ns3:cad>
          </ns3:TrackPointExtension>
        </extensions>
      </trkpt>
      <trkpt lat="40.40443592704832553863525390625" lon="116.68451101519167423248291015625">
        <ele>86.40000152587890625</ele>
        <time>2026-10-08T15:14:13.000Z</time>
        <extensions>
          <ns3:TrackPointExtension>
            <ns3:hr>160</ns3:hr>
            <ns3:cad>92</ns3:cad>
          </ns3:TrackPointExtension>
        </extensions>
      </trkpt>
      <trkpt lat="40.4044225998222827911376953125" lon="116.68454001657664775848388671875">
        <ele>86.40000152587890625</ele>
        <time>2026-10-08T15:14:14.000Z</time>
        <extensions>
          <ns3:TrackPointExtension>
            <ns3:hr>160</ns3:hr>
            <ns3:cad>92</ns3:cad>
          </ns3:TrackPointExtension>
        </extensions>
      </trkpt>
      <trkpt lat="40.4043984599411487579345703125" lon="116.684570275247097015380859375">
        <ele>86.40000152587890625</ele>
        <time>2026-10-08T15:14:15.000Z</time>
        <extensions>
          <ns3:TrackPointExtension>
            <ns3:hr>160</ns3:hr>
            <ns3:cad>93</ns3:cad>
          </ns3:TrackPointExtension>
        </extensions>
      </trkpt>
      <trkpt lat="40.40438010357320308685302734375" lon="116.68459349311888217926025390625">
        <ele>86.40000152587890625</ele>
        <time>2026-10-08T15:14:16.000Z</time>
        <extensions>
          <ns3:TrackPointExtension>
            <ns3:hr>160</ns3:hr>
            <ns3:cad>93</ns3:cad>
          </ns3:TrackPointExtension>
        </extensions>
      </trkpt>
      <trkpt lat="40.40435411967337131500244140625" lon="116.6846150346100330352783203125">
        <ele>86.40000152587890625</ele>
        <time>2026-10-08T15:14:17.000Z</time>
        <extensions>
          <ns3:TrackPointExtension>
            <ns3:hr>160</ns3:hr>
            <ns3:cad>93</ns3:cad>
          </ns3:TrackPointExtension>
        </extensions>
      </trkpt>
      <trkpt lat="40.4043303988873958587646484375" lon="116.68463339097797870635986328125">
        <ele>86.40000152587890625</ele>
        <time>2026-10-08T15:14:18.000Z</time>
        <extensions>
          <ns3:TrackPointExtension>
            <ns3:hr>160</ns3:hr>
            <ns3:cad>93</ns3:cad>
          </ns3:TrackPointExtension>
        </extensions>
      </trkpt>
      <trkpt lat="40.40430198423564434051513671875" lon="116.68465015478432178497314453125">
        <ele>86.40000152587890625</ele>
        <time>2026-10-08T15:14:19.000Z</time>
        <extensions>
          <ns3:TrackPointExtension>
            <ns3:hr>161</ns3:hr>
            <ns3:cad>93</ns3:cad>
          </ns3:TrackPointExtension>
        </extensions>
      </trkpt>
      <trkpt lat="40.40427281521260738372802734375" lon="116.68466574512422084808349609375">
        <ele>86.40000152587890625</ele>
        <time>2026-10-08T15:14:20.000Z</time>
        <extensions>
          <ns3:TrackPointExtension>
            <ns3:hr>161</ns3:hr>
            <ns3:cad>93</ns3:cad>
          </ns3:TrackPointExtension>
        </extensions>
      </trkpt>
      <trkpt lat="40.404244400560855865478515625" lon="116.68467856943607330322265625">
        <ele>86.40000152587890625</ele>
        <time>2026-10-08T15:14:21.000Z</time>
        <extensions>
          <ns3:TrackPointExtension>
            <ns3:hr>161</ns3:hr>
            <ns3:cad>91</ns3:cad>
          </ns3:TrackPointExtension>
        </extensions>
      </trkpt>
      <trkpt lat="40.4042110405862331390380859375" lon="116.68468854390084743499755859375">
        <ele>86.40000152587890625</ele>
        <time>2026-10-08T15:14:22.000Z</time>
        <extensions>
          <ns3:TrackPointExtension>
            <ns3:hr>161</ns3:hr>
            <ns3:cad>93</ns3:cad>
          </ns3:TrackPointExtension>
        </extensions>
      </trkpt>
      <trkpt lat="40.40418706834316253662109375" lon="116.6847008652985095977783203125">
        <ele>86.40000152587890625</ele>
        <time>2026-10-08T15:14:23.000Z</time>
        <extensions>
          <ns3:TrackPointExtension>
            <ns3:hr>161</ns3:hr>
            <ns3:cad>93</ns3:cad>
          </ns3:TrackPointExtension>
        </extensions>
      </trkpt>
      <trkpt lat="40.40415463037788867950439453125" lon="116.68470463715493679046630859375">
        <ele>86.40000152587890625</ele>
        <time>2026-10-08T15:14:24.000Z</time>
        <extensions>
          <ns3:TrackPointExtension>
            <ns3:hr>161</ns3:hr>
            <ns3:cad>93</ns3:cad>
          </ns3:TrackPointExtension>
        </extensions>
      </trkpt>
      <trkpt lat="40.4041288979351520538330078125" lon="116.6847146116197109222412109375">
        <ele>86.40000152587890625</ele>
        <time>2026-10-08T15:14:25.000Z</time>
        <extensions>
          <ns3:TrackPointExtension>
            <ns3:hr>161</ns3:hr>
            <ns3:cad>93</ns3:cad>
          </ns3:TrackPointExtension>
        </extensions>
      </trkpt>
      <trkpt lat="40.4040930233895778656005859375" lon="116.684715785086154937744140625">
        <ele>86.40000152587890625</ele>
        <time>2026-10-08T15:14:26.000Z</time>
        <extensions>
          <ns3:TrackPointExtension>
            <ns3:hr>161</ns3:hr>
            <ns3:cad>93</ns3:cad>
          </ns3:TrackPointExtension>
        </extensions>
      </trkpt>
      <trkpt lat="40.4040656983852386474609375" lon="116.68472106568515300750732421875">
        <ele>86.40000152587890625</ele>
        <time>2026-10-08T15:14:27.000Z</time>
        <extensions>
          <ns3:TrackPointExtension>
            <ns3:hr>162</ns3:hr>
            <ns3:cad>94</ns3:cad>
          </ns3:TrackPointExtension>
        </extensions>
      </trkpt>
      <trkpt lat="40.40403158403933048248291015625" lon="116.6847216524183750152587890625">
        <ele>86.40000152587890625</ele>
        <time>2026-10-08T15:14:28.000Z</time>
        <extensions>
          <ns3:TrackPointExtension>
            <ns3:hr>161</ns3:hr>
            <ns3:cad>94</ns3:cad>
          </ns3:TrackPointExtension>
        </extensions>
      </trkpt>
      <trkpt lat="40.40400492958724498748779296875" lon="116.68472349643707275390625">
        <ele>86.59999847412109375</ele>
        <time>2026-10-08T15:14:29.000Z</time>
        <extensions>
          <ns3:TrackPointExtension>
            <ns3:hr>161</ns3:hr>
            <ns3:cad>92</ns3:cad>
          </ns3:TrackPointExtension>
        </extensions>
      </trkpt>
      <trkpt lat="40.403972156345844268798828125" lon="116.684720478951930999755859375">
        <ele>86.59999847412109375</ele>
        <time>2026-10-08T15:14:30.000Z</time>
        <extensions>
          <ns3:TrackPointExtension>
            <ns3:hr>162</ns3:hr>
            <ns3:cad>93</ns3:cad>
          </ns3:TrackPointExtension>
        </extensions>
      </trkpt>
      <trkpt lat="40.40394273586571216583251953125" lon="116.68471905402839183807373046875">
        <ele>86.59999847412109375</ele>
        <time>2026-10-08T15:14:31.000Z</time>
        <extensions>
          <ns3:TrackPointExtension>
            <ns3:hr>162</ns3:hr>
            <ns3:cad>94</ns3:cad>
          </ns3:TrackPointExtension>
        </extensions>
      </trkpt>
      <trkpt lat="40.4039170034229755401611328125" lon="116.684716455638408660888671875">
        <ele>86.59999847412109375</ele>
        <time>2026-10-08T15:14:32.000Z</time>
        <extensions>
          <ns3:TrackPointExtension>
            <ns3:hr>162</ns3:hr>
            <ns3:cad>94</ns3:cad>
          </ns3:TrackPointExtension>
        </extensions>
      </trkpt>
      <trkpt lat="40.40388439781963825225830078125" lon="116.68471276760101318359375">
        <ele>86.59999847412109375</ele>
        <time>2026-10-08T15:14:33.000Z</time>
        <extensions>
          <ns3:TrackPointExtension>
            <ns3:hr>162</ns3:hr>
            <ns3:cad>92</ns3:cad>
          </ns3:TrackPointExtension>
        </extensions>
      </trkpt>
      <trkpt lat="40.403859503567218780517578125" lon="116.68471352197229862213134765625">
        <ele>86.59999847412109375</ele>
        <time>2026-10-08T15:14:34.000Z</time>
        <extensions>
          <ns3:TrackPointExtension>
            <ns3:hr>162</ns3:hr>
            <ns3:cad>92</ns3:cad>
          </ns3:TrackPointExtension>
        </extensions>
      </trkpt>
      <trkpt lat="40.40382497012615203857421875" lon="116.68471117503941059112548828125">
        <ele>86.59999847412109375</ele>
        <time>2026-10-08T15:14:35.000Z</time>
        <extensions>
          <ns3:TrackPointExtension>
            <ns3:hr>162</ns3:hr>
            <ns3:cad>92</ns3:cad>
          </ns3:TrackPointExtension>
        </extensions>
      </trkpt>
      <trkpt lat="40.40380191989243030548095703125" lon="116.68471905402839183807373046875">
        <ele>86.59999847412109375</ele>
        <time>2026-10-08T15:14:36.000Z</time>
        <extensions>
          <ns3:TrackPointExtension>
            <ns3:hr>162</ns3:hr>
            <ns3:cad>92</ns3:cad>
          </ns3:TrackPointExtension>
        </extensions>
      </trkpt>
      <trkpt lat="40.4037678055465221405029296875" lon="116.6847194731235504150390625">
        <ele>86.59999847412109375</ele>
        <time>2026-10-08T15:14:37.000Z</time>
        <extensions>
          <ns3:TrackPointExtension>
            <ns3:hr>163</ns3:hr>
            <ns3:cad>91</ns3:cad>
          </ns3:TrackPointExtension>
        </extensions>
      </trkpt>
      <trkpt lat="40.403742827475070953369140625" lon="116.684724502265453338623046875">
        <ele>86.59999847412109375</ele>
        <time>2026-10-08T15:14:38.000Z</time>
        <extensions>
          <ns3:TrackPointExtension>
            <ns3:hr>163</ns3:hr>
            <ns3:cad>92</ns3:cad>
          </ns3:TrackPointExtension>
        </extensions>
      </trkpt>
      <trkpt lat="40.40370829403400421142578125" lon="116.684722490608692169189453125">
        <ele>86.59999847412109375</ele>
        <time>2026-10-08T15:14:39.000Z</time>
        <extensions>
          <ns3:TrackPointExtension>
            <ns3:hr>163</ns3:hr>
            <ns3:cad>94</ns3:cad>
          </ns3:TrackPointExtension>
        </extensions>
      </trkpt>
      <trkpt lat="40.40368105284869670867919921875" lon="116.6847216524183750152587890625">
        <ele>86.59999847412109375</ele>
        <time>2026-10-08T15:14:40.000Z</time>
        <extensions>
          <ns3:TrackPointExtension>
            <ns3:hr>162</ns3:hr>
            <ns3:cad>94</ns3:cad>
          </ns3:TrackPointExtension>
        </extensions>
      </trkpt>
      <trkpt lat="40.4036481119692325592041015625" lon="116.6847169585525989532470703125">
        <ele>86.59999847412109375</ele>
        <time>2026-10-08T15:14:41.000Z</time>
        <extensions>
          <ns3:TrackPointExtension>
            <ns3:hr>163</ns3:hr>
            <ns3:cad>94</ns3:cad>
          </ns3:TrackPointExtension>
        </extensions>
      </trkpt>
      <trkpt lat="40.40361735038459300994873046875" lon="116.68471268378198146820068359375">
        <ele>86.8000030517578125</ele>
        <time>2026-10-08T15:14:42.000Z</time>
        <extensions>
          <ns3:TrackPointExtension>
            <ns3:hr>163</ns3:hr>
            <ns3:cad>94</ns3:cad>
          </ns3:TrackPointExtension>
        </extensions>
      </trkpt>
      <trkpt lat="40.403595976531505584716796875" lon="116.68470941483974456787109375">
        <ele>86.8000030517578125</ele>
        <time>2026-10-08T15:14:43.000Z</time>
        <extensions>
          <ns3:TrackPointExtension>
            <ns3:hr>162</ns3:hr>
            <ns3:cad>93</ns3:cad>
          </ns3:TrackPointExtension>
        </extensions>
      </trkpt>
      <trkpt lat="40.40356420911848545074462890625" lon="116.68470673263072967529296875">
        <ele>86.8000030517578125</ele>
        <time>2026-10-08T15:14:44.000Z</time>
        <extensions>
          <ns3:TrackPointExtension>
            <ns3:hr>163</ns3:hr>
            <ns3:cad>92</ns3:cad>
          </ns3:TrackPointExtension>
        </extensions>
      </trkpt>
      <trkpt lat="40.403540991246700286865234375" lon="116.68471117503941059112548828125">
        <ele>86.8000030517578125</ele>
        <time>2026-10-08T15:14:45.000Z</time>
        <extensions>
          <ns3:TrackPointExtension>
            <ns3:hr>162</ns3:hr>
            <ns3:cad>92</ns3:cad>
          </ns3:TrackPointExtension>
        </extensions>
      </trkpt>
      <trkpt lat="40.40350654162466526031494140625" lon="116.6847062297165393829345703125">
        <ele>86.59999847412109375</ele>
        <time>2026-10-08T15:14:46.000Z</time>
        <extensions>
          <ns3:TrackPointExtension>
            <ns3:hr>162</ns3:hr>
            <ns3:cad>92</ns3:cad>
          </ns3:TrackPointExtension>
        </extensions>
      </trkpt>
      <trkpt lat="40.4034811444580554962158203125" lon="116.6847089119255542755126953125">
        <ele>86.59999847412109375</ele>
        <time>2026-10-08T15:14:47.000Z</time>
        <extensions>
          <ns3:TrackPointExtension>
            <ns3:hr>162</ns3:hr>
            <ns3:cad>92</ns3:cad>
          </ns3:TrackPointExtension>
        </extensions>
      </trkpt>
      <trkpt lat="40.40344669483602046966552734375" lon="116.6847052238881587982177734375">
        <ele>86.59999847412109375</ele>
        <time>2026-10-08T15:14:48.000Z</time>
        <extensions>
          <ns3:TrackPointExtension>
            <ns3:hr>163</ns3:hr>
            <ns3:cad>92</ns3:cad>
          </ns3:TrackPointExtension>
        </extensions>
      </trkpt>
      <trkpt lat="40.40342138148844242095947265625" lon="116.6847089119255542755126953125">
        <ele>86.59999847412109375</ele>
        <time>2026-10-08T15:14:49.000Z</time>
        <extensions>
          <ns3:TrackPointExtension>
            <ns3:hr>162</ns3:hr>
            <ns3:cad>93</ns3:cad>
          </ns3:TrackPointExtension>
        </extensions>
      </trkpt>
      <trkpt lat="40.4033911228179931640625" lon="116.6847095824778079986572265625">
        <ele>86.59999847412109375</ele>
        <time>2026-10-08T15:14:50.000Z</time>
        <extensions>
          <ns3:TrackPointExtension>
            <ns3:hr>162</ns3:hr>
            <ns3:cad>93</ns3:cad>
          </ns3:TrackPointExtension>
        </extensions>
      </trkpt>
      <trkpt lat="40.4033617861568927764892578125" lon="116.6847074031829833984375">
        <ele>86.59999847412109375</ele>
        <time>2026-10-08T15:14:51.000Z</time>
        <extensions>
          <ns3:TrackPointExtension>
            <ns3:hr>163</ns3:hr>
            <ns3:cad>93</ns3:cad>
          </ns3:TrackPointExtension>
        </extensions>
      </trkpt>
      <trkpt lat="40.4033346287906169891357421875" lon="116.68470765464007854461669921875">
        <ele>86.59999847412109375</ele>
        <time>2026-10-08T15:14:52.000Z</time>
        <extensions>
          <ns3:TrackPointExtension>
            <ns3:hr>162</ns3:hr>
            <ns3:cad>93</ns3:cad>
          </ns3:TrackPointExtension>
        </extensions>
      </trkpt>
      <trkpt lat="40.40329984389245510101318359375" lon="116.68470262549817562103271484375">
        <ele>86.59999847412109375</ele>
        <time>2026-10-08T15:14:53.000Z</time>
        <extensions>
          <ns3:TrackPointExtension>
            <ns3:hr>162</ns3:hr>
            <ns3:cad>92</ns3:cad>
          </ns3:TrackPointExtension>
        </extensions>
      </trkpt>
      <trkpt lat="40.40327377617359161376953125" lon="116.68470329605042934417724609375">
        <ele>86.59999847412109375</ele>
        <time>2026-10-08T15:14:54.000Z</time>
        <extensions>
          <ns3:TrackPointExtension>
            <ns3:hr>163</ns3:hr>
            <ns3:cad>93</ns3:cad>
          </ns3:TrackPointExtension>
        </extensions>
      </trkpt>
      <trkpt lat="40.40323697961866855621337890625" lon="116.6846928186714649200439453125">
        <ele>86.59999847412109375</ele>
        <time>2026-10-08T15:14:55.000Z</time>
        <extensions>
          <ns3:TrackPointExtension>
            <ns3:hr>162</ns3:hr>
            <ns3:cad>93</ns3:cad>
          </ns3:TrackPointExtension>
        </extensions>
      </trkpt>
      <trkpt lat="40.40321183390915393829345703125" lon="116.68469239957630634307861328125">
        <ele>86.59999847412109375</ele>
        <time>2026-10-08T15:14:56.000Z</time>
        <extensions>
          <ns3:TrackPointExtension>
            <ns3:hr>162</ns3:hr>
            <ns3:cad>95</ns3:cad>
          </ns3:TrackPointExtension>
        </extensions>
      </trkpt>
      <trkpt lat="40.40317579172551631927490234375" lon="116.68468116782605648040771484375">
        <ele>86.8000030517578125</ele>
        <time>2026-10-08T15:14:57.000Z</time>
        <extensions>
          <ns3:TrackPointExtension>
            <ns3:hr>162</ns3:hr>
            <ns3:cad>95</ns3:cad>
          </ns3:TrackPointExtension>
        </extensions>
      </trkpt>
      <trkpt lat="40.40314829908311367034912109375" lon="116.684676222503185272216796875">
        <ele>86.8000030517578125</ele>
        <time>2026-10-08T15:14:58.000Z</time>
        <extensions>
          <ns3:TrackPointExtension>
            <ns3:hr>163</ns3:hr>
            <ns3:cad>95</ns3:cad>
          </ns3:TrackPointExtension>
        </extensions>
      </trkpt>
      <trkpt lat="40.4031173698604106903076171875" lon="116.68465702794492244720458984375">
        <ele>86.8000030517578125</ele>
        <time>2026-10-08T15:14:59.000Z</time>
        <extensions>
          <ns3:TrackPointExtension>
            <ns3:hr>162</ns3:hr>
            <ns3:cad>94</ns3:cad>
          </ns3:TrackPointExtension>
        </extensions>
      </trkpt>
      <trkpt lat="40.40308996103703975677490234375" lon="116.68464210815727710723876953125">
        <ele>86.8000030517578125</ele>
        <time>2026-10-08T15:15:00.000Z</time>
        <extensions>
          <ns3:TrackPointExtension>
            <ns3:hr>162</ns3:hr>
            <ns3:cad>94</ns3:cad>
          </ns3:TrackPointExtension>
        </extensions>
      </trkpt>
      <trkpt lat="40.40306397713720798492431640625" lon="116.684621237218379974365234375">
        <ele>86.8000030517578125</ele>
        <time>2026-10-08T15:15:01.000Z</time>
        <extensions>
          <ns3:TrackPointExtension>
            <ns3:hr>162</ns3:hr>
            <ns3:cad>91</ns3:cad>
          </ns3:TrackPointExtension>
        </extensions>
      </trkpt>
      <trkpt lat="40.403039418160915374755859375" lon="116.68459969572722911834716796875">
        <ele>86.8000030517578125</ele>
        <time>2026-10-08T15:15:02.000Z</time>
        <extensions>
          <ns3:TrackPointExtension>
            <ns3:hr>162</ns3:hr>
            <ns3:cad>91</ns3:cad>
          </ns3:TrackPointExtension>
        </extensions>
      </trkpt>
      <trkpt lat="40.40301896631717681884765625" lon="116.68457555584609508514404296875">
        <ele>86.8000030517578125</ele>
        <time>2026-10-08T15:15:03.000Z</time>
        <extensions>
          <ns3:TrackPointExtension>
            <ns3:hr>163</ns3:hr>
            <ns3:cad>93</ns3:cad>
          </ns3:TrackPointExtension>
        </extensions>
      </trkpt>
      <trkpt lat="40.40299222804605960845947265625" lon="116.684545464813709259033203125">
        <ele>86.8000030517578125</ele>
        <time>2026-10-08T15:15:04.000Z</time>
        <extensions>
          <ns3:TrackPointExtension>
            <ns3:hr>162</ns3:hr>
            <ns3:cad>93</ns3:cad>
          </ns3:TrackPointExtension>
        </extensions>
      </trkpt>
      <trkpt lat="40.40297512896358966827392578125" lon="116.68451855890452861785888671875">
        <ele>86.8000030517578125</ele>
        <time>2026-10-08T15:15:05.000Z</time>
        <extensions>
          <ns3:TrackPointExtension>
            <ns3:hr>162</ns3:hr>
            <ns3:cad>94</ns3:cad>
          </ns3:TrackPointExtension>
        </extensions>
      </trkpt>
      <trkpt lat="40.402958281338214874267578125" lon="116.68447748757898807525634765625">
        <ele>86.8000030517578125</ele>
        <time>2026-10-08T15:15:06.000Z</time>
        <extensions>
          <ns3:TrackPointExtension>
            <ns3:hr>163</ns3:hr>
            <ns3:cad>94</ns3:cad>
          </ns3:TrackPointExtension>
        </extensions>
      </trkpt>
      <trkpt lat="40.40293992497026920318603515625" lon="116.68445083312690258026123046875">
        <ele>86.8000030517578125</ele>
        <time>2026-10-08T15:15:07.000Z</time>
        <extensions>
          <ns3:TrackPointExtension>
            <ns3:hr>163</ns3:hr>
            <ns3:cad>94</ns3:cad>
          </ns3:TrackPointExtension>
        </extensions>
      </trkpt>
      <trkpt lat="40.4029269330203533172607421875" lon="116.684406660497188568115234375">
        <ele>86.8000030517578125</ele>
        <time>2026-10-08T15:15:08.000Z</time>
        <extensions>
          <ns3:TrackPointExtension>
            <ns3:hr>163</ns3:hr>
            <ns3:cad>92</ns3:cad>
          </ns3:TrackPointExtension>
        </extensions>
      </trkpt>
      <trkpt lat="40.40291595272719860076904296875" lon="116.6843753121793270111083984375">
        <ele>86.8000030517578125</ele>
        <time>2026-10-08T15:15:09.000Z</time>
        <extensions>
          <ns3:TrackPointExtension>
            <ns3:hr>163</ns3:hr>
            <ns3:cad>92</ns3:cad>
          </ns3:TrackPointExtension>
        </extensions>
      </trkpt>
      <trkpt lat="40.40290656499564647674560546875" lon="116.6843310557305812835693359375">
        <ele>86.8000030517578125</ele>
        <time>2026-10-08T15:15:10.000Z</time>
        <extensions>
          <ns3:TrackPointExtension>
            <ns3:hr>163</ns3:hr>
            <ns3:cad>91</ns3:cad>
          </ns3:TrackPointExtension>
        </extensions>
      </trkpt>
      <trkpt lat="40.4028962552547454833984375" lon="116.6842981986701488494873046875">
        <ele>86.8000030517578125</ele>
        <time>2026-10-08T15:15:11.000Z</time>
        <extensions>
          <ns3:TrackPointExtension>
            <ns3:hr>163</ns3:hr>
            <ns3:cad>91</ns3:cad>
          </ns3:TrackPointExtension>
        </extensions>
      </trkpt>
      <trkpt lat="40.40289156138896942138671875" lon="116.6842526011168956756591796875">
        <ele>86.8000030517578125</ele>
        <time>2026-10-08T15:15:12.000Z</time>
        <extensions>
          <ns3:TrackPointExtension>
            <ns3:hr>163</ns3:hr>
            <ns3:cad>93</ns3:cad>
          </ns3:TrackPointExtension>
        </extensions>
      </trkpt>
      <trkpt lat="40.40288410149514675140380859375" lon="116.6842130385339260101318359375">
        <ele>86.8000030517578125</ele>
        <time>2026-10-08T15:15:13.000Z</time>
        <extensions>
          <ns3:TrackPointExtension>
            <ns3:hr>163</ns3:hr>
            <ns3:cad>93</ns3:cad>
          </ns3:TrackPointExtension>
        </extensions>
      </trkpt>
      <trkpt lat="40.40288041345775127410888671875" lon="116.68417037464678287506103515625">
        <ele>86.8000030517578125</ele>
        <time>2026-10-08T15:15:14.000Z</time>
        <extensions>
          <ns3:TrackPointExtension>
            <ns3:hr>163</ns3:hr>
            <ns3:cad>93</ns3:cad>
          </ns3:TrackPointExtension>
        </extensions>
      </trkpt>
      <trkpt lat="40.40287773124873638153076171875" lon="116.68412930332124233245849609375">
        <ele>86.8000030517578125</ele>
        <time>2026-10-08T15:15:15.000Z</time>
        <extensions>
          <ns3:TrackPointExtension>
            <ns3:hr>163</ns3:hr>
            <ns3:cad>93</ns3:cad>
          </ns3:TrackPointExtension>
        </extensions>
      </trkpt>
      <trkpt lat="40.402878485620021820068359375" lon="116.6840903274714946746826171875">
        <ele>86.8000030517578125</ele>
        <time>2026-10-08T15:15:16.000Z</time>
        <extensions>
          <ns3:TrackPointExtension>
            <ns3:hr>161</ns3:hr>
            <ns3:cad>93</ns3:cad>
          </ns3:TrackPointExtension>
        </extensions>
      </trkpt>
      <trkpt lat="40.4028826765716075897216796875" lon="116.68404598720371723175048828125">
        <ele>86.8000030517578125</ele>
        <time>2026-10-08T15:15:17.000Z</time>
        <extensions>
          <ns3:TrackPointExtension>
            <ns3:hr>161</ns3:hr>
            <ns3:cad>93</ns3:cad>
          </ns3:TrackPointExtension>
        </extensions>
      </trkpt>
      <trkpt lat="40.40288628078997135162353515625" lon="116.68400810100138187408447265625">
        <ele>86.8000030517578125</ele>
        <time>2026-10-08T15:15:18.000Z</time>
        <extensions>
          <ns3:TrackPointExtension>
            <ns3:hr>161</ns3:hr>
            <ns3:cad>92</ns3:cad>
          </ns3:TrackPointExtension>
        </extensions>
      </trkpt>
      <trkpt lat="40.40289516560733318328857421875" lon="116.6839639283716678619384765625">
        <ele>86.8000030517578125</ele>
        <time>2026-10-08T15:15:19.000Z</time>
        <extensions>
          <ns3:TrackPointExtension>
            <ns3:hr>161</ns3:hr>
            <ns3:cad>92</ns3:cad>
          </ns3:TrackPointExtension>
        </extensions>
      </trkpt>
      <trkpt lat="40.40290363132953643798828125" lon="116.68392889201641082763671875">
        <ele>86.8000030517578125</ele>
        <time>2026-10-08T15:15:20.000Z</time>
        <extensions>
          <ns3:TrackPointExtension>
            <ns3:hr>162</ns3:hr>
            <ns3:cad>93</ns3:cad>
          </ns3:TrackPointExtension>
        </extensions>
      </trkpt>
      <trkpt lat="40.4029190540313720703125" lon="116.68388991616666316986083984375">
        <ele>86.8000030517578125</ele>
        <time>2026-10-08T15:15:21.000Z</time>
        <extensions>
          <ns3:TrackPointExtension>
            <ns3:hr>162</ns3:hr>
            <ns3:cad>93</ns3:cad>
          </ns3:TrackPointExtension>
        </extensions>
      </trkpt>
      <trkpt lat="40.40293036960065364837646484375" lon="116.6838589869439601898193359375">
        <ele>86.8000030517578125</ele>
        <time>2026-10-08T15:15:22.000Z</time>
        <extensions>
          <ns3:TrackPointExtension>
            <ns3:hr>162</ns3:hr>
            <ns3:cad>92</ns3:cad>
          </ns3:TrackPointExtension>
        </extensions>
      </trkpt>
      <trkpt lat="40.4029504023492336273193359375" lon="116.6838221065700054168701171875">
        <ele>86.8000030517578125</ele>
        <time>2026-10-08T15:15:23.000Z</time>
        <extensions>
          <ns3:TrackPointExtension>
            <ns3:hr>162</ns3:hr>
            <ns3:cad>92</ns3:cad>
          </ns3:TrackPointExtension>
        </extensions>
      </trkpt>
      <trkpt lat="40.40296263992786407470703125" lon="116.68379352428019046783447265625">
        <ele>86.8000030517578125</ele>
        <time>2026-10-08T15:15:24.000Z</time>
        <extensions>
          <ns3:TrackPointExtension>
            <ns3:hr>163</ns3:hr>
            <ns3:cad>92</ns3:cad>
          </ns3:TrackPointExtension>
        </extensions>
      </trkpt>
      <trkpt lat="40.4029856063425540924072265625" lon="116.68375748209655284881591796875">
        <ele>86.8000030517578125</ele>
        <time>2026-10-08T15:15:25.000Z</time>
        <extensions>
          <ns3:TrackPointExtension>
            <ns3:hr>163</ns3:hr>
            <ns3:cad>91</ns3:cad>
          </ns3:TrackPointExtension>
        </extensions>
      </trkpt>
      <trkpt lat="40.40299725718796253204345703125" lon="116.68373032473027706146240234375">
        <ele>86.8000030517578125</ele>
        <time>2026-10-08T15:15:26.000Z</time>
        <extensions>
          <ns3:TrackPointExtension>
            <ns3:hr>163</ns3:hr>
            <ns3:cad>90</ns3:cad>
          </ns3:TrackPointExtension>
        </extensions>
      </trkpt>
      <trkpt lat="40.40302240289747714996337890625" lon="116.68369880877435207366943359375">
        <ele>86.8000030517578125</ele>
        <time>2026-10-08T15:15:27.000Z</time>
        <extensions>
          <ns3:TrackPointExtension>
            <ns3:hr>163</ns3:hr>
            <ns3:cad>93</ns3:cad>
          </ns3:TrackPointExtension>
        </extensions>
      </trkpt>
      <trkpt lat="40.40303832851350307464599609375" lon="116.6836732439696788787841796875">
        <ele>86.8000030517578125</ele>
        <time>2026-10-08T15:15:28.000Z</time>
        <extensions>
          <ns3:TrackPointExtension>
            <ns3:hr>163</ns3:hr>
            <ns3:cad>93</ns3:cad>
          </ns3:TrackPointExtension>
        </extensions>
      </trkpt>
      <trkpt lat="40.4030664078891277313232421875" lon="116.683647930622100830078125">
        <ele>86.8000030517578125</ele>
        <time>2026-10-08T15:15:29.000Z</time>
        <extensions>
          <ns3:TrackPointExtension>
            <ns3:hr>163</ns3:hr>
            <ns3:cad>93</ns3:cad>
          </ns3:TrackPointExtension>
        </extensions>
      </trkpt>
      <trkpt lat="40.40308208204805850982666015625" lon="116.6836239583790302276611328125">
        <ele>86.8000030517578125</ele>
        <time>2026-10-08T15:15:30.000Z</time>
        <extensions>
          <ns3:TrackPointExtension>
            <ns3:hr>163</ns3:hr>
            <ns3:cad>92</ns3:cad>
          </ns3:TrackPointExtension>
        </extensions>
      </trkpt>
      <trkpt lat="40.4031106643378734588623046875" lon="116.68359705246984958648681640625">
        <ele>86.8000030517578125</ele>
        <time>2026-10-08T15:15:31.000Z</time>
        <extensions>
          <ns3:TrackPointExtension>
            <ns3:hr>163</ns3:hr>
            <ns3:cad>92</ns3:cad>
          </ns3:TrackPointExtension>
        </extensions>
      </trkpt>
      <trkpt lat="40.4031331278383731842041015625" lon="116.683573834598064422607421875">
        <ele>87</ele>
        <time>2026-10-08T15:15:32.000Z</time>
        <extensions>
          <ns3:TrackPointExtension>
            <ns3:hr>163</ns3:hr>
            <ns3:cad>92</ns3:cad>
          </ns3:TrackPointExtension>
        </extensions>
      </trkpt>
      <trkpt lat="40.40316372178494930267333984375" lon="116.68355874717235565185546875">
        <ele>87</ele>
        <time>2026-10-08T15:15:33.000Z</time>
        <extensions>
          <ns3:TrackPointExtension>
            <ns3:hr>163</ns3:hr>
            <ns3:cad>91</ns3:cad>
          </ns3:TrackPointExtension>
        </extensions>
      </trkpt>
      <trkpt lat="40.4031939804553985595703125" lon="116.683546006679534912109375">
        <ele>87</ele>
        <time>2026-10-08T15:15:34.000Z</time>
        <extensions>
          <ns3:TrackPointExtension>
            <ns3:hr>163</ns3:hr>
            <ns3:cad>91</ns3:cad>
          </ns3:TrackPointExtension>
        </extensions>
      </trkpt>
      <trkpt lat="40.40322507731616497039794921875" lon="116.68354407884180545806884765625">
        <ele>87</ele>
        <time>2026-10-08T15:15:35.000Z</time>
        <extensions>
          <ns3:TrackPointExtension>
            <ns3:hr>163</ns3:hr>
            <ns3:cad>92</ns3:cad>
          </ns3:TrackPointExtension>
        </extensions>
      </trkpt>
      <trkpt lat="40.40325634181499481201171875" lon="116.68354206718504428863525390625">
        <ele>87</ele>
        <time>2026-10-08T15:15:36.000Z</time>
        <extensions>
          <ns3:TrackPointExtension>
            <ns3:hr>163</ns3:hr>
            <ns3:cad>92</ns3:cad>
          </ns3:TrackPointExtension>
        </extensions>
      </trkpt>
      <trkpt lat="40.40328442119061946868896484375" lon="116.68354474939405918121337890625">
        <ele>87</ele>
        <time>2026-10-08T15:15:37.000Z</time>
        <extensions>
          <ns3:TrackPointExtension>
            <ns3:hr>163</ns3:hr>
            <ns3:cad>92</ns3:cad>
          </ns3:TrackPointExtension>
        </extensions>
      </trkpt>
      <trkpt lat="40.40331644006073474884033203125" lon="116.68354667723178863525390625">
        <ele>87</ele>
        <time>2026-10-08T15:15:38.000Z</time>
        <extensions>
          <ns3:TrackPointExtension>
            <ns3:hr>162</ns3:hr>
            <ns3:cad>92</ns3:cad>
          </ns3:TrackPointExtension>
        </extensions>
      </trkpt>
      <trkpt lat="40.4033473692834377288818359375" lon="116.68354407884180545806884765625">
        <ele>87</ele>
        <time>2026-10-08T15:15:39.000Z</time>
        <extensions>
          <ns3:TrackPointExtension>
            <ns3:hr>162</ns3:hr>
            <ns3:cad>92</ns3:cad>
          </ns3:TrackPointExtension>
        </extensions>
      </trkpt>
      <trkpt lat="40.403383076190948486328125" lon="116.68354206718504428863525390625">
        <ele>87</ele>
        <time>2026-10-08T15:15:40.000Z</time>
        <extensions>
          <ns3:TrackPointExtension>
            <ns3:hr>162</ns3:hr>
            <ns3:cad>91</ns3:cad>
          </ns3:TrackPointExtension>
        </extensions>
      </trkpt>
      <trkpt lat="40.40341056883335113525390625" lon="116.6835381276905536651611328125">
        <ele>86.8000030517578125</ele>
        <time>2026-10-08T15:15:41.000Z</time>
        <extensions>
          <ns3:TrackPointExtension>
            <ns3:hr>162</ns3:hr>
            <ns3:cad>91</ns3:cad>
          </ns3:TrackPointExtension>
        </extensions>
      </trkpt>
      <trkpt lat="40.40344317443668842315673828125" lon="116.68354374356567859649658203125">
        <ele>86.8000030517578125</ele>
        <time>2026-10-08T15:15:42.000Z</time>
        <extensions>
          <ns3:TrackPointExtension>
            <ns3:hr>163</ns3:hr>
            <ns3:cad>91</ns3:cad>
          </ns3:TrackPointExtension>
        </extensions>
      </trkpt>
      <trkpt lat="40.40346731431782245635986328125" lon="116.683540977537631988525390625">
        <ele>86.8000030517578125</ele>
        <time>2026-10-08T15:15:43.000Z</time>
        <extensions>
          <ns3:TrackPointExtension>
            <ns3:hr>162</ns3:hr>
            <ns3:cad>91</ns3:cad>
          </ns3:TrackPointExtension>
        </extensions>
      </trkpt>
      <trkpt lat="40.40349774062633514404296875" lon="116.68354324065148830413818359375">
        <ele>86.8000030517578125</ele>
        <time>2026-10-08T15:15:44.000Z</time>
        <extensions>
          <ns3:TrackPointExtension>
            <ns3:hr>162</ns3:hr>
            <ns3:cad>94</ns3:cad>
          </ns3:TrackPointExtension>
        </extensions>
      </trkpt>
      <trkpt lat="40.403526239097118377685546875" lon="116.68353988789021968841552734375">
        <ele>87</ele>
        <time>2026-10-08T15:15:45.000Z</time>
        <extensions>
          <ns3:TrackPointExtension>
            <ns3:hr>162</ns3:hr>
            <ns3:cad>94</ns3:cad>
          </ns3:TrackPointExtension>
        </extensions>
      </trkpt>
      <trkpt lat="40.40355674922466278076171875" lon="116.68354156427085399627685546875">
        <ele>87</ele>
        <time>2026-10-08T15:15:46.000Z</time>
        <extensions>
          <ns3:TrackPointExtension>
            <ns3:hr>162</ns3:hr>
            <ns3:cad>93</ns3:cad>
          </ns3:TrackPointExtension>
        </extensions>
      </trkpt>
      <trkpt lat="40.403583906590938568115234375" lon="116.6835384629666805267333984375">
        <ele>87</ele>
        <time>2026-10-08T15:15:47.000Z</time>
        <extensions>
          <ns3:TrackPointExtension>
            <ns3:hr>162</ns3:hr>
            <ns3:cad>93</ns3:cad>
          </ns3:TrackPointExtension>
        </extensions>
      </trkpt>
      <trkpt lat="40.40361751802265644073486328125" lon="116.68353636749088764190673828125">
        <ele>87</ele>
        <time>2026-10-08T15:15:48.000Z</time>
        <extensions>
          <ns3:TrackPointExtension>
            <ns3:hr>162</ns3:hr>
            <ns3:cad>93</ns3:cad>
          </ns3:TrackPointExtension>
        </extensions>
      </trkpt>
      <trkpt lat="40.40364601649343967437744140625" lon="116.683534272015094757080078125">
        <ele>87</ele>
        <time>2026-10-08T15:15:49.000Z</time>
        <extensions>
          <ns3:TrackPointExtension>
            <ns3:hr>162</ns3:hr>
            <ns3:cad>93</ns3:cad>
          </ns3:TrackPointExtension>
        </extensions>
      </trkpt>
      <trkpt lat="40.4036762751638889312744140625" lon="116.68353452347218990325927734375">
        <ele>87</ele>
        <time>2026-10-08T15:15:50.000Z</time>
        <extensions>
          <ns3:TrackPointExtension>
            <ns3:hr>163</ns3:hr>
            <ns3:cad>92</ns3:cad>
          </ns3:TrackPointExtension>
        </extensions>
      </trkpt>
      <trkpt lat="40.4037074558436870574951171875" lon="116.68353217653930187225341796875">
        <ele>87</ele>
        <time>2026-10-08T15:15:51.000Z</time>
        <extensions>
          <ns3:TrackPointExtension>
            <ns3:hr>162</ns3:hr>
            <ns3:cad>91</ns3:cad>
          </ns3:TrackPointExtension>
        </extensions>
      </trkpt>
      <trkpt lat="40.403737127780914306640625" lon="116.6835304163396358489990234375">
        <ele>87</ele>
        <time>2026-10-08T15:15:52.000Z</time>
        <extensions>
          <ns3:TrackPointExtension>
            <ns3:hr>162</ns3:hr>
            <ns3:cad>93</ns3:cad>
          </ns3:TrackPointExtension>
        </extensions>
      </trkpt>
      <trkpt lat="40.40376990102231502532958984375" lon="116.68352882377803325653076171875">
        <ele>87</ele>
        <time>2026-10-08T15:15:53.000Z</time>
        <extensions>
          <ns3:TrackPointExtension>
            <ns3:hr>162</ns3:hr>
            <ns3:cad>93</ns3:cad>
          </ns3:TrackPointExtension>
        </extensions>
      </trkpt>
      <trkpt lat="40.40379454381763935089111328125" lon="116.68352949433028697967529296875">
        <ele>87</ele>
        <time>2026-10-08T15:15:54.000Z</time>
        <extensions>
          <ns3:TrackPointExtension>
            <ns3:hr>162</ns3:hr>
            <ns3:cad>93</ns3:cad>
          </ns3:TrackPointExtension>
        </extensions>
      </trkpt>
      <trkpt lat="40.40382706560194492340087890625" lon="116.68353485874831676483154296875">
        <ele>87</ele>
        <time>2026-10-08T15:15:55.000Z</time>
        <extensions>
          <ns3:TrackPointExtension>
            <ns3:hr>162</ns3:hr>
            <ns3:cad>93</ns3:cad>
          </ns3:TrackPointExtension>
        </extensions>
      </trkpt>
      <trkpt lat="40.4038522951304912567138671875" lon="116.683535277843475341796875">
        <ele>87</ele>
        <time>2026-10-08T15:15:56.000Z</time>
        <extensions>
          <ns3:TrackPointExtension>
            <ns3:hr>162</ns3:hr>
            <ns3:cad>93</ns3:cad>
          </ns3:TrackPointExtension>
        </extensions>
      </trkpt>
      <trkpt lat="40.40388523600995540618896484375" lon="116.68353284709155559539794921875">
        <ele>87</ele>
        <time>2026-10-08T15:15:57.000Z</time>
        <extensions>
          <ns3:TrackPointExtension>
            <ns3:hr>162</ns3:hr>
            <ns3:cad>93</ns3:cad>
          </ns3:TrackPointExtension>
        </extensions>
      </trkpt>
      <trkpt lat="40.4039116390049457550048828125" lon="116.6835267283022403717041015625">
        <ele>87</ele>
        <time>2026-10-08T15:15:58.000Z</time>
        <extensions>
          <ns3:TrackPointExtension>
            <ns3:hr>162</ns3:hr>
            <ns3:cad>92</ns3:cad>
          </ns3:TrackPointExtension>
        </extensions>
      </trkpt>
      <trkpt lat="40.4039461724460124969482421875" lon="116.68352630920708179473876953125">
        <ele>87</ele>
        <time>2026-10-08T15:15:59.000Z</time>
        <extensions>
          <ns3:TrackPointExtension>
            <ns3:hr>162</ns3:hr>
            <ns3:cad>92</ns3:cad>
          </ns3:TrackPointExtension>
        </extensions>
      </trkpt>
      <trkpt lat="40.4039719887077808380126953125" lon="116.68352496810257434844970703125">
        <ele>87</ele>
        <time>2026-10-08T15:16:00.000Z</time>
        <extensions>
          <ns3:TrackPointExtension>
            <ns3:hr>163</ns3:hr>
            <ns3:cad>93</ns3:cad>
          </ns3:TrackPointExtension>
        </extensions>
      </trkpt>
      <trkpt lat="40.40400342084467411041259765625" lon="116.68352614156901836395263671875">
        <ele>87</ele>
        <time>2026-10-08T15:16:01.000Z</time>
        <extensions>
          <ns3:TrackPointExtension>
            <ns3:hr>162</ns3:hr>
            <ns3:cad>93</ns3:cad>
          </ns3:TrackPointExtension>
        </extensions>
      </trkpt>
      <trkpt lat="40.40402923710644245147705078125" lon="116.6835230402648448944091796875">
        <ele>87</ele>
        <time>2026-10-08T15:16:02.000Z</time>
        <extensions>
          <ns3:TrackPointExtension>
            <ns3:hr>162</ns3:hr>
            <ns3:cad>93</ns3:cad>
          </ns3:TrackPointExtension>
        </extensions>
      </trkpt>
      <trkpt lat="40.404061339795589447021484375" lon="116.683526895940303802490234375">
        <ele>86.8000030517578125</ele>
        <time>2026-10-08T15:16:03.000Z</time>
        <extensions>
          <ns3:TrackPointExtension>
            <ns3:hr>162</ns3:hr>
            <ns3:cad>93</ns3:cad>
          </ns3:TrackPointExtension>
        </extensions>
      </trkpt>
      <trkpt lat="40.4040900059044361114501953125" lon="116.6835263930261135101318359375">
        <ele>87</ele>
        <time>2026-10-08T15:16:04.000Z</time>
        <extensions>
          <ns3:TrackPointExtension>
            <ns3:hr>162</ns3:hr>
            <ns3:cad>93</ns3:cad>
          </ns3:TrackPointExtension>
        </extensions>
      </trkpt>
      <trkpt lat="40.4041248746216297149658203125" lon="116.68352748267352581024169921875">
        <ele>87</ele>
        <time>2026-10-08T15:16:05.000Z</time>
        <extensions>
          <ns3:TrackPointExtension>
            <ns3:hr>162</ns3:hr>
            <ns3:cad>93</ns3:cad>
          </ns3:TrackPointExtension>
        </extensions>
      </trkpt>
      <trkpt lat="40.40415622293949127197265625" lon="116.68353150598704814910888671875">
        <ele>87</ele>
        <time>2026-10-08T15:16:06.000Z</time>
        <extensions>
          <ns3:TrackPointExtension>
            <ns3:hr>162</ns3:hr>
            <ns3:cad>92</ns3:cad>
          </ns3:TrackPointExtension>
        </extensions>
      </trkpt>
      <trkpt lat="40.40418765507638454437255859375" lon="116.683542318642139434814453125">
        <ele>86.8000030517578125</ele>
        <time>2026-10-08T15:16:07.000Z</time>
        <extensions>
          <ns3:TrackPointExtension>
            <ns3:hr>162</ns3:hr>
            <ns3:cad>92</ns3:cad>
          </ns3:TrackPointExtension>
        </extensions>
      </trkpt>
      <trkpt lat="40.40421866811811923980712890625" lon="116.6835562326014041900634765625">
        <ele>87</ele>
        <time>2026-10-08T15:16:08.000Z</time>
        <extensions>
          <ns3:TrackPointExtension>
            <ns3:hr>162</ns3:hr>
            <ns3:cad>92</ns3:cad>
          </ns3:TrackPointExtension>
        </extensions>
      </trkpt>
      <trkpt lat="40.40424406528472900390625" lon="116.6835662908852100372314453125">
        <ele>87</ele>
        <time>2026-10-08T15:16:09.000Z</time>
        <extensions>
          <ns3:TrackPointExtension>
            <ns3:hr>162</ns3:hr>
            <ns3:cad>93</ns3:cad>
          </ns3:TrackPointExtension>
        </extensions>
      </trkpt>
      <trkpt lat="40.4042777605354785919189453125" lon="116.68358800001442432403564453125">
        <ele>87</ele>
        <time>2026-10-08T15:16:10.000Z</time>
        <extensions>
          <ns3:TrackPointExtension>
            <ns3:hr>162</ns3:hr>
            <ns3:cad>93</ns3:cad>
          </ns3:TrackPointExtension>
        </extensions>
      </trkpt>
      <trkpt lat="40.40430299006402492523193359375" lon="116.6836102120578289031982421875">
        <ele>87</ele>
        <time>2026-10-08T15:16:11.000Z</time>
        <extensions>
          <ns3:TrackPointExtension>
            <ns3:hr>162</ns3:hr>
            <ns3:cad>91</ns3:cad>
          </ns3:TrackPointExtension>
        </extensions>
      </trkpt>
      <trkpt lat="40.40433215908706188201904296875" lon="116.68364432640373706817626953125">
        <ele>87</ele>
        <time>2026-10-08T15:16:12.000Z</time>
        <extensions>
          <ns3:TrackPointExtension>
            <ns3:hr>162</ns3:hr>
            <ns3:cad>91</ns3:cad>
          </ns3:TrackPointExtension>
        </extensions>
      </trkpt>
      <trkpt lat="40.40435730479657649993896484375" lon="116.68366394005715847015380859375">
        <ele>86.8000030517578125</ele>
        <time>2026-10-08T15:16:13.000Z</time>
        <extensions>
          <ns3:TrackPointExtension>
            <ns3:hr>162</ns3:hr>
            <ns3:cad>91</ns3:cad>
          </ns3:TrackPointExtension>
        </extensions>
      </trkpt>
      <trkpt lat="40.4043833725154399871826171875" lon="116.68370132334530353546142578125">
        <ele>86.8000030517578125</ele>
        <time>2026-10-08T15:16:14.000Z</time>
        <extensions>
          <ns3:TrackPointExtension>
            <ns3:hr>162</ns3:hr>
            <ns3:cad>91</ns3:cad>
          </ns3:TrackPointExtension>
        </extensions>
      </trkpt>
      <trkpt lat="40.404406003654003143310546875" lon="116.68372227810323238372802734375">
        <ele>86.8000030517578125</ele>
        <time>2026-10-08T15:16:15.000Z</time>
        <extensions>
          <ns3:TrackPointExtension>
            <ns3:hr>162</ns3:hr>
            <ns3:cad>92</ns3:cad>
          </ns3:TrackPointExtension>
        </extensions>
      </trkpt>
      <trkpt lat="40.40442905388772487640380859375" lon="116.68375857174396514892578125">
        <ele>86.8000030517578125</ele>
        <time>2026-10-08T15:16:16.000Z</time>
        <extensions>
          <ns3:TrackPointExtension>
            <ns3:hr>162</ns3:hr>
            <ns3:cad>93</ns3:cad>
          </ns3:TrackPointExtension>
        </extensions>
      </trkpt>
      <trkpt lat="40.404448918998241424560546875" lon="116.68378346599638462066650390625">
        <ele>86.8000030517578125</ele>
        <time>2026-10-08T15:16:17.000Z</time>
        <extensions>
          <ns3:TrackPointExtension>
            <ns3:hr>162</ns3:hr>
            <ns3:cad>93</ns3:cad>
          </ns3:TrackPointExtension>
        </extensions>
      </trkpt>
      <trkpt lat="40.404466353356838226318359375" lon="116.68382135219871997833251953125">
        <ele>86.8000030517578125</ele>
        <time>2026-10-08T15:16:18.000Z</time>
        <extensions>
          <ns3:TrackPointExtension>
            <ns3:hr>162</ns3:hr>
            <ns3:cad>94</ns3:cad>
          </ns3:TrackPointExtension>
        </extensions>
      </trkpt>
      <trkpt lat="40.40448077023029327392578125" lon="116.68385110795497894287109375">
        <ele>86.8000030517578125</ele>
        <time>2026-10-08T15:16:19.000Z</time>
        <extensions>
          <ns3:TrackPointExtension>
            <ns3:hr>162</ns3:hr>
            <ns3:cad>94</ns3:cad>
          </ns3:TrackPointExtension>
        </extensions>
      </trkpt>
      <trkpt lat="40.4044943489134311676025390625" lon="116.68388656340539455413818359375">
        <ele>86.8000030517578125</ele>
        <time>2026-10-08T15:16:20.000Z</time>
        <extensions>
          <ns3:TrackPointExtension>
            <ns3:hr>162</ns3:hr>
            <ns3:cad>94</ns3:cad>
          </ns3:TrackPointExtension>
        </extensions>
      </trkpt>
      <trkpt lat="40.40450868196785449981689453125" lon="116.68392109684646129608154296875">
        <ele>86.8000030517578125</ele>
        <time>2026-10-08T15:16:21.000Z</time>
        <extensions>
          <ns3:TrackPointExtension>
            <ns3:hr>162</ns3:hr>
            <ns3:cad>93</ns3:cad>
          </ns3:TrackPointExtension>
        </extensions>
      </trkpt>
      <trkpt lat="40.40451563894748687744140625" lon="116.68395848013460636138916015625">
        <ele>86.8000030517578125</ele>
        <time>2026-10-08T15:16:22.000Z</time>
        <extensions>
          <ns3:TrackPointExtension>
            <ns3:hr>162</ns3:hr>
            <ns3:cad>92</ns3:cad>
          </ns3:TrackPointExtension>
        </extensions>
      </trkpt>
      <trkpt lat="40.40452276356518268585205078125" lon="116.6840001381933689117431640625">
        <ele>86.8000030517578125</ele>
        <time>2026-10-08T15:16:23.000Z</time>
        <extensions>
          <ns3:TrackPointExtension>
            <ns3:hr>162</ns3:hr>
            <ns3:cad>92</ns3:cad>
          </ns3:TrackPointExtension>
        </extensions>
      </trkpt>
      <trkpt lat="40.40452829562127590179443359375" lon="116.68403911404311656951904296875">
        <ele>87</ele>
        <time>2026-10-08T15:16:24.000Z</time>
        <extensions>
          <ns3:TrackPointExtension>
            <ns3:hr>162</ns3:hr>
            <ns3:cad>92</ns3:cad>
          </ns3:TrackPointExtension>
        </extensions>
      </trkpt>
      <trkpt lat="40.40453097783029079437255859375" lon="116.68408446013927459716796875">
        <ele>87</ele>
        <time>2026-10-08T15:16:25.000Z</time>
        <extensions>
          <ns3:TrackPointExtension>
            <ns3:hr>162</ns3:hr>
            <ns3:cad>93</ns3:cad>
          </ns3:TrackPointExtension>
        </extensions>
      </trkpt>
      <trkpt lat="40.404531061649322509765625" lon="116.684123016893863677978515625">
        <ele>87</ele>
        <time>2026-10-08T15:16:26.000Z</time>
        <extensions>
          <ns3:TrackPointExtension>
            <ns3:hr>162</ns3:hr>
            <ns3:cad>93</ns3:cad>
          </ns3:TrackPointExtension>
        </extensions>
      </trkpt>
      <trkpt lat="40.40452628396451473236083984375" lon="116.68416635133326053619384765625">
        <ele>87</ele>
        <time>2026-10-08T15:16:27.000Z</time>
        <extensions>
          <ns3:TrackPointExtension>
            <ns3:hr>162</ns3:hr>
            <ns3:cad>92</ns3:cad>
          </ns3:TrackPointExtension>
        </extensions>
      </trkpt>
      <trkpt lat="40.40452360175549983978271484375" lon="116.68420381844043731689453125">
        <ele>87</ele>
        <time>2026-10-08T15:16:28.000Z</time>
        <extensions>
          <ns3:TrackPointExtension>
            <ns3:hr>162</ns3:hr>
            <ns3:cad>92</ns3:cad>
          </ns3:TrackPointExtension>
        </extensions>
      </trkpt>
      <trkpt lat="40.40451488457620143890380859375" lon="116.68424916453659534454345703125">
        <ele>86.8000030517578125</ele>
        <time>2026-10-08T15:16:29.000Z</time>
        <extensions>
          <ns3:TrackPointExtension>
            <ns3:hr>162</ns3:hr>
            <ns3:cad>92</ns3:cad>
          </ns3:TrackPointExtension>
        </extensions>
      </trkpt>
      <trkpt lat="40.40451153181493282318115234375" lon="116.6842867992818355560302734375">
        <ele>86.8000030517578125</ele>
        <time>2026-10-08T15:16:30.000Z</time>
        <extensions>
          <ns3:TrackPointExtension>
            <ns3:hr>162</ns3:hr>
            <ns3:cad>91</ns3:cad>
          </ns3:TrackPointExtension>
        </extensions>
      </trkpt>
      <trkpt lat="40.40450088679790496826171875" lon="116.68433214537799358367919921875">
        <ele>86.8000030517578125</ele>
        <time>2026-10-08T15:16:31.000Z</time>
        <extensions>
          <ns3:TrackPointExtension>
            <ns3:hr>162</ns3:hr>
            <ns3:cad>91</ns3:cad>
          </ns3:TrackPointExtension>
        </extensions>
      </trkpt>
      <trkpt lat="40.40449284017086029052734375" lon="116.68436215259134769439697265625">
        <ele>87</ele>
        <time>2026-10-08T15:16:32.000Z</time>
        <extensions>
          <ns3:TrackPointExtension>
            <ns3:hr>162</ns3:hr>
            <ns3:cad>91</ns3:cad>
          </ns3:TrackPointExtension>
        </extensions>
      </trkpt>
      <trkpt lat="40.4044765792787075042724609375" lon="116.68440137989819049835205078125">
        <ele>86.8000030517578125</ele>
        <time>2026-10-08T15:16:33.000Z</time>
        <extensions>
          <ns3:TrackPointExtension>
            <ns3:hr>162</ns3:hr>
            <ns3:cad>92</ns3:cad>
          </ns3:TrackPointExtension>
        </extensions>
      </trkpt>
      <trkpt lat="40.40447012521326541900634765625" lon="116.68443071655929088592529296875">
        <ele>86.8000030517578125</ele>
        <time>2026-10-08T15:16:34.000Z</time>
        <extensions>
          <ns3:TrackPointExtension>
            <ns3:hr>161</ns3:hr>
            <ns3:cad>92</ns3:cad>
          </ns3:TrackPointExtension>
        </extensions>
      </trkpt>
      <trkpt lat="40.4044487513601779937744140625" lon="116.684468351304531097412109375">
        <ele>87</ele>
        <time>2026-10-08T15:16:35.000Z</time>
        <extensions>
          <ns3:TrackPointExtension>
            <ns3:hr>162</ns3:hr>
            <ns3:cad>92</ns3:cad>
          </ns3:TrackPointExtension>
        </extensions>
      </trkpt>
      <trkpt lat="40.4044339992105960845947265625" lon="116.684497855603694915771484375">
        <ele>87</ele>
        <time>2026-10-08T15:16:36.000Z</time>
        <extensions>
          <ns3:TrackPointExtension>
            <ns3:hr>161</ns3:hr>
            <ns3:cad>92</ns3:cad>
          </ns3:TrackPointExtension>
        </extensions>
      </trkpt>
      <trkpt lat="40.40440826676785945892333984375" lon="116.68453146703541278839111328125">
        <ele>86.8000030517578125</ele>
        <time>2026-10-08T15:16:37.000Z</time>
        <extensions>
          <ns3:TrackPointExtension>
            <ns3:hr>161</ns3:hr>
            <ns3:cad>92</ns3:cad>
          </ns3:TrackPointExtension>
        </extensions>
      </trkpt>
      <trkpt lat="40.40439116768538951873779296875" lon="116.68455745093524456024169921875">
        <ele>87</ele>
        <time>2026-10-08T15:16:38.000Z</time>
        <extensions>
          <ns3:TrackPointExtension>
            <ns3:hr>161</ns3:hr>
            <ns3:cad>92</ns3:cad>
          </ns3:TrackPointExtension>
        </extensions>
      </trkpt>
      <trkpt lat="40.40436635725200176239013671875" lon="116.6845845244824886322021484375">
        <ele>87</ele>
        <time>2026-10-08T15:16:39.000Z</time>
        <extensions>
          <ns3:TrackPointExtension>
            <ns3:hr>161</ns3:hr>
            <ns3:cad>92</ns3:cad>
          </ns3:TrackPointExtension>
        </extensions>
      </trkpt>
      <trkpt lat="40.404343642294406890869140625" lon="116.6846059821546077728271484375">
        <ele>87</ele>
        <time>2026-10-08T15:16:40.000Z</time>
        <extensions>
          <ns3:TrackPointExtension>
            <ns3:hr>161</ns3:hr>
            <ns3:cad>91</ns3:cad>
          </ns3:TrackPointExtension>
        </extensions>
      </trkpt>
      <trkpt lat="40.40431606583297252655029296875" lon="116.68462836183607578277587890625">
        <ele>87</ele>
        <time>2026-10-08T15:16:41.000Z</time>
        <extensions>
          <ns3:TrackPointExtension>
            <ns3:hr>161</ns3:hr>
            <ns3:cad>92</ns3:cad>
          </ns3:TrackPointExtension>
        </extensions>
      </trkpt>
      <trkpt lat="40.40428823791444301605224609375" lon="116.68464864604175090789794921875">
        <ele>87</ele>
        <time>2026-10-08T15:16:42.000Z</time>
        <extensions>
          <ns3:TrackPointExtension>
            <ns3:hr>160</ns3:hr>
            <ns3:cad>92</ns3:cad>
          </ns3:TrackPointExtension>
        </extensions>
      </trkpt>
      <trkpt lat="40.40425823070108890533447265625" lon="116.6846644878387451171875">
        <ele>87</ele>
        <time>2026-10-08T15:16:43.000Z</time>
        <extensions>
          <ns3:TrackPointExtension>
            <ns3:hr>160</ns3:hr>
            <ns3:cad>92</ns3:cad>
          </ns3:TrackPointExtension>
        </extensions>
      </trkpt>
      <trkpt lat="40.40422956459224224090576171875" lon="116.6846792399883270263671875">
        <ele>87</ele>
        <time>2026-10-08T15:16:44.000Z</time>
        <extensions>
          <ns3:TrackPointExtension>
            <ns3:hr>161</ns3:hr>
            <ns3:cad>92</ns3:cad>
          </ns3:TrackPointExtension>
        </extensions>
      </trkpt>
      <trkpt lat="40.404199473559856414794921875" lon="116.684688627719879150390625">
        <ele>87</ele>
        <time>2026-10-08T15:16:45.000Z</time>
        <extensions>
          <ns3:TrackPointExtension>
            <ns3:hr>161</ns3:hr>
            <ns3:cad>92</ns3:cad>
          </ns3:TrackPointExtension>
        </extensions>
      </trkpt>
      <trkpt lat="40.40416426956653594970703125" lon="116.68469927273690700531005859375">
        <ele>87</ele>
        <time>2026-10-08T15:16:46.000Z</time>
        <extensions>
          <ns3:TrackPointExtension>
            <ns3:hr>161</ns3:hr>
            <ns3:cad>91</ns3:cad>
          </ns3:TrackPointExtension>
        </extensions>
      </trkpt>
      <trkpt lat="40.40413476526737213134765625" lon="116.6847033798694610595703125">
        <ele>87</ele>
        <time>2026-10-08T15:16:47.000Z</time>
        <extensions>
          <ns3:TrackPointExtension>
            <ns3:hr>160</ns3:hr>
            <ns3:cad>91</ns3:cad>
          </ns3:TrackPointExtension>
        </extensions>
      </trkpt>
      <trkpt lat="40.40410148911178112030029296875" lon="116.684705056250095367431640625">
        <ele>87</ele>
        <time>2026-10-08T15:16:48.000Z</time>
        <extensions>
          <ns3:TrackPointExtension>
            <ns3:hr>161</ns3:hr>
            <ns3:cad>91</ns3:cad>
          </ns3:TrackPointExtension>
        </extensions>
      </trkpt>
      <trkpt lat="40.40407248772680759429931640625" lon="116.68470807373523712158203125">
        <ele>87</ele>
        <time>2026-10-08T15:16:49.000Z</time>
        <extensions>
          <ns3:TrackPointExtension>
            <ns3:hr>161</ns3:hr>
            <ns3:cad>92</ns3:cad>
          </ns3:TrackPointExtension>
        </extensions>
      </trkpt>
      <trkpt lat="40.40404063649475574493408203125" lon="116.68470731936395168304443359375">
        <ele>87</ele>
        <time>2026-10-08T15:16:50.000Z</time>
        <extensions>
          <ns3:TrackPointExtension>
            <ns3:hr>161</ns3:hr>
            <ns3:cad>92</ns3:cad>
          </ns3:TrackPointExtension>
        </extensions>
      </trkpt>
      <trkpt lat="40.40401414968073368072509765625" lon="116.68470849283039569854736328125">
        <ele>87</ele>
        <time>2026-10-08T15:16:51.000Z</time>
        <extensions>
          <ns3:TrackPointExtension>
            <ns3:hr>161</ns3:hr>
            <ns3:cad>92</ns3:cad>
          </ns3:TrackPointExtension>
        </extensions>
      </trkpt>
      <trkpt lat="40.4039790295064449310302734375" lon="116.6847042180597782135009765625">
        <ele>87</ele>
        <time>2026-10-08T15:16:52.000Z</time>
        <extensions>
          <ns3:TrackPointExtension>
            <ns3:hr>161</ns3:hr>
            <ns3:cad>92</ns3:cad>
          </ns3:TrackPointExtension>
        </extensions>
      </trkpt>
      <trkpt lat="40.4039535485208034515380859375" lon="116.6847085766494274139404296875">
        <ele>87</ele>
        <time>2026-10-08T15:16:53.000Z</time>
        <extensions>
          <ns3:TrackPointExtension>
            <ns3:hr>161</ns3:hr>
            <ns3:cad>91</ns3:cad>
          </ns3:TrackPointExtension>
        </extensions>
      </trkpt>
      <trkpt lat="40.40391557849943637847900390625" lon="116.68470245786011219024658203125">
        <ele>87</ele>
        <time>2026-10-08T15:16:54.000Z</time>
        <extensions>
          <ns3:TrackPointExtension>
            <ns3:hr>161</ns3:hr>
            <ns3:cad>91</ns3:cad>
          </ns3:TrackPointExtension>
        </extensions>
      </trkpt>
      <trkpt lat="40.40388959459960460662841796875" lon="116.6847072355449199676513671875">
        <ele>87</ele>
        <time>2026-10-08T15:16:55.000Z</time>
        <extensions>
          <ns3:TrackPointExtension>
            <ns3:hr>161</ns3:hr>
            <ns3:cad>91</ns3:cad>
          </ns3:TrackPointExtension>
        </extensions>
      </trkpt>
      <trkpt lat="40.40385271422564983367919921875" lon="116.68470413424074649810791015625">
        <ele>87</ele>
        <time>2026-10-08T15:16:56.000Z</time>
        <extensions>
          <ns3:TrackPointExtension>
            <ns3:hr>161</ns3:hr>
            <ns3:cad>91</ns3:cad>
          </ns3:TrackPointExtension>
        </extensions>
      </trkpt>
      <trkpt lat="40.4038281552493572235107421875" lon="116.6847082413733005523681640625">
        <ele>87</ele>
        <time>2026-10-08T15:16:57.000Z</time>
        <extensions>
          <ns3:TrackPointExtension>
            <ns3:hr>161</ns3:hr>
            <ns3:cad>91</ns3:cad>
          </ns3:TrackPointExtension>
        </extensions>
      </trkpt>
      <trkpt lat="40.4037942923605442047119140625" lon="116.68470673263072967529296875">
        <ele>87</ele>
        <time>2026-10-08T15:16:58.000Z</time>
        <extensions>
          <ns3:TrackPointExtension>
            <ns3:hr>161</ns3:hr>
            <ns3:cad>92</ns3:cad>
          </ns3:TrackPointExtension>
        </extensions>
      </trkpt>
      <trkpt lat="40.40376998484134674072265625" lon="116.68471335433423519134521484375">
        <ele>87</ele>
        <time>2026-10-08T15:16:59.000Z</time>
        <extensions>
          <ns3:TrackPointExtension>
            <ns3:hr>161</ns3:hr>
            <ns3:cad>92</ns3:cad>
          </ns3:TrackPointExtension>
        </extensions>
      </trkpt>
      <trkpt lat="40.40373913943767547607421875" lon="116.6847132705152034759521484375">
        <ele>87</ele>
        <time>2026-10-08T15:17:00.000Z</time>
        <extensions>
          <ns3:TrackPointExtension>
            <ns3:hr>161</ns3:hr>
            <ns3:cad>92</ns3:cad>
          </ns3:TrackPointExtension>
        </extensions>
      </trkpt>
      <trkpt lat="40.40371491573750972747802734375" lon="116.68471486307680606842041015625">
        <ele>87</ele>
        <time>2026-10-08T15:17:01.000Z</time>
        <extensions>
          <ns3:TrackPointExtension>
            <ns3:hr>161</ns3:hr>
            <ns3:cad>92</ns3:cad>
          </ns3:TrackPointExtension>
        </extensions>
      </trkpt>
      <trkpt lat="40.40368021465837955474853515625" lon="116.68471335433423519134521484375">
        <ele>87</ele>
        <time>2026-10-08T15:17:02.000Z</time>
        <extensions>
          <ns3:TrackPointExtension>
            <ns3:hr>161</ns3:hr>
            <ns3:cad>92</ns3:cad>
          </ns3:TrackPointExtension>
        </extensions>
      </trkpt>
      <trkpt lat="40.40365439839661121368408203125" lon="116.684715114533901214599609375">
        <ele>87</ele>
        <time>2026-10-08T15:17:03.000Z</time>
        <extensions>
          <ns3:TrackPointExtension>
            <ns3:hr>161</ns3:hr>
            <ns3:cad>92</ns3:cad>
          </ns3:TrackPointExtension>
        </extensions>
      </trkpt>
      <trkpt lat="40.40362254716455936431884765625" lon="116.68471343815326690673828125">
        <ele>87</ele>
        <time>2026-10-08T15:17:04.000Z</time>
        <extensions>
          <ns3:TrackPointExtension>
            <ns3:hr>161</ns3:hr>
            <ns3:cad>92</ns3:cad>
          </ns3:TrackPointExtension>
        </extensions>
      </trkpt>
      <trkpt lat="40.40359421633183956146240234375" lon="116.684713773429393768310546875">
        <ele>87</ele>
        <time>2026-10-08T15:17:05.000Z</time>
        <extensions>
          <ns3:TrackPointExtension>
            <ns3:hr>161</ns3:hr>
            <ns3:cad>92</ns3:cad>
          </ns3:TrackPointExtension>
        </extensions>
      </trkpt>
      <trkpt lat="40.40356420911848545074462890625" lon="116.6847119294106960296630859375">
        <ele>87</ele>
        <time>2026-10-08T15:17:06.000Z</time>
        <extensions>
          <ns3:TrackPointExtension>
            <ns3:hr>161</ns3:hr>
            <ns3:cad>93</ns3:cad>
          </ns3:TrackPointExtension>
        </extensions>
      </trkpt>
      <trkpt lat="40.40353420190513134002685546875" lon="116.68471184559166431427001953125">
        <ele>87</ele>
        <time>2026-10-08T15:17:07.000Z</time>
        <extensions>
          <ns3:TrackPointExtension>
            <ns3:hr>161</ns3:hr>
            <ns3:cad>93</ns3:cad>
          </ns3:TrackPointExtension>
        </extensions>
      </trkpt>
      <trkpt lat="40.4035069607198238372802734375" lon="116.68471184559166431427001953125">
        <ele>87</ele>
        <time>2026-10-08T15:17:08.000Z</time>
        <extensions>
          <ns3:TrackPointExtension>
            <ns3:hr>161</ns3:hr>
            <ns3:cad>93</ns3:cad>
          </ns3:TrackPointExtension>
        </extensions>
      </trkpt>
      <trkpt lat="40.40347418747842311859130859375" lon="116.68470983393490314483642578125">
        <ele>87</ele>
        <time>2026-10-08T15:17:09.000Z</time>
        <extensions>
          <ns3:TrackPointExtension>
            <ns3:hr>161</ns3:hr>
            <ns3:cad>93</ns3:cad>
          </ns3:TrackPointExtension>
        </extensions>
      </trkpt>
      <trkpt lat="40.40344501845538616180419921875" lon="116.6847129352390766143798828125">
        <ele>87</ele>
        <time>2026-10-08T15:17:10.000Z</time>
        <extensions>
          <ns3:TrackPointExtension>
            <ns3:hr>161</ns3:hr>
            <ns3:cad>93</ns3:cad>
          </ns3:TrackPointExtension>
        </extensions>
      </trkpt>
      <trkpt lat="40.40341459214687347412109375" lon="116.68470765464007854461669921875">
        <ele>87</ele>
        <time>2026-10-08T15:17:11.000Z</time>
        <extensions>
          <ns3:TrackPointExtension>
            <ns3:hr>161</ns3:hr>
            <ns3:cad>92</ns3:cad>
          </ns3:TrackPointExtension>
        </extensions>
      </trkpt>
      <trkpt lat="40.40338684804737567901611328125" lon="116.68470807373523712158203125">
        <ele>87</ele>
        <time>2026-10-08T15:17:12.000Z</time>
        <extensions>
          <ns3:TrackPointExtension>
            <ns3:hr>161</ns3:hr>
            <ns3:cad>92</ns3:cad>
          </ns3:TrackPointExtension>
        </extensions>
      </trkpt>
      <trkpt lat="40.4033510573208332061767578125" lon="116.6847065649926662445068359375">
        <ele>87</ele>
        <time>2026-10-08T15:17:13.000Z</time>
        <extensions>
          <ns3:TrackPointExtension>
            <ns3:hr>160</ns3:hr>
            <ns3:cad>92</ns3:cad>
          </ns3:TrackPointExtension>
        </extensions>
      </trkpt>
      <trkpt lat="40.4033272527158260345458984375" lon="116.6847105883061885833740234375">
        <ele>87</ele>
        <time>2026-10-08T15:17:14.000Z</time>
        <extensions>
          <ns3:TrackPointExtension>
            <ns3:hr>160</ns3:hr>
            <ns3:cad>92</ns3:cad>
          </ns3:TrackPointExtension>
        </extensions>
      </trkpt>
      <trkpt lat="40.4032910428941249847412109375" lon="116.6847065649926662445068359375">
        <ele>87</ele>
        <time>2026-10-08T15:17:15.000Z</time>
        <extensions>
          <ns3:TrackPointExtension>
            <ns3:hr>160</ns3:hr>
            <ns3:cad>92</ns3:cad>
          </ns3:TrackPointExtension>
        </extensions>
      </trkpt>
      <trkpt lat="40.4032669030129909515380859375" lon="116.68470941483974456787109375">
        <ele>87</ele>
        <time>2026-10-08T15:17:16.000Z</time>
        <extensions>
          <ns3:TrackPointExtension>
            <ns3:hr>159</ns3:hr>
            <ns3:cad>92</ns3:cad>
          </ns3:TrackPointExtension>
        </extensions>
      </trkpt>
      <trkpt lat="40.40323211811482906341552734375" lon="116.68469893746078014373779296875">
        <ele>87</ele>
        <time>2026-10-08T15:17:17.000Z</time>
        <extensions>
          <ns3:TrackPointExtension>
            <ns3:hr>159</ns3:hr>
            <ns3:cad>92</ns3:cad>
          </ns3:TrackPointExtension>
        </extensions>
      </trkpt>
      <trkpt lat="40.4032075591385364532470703125" lon="116.68469742871820926666259765625">
        <ele>87</ele>
        <time>2026-10-08T15:17:18.000Z</time>
        <extensions>
          <ns3:TrackPointExtension>
            <ns3:hr>159</ns3:hr>
            <ns3:cad>92</ns3:cad>
          </ns3:TrackPointExtension>
        </extensions>
      </trkpt>
      <trkpt lat="40.403172858059406280517578125" lon="116.684680245816707611083984375">
        <ele>87</ele>
        <time>2026-10-08T15:17:19.000Z</time>
        <extensions>
          <ns3:TrackPointExtension>
            <ns3:hr>159</ns3:hr>
            <ns3:cad>92</ns3:cad>
          </ns3:TrackPointExtension>
        </extensions>
      </trkpt>
      <trkpt lat="40.40314896963536739349365234375" lon="116.68467530049383640289306640625">
        <ele>87</ele>
        <time>2026-10-08T15:17:20.000Z</time>
        <extensions>
          <ns3:TrackPointExtension>
            <ns3:hr>159</ns3:hr>
            <ns3:cad>92</ns3:cad>
          </ns3:TrackPointExtension>
        </extensions>
      </trkpt>
      <trkpt lat="40.403115861117839813232421875" lon="116.68465434573590755462646484375">
        <ele>87</ele>
        <time>2026-10-08T15:17:21.000Z</time>
        <extensions>
          <ns3:TrackPointExtension>
            <ns3:hr>159</ns3:hr>
            <ns3:cad>91</ns3:cad>
          </ns3:TrackPointExtension>
        </extensions>
      </trkpt>
      <trkpt lat="40.40309004485607147216796875" lon="116.68464411981403827667236328125">
        <ele>86.8000030517578125</ele>
        <time>2026-10-08T15:17:22.000Z</time>
        <extensions>
          <ns3:TrackPointExtension>
            <ns3:hr>159</ns3:hr>
            <ns3:cad>91</ns3:cad>
          </ns3:TrackPointExtension>
        </extensions>
      </trkpt>
      <trkpt lat="40.4030613787472248077392578125" lon="116.68461746536195278167724609375">
        <ele>86.8000030517578125</ele>
        <time>2026-10-08T15:17:23.000Z</time>
        <extensions>
          <ns3:TrackPointExtension>
            <ns3:hr>159</ns3:hr>
            <ns3:cad>92</ns3:cad>
          </ns3:TrackPointExtension>
        </extensions>
      </trkpt>
      <trkpt lat="40.403037406504154205322265625" lon="116.6845982708036899566650390625">
        <ele>87</ele>
        <time>2026-10-08T15:17:24.000Z</time>
        <extensions>
          <ns3:TrackPointExtension>
            <ns3:hr>159</ns3:hr>
            <ns3:cad>92</ns3:cad>
          </ns3:TrackPointExtension>
        </extensions>
      </trkpt>
      <trkpt lat="40.4030154459178447723388671875" lon="116.68456859886646270751953125">
        <ele>87</ele>
        <time>2026-10-08T15:17:25.000Z</time>
        <extensions>
          <ns3:TrackPointExtension>
            <ns3:hr>159</ns3:hr>
            <ns3:cad>92</ns3:cad>
          </ns3:TrackPointExtension>
        </extensions>
      </trkpt>
      <trkpt lat="40.40299323387444019317626953125" lon="116.684542112052440643310546875">
        <ele>87</ele>
        <time>2026-10-08T15:17:26.000Z</time>
        <extensions>
          <ns3:TrackPointExtension>
            <ns3:hr>159</ns3:hr>
            <ns3:cad>92</ns3:cad>
          </ns3:TrackPointExtension>
        </extensions>
      </trkpt>
      <trkpt lat="40.4029735364019870758056640625" lon="116.68450833298265933990478515625">
        <ele>87</ele>
        <time>2026-10-08T15:17:27.000Z</time>
        <extensions>
          <ns3:TrackPointExtension>
            <ns3:hr>158</ns3:hr>
            <ns3:cad>92</ns3:cad>
          </ns3:TrackPointExtension>
        </extensions>
      </trkpt>
      <trkpt lat="40.4029534198343753814697265625" lon="116.68447296135127544403076171875">
        <ele>87</ele>
        <time>2026-10-08T15:17:28.000Z</time>
        <extensions>
          <ns3:TrackPointExtension>
            <ns3:hr>159</ns3:hr>
            <ns3:cad>92</ns3:cad>
          </ns3:TrackPointExtension>
        </extensions>
      </trkpt>
      <trkpt lat="40.4029353149235248565673828125" lon="116.6844405233860015869140625">
        <ele>87</ele>
        <time>2026-10-08T15:17:29.000Z</time>
        <extensions>
          <ns3:TrackPointExtension>
            <ns3:hr>159</ns3:hr>
            <ns3:cad>92</ns3:cad>
          </ns3:TrackPointExtension>
        </extensions>
      </trkpt>
      <trkpt lat="40.40291980840265750885009765625" lon="116.68440230190753936767578125">
        <ele>87</ele>
        <time>2026-10-08T15:17:30.000Z</time>
        <extensions>
          <ns3:TrackPointExtension>
            <ns3:hr>159</ns3:hr>
            <ns3:cad>92</ns3:cad>
          </ns3:TrackPointExtension>
        </extensions>
      </trkpt>
      <trkpt lat="40.402906648814678192138671875" lon="116.68436751700937747955322265625">
        <ele>87</ele>
        <time>2026-10-08T15:17:31.000Z</time>
        <extensions>
          <ns3:TrackPointExtension>
            <ns3:hr>158</ns3:hr>
            <ns3:cad>92</ns3:cad>
          </ns3:TrackPointExtension>
        </extensions>
      </trkpt>
      <trkpt lat="40.40289851836860179901123046875" lon="116.6843236796557903289794921875">
        <ele>87</ele>
        <time>2026-10-08T15:17:32.000Z</time>
        <extensions>
          <ns3:TrackPointExtension>
            <ns3:hr>159</ns3:hr>
            <ns3:cad>92</ns3:cad>
          </ns3:TrackPointExtension>
        </extensions>
      </trkpt>
      <trkpt lat="40.40288929827511310577392578125" lon="116.68428906239569187164306640625">
        <ele>87</ele>
        <time>2026-10-08T15:17:33.000Z</time>
        <extensions>
          <ns3:TrackPointExtension>
            <ns3:hr>159</ns3:hr>
            <ns3:cad>92</ns3:cad>
          </ns3:TrackPointExtension>
        </extensions>
      </trkpt>
      <trkpt lat="40.4028846882283687591552734375" lon="116.6842469014227390289306640625">
        <ele>87</ele>
        <time>2026-10-08T15:17:34.000Z</time>
        <extensions>
          <ns3:TrackPointExtension>
            <ns3:hr>159</ns3:hr>
            <ns3:cad>91</ns3:cad>
          </ns3:TrackPointExtension>
        </extensions>
      </trkpt>
      <trkpt lat="40.40287840180099010467529296875" lon="116.68421044014394283294677734375">
        <ele>87</ele>
        <time>2026-10-08T15:17:35.000Z</time>
        <extensions>
          <ns3:TrackPointExtension>
            <ns3:hr>158</ns3:hr>
            <ns3:cad>91</ns3:cad>
          </ns3:TrackPointExtension>
        </extensions>
      </trkpt>
      <trkpt lat="40.40287756361067295074462890625" lon="116.6841607354581356048583984375">
        <ele>87</ele>
        <time>2026-10-08T15:17:36.000Z</time>
        <extensions>
          <ns3:TrackPointExtension>
            <ns3:hr>159</ns3:hr>
            <ns3:cad>91</ns3:cad>
          </ns3:TrackPointExtension>
        </extensions>
      </trkpt>
      <trkpt lat="40.4028761386871337890625" lon="116.684123687446117401123046875">
        <ele>87</ele>
        <time>2026-10-08T15:17:37.000Z</time>
        <extensions>
          <ns3:TrackPointExtension>
            <ns3:hr>159</ns3:hr>
            <ns3:cad>91</ns3:cad>
          </ns3:TrackPointExtension>
        </extensions>
      </trkpt>
      <trkpt lat="40.4028803296387195587158203125" lon="116.68407448567450046539306640625">
        <ele>87</ele>
        <time>2026-10-08T15:17:38.000Z</time>
        <extensions>
          <ns3:TrackPointExtension>
            <ns3:hr>158</ns3:hr>
            <ns3:cad>90</ns3:cad>
          </ns3:TrackPointExtension>
        </extensions>
      </trkpt>
      <trkpt lat="40.4028793238103389739990234375" lon="116.68404313735663890838623046875">
        <ele>87</ele>
        <time>2026-10-08T15:17:39.000Z</time>
        <extensions>
          <ns3:TrackPointExtension>
            <ns3:hr>158</ns3:hr>
            <ns3:cad>90</ns3:cad>
          </ns3:TrackPointExtension>
        </extensions>
      </trkpt>
      <trkpt lat="40.4028882086277008056640625" lon="116.6839964501559734344482421875">
        <ele>87</ele>
        <time>2026-10-08T15:17:40.000Z</time>
        <extensions>
          <ns3:TrackPointExtension>
            <ns3:hr>158</ns3:hr>
            <ns3:cad>93</ns3:cad>
          </ns3:TrackPointExtension>
        </extensions>
      </trkpt>
      <trkpt lat="40.40289013646543025970458984375" lon="116.68396468274295330047607421875">
        <ele>87</ele>
        <time>2026-10-08T15:17:41.000Z</time>
        <extensions>
          <ns3:TrackPointExtension>
            <ns3:hr>158</ns3:hr>
            <ns3:cad>93</ns3:cad>
          </ns3:TrackPointExtension>
        </extensions>
      </trkpt>
      <trkpt lat="40.4029074870049953460693359375" lon="116.6839236952364444732666015625">
        <ele>87</ele>
        <time>2026-10-08T15:17:42.000Z</time>
        <extensions>
          <ns3:TrackPointExtension>
            <ns3:hr>158</ns3:hr>
            <ns3:cad>93</ns3:cad>
          </ns3:TrackPointExtension>
        </extensions>
      </trkpt>
      <trkpt lat="40.4029162041842937469482421875" lon="116.6838918440043926239013671875">
        <ele>87</ele>
        <time>2026-10-08T15:17:43.000Z</time>
        <extensions>
          <ns3:TrackPointExtension>
            <ns3:hr>157</ns3:hr>
            <ns3:cad>93</ns3:cad>
          </ns3:TrackPointExtension>
        </extensions>
      </trkpt>
      <trkpt lat="40.40293456055223941802978515625" lon="116.683850772678852081298828125">
        <ele>87</ele>
        <time>2026-10-08T15:17:44.000Z</time>
        <extensions>
          <ns3:TrackPointExtension>
            <ns3:hr>157</ns3:hr>
            <ns3:cad>92</ns3:cad>
          </ns3:TrackPointExtension>
        </extensions>
      </trkpt>
      <trkpt lat="40.40294528938829898834228515625" lon="116.683814227581024169921875">
        <ele>87</ele>
        <time>2026-10-08T15:17:45.000Z</time>
        <extensions>
          <ns3:TrackPointExtension>
            <ns3:hr>157</ns3:hr>
            <ns3:cad>92</ns3:cad>
          </ns3:TrackPointExtension>
        </extensions>
      </trkpt>
      <trkpt lat="40.4029644839465618133544921875" lon="116.683776676654815673828125">
        <ele>87</ele>
        <time>2026-10-08T15:17:46.000Z</time>
        <extensions>
          <ns3:TrackPointExtension>
            <ns3:hr>157</ns3:hr>
            <ns3:cad>92</ns3:cad>
          </ns3:TrackPointExtension>
        </extensions>
      </trkpt>
      <trkpt lat="40.40298082865774631500244140625" lon="116.6837436519563198089599609375">
        <ele>87</ele>
        <time>2026-10-08T15:17:47.000Z</time>
        <extensions>
          <ns3:TrackPointExtension>
            <ns3:hr>157</ns3:hr>
            <ns3:cad>92</ns3:cad>
          </ns3:TrackPointExtension>
        </extensions>
      </trkpt>
      <trkpt lat="40.40300295688211917877197265625" lon="116.68371272273361682891845703125">
        <ele>87</ele>
        <time>2026-10-08T15:17:48.000Z</time>
        <extensions>
          <ns3:TrackPointExtension>
            <ns3:hr>158</ns3:hr>
            <ns3:cad>92</ns3:cad>
          </ns3:TrackPointExtension>
        </extensions>
      </trkpt>
      <trkpt lat="40.40302458219230175018310546875" lon="116.68368405662477016448974609375">
        <ele>87</ele>
        <time>2026-10-08T15:17:49.000Z</time>
        <extensions>
          <ns3:TrackPointExtension>
            <ns3:hr>158</ns3:hr>
            <ns3:cad>92</ns3:cad>
          </ns3:TrackPointExtension>
        </extensions>
      </trkpt>
      <trkpt lat="40.40305157192051410675048828125" lon="116.683658994734287261962890625">
        <ele>87</ele>
        <time>2026-10-08T15:17:50.000Z</time>
        <extensions>
          <ns3:TrackPointExtension>
            <ns3:hr>158</ns3:hr>
            <ns3:cad>92</ns3:cad>
          </ns3:TrackPointExtension>
        </extensions>
      </trkpt>
      <trkpt lat="40.4030741192400455474853515625" lon="116.68363653123378753662109375">
        <ele>87</ele>
        <time>2026-10-08T15:17:51.000Z</time>
        <extensions>
          <ns3:TrackPointExtension>
            <ns3:hr>158</ns3:hr>
            <ns3:cad>92</ns3:cad>
          </ns3:TrackPointExtension>
        </extensions>
      </trkpt>
      <trkpt lat="40.403101444244384765625" lon="116.683615408837795257568359375">
        <ele>87</ele>
        <time>2026-10-08T15:17:52.000Z</time>
        <extensions>
          <ns3:TrackPointExtension>
            <ns3:hr>159</ns3:hr>
            <ns3:cad>92</ns3:cad>
          </ns3:TrackPointExtension>
        </extensions>
      </trkpt>
      <trkpt lat="40.40312902070581912994384765625" lon="116.6835974715650081634521484375">
        <ele>87</ele>
        <time>2026-10-08T15:17:53.000Z</time>
        <extensions>
          <ns3:TrackPointExtension>
            <ns3:hr>160</ns3:hr>
            <ns3:cad>92</ns3:cad>
          </ns3:TrackPointExtension>
        </extensions>
      </trkpt>
      <trkpt lat="40.403157435357570648193359375" lon="116.68358556926250457763671875">
        <ele>87</ele>
        <time>2026-10-08T15:17:54.000Z</time>
        <extensions>
          <ns3:TrackPointExtension>
            <ns3:hr>161</ns3:hr>
            <ns3:cad>91</ns3:cad>
          </ns3:TrackPointExtension>
        </extensions>
      </trkpt>
      <trkpt lat="40.40318853221833705902099609375" lon="116.68357877992093563079833984375">
        <ele>87</ele>
        <time>2026-10-08T15:17:55.000Z</time>
        <extensions>
          <ns3:TrackPointExtension>
            <ns3:hr>162</ns3:hr>
            <ns3:cad>91</ns3:cad>
          </ns3:TrackPointExtension>
        </extensions>
      </trkpt>
      <trkpt lat="40.403217114508152008056640625" lon="116.68356813490390777587890625">
        <ele>87</ele>
        <time>2026-10-08T15:17:56.000Z</time>
        <extensions>
          <ns3:TrackPointExtension>
            <ns3:hr>162</ns3:hr>
            <ns3:cad>91</ns3:cad>
          </ns3:TrackPointExtension>
        </extensions>
      </trkpt>
      <trkpt lat="40.40324963629245758056640625" lon="116.68355933390557765960693359375">
        <ele>87</ele>
        <time>2026-10-08T15:17:57.000Z</time>
        <extensions>
          <ns3:TrackPointExtension>
            <ns3:hr>162</ns3:hr>
            <ns3:cad>91</ns3:cad>
          </ns3:TrackPointExtension>
        </extensions>
      </trkpt>
      <trkpt lat="40.4032736085355281829833984375" lon="116.68355145491659641265869140625">
        <ele>87</ele>
        <time>2026-10-08T15:17:58.000Z</time>
        <extensions>
          <ns3:TrackPointExtension>
            <ns3:hr>162</ns3:hr>
            <ns3:cad>91</ns3:cad>
          </ns3:TrackPointExtension>
        </extensions>
      </trkpt>
      <trkpt lat="40.4033119976520538330078125" lon="116.68355028145015239715576171875">
        <ele>87</ele>
        <time>2026-10-08T15:17:59.000Z</time>
        <extensions>
          <ns3:TrackPointExtension>
            <ns3:hr>163</ns3:hr>
            <ns3:cad>91</ns3:cad>
          </ns3:TrackPointExtension>
        </extensions>
      </trkpt>
      <trkpt lat="40.403338484466075897216796875" lon="116.68354810215532779693603515625">
        <ele>87</ele>
        <time>2026-10-08T15:18:00.000Z</time>
        <extensions>
          <ns3:TrackPointExtension>
            <ns3:hr>163</ns3:hr>
            <ns3:cad>91</ns3:cad>
          </ns3:TrackPointExtension>
        </extensions>
      </trkpt>
      <trkpt lat="40.40337570011615753173828125" lon="116.6835512034595012664794921875">
        <ele>87</ele>
        <time>2026-10-08T15:18:01.000Z</time>
        <extensions>
          <ns3:TrackPointExtension>
            <ns3:hr>163</ns3:hr>
            <ns3:cad>92</ns3:cad>
          </ns3:TrackPointExtension>
        </extensions>
      </trkpt>
      <trkpt lat="40.4034026898443698883056640625" lon="116.68354474939405918121337890625">
        <ele>87</ele>
        <time>2026-10-08T15:18:02.000Z</time>
        <extensions>
          <ns3:TrackPointExtension>
            <ns3:hr>162</ns3:hr>
            <ns3:cad>92</ns3:cad>
          </ns3:TrackPointExtension>
        </extensions>
      </trkpt>
      <trkpt lat="40.40343378670513629913330078125" lon="116.68354391120374202728271484375">
        <ele>87</ele>
        <time>2026-10-08T15:18:03.000Z</time>
        <extensions>
          <ns3:TrackPointExtension>
            <ns3:hr>163</ns3:hr>
            <ns3:cad>91</ns3:cad>
          </ns3:TrackPointExtension>
        </extensions>
      </trkpt>
      <trkpt lat="40.40346362628042697906494140625" lon="116.68353904969990253448486328125">
        <ele>87</ele>
        <time>2026-10-08T15:18:04.000Z</time>
        <extensions>
          <ns3:TrackPointExtension>
            <ns3:hr>163</ns3:hr>
            <ns3:cad>92</ns3:cad>
          </ns3:TrackPointExtension>
        </extensions>
      </trkpt>
      <trkpt lat="40.40349430404603481292724609375" lon="116.68354055844247341156005859375">
        <ele>87</ele>
        <time>2026-10-08T15:18:05.000Z</time>
        <extensions>
          <ns3:TrackPointExtension>
            <ns3:hr>163</ns3:hr>
            <ns3:cad>92</ns3:cad>
          </ns3:TrackPointExtension>
        </extensions>
      </trkpt>
      <trkpt lat="40.40352162905037403106689453125" lon="116.68353754095733165740966796875">
        <ele>87</ele>
        <time>2026-10-08T15:18:06.000Z</time>
        <extensions>
          <ns3:TrackPointExtension>
            <ns3:hr>163</ns3:hr>
            <ns3:cad>92</ns3:cad>
          </ns3:TrackPointExtension>
        </extensions>
      </trkpt>
      <trkpt lat="40.4035545699298381805419921875" lon="116.683541648089885711669921875">
        <ele>87</ele>
        <time>2026-10-08T15:18:07.000Z</time>
        <extensions>
          <ns3:TrackPointExtension>
            <ns3:hr>164</ns3:hr>
            <ns3:cad>92</ns3:cad>
          </ns3:TrackPointExtension>
        </extensions>
      </trkpt>
      <trkpt lat="40.40358281694352626800537109375" lon="116.683535277843475341796875">
        <ele>87</ele>
        <time>2026-10-08T15:18:08.000Z</time>
        <extensions>
          <ns3:TrackPointExtension>
            <ns3:hr>163</ns3:hr>
            <ns3:cad>91</ns3:cad>
          </ns3:TrackPointExtension>
        </extensions>
      </trkpt>
      <trkpt lat="40.40361936204135417938232421875" lon="116.683539636433124542236328125">
        <ele>87</ele>
        <time>2026-10-08T15:18:09.000Z</time>
        <extensions>
          <ns3:TrackPointExtension>
            <ns3:hr>163</ns3:hr>
            <ns3:cad>91</ns3:cad>
          </ns3:TrackPointExtension>
        </extensions>
      </trkpt>
      <trkpt lat="40.4036507941782474517822265625" lon="116.68353385291993618011474609375">
        <ele>87</ele>
        <time>2026-10-08T15:18:10.000Z</time>
        <extensions>
          <ns3:TrackPointExtension>
            <ns3:hr>163</ns3:hr>
            <ns3:cad>91</ns3:cad>
          </ns3:TrackPointExtension>
        </extensions>
      </trkpt>
      <trkpt lat="40.4036873392760753631591796875" lon="116.6835334338247776031494140625">
        <ele>87</ele>
        <time>2026-10-08T15:18:11.000Z</time>
        <extensions>
          <ns3:TrackPointExtension>
            <ns3:hr>164</ns3:hr>
            <ns3:cad>91</ns3:cad>
          </ns3:TrackPointExtension>
        </extensions>
      </trkpt>
      <trkpt lat="40.40371273644268512725830078125" lon="116.68353318236768245697021484375">
        <ele>87</ele>
        <time>2026-10-08T15:18:12.000Z</time>
        <extensions>
          <ns3:TrackPointExtension>
            <ns3:hr>163</ns3:hr>
            <ns3:cad>91</ns3:cad>
          </ns3:TrackPointExtension>
        </extensions>
      </trkpt>
      <trkpt lat="40.40374576114118099212646484375" lon="116.68353284709155559539794921875">
        <ele>87</ele>
        <time>2026-10-08T15:18:13.000Z</time>
        <extensions>
          <ns3:TrackPointExtension>
            <ns3:hr>163</ns3:hr>
            <ns3:cad>91</ns3:cad>
          </ns3:TrackPointExtension>
        </extensions>
      </trkpt>
      <trkpt lat="40.4037773609161376953125" lon="116.68352832086384296417236328125">
        <ele>87</ele>
        <time>2026-10-08T15:18:14.000Z</time>
        <extensions>
          <ns3:TrackPointExtension>
            <ns3:hr>163</ns3:hr>
            <ns3:cad>92</ns3:cad>
          </ns3:TrackPointExtension>
        </extensions>
      </trkpt>
      <trkpt lat="40.40380694903433322906494140625" lon="116.68352396227419376373291015625">
        <ele>87</ele>
        <time>2026-10-08T15:18:15.000Z</time>
        <extensions>
          <ns3:TrackPointExtension>
            <ns3:hr>163</ns3:hr>
            <ns3:cad>92</ns3:cad>
          </ns3:TrackPointExtension>
        </extensions>
      </trkpt>
      <trkpt lat="40.40383829735219478607177734375" lon="116.683524213731288909912109375">
        <ele>87</ele>
        <time>2026-10-08T15:18:16.000Z</time>
        <extensions>
          <ns3:TrackPointExtension>
            <ns3:hr>162</ns3:hr>
            <ns3:cad>92</ns3:cad>
          </ns3:TrackPointExtension>
        </extensions>
      </trkpt>
      <trkpt lat="40.40386646054685115814208984375" lon="116.6835260577499866485595703125">
        <ele>87</ele>
        <time>2026-10-08T15:18:17.000Z</time>
        <extensions>
          <ns3:TrackPointExtension>
            <ns3:hr>162</ns3:hr>
            <ns3:cad>92</ns3:cad>
          </ns3:TrackPointExtension>
        </extensions>
      </trkpt>
      <trkpt lat="40.40389529429376125335693359375" lon="116.68353100307285785675048828125">
        <ele>87</ele>
        <time>2026-10-08T15:18:18.000Z</time>
        <extensions>
          <ns3:TrackPointExtension>
            <ns3:hr>162</ns3:hr>
            <ns3:cad>92</ns3:cad>
          </ns3:TrackPointExtension>
        </extensions>
      </trkpt>
      <trkpt lat="40.4039240442216396331787109375" lon="116.6835334338247776031494140625">
        <ele>87</ele>
        <time>2026-10-08T15:18:19.000Z</time>
        <extensions>
          <ns3:TrackPointExtension>
            <ns3:hr>162</ns3:hr>
            <ns3:cad>92</ns3:cad>
          </ns3:TrackPointExtension>
        </extensions>
      </trkpt>
      <trkpt lat="40.40395782329142093658447265625" lon="116.68353234417736530303955078125">
        <ele>87</ele>
        <time>2026-10-08T15:18:20.000Z</time>
        <extensions>
          <ns3:TrackPointExtension>
            <ns3:hr>163</ns3:hr>
            <ns3:cad>92</ns3:cad>
          </ns3:TrackPointExtension>
        </extensions>
      </trkpt>
      <trkpt lat="40.40398615412414073944091796875" lon="116.6835320927202701568603515625">
        <ele>87</ele>
        <time>2026-10-08T15:18:21.000Z</time>
        <extensions>
          <ns3:TrackPointExtension>
            <ns3:hr>162</ns3:hr>
            <ns3:cad>91</ns3:cad>
          </ns3:TrackPointExtension>
        </extensions>
      </trkpt>
      <trkpt lat="40.4040242917835712432861328125" lon="116.68353335000574588775634765625">
        <ele>87</ele>
        <time>2026-10-08T15:18:22.000Z</time>
        <extensions>
          <ns3:TrackPointExtension>
            <ns3:hr>162</ns3:hr>
            <ns3:cad>91</ns3:cad>
          </ns3:TrackPointExtension>
        </extensions>
      </trkpt>
      <trkpt lat="40.4040531255304813385009765625" lon="116.68352915905416011810302734375">
        <ele>87</ele>
        <time>2026-10-08T15:18:23.000Z</time>
        <extensions>
          <ns3:TrackPointExtension>
            <ns3:hr>162</ns3:hr>
            <ns3:cad>93</ns3:cad>
          </ns3:TrackPointExtension>
        </extensions>
      </trkpt>
      <trkpt lat="40.40409059263765811920166015625" lon="116.683530919253826141357421875">
        <ele>87</ele>
        <time>2026-10-08T15:18:24.000Z</time>
        <extensions>
          <ns3:TrackPointExtension>
            <ns3:hr>162</ns3:hr>
            <ns3:cad>93</ns3:cad>
          </ns3:TrackPointExtension>
        </extensions>
      </trkpt>
      <trkpt lat="40.40412294678390026092529296875" lon="116.68353301472961902618408203125">
        <ele>87</ele>
        <time>2026-10-08T15:18:25.000Z</time>
        <extensions>
          <ns3:TrackPointExtension>
            <ns3:hr>162</ns3:hr>
            <ns3:cad>92</ns3:cad>
          </ns3:TrackPointExtension>
        </extensions>
      </trkpt>
      <trkpt lat="40.4041594080626964569091796875" lon="116.68353972025215625762939453125">
        <ele>87</ele>
        <time>2026-10-08T15:18:26.000Z</time>
        <extensions>
          <ns3:TrackPointExtension>
            <ns3:hr>163</ns3:hr>
            <ns3:cad>92</ns3:cad>
          </ns3:TrackPointExtension>
        </extensions>
      </trkpt>
      <trkpt lat="40.40419100783765316009521484375" lon="116.68354667723178863525390625">
        <ele>87</ele>
        <time>2026-10-08T15:18:27.000Z</time>
        <extensions>
          <ns3:TrackPointExtension>
            <ns3:hr>162</ns3:hr>
            <ns3:cad>92</ns3:cad>
          </ns3:TrackPointExtension>
        </extensions>
      </trkpt>
      <trkpt lat="40.40422730147838592529296875" lon="116.68356469832360744476318359375">
        <ele>87</ele>
        <time>2026-10-08T15:18:28.000Z</time>
        <extensions>
          <ns3:TrackPointExtension>
            <ns3:hr>162</ns3:hr>
            <ns3:cad>91</ns3:cad>
          </ns3:TrackPointExtension>
        </extensions>
      </trkpt>
      <trkpt lat="40.404260493814945220947265625" lon="116.68357877992093563079833984375">
        <ele>87</ele>
        <time>2026-10-08T15:18:29.000Z</time>
        <extensions>
          <ns3:TrackPointExtension>
            <ns3:hr>162</ns3:hr>
            <ns3:cad>91</ns3:cad>
          </ns3:TrackPointExtension>
        </extensions>
      </trkpt>
      <trkpt lat="40.404294021427631378173828125" lon="116.6836041770875453948974609375">
        <ele>87</ele>
        <time>2026-10-08T15:18:30.000Z</time>
        <extensions>
          <ns3:TrackPointExtension>
            <ns3:hr>163</ns3:hr>
            <ns3:cad>91</ns3:cad>
          </ns3:TrackPointExtension>
        </extensions>
      </trkpt>
      <trkpt lat="40.404323525726795196533203125" lon="116.68361934833228588104248046875">
        <ele>87</ele>
        <time>2026-10-08T15:18:31.000Z</time>
        <extensions>
          <ns3:TrackPointExtension>
            <ns3:hr>162</ns3:hr>
            <ns3:cad>90</ns3:cad>
          </ns3:TrackPointExtension>
        </extensions>
      </trkpt>
      <trkpt lat="40.40435126982629299163818359375" lon="116.68364726006984710693359375">
        <ele>87</ele>
        <time>2026-10-08T15:18:32.000Z</time>
        <extensions>
          <ns3:TrackPointExtension>
            <ns3:hr>162</ns3:hr>
            <ns3:cad>90</ns3:cad>
          </ns3:TrackPointExtension>
        </extensions>
      </trkpt>
      <trkpt lat="40.404372476041316986083984375" lon="116.6836653649806976318359375">
        <ele>87</ele>
        <time>2026-10-08T15:18:33.000Z</time>
        <extensions>
          <ns3:TrackPointExtension>
            <ns3:hr>163</ns3:hr>
            <ns3:cad>90</ns3:cad>
          </ns3:TrackPointExtension>
        </extensions>
      </trkpt>
      <trkpt lat="40.40439602918922901153564453125" lon="116.68370316736400127410888671875">
        <ele>87</ele>
        <time>2026-10-08T15:18:34.000Z</time>
        <extensions>
          <ns3:TrackPointExtension>
            <ns3:hr>163</ns3:hr>
            <ns3:cad>90</ns3:cad>
          </ns3:TrackPointExtension>
        </extensions>
      </trkpt>
      <trkpt lat="40.40441597811877727508544921875" lon="116.68372697196900844573974609375">
        <ele>87</ele>
        <time>2026-10-08T15:18:35.000Z</time>
        <extensions>
          <ns3:TrackPointExtension>
            <ns3:hr>163</ns3:hr>
            <ns3:cad>91</ns3:cad>
          </ns3:TrackPointExtension>
        </extensions>
      </trkpt>
      <trkpt lat="40.404433496296405792236328125" lon="116.68376552872359752655029296875">
        <ele>87</ele>
        <time>2026-10-08T15:18:36.000Z</time>
        <extensions>
          <ns3:TrackPointExtension>
            <ns3:hr>163</ns3:hr>
            <ns3:cad>91</ns3:cad>
          </ns3:TrackPointExtension>
        </extensions>
      </trkpt>
      <trkpt lat="40.40445202030241489410400390625" lon="116.68379268608987331390380859375">
        <ele>87</ele>
        <time>2026-10-08T15:18:37.000Z</time>
        <extensions>
          <ns3:TrackPointExtension>
            <ns3:hr>162</ns3:hr>
            <ns3:cad>92</ns3:cad>
          </ns3:TrackPointExtension>
        </extensions>
      </trkpt>
      <trkpt lat="40.404468365013599395751953125" lon="116.6838304884731769561767578125">
        <ele>86.8000030517578125</ele>
        <time>2026-10-08T15:18:38.000Z</time>
        <extensions>
          <ns3:TrackPointExtension>
            <ns3:hr>163</ns3:hr>
            <ns3:cad>92</ns3:cad>
          </ns3:TrackPointExtension>
        </extensions>
      </trkpt>
      <trkpt lat="40.4044849611818790435791015625" lon="116.68386510573327541351318359375">
        <ele>86.8000030517578125</ele>
        <time>2026-10-08T15:18:39.000Z</time>
        <extensions>
          <ns3:TrackPointExtension>
            <ns3:hr>163</ns3:hr>
            <ns3:cad>92</ns3:cad>
          </ns3:TrackPointExtension>
        </extensions>
      </trkpt>
      <trkpt lat="40.4044983722269535064697265625" lon="116.6839012317359447479248046875">
        <ele>86.8000030517578125</ele>
        <time>2026-10-08T15:18:40.000Z</time>
        <extensions>
          <ns3:TrackPointExtension>
            <ns3:hr>162</ns3:hr>
            <ns3:cad>92</ns3:cad>
          </ns3:TrackPointExtension>
        </extensions>
      </trkpt>
      <trkpt lat="40.40450734086334705352783203125" lon="116.6839424706995487213134765625">
        <ele>86.8000030517578125</ele>
        <time>2026-10-08T15:18:41.000Z</time>
        <extensions>
          <ns3:TrackPointExtension>
            <ns3:hr>163</ns3:hr>
            <ns3:cad>93</ns3:cad>
          </ns3:TrackPointExtension>
        </extensions>
      </trkpt>
      <trkpt lat="40.4045158065855503082275390625" lon="116.68398111127316951751708984375">
        <ele>86.8000030517578125</ele>
        <time>2026-10-08T15:18:42.000Z</time>
        <extensions>
          <ns3:TrackPointExtension>
            <ns3:hr>163</ns3:hr>
            <ns3:cad>93</ns3:cad>
          </ns3:TrackPointExtension>
        </extensions>
      </trkpt>
      <trkpt lat="40.40452075190842151641845703125" lon="116.6840279661118984222412109375">
        <ele>86.8000030517578125</ele>
        <time>2026-10-08T15:18:43.000Z</time>
        <extensions>
          <ns3:TrackPointExtension>
            <ns3:hr>163</ns3:hr>
            <ns3:cad>93</ns3:cad>
          </ns3:TrackPointExtension>
        </extensions>
      </trkpt>
      <trkpt lat="40.4045262001454830169677734375" lon="116.68406568467617034912109375">
        <ele>86.8000030517578125</ele>
        <time>2026-10-08T15:18:44.000Z</time>
        <extensions>
          <ns3:TrackPointExtension>
            <ns3:hr>163</ns3:hr>
            <ns3:cad>93</ns3:cad>
          </ns3:TrackPointExtension>
        </extensions>
      </trkpt>
      <trkpt lat="40.4045268706977367401123046875" lon="116.68411522172391414642333984375">
        <ele>87</ele>
        <time>2026-10-08T15:18:45.000Z</time>
        <extensions>
          <ns3:TrackPointExtension>
            <ns3:hr>163</ns3:hr>
            <ns3:cad>92</ns3:cad>
          </ns3:TrackPointExtension>
        </extensions>
      </trkpt>
      <trkpt lat="40.40452796034514904022216796875" lon="116.684150509536266326904296875">
        <ele>87</ele>
        <time>2026-10-08T15:18:46.000Z</time>
        <extensions>
          <ns3:TrackPointExtension>
            <ns3:hr>163</ns3:hr>
            <ns3:cad>92</ns3:cad>
          </ns3:TrackPointExtension>
        </extensions>
      </trkpt>
      <trkpt lat="40.4045216739177703857421875" lon="116.68419753201305866241455078125">
        <ele>87</ele>
        <time>2026-10-08T15:18:47.000Z</time>
        <extensions>
          <ns3:TrackPointExtension>
            <ns3:hr>163</ns3:hr>
            <ns3:cad>91</ns3:cad>
          </ns3:TrackPointExtension>
        </extensions>
      </trkpt>
      <trkpt lat="40.40452234447002410888671875" lon="116.68422996997833251953125">
        <ele>87</ele>
        <time>2026-10-08T15:18:48.000Z</time>
        <extensions>
          <ns3:TrackPointExtension>
            <ns3:hr>163</ns3:hr>
            <ns3:cad>91</ns3:cad>
          </ns3:TrackPointExtension>
        </extensions>
      </trkpt>
      <trkpt lat="40.40451421402394771575927734375" lon="116.6842780821025371551513671875">
        <ele>87</ele>
        <time>2026-10-08T15:18:49.000Z</time>
        <extensions>
          <ns3:TrackPointExtension>
            <ns3:hr>163</ns3:hr>
            <ns3:cad>92</ns3:cad>
          </ns3:TrackPointExtension>
        </extensions>
      </trkpt>
      <trkpt lat="40.404509939253330230712890625" lon="116.6843102686107158660888671875">
        <ele>87</ele>
        <time>2026-10-08T15:18:50.000Z</time>
        <extensions>
          <ns3:TrackPointExtension>
            <ns3:hr>162</ns3:hr>
            <ns3:cad>94</ns3:cad>
          </ns3:TrackPointExtension>
        </extensions>
      </trkpt>
      <trkpt lat="40.40449527092278003692626953125" lon="116.68435268104076385498046875">
        <ele>87</ele>
        <time>2026-10-08T15:18:51.000Z</time>
        <extensions>
          <ns3:TrackPointExtension>
            <ns3:hr>161</ns3:hr>
            <ns3:cad>94</ns3:cad>
          </ns3:TrackPointExtension>
        </extensions>
      </trkpt>
      <trkpt lat="40.4044889844954013824462890625" lon="116.684385873377323150634765625">
        <ele>87</ele>
        <time>2026-10-08T15:18:52.000Z</time>
        <extensions>
          <ns3:TrackPointExtension>
            <ns3:hr>161</ns3:hr>
            <ns3:cad>93</ns3:cad>
          </ns3:TrackPointExtension>
        </extensions>
      </trkpt>
      <trkpt lat="40.4044722206890583038330078125" lon="116.68442451395094394683837890625">
        <ele>87</ele>
        <time>2026-10-08T15:18:53.000Z</time>
        <extensions>
          <ns3:TrackPointExtension>
            <ns3:hr>161</ns3:hr>
            <ns3:cad>93</ns3:cad>
          </ns3:TrackPointExtension>
        </extensions>
      </trkpt>
      <trkpt lat="40.40445570833981037139892578125" lon="116.68445753864943981170654296875">
        <ele>86.8000030517578125</ele>
        <time>2026-10-08T15:18:54.000Z</time>
        <extensions>
          <ns3:TrackPointExtension>
            <ns3:hr>161</ns3:hr>
            <ns3:cad>92</ns3:cad>
          </ns3:TrackPointExtension>
        </extensions>
      </trkpt>
      <trkpt lat="40.40443559177219867706298828125" lon="116.684489138424396514892578125">
        <ele>86.8000030517578125</ele>
        <time>2026-10-08T15:18:55.000Z</time>
        <extensions>
          <ns3:TrackPointExtension>
            <ns3:hr>162</ns3:hr>
            <ns3:cad>91</ns3:cad>
          </ns3:TrackPointExtension>
        </extensions>
      </trkpt>
      <trkpt lat="40.404415391385555267333984375" lon="116.68451990000903606414794921875">
        <ele>86.8000030517578125</ele>
        <time>2026-10-08T15:18:56.000Z</time>
        <extensions>
          <ns3:TrackPointExtension>
            <ns3:hr>162</ns3:hr>
            <ns3:cad>91</ns3:cad>
          </ns3:TrackPointExtension>
        </extensions>
      </trkpt>
      <trkpt lat="40.40439234115183353424072265625" lon="116.68454982340335845947265625">
        <ele>86.8000030517578125</ele>
        <time>2026-10-08T15:18:57.000Z</time>
        <extensions>
          <ns3:TrackPointExtension>
            <ns3:hr>162</ns3:hr>
            <ns3:cad>91</ns3:cad>
          </ns3:TrackPointExtension>
        </extensions>
      </trkpt>
      <trkpt lat="40.4043687880039215087890625" lon="116.68457706458866596221923828125">
        <ele>86.8000030517578125</ele>
        <time>2026-10-08T15:18:58.000Z</time>
        <extensions>
          <ns3:TrackPointExtension>
            <ns3:hr>162</ns3:hr>
            <ns3:cad>93</ns3:cad>
          </ns3:TrackPointExtension>
        </extensions>
      </trkpt>
      <trkpt lat="40.4043446481227874755859375" lon="116.6846006177365779876708984375">
        <ele>87</ele>
        <time>2026-10-08T15:18:59.000Z</time>
        <extensions>
          <ns3:TrackPointExtension>
            <ns3:hr>163</ns3:hr>
            <ns3:cad>93</ns3:cad>
          </ns3:TrackPointExtension>
        </extensions>
      </trkpt>
      <trkpt lat="40.40431707166135311126708984375" lon="116.6846215724945068359375">
        <ele>87</ele>
        <time>2026-10-08T15:19:00.000Z</time>
        <extensions>
          <ns3:TrackPointExtension>
            <ns3:hr>163</ns3:hr>
            <ns3:cad>93</ns3:cad>
          </ns3:TrackPointExtension>
        </extensions>
      </trkpt>
      <trkpt lat="40.4042908363044261932373046875" lon="116.68464009650051593780517578125">
        <ele>87</ele>
        <time>2026-10-08T15:19:01.000Z</time>
        <extensions>
          <ns3:TrackPointExtension>
            <ns3:hr>163</ns3:hr>
            <ns3:cad>93</ns3:cad>
          </ns3:TrackPointExtension>
        </extensions>
      </trkpt>
      <trkpt lat="40.40425873361527919769287109375" lon="116.684656776487827301025390625">
        <ele>87</ele>
        <time>2026-10-08T15:19:02.000Z</time>
        <extensions>
          <ns3:TrackPointExtension>
            <ns3:hr>163</ns3:hr>
            <ns3:cad>92</ns3:cad>
          </ns3:TrackPointExtension>
        </extensions>
      </trkpt>
      <trkpt lat="40.40423342026770114898681640625" lon="116.6846740432083606719970703125">
        <ele>87</ele>
        <time>2026-10-08T15:19:03.000Z</time>
        <extensions>
          <ns3:TrackPointExtension>
            <ns3:hr>163</ns3:hr>
            <ns3:cad>92</ns3:cad>
          </ns3:TrackPointExtension>
        </extensions>
      </trkpt>
      <trkpt lat="40.40419838391244411468505859375" lon="116.68468401767313480377197265625">
        <ele>87</ele>
        <time>2026-10-08T15:19:04.000Z</time>
        <extensions>
          <ns3:TrackPointExtension>
            <ns3:hr>163</ns3:hr>
            <ns3:cad>91</ns3:cad>
          </ns3:TrackPointExtension>
        </extensions>
      </trkpt>
      <trkpt lat="40.404174663126468658447265625" lon="116.68469759635627269744873046875">
        <ele>86.8000030517578125</ele>
        <time>2026-10-08T15:19:05.000Z</time>
        <extensions>
          <ns3:TrackPointExtension>
            <ns3:hr>163</ns3:hr>
            <ns3:cad>92</ns3:cad>
          </ns3:TrackPointExtension>
        </extensions>
      </trkpt>
      <trkpt lat="40.404139459133148193359375" lon="116.68469977565109729766845703125">
        <ele>86.8000030517578125</ele>
        <time>2026-10-08T15:19:06.000Z</time>
        <extensions>
          <ns3:TrackPointExtension>
            <ns3:hr>163</ns3:hr>
            <ns3:cad>93</ns3:cad>
          </ns3:TrackPointExtension>
        </extensions>
      </trkpt>
      <trkpt lat="40.4041139781475067138671875" lon="116.6847099177539348602294921875">
        <ele>86.8000030517578125</ele>
        <time>2026-10-08T15:19:07.000Z</time>
        <extensions>
          <ns3:TrackPointExtension>
            <ns3:hr>163</ns3:hr>
            <ns3:cad>93</ns3:cad>
          </ns3:TrackPointExtension>
        </extensions>
      </trkpt>
      <trkpt lat="40.404077433049678802490234375" lon="116.68470798991620540618896484375">
        <ele>86.8000030517578125</ele>
        <time>2026-10-08T15:19:08.000Z</time>
        <extensions>
          <ns3:TrackPointExtension>
            <ns3:hr>163</ns3:hr>
            <ns3:cad>93</ns3:cad>
          </ns3:TrackPointExtension>
        </extensions>
      </trkpt>
      <trkpt lat="40.404047258198261260986328125" lon="116.68471436016261577606201171875">
        <ele>86.8000030517578125</ele>
        <time>2026-10-08T15:19:09.000Z</time>
        <extensions>
          <ns3:TrackPointExtension>
            <ns3:hr>163</ns3:hr>
            <ns3:cad>92</ns3:cad>
          </ns3:TrackPointExtension>
        </extensions>
      </trkpt>
      <trkpt lat="40.404016412794589996337890625" lon="116.68471184559166431427001953125">
        <ele>86.8000030517578125</ele>
        <time>2026-10-08T15:19:10.000Z</time>
        <extensions>
          <ns3:TrackPointExtension>
            <ns3:hr>163</ns3:hr>
            <ns3:cad>92</ns3:cad>
          </ns3:TrackPointExtension>
        </extensions>
      </trkpt>
      <trkpt lat="40.4039874114096164703369140625" lon="116.6847152821719646453857421875">
        <ele>86.8000030517578125</ele>
        <time>2026-10-08T15:19:11.000Z</time>
        <extensions>
          <ns3:TrackPointExtension>
            <ns3:hr>163</ns3:hr>
            <ns3:cad>92</ns3:cad>
          </ns3:TrackPointExtension>
        </extensions>
      </trkpt>
      <trkpt lat="40.4039548896253108978271484375" lon="116.68471368961036205291748046875">
        <ele>86.8000030517578125</ele>
        <time>2026-10-08T15:19:12.000Z</time>
        <extensions>
          <ns3:TrackPointExtension>
            <ns3:hr>163</ns3:hr>
            <ns3:cad>90</ns3:cad>
          </ns3:TrackPointExtension>
        </extensions>
      </trkpt>
      <trkpt lat="40.403923876583576202392578125" lon="116.68471536599099636077880859375">
        <ele>87</ele>
        <time>2026-10-08T15:19:13.000Z</time>
        <extensions>
          <ns3:TrackPointExtension>
            <ns3:hr>163</ns3:hr>
            <ns3:cad>90</ns3:cad>
          </ns3:TrackPointExtension>
        </extensions>
      </trkpt>
      <trkpt lat="40.403890348970890045166015625" lon="116.684715449810028076171875">
        <ele>87</ele>
        <time>2026-10-08T15:19:14.000Z</time>
        <extensions>
          <ns3:TrackPointExtension>
            <ns3:hr>163</ns3:hr>
            <ns3:cad>93</ns3:cad>
          </ns3:TrackPointExtension>
        </extensions>
      </trkpt>
      <trkpt lat="40.4038573242723941802978515625" lon="116.68471570126712322235107421875">
        <ele>87</ele>
        <time>2026-10-08T15:19:15.000Z</time>
        <extensions>
          <ns3:TrackPointExtension>
            <ns3:hr>163</ns3:hr>
            <ns3:cad>93</ns3:cad>
          </ns3:TrackPointExtension>
        </extensions>
      </trkpt>
      <trkpt lat="40.403827317059040069580078125" lon="116.68472014367580413818359375">
        <ele>87</ele>
        <time>2026-10-08T15:19:16.000Z</time>
        <extensions>
          <ns3:TrackPointExtension>
            <ns3:hr>164</ns3:hr>
            <ns3:cad>93</ns3:cad>
          </ns3:TrackPointExtension>
        </extensions>
      </trkpt>
      <trkpt lat="40.403790771961212158203125" lon="116.684716455638408660888671875">
        <ele>87</ele>
        <time>2026-10-08T15:19:17.000Z</time>
        <extensions>
          <ns3:TrackPointExtension>
            <ns3:hr>163</ns3:hr>
            <ns3:cad>93</ns3:cad>
          </ns3:TrackPointExtension>
        </extensions>
      </trkpt>
      <trkpt lat="40.40376503951847553253173828125" lon="116.68472014367580413818359375">
        <ele>87</ele>
        <time>2026-10-08T15:19:18.000Z</time>
        <extensions>
          <ns3:TrackPointExtension>
            <ns3:hr>163</ns3:hr>
            <ns3:cad>93</ns3:cad>
          </ns3:TrackPointExtension>
        </extensions>
      </trkpt>
      <trkpt lat="40.4037315957248210906982421875" lon="116.6847176291048526763916015625">
        <ele>87</ele>
        <time>2026-10-08T15:19:19.000Z</time>
        <extensions>
          <ns3:TrackPointExtension>
            <ns3:hr>164</ns3:hr>
            <ns3:cad>91</ns3:cad>
          </ns3:TrackPointExtension>
        </extensions>
      </trkpt>
      <trkpt lat="40.40370888076722621917724609375" lon="116.68472341261804103851318359375">
        <ele>87</ele>
        <time>2026-10-08T15:19:20.000Z</time>
        <extensions>
          <ns3:TrackPointExtension>
            <ns3:hr>163</ns3:hr>
            <ns3:cad>91</ns3:cad>
          </ns3:TrackPointExtension>
        </extensions>
      </trkpt>
      <trkpt lat="40.40367468260228633880615234375" lon="116.68472140096127986907958984375">
        <ele>87</ele>
        <time>2026-10-08T15:19:21.000Z</time>
        <extensions>
          <ns3:TrackPointExtension>
            <ns3:hr>164</ns3:hr>
            <ns3:cad>91</ns3:cad>
          </ns3:TrackPointExtension>
        </extensions>
      </trkpt>
      <trkpt lat="40.40364869870245456695556640625" lon="116.68472592718899250030517578125">
        <ele>87</ele>
        <time>2026-10-08T15:19:22.000Z</time>
        <extensions>
          <ns3:TrackPointExtension>
            <ns3:hr>164</ns3:hr>
            <ns3:cad>91</ns3:cad>
          </ns3:TrackPointExtension>
        </extensions>
      </trkpt>
      <trkpt lat="40.4036152549088001251220703125" lon="116.68472290970385074615478515625">
        <ele>87</ele>
        <time>2026-10-08T15:19:23.000Z</time>
        <extensions>
          <ns3:TrackPointExtension>
            <ns3:hr>164</ns3:hr>
            <ns3:cad>91</ns3:cad>
          </ns3:TrackPointExtension>
        </extensions>
      </trkpt>
      <trkpt lat="40.4035867564380168914794921875" lon="116.68472282588481903076171875">
        <ele>87</ele>
        <time>2026-10-08T15:19:24.000Z</time>
        <extensions>
          <ns3:TrackPointExtension>
            <ns3:hr>163</ns3:hr>
            <ns3:cad>91</ns3:cad>
          </ns3:TrackPointExtension>
        </extensions>
      </trkpt>
      <trkpt lat="40.40355532430112361907958984375" lon="116.68472073040902614593505859375">
        <ele>87</ele>
        <time>2026-10-08T15:19:25.000Z</time>
        <extensions>
          <ns3:TrackPointExtension>
            <ns3:hr>163</ns3:hr>
            <ns3:cad>91</ns3:cad>
          </ns3:TrackPointExtension>
        </extensions>
      </trkpt>
      <trkpt lat="40.403523556888103485107421875" lon="116.68472014367580413818359375">
        <ele>87</ele>
        <time>2026-10-08T15:19:26.000Z</time>
        <extensions>
          <ns3:TrackPointExtension>
            <ns3:hr>163</ns3:hr>
            <ns3:cad>93</ns3:cad>
          </ns3:TrackPointExtension>
        </extensions>
      </trkpt>
      <trkpt lat="40.40349363349378108978271484375" lon="116.68471771292388439178466796875">
        <ele>87</ele>
        <time>2026-10-08T15:19:27.000Z</time>
        <extensions>
          <ns3:TrackPointExtension>
            <ns3:hr>164</ns3:hr>
            <ns3:cad>93</ns3:cad>
          </ns3:TrackPointExtension>
        </extensions>
      </trkpt>
      <trkpt lat="40.4034613631665706634521484375" lon="116.68471234850585460662841796875">
        <ele>87</ele>
        <time>2026-10-08T15:19:28.000Z</time>
        <extensions>
          <ns3:TrackPointExtension>
            <ns3:hr>163</ns3:hr>
            <ns3:cad>93</ns3:cad>
          </ns3:TrackPointExtension>
        </extensions>
      </trkpt>
      <trkpt lat="40.4034326970577239990234375" lon="116.68471209704875946044921875">
        <ele>87</ele>
        <time>2026-10-08T15:19:29.000Z</time>
        <extensions>
          <ns3:TrackPointExtension>
            <ns3:hr>163</ns3:hr>
            <ns3:cad>93</ns3:cad>
          </ns3:TrackPointExtension>
        </extensions>
      </trkpt>
      <trkpt lat="40.40339707396924495697021484375" lon="116.68470933102071285247802734375">
        <ele>87</ele>
        <time>2026-10-08T15:19:30.000Z</time>
        <extensions>
          <ns3:TrackPointExtension>
            <ns3:hr>163</ns3:hr>
            <ns3:cad>92</ns3:cad>
          </ns3:TrackPointExtension>
        </extensions>
      </trkpt>
      <trkpt lat="40.40337075479328632354736328125" lon="116.68471151031553745269775390625">
        <ele>86.8000030517578125</ele>
        <time>2026-10-08T15:19:31.000Z</time>
        <extensions>
          <ns3:TrackPointExtension>
            <ns3:hr>163</ns3:hr>
            <ns3:cad>92</ns3:cad>
          </ns3:TrackPointExtension>
        </extensions>
      </trkpt>
      <trkpt lat="40.40333437733352184295654296875" lon="116.6847069002687931060791015625">
        <ele>87</ele>
        <time>2026-10-08T15:19:32.000Z</time>
        <extensions>
          <ns3:TrackPointExtension>
            <ns3:hr>163</ns3:hr>
            <ns3:cad>93</ns3:cad>
          </ns3:TrackPointExtension>
        </extensions>
      </trkpt>
      <trkpt lat="40.4033093154430389404296875" lon="116.68471083976328372955322265625">
        <ele>86.8000030517578125</ele>
        <time>2026-10-08T15:19:33.000Z</time>
        <extensions>
          <ns3:TrackPointExtension>
            <ns3:hr>163</ns3:hr>
            <ns3:cad>93</ns3:cad>
          </ns3:TrackPointExtension>
        </extensions>
      </trkpt>
      <trkpt lat="40.40327117778360843658447265625" lon="116.68470396660268306732177734375">
        <ele>86.8000030517578125</ele>
        <time>2026-10-08T15:19:34.000Z</time>
        <extensions>
          <ns3:TrackPointExtension>
            <ns3:hr>163</ns3:hr>
            <ns3:cad>93</ns3:cad>
          </ns3:TrackPointExtension>
        </extensions>
      </trkpt>
      <trkpt lat="40.40324502624571323394775390625" lon="116.68470379896461963653564453125">
        <ele>86.8000030517578125</ele>
        <time>2026-10-08T15:19:35.000Z</time>
        <extensions>
          <ns3:TrackPointExtension>
            <ns3:hr>163</ns3:hr>
            <ns3:cad>93</ns3:cad>
          </ns3:TrackPointExtension>
        </extensions>
      </trkpt>
      <trkpt lat="40.40320613421499729156494140625" lon="116.68469239957630634307861328125">
        <ele>87</ele>
        <time>2026-10-08T15:19:36.000Z</time>
        <extensions>
          <ns3:TrackPointExtension>
            <ns3:hr>162</ns3:hr>
            <ns3:cad>92</ns3:cad>
          </ns3:TrackPointExtension>
        </extensions>
      </trkpt>
      <trkpt lat="40.40318199433386325836181640625" lon="116.68469038791954517364501953125">
        <ele>87</ele>
        <time>2026-10-08T15:19:37.000Z</time>
        <extensions>
          <ns3:TrackPointExtension>
            <ns3:hr>162</ns3:hr>
            <ns3:cad>92</ns3:cad>
          </ns3:TrackPointExtension>
        </extensions>
      </trkpt>
      <trkpt lat="40.403146706521511077880859375" lon="116.6846760548651218414306640625">
        <ele>87</ele>
        <time>2026-10-08T15:19:38.000Z</time>
        <extensions>
          <ns3:TrackPointExtension>
            <ns3:hr>161</ns3:hr>
            <ns3:cad>92</ns3:cad>
          </ns3:TrackPointExtension>
        </extensions>
      </trkpt>
      <trkpt lat="40.40311980061233043670654296875" lon="116.68466960079967975616455078125">
        <ele>86.8000030517578125</ele>
        <time>2026-10-08T15:19:39.000Z</time>
        <extensions>
          <ns3:TrackPointExtension>
            <ns3:hr>161</ns3:hr>
            <ns3:cad>92</ns3:cad>
          </ns3:TrackPointExtension>
        </extensions>
      </trkpt>
      <trkpt lat="40.40309004485607147216796875" lon="116.6846482269465923309326171875">
        <ele>86.8000030517578125</ele>
        <time>2026-10-08T15:19:40.000Z</time>
        <extensions>
          <ns3:TrackPointExtension>
            <ns3:hr>161</ns3:hr>
            <ns3:cad>92</ns3:cad>
          </ns3:TrackPointExtension>
        </extensions>
      </trkpt>
      <trkpt lat="40.40306364186108112335205078125" lon="116.6846297867596149444580078125">
        <ele>86.8000030517578125</ele>
        <time>2026-10-08T15:19:41.000Z</time>
        <extensions>
          <ns3:TrackPointExtension>
            <ns3:hr>160</ns3:hr>
            <ns3:cad>93</ns3:cad>
          </ns3:TrackPointExtension>
        </extensions>
      </trkpt>
      <trkpt lat="40.40304034017026424407958984375" lon="116.68460036627948284149169921875">
        <ele>86.8000030517578125</ele>
        <time>2026-10-08T15:19:42.000Z</time>
        <extensions>
          <ns3:TrackPointExtension>
            <ns3:hr>160</ns3:hr>
            <ns3:cad>93</ns3:cad>
          </ns3:TrackPointExtension>
        </extensions>
      </trkpt>
      <trkpt lat="40.4030137695372104644775390625" lon="116.6845724545419216156005859375">
        <ele>87</ele>
        <time>2026-10-08T15:19:43.000Z</time>
        <extensions>
          <ns3:TrackPointExtension>
            <ns3:hr>160</ns3:hr>
            <ns3:cad>93</ns3:cad>
          </ns3:TrackPointExtension>
        </extensions>
      </trkpt>
      <trkpt lat="40.40299222804605960845947265625" lon="116.6845402680337429046630859375">
        <ele>86.8000030517578125</ele>
        <time>2026-10-08T15:19:44.000Z</time>
        <extensions>
          <ns3:TrackPointExtension>
            <ns3:hr>160</ns3:hr>
            <ns3:cad>93</ns3:cad>
          </ns3:TrackPointExtension>
        </extensions>
      </trkpt>
      <trkpt lat="40.4029686748981475830078125" lon="116.6845040582120418548583984375">
        <ele>87</ele>
        <time>2026-10-08T15:19:45.000Z</time>
        <extensions>
          <ns3:TrackPointExtension>
            <ns3:hr>159</ns3:hr>
            <ns3:cad>93</ns3:cad>
          </ns3:TrackPointExtension>
        </extensions>
      </trkpt>
      <trkpt lat="40.402948223054409027099609375" lon="116.6844722069799900054931640625">
        <ele>86.8000030517578125</ele>
        <time>2026-10-08T15:19:46.000Z</time>
        <extensions>
          <ns3:TrackPointExtension>
            <ns3:hr>159</ns3:hr>
            <ns3:cad>91</ns3:cad>
          </ns3:TrackPointExtension>
        </extensions>
      </trkpt>
      <trkpt lat="40.4029312916100025177001953125" lon="116.68443180620670318603515625">
        <ele>86.8000030517578125</ele>
        <time>2026-10-08T15:19:47.000Z</time>
        <extensions>
          <ns3:TrackPointExtension>
            <ns3:hr>159</ns3:hr>
            <ns3:cad>91</ns3:cad>
          </ns3:TrackPointExtension>
        </extensions>
      </trkpt>
      <trkpt lat="40.40291410870850086212158203125" lon="116.68439920060336589813232421875">
        <ele>86.8000030517578125</ele>
        <time>2026-10-08T15:19:48.000Z</time>
        <extensions>
          <ns3:TrackPointExtension>
            <ns3:hr>159</ns3:hr>
            <ns3:cad>93</ns3:cad>
          </ns3:TrackPointExtension>
        </extensions>
      </trkpt>
      <trkpt lat="40.402902625501155853271484375" lon="116.68435276485979557037353515625">
        <ele>86.8000030517578125</ele>
        <time>2026-10-08T15:19:49.000Z</time>
        <extensions>
          <ns3:TrackPointExtension>
            <ns3:hr>158</ns3:hr>
            <ns3:cad>93</ns3:cad>
          </ns3:TrackPointExtension>
        </extensions>
      </trkpt>
      <trkpt lat="40.4028923995792865753173828125" lon="116.68432074598968029022216796875">
        <ele>86.8000030517578125</ele>
        <time>2026-10-08T15:19:50.000Z</time>
        <extensions>
          <ns3:TrackPointExtension>
            <ns3:hr>158</ns3:hr>
            <ns3:cad>93</ns3:cad>
          </ns3:TrackPointExtension>
        </extensions>
      </trkpt>
      <trkpt lat="40.402889549732208251953125" lon="116.68427397496998310089111328125">
        <ele>87</ele>
        <time>2026-10-08T15:19:51.000Z</time>
        <extensions>
          <ns3:TrackPointExtension>
            <ns3:hr>157</ns3:hr>
            <ns3:cad>93</ns3:cad>
          </ns3:TrackPointExtension>
        </extensions>
      </trkpt>
      <trkpt lat="40.40288376621901988983154296875" lon="116.68423910625278949737548828125">
        <ele>87</ele>
        <time>2026-10-08T15:19:52.000Z</time>
        <extensions>
          <ns3:TrackPointExtension>
            <ns3:hr>156</ns3:hr>
            <ns3:cad>93</ns3:cad>
          </ns3:TrackPointExtension>
        </extensions>
      </trkpt>
      <trkpt lat="40.40288150310516357421875" lon="116.68419199995696544647216796875">
        <ele>87</ele>
        <time>2026-10-08T15:19:53.000Z</time>
        <extensions>
          <ns3:TrackPointExtension>
            <ns3:hr>155</ns3:hr>
            <ns3:cad>93</ns3:cad>
          </ns3:TrackPointExtension>
        </extensions>
      </trkpt>
      <trkpt lat="40.40287454612553119659423828125" lon="116.6841550357639789581298828125">
        <ele>87</ele>
        <time>2026-10-08T15:19:54.000Z</time>
        <extensions>
          <ns3:TrackPointExtension>
            <ns3:hr>154</ns3:hr>
            <ns3:cad>93</ns3:cad>
          </ns3:TrackPointExtension>
        </extensions>
      </trkpt>
      <trkpt lat="40.402874462306499481201171875" lon="116.6841168142855167388916015625">
        <ele>87</ele>
        <time>2026-10-08T15:19:55.000Z</time>
        <extensions>
          <ns3:TrackPointExtension>
            <ns3:hr>154</ns3:hr>
            <ns3:cad>92</ns3:cad>
          </ns3:TrackPointExtension>
        </extensions>
      </trkpt>
      <trkpt lat="40.402875132858753204345703125" lon="116.6840759105980396270751953125">
        <ele>87</ele>
        <time>2026-10-08T15:19:56.000Z</time>
        <extensions>
          <ns3:TrackPointExtension>
            <ns3:hr>154</ns3:hr>
            <ns3:cad>92</ns3:cad>
          </ns3:TrackPointExtension>
        </extensions>
      </trkpt>
      <trkpt lat="40.40288041345775127410888671875" lon="116.68403777293860912322998046875">
        <ele>87</ele>
        <time>2026-10-08T15:19:57.000Z</time>
        <extensions>
          <ns3:TrackPointExtension>
            <ns3:hr>153</ns3:hr>
            <ns3:cad>92</ns3:cad>
          </ns3:TrackPointExtension>
        </extensions>
      </trkpt>
      <trkpt lat="40.40288879536092281341552734375" lon="116.68399284593760967254638671875">
        <ele>87</ele>
        <time>2026-10-08T15:19:58.000Z</time>
        <extensions>
          <ns3:TrackPointExtension>
            <ns3:hr>154</ns3:hr>
            <ns3:cad>94</ns3:cad>
          </ns3:TrackPointExtension>
        </extensions>
      </trkpt>
      <trkpt lat="40.402895919978618621826171875" lon="116.68395697139203548431396484375">
        <ele>87</ele>
        <time>2026-10-08T15:19:59.000Z</time>
        <extensions>
          <ns3:TrackPointExtension>
            <ns3:hr>154</ns3:hr>
            <ns3:cad>94</ns3:cad>
          </ns3:TrackPointExtension>
        </extensions>
      </trkpt>
      <trkpt lat="40.40291360579431056976318359375" lon="116.683911122381687164306640625">
        <ele>87</ele>
        <time>2026-10-08T15:20:00.000Z</time>
        <extensions>
          <ns3:TrackPointExtension>
            <ns3:hr>154</ns3:hr>
            <ns3:cad>94</ns3:cad>
          </ns3:TrackPointExtension>
        </extensions>
      </trkpt>
      <trkpt lat="40.4029245860874652862548828125" lon="116.6838744096457958221435546875">
        <ele>87</ele>
        <time>2026-10-08T15:20:01.000Z</time>
        <extensions>
          <ns3:TrackPointExtension>
            <ns3:hr>154</ns3:hr>
            <ns3:cad>94</ns3:cad>
          </ns3:TrackPointExtension>
        </extensions>
      </trkpt>
      <trkpt lat="40.4029493965208530426025390625" lon="116.683835685253143310546875">
        <ele>87</ele>
        <time>2026-10-08T15:20:02.000Z</time>
        <extensions>
          <ns3:TrackPointExtension>
            <ns3:hr>154</ns3:hr>
            <ns3:cad>92</ns3:cad>
          </ns3:TrackPointExtension>
        </extensions>
      </trkpt>
      <trkpt lat="40.40295953862369060516357421875" lon="116.683805175125598907470703125">
        <ele>87</ele>
        <time>2026-10-08T15:20:03.000Z</time>
        <extensions>
          <ns3:TrackPointExtension>
            <ns3:hr>155</ns3:hr>
            <ns3:cad>92</ns3:cad>
          </ns3:TrackPointExtension>
        </extensions>
      </trkpt>
      <trkpt lat="40.40298485197126865386962890625" lon="116.683768965303897857666015625">
        <ele>86.8000030517578125</ele>
        <time>2026-10-08T15:20:04.000Z</time>
        <extensions>
          <ns3:TrackPointExtension>
            <ns3:hr>154</ns3:hr>
            <ns3:cad>93</ns3:cad>
          </ns3:TrackPointExtension>
        </extensions>
      </trkpt>
      <trkpt lat="40.40299859829246997833251953125" lon="116.6837402991950511932373046875">
        <ele>86.8000030517578125</ele>
        <time>2026-10-08T15:20:05.000Z</time>
        <extensions>
          <ns3:TrackPointExtension>
            <ns3:hr>155</ns3:hr>
            <ns3:cad>92</ns3:cad>
          </ns3:TrackPointExtension>
        </extensions>
      </trkpt>
      <trkpt lat="40.4030224867165088653564453125" lon="116.68370450846850872039794921875">
        <ele>87</ele>
        <time>2026-10-08T15:20:06.000Z</time>
        <extensions>
          <ns3:TrackPointExtension>
            <ns3:hr>155</ns3:hr>
            <ns3:cad>92</ns3:cad>
          </ns3:TrackPointExtension>
        </extensions>
      </trkpt>
      <trkpt lat="40.40303749032318592071533203125" lon="116.68367031030356884002685546875">
        <ele>86.8000030517578125</ele>
        <time>2026-10-08T15:20:07.000Z</time>
        <extensions>
          <ns3:TrackPointExtension>
            <ns3:hr>155</ns3:hr>
            <ns3:cad>94</ns3:cad>
          </ns3:TrackPointExtension>
        </extensions>
      </trkpt>
      <trkpt lat="40.40306246839463710784912109375" lon="116.68363519012928009033203125">
        <ele>86.8000030517578125</ele>
        <time>2026-10-08T15:20:08.000Z</time>
        <extensions>
          <ns3:TrackPointExtension>
            <ns3:hr>154</ns3:hr>
            <ns3:cad>94</ns3:cad>
          </ns3:TrackPointExtension>
        </extensions>
      </trkpt>
      <trkpt lat="40.4030893743038177490234375" lon="116.6836095415055751800537109375">
        <ele>86.8000030517578125</ele>
        <time>2026-10-08T15:20:09.000Z</time>
        <extensions>
          <ns3:TrackPointExtension>
            <ns3:hr>155</ns3:hr>
            <ns3:cad>94</ns3:cad>
          </ns3:TrackPointExtension>
        </extensions>
      </trkpt>
      <trkpt lat="40.40311628021299839019775390625" lon="116.68359361588954925537109375">
        <ele>86.8000030517578125</ele>
        <time>2026-10-08T15:20:10.000Z</time>
        <extensions>
          <ns3:TrackPointExtension>
            <ns3:hr>155</ns3:hr>
            <ns3:cad>94</ns3:cad>
          </ns3:TrackPointExtension>
        </extensions>
      </trkpt>
      <trkpt lat="40.40315173566341400146484375" lon="116.68357894755899906158447265625">
        <ele>86.8000030517578125</ele>
        <time>2026-10-08T15:20:11.000Z</time>
        <extensions>
          <ns3:TrackPointExtension>
            <ns3:hr>155</ns3:hr>
            <ns3:cad>93</ns3:cad>
          </ns3:TrackPointExtension>
        </extensions>
      </trkpt>
      <trkpt lat="40.40318098850548267364501953125" lon="116.68356570415198802947998046875">
        <ele>86.8000030517578125</ele>
        <time>2026-10-08T15:20:12.000Z</time>
        <extensions>
          <ns3:TrackPointExtension>
            <ns3:hr>154</ns3:hr>
            <ns3:cad>93</ns3:cad>
          </ns3:TrackPointExtension>
        </extensions>
      </trkpt>
      <trkpt lat="40.40321820415556430816650390625" lon="116.6835569031536579132080078125">
        <ele>86.8000030517578125</ele>
        <time>2026-10-08T15:20:13.000Z</time>
        <extensions>
          <ns3:TrackPointExtension>
            <ns3:hr>155</ns3:hr>
            <ns3:cad>93</ns3:cad>
          </ns3:TrackPointExtension>
        </extensions>
      </trkpt>
      <trkpt lat="40.40324703790247440338134765625" lon="116.68355011381208896636962890625">
        <ele>86.8000030517578125</ele>
        <time>2026-10-08T15:20:14.000Z</time>
        <extensions>
          <ns3:TrackPointExtension>
            <ns3:hr>155</ns3:hr>
            <ns3:cad>93</ns3:cad>
          </ns3:TrackPointExtension>
        </extensions>
      </trkpt>
      <trkpt lat="40.40328106842935085296630859375" lon="116.6835473477840423583984375">
        <ele>86.8000030517578125</ele>
        <time>2026-10-08T15:20:15.000Z</time>
        <extensions>
          <ns3:TrackPointExtension>
            <ns3:hr>155</ns3:hr>
            <ns3:cad>93</ns3:cad>
          </ns3:TrackPointExtension>
        </extensions>
      </trkpt>
      <trkpt lat="40.40331065654754638671875" lon="116.6835455037653446197509765625">
        <ele>86.8000030517578125</ele>
        <time>2026-10-08T15:20:16.000Z</time>
        <extensions>
          <ns3:TrackPointExtension>
            <ns3:hr>155</ns3:hr>
            <ns3:cad>93</ns3:cad>
          </ns3:TrackPointExtension>
        </extensions>
      </trkpt>
      <trkpt lat="40.40334996767342090606689453125" lon="116.68355028145015239715576171875">
        <ele>86.8000030517578125</ele>
        <time>2026-10-08T15:20:17.000Z</time>
        <extensions>
          <ns3:TrackPointExtension>
            <ns3:hr>155</ns3:hr>
            <ns3:cad>93</ns3:cad>
          </ns3:TrackPointExtension>
        </extensions>
      </trkpt>
      <trkpt lat="40.403381399810314178466796875" lon="116.68354642577469348907470703125">
        <ele>86.8000030517578125</ele>
        <time>2026-10-08T15:20:18.000Z</time>
        <extensions>
          <ns3:TrackPointExtension>
            <ns3:hr>154</ns3:hr>
            <ns3:cad>93</ns3:cad>
          </ns3:TrackPointExtension>
        </extensions>
      </trkpt>
      <trkpt lat="40.40341936983168125152587890625" lon="116.68354759924113750457763671875">
        <ele>86.8000030517578125</ele>
        <time>2026-10-08T15:20:19.000Z</time>
        <extensions>
          <ns3:TrackPointExtension>
            <ns3:hr>153</ns3:hr>
            <ns3:cad>92</ns3:cad>
          </ns3:TrackPointExtension>
        </extensions>
      </trkpt>
      <trkpt lat="40.4034486226737499237060546875" lon="116.683543659746646881103515625">
        <ele>86.8000030517578125</ele>
        <time>2026-10-08T15:20:20.000Z</time>
        <extensions>
          <ns3:TrackPointExtension>
            <ns3:hr>152</ns3:hr>
            <ns3:cad>92</ns3:cad>
          </ns3:TrackPointExtension>
        </extensions>
      </trkpt>
      <trkpt lat="40.40348491631448268890380859375" lon="116.68354374356567859649658203125">
        <ele>86.8000030517578125</ele>
        <time>2026-10-08T15:20:21.000Z</time>
        <extensions>
          <ns3:TrackPointExtension>
            <ns3:hr>152</ns3:hr>
            <ns3:cad>92</ns3:cad>
          </ns3:TrackPointExtension>
        </extensions>
      </trkpt>
      <trkpt lat="40.40351517498493194580078125" lon="116.683540977537631988525390625">
        <ele>86.8000030517578125</ele>
        <time>2026-10-08T15:20:22.000Z</time>
        <extensions>
          <ns3:TrackPointExtension>
            <ns3:hr>152</ns3:hr>
            <ns3:cad>92</ns3:cad>
          </ns3:TrackPointExtension>
        </extensions>
      </trkpt>
      <trkpt lat="40.40355029515922069549560546875" lon="116.683540977537631988525390625">
        <ele>86.8000030517578125</ele>
        <time>2026-10-08T15:20:23.000Z</time>
        <extensions>
          <ns3:TrackPointExtension>
            <ns3:hr>152</ns3:hr>
            <ns3:cad>93</ns3:cad>
          </ns3:TrackPointExtension>
        </extensions>
      </trkpt>
      <trkpt lat="40.40357954800128936767578125" lon="116.68353519402444362640380859375">
        <ele>86.8000030517578125</ele>
        <time>2026-10-08T15:20:24.000Z</time>
        <extensions>
          <ns3:TrackPointExtension>
            <ns3:hr>152</ns3:hr>
            <ns3:cad>93</ns3:cad>
          </ns3:TrackPointExtension>
        </extensions>
      </trkpt>
      <trkpt lat="40.4036108963191509246826171875" lon="116.6835341043770313262939453125">
        <ele>86.8000030517578125</ele>
        <time>2026-10-08T15:20:25.000Z</time>
        <extensions>
          <ns3:TrackPointExtension>
            <ns3:hr>152</ns3:hr>
            <ns3:cad>93</ns3:cad>
          </ns3:TrackPointExtension>
        </extensions>
      </trkpt>
      <trkpt lat="40.40364257991313934326171875" lon="116.683534272015094757080078125">
        <ele>86.8000030517578125</ele>
        <time>2026-10-08T15:20:26.000Z</time>
        <extensions>
          <ns3:TrackPointExtension>
            <ns3:hr>152</ns3:hr>
            <ns3:cad>93</ns3:cad>
          </ns3:TrackPointExtension>
        </extensions>
      </trkpt>
      <trkpt lat="40.4036695696413516998291015625" lon="116.68353192508220672607421875">
        <ele>86.8000030517578125</ele>
        <time>2026-10-08T15:20:27.000Z</time>
        <extensions>
          <ns3:TrackPointExtension>
            <ns3:hr>152</ns3:hr>
            <ns3:cad>93</ns3:cad>
          </ns3:TrackPointExtension>
        </extensions>
      </trkpt>
      <trkpt lat="40.4037024267017841339111328125" lon="116.683532260358333587646484375">
        <ele>86.8000030517578125</ele>
        <time>2026-10-08T15:20:28.000Z</time>
        <extensions>
          <ns3:TrackPointExtension>
            <ns3:hr>152</ns3:hr>
            <ns3:cad>93</ns3:cad>
          </ns3:TrackPointExtension>
        </extensions>
      </trkpt>
      <trkpt lat="40.403729416429996490478515625" lon="116.68352899141609668731689453125">
        <ele>87</ele>
        <time>2026-10-08T15:20:29.000Z</time>
        <extensions>
          <ns3:TrackPointExtension>
            <ns3:hr>152</ns3:hr>
            <ns3:cad>91</ns3:cad>
          </ns3:TrackPointExtension>
        </extensions>
      </trkpt>
      <trkpt lat="40.4037644527852535247802734375" lon="116.6835297457873821258544921875">
        <ele>87</ele>
        <time>2026-10-08T15:20:30.000Z</time>
        <extensions>
          <ns3:TrackPointExtension>
            <ns3:hr>152</ns3:hr>
            <ns3:cad>91</ns3:cad>
          </ns3:TrackPointExtension>
        </extensions>
      </trkpt>
      <trkpt lat="40.4037909395992755889892578125" lon="116.6835243813693523406982421875">
        <ele>87</ele>
        <time>2026-10-08T15:20:31.000Z</time>
        <extensions>
          <ns3:TrackPointExtension>
            <ns3:hr>152</ns3:hr>
            <ns3:cad>91</ns3:cad>
          </ns3:TrackPointExtension>
        </extensions>
      </trkpt>
      <trkpt lat="40.40382421575486660003662109375" lon="116.68352563865482807159423828125">
        <ele>86.8000030517578125</ele>
        <time>2026-10-08T15:20:32.000Z</time>
        <extensions>
          <ns3:TrackPointExtension>
            <ns3:hr>152</ns3:hr>
            <ns3:cad>94</ns3:cad>
          </ns3:TrackPointExtension>
        </extensions>
      </trkpt>
      <trkpt lat="40.40385707281529903411865234375" lon="116.68353200890123844146728515625">
        <ele>86.8000030517578125</ele>
        <time>2026-10-08T15:20:33.000Z</time>
        <extensions>
          <ns3:TrackPointExtension>
            <ns3:hr>152</ns3:hr>
            <ns3:cad>94</ns3:cad>
          </ns3:TrackPointExtension>
        </extensions>
      </trkpt>
      <trkpt lat="40.4038871638476848602294921875" lon="116.6835287399590015411376953125">
        <ele>86.8000030517578125</ele>
        <time>2026-10-08T15:20:34.000Z</time>
        <extensions>
          <ns3:TrackPointExtension>
            <ns3:hr>152</ns3:hr>
            <ns3:cad>94</ns3:cad>
          </ns3:TrackPointExtension>
        </extensions>
      </trkpt>
      <trkpt lat="40.403914153575897216796875" lon="116.68352697975933551788330078125">
        <ele>86.8000030517578125</ele>
        <time>2026-10-08T15:20:35.000Z</time>
        <extensions>
          <ns3:TrackPointExtension>
            <ns3:hr>152</ns3:hr>
            <ns3:cad>93</ns3:cad>
          </ns3:TrackPointExtension>
        </extensions>
      </trkpt>
      <trkpt lat="40.4039461724460124969482421875" lon="116.68352513574063777923583984375">
        <ele>86.8000030517578125</ele>
        <time>2026-10-08T15:20:36.000Z</time>
        <extensions>
          <ns3:TrackPointExtension>
            <ns3:hr>151</ns3:hr>
            <ns3:cad>93</ns3:cad>
          </ns3:TrackPointExtension>
        </extensions>
      </trkpt>
      <trkpt lat="40.4039773531258106231689453125" lon="116.68352379463613033294677734375">
        <ele>86.8000030517578125</ele>
        <time>2026-10-08T15:20:37.000Z</time>
        <extensions>
          <ns3:TrackPointExtension>
            <ns3:hr>159</ns3:hr>
            <ns3:cad>93</ns3:cad>
          </ns3:TrackPointExtension>
        </extensions>
      </trkpt>
      <trkpt lat="40.404010713100433349609375" lon="116.68352865613996982574462890625">
        <ele>86.8000030517578125</ele>
        <time>2026-10-08T15:20:38.000Z</time>
        <extensions>
          <ns3:TrackPointExtension>
            <ns3:hr>158</ns3:hr>
            <ns3:cad>93</ns3:cad>
          </ns3:TrackPointExtension>
        </extensions>
      </trkpt>
      <trkpt lat="40.404042564332485198974609375" lon="116.68353058397769927978515625">
        <ele>86.59999847412109375</ele>
        <time>2026-10-08T15:20:39.000Z</time>
        <extensions>
          <ns3:TrackPointExtension>
            <ns3:hr>158</ns3:hr>
            <ns3:cad>92</ns3:cad>
          </ns3:TrackPointExtension>
        </extensions>
      </trkpt>
      <trkpt lat="40.4040732420980930328369140625" lon="116.68352848850190639495849609375">
        <ele>86.59999847412109375</ele>
        <time>2026-10-08T15:20:40.000Z</time>
        <extensions>
          <ns3:TrackPointExtension>
            <ns3:hr>159</ns3:hr>
            <ns3:cad>93</ns3:cad>
          </ns3:TrackPointExtension>
        </extensions>
      </trkpt>
      <trkpt lat="40.40410526096820831298828125" lon="116.68353184126317501068115234375">
        <ele>86.59999847412109375</ele>
        <time>2026-10-08T15:20:41.000Z</time>
        <extensions>
          <ns3:TrackPointExtension>
            <ns3:hr>158</ns3:hr>
            <ns3:cad>93</ns3:cad>
          </ns3:TrackPointExtension>
        </extensions>
      </trkpt>
      <trkpt lat="40.40413736365735530853271484375" lon="116.683536283671855926513671875">
        <ele>86.59999847412109375</ele>
        <time>2026-10-08T15:20:42.000Z</time>
        <extensions>
          <ns3:TrackPointExtension>
            <ns3:hr>160</ns3:hr>
            <ns3:cad>93</ns3:cad>
          </ns3:TrackPointExtension>
        </extensions>
      </trkpt>
      <trkpt lat="40.404167957603931427001953125" lon="116.68355380184948444366455078125">
        <ele>86.59999847412109375</ele>
        <time>2026-10-08T15:20:43.000Z</time>
        <extensions>
          <ns3:TrackPointExtension>
            <ns3:hr>161</ns3:hr>
            <ns3:cad>93</ns3:cad>
          </ns3:TrackPointExtension>
        </extensions>
      </trkpt>
      <trkpt lat="40.40419855155050754547119140625" lon="116.68356670998036861419677734375">
        <ele>86.59999847412109375</ele>
        <time>2026-10-08T15:20:44.000Z</time>
        <extensions>
          <ns3:TrackPointExtension>
            <ns3:hr>161</ns3:hr>
            <ns3:cad>92</ns3:cad>
          </ns3:TrackPointExtension>
        </extensions>
      </trkpt>
      <trkpt lat="40.40422420017421245574951171875" lon="116.6835822165012359619140625">
        <ele>86.59999847412109375</ele>
        <time>2026-10-08T15:20:45.000Z</time>
        <extensions>
          <ns3:TrackPointExtension>
            <ns3:hr>161</ns3:hr>
            <ns3:cad>91</ns3:cad>
          </ns3:TrackPointExtension>
        </extensions>
      </trkpt>
      <trkpt lat="40.4042542912065982818603515625" lon="116.6836009919643402099609375">
        <ele>86.8000030517578125</ele>
        <time>2026-10-08T15:20:46.000Z</time>
        <extensions>
          <ns3:TrackPointExtension>
            <ns3:hr>160</ns3:hr>
            <ns3:cad>91</ns3:cad>
          </ns3:TrackPointExtension>
        </extensions>
      </trkpt>
      <trkpt lat="40.404277928173542022705078125" lon="116.6836216114461421966552734375">
        <ele>86.8000030517578125</ele>
        <time>2026-10-08T15:20:47.000Z</time>
        <extensions>
          <ns3:TrackPointExtension>
            <ns3:hr>161</ns3:hr>
            <ns3:cad>91</ns3:cad>
          </ns3:TrackPointExtension>
        </extensions>
      </trkpt>
      <trkpt lat="40.40430818684399127960205078125" lon="116.68363410048186779022216796875">
        <ele>86.8000030517578125</ele>
        <time>2026-10-08T15:20:48.000Z</time>
        <extensions>
          <ns3:TrackPointExtension>
            <ns3:hr>162</ns3:hr>
            <ns3:cad>91</ns3:cad>
          </ns3:TrackPointExtension>
        </extensions>
      </trkpt>
      <trkpt lat="40.40433031506836414337158203125" lon="116.6836591623723506927490234375">
        <ele>86.8000030517578125</ele>
        <time>2026-10-08T15:20:49.000Z</time>
        <extensions>
          <ns3:TrackPointExtension>
            <ns3:hr>162</ns3:hr>
            <ns3:cad>93</ns3:cad>
          </ns3:TrackPointExtension>
        </extensions>
      </trkpt>
      <trkpt lat="40.4043599031865596771240234375" lon="116.68368338607251644134521484375">
        <ele>86.8000030517578125</ele>
        <time>2026-10-08T15:20:50.000Z</time>
        <extensions>
          <ns3:TrackPointExtension>
            <ns3:hr>162</ns3:hr>
            <ns3:cad>93</ns3:cad>
          </ns3:TrackPointExtension>
        </extensions>
      </trkpt>
      <trkpt lat="40.40438362397253513336181640625" lon="116.68371406383812427520751953125">
        <ele>86.8000030517578125</ele>
        <time>2026-10-08T15:20:51.000Z</time>
        <extensions>
          <ns3:TrackPointExtension>
            <ns3:hr>162</ns3:hr>
            <ns3:cad>93</ns3:cad>
          </ns3:TrackPointExtension>
        </extensions>
      </trkpt>
      <trkpt lat="40.4044065065681934356689453125" lon="116.68374323286116123199462890625">
        <ele>86.8000030517578125</ele>
        <time>2026-10-08T15:20:52.000Z</time>
        <extensions>
          <ns3:TrackPointExtension>
            <ns3:hr>161</ns3:hr>
            <ns3:cad>93</ns3:cad>
          </ns3:TrackPointExtension>
        </extensions>
      </trkpt>
      <trkpt lat="40.4044259525835514068603515625" lon="116.6837775148451328277587890625">
        <ele>87</ele>
        <time>2026-10-08T15:20:53.000Z</time>
        <extensions>
          <ns3:TrackPointExtension>
            <ns3:hr>161</ns3:hr>
            <ns3:cad>93</ns3:cad>
          </ns3:TrackPointExtension>
        </extensions>
      </trkpt>
      <trkpt lat="40.4044433869421482086181640625" lon="116.68381213210523128509521484375">
        <ele>86.8000030517578125</ele>
        <time>2026-10-08T15:20:54.000Z</time>
        <extensions>
          <ns3:TrackPointExtension>
            <ns3:hr>162</ns3:hr>
            <ns3:cad>92</ns3:cad>
          </ns3:TrackPointExtension>
        </extensions>
      </trkpt>
      <trkpt lat="40.40446023456752300262451171875" lon="116.6838445700705051422119140625">
        <ele>86.8000030517578125</ele>
        <time>2026-10-08T15:20:55.000Z</time>
        <extensions>
          <ns3:TrackPointExtension>
            <ns3:hr>160</ns3:hr>
            <ns3:cad>92</ns3:cad>
          </ns3:TrackPointExtension>
        </extensions>
      </trkpt>
      <trkpt lat="40.4044772498309612274169921875" lon="116.6838777624070644378662109375">
        <ele>86.8000030517578125</ele>
        <time>2026-10-08T15:20:56.000Z</time>
        <extensions>
          <ns3:TrackPointExtension>
            <ns3:hr>162</ns3:hr>
            <ns3:cad>93</ns3:cad>
          </ns3:TrackPointExtension>
        </extensions>
      </trkpt>
      <trkpt lat="40.40449208579957485198974609375" lon="116.68391237966716289520263671875">
        <ele>86.59999847412109375</ele>
        <time>2026-10-08T15:20:57.000Z</time>
        <extensions>
          <ns3:TrackPointExtension>
            <ns3:hr>161</ns3:hr>
            <ns3:cad>93</ns3:cad>
          </ns3:TrackPointExtension>
        </extensions>
      </trkpt>
      <trkpt lat="40.40450130589306354522705078125" lon="116.68395210988819599151611328125">
        <ele>86.59999847412109375</ele>
        <time>2026-10-08T15:20:58.000Z</time>
        <extensions>
          <ns3:TrackPointExtension>
            <ns3:hr>160</ns3:hr>
            <ns3:cad>92</ns3:cad>
          </ns3:TrackPointExtension>
        </extensions>
      </trkpt>
      <trkpt lat="40.4045094363391399383544921875" lon="116.68398831970989704132080078125">
        <ele>86.40000152587890625</ele>
        <time>2026-10-08T15:20:59.000Z</time>
        <extensions>
          <ns3:TrackPointExtension>
            <ns3:hr>161</ns3:hr>
            <ns3:cad>92</ns3:cad>
          </ns3:TrackPointExtension>
        </extensions>
      </trkpt>
      <trkpt lat="40.404516644775867462158203125" lon="116.68402687646448612213134765625">
        <ele>86.40000152587890625</ele>
        <time>2026-10-08T15:21:00.000Z</time>
        <extensions>
          <ns3:TrackPointExtension>
            <ns3:hr>160</ns3:hr>
            <ns3:cad>92</ns3:cad>
          </ns3:TrackPointExtension>
        </extensions>
      </trkpt>
      <trkpt lat="40.404524020850658416748046875" lon="116.68406526558101177215576171875">
        <ele>86.40000152587890625</ele>
        <time>2026-10-08T15:21:01.000Z</time>
        <extensions>
          <ns3:TrackPointExtension>
            <ns3:hr>161</ns3:hr>
            <ns3:cad>92</ns3:cad>
          </ns3:TrackPointExtension>
        </extensions>
      </trkpt>
      <trkpt lat="40.40452242828905582427978515625" lon="116.68410918675363063812255859375">
        <ele>86.40000152587890625</ele>
        <time>2026-10-08T15:21:02.000Z</time>
        <extensions>
          <ns3:TrackPointExtension>
            <ns3:hr>162</ns3:hr>
            <ns3:cad>92</ns3:cad>
          </ns3:TrackPointExtension>
        </extensions>
      </trkpt>
      <trkpt lat="40.40452695451676845550537109375" lon="116.68415025807917118072509765625">
        <ele>86.40000152587890625</ele>
        <time>2026-10-08T15:21:03.000Z</time>
        <extensions>
          <ns3:TrackPointExtension>
            <ns3:hr>162</ns3:hr>
            <ns3:cad>91</ns3:cad>
          </ns3:TrackPointExtension>
        </extensions>
      </trkpt>
      <trkpt lat="40.4045211710035800933837890625" lon="116.68419401161372661590576171875">
        <ele>86.40000152587890625</ele>
        <time>2026-10-08T15:21:04.000Z</time>
        <extensions>
          <ns3:TrackPointExtension>
            <ns3:hr>164</ns3:hr>
            <ns3:cad>91</ns3:cad>
          </ns3:TrackPointExtension>
        </extensions>
      </trkpt>
      <trkpt lat="40.40452293120324611663818359375" lon="116.6842257790267467498779296875">
        <ele>86.59999847412109375</ele>
        <time>2026-10-08T15:21:05.000Z</time>
        <extensions>
          <ns3:TrackPointExtension>
            <ns3:hr>162</ns3:hr>
            <ns3:cad>93</ns3:cad>
          </ns3:TrackPointExtension>
        </extensions>
      </trkpt>
      <trkpt lat="40.4045148007571697235107421875" lon="116.6842690296471118927001953125">
        <ele>86.40000152587890625</ele>
        <time>2026-10-08T15:21:06.000Z</time>
        <extensions>
          <ns3:TrackPointExtension>
            <ns3:hr>162</ns3:hr>
            <ns3:cad>93</ns3:cad>
          </ns3:TrackPointExtension>
        </extensions>
      </trkpt>
      <trkpt lat="40.4045124538242816925048828125" lon="116.68430297635495662689208984375">
        <ele>86.40000152587890625</ele>
        <time>2026-10-08T15:21:07.000Z</time>
        <extensions>
          <ns3:TrackPointExtension>
            <ns3:hr>164</ns3:hr>
            <ns3:cad>93</ns3:cad>
          </ns3:TrackPointExtension>
        </extensions>
      </trkpt>
      <trkpt lat="40.4045007191598415374755859375" lon="116.68434069491922855377197265625">
        <ele>86.40000152587890625</ele>
        <time>2026-10-08T15:21:08.000Z</time>
        <extensions>
          <ns3:TrackPointExtension>
            <ns3:hr>162</ns3:hr>
            <ns3:cad>93</ns3:cad>
          </ns3:TrackPointExtension>
        </extensions>
      </trkpt>
      <trkpt lat="40.40449024178087711334228515625" lon="116.68437707237899303436279296875">
        <ele>86.40000152587890625</ele>
        <time>2026-10-08T15:21:09.000Z</time>
        <extensions>
          <ns3:TrackPointExtension>
            <ns3:hr>163</ns3:hr>
            <ns3:cad>93</ns3:cad>
          </ns3:TrackPointExtension>
        </extensions>
      </trkpt>
      <trkpt lat="40.404478423297405242919921875" lon="116.6844155453145503997802734375">
        <ele>86.40000152587890625</ele>
        <time>2026-10-08T15:21:10.000Z</time>
        <extensions>
          <ns3:TrackPointExtension>
            <ns3:hr>164</ns3:hr>
            <ns3:cad>93</ns3:cad>
          </ns3:TrackPointExtension>
        </extensions>
      </trkpt>
      <trkpt lat="40.404460318386554718017578125" lon="116.68445200659334659576416015625">
        <ele>86.40000152587890625</ele>
        <time>2026-10-08T15:21:11.000Z</time>
        <extensions>
          <ns3:TrackPointExtension>
            <ns3:hr>163</ns3:hr>
            <ns3:cad>93</ns3:cad>
          </ns3:TrackPointExtension>
        </extensions>
      </trkpt>
      <trkpt lat="40.4044450633227825164794921875" lon="116.684483774006366729736328125">
        <ele>86.40000152587890625</ele>
        <time>2026-10-08T15:21:12.000Z</time>
        <extensions>
          <ns3:TrackPointExtension>
            <ns3:hr>164</ns3:hr>
            <ns3:cad>91</ns3:cad>
          </ns3:TrackPointExtension>
        </extensions>
      </trkpt>
      <trkpt lat="40.40442083962261676788330078125" lon="116.68451872654259204864501953125">
        <ele>86.40000152587890625</ele>
        <time>2026-10-08T15:21:13.000Z</time>
        <extensions>
          <ns3:TrackPointExtension>
            <ns3:hr>164</ns3:hr>
            <ns3:cad>91</ns3:cad>
          </ns3:TrackPointExtension>
        </extensions>
      </trkpt>
      <trkpt lat="40.4043991304934024810791015625" lon="116.6845503263175487518310546875">
        <ele>86.40000152587890625</ele>
        <time>2026-10-08T15:21:14.000Z</time>
        <extensions>
          <ns3:TrackPointExtension>
            <ns3:hr>163</ns3:hr>
            <ns3:cad>93</ns3:cad>
          </ns3:TrackPointExtension>
        </extensions>
      </trkpt>
      <trkpt lat="40.40437339805066585540771484375" lon="116.6845771484076976776123046875">
        <ele>86.40000152587890625</ele>
        <time>2026-10-08T15:21:15.000Z</time>
        <extensions>
          <ns3:TrackPointExtension>
            <ns3:hr>164</ns3:hr>
            <ns3:cad>94</ns3:cad>
          </ns3:TrackPointExtension>
        </extensions>
      </trkpt>
      <trkpt lat="40.404354035854339599609375" lon="116.6846006177365779876708984375">
        <ele>86.40000152587890625</ele>
        <time>2026-10-08T15:21:16.000Z</time>
        <extensions>
          <ns3:TrackPointExtension>
            <ns3:hr>164</ns3:hr>
            <ns3:cad>94</ns3:cad>
          </ns3:TrackPointExtension>
        </extensions>
      </trkpt>
      <trkpt lat="40.40432729758322238922119140625" lon="116.68462199158966541290283203125">
        <ele>86.40000152587890625</ele>
        <time>2026-10-08T15:21:17.000Z</time>
        <extensions>
          <ns3:TrackPointExtension>
            <ns3:hr>162</ns3:hr>
            <ns3:cad>92</ns3:cad>
          </ns3:TrackPointExtension>
        </extensions>
      </trkpt>
      <trkpt lat="40.40430374443531036376953125" lon="116.68464512564241886138916015625">
        <ele>86.40000152587890625</ele>
        <time>2026-10-08T15:21:18.000Z</time>
        <extensions>
          <ns3:TrackPointExtension>
            <ns3:hr>165</ns3:hr>
            <ns3:cad>92</ns3:cad>
          </ns3:TrackPointExtension>
        </extensions>
      </trkpt>
      <trkpt lat="40.404271893203258514404296875" lon="116.6846532560884952545166015625">
        <ele>86.40000152587890625</ele>
        <time>2026-10-08T15:21:19.000Z</time>
        <extensions>
          <ns3:TrackPointExtension>
            <ns3:hr>163</ns3:hr>
            <ns3:cad>92</ns3:cad>
          </ns3:TrackPointExtension>
        </extensions>
      </trkpt>
      <trkpt lat="40.4042479209601879119873046875" lon="116.68466876260936260223388671875">
        <ele>86.40000152587890625</ele>
        <time>2026-10-08T15:21:20.000Z</time>
        <extensions>
          <ns3:TrackPointExtension>
            <ns3:hr>161</ns3:hr>
            <ns3:cad>92</ns3:cad>
          </ns3:TrackPointExtension>
        </extensions>
      </trkpt>
      <trkpt lat="40.404214225709438323974609375" lon="116.68467580340802669525146484375">
        <ele>86.40000152587890625</ele>
        <time>2026-10-08T15:21:21.000Z</time>
        <extensions>
          <ns3:TrackPointExtension>
            <ns3:hr>163</ns3:hr>
            <ns3:cad>90</ns3:cad>
          </ns3:TrackPointExtension>
        </extensions>
      </trkpt>
      <trkpt lat="40.404187738895416259765625" lon="116.68468535877764225006103515625">
        <ele>86.40000152587890625</ele>
        <time>2026-10-08T15:21:22.000Z</time>
        <extensions>
          <ns3:TrackPointExtension>
            <ns3:hr>160</ns3:hr>
            <ns3:cad>92</ns3:cad>
          </ns3:TrackPointExtension>
        </extensions>
      </trkpt>
      <trkpt lat="40.404156558215618133544921875" lon="116.68468468822538852691650390625">
        <ele>86.40000152587890625</ele>
        <time>2026-10-08T15:21:23.000Z</time>
        <extensions>
          <ns3:TrackPointExtension>
            <ns3:hr>162</ns3:hr>
            <ns3:cad>92</ns3:cad>
          </ns3:TrackPointExtension>
        </extensions>
      </trkpt>
      <trkpt lat="40.40412269532680511474609375" lon="116.68469189666211605072021484375">
        <ele>86.40000152587890625</ele>
        <time>2026-10-08T15:21:24.000Z</time>
        <extensions>
          <ns3:TrackPointExtension>
            <ns3:hr>160</ns3:hr>
            <ns3:cad>92</ns3:cad>
          </ns3:TrackPointExtension>
        </extensions>
      </trkpt>
      <trkpt lat="40.40409327484667301177978515625" lon="116.684696339070796966552734375">
        <ele>86.40000152587890625</ele>
        <time>2026-10-08T15:21:25.000Z</time>
        <extensions>
          <ns3:TrackPointExtension>
            <ns3:hr>159</ns3:hr>
            <ns3:cad>92</ns3:cad>
          </ns3:TrackPointExtension>
        </extensions>
      </trkpt>
      <trkpt lat="40.40405622683465480804443359375" lon="116.68470027856528759002685546875">
        <ele>86.40000152587890625</ele>
        <time>2026-10-08T15:21:26.000Z</time>
        <extensions>
          <ns3:TrackPointExtension>
            <ns3:hr>160</ns3:hr>
            <ns3:cad>92</ns3:cad>
          </ns3:TrackPointExtension>
        </extensions>
      </trkpt>
      <trkpt lat="40.40402487851679325103759765625" lon="116.68470480479300022125244140625">
        <ele>86.40000152587890625</ele>
        <time>2026-10-08T15:21:27.000Z</time>
        <extensions>
          <ns3:TrackPointExtension>
            <ns3:hr>157</ns3:hr>
            <ns3:cad>91</ns3:cad>
          </ns3:TrackPointExtension>
        </extensions>
      </trkpt>
      <trkpt lat="40.40399487130343914031982421875" lon="116.6847033798694610595703125">
        <ele>86.40000152587890625</ele>
        <time>2026-10-08T15:21:28.000Z</time>
        <extensions>
          <ns3:TrackPointExtension>
            <ns3:hr>160</ns3:hr>
            <ns3:cad>91</ns3:cad>
          </ns3:TrackPointExtension>
        </extensions>
      </trkpt>
      <trkpt lat="40.40396712720394134521484375" lon="116.6847062297165393829345703125">
        <ele>86.40000152587890625</ele>
        <time>2026-10-08T15:21:29.000Z</time>
        <extensions>
          <ns3:TrackPointExtension>
            <ns3:hr>157</ns3:hr>
            <ns3:cad>91</ns3:cad>
          </ns3:TrackPointExtension>
        </extensions>
      </trkpt>
      <trkpt lat="40.4039371199905872344970703125" lon="116.68470514006912708282470703125">
        <ele>86.40000152587890625</ele>
        <time>2026-10-08T15:21:30.000Z</time>
        <extensions>
          <ns3:TrackPointExtension>
            <ns3:hr>158</ns3:hr>
            <ns3:cad>92</ns3:cad>
          </ns3:TrackPointExtension>
        </extensions>
      </trkpt>
      <trkpt lat="40.40390971116721630096435546875" lon="116.68470882810652256011962890625">
        <ele>86.59999847412109375</ele>
        <time>2026-10-08T15:21:31.000Z</time>
        <extensions>
          <ns3:TrackPointExtension>
            <ns3:hr>156</ns3:hr>
            <ns3:cad>92</ns3:cad>
          </ns3:TrackPointExtension>
        </extensions>
      </trkpt>
      <trkpt lat="40.40387735702097415924072265625" lon="116.68471067212522029876708984375">
        <ele>86.59999847412109375</ele>
        <time>2026-10-08T15:21:32.000Z</time>
        <extensions>
          <ns3:TrackPointExtension>
            <ns3:hr>156</ns3:hr>
            <ns3:cad>92</ns3:cad>
          </ns3:TrackPointExtension>
        </extensions>
      </trkpt>
      <trkpt lat="40.40384919382631778717041015625" lon="116.68471670709550380706787109375">
        <ele>86.59999847412109375</ele>
        <time>2026-10-08T15:21:33.000Z</time>
        <extensions>
          <ns3:TrackPointExtension>
            <ns3:hr>156</ns3:hr>
            <ns3:cad>92</ns3:cad>
          </ns3:TrackPointExtension>
        </extensions>
      </trkpt>
      <trkpt lat="40.40381784550845623016357421875" lon="116.68471285142004489898681640625">
        <ele>86.59999847412109375</ele>
        <time>2026-10-08T15:21:34.000Z</time>
        <extensions>
          <ns3:TrackPointExtension>
            <ns3:hr>155</ns3:hr>
            <ns3:cad>92</ns3:cad>
          </ns3:TrackPointExtension>
        </extensions>
      </trkpt>
      <trkpt lat="40.40378850884735584259033203125" lon="116.68471670709550380706787109375">
        <ele>86.59999847412109375</ele>
        <time>2026-10-08T15:21:35.000Z</time>
        <extensions>
          <ns3:TrackPointExtension>
            <ns3:hr>156</ns3:hr>
            <ns3:cad>92</ns3:cad>
          </ns3:TrackPointExtension>
        </extensions>
      </trkpt>
      <trkpt lat="40.4037567414343357086181640625" lon="116.68471469543874263763427734375">
        <ele>86.40000152587890625</ele>
        <time>2026-10-08T15:21:36.000Z</time>
        <extensions>
          <ns3:TrackPointExtension>
            <ns3:hr>156</ns3:hr>
            <ns3:cad>92</ns3:cad>
          </ns3:TrackPointExtension>
        </extensions>
      </trkpt>
      <trkpt lat="40.40373000316321849822998046875" lon="116.6847169585525989532470703125">
        <ele>86.40000152587890625</ele>
        <time>2026-10-08T15:21:37.000Z</time>
        <extensions>
          <ns3:TrackPointExtension>
            <ns3:hr>157</ns3:hr>
            <ns3:cad>91</ns3:cad>
          </ns3:TrackPointExtension>
        </extensions>
      </trkpt>
      <trkpt lat="40.4036994092166423797607421875" lon="116.68471469543874263763427734375">
        <ele>86.40000152587890625</ele>
        <time>2026-10-08T15:21:38.000Z</time>
        <extensions>
          <ns3:TrackPointExtension>
            <ns3:hr>155</ns3:hr>
            <ns3:cad>91</ns3:cad>
          </ns3:TrackPointExtension>
        </extensions>
      </trkpt>
      <trkpt lat="40.40367166511714458465576171875" lon="116.68471343815326690673828125">
        <ele>86.40000152587890625</ele>
        <time>2026-10-08T15:21:39.000Z</time>
        <extensions>
          <ns3:TrackPointExtension>
            <ns3:hr>157</ns3:hr>
            <ns3:cad>93</ns3:cad>
          </ns3:TrackPointExtension>
        </extensions>
      </trkpt>
      <trkpt lat="40.4036437533795833587646484375" lon="116.684711091220378875732421875">
        <ele>86.40000152587890625</ele>
        <time>2026-10-08T15:21:40.000Z</time>
        <extensions>
          <ns3:TrackPointExtension>
            <ns3:hr>155</ns3:hr>
            <ns3:cad>93</ns3:cad>
          </ns3:TrackPointExtension>
        </extensions>
      </trkpt>
      <trkpt lat="40.4036150872707366943359375" lon="116.6847085766494274139404296875">
        <ele>86.40000152587890625</ele>
        <time>2026-10-08T15:21:41.000Z</time>
        <extensions>
          <ns3:TrackPointExtension>
            <ns3:hr>158</ns3:hr>
            <ns3:cad>93</ns3:cad>
          </ns3:TrackPointExtension>
        </extensions>
      </trkpt>
      <trkpt lat="40.40358315221965312957763671875" lon="116.6847105883061885833740234375">
        <ele>86.40000152587890625</ele>
        <time>2026-10-08T15:21:42.000Z</time>
        <extensions>
          <ns3:TrackPointExtension>
            <ns3:hr>156</ns3:hr>
            <ns3:cad>93</ns3:cad>
          </ns3:TrackPointExtension>
        </extensions>
      </trkpt>
      <trkpt lat="40.40355431847274303436279296875" lon="116.68471075594425201416015625">
        <ele>86.59999847412109375</ele>
        <time>2026-10-08T15:21:43.000Z</time>
        <extensions>
          <ns3:TrackPointExtension>
            <ns3:hr>157</ns3:hr>
            <ns3:cad>93</ns3:cad>
          </ns3:TrackPointExtension>
        </extensions>
      </trkpt>
      <trkpt lat="40.40352414362132549285888671875" lon="116.68471000157296657562255859375">
        <ele>86.59999847412109375</ele>
        <time>2026-10-08T15:21:44.000Z</time>
        <extensions>
          <ns3:TrackPointExtension>
            <ns3:hr>156</ns3:hr>
            <ns3:cad>93</ns3:cad>
          </ns3:TrackPointExtension>
        </extensions>
      </trkpt>
      <trkpt lat="40.4034942202270030975341796875" lon="116.6847065649926662445068359375">
        <ele>86.59999847412109375</ele>
        <time>2026-10-08T15:21:45.000Z</time>
        <extensions>
          <ns3:TrackPointExtension>
            <ns3:hr>157</ns3:hr>
            <ns3:cad>93</ns3:cad>
          </ns3:TrackPointExtension>
        </extensions>
      </trkpt>
      <trkpt lat="40.403465218842029571533203125" lon="116.68470681644976139068603515625">
        <ele>86.40000152587890625</ele>
        <time>2026-10-08T15:21:46.000Z</time>
        <extensions>
          <ns3:TrackPointExtension>
            <ns3:hr>158</ns3:hr>
            <ns3:cad>93</ns3:cad>
          </ns3:TrackPointExtension>
        </extensions>
      </trkpt>
      <trkpt lat="40.40343445725739002227783203125" lon="116.684703044593334197998046875">
        <ele>86.40000152587890625</ele>
        <time>2026-10-08T15:21:47.000Z</time>
        <extensions>
          <ns3:TrackPointExtension>
            <ns3:hr>156</ns3:hr>
            <ns3:cad>92</ns3:cad>
          </ns3:TrackPointExtension>
        </extensions>
      </trkpt>
      <trkpt lat="40.40340445004403591156005859375" lon="116.68470631353557109832763671875">
        <ele>86.1999969482421875</ele>
        <time>2026-10-08T15:21:48.000Z</time>
        <extensions>
          <ns3:TrackPointExtension>
            <ns3:hr>157</ns3:hr>
            <ns3:cad>92</ns3:cad>
          </ns3:TrackPointExtension>
        </extensions>
      </trkpt>
      <trkpt lat="40.403374694287776947021484375" lon="116.684703044593334197998046875">
        <ele>86</ele>
        <time>2026-10-08T15:21:49.000Z</time>
        <extensions>
          <ns3:TrackPointExtension>
            <ns3:hr>155</ns3:hr>
            <ns3:cad>92</ns3:cad>
          </ns3:TrackPointExtension>
        </extensions>
      </trkpt>
      <trkpt lat="40.40334829129278659820556640625" lon="116.68470581062138080596923828125">
        <ele>86</ele>
        <time>2026-10-08T15:21:50.000Z</time>
        <extensions>
          <ns3:TrackPointExtension>
            <ns3:hr>157</ns3:hr>
            <ns3:cad>92</ns3:cad>
          </ns3:TrackPointExtension>
        </extensions>
      </trkpt>
      <trkpt lat="40.403320379555225372314453125" lon="116.6847008652985095977783203125">
        <ele>86</ele>
        <time>2026-10-08T15:21:51.000Z</time>
        <extensions>
          <ns3:TrackPointExtension>
            <ns3:hr>156</ns3:hr>
            <ns3:cad>92</ns3:cad>
          </ns3:TrackPointExtension>
        </extensions>
      </trkpt>
      <trkpt lat="40.4032937251031398773193359375" lon="116.684699356555938720703125">
        <ele>85.8000030517578125</ele>
        <time>2026-10-08T15:21:52.000Z</time>
        <extensions>
          <ns3:TrackPointExtension>
            <ns3:hr>155</ns3:hr>
            <ns3:cad>92</ns3:cad>
          </ns3:TrackPointExtension>
        </extensions>
      </trkpt>
      <trkpt lat="40.40326732210814952850341796875" lon="116.6846928186714649200439453125">
        <ele>85.8000030517578125</ele>
        <time>2026-10-08T15:21:53.000Z</time>
        <extensions>
          <ns3:TrackPointExtension>
            <ns3:hr>156</ns3:hr>
            <ns3:cad>91</ns3:cad>
          </ns3:TrackPointExtension>
        </extensions>
      </trkpt>
      <trkpt lat="40.40323630906641483306884765625" lon="116.6846924833953380584716796875">
        <ele>85.8000030517578125</ele>
        <time>2026-10-08T15:21:54.000Z</time>
        <extensions>
          <ns3:TrackPointExtension>
            <ns3:hr>154</ns3:hr>
            <ns3:cad>90</ns3:cad>
          </ns3:TrackPointExtension>
        </extensions>
      </trkpt>
      <trkpt lat="40.4032055474817752838134765625" lon="116.6846800781786441802978515625">
        <ele>85.59999847412109375</ele>
        <time>2026-10-08T15:21:55.000Z</time>
        <extensions>
          <ns3:TrackPointExtension>
            <ns3:hr>156</ns3:hr>
            <ns3:cad>90</ns3:cad>
          </ns3:TrackPointExtension>
        </extensions>
      </trkpt>
      <trkpt lat="40.40317579172551631927490234375" lon="116.68467462994158267974853515625">
        <ele>85.59999847412109375</ele>
        <time>2026-10-08T15:21:56.000Z</time>
        <extensions>
          <ns3:TrackPointExtension>
            <ns3:hr>155</ns3:hr>
            <ns3:cad>90</ns3:cad>
          </ns3:TrackPointExtension>
        </extensions>
      </trkpt>
      <trkpt lat="40.40314394049346446990966796875" lon="116.68465786613523960113525390625">
        <ele>85.59999847412109375</ele>
        <time>2026-10-08T15:21:57.000Z</time>
        <extensions>
          <ns3:TrackPointExtension>
            <ns3:hr>156</ns3:hr>
            <ns3:cad>90</ns3:cad>
          </ns3:TrackPointExtension>
        </extensions>
      </trkpt>
      <trkpt lat="40.4031177051365375518798828125" lon="116.6846445389091968536376953125">
        <ele>85.59999847412109375</ele>
        <time>2026-10-08T15:21:58.000Z</time>
        <extensions>
          <ns3:TrackPointExtension>
            <ns3:hr>156</ns3:hr>
            <ns3:cad>91</ns3:cad>
          </ns3:TrackPointExtension>
        </extensions>
      </trkpt>
      <trkpt lat="40.4030898772180080413818359375" lon="116.68462266214191913604736328125">
        <ele>85.40000152587890625</ele>
        <time>2026-10-08T15:21:59.000Z</time>
        <extensions>
          <ns3:TrackPointExtension>
            <ns3:hr>155</ns3:hr>
            <ns3:cad>90</ns3:cad>
          </ns3:TrackPointExtension>
        </extensions>
      </trkpt>
      <trkpt lat="40.40306582115590572357177734375" lon="116.684610508382320404052734375">
        <ele>85.40000152587890625</ele>
        <time>2026-10-08T15:22:00.000Z</time>
        <extensions>
          <ns3:TrackPointExtension>
            <ns3:hr>157</ns3:hr>
            <ns3:cad>90</ns3:cad>
          </ns3:TrackPointExtension>
        </extensions>
      </trkpt>
      <trkpt lat="40.4030402563512325286865234375" lon="116.684578992426395416259765625">
        <ele>85.59999847412109375</ele>
        <time>2026-10-08T15:22:01.000Z</time>
        <extensions>
          <ns3:TrackPointExtension>
            <ns3:hr>156</ns3:hr>
            <ns3:cad>90</ns3:cad>
          </ns3:TrackPointExtension>
        </extensions>
      </trkpt>
      <trkpt lat="40.40301896631717681884765625" lon="116.68456046842038631439208984375">
        <ele>85.59999847412109375</ele>
        <time>2026-10-08T15:22:02.000Z</time>
        <extensions>
          <ns3:TrackPointExtension>
            <ns3:hr>155</ns3:hr>
            <ns3:cad>88</ns3:cad>
          </ns3:TrackPointExtension>
        </extensions>
      </trkpt>
      <trkpt lat="40.40299658663570880889892578125" lon="116.684525348246097564697265625">
        <ele>85.59999847412109375</ele>
        <time>2026-10-08T15:22:03.000Z</time>
        <extensions>
          <ns3:TrackPointExtension>
            <ns3:hr>157</ns3:hr>
            <ns3:cad>88</ns3:cad>
          </ns3:TrackPointExtension>
        </extensions>
      </trkpt>
      <trkpt lat="40.40297680534422397613525390625" lon="116.68450229801237583160400390625">
        <ele>85.59999847412109375</ele>
        <time>2026-10-08T15:22:04.000Z</time>
        <extensions>
          <ns3:TrackPointExtension>
            <ns3:hr>155</ns3:hr>
            <ns3:cad>88</ns3:cad>
          </ns3:TrackPointExtension>
        </extensions>
      </trkpt>
      <trkpt lat="40.40295568294823169708251953125" lon="116.6844648309051990509033203125">
        <ele>85.59999847412109375</ele>
        <time>2026-10-08T15:22:05.000Z</time>
        <extensions>
          <ns3:TrackPointExtension>
            <ns3:hr>155</ns3:hr>
            <ns3:cad>90</ns3:cad>
          </ns3:TrackPointExtension>
        </extensions>
      </trkpt>
      <trkpt lat="40.4029391705989837646484375" lon="116.68443641625344753265380859375">
        <ele>85.59999847412109375</ele>
        <time>2026-10-08T15:22:06.000Z</time>
        <extensions>
          <ns3:TrackPointExtension>
            <ns3:hr>158</ns3:hr>
            <ns3:cad>90</ns3:cad>
          </ns3:TrackPointExtension>
        </extensions>
      </trkpt>
      <trkpt lat="40.40292500518262386322021484375" lon="116.68439559638500213623046875">
        <ele>85.59999847412109375</ele>
        <time>2026-10-08T15:22:07.000Z</time>
        <extensions>
          <ns3:TrackPointExtension>
            <ns3:hr>156</ns3:hr>
            <ns3:cad>90</ns3:cad>
          </ns3:TrackPointExtension>
        </extensions>
      </trkpt>
      <trkpt lat="40.40291477926075458526611328125" lon="116.6843605600297451019287109375">
        <ele>85.8000030517578125</ele>
        <time>2026-10-08T15:22:08.000Z</time>
        <extensions>
          <ns3:TrackPointExtension>
            <ns3:hr>158</ns3:hr>
            <ns3:cad>90</ns3:cad>
          </ns3:TrackPointExtension>
        </extensions>
      </trkpt>
      <trkpt lat="40.40290371514856815338134765625" lon="116.68431990779936313629150390625">
        <ele>85.8000030517578125</ele>
        <time>2026-10-08T15:22:09.000Z</time>
        <extensions>
          <ns3:TrackPointExtension>
            <ns3:hr>158</ns3:hr>
            <ns3:cad>90</ns3:cad>
          </ns3:TrackPointExtension>
        </extensions>
      </trkpt>
      <trkpt lat="40.40289399214088916778564453125" lon="116.684283278882503509521484375">
        <ele>85.8000030517578125</ele>
        <time>2026-10-08T15:22:10.000Z</time>
        <extensions>
          <ns3:TrackPointExtension>
            <ns3:hr>156</ns3:hr>
            <ns3:cad>89</ns3:cad>
          </ns3:TrackPointExtension>
        </extensions>
      </trkpt>
      <trkpt lat="40.40288829244673252105712890625" lon="116.6842393577098846435546875">
        <ele>85.59999847412109375</ele>
        <time>2026-10-08T15:22:11.000Z</time>
        <extensions>
          <ns3:TrackPointExtension>
            <ns3:hr>159</ns3:hr>
            <ns3:cad>89</ns3:cad>
          </ns3:TrackPointExtension>
        </extensions>
      </trkpt>
      <trkpt lat="40.4028843529522418975830078125" lon="116.6842013038694858551025390625">
        <ele>85.59999847412109375</ele>
        <time>2026-10-08T15:22:12.000Z</time>
        <extensions>
          <ns3:TrackPointExtension>
            <ns3:hr>159</ns3:hr>
            <ns3:cad>88</ns3:cad>
          </ns3:TrackPointExtension>
        </extensions>
      </trkpt>
      <trkpt lat="40.40288510732352733612060546875" lon="116.68415780179202556610107421875">
        <ele>85.59999847412109375</ele>
        <time>2026-10-08T15:22:13.000Z</time>
        <extensions>
          <ns3:TrackPointExtension>
            <ns3:hr>156</ns3:hr>
            <ns3:cad>88</ns3:cad>
          </ns3:TrackPointExtension>
        </extensions>
      </trkpt>
      <trkpt lat="40.4028850235044956207275390625" lon="116.68411932885646820068359375">
        <ele>85.59999847412109375</ele>
        <time>2026-10-08T15:22:14.000Z</time>
        <extensions>
          <ns3:TrackPointExtension>
            <ns3:hr>158</ns3:hr>
            <ns3:cad>88</ns3:cad>
          </ns3:TrackPointExtension>
        </extensions>
      </trkpt>
      <trkpt lat="40.402885861694812774658203125" lon="116.684075407683849334716796875">
        <ele>85.59999847412109375</ele>
        <time>2026-10-08T15:22:15.000Z</time>
        <extensions>
          <ns3:TrackPointExtension>
            <ns3:hr>158</ns3:hr>
            <ns3:cad>88</ns3:cad>
          </ns3:TrackPointExtension>
        </extensions>
      </trkpt>
      <trkpt lat="40.4028897173702716827392578125" lon="116.684033833444118499755859375">
        <ele>85.8000030517578125</ele>
        <time>2026-10-08T15:22:16.000Z</time>
        <extensions>
          <ns3:TrackPointExtension>
            <ns3:hr>157</ns3:hr>
            <ns3:cad>89</ns3:cad>
          </ns3:TrackPointExtension>
        </extensions>
      </trkpt>
      <trkpt lat="40.40289466269314289093017578125" lon="116.6839934326708316802978515625">
        <ele>85.59999847412109375</ele>
        <time>2026-10-08T15:22:17.000Z</time>
        <extensions>
          <ns3:TrackPointExtension>
            <ns3:hr>160</ns3:hr>
            <ns3:cad>89</ns3:cad>
          </ns3:TrackPointExtension>
        </extensions>
      </trkpt>
      <trkpt lat="40.40290371514856815338134765625" lon="116.6839525289833545684814453125">
        <ele>85.59999847412109375</ele>
        <time>2026-10-08T15:22:18.000Z</time>
        <extensions>
          <ns3:TrackPointExtension>
            <ns3:hr>158</ns3:hr>
            <ns3:cad>89</ns3:cad>
          </ns3:TrackPointExtension>
        </extensions>
      </trkpt>
      <trkpt lat="40.40291293524205684661865234375" lon="116.68391573242843151092529296875">
        <ele>85.59999847412109375</ele>
        <time>2026-10-08T15:22:19.000Z</time>
        <extensions>
          <ns3:TrackPointExtension>
            <ns3:hr>157</ns3:hr>
            <ns3:cad>89</ns3:cad>
          </ns3:TrackPointExtension>
        </extensions>
      </trkpt>
      <trkpt lat="40.40292819030582904815673828125" lon="116.68387566693127155303955078125">
        <ele>85.59999847412109375</ele>
        <time>2026-10-08T15:22:20.000Z</time>
        <extensions>
          <ns3:TrackPointExtension>
            <ns3:hr>158</ns3:hr>
            <ns3:cad>88</ns3:cad>
          </ns3:TrackPointExtension>
        </extensions>
      </trkpt>
      <trkpt lat="40.40293774567544460296630859375" lon="116.6838415525853633880615234375">
        <ele>85.59999847412109375</ele>
        <time>2026-10-08T15:22:21.000Z</time>
        <extensions>
          <ns3:TrackPointExtension>
            <ns3:hr>159</ns3:hr>
            <ns3:cad>88</ns3:cad>
          </ns3:TrackPointExtension>
        </extensions>
      </trkpt>
      <trkpt lat="40.40295593440532684326171875" lon="116.6838021576404571533203125">
        <ele>85.59999847412109375</ele>
        <time>2026-10-08T15:22:22.000Z</time>
        <extensions>
          <ns3:TrackPointExtension>
            <ns3:hr>157</ns3:hr>
            <ns3:cad>89</ns3:cad>
          </ns3:TrackPointExtension>
        </extensions>
      </trkpt>
      <trkpt lat="40.40297077037394046783447265625" lon="116.68377072550356388092041015625">
        <ele>85.59999847412109375</ele>
        <time>2026-10-08T15:22:23.000Z</time>
        <extensions>
          <ns3:TrackPointExtension>
            <ns3:hr>159</ns3:hr>
            <ns3:cad>89</ns3:cad>
          </ns3:TrackPointExtension>
        </extensions>
      </trkpt>
      <trkpt lat="40.40299826301634311676025390625" lon="116.68373535387217998504638671875">
        <ele>85.59999847412109375</ele>
        <time>2026-10-08T15:22:24.000Z</time>
        <extensions>
          <ns3:TrackPointExtension>
            <ns3:hr>158</ns3:hr>
            <ns3:cad>89</ns3:cad>
          </ns3:TrackPointExtension>
        </extensions>
      </trkpt>
      <trkpt lat="40.4030171222984790802001953125" lon="116.68370467610657215118408203125">
        <ele>85.59999847412109375</ele>
        <time>2026-10-08T15:22:25.000Z</time>
        <extensions>
          <ns3:TrackPointExtension>
            <ns3:hr>157</ns3:hr>
            <ns3:cad>89</ns3:cad>
          </ns3:TrackPointExtension>
        </extensions>
      </trkpt>
      <trkpt lat="40.4030422680079936981201171875" lon="116.683678440749645233154296875">
        <ele>85.59999847412109375</ele>
        <time>2026-10-08T15:22:26.000Z</time>
        <extensions>
          <ns3:TrackPointExtension>
            <ns3:hr>159</ns3:hr>
            <ns3:cad>89</ns3:cad>
          </ns3:TrackPointExtension>
        </extensions>
      </trkpt>
      <trkpt lat="40.4030590318143367767333984375" lon="116.68365153484046459197998046875">
        <ele>85.59999847412109375</ele>
        <time>2026-10-08T15:22:27.000Z</time>
        <extensions>
          <ns3:TrackPointExtension>
            <ns3:hr>158</ns3:hr>
            <ns3:cad>89</ns3:cad>
          </ns3:TrackPointExtension>
        </extensions>
      </trkpt>
      <trkpt lat="40.4030907154083251953125" lon="116.683627478778362274169921875">
        <ele>85.59999847412109375</ele>
        <time>2026-10-08T15:22:28.000Z</time>
        <extensions>
          <ns3:TrackPointExtension>
            <ns3:hr>157</ns3:hr>
            <ns3:cad>89</ns3:cad>
          </ns3:TrackPointExtension>
        </extensions>
      </trkpt>
      <trkpt lat="40.40311150252819061279296875" lon="116.683606691658496856689453125">
        <ele>85.59999847412109375</ele>
        <time>2026-10-08T15:22:29.000Z</time>
        <extensions>
          <ns3:TrackPointExtension>
            <ns3:hr>160</ns3:hr>
            <ns3:cad>89</ns3:cad>
          </ns3:TrackPointExtension>
        </extensions>
      </trkpt>
      <trkpt lat="40.4031451977789402008056640625" lon="116.6835911013185977935791015625">
        <ele>85.59999847412109375</ele>
        <time>2026-10-08T15:22:30.000Z</time>
        <extensions>
          <ns3:TrackPointExtension>
            <ns3:hr>158</ns3:hr>
            <ns3:cad>89</ns3:cad>
          </ns3:TrackPointExtension>
        </extensions>
      </trkpt>
      <trkpt lat="40.40317378006875514984130859375" lon="116.6835760138928890228271484375">
        <ele>85.59999847412109375</ele>
        <time>2026-10-08T15:22:31.000Z</time>
        <extensions>
          <ns3:TrackPointExtension>
            <ns3:hr>156</ns3:hr>
            <ns3:cad>89</ns3:cad>
          </ns3:TrackPointExtension>
        </extensions>
      </trkpt>
      <trkpt lat="40.40320797823369503021240234375" lon="116.68357006274163722991943359375">
        <ele>85.59999847412109375</ele>
        <time>2026-10-08T15:22:32.000Z</time>
        <extensions>
          <ns3:TrackPointExtension>
            <ns3:hr>159</ns3:hr>
            <ns3:cad>90</ns3:cad>
          </ns3:TrackPointExtension>
        </extensions>
      </trkpt>
      <trkpt lat="40.4032347165048122406005859375" lon="116.68356008827686309814453125">
        <ele>85.59999847412109375</ele>
        <time>2026-10-08T15:22:33.000Z</time>
        <extensions>
          <ns3:TrackPointExtension>
            <ns3:hr>158</ns3:hr>
            <ns3:cad>90</ns3:cad>
          </ns3:TrackPointExtension>
        </extensions>
      </trkpt>
      <trkpt lat="40.4032692499458789825439453125" lon="116.68355816043913364410400390625">
        <ele>85.59999847412109375</ele>
        <time>2026-10-08T15:22:34.000Z</time>
        <extensions>
          <ns3:TrackPointExtension>
            <ns3:hr>157</ns3:hr>
            <ns3:cad>89</ns3:cad>
          </ns3:TrackPointExtension>
        </extensions>
      </trkpt>
      <trkpt lat="40.40330001153051853179931640625" lon="116.68355044908821582794189453125">
        <ele>85.59999847412109375</ele>
        <time>2026-10-08T15:22:35.000Z</time>
        <extensions>
          <ns3:TrackPointExtension>
            <ns3:hr>158</ns3:hr>
            <ns3:cad>89</ns3:cad>
          </ns3:TrackPointExtension>
        </extensions>
      </trkpt>
      <trkpt lat="40.40333471260964870452880859375" lon="116.68354935944080352783203125">
        <ele>85.59999847412109375</ele>
        <time>2026-10-08T15:22:36.000Z</time>
        <extensions>
          <ns3:TrackPointExtension>
            <ns3:hr>158</ns3:hr>
            <ns3:cad>89</ns3:cad>
          </ns3:TrackPointExtension>
        </extensions>
      </trkpt>
      <trkpt lat="40.40336388163268566131591796875" lon="116.6835473477840423583984375">
        <ele>85.59999847412109375</ele>
        <time>2026-10-08T15:22:37.000Z</time>
        <extensions>
          <ns3:TrackPointExtension>
            <ns3:hr>158</ns3:hr>
            <ns3:cad>88</ns3:cad>
          </ns3:TrackPointExtension>
        </extensions>
      </trkpt>
      <trkpt lat="40.40340042673051357269287109375" lon="116.68354910798370838165283203125">
        <ele>85.59999847412109375</ele>
        <time>2026-10-08T15:22:38.000Z</time>
        <extensions>
          <ns3:TrackPointExtension>
            <ns3:hr>162</ns3:hr>
            <ns3:cad>88</ns3:cad>
          </ns3:TrackPointExtension>
        </extensions>
      </trkpt>
      <trkpt lat="40.4034311883151531219482421875" lon="116.6835421510040760040283203125">
        <ele>85.59999847412109375</ele>
        <time>2026-10-08T15:22:39.000Z</time>
        <extensions>
          <ns3:TrackPointExtension>
            <ns3:hr>161</ns3:hr>
            <ns3:cad>89</ns3:cad>
          </ns3:TrackPointExtension>
        </extensions>
      </trkpt>
      <trkpt lat="40.40346764959394931793212890625" lon="116.68354391120374202728271484375">
        <ele>85.59999847412109375</ele>
        <time>2026-10-08T15:22:40.000Z</time>
        <extensions>
          <ns3:TrackPointExtension>
            <ns3:hr>161</ns3:hr>
            <ns3:cad>90</ns3:cad>
          </ns3:TrackPointExtension>
        </extensions>
      </trkpt>
      <trkpt lat="40.40349648334085941314697265625" lon="116.68354257009923458099365234375">
        <ele>85.59999847412109375</ele>
        <time>2026-10-08T15:22:41.000Z</time>
        <extensions>
          <ns3:TrackPointExtension>
            <ns3:hr>163</ns3:hr>
            <ns3:cad>90</ns3:cad>
          </ns3:TrackPointExtension>
        </extensions>
      </trkpt>
      <trkpt lat="40.40353269316256046295166015625" lon="116.68354667723178863525390625">
        <ele>85.59999847412109375</ele>
        <time>2026-10-08T15:22:42.000Z</time>
        <extensions>
          <ns3:TrackPointExtension>
            <ns3:hr>165</ns3:hr>
            <ns3:cad>90</ns3:cad>
          </ns3:TrackPointExtension>
        </extensions>
      </trkpt>
      <trkpt lat="40.4035612754523754119873046875" lon="116.68354290537536144256591796875">
        <ele>85.59999847412109375</ele>
        <time>2026-10-08T15:22:43.000Z</time>
        <extensions>
          <ns3:TrackPointExtension>
            <ns3:hr>162</ns3:hr>
            <ns3:cad>90</ns3:cad>
          </ns3:TrackPointExtension>
        </extensions>
      </trkpt>
      <trkpt lat="40.40359756909310817718505859375" lon="116.68354743160307407379150390625">
        <ele>85.59999847412109375</ele>
        <time>2026-10-08T15:22:44.000Z</time>
        <extensions>
          <ns3:TrackPointExtension>
            <ns3:hr>161</ns3:hr>
            <ns3:cad>90</ns3:cad>
          </ns3:TrackPointExtension>
        </extensions>
      </trkpt>
      <trkpt lat="40.4036284983158111572265625" lon="116.6835418157279491424560546875">
        <ele>85.40000152587890625</ele>
        <time>2026-10-08T15:22:45.000Z</time>
        <extensions>
          <ns3:TrackPointExtension>
            <ns3:hr>162</ns3:hr>
            <ns3:cad>89</ns3:cad>
          </ns3:TrackPointExtension>
        </extensions>
      </trkpt>
      <trkpt lat="40.4036660492420196533203125" lon="116.6835455037653446197509765625">
        <ele>85.40000152587890625</ele>
        <time>2026-10-08T15:22:46.000Z</time>
        <extensions>
          <ns3:TrackPointExtension>
            <ns3:hr>162</ns3:hr>
            <ns3:cad>88</ns3:cad>
          </ns3:TrackPointExtension>
        </extensions>
      </trkpt>
      <trkpt lat="40.40369882248342037200927734375" lon="116.6835404746234416961669921875">
        <ele>85.40000152587890625</ele>
        <time>2026-10-08T15:22:47.000Z</time>
        <extensions>
          <ns3:TrackPointExtension>
            <ns3:hr>160</ns3:hr>
            <ns3:cad>88</ns3:cad>
          </ns3:TrackPointExtension>
        </extensions>
      </trkpt>
      <trkpt lat="40.40373268537223339080810546875" lon="116.68354005552828311920166015625">
        <ele>85.40000152587890625</ele>
        <time>2026-10-08T15:22:48.000Z</time>
        <extensions>
          <ns3:TrackPointExtension>
            <ns3:hr>161</ns3:hr>
            <ns3:cad>89</ns3:cad>
          </ns3:TrackPointExtension>
        </extensions>
      </trkpt>
      <trkpt lat="40.403762273490428924560546875" lon="116.68353737331926822662353515625">
        <ele>85.40000152587890625</ele>
        <time>2026-10-08T15:22:49.000Z</time>
        <extensions>
          <ns3:TrackPointExtension>
            <ns3:hr>163</ns3:hr>
            <ns3:cad>89</ns3:cad>
          </ns3:TrackPointExtension>
        </extensions>
      </trkpt>
      <trkpt lat="40.4037929512560367584228515625" lon="116.68353301472961902618408203125">
        <ele>85.59999847412109375</ele>
        <time>2026-10-08T15:22:50.000Z</time>
        <extensions>
          <ns3:TrackPointExtension>
            <ns3:hr>163</ns3:hr>
            <ns3:cad>90</ns3:cad>
          </ns3:TrackPointExtension>
        </extensions>
      </trkpt>
      <trkpt lat="40.40382287465035915374755859375" lon="116.6835317574441432952880859375">
        <ele>85.59999847412109375</ele>
        <time>2026-10-08T15:22:51.000Z</time>
        <extensions>
          <ns3:TrackPointExtension>
            <ns3:hr>161</ns3:hr>
            <ns3:cad>89</ns3:cad>
          </ns3:TrackPointExtension>
        </extensions>
      </trkpt>
      <trkpt lat="40.40385187603533267974853515625" lon="116.683528907597064971923828125">
        <ele>85.59999847412109375</ele>
        <time>2026-10-08T15:22:52.000Z</time>
        <extensions>
          <ns3:TrackPointExtension>
            <ns3:hr>162</ns3:hr>
            <ns3:cad>89</ns3:cad>
          </ns3:TrackPointExtension>
        </extensions>
      </trkpt>
      <trkpt lat="40.40388423018157482147216796875" lon="116.68353016488254070281982421875">
        <ele>85.59999847412109375</ele>
        <time>2026-10-08T15:22:53.000Z</time>
        <extensions>
          <ns3:TrackPointExtension>
            <ns3:hr>164</ns3:hr>
            <ns3:cad>89</ns3:cad>
          </ns3:TrackPointExtension>
        </extensions>
      </trkpt>
      <trkpt lat="40.40391474030911922454833984375" lon="116.6835280694067478179931640625">
        <ele>85.59999847412109375</ele>
        <time>2026-10-08T15:22:54.000Z</time>
        <extensions>
          <ns3:TrackPointExtension>
            <ns3:hr>163</ns3:hr>
            <ns3:cad>89</ns3:cad>
          </ns3:TrackPointExtension>
        </extensions>
      </trkpt>
      <trkpt lat="40.40394977666437625885009765625" lon="116.68353385291993618011474609375">
        <ele>85.59999847412109375</ele>
        <time>2026-10-08T15:22:55.000Z</time>
        <extensions>
          <ns3:TrackPointExtension>
            <ns3:hr>161</ns3:hr>
            <ns3:cad>88</ns3:cad>
          </ns3:TrackPointExtension>
        </extensions>
      </trkpt>
      <trkpt lat="40.40397726930677890777587890625" lon="116.68353485874831676483154296875">
        <ele>85.59999847412109375</ele>
        <time>2026-10-08T15:22:56.000Z</time>
        <extensions>
          <ns3:TrackPointExtension>
            <ns3:hr>164</ns3:hr>
            <ns3:cad>88</ns3:cad>
          </ns3:TrackPointExtension>
        </extensions>
      </trkpt>
      <trkpt lat="40.40401004254817962646484375" lon="116.68353770859539508819580078125">
        <ele>85.59999847412109375</ele>
        <time>2026-10-08T15:22:57.000Z</time>
        <extensions>
          <ns3:TrackPointExtension>
            <ns3:hr>165</ns3:hr>
            <ns3:cad>89</ns3:cad>
          </ns3:TrackPointExtension>
        </extensions>
      </trkpt>
      <trkpt lat="40.4040356911718845367431640625" lon="116.6835337691009044647216796875">
        <ele>85.59999847412109375</ele>
        <time>2026-10-08T15:22:58.000Z</time>
        <extensions>
          <ns3:TrackPointExtension>
            <ns3:hr>163</ns3:hr>
            <ns3:cad>89</ns3:cad>
          </ns3:TrackPointExtension>
        </extensions>
      </trkpt>
      <trkpt lat="40.4040672071278095245361328125" lon="116.6835339367389678955078125">
        <ele>85.59999847412109375</ele>
        <time>2026-10-08T15:22:59.000Z</time>
        <extensions>
          <ns3:TrackPointExtension>
            <ns3:hr>162</ns3:hr>
            <ns3:cad>89</ns3:cad>
          </ns3:TrackPointExtension>
        </extensions>
      </trkpt>
      <trkpt lat="40.40409562177956104278564453125" lon="116.6835312545299530029296875">
        <ele>85.59999847412109375</ele>
        <time>2026-10-08T15:23:00.000Z</time>
        <extensions>
          <ns3:TrackPointExtension>
            <ns3:hr>162</ns3:hr>
            <ns3:cad>89</ns3:cad>
          </ns3:TrackPointExtension>
        </extensions>
      </trkpt>
      <trkpt lat="40.40412931703031063079833984375" lon="116.6835424862802028656005859375">
        <ele>85.59999847412109375</ele>
        <time>2026-10-08T15:23:01.000Z</time>
        <extensions>
          <ns3:TrackPointExtension>
            <ns3:hr>164</ns3:hr>
            <ns3:cad>89</ns3:cad>
          </ns3:TrackPointExtension>
        </extensions>
      </trkpt>
      <trkpt lat="40.4041570611298084259033203125" lon="116.683543659746646881103515625">
        <ele>85.59999847412109375</ele>
        <time>2026-10-08T15:23:02.000Z</time>
        <extensions>
          <ns3:TrackPointExtension>
            <ns3:hr>162</ns3:hr>
            <ns3:cad>89</ns3:cad>
          </ns3:TrackPointExtension>
        </extensions>
      </trkpt>
      <trkpt lat="40.40418866090476512908935546875" lon="116.68355983681976795196533203125">
        <ele>85.59999847412109375</ele>
        <time>2026-10-08T15:23:03.000Z</time>
        <extensions>
          <ns3:TrackPointExtension>
            <ns3:hr>160</ns3:hr>
            <ns3:cad>89</ns3:cad>
          </ns3:TrackPointExtension>
        </extensions>
      </trkpt>
      <trkpt lat="40.40421531535685062408447265625" lon="116.683567464351654052734375">
        <ele>85.59999847412109375</ele>
        <time>2026-10-08T15:23:04.000Z</time>
        <extensions>
          <ns3:TrackPointExtension>
            <ns3:hr>161</ns3:hr>
            <ns3:cad>88</ns3:cad>
          </ns3:TrackPointExtension>
        </extensions>
      </trkpt>
      <trkpt lat="40.40424800477921962738037109375" lon="116.68358850292861461639404296875">
        <ele>85.40000152587890625</ele>
        <time>2026-10-08T15:23:05.000Z</time>
        <extensions>
          <ns3:TrackPointExtension>
            <ns3:hr>162</ns3:hr>
            <ns3:cad>89</ns3:cad>
          </ns3:TrackPointExtension>
        </extensions>
      </trkpt>
      <trkpt lat="40.4042749106884002685546875" lon="116.683600656688213348388671875">
        <ele>85.40000152587890625</ele>
        <time>2026-10-08T15:23:06.000Z</time>
        <extensions>
          <ns3:TrackPointExtension>
            <ns3:hr>159</ns3:hr>
            <ns3:cad>89</ns3:cad>
          </ns3:TrackPointExtension>
        </extensions>
      </trkpt>
      <trkpt lat="40.404305756092071533203125" lon="116.68362622149288654327392578125">
        <ele>85.40000152587890625</ele>
        <time>2026-10-08T15:23:07.000Z</time>
        <extensions>
          <ns3:TrackPointExtension>
            <ns3:hr>159</ns3:hr>
            <ns3:cad>89</ns3:cad>
          </ns3:TrackPointExtension>
        </extensions>
      </trkpt>
      <trkpt lat="40.404330901801586151123046875" lon="116.68364533223211765289306640625">
        <ele>85.40000152587890625</ele>
        <time>2026-10-08T15:23:08.000Z</time>
        <extensions>
          <ns3:TrackPointExtension>
            <ns3:hr>162</ns3:hr>
            <ns3:cad>89</ns3:cad>
          </ns3:TrackPointExtension>
        </extensions>
      </trkpt>
      <trkpt lat="40.404354035854339599609375" lon="116.68368212878704071044921875">
        <ele>85.40000152587890625</ele>
        <time>2026-10-08T15:23:09.000Z</time>
        <extensions>
          <ns3:TrackPointExtension>
            <ns3:hr>160</ns3:hr>
            <ns3:cad>89</ns3:cad>
          </ns3:TrackPointExtension>
        </extensions>
      </trkpt>
      <trkpt lat="40.404378511011600494384765625" lon="116.68370601721107959747314453125">
        <ele>85.40000152587890625</ele>
        <time>2026-10-08T15:23:10.000Z</time>
        <extensions>
          <ns3:TrackPointExtension>
            <ns3:hr>158</ns3:hr>
            <ns3:cad>89</ns3:cad>
          </ns3:TrackPointExtension>
        </extensions>
      </trkpt>
      <trkpt lat="40.404399298131465911865234375" lon="116.683739461004734039306640625">
        <ele>85.40000152587890625</ele>
        <time>2026-10-08T15:23:11.000Z</time>
        <extensions>
          <ns3:TrackPointExtension>
            <ns3:hr>161</ns3:hr>
            <ns3:cad>89</ns3:cad>
          </ns3:TrackPointExtension>
        </extensions>
      </trkpt>
      <trkpt lat="40.40441882796585559844970703125" lon="116.68376368470489978790283203125">
        <ele>85.40000152587890625</ele>
        <time>2026-10-08T15:23:12.000Z</time>
        <extensions>
          <ns3:TrackPointExtension>
            <ns3:hr>160</ns3:hr>
            <ns3:cad>89</ns3:cad>
          </ns3:TrackPointExtension>
        </extensions>
      </trkpt>
      <trkpt lat="40.40443651378154754638671875" lon="116.68379872106015682220458984375">
        <ele>85.40000152587890625</ele>
        <time>2026-10-08T15:23:13.000Z</time>
        <extensions>
          <ns3:TrackPointExtension>
            <ns3:hr>159</ns3:hr>
            <ns3:cad>89</ns3:cad>
          </ns3:TrackPointExtension>
        </extensions>
      </trkpt>
      <trkpt lat="40.40445839054882526397705078125" lon="116.68382587842643260955810546875">
        <ele>85.40000152587890625</ele>
        <time>2026-10-08T15:23:14.000Z</time>
        <extensions>
          <ns3:TrackPointExtension>
            <ns3:hr>160</ns3:hr>
            <ns3:cad>89</ns3:cad>
          </ns3:TrackPointExtension>
        </extensions>
      </trkpt>
      <trkpt lat="40.40447230450809001922607421875" lon="116.683864854276180267333984375">
        <ele>85.40000152587890625</ele>
        <time>2026-10-08T15:23:15.000Z</time>
        <extensions>
          <ns3:TrackPointExtension>
            <ns3:hr>161</ns3:hr>
            <ns3:cad>89</ns3:cad>
          </ns3:TrackPointExtension>
        </extensions>
      </trkpt>
      <trkpt lat="40.40448789484798908233642578125" lon="116.68389243073761463165283203125">
        <ele>85.40000152587890625</ele>
        <time>2026-10-08T15:23:16.000Z</time>
        <extensions>
          <ns3:TrackPointExtension>
            <ns3:hr>159</ns3:hr>
            <ns3:cad>89</ns3:cad>
          </ns3:TrackPointExtension>
        </extensions>
      </trkpt>
      <trkpt lat="40.40449594147503376007080078125" lon="116.68393559753894805908203125">
        <ele>85.40000152587890625</ele>
        <time>2026-10-08T15:23:17.000Z</time>
        <extensions>
          <ns3:TrackPointExtension>
            <ns3:hr>161</ns3:hr>
            <ns3:cad>89</ns3:cad>
          </ns3:TrackPointExtension>
        </extensions>
      </trkpt>
      <trkpt lat="40.40450516156852245330810546875" lon="116.68396803550422191619873046875">
        <ele>85.1999969482421875</ele>
        <time>2026-10-08T15:23:18.000Z</time>
        <extensions>
          <ns3:TrackPointExtension>
            <ns3:hr>162</ns3:hr>
            <ns3:cad>89</ns3:cad>
          </ns3:TrackPointExtension>
        </extensions>
      </trkpt>
      <trkpt lat="40.4045111127197742462158203125" lon="116.684012375771999359130859375">
        <ele>85.1999969482421875</ele>
        <time>2026-10-08T15:23:19.000Z</time>
        <extensions>
          <ns3:TrackPointExtension>
            <ns3:hr>160</ns3:hr>
            <ns3:cad>89</ns3:cad>
          </ns3:TrackPointExtension>
        </extensions>
      </trkpt>
      <trkpt lat="40.4045208357274532318115234375" lon="116.68404699303209781646728515625">
        <ele>85.40000152587890625</ele>
        <time>2026-10-08T15:23:20.000Z</time>
        <extensions>
          <ns3:TrackPointExtension>
            <ns3:hr>160</ns3:hr>
            <ns3:cad>89</ns3:cad>
          </ns3:TrackPointExtension>
        </extensions>
      </trkpt>
      <trkpt lat="40.40452326647937297821044921875" lon="116.6840943507850170135498046875">
        <ele>85.40000152587890625</ele>
        <time>2026-10-08T15:23:21.000Z</time>
        <extensions>
          <ns3:TrackPointExtension>
            <ns3:hr>163</ns3:hr>
            <ns3:cad>89</ns3:cad>
          </ns3:TrackPointExtension>
        </extensions>
      </trkpt>
      <trkpt lat="40.404529385268688201904296875" lon="116.6841349191963672637939453125">
        <ele>85.40000152587890625</ele>
        <time>2026-10-08T15:23:22.000Z</time>
        <extensions>
          <ns3:TrackPointExtension>
            <ns3:hr>162</ns3:hr>
            <ns3:cad>89</ns3:cad>
          </ns3:TrackPointExtension>
        </extensions>
      </trkpt>
      <trkpt lat="40.40452393703162670135498046875" lon="116.68418328277766704559326171875">
        <ele>85.40000152587890625</ele>
        <time>2026-10-08T15:23:23.000Z</time>
        <extensions>
          <ns3:TrackPointExtension>
            <ns3:hr>160</ns3:hr>
            <ns3:cad>89</ns3:cad>
          </ns3:TrackPointExtension>
        </extensions>
      </trkpt>
      <trkpt lat="40.404521338641643524169921875" lon="116.68422083370387554168701171875">
        <ele>85.40000152587890625</ele>
        <time>2026-10-08T15:23:24.000Z</time>
        <extensions>
          <ns3:TrackPointExtension>
            <ns3:hr>161</ns3:hr>
            <ns3:cad>89</ns3:cad>
          </ns3:TrackPointExtension>
        </extensions>
      </trkpt>
      <trkpt lat="40.40451387874782085418701171875" lon="116.684264503419399261474609375">
        <ele>85.40000152587890625</ele>
        <time>2026-10-08T15:23:25.000Z</time>
        <extensions>
          <ns3:TrackPointExtension>
            <ns3:hr>162</ns3:hr>
            <ns3:cad>89</ns3:cad>
          </ns3:TrackPointExtension>
        </extensions>
      </trkpt>
      <trkpt lat="40.40450465865433216094970703125" lon="116.68430146761238574981689453125">
        <ele>85.40000152587890625</ele>
        <time>2026-10-08T15:23:26.000Z</time>
        <extensions>
          <ns3:TrackPointExtension>
            <ns3:hr>161</ns3:hr>
            <ns3:cad>89</ns3:cad>
          </ns3:TrackPointExtension>
        </extensions>
      </trkpt>
      <trkpt lat="40.40449392981827259063720703125" lon="116.68433952145278453826904296875">
        <ele>85.1999969482421875</ele>
        <time>2026-10-08T15:23:27.000Z</time>
        <extensions>
          <ns3:TrackPointExtension>
            <ns3:hr>161</ns3:hr>
            <ns3:cad>89</ns3:cad>
          </ns3:TrackPointExtension>
        </extensions>
      </trkpt>
      <trkpt lat="40.40448211133480072021484375" lon="116.684377826750278472900390625">
        <ele>85.1999969482421875</ele>
        <time>2026-10-08T15:23:28.000Z</time>
        <extensions>
          <ns3:TrackPointExtension>
            <ns3:hr>164</ns3:hr>
            <ns3:cad>89</ns3:cad>
          </ns3:TrackPointExtension>
        </extensions>
      </trkpt>
      <trkpt lat="40.40446601808071136474609375" lon="116.68441839516162872314453125">
        <ele>85.1999969482421875</ele>
        <time>2026-10-08T15:23:29.000Z</time>
        <extensions>
          <ns3:TrackPointExtension>
            <ns3:hr>164</ns3:hr>
            <ns3:cad>89</ns3:cad>
          </ns3:TrackPointExtension>
        </extensions>
      </trkpt>
      <trkpt lat="40.404449589550495147705078125" lon="116.684456281363964080810546875">
        <ele>85.1999969482421875</ele>
        <time>2026-10-08T15:23:30.000Z</time>
        <extensions>
          <ns3:TrackPointExtension>
            <ns3:hr>161</ns3:hr>
            <ns3:cad>89</ns3:cad>
          </ns3:TrackPointExtension>
        </extensions>
      </trkpt>
      <trkpt lat="40.40443307720124721527099609375" lon="116.68449190445244312286376953125">
        <ele>85.1999969482421875</ele>
        <time>2026-10-08T15:23:31.000Z</time>
        <extensions>
          <ns3:TrackPointExtension>
            <ns3:hr>163</ns3:hr>
            <ns3:cad>88</ns3:cad>
          </ns3:TrackPointExtension>
        </extensions>
      </trkpt>
      <trkpt lat="40.40441296063363552093505859375" lon="116.6845231689512729644775390625">
        <ele>85.1999969482421875</ele>
        <time>2026-10-08T15:23:32.000Z</time>
        <extensions>
          <ns3:TrackPointExtension>
            <ns3:hr>164</ns3:hr>
            <ns3:cad>89</ns3:cad>
          </ns3:TrackPointExtension>
        </extensions>
      </trkpt>
      <trkpt lat="40.40439133532345294952392578125" lon="116.68455384671688079833984375">
        <ele>85.1999969482421875</ele>
        <time>2026-10-08T15:23:33.000Z</time>
        <extensions>
          <ns3:TrackPointExtension>
            <ns3:hr>164</ns3:hr>
            <ns3:cad>89</ns3:cad>
          </ns3:TrackPointExtension>
        </extensions>
      </trkpt>
      <trkpt lat="40.404367111623287200927734375" lon="116.68458075262606143951416015625">
        <ele>85.1999969482421875</ele>
        <time>2026-10-08T15:23:34.000Z</time>
        <extensions>
          <ns3:TrackPointExtension>
            <ns3:hr>162</ns3:hr>
            <ns3:cad>89</ns3:cad>
          </ns3:TrackPointExtension>
        </extensions>
      </trkpt>
      <trkpt lat="40.40434339083731174468994140625" lon="116.684611178934574127197265625">
        <ele>85.1999969482421875</ele>
        <time>2026-10-08T15:23:35.000Z</time>
        <extensions>
          <ns3:TrackPointExtension>
            <ns3:hr>162</ns3:hr>
            <ns3:cad>89</ns3:cad>
          </ns3:TrackPointExtension>
        </extensions>
      </trkpt>
      <trkpt lat="40.4043129645287990570068359375" lon="116.68463431298732757568359375">
        <ele>85.1999969482421875</ele>
        <time>2026-10-08T15:23:36.000Z</time>
        <extensions>
          <ns3:TrackPointExtension>
            <ns3:hr>166</ns3:hr>
            <ns3:cad>89</ns3:cad>
          </ns3:TrackPointExtension>
        </extensions>
      </trkpt>
      <trkpt lat="40.4042910039424896240234375" lon="116.68465585447847843170166015625">
        <ele>85.1999969482421875</ele>
        <time>2026-10-08T15:23:37.000Z</time>
        <extensions>
          <ns3:TrackPointExtension>
            <ns3:hr>166</ns3:hr>
            <ns3:cad>89</ns3:cad>
          </ns3:TrackPointExtension>
        </extensions>
      </trkpt>
      <trkpt lat="40.40425948798656463623046875" lon="116.68467077426612377166748046875">
        <ele>85.1999969482421875</ele>
        <time>2026-10-08T15:23:38.000Z</time>
        <extensions>
          <ns3:TrackPointExtension>
            <ns3:hr>163</ns3:hr>
            <ns3:cad>89</ns3:cad>
          </ns3:TrackPointExtension>
        </extensions>
      </trkpt>
      <trkpt lat="40.40423375554382801055908203125" lon="116.68468971736729145050048828125">
        <ele>85.1999969482421875</ele>
        <time>2026-10-08T15:23:39.000Z</time>
        <extensions>
          <ns3:TrackPointExtension>
            <ns3:hr>164</ns3:hr>
            <ns3:cad>88</ns3:cad>
          </ns3:TrackPointExtension>
        </extensions>
      </trkpt>
      <trkpt lat="40.40419821627438068389892578125" lon="116.684692986309528350830078125">
        <ele>85.1999969482421875</ele>
        <time>2026-10-08T15:23:40.000Z</time>
        <extensions>
          <ns3:TrackPointExtension>
            <ns3:hr>166</ns3:hr>
            <ns3:cad>88</ns3:cad>
          </ns3:TrackPointExtension>
        </extensions>
      </trkpt>
      <trkpt lat="40.4041703045368194580078125" lon="116.684701703488826751708984375">
        <ele>85.40000152587890625</ele>
        <time>2026-10-08T15:23:41.000Z</time>
        <extensions>
          <ns3:TrackPointExtension>
            <ns3:hr>167</ns3:hr>
            <ns3:cad>89</ns3:cad>
          </ns3:TrackPointExtension>
        </extensions>
      </trkpt>
      <trkpt lat="40.4041327536106109619140625" lon="116.68469994328916072845458984375">
        <ele>85.40000152587890625</ele>
        <time>2026-10-08T15:23:42.000Z</time>
        <extensions>
          <ns3:TrackPointExtension>
            <ns3:hr>165</ns3:hr>
            <ns3:cad>89</ns3:cad>
          </ns3:TrackPointExtension>
        </extensions>
      </trkpt>
      <trkpt lat="40.40410182438790798187255859375" lon="116.68471000157296657562255859375">
        <ele>85.40000152587890625</ele>
        <time>2026-10-08T15:23:43.000Z</time>
        <extensions>
          <ns3:TrackPointExtension>
            <ns3:hr>163</ns3:hr>
            <ns3:cad>90</ns3:cad>
          </ns3:TrackPointExtension>
        </extensions>
      </trkpt>
      <trkpt lat="40.40406628511846065521240234375" lon="116.6847141087055206298828125">
        <ele>85.40000152587890625</ele>
        <time>2026-10-08T15:23:44.000Z</time>
        <extensions>
          <ns3:TrackPointExtension>
            <ns3:hr>165</ns3:hr>
            <ns3:cad>90</ns3:cad>
          </ns3:TrackPointExtension>
        </extensions>
      </trkpt>
      <trkpt lat="40.4040390439331531524658203125" lon="116.68471838347613811492919921875">
        <ele>85.40000152587890625</ele>
        <time>2026-10-08T15:23:45.000Z</time>
        <extensions>
          <ns3:TrackPointExtension>
            <ns3:hr>168</ns3:hr>
            <ns3:cad>90</ns3:cad>
          </ns3:TrackPointExtension>
        </extensions>
      </trkpt>
      <trkpt lat="40.40400543250143527984619140625" lon="116.684716455638408660888671875">
        <ele>85.1999969482421875</ele>
        <time>2026-10-08T15:23:46.000Z</time>
        <extensions>
          <ns3:TrackPointExtension>
            <ns3:hr>167</ns3:hr>
            <ns3:cad>90</ns3:cad>
          </ns3:TrackPointExtension>
        </extensions>
      </trkpt>
      <trkpt lat="40.40398053824901580810546875" lon="116.68472056277096271514892578125">
        <ele>85.1999969482421875</ele>
        <time>2026-10-08T15:23:47.000Z</time>
        <extensions>
          <ns3:TrackPointExtension>
            <ns3:hr>164</ns3:hr>
            <ns3:cad>89</ns3:cad>
          </ns3:TrackPointExtension>
        </extensions>
      </trkpt>
      <trkpt lat="40.4039434902369976043701171875" lon="116.6847167909145355224609375">
        <ele>85.1999969482421875</ele>
        <time>2026-10-08T15:23:48.000Z</time>
        <extensions>
          <ns3:TrackPointExtension>
            <ns3:hr>163</ns3:hr>
            <ns3:cad>89</ns3:cad>
          </ns3:TrackPointExtension>
        </extensions>
      </trkpt>
      <trkpt lat="40.4039190150797367095947265625" lon="116.6847219876945018768310546875">
        <ele>85</ele>
        <time>2026-10-08T15:23:49.000Z</time>
        <extensions>
          <ns3:TrackPointExtension>
            <ns3:hr>164</ns3:hr>
            <ns3:cad>89</ns3:cad>
          </ns3:TrackPointExtension>
        </extensions>
      </trkpt>
      <trkpt lat="40.4038834758102893829345703125" lon="116.684713773429393768310546875">
        <ele>85</ele>
        <time>2026-10-08T15:23:50.000Z</time>
        <extensions>
          <ns3:TrackPointExtension>
            <ns3:hr>166</ns3:hr>
            <ns3:cad>89</ns3:cad>
          </ns3:TrackPointExtension>
        </extensions>
      </trkpt>
      <trkpt lat="40.40386076085269451141357421875" lon="116.68471838347613811492919921875">
        <ele>85.1999969482421875</ele>
        <time>2026-10-08T15:23:51.000Z</time>
        <extensions>
          <ns3:TrackPointExtension>
            <ns3:hr>163</ns3:hr>
            <ns3:cad>89</ns3:cad>
          </ns3:TrackPointExtension>
        </extensions>
      </trkpt>
      <trkpt lat="40.40382505394518375396728515625" lon="116.68471276760101318359375">
        <ele>85.1999969482421875</ele>
        <time>2026-10-08T15:23:52.000Z</time>
        <extensions>
          <ns3:TrackPointExtension>
            <ns3:hr>162</ns3:hr>
            <ns3:cad>89</ns3:cad>
          </ns3:TrackPointExtension>
        </extensions>
      </trkpt>
      <trkpt lat="40.4038053564727306365966796875" lon="116.68471721000969409942626953125">
        <ele>85.1999969482421875</ele>
        <time>2026-10-08T15:23:53.000Z</time>
        <extensions>
          <ns3:TrackPointExtension>
            <ns3:hr>165</ns3:hr>
            <ns3:cad>89</ns3:cad>
          </ns3:TrackPointExtension>
        </extensions>
      </trkpt>
      <trkpt lat="40.4037711583077907562255859375" lon="116.6847115941345691680908203125">
        <ele>85.1999969482421875</ele>
        <time>2026-10-08T15:23:54.000Z</time>
        <extensions>
          <ns3:TrackPointExtension>
            <ns3:hr>164</ns3:hr>
            <ns3:cad>89</ns3:cad>
          </ns3:TrackPointExtension>
        </extensions>
      </trkpt>
      <trkpt lat="40.40374676696956157684326171875" lon="116.684711091220378875732421875">
        <ele>85.1999969482421875</ele>
        <time>2026-10-08T15:23:55.000Z</time>
        <extensions>
          <ns3:TrackPointExtension>
            <ns3:hr>161</ns3:hr>
            <ns3:cad>90</ns3:cad>
          </ns3:TrackPointExtension>
        </extensions>
      </trkpt>
      <trkpt lat="40.4037128202617168426513671875" lon="116.68470832519233226776123046875">
        <ele>85.1999969482421875</ele>
        <time>2026-10-08T15:23:56.000Z</time>
        <extensions>
          <ns3:TrackPointExtension>
            <ns3:hr>161</ns3:hr>
            <ns3:cad>90</ns3:cad>
          </ns3:TrackPointExtension>
        </extensions>
      </trkpt>
      <trkpt lat="40.40368616580963134765625" lon="116.6847074031829833984375">
        <ele>85.1999969482421875</ele>
        <time>2026-10-08T15:23:57.000Z</time>
        <extensions>
          <ns3:TrackPointExtension>
            <ns3:hr>163</ns3:hr>
            <ns3:cad>89</ns3:cad>
          </ns3:TrackPointExtension>
        </extensions>
      </trkpt>
      <trkpt lat="40.40365305729210376739501953125" lon="116.684705726802349090576171875">
        <ele>85.1999969482421875</ele>
        <time>2026-10-08T15:23:58.000Z</time>
        <extensions>
          <ns3:TrackPointExtension>
            <ns3:hr>163</ns3:hr>
            <ns3:cad>89</ns3:cad>
          </ns3:TrackPointExtension>
        </extensions>
      </trkpt>
      <trkpt lat="40.40362455882132053375244140625" lon="116.68470832519233226776123046875">
        <ele>85.1999969482421875</ele>
        <time>2026-10-08T15:23:59.000Z</time>
        <extensions>
          <ns3:TrackPointExtension>
            <ns3:hr>162</ns3:hr>
            <ns3:cad>89</ns3:cad>
          </ns3:TrackPointExtension>
        </extensions>
      </trkpt>
      <trkpt lat="40.40359287522733211517333984375" lon="116.68471167795360088348388671875">
        <ele>85.1999969482421875</ele>
        <time>2026-10-08T15:24:00.000Z</time>
        <extensions>
          <ns3:TrackPointExtension>
            <ns3:hr>161</ns3:hr>
            <ns3:cad>89</ns3:cad>
          </ns3:TrackPointExtension>
        </extensions>
      </trkpt>
      <trkpt lat="40.40356420911848545074462890625" lon="116.68471209704875946044921875">
        <ele>85.1999969482421875</ele>
        <time>2026-10-08T15:24:01.000Z</time>
        <extensions>
          <ns3:TrackPointExtension>
            <ns3:hr>163</ns3:hr>
            <ns3:cad>89</ns3:cad>
          </ns3:TrackPointExtension>
        </extensions>
      </trkpt>
      <trkpt lat="40.40353403426706790924072265625" lon="116.6847122646868228912353515625">
        <ele>85</ele>
        <time>2026-10-08T15:24:02.000Z</time>
        <extensions>
          <ns3:TrackPointExtension>
            <ns3:hr>163</ns3:hr>
            <ns3:cad>89</ns3:cad>
          </ns3:TrackPointExtension>
        </extensions>
      </trkpt>
      <trkpt lat="40.403502099215984344482421875" lon="116.68471343815326690673828125">
        <ele>85</ele>
        <time>2026-10-08T15:24:03.000Z</time>
        <extensions>
          <ns3:TrackPointExtension>
            <ns3:hr>160</ns3:hr>
            <ns3:cad>89</ns3:cad>
          </ns3:TrackPointExtension>
        </extensions>
      </trkpt>
      <trkpt lat="40.40347091853618621826171875" lon="116.684713773429393768310546875">
        <ele>85</ele>
        <time>2026-10-08T15:24:04.000Z</time>
        <extensions>
          <ns3:TrackPointExtension>
            <ns3:hr>160</ns3:hr>
            <ns3:cad>89</ns3:cad>
          </ns3:TrackPointExtension>
        </extensions>
      </trkpt>
      <trkpt lat="40.40343848057091236114501953125" lon="116.68471301905810832977294921875">
        <ele>85</ele>
        <time>2026-10-08T15:24:05.000Z</time>
        <extensions>
          <ns3:TrackPointExtension>
            <ns3:hr>161</ns3:hr>
            <ns3:cad>88</ns3:cad>
          </ns3:TrackPointExtension>
        </extensions>
      </trkpt>
      <trkpt lat="40.4034093953669071197509765625" lon="116.6847141087055206298828125">
        <ele>85.1999969482421875</ele>
        <time>2026-10-08T15:24:06.000Z</time>
        <extensions>
          <ns3:TrackPointExtension>
            <ns3:hr>160</ns3:hr>
            <ns3:cad>88</ns3:cad>
          </ns3:TrackPointExtension>
        </extensions>
      </trkpt>
      <trkpt lat="40.40337846614420413970947265625" lon="116.6847115941345691680908203125">
        <ele>85.1999969482421875</ele>
        <time>2026-10-08T15:24:07.000Z</time>
        <extensions>
          <ns3:TrackPointExtension>
            <ns3:hr>159</ns3:hr>
            <ns3:cad>89</ns3:cad>
          </ns3:TrackPointExtension>
        </extensions>
      </trkpt>
      <trkpt lat="40.4033495485782623291015625" lon="116.684710420668125152587890625">
        <ele>85.1999969482421875</ele>
        <time>2026-10-08T15:24:08.000Z</time>
        <extensions>
          <ns3:TrackPointExtension>
            <ns3:hr>161</ns3:hr>
            <ns3:cad>89</ns3:cad>
          </ns3:TrackPointExtension>
        </extensions>
      </trkpt>
      <trkpt lat="40.40331526659429073333740234375" lon="116.6847122646868228912353515625">
        <ele>85.1999969482421875</ele>
        <time>2026-10-08T15:24:09.000Z</time>
        <extensions>
          <ns3:TrackPointExtension>
            <ns3:hr>161</ns3:hr>
            <ns3:cad>89</ns3:cad>
          </ns3:TrackPointExtension>
        </extensions>
      </trkpt>
      <trkpt lat="40.4032860137522220611572265625" lon="116.6847125999629497528076171875">
        <ele>85.1999969482421875</ele>
        <time>2026-10-08T15:24:10.000Z</time>
        <extensions>
          <ns3:TrackPointExtension>
            <ns3:hr>160</ns3:hr>
            <ns3:cad>89</ns3:cad>
          </ns3:TrackPointExtension>
        </extensions>
      </trkpt>
      <trkpt lat="40.40325491689145565032958984375" lon="116.6847085766494274139404296875">
        <ele>85.1999969482421875</ele>
        <time>2026-10-08T15:24:11.000Z</time>
        <extensions>
          <ns3:TrackPointExtension>
            <ns3:hr>162</ns3:hr>
            <ns3:cad>89</ns3:cad>
          </ns3:TrackPointExtension>
        </extensions>
      </trkpt>
      <trkpt lat="40.403227508068084716796875" lon="116.68470673263072967529296875">
        <ele>85</ele>
        <time>2026-10-08T15:24:12.000Z</time>
        <extensions>
          <ns3:TrackPointExtension>
            <ns3:hr>161</ns3:hr>
            <ns3:cad>89</ns3:cad>
          </ns3:TrackPointExtension>
        </extensions>
      </trkpt>
      <trkpt lat="40.403196327388286590576171875" lon="116.68469256721436977386474609375">
        <ele>85</ele>
        <time>2026-10-08T15:24:13.000Z</time>
        <extensions>
          <ns3:TrackPointExtension>
            <ns3:hr>159</ns3:hr>
            <ns3:cad>89</ns3:cad>
          </ns3:TrackPointExtension>
        </extensions>
      </trkpt>
      <trkpt lat="40.4031679965555667877197265625" lon="116.68468301184475421905517578125">
        <ele>85</ele>
        <time>2026-10-08T15:24:14.000Z</time>
        <extensions>
          <ns3:TrackPointExtension>
            <ns3:hr>161</ns3:hr>
            <ns3:cad>88</ns3:cad>
          </ns3:TrackPointExtension>
        </extensions>
      </trkpt>
      <trkpt lat="40.4031364805996417999267578125" lon="116.68466574512422084808349609375">
        <ele>85</ele>
        <time>2026-10-08T15:24:15.000Z</time>
        <extensions>
          <ns3:TrackPointExtension>
            <ns3:hr>162</ns3:hr>
            <ns3:cad>89</ns3:cad>
          </ns3:TrackPointExtension>
        </extensions>
      </trkpt>
      <trkpt lat="40.40311007760465145111083984375" lon="116.68465652503073215484619140625">
        <ele>85</ele>
        <time>2026-10-08T15:24:16.000Z</time>
        <extensions>
          <ns3:TrackPointExtension>
            <ns3:hr>159</ns3:hr>
            <ns3:cad>89</ns3:cad>
          </ns3:TrackPointExtension>
        </extensions>
      </trkpt>
      <trkpt lat="40.40307872928678989410400390625" lon="116.6846338100731372833251953125">
        <ele>85</ele>
        <time>2026-10-08T15:24:17.000Z</time>
        <extensions>
          <ns3:TrackPointExtension>
            <ns3:hr>159</ns3:hr>
            <ns3:cad>89</ns3:cad>
          </ns3:TrackPointExtension>
        </extensions>
      </trkpt>
      <trkpt lat="40.40305609814822673797607421875" lon="116.6846180520951747894287109375">
        <ele>85</ele>
        <time>2026-10-08T15:24:18.000Z</time>
        <extensions>
          <ns3:TrackPointExtension>
            <ns3:hr>160</ns3:hr>
            <ns3:cad>89</ns3:cad>
          </ns3:TrackPointExtension>
        </extensions>
      </trkpt>
      <trkpt lat="40.40302969515323638916015625" lon="116.6845831833779811859130859375">
        <ele>85</ele>
        <time>2026-10-08T15:24:19.000Z</time>
        <extensions>
          <ns3:TrackPointExtension>
            <ns3:hr>159</ns3:hr>
            <ns3:cad>89</ns3:cad>
          </ns3:TrackPointExtension>
        </extensions>
      </trkpt>
      <trkpt lat="40.40300647728145122528076171875" lon="116.6845558583736419677734375">
        <ele>85</ele>
        <time>2026-10-08T15:24:20.000Z</time>
        <extensions>
          <ns3:TrackPointExtension>
            <ns3:hr>157</ns3:hr>
            <ns3:cad>89</ns3:cad>
          </ns3:TrackPointExtension>
        </extensions>
      </trkpt>
      <trkpt lat="40.402987785637378692626953125" lon="116.6845236718654632568359375">
        <ele>84.8000030517578125</ele>
        <time>2026-10-08T15:24:21.000Z</time>
        <extensions>
          <ns3:TrackPointExtension>
            <ns3:hr>157</ns3:hr>
            <ns3:cad>89</ns3:cad>
          </ns3:TrackPointExtension>
        </extensions>
      </trkpt>
      <trkpt lat="40.40296892635524272918701171875" lon="116.68450422585010528564453125">
        <ele>84.8000030517578125</ele>
        <time>2026-10-08T15:24:22.000Z</time>
        <extensions>
          <ns3:TrackPointExtension>
            <ns3:hr>158</ns3:hr>
            <ns3:cad>89</ns3:cad>
          </ns3:TrackPointExtension>
        </extensions>
      </trkpt>
      <trkpt lat="40.4029497317969799041748046875" lon="116.68446960859000682830810546875">
        <ele>84.8000030517578125</ele>
        <time>2026-10-08T15:24:23.000Z</time>
        <extensions>
          <ns3:TrackPointExtension>
            <ns3:hr>156</ns3:hr>
            <ns3:cad>87</ns3:cad>
          </ns3:TrackPointExtension>
        </extensions>
      </trkpt>
      <trkpt lat="40.4029338061809539794921875" lon="116.68443960137665271759033203125">
        <ele>84.8000030517578125</ele>
        <time>2026-10-08T15:24:24.000Z</time>
        <extensions>
          <ns3:TrackPointExtension>
            <ns3:hr>156</ns3:hr>
            <ns3:cad>87</ns3:cad>
          </ns3:TrackPointExtension>
        </extensions>
      </trkpt>
      <trkpt lat="40.402920059859752655029296875" lon="116.68440121226012706756591796875">
        <ele>84.59999847412109375</ele>
        <time>2026-10-08T15:24:25.000Z</time>
        <extensions>
          <ns3:TrackPointExtension>
            <ns3:hr>157</ns3:hr>
            <ns3:cad>87</ns3:cad>
          </ns3:TrackPointExtension>
        </extensions>
      </trkpt>
      <trkpt lat="40.40290790610015392303466796875" lon="116.68436718173325061798095703125">
        <ele>84.59999847412109375</ele>
        <time>2026-10-08T15:24:26.000Z</time>
        <extensions>
          <ns3:TrackPointExtension>
            <ns3:hr>155</ns3:hr>
            <ns3:cad>87</ns3:cad>
          </ns3:TrackPointExtension>
        </extensions>
      </trkpt>
      <trkpt lat="40.402896590530872344970703125" lon="116.684332229197025299072265625">
        <ele>84.59999847412109375</ele>
        <time>2026-10-08T15:24:27.000Z</time>
        <extensions>
          <ns3:TrackPointExtension>
            <ns3:hr>156</ns3:hr>
            <ns3:cad>87</ns3:cad>
          </ns3:TrackPointExtension>
        </extensions>
      </trkpt>
      <trkpt lat="40.40289214812219142913818359375" lon="116.6842918284237384796142578125">
        <ele>84.59999847412109375</ele>
        <time>2026-10-08T15:24:28.000Z</time>
        <extensions>
          <ns3:TrackPointExtension>
            <ns3:hr>156</ns3:hr>
            <ns3:cad>88</ns3:cad>
          </ns3:TrackPointExtension>
        </extensions>
      </trkpt>
      <trkpt lat="40.40288485586643218994140625" lon="116.68425704352557659149169921875">
        <ele>84.59999847412109375</ele>
        <time>2026-10-08T15:24:29.000Z</time>
        <extensions>
          <ns3:TrackPointExtension>
            <ns3:hr>153</ns3:hr>
            <ns3:cad>88</ns3:cad>
          </ns3:TrackPointExtension>
        </extensions>
      </trkpt>
      <trkpt lat="40.4028820060193538665771484375" lon="116.68421127833425998687744140625">
        <ele>84.59999847412109375</ele>
        <time>2026-10-08T15:24:30.000Z</time>
        <extensions>
          <ns3:TrackPointExtension>
            <ns3:hr>154</ns3:hr>
            <ns3:cad>88</ns3:cad>
          </ns3:TrackPointExtension>
        </extensions>
      </trkpt>
      <trkpt lat="40.4028766416013240814208984375" lon="116.68417456559836864471435546875">
        <ele>84.59999847412109375</ele>
        <time>2026-10-08T15:24:31.000Z</time>
        <extensions>
          <ns3:TrackPointExtension>
            <ns3:hr>155</ns3:hr>
            <ns3:cad>87</ns3:cad>
          </ns3:TrackPointExtension>
        </extensions>
      </trkpt>
      <trkpt lat="40.40287957526743412017822265625" lon="116.68412628583610057830810546875">
        <ele>84.59999847412109375</ele>
        <time>2026-10-08T15:24:32.000Z</time>
        <extensions>
          <ns3:TrackPointExtension>
            <ns3:hr>154</ns3:hr>
            <ns3:cad>87</ns3:cad>
          </ns3:TrackPointExtension>
        </extensions>
      </trkpt>
      <trkpt lat="40.40287974290549755096435546875" lon="116.68409158475697040557861328125">
        <ele>84.59999847412109375</ele>
        <time>2026-10-08T15:24:33.000Z</time>
        <extensions>
          <ns3:TrackPointExtension>
            <ns3:hr>156</ns3:hr>
            <ns3:cad>87</ns3:cad>
          </ns3:TrackPointExtension>
        </extensions>
      </trkpt>
      <trkpt lat="40.4028900526463985443115234375" lon="116.68404498137533664703369140625">
        <ele>84.8000030517578125</ele>
        <time>2026-10-08T15:24:34.000Z</time>
        <extensions>
          <ns3:TrackPointExtension>
            <ns3:hr>155</ns3:hr>
            <ns3:cad>88</ns3:cad>
          </ns3:TrackPointExtension>
        </extensions>
      </trkpt>
      <trkpt lat="40.40289382450282573699951171875" lon="116.68400893919169902801513671875">
        <ele>84.8000030517578125</ele>
        <time>2026-10-08T15:24:35.000Z</time>
        <extensions>
          <ns3:TrackPointExtension>
            <ns3:hr>155</ns3:hr>
            <ns3:cad>89</ns3:cad>
          </ns3:TrackPointExtension>
        </extensions>
      </trkpt>
      <trkpt lat="40.4029096662998199462890625" lon="116.68396082706749439239501953125">
        <ele>84.8000030517578125</ele>
        <time>2026-10-08T15:24:36.000Z</time>
        <extensions>
          <ns3:TrackPointExtension>
            <ns3:hr>158</ns3:hr>
            <ns3:cad>89</ns3:cad>
          </ns3:TrackPointExtension>
        </extensions>
      </trkpt>
      <trkpt lat="40.40291301906108856201171875" lon="116.6839247010648250579833984375">
        <ele>84.8000030517578125</ele>
        <time>2026-10-08T15:24:37.000Z</time>
        <extensions>
          <ns3:TrackPointExtension>
            <ns3:hr>157</ns3:hr>
            <ns3:cad>89</ns3:cad>
          </ns3:TrackPointExtension>
        </extensions>
      </trkpt>
      <trkpt lat="40.40292751975357532501220703125" lon="116.6838807798922061920166015625">
        <ele>84.8000030517578125</ele>
        <time>2026-10-08T15:24:38.000Z</time>
        <extensions>
          <ns3:TrackPointExtension>
            <ns3:hr>156</ns3:hr>
            <ns3:cad>88</ns3:cad>
          </ns3:TrackPointExtension>
        </extensions>
      </trkpt>
      <trkpt lat="40.4029393382370471954345703125" lon="116.68384616263210773468017578125">
        <ele>84.8000030517578125</ele>
        <time>2026-10-08T15:24:39.000Z</time>
        <extensions>
          <ns3:TrackPointExtension>
            <ns3:hr>159</ns3:hr>
            <ns3:cad>88</ns3:cad>
          </ns3:TrackPointExtension>
        </extensions>
      </trkpt>
      <trkpt lat="40.402958281338214874267578125" lon="116.6838110424578189849853515625">
        <ele>84.8000030517578125</ele>
        <time>2026-10-08T15:24:40.000Z</time>
        <extensions>
          <ns3:TrackPointExtension>
            <ns3:hr>158</ns3:hr>
            <ns3:cad>87</ns3:cad>
          </ns3:TrackPointExtension>
        </extensions>
      </trkpt>
      <trkpt lat="40.40297294966876506805419921875" lon="116.68378430418670177459716796875">
        <ele>84.8000030517578125</ele>
        <time>2026-10-08T15:24:41.000Z</time>
        <extensions>
          <ns3:TrackPointExtension>
            <ns3:hr>158</ns3:hr>
            <ns3:cad>87</ns3:cad>
          </ns3:TrackPointExtension>
        </extensions>
      </trkpt>
      <trkpt lat="40.4029956646263599395751953125" lon="116.68375077657401561737060546875">
        <ele>84.8000030517578125</ele>
        <time>2026-10-08T15:24:42.000Z</time>
        <extensions>
          <ns3:TrackPointExtension>
            <ns3:hr>160</ns3:hr>
            <ns3:cad>88</ns3:cad>
          </ns3:TrackPointExtension>
        </extensions>
      </trkpt>
      <trkpt lat="40.40301226079463958740234375" lon="116.6837188415229320526123046875">
        <ele>84.59999847412109375</ele>
        <time>2026-10-08T15:24:43.000Z</time>
        <extensions>
          <ns3:TrackPointExtension>
            <ns3:hr>158</ns3:hr>
            <ns3:cad>89</ns3:cad>
          </ns3:TrackPointExtension>
        </extensions>
      </trkpt>
      <trkpt lat="40.40303849615156650543212890625" lon="116.683685146272182464599609375">
        <ele>84.8000030517578125</ele>
        <time>2026-10-08T15:24:44.000Z</time>
        <extensions>
          <ns3:TrackPointExtension>
            <ns3:hr>159</ns3:hr>
            <ns3:cad>89</ns3:cad>
          </ns3:TrackPointExtension>
        </extensions>
      </trkpt>
      <trkpt lat="40.4030597023665904998779296875" lon="116.68365589343011379241943359375">
        <ele>84.8000030517578125</ele>
        <time>2026-10-08T15:24:45.000Z</time>
        <extensions>
          <ns3:TrackPointExtension>
            <ns3:hr>160</ns3:hr>
            <ns3:cad>89</ns3:cad>
          </ns3:TrackPointExtension>
        </extensions>
      </trkpt>
      <trkpt lat="40.4030878655612468719482421875" lon="116.68362580239772796630859375">
        <ele>84.8000030517578125</ele>
        <time>2026-10-08T15:24:46.000Z</time>
        <extensions>
          <ns3:TrackPointExtension>
            <ns3:hr>159</ns3:hr>
            <ns3:cad>89</ns3:cad>
          </ns3:TrackPointExtension>
        </extensions>
      </trkpt>
      <trkpt lat="40.4031177051365375518798828125" lon="116.68360057286918163299560546875">
        <ele>84.8000030517578125</ele>
        <time>2026-10-08T15:24:47.000Z</time>
        <extensions>
          <ns3:TrackPointExtension>
            <ns3:hr>158</ns3:hr>
            <ns3:cad>89</ns3:cad>
          </ns3:TrackPointExtension>
        </extensions>
      </trkpt>
      <trkpt lat="40.4031505621969699859619140625" lon="116.68358414433896541595458984375">
        <ele>84.8000030517578125</ele>
        <time>2026-10-08T15:24:48.000Z</time>
        <extensions>
          <ns3:TrackPointExtension>
            <ns3:hr>161</ns3:hr>
            <ns3:cad>89</ns3:cad>
          </ns3:TrackPointExtension>
        </extensions>
      </trkpt>
      <trkpt lat="40.40317964740097522735595703125" lon="116.68356771580874919891357421875">
        <ele>84.8000030517578125</ele>
        <time>2026-10-08T15:24:49.000Z</time>
        <extensions>
          <ns3:TrackPointExtension>
            <ns3:hr>160</ns3:hr>
            <ns3:cad>89</ns3:cad>
          </ns3:TrackPointExtension>
        </extensions>
      </trkpt>
      <trkpt lat="40.40321250446140766143798828125" lon="116.68356050737202167510986328125">
        <ele>84.8000030517578125</ele>
        <time>2026-10-08T15:24:50.000Z</time>
        <extensions>
          <ns3:TrackPointExtension>
            <ns3:hr>160</ns3:hr>
            <ns3:cad>89</ns3:cad>
          </ns3:TrackPointExtension>
        </extensions>
      </trkpt>
      <trkpt lat="40.40324536152184009552001953125" lon="116.68355346657335758209228515625">
        <ele>84.8000030517578125</ele>
        <time>2026-10-08T15:24:51.000Z</time>
        <extensions>
          <ns3:TrackPointExtension>
            <ns3:hr>162</ns3:hr>
            <ns3:cad>89</ns3:cad>
          </ns3:TrackPointExtension>
        </extensions>
      </trkpt>
      <trkpt lat="40.40327603928744792938232421875" lon="116.68354592286050319671630859375">
        <ele>84.8000030517578125</ele>
        <time>2026-10-08T15:24:52.000Z</time>
        <extensions>
          <ns3:TrackPointExtension>
            <ns3:hr>161</ns3:hr>
            <ns3:cad>89</ns3:cad>
          </ns3:TrackPointExtension>
        </extensions>
      </trkpt>
      <trkpt lat="40.40330772288143634796142578125" lon="116.6835428215563297271728515625">
        <ele>84.59999847412109375</ele>
        <time>2026-10-08T15:24:53.000Z</time>
        <extensions>
          <ns3:TrackPointExtension>
            <ns3:hr>159</ns3:hr>
            <ns3:cad>89</ns3:cad>
          </ns3:TrackPointExtension>
        </extensions>
      </trkpt>
      <trkpt lat="40.403339155018329620361328125" lon="116.68354106135666370391845703125">
        <ele>84.59999847412109375</ele>
        <time>2026-10-08T15:24:54.000Z</time>
        <extensions>
          <ns3:TrackPointExtension>
            <ns3:hr>161</ns3:hr>
            <ns3:cad>89</ns3:cad>
          </ns3:TrackPointExtension>
        </extensions>
      </trkpt>
      <trkpt lat="40.403366647660732269287109375" lon="116.68354189954698085784912109375">
        <ele>84.8000030517578125</ele>
        <time>2026-10-08T15:24:55.000Z</time>
        <extensions>
          <ns3:TrackPointExtension>
            <ns3:hr>162</ns3:hr>
            <ns3:cad>89</ns3:cad>
          </ns3:TrackPointExtension>
        </extensions>
      </trkpt>
      <trkpt lat="40.40339506231248378753662109375" lon="116.6835411451756954193115234375">
        <ele>84.8000030517578125</ele>
        <time>2026-10-08T15:24:56.000Z</time>
        <extensions>
          <ns3:TrackPointExtension>
            <ns3:hr>160</ns3:hr>
            <ns3:cad>89</ns3:cad>
          </ns3:TrackPointExtension>
        </extensions>
      </trkpt>
      <trkpt lat="40.40342993102967739105224609375" lon="116.68354307301342487335205078125">
        <ele>84.8000030517578125</ele>
        <time>2026-10-08T15:24:57.000Z</time>
        <extensions>
          <ns3:TrackPointExtension>
            <ns3:hr>161</ns3:hr>
            <ns3:cad>89</ns3:cad>
          </ns3:TrackPointExtension>
        </extensions>
      </trkpt>
      <trkpt lat="40.4034603573381900787353515625" lon="116.68354206718504428863525390625">
        <ele>84.59999847412109375</ele>
        <time>2026-10-08T15:24:58.000Z</time>
        <extensions>
          <ns3:TrackPointExtension>
            <ns3:hr>161</ns3:hr>
            <ns3:cad>89</ns3:cad>
          </ns3:TrackPointExtension>
        </extensions>
      </trkpt>
      <trkpt lat="40.40348969399929046630859375" lon="116.6835414804518222808837890625">
        <ele>84.59999847412109375</ele>
        <time>2026-10-08T15:24:59.000Z</time>
        <extensions>
          <ns3:TrackPointExtension>
            <ns3:hr>159</ns3:hr>
            <ns3:cad>90</ns3:cad>
          </ns3:TrackPointExtension>
        </extensions>
      </trkpt>
      <trkpt lat="40.4035190306603908538818359375" lon="116.683536954224109649658203125">
        <ele>84.59999847412109375</ele>
        <time>2026-10-08T15:25:00.000Z</time>
        <extensions>
          <ns3:TrackPointExtension>
            <ns3:hr>161</ns3:hr>
            <ns3:cad>90</ns3:cad>
          </ns3:TrackPointExtension>
        </extensions>
      </trkpt>
      <trkpt lat="40.40355540812015533447265625" lon="116.68353737331926822662353515625">
        <ele>84.59999847412109375</ele>
        <time>2026-10-08T15:25:01.000Z</time>
        <extensions>
          <ns3:TrackPointExtension>
            <ns3:hr>163</ns3:hr>
            <ns3:cad>90</ns3:cad>
          </ns3:TrackPointExtension>
        </extensions>
      </trkpt>
      <trkpt lat="40.40358197875320911407470703125" lon="116.68353133834898471832275390625">
        <ele>84.59999847412109375</ele>
        <time>2026-10-08T15:25:02.000Z</time>
        <extensions>
          <ns3:TrackPointExtension>
            <ns3:hr>161</ns3:hr>
            <ns3:cad>90</ns3:cad>
          </ns3:TrackPointExtension>
        </extensions>
      </trkpt>
      <trkpt lat="40.40361634455621242523193359375" lon="116.683534942567348480224609375">
        <ele>84.59999847412109375</ele>
        <time>2026-10-08T15:25:03.000Z</time>
        <extensions>
          <ns3:TrackPointExtension>
            <ns3:hr>159</ns3:hr>
            <ns3:cad>90</ns3:cad>
          </ns3:TrackPointExtension>
        </extensions>
      </trkpt>
      <trkpt lat="40.40364149026572704315185546875" lon="116.68353259563446044921875">
        <ele>84.59999847412109375</ele>
        <time>2026-10-08T15:25:04.000Z</time>
        <extensions>
          <ns3:TrackPointExtension>
            <ns3:hr>161</ns3:hr>
            <ns3:cad>90</ns3:cad>
          </ns3:TrackPointExtension>
        </extensions>
      </trkpt>
      <trkpt lat="40.403676442801952362060546875" lon="116.68353284709155559539794921875">
        <ele>84.8000030517578125</ele>
        <time>2026-10-08T15:25:05.000Z</time>
        <extensions>
          <ns3:TrackPointExtension>
            <ns3:hr>161</ns3:hr>
            <ns3:cad>90</ns3:cad>
          </ns3:TrackPointExtension>
        </extensions>
      </trkpt>
      <trkpt lat="40.403703935444355010986328125" lon="116.6835297457873821258544921875">
        <ele>84.8000030517578125</ele>
        <time>2026-10-08T15:25:06.000Z</time>
        <extensions>
          <ns3:TrackPointExtension>
            <ns3:hr>159</ns3:hr>
            <ns3:cad>90</ns3:cad>
          </ns3:TrackPointExtension>
        </extensions>
      </trkpt>
      <trkpt lat="40.403741486370563507080078125" lon="116.6835260577499866485595703125">
        <ele>84.8000030517578125</ele>
        <time>2026-10-08T15:25:07.000Z</time>
        <extensions>
          <ns3:TrackPointExtension>
            <ns3:hr>162</ns3:hr>
            <ns3:cad>90</ns3:cad>
          </ns3:TrackPointExtension>
        </extensions>
      </trkpt>
      <trkpt lat="40.40377132594585418701171875" lon="116.6835243813693523406982421875">
        <ele>84.8000030517578125</ele>
        <time>2026-10-08T15:25:08.000Z</time>
        <extensions>
          <ns3:TrackPointExtension>
            <ns3:hr>161</ns3:hr>
            <ns3:cad>90</ns3:cad>
          </ns3:TrackPointExtension>
        </extensions>
      </trkpt>
      <trkpt lat="40.4038055241107940673828125" lon="116.68352345936000347137451171875">
        <ele>84.8000030517578125</ele>
        <time>2026-10-08T15:25:09.000Z</time>
        <extensions>
          <ns3:TrackPointExtension>
            <ns3:hr>160</ns3:hr>
            <ns3:cad>90</ns3:cad>
          </ns3:TrackPointExtension>
        </extensions>
      </trkpt>
      <trkpt lat="40.4038362018764019012451171875" lon="116.68351993896067142486572265625">
        <ele>84.8000030517578125</ele>
        <time>2026-10-08T15:25:10.000Z</time>
        <extensions>
          <ns3:TrackPointExtension>
            <ns3:hr>162</ns3:hr>
            <ns3:cad>90</ns3:cad>
          </ns3:TrackPointExtension>
        </extensions>
      </trkpt>
      <trkpt lat="40.403865538537502288818359375" lon="116.68352077715098857879638671875">
        <ele>84.8000030517578125</ele>
        <time>2026-10-08T15:25:11.000Z</time>
        <extensions>
          <ns3:TrackPointExtension>
            <ns3:hr>162</ns3:hr>
            <ns3:cad>91</ns3:cad>
          </ns3:TrackPointExtension>
        </extensions>
      </trkpt>
      <trkpt lat="40.4038958810269832611083984375" lon="116.68352178297936916351318359375">
        <ele>84.8000030517578125</ele>
        <time>2026-10-08T15:25:12.000Z</time>
        <extensions>
          <ns3:TrackPointExtension>
            <ns3:hr>161</ns3:hr>
            <ns3:cad>91</ns3:cad>
          </ns3:TrackPointExtension>
        </extensions>
      </trkpt>
      <trkpt lat="40.40393016301095485687255859375" lon="116.68352295644581317901611328125">
        <ele>84.59999847412109375</ele>
        <time>2026-10-08T15:25:13.000Z</time>
        <extensions>
          <ns3:TrackPointExtension>
            <ns3:hr>163</ns3:hr>
            <ns3:cad>91</ns3:cad>
          </ns3:TrackPointExtension>
        </extensions>
      </trkpt>
      <trkpt lat="40.4039619304239749908447265625" lon="116.6835247166454792022705078125">
        <ele>84.59999847412109375</ele>
        <time>2026-10-08T15:25:14.000Z</time>
        <extensions>
          <ns3:TrackPointExtension>
            <ns3:hr>163</ns3:hr>
            <ns3:cad>91</ns3:cad>
          </ns3:TrackPointExtension>
        </extensions>
      </trkpt>
      <trkpt lat="40.4039971344172954559326171875" lon="116.68352815322577953338623046875">
        <ele>84.59999847412109375</ele>
        <time>2026-10-08T15:25:15.000Z</time>
        <extensions>
          <ns3:TrackPointExtension>
            <ns3:hr>161</ns3:hr>
            <ns3:cad>91</ns3:cad>
          </ns3:TrackPointExtension>
        </extensions>
      </trkpt>
      <trkpt lat="40.40402747690677642822265625" lon="116.68352630920708179473876953125">
        <ele>84.59999847412109375</ele>
        <time>2026-10-08T15:25:16.000Z</time>
        <extensions>
          <ns3:TrackPointExtension>
            <ns3:hr>162</ns3:hr>
            <ns3:cad>90</ns3:cad>
          </ns3:TrackPointExtension>
        </extensions>
      </trkpt>
      <trkpt lat="40.40405807085335254669189453125" lon="116.68353117071092128753662109375">
        <ele>84.59999847412109375</ele>
        <time>2026-10-08T15:25:17.000Z</time>
        <extensions>
          <ns3:TrackPointExtension>
            <ns3:hr>163</ns3:hr>
            <ns3:cad>90</ns3:cad>
          </ns3:TrackPointExtension>
        </extensions>
      </trkpt>
      <trkpt lat="40.40408975444734096527099609375" lon="116.6835307516157627105712890625">
        <ele>84.59999847412109375</ele>
        <time>2026-10-08T15:25:18.000Z</time>
        <extensions>
          <ns3:TrackPointExtension>
            <ns3:hr>161</ns3:hr>
            <ns3:cad>90</ns3:cad>
          </ns3:TrackPointExtension>
        </extensions>
      </trkpt>
      <trkpt lat="40.40412403643131256103515625" lon="116.68353594839572906494140625">
        <ele>84.40000152587890625</ele>
        <time>2026-10-08T15:25:19.000Z</time>
        <extensions>
          <ns3:TrackPointExtension>
            <ns3:hr>160</ns3:hr>
            <ns3:cad>90</ns3:cad>
          </ns3:TrackPointExtension>
        </extensions>
      </trkpt>
      <trkpt lat="40.40415622293949127197265625" lon="116.68353988789021968841552734375">
        <ele>84.40000152587890625</ele>
        <time>2026-10-08T15:25:20.000Z</time>
        <extensions>
          <ns3:TrackPointExtension>
            <ns3:hr>163</ns3:hr>
            <ns3:cad>90</ns3:cad>
          </ns3:TrackPointExtension>
        </extensions>
      </trkpt>
      <trkpt lat="40.40418866090476512908935546875" lon="116.6835498623549938201904296875">
        <ele>84.40000152587890625</ele>
        <time>2026-10-08T15:25:21.000Z</time>
        <extensions>
          <ns3:TrackPointExtension>
            <ns3:hr>161</ns3:hr>
            <ns3:cad>90</ns3:cad>
          </ns3:TrackPointExtension>
        </extensions>
      </trkpt>
      <trkpt lat="40.4042224399745464324951171875" lon="116.68355648405849933624267578125">
        <ele>84.40000152587890625</ele>
        <time>2026-10-08T15:25:22.000Z</time>
        <extensions>
          <ns3:TrackPointExtension>
            <ns3:hr>160</ns3:hr>
            <ns3:cad>90</ns3:cad>
          </ns3:TrackPointExtension>
        </extensions>
      </trkpt>
      <trkpt lat="40.40425823070108890533447265625" lon="116.683567799627780914306640625">
        <ele>84.40000152587890625</ele>
        <time>2026-10-08T15:25:23.000Z</time>
        <extensions>
          <ns3:TrackPointExtension>
            <ns3:hr>162</ns3:hr>
            <ns3:cad>90</ns3:cad>
          </ns3:TrackPointExtension>
        </extensions>
      </trkpt>
      <trkpt lat="40.40428639389574527740478515625" lon="116.68358649127185344696044921875">
        <ele>84.40000152587890625</ele>
        <time>2026-10-08T15:25:24.000Z</time>
        <extensions>
          <ns3:TrackPointExtension>
            <ns3:hr>160</ns3:hr>
            <ns3:cad>90</ns3:cad>
          </ns3:TrackPointExtension>
        </extensions>
      </trkpt>
      <trkpt lat="40.40431589819490909576416015625" lon="116.68360702693462371826171875">
        <ele>84.40000152587890625</ele>
        <time>2026-10-08T15:25:25.000Z</time>
        <extensions>
          <ns3:TrackPointExtension>
            <ns3:hr>160</ns3:hr>
            <ns3:cad>91</ns3:cad>
          </ns3:TrackPointExtension>
        </extensions>
      </trkpt>
      <trkpt lat="40.40434238500893115997314453125" lon="116.68362982571125030517578125">
        <ele>84.40000152587890625</ele>
        <time>2026-10-08T15:25:26.000Z</time>
        <extensions>
          <ns3:TrackPointExtension>
            <ns3:hr>163</ns3:hr>
            <ns3:cad>91</ns3:cad>
          </ns3:TrackPointExtension>
        </extensions>
      </trkpt>
      <trkpt lat="40.40436551906168460845947265625" lon="116.68365706689655780792236328125">
        <ele>84.40000152587890625</ele>
        <time>2026-10-08T15:25:27.000Z</time>
        <extensions>
          <ns3:TrackPointExtension>
            <ns3:hr>161</ns3:hr>
            <ns3:cad>91</ns3:cad>
          </ns3:TrackPointExtension>
        </extensions>
      </trkpt>
      <trkpt lat="40.404388569295406341552734375" lon="116.68368556536734104156494140625">
        <ele>84.40000152587890625</ele>
        <time>2026-10-08T15:25:28.000Z</time>
        <extensions>
          <ns3:TrackPointExtension>
            <ns3:hr>160</ns3:hr>
            <ns3:cad>91</ns3:cad>
          </ns3:TrackPointExtension>
        </extensions>
      </trkpt>
      <trkpt lat="40.4044115357100963592529296875" lon="116.68371699750423431396484375">
        <ele>84.40000152587890625</ele>
        <time>2026-10-08T15:25:29.000Z</time>
        <extensions>
          <ns3:TrackPointExtension>
            <ns3:hr>161</ns3:hr>
            <ns3:cad>91</ns3:cad>
          </ns3:TrackPointExtension>
        </extensions>
      </trkpt>
      <trkpt lat="40.40443073026835918426513671875" lon="116.6837516985833644866943359375">
        <ele>84.40000152587890625</ele>
        <time>2026-10-08T15:25:30.000Z</time>
        <extensions>
          <ns3:TrackPointExtension>
            <ns3:hr>161</ns3:hr>
            <ns3:cad>90</ns3:cad>
          </ns3:TrackPointExtension>
        </extensions>
      </trkpt>
      <trkpt lat="40.40445118211209774017333984375" lon="116.68378396891057491302490234375">
        <ele>84.40000152587890625</ele>
        <time>2026-10-08T15:25:31.000Z</time>
        <extensions>
          <ns3:TrackPointExtension>
            <ns3:hr>160</ns3:hr>
            <ns3:cad>89</ns3:cad>
          </ns3:TrackPointExtension>
        </extensions>
      </trkpt>
      <trkpt lat="40.40446844883263111114501953125" lon="116.6838221065700054168701171875">
        <ele>84.40000152587890625</ele>
        <time>2026-10-08T15:25:32.000Z</time>
        <extensions>
          <ns3:TrackPointExtension>
            <ns3:hr>162</ns3:hr>
            <ns3:cad>89</ns3:cad>
          </ns3:TrackPointExtension>
        </extensions>
      </trkpt>
      <trkpt lat="40.40448454208672046661376953125" lon="116.6838536225259304046630859375">
        <ele>84.40000152587890625</ele>
        <time>2026-10-08T15:25:33.000Z</time>
        <extensions>
          <ns3:TrackPointExtension>
            <ns3:hr>162</ns3:hr>
            <ns3:cad>90</ns3:cad>
          </ns3:TrackPointExtension>
        </extensions>
      </trkpt>
      <trkpt lat="40.40449745021760463714599609375" lon="116.68389611877501010894775390625">
        <ele>84.40000152587890625</ele>
        <time>2026-10-08T15:25:34.000Z</time>
        <extensions>
          <ns3:TrackPointExtension>
            <ns3:hr>160</ns3:hr>
            <ns3:cad>90</ns3:cad>
          </ns3:TrackPointExtension>
        </extensions>
      </trkpt>
      <trkpt lat="40.40450784377753734588623046875" lon="116.683931909501552581787109375">
        <ele>84.40000152587890625</ele>
        <time>2026-10-08T15:25:35.000Z</time>
        <extensions>
          <ns3:TrackPointExtension>
            <ns3:hr>160</ns3:hr>
            <ns3:cad>90</ns3:cad>
          </ns3:TrackPointExtension>
        </extensions>
      </trkpt>
      <trkpt lat="40.40451371110975742340087890625" lon="116.683976165950298309326171875">
        <ele>84.40000152587890625</ele>
        <time>2026-10-08T15:25:36.000Z</time>
        <extensions>
          <ns3:TrackPointExtension>
            <ns3:hr>161</ns3:hr>
            <ns3:cad>90</ns3:cad>
          </ns3:TrackPointExtension>
        </extensions>
      </trkpt>
      <trkpt lat="40.4045178182423114776611328125" lon="116.6840138845145702362060546875">
        <ele>84.40000152587890625</ele>
        <time>2026-10-08T15:25:37.000Z</time>
        <extensions>
          <ns3:TrackPointExtension>
            <ns3:hr>160</ns3:hr>
            <ns3:cad>90</ns3:cad>
          </ns3:TrackPointExtension>
        </extensions>
      </trkpt>
      <trkpt lat="40.40451890788972377777099609375" lon="116.68406006880104541778564453125">
        <ele>84.40000152587890625</ele>
        <time>2026-10-08T15:25:38.000Z</time>
        <extensions>
          <ns3:TrackPointExtension>
            <ns3:hr>161</ns3:hr>
            <ns3:cad>90</ns3:cad>
          </ns3:TrackPointExtension>
        </extensions>
      </trkpt>
      <trkpt lat="40.40452259592711925506591796875" lon="116.68409912846982479095458984375">
        <ele>84.40000152587890625</ele>
        <time>2026-10-08T15:25:39.000Z</time>
        <extensions>
          <ns3:TrackPointExtension>
            <ns3:hr>162</ns3:hr>
            <ns3:cad>90</ns3:cad>
          </ns3:TrackPointExtension>
        </extensions>
      </trkpt>
      <trkpt lat="40.40452209301292896270751953125" lon="116.68414539657533168792724609375">
        <ele>84.40000152587890625</ele>
        <time>2026-10-08T15:25:40.000Z</time>
        <extensions>
          <ns3:TrackPointExtension>
            <ns3:hr>159</ns3:hr>
            <ns3:cad>90</ns3:cad>
          </ns3:TrackPointExtension>
        </extensions>
      </trkpt>
      <trkpt lat="40.40452259592711925506591796875" lon="116.684185378253459930419921875">
        <ele>84.59999847412109375</ele>
        <time>2026-10-08T15:25:41.000Z</time>
        <extensions>
          <ns3:TrackPointExtension>
            <ns3:hr>160</ns3:hr>
            <ns3:cad>90</ns3:cad>
          </ns3:TrackPointExtension>
        </extensions>
      </trkpt>
      <trkpt lat="40.40451857261359691619873046875" lon="116.68422385118901729583740234375">
        <ele>84.59999847412109375</ele>
        <time>2026-10-08T15:25:42.000Z</time>
        <extensions>
          <ns3:TrackPointExtension>
            <ns3:hr>161</ns3:hr>
            <ns3:cad>89</ns3:cad>
          </ns3:TrackPointExtension>
        </extensions>
      </trkpt>
      <trkpt lat="40.40451438166201114654541015625" lon="116.68425620533525943756103515625">
        <ele>84.40000152587890625</ele>
        <time>2026-10-08T15:25:43.000Z</time>
        <extensions>
          <ns3:TrackPointExtension>
            <ns3:hr>159</ns3:hr>
            <ns3:cad>89</ns3:cad>
          </ns3:TrackPointExtension>
        </extensions>
      </trkpt>
      <trkpt lat="40.4045057483017444610595703125" lon="116.6842983663082122802734375">
        <ele>84.40000152587890625</ele>
        <time>2026-10-08T15:25:44.000Z</time>
        <extensions>
          <ns3:TrackPointExtension>
            <ns3:hr>161</ns3:hr>
            <ns3:cad>90</ns3:cad>
          </ns3:TrackPointExtension>
        </extensions>
      </trkpt>
      <trkpt lat="40.40449761785566806793212890625" lon="116.68433181010186672210693359375">
        <ele>84.40000152587890625</ele>
        <time>2026-10-08T15:25:45.000Z</time>
        <extensions>
          <ns3:TrackPointExtension>
            <ns3:hr>162</ns3:hr>
            <ns3:cad>90</ns3:cad>
          </ns3:TrackPointExtension>
        </extensions>
      </trkpt>
      <trkpt lat="40.4044846259057521820068359375" lon="116.68437070213258266448974609375">
        <ele>84.1999969482421875</ele>
        <time>2026-10-08T15:25:46.000Z</time>
        <extensions>
          <ns3:TrackPointExtension>
            <ns3:hr>160</ns3:hr>
            <ns3:cad>89</ns3:cad>
          </ns3:TrackPointExtension>
        </extensions>
      </trkpt>
      <trkpt lat="40.40447381325066089630126953125" lon="116.6844085045158863067626953125">
        <ele>84.1999969482421875</ele>
        <time>2026-10-08T15:25:47.000Z</time>
        <extensions>
          <ns3:TrackPointExtension>
            <ns3:hr>160</ns3:hr>
            <ns3:cad>89</ns3:cad>
          </ns3:TrackPointExtension>
        </extensions>
      </trkpt>
      <trkpt lat="40.4044567979872226715087890625" lon="116.684443540871143341064453125">
        <ele>84.1999969482421875</ele>
        <time>2026-10-08T15:25:48.000Z</time>
        <extensions>
          <ns3:TrackPointExtension>
            <ns3:hr>162</ns3:hr>
            <ns3:cad>89</ns3:cad>
          </ns3:TrackPointExtension>
        </extensions>
      </trkpt>
      <trkpt lat="40.40444330312311649322509765625" lon="116.6844752244651317596435546875">
        <ele>84.1999969482421875</ele>
        <time>2026-10-08T15:25:49.000Z</time>
        <extensions>
          <ns3:TrackPointExtension>
            <ns3:hr>160</ns3:hr>
            <ns3:cad>89</ns3:cad>
          </ns3:TrackPointExtension>
        </extensions>
      </trkpt>
      <trkpt lat="40.40442268364131450653076171875" lon="116.684505902230739593505859375">
        <ele>84.1999969482421875</ele>
        <time>2026-10-08T15:25:50.000Z</time>
        <extensions>
          <ns3:TrackPointExtension>
            <ns3:hr>160</ns3:hr>
            <ns3:cad>89</ns3:cad>
          </ns3:TrackPointExtension>
        </extensions>
      </trkpt>
      <trkpt lat="40.4044068418443202972412109375" lon="116.68453373014926910400390625">
        <ele>84.1999969482421875</ele>
        <time>2026-10-08T15:25:51.000Z</time>
        <extensions>
          <ns3:TrackPointExtension>
            <ns3:hr>162</ns3:hr>
            <ns3:cad>89</ns3:cad>
          </ns3:TrackPointExtension>
        </extensions>
      </trkpt>
      <trkpt lat="40.4043821990489959716796875" lon="116.68456348590552806854248046875">
        <ele>84.1999969482421875</ele>
        <time>2026-10-08T15:25:52.000Z</time>
        <extensions>
          <ns3:TrackPointExtension>
            <ns3:hr>160</ns3:hr>
            <ns3:cad>89</ns3:cad>
          </ns3:TrackPointExtension>
        </extensions>
      </trkpt>
      <trkpt lat="40.40436266921460628509521484375" lon="116.68458879925310611724853515625">
        <ele>84.1999969482421875</ele>
        <time>2026-10-08T15:25:53.000Z</time>
        <extensions>
          <ns3:TrackPointExtension>
            <ns3:hr>160</ns3:hr>
            <ns3:cad>89</ns3:cad>
          </ns3:TrackPointExtension>
        </extensions>
      </trkpt>
      <trkpt lat="40.40433433838188648223876953125" lon="116.684614531695842742919921875">
        <ele>84.1999969482421875</ele>
        <time>2026-10-08T15:25:54.000Z</time>
        <extensions>
          <ns3:TrackPointExtension>
            <ns3:hr>162</ns3:hr>
            <ns3:cad>90</ns3:cad>
          </ns3:TrackPointExtension>
        </extensions>
      </trkpt>
      <trkpt lat="40.404311120510101318359375" lon="116.6846371628344058990478515625">
        <ele>84.1999969482421875</ele>
        <time>2026-10-08T15:25:55.000Z</time>
        <extensions>
          <ns3:TrackPointExtension>
            <ns3:hr>160</ns3:hr>
            <ns3:cad>90</ns3:cad>
          </ns3:TrackPointExtension>
        </extensions>
      </trkpt>
      <trkpt lat="40.40427885018289089202880859375" lon="116.68465753085911273956298828125">
        <ele>84.1999969482421875</ele>
        <time>2026-10-08T15:25:56.000Z</time>
        <extensions>
          <ns3:TrackPointExtension>
            <ns3:hr>160</ns3:hr>
            <ns3:cad>90</ns3:cad>
          </ns3:TrackPointExtension>
        </extensions>
      </trkpt>
      <trkpt lat="40.4042534530162811279296875" lon="116.6846713609993457794189453125">
        <ele>84.1999969482421875</ele>
        <time>2026-10-08T15:25:57.000Z</time>
        <extensions>
          <ns3:TrackPointExtension>
            <ns3:hr>162</ns3:hr>
            <ns3:cad>90</ns3:cad>
          </ns3:TrackPointExtension>
        </extensions>
      </trkpt>
      <trkpt lat="40.40422336198389530181884765625" lon="116.68468334712088108062744140625">
        <ele>84.1999969482421875</ele>
        <time>2026-10-08T15:25:58.000Z</time>
        <extensions>
          <ns3:TrackPointExtension>
            <ns3:hr>161</ns3:hr>
            <ns3:cad>90</ns3:cad>
          </ns3:TrackPointExtension>
        </extensions>
      </trkpt>
      <trkpt lat="40.40419570170342922210693359375" lon="116.6846911422908306121826171875">
        <ele>84.1999969482421875</ele>
        <time>2026-10-08T15:25:59.000Z</time>
        <extensions>
          <ns3:TrackPointExtension>
            <ns3:hr>159</ns3:hr>
            <ns3:cad>90</ns3:cad>
          </ns3:TrackPointExtension>
        </extensions>
      </trkpt>
      <trkpt lat="40.40416385047137737274169921875" lon="116.68469977565109729766845703125">
        <ele>84.1999969482421875</ele>
        <time>2026-10-08T15:26:00.000Z</time>
        <extensions>
          <ns3:TrackPointExtension>
            <ns3:hr>161</ns3:hr>
            <ns3:cad>90</ns3:cad>
          </ns3:TrackPointExtension>
        </extensions>
      </trkpt>
      <trkpt lat="40.40413602255284786224365234375" lon="116.6847048886120319366455078125">
        <ele>84.1999969482421875</ele>
        <time>2026-10-08T15:26:01.000Z</time>
        <extensions>
          <ns3:TrackPointExtension>
            <ns3:hr>161</ns3:hr>
            <ns3:cad>89</ns3:cad>
          </ns3:TrackPointExtension>
        </extensions>
      </trkpt>
      <trkpt lat="40.40410383604466915130615234375" lon="116.684708409011363983154296875">
        <ele>84.1999969482421875</ele>
        <time>2026-10-08T15:26:02.000Z</time>
        <extensions>
          <ns3:TrackPointExtension>
            <ns3:hr>159</ns3:hr>
            <ns3:cad>89</ns3:cad>
          </ns3:TrackPointExtension>
        </extensions>
      </trkpt>
      <trkpt lat="40.40407131426036357879638671875" lon="116.6847079060971736907958984375">
        <ele>84.1999969482421875</ele>
        <time>2026-10-08T15:26:03.000Z</time>
        <extensions>
          <ns3:TrackPointExtension>
            <ns3:hr>161</ns3:hr>
            <ns3:cad>88</ns3:cad>
          </ns3:TrackPointExtension>
        </extensions>
      </trkpt>
      <trkpt lat="40.404038541018962860107421875" lon="116.68471268378198146820068359375">
        <ele>84.1999969482421875</ele>
        <time>2026-10-08T15:26:04.000Z</time>
        <extensions>
          <ns3:TrackPointExtension>
            <ns3:hr>161</ns3:hr>
            <ns3:cad>88</ns3:cad>
          </ns3:TrackPointExtension>
        </extensions>
      </trkpt>
      <trkpt lat="40.40400560013949871063232421875" lon="116.6847132705152034759521484375">
        <ele>84.1999969482421875</ele>
        <time>2026-10-08T15:26:05.000Z</time>
        <extensions>
          <ns3:TrackPointExtension>
            <ns3:hr>161</ns3:hr>
            <ns3:cad>88</ns3:cad>
          </ns3:TrackPointExtension>
        </extensions>
      </trkpt>
      <trkpt lat="40.403975509107112884521484375" lon="116.6847159527242183685302734375">
        <ele>84.1999969482421875</ele>
        <time>2026-10-08T15:26:06.000Z</time>
        <extensions>
          <ns3:TrackPointExtension>
            <ns3:hr>160</ns3:hr>
            <ns3:cad>88</ns3:cad>
          </ns3:TrackPointExtension>
        </extensions>
      </trkpt>
      <trkpt lat="40.40394407697021961212158203125" lon="116.68470949865877628326416015625">
        <ele>84.40000152587890625</ele>
        <time>2026-10-08T15:26:07.000Z</time>
        <extensions>
          <ns3:TrackPointExtension>
            <ns3:hr>161</ns3:hr>
            <ns3:cad>88</ns3:cad>
          </ns3:TrackPointExtension>
        </extensions>
      </trkpt>
      <trkpt lat="40.40391507558524608612060546875" lon="116.68470983393490314483642578125">
        <ele>84.40000152587890625</ele>
        <time>2026-10-08T15:26:08.000Z</time>
        <extensions>
          <ns3:TrackPointExtension>
            <ns3:hr>160</ns3:hr>
            <ns3:cad>89</ns3:cad>
          </ns3:TrackPointExtension>
        </extensions>
      </trkpt>
      <trkpt lat="40.4038841463625431060791015625" lon="116.68470346368849277496337890625">
        <ele>84.40000152587890625</ele>
        <time>2026-10-08T15:26:09.000Z</time>
        <extensions>
          <ns3:TrackPointExtension>
            <ns3:hr>159</ns3:hr>
            <ns3:cad>89</ns3:cad>
          </ns3:TrackPointExtension>
        </extensions>
      </trkpt>
      <trkpt lat="40.4038539715111255645751953125" lon="116.68470815755426883697509765625">
        <ele>84.1999969482421875</ele>
        <time>2026-10-08T15:26:10.000Z</time>
        <extensions>
          <ns3:TrackPointExtension>
            <ns3:hr>162</ns3:hr>
            <ns3:cad>89</ns3:cad>
          </ns3:TrackPointExtension>
        </extensions>
      </trkpt>
      <trkpt lat="40.40382136590778827667236328125" lon="116.68470916338264942169189453125">
        <ele>84.1999969482421875</ele>
        <time>2026-10-08T15:26:11.000Z</time>
        <extensions>
          <ns3:TrackPointExtension>
            <ns3:hr>161</ns3:hr>
            <ns3:cad>89</ns3:cad>
          </ns3:TrackPointExtension>
        </extensions>
      </trkpt>
      <trkpt lat="40.4037932865321636199951171875" lon="116.68471318669617176055908203125">
        <ele>84.1999969482421875</ele>
        <time>2026-10-08T15:26:12.000Z</time>
        <extensions>
          <ns3:TrackPointExtension>
            <ns3:hr>161</ns3:hr>
            <ns3:cad>89</ns3:cad>
          </ns3:TrackPointExtension>
        </extensions>
      </trkpt>
      <trkpt lat="40.40375967510044574737548828125" lon="116.684710085391998291015625">
        <ele>84.1999969482421875</ele>
        <time>2026-10-08T15:26:13.000Z</time>
        <extensions>
          <ns3:TrackPointExtension>
            <ns3:hr>163</ns3:hr>
            <ns3:cad>90</ns3:cad>
          </ns3:TrackPointExtension>
        </extensions>
      </trkpt>
      <trkpt lat="40.403731763362884521484375" lon="116.68471536599099636077880859375">
        <ele>84.1999969482421875</ele>
        <time>2026-10-08T15:26:14.000Z</time>
        <extensions>
          <ns3:TrackPointExtension>
            <ns3:hr>164</ns3:hr>
            <ns3:cad>90</ns3:cad>
          </ns3:TrackPointExtension>
        </extensions>
      </trkpt>
      <trkpt lat="40.40369396097958087921142578125" lon="116.68471016921103000640869140625">
        <ele>84.1999969482421875</ele>
        <time>2026-10-08T15:26:15.000Z</time>
        <extensions>
          <ns3:TrackPointExtension>
            <ns3:hr>160</ns3:hr>
            <ns3:cad>89</ns3:cad>
          </ns3:TrackPointExtension>
        </extensions>
      </trkpt>
      <trkpt lat="40.4036675579845905303955078125" lon="116.6847149468958377838134765625">
        <ele>84.1999969482421875</ele>
        <time>2026-10-08T15:26:16.000Z</time>
        <extensions>
          <ns3:TrackPointExtension>
            <ns3:hr>160</ns3:hr>
            <ns3:cad>89</ns3:cad>
          </ns3:TrackPointExtension>
        </extensions>
      </trkpt>
      <trkpt lat="40.4036311805248260498046875" lon="116.68470681644976139068603515625">
        <ele>84.1999969482421875</ele>
        <time>2026-10-08T15:26:17.000Z</time>
        <extensions>
          <ns3:TrackPointExtension>
            <ns3:hr>163</ns3:hr>
            <ns3:cad>89</ns3:cad>
          </ns3:TrackPointExtension>
        </extensions>
      </trkpt>
      <trkpt lat="40.403602682054042816162109375" lon="116.684710085391998291015625">
        <ele>84.1999969482421875</ele>
        <time>2026-10-08T15:26:18.000Z</time>
        <extensions>
          <ns3:TrackPointExtension>
            <ns3:hr>161</ns3:hr>
            <ns3:cad>89</ns3:cad>
          </ns3:TrackPointExtension>
        </extensions>
      </trkpt>
      <trkpt lat="40.40357016026973724365234375" lon="116.68470539152622222900390625">
        <ele>84.1999969482421875</ele>
        <time>2026-10-08T15:26:19.000Z</time>
        <extensions>
          <ns3:TrackPointExtension>
            <ns3:hr>160</ns3:hr>
            <ns3:cad>90</ns3:cad>
          </ns3:TrackPointExtension>
        </extensions>
      </trkpt>
      <trkpt lat="40.4035408236086368560791015625" lon="116.68470782227814197540283203125">
        <ele>84</ele>
        <time>2026-10-08T15:26:20.000Z</time>
        <extensions>
          <ns3:TrackPointExtension>
            <ns3:hr>162</ns3:hr>
            <ns3:cad>90</ns3:cad>
          </ns3:TrackPointExtension>
        </extensions>
      </trkpt>
      <trkpt lat="40.40350377559661865234375" lon="116.6847042180597782135009765625">
        <ele>84</ele>
        <time>2026-10-08T15:26:21.000Z</time>
        <extensions>
          <ns3:TrackPointExtension>
            <ns3:hr>160</ns3:hr>
            <ns3:cad>90</ns3:cad>
          </ns3:TrackPointExtension>
        </extensions>
      </trkpt>
      <trkpt lat="40.40347519330680370330810546875" lon="116.6847087442874908447265625">
        <ele>84</ele>
        <time>2026-10-08T15:26:22.000Z</time>
        <extensions>
          <ns3:TrackPointExtension>
            <ns3:hr>159</ns3:hr>
            <ns3:cad>90</ns3:cad>
          </ns3:TrackPointExtension>
        </extensions>
      </trkpt>
      <trkpt lat="40.403439737856388092041015625" lon="116.68470413424074649810791015625">
        <ele>84</ele>
        <time>2026-10-08T15:26:23.000Z</time>
        <extensions>
          <ns3:TrackPointExtension>
            <ns3:hr>161</ns3:hr>
            <ns3:cad>89</ns3:cad>
          </ns3:TrackPointExtension>
        </extensions>
      </trkpt>
      <trkpt lat="40.4034125804901123046875" lon="116.6847079060971736907958984375">
        <ele>84</ele>
        <time>2026-10-08T15:26:24.000Z</time>
        <extensions>
          <ns3:TrackPointExtension>
            <ns3:hr>160</ns3:hr>
            <ns3:cad>89</ns3:cad>
          </ns3:TrackPointExtension>
        </extensions>
      </trkpt>
      <trkpt lat="40.403377376496791839599609375" lon="116.68470681644976139068603515625">
        <ele>84</ele>
        <time>2026-10-08T15:26:25.000Z</time>
        <extensions>
          <ns3:TrackPointExtension>
            <ns3:hr>159</ns3:hr>
            <ns3:cad>89</ns3:cad>
          </ns3:TrackPointExtension>
        </extensions>
      </trkpt>
      <trkpt lat="40.40335097350180149078369140625" lon="116.684711761772632598876953125">
        <ele>84</ele>
        <time>2026-10-08T15:26:26.000Z</time>
        <extensions>
          <ns3:TrackPointExtension>
            <ns3:hr>161</ns3:hr>
            <ns3:cad>90</ns3:cad>
          </ns3:TrackPointExtension>
        </extensions>
      </trkpt>
      <trkpt lat="40.40331442840397357940673828125" lon="116.68470480479300022125244140625">
        <ele>84</ele>
        <time>2026-10-08T15:26:27.000Z</time>
        <extensions>
          <ns3:TrackPointExtension>
            <ns3:hr>161</ns3:hr>
            <ns3:cad>90</ns3:cad>
          </ns3:TrackPointExtension>
        </extensions>
      </trkpt>
      <trkpt lat="40.40328676812350749969482421875" lon="116.6847065649926662445068359375">
        <ele>84</ele>
        <time>2026-10-08T15:26:28.000Z</time>
        <extensions>
          <ns3:TrackPointExtension>
            <ns3:hr>159</ns3:hr>
            <ns3:cad>89</ns3:cad>
          </ns3:TrackPointExtension>
        </extensions>
      </trkpt>
      <trkpt lat="40.4032491333782672882080078125" lon="116.6846965067088603973388671875">
        <ele>84</ele>
        <time>2026-10-08T15:26:29.000Z</time>
        <extensions>
          <ns3:TrackPointExtension>
            <ns3:hr>160</ns3:hr>
            <ns3:cad>89</ns3:cad>
          </ns3:TrackPointExtension>
        </extensions>
      </trkpt>
      <trkpt lat="40.4032208025455474853515625" lon="116.68469424359500408172607421875">
        <ele>84</ele>
        <time>2026-10-08T15:26:30.000Z</time>
        <extensions>
          <ns3:TrackPointExtension>
            <ns3:hr>161</ns3:hr>
            <ns3:cad>89</ns3:cad>
          </ns3:TrackPointExtension>
        </extensions>
      </trkpt>
      <trkpt lat="40.403185598552227020263671875" lon="116.684680245816707611083984375">
        <ele>84</ele>
        <time>2026-10-08T15:26:31.000Z</time>
        <extensions>
          <ns3:TrackPointExtension>
            <ns3:hr>160</ns3:hr>
            <ns3:cad>89</ns3:cad>
          </ns3:TrackPointExtension>
        </extensions>
      </trkpt>
      <trkpt lat="40.40315835736691951751708984375" lon="116.68467345647513866424560546875">
        <ele>84</ele>
        <time>2026-10-08T15:26:32.000Z</time>
        <extensions>
          <ns3:TrackPointExtension>
            <ns3:hr>159</ns3:hr>
            <ns3:cad>89</ns3:cad>
          </ns3:TrackPointExtension>
        </extensions>
      </trkpt>
      <trkpt lat="40.4031237401068210601806640625" lon="116.68465367518365383148193359375">
        <ele>84</ele>
        <time>2026-10-08T15:26:33.000Z</time>
        <extensions>
          <ns3:TrackPointExtension>
            <ns3:hr>162</ns3:hr>
            <ns3:cad>89</ns3:cad>
          </ns3:TrackPointExtension>
        </extensions>
      </trkpt>
      <trkpt lat="40.40309482254087924957275390625" lon="116.68463875539600849151611328125">
        <ele>84</ele>
        <time>2026-10-08T15:26:34.000Z</time>
        <extensions>
          <ns3:TrackPointExtension>
            <ns3:hr>160</ns3:hr>
            <ns3:cad>89</ns3:cad>
          </ns3:TrackPointExtension>
        </extensions>
      </trkpt>
      <trkpt lat="40.403068251907825469970703125" lon="116.68461176566779613494873046875">
        <ele>84</ele>
        <time>2026-10-08T15:26:35.000Z</time>
        <extensions>
          <ns3:TrackPointExtension>
            <ns3:hr>160</ns3:hr>
            <ns3:cad>89</ns3:cad>
          </ns3:TrackPointExtension>
        </extensions>
      </trkpt>
      <trkpt lat="40.40304637514054775238037109375" lon="116.684596426784992218017578125">
        <ele>84</ele>
        <time>2026-10-08T15:26:36.000Z</time>
        <extensions>
          <ns3:TrackPointExtension>
            <ns3:hr>161</ns3:hr>
            <ns3:cad>90</ns3:cad>
          </ns3:TrackPointExtension>
        </extensions>
      </trkpt>
      <trkpt lat="40.40302072651684284210205078125" lon="116.684557534754276275634765625">
        <ele>84</ele>
        <time>2026-10-08T15:26:37.000Z</time>
        <extensions>
          <ns3:TrackPointExtension>
            <ns3:hr>160</ns3:hr>
            <ns3:cad>90</ns3:cad>
          </ns3:TrackPointExtension>
        </extensions>
      </trkpt>
      <trkpt lat="40.402999855577945709228515625" lon="116.68453716672956943511962890625">
        <ele>84</ele>
        <time>2026-10-08T15:26:38.000Z</time>
        <extensions>
          <ns3:TrackPointExtension>
            <ns3:hr>158</ns3:hr>
            <ns3:cad>90</ns3:cad>
          </ns3:TrackPointExtension>
        </extensions>
      </trkpt>
      <trkpt lat="40.40297931991517543792724609375" lon="116.6844968497753143310546875">
        <ele>84</ele>
        <time>2026-10-08T15:26:39.000Z</time>
        <extensions>
          <ns3:TrackPointExtension>
            <ns3:hr>160</ns3:hr>
            <ns3:cad>90</ns3:cad>
          </ns3:TrackPointExtension>
        </extensions>
      </trkpt>
      <trkpt lat="40.4029601253569126129150390625" lon="116.684474050998687744140625">
        <ele>84</ele>
        <time>2026-10-08T15:26:40.000Z</time>
        <extensions>
          <ns3:TrackPointExtension>
            <ns3:hr>159</ns3:hr>
            <ns3:cad>90</ns3:cad>
          </ns3:TrackPointExtension>
        </extensions>
      </trkpt>
      <trkpt lat="40.40294663049280643463134765625" lon="116.68443071655929088592529296875">
        <ele>84</ele>
        <time>2026-10-08T15:26:41.000Z</time>
        <extensions>
          <ns3:TrackPointExtension>
            <ns3:hr>158</ns3:hr>
            <ns3:cad>90</ns3:cad>
          </ns3:TrackPointExtension>
        </extensions>
      </trkpt>
      <trkpt lat="40.402932800352573394775390625" lon="116.6844002902507781982421875">
        <ele>84</ele>
        <time>2026-10-08T15:26:42.000Z</time>
        <extensions>
          <ns3:TrackPointExtension>
            <ns3:hr>159</ns3:hr>
            <ns3:cad>90</ns3:cad>
          </ns3:TrackPointExtension>
        </extensions>
      </trkpt>
      <trkpt lat="40.40292450226843357086181640625" lon="116.684353686869144439697265625">
        <ele>84</ele>
        <time>2026-10-08T15:26:43.000Z</time>
        <extensions>
          <ns3:TrackPointExtension>
            <ns3:hr>158</ns3:hr>
            <ns3:cad>91</ns3:cad>
          </ns3:TrackPointExtension>
        </extensions>
      </trkpt>
      <trkpt lat="40.40291360579431056976318359375" lon="116.68432024307548999786376953125">
        <ele>84</ele>
        <time>2026-10-08T15:26:44.000Z</time>
        <extensions>
          <ns3:TrackPointExtension>
            <ns3:hr>160</ns3:hr>
            <ns3:cad>92</ns3:cad>
          </ns3:TrackPointExtension>
        </extensions>
      </trkpt>
      <trkpt lat="40.402904637157917022705078125" lon="116.68427246622741222381591796875">
        <ele>84</ele>
        <time>2026-10-08T15:26:45.000Z</time>
        <extensions>
          <ns3:TrackPointExtension>
            <ns3:hr>158</ns3:hr>
            <ns3:cad>92</ns3:cad>
          </ns3:TrackPointExtension>
        </extensions>
      </trkpt>
      <trkpt lat="40.40289566852152347564697265625" lon="116.6842381842434406280517578125">
        <ele>84</ele>
        <time>2026-10-08T15:26:46.000Z</time>
        <extensions>
          <ns3:TrackPointExtension>
            <ns3:hr>159</ns3:hr>
            <ns3:cad>92</ns3:cad>
          </ns3:TrackPointExtension>
        </extensions>
      </trkpt>
      <trkpt lat="40.4028873704373836517333984375" lon="116.68419174849987030029296875">
        <ele>84</ele>
        <time>2026-10-08T15:26:47.000Z</time>
        <extensions>
          <ns3:TrackPointExtension>
            <ns3:hr>160</ns3:hr>
            <ns3:cad>92</ns3:cad>
          </ns3:TrackPointExtension>
        </extensions>
      </trkpt>
      <trkpt lat="40.40288192220032215118408203125" lon="116.68415562249720096588134765625">
        <ele>84.1999969482421875</ele>
        <time>2026-10-08T15:26:48.000Z</time>
        <extensions>
          <ns3:TrackPointExtension>
            <ns3:hr>158</ns3:hr>
            <ns3:cad>92</ns3:cad>
          </ns3:TrackPointExtension>
        </extensions>
      </trkpt>
      <trkpt lat="40.40288426913321018218994140625" lon="116.6841107793152332305908203125">
        <ele>84.1999969482421875</ele>
        <time>2026-10-08T15:26:49.000Z</time>
        <extensions>
          <ns3:TrackPointExtension>
            <ns3:hr>158</ns3:hr>
            <ns3:cad>92</ns3:cad>
          </ns3:TrackPointExtension>
        </extensions>
      </trkpt>
      <trkpt lat="40.402880497276782989501953125" lon="116.6840765811502933502197265625">
        <ele>84.1999969482421875</ele>
        <time>2026-10-08T15:26:50.000Z</time>
        <extensions>
          <ns3:TrackPointExtension>
            <ns3:hr>160</ns3:hr>
            <ns3:cad>91</ns3:cad>
          </ns3:TrackPointExtension>
        </extensions>
      </trkpt>
      <trkpt lat="40.402885191142559051513671875" lon="116.6840316541492938995361328125">
        <ele>84.1999969482421875</ele>
        <time>2026-10-08T15:26:51.000Z</time>
        <extensions>
          <ns3:TrackPointExtension>
            <ns3:hr>158</ns3:hr>
            <ns3:cad>90</ns3:cad>
          </ns3:TrackPointExtension>
        </extensions>
      </trkpt>
      <trkpt lat="40.4028860293328762054443359375" lon="116.6839952766895294189453125">
        <ele>84.1999969482421875</ele>
        <time>2026-10-08T15:26:52.000Z</time>
        <extensions>
          <ns3:TrackPointExtension>
            <ns3:hr>158</ns3:hr>
            <ns3:cad>90</ns3:cad>
          </ns3:TrackPointExtension>
        </extensions>
      </trkpt>
      <trkpt lat="40.40289835073053836822509765625" lon="116.68395034968852996826171875">
        <ele>84.1999969482421875</ele>
        <time>2026-10-08T15:26:53.000Z</time>
        <extensions>
          <ns3:TrackPointExtension>
            <ns3:hr>160</ns3:hr>
            <ns3:cad>90</ns3:cad>
          </ns3:TrackPointExtension>
        </extensions>
      </trkpt>
      <trkpt lat="40.4029024578630924224853515625" lon="116.6839169897139072418212890625">
        <ele>84.1999969482421875</ele>
        <time>2026-10-08T15:26:54.000Z</time>
        <extensions>
          <ns3:TrackPointExtension>
            <ns3:hr>158</ns3:hr>
            <ns3:cad>89</ns3:cad>
          </ns3:TrackPointExtension>
        </extensions>
      </trkpt>
      <trkpt lat="40.40292131714522838592529296875" lon="116.68387390673160552978515625">
        <ele>84.1999969482421875</ele>
        <time>2026-10-08T15:26:55.000Z</time>
        <extensions>
          <ns3:TrackPointExtension>
            <ns3:hr>159</ns3:hr>
            <ns3:cad>89</ns3:cad>
          </ns3:TrackPointExtension>
        </extensions>
      </trkpt>
      <trkpt lat="40.4029316268861293792724609375" lon="116.683838032186031341552734375">
        <ele>84.1999969482421875</ele>
        <time>2026-10-08T15:26:56.000Z</time>
        <extensions>
          <ns3:TrackPointExtension>
            <ns3:hr>161</ns3:hr>
            <ns3:cad>89</ns3:cad>
          </ns3:TrackPointExtension>
        </extensions>
      </trkpt>
      <trkpt lat="40.402955599129199981689453125" lon="116.68379704467952251434326171875">
        <ele>84.1999969482421875</ele>
        <time>2026-10-08T15:26:57.000Z</time>
        <extensions>
          <ns3:TrackPointExtension>
            <ns3:hr>159</ns3:hr>
            <ns3:cad>89</ns3:cad>
          </ns3:TrackPointExtension>
        </extensions>
      </trkpt>
      <trkpt lat="40.4029691778123378753662109375" lon="116.68376661837100982666015625">
        <ele>84.1999969482421875</ele>
        <time>2026-10-08T15:26:58.000Z</time>
        <extensions>
          <ns3:TrackPointExtension>
            <ns3:hr>159</ns3:hr>
            <ns3:cad>89</ns3:cad>
          </ns3:TrackPointExtension>
        </extensions>
      </trkpt>
      <trkpt lat="40.4029966704547405242919921875" lon="116.68373418040573596954345703125">
        <ele>84.1999969482421875</ele>
        <time>2026-10-08T15:26:59.000Z</time>
        <extensions>
          <ns3:TrackPointExtension>
            <ns3:hr>161</ns3:hr>
            <ns3:cad>89</ns3:cad>
          </ns3:TrackPointExtension>
        </extensions>
      </trkpt>
      <trkpt lat="40.40301569737493991851806640625" lon="116.68370668776333332061767578125">
        <ele>84.1999969482421875</ele>
        <time>2026-10-08T15:27:00.000Z</time>
        <extensions>
          <ns3:TrackPointExtension>
            <ns3:hr>159</ns3:hr>
            <ns3:cad>89</ns3:cad>
          </ns3:TrackPointExtension>
        </extensions>
      </trkpt>
      <trkpt lat="40.4030476324260234832763671875" lon="116.68367768637835979461669921875">
        <ele>84.1999969482421875</ele>
        <time>2026-10-08T15:27:01.000Z</time>
        <extensions>
          <ns3:TrackPointExtension>
            <ns3:hr>159</ns3:hr>
            <ns3:cad>89</ns3:cad>
          </ns3:TrackPointExtension>
        </extensions>
      </trkpt>
      <trkpt lat="40.403068251907825469970703125" lon="116.68364985845983028411865234375">
        <ele>84.1999969482421875</ele>
        <time>2026-10-08T15:27:02.000Z</time>
        <extensions>
          <ns3:TrackPointExtension>
            <ns3:hr>162</ns3:hr>
            <ns3:cad>89</ns3:cad>
          </ns3:TrackPointExtension>
        </extensions>
      </trkpt>
      <trkpt lat="40.40310052223503589630126953125" lon="116.68362370692193508148193359375">
        <ele>84.1999969482421875</ele>
        <time>2026-10-08T15:27:03.000Z</time>
        <extensions>
          <ns3:TrackPointExtension>
            <ns3:hr>160</ns3:hr>
            <ns3:cad>89</ns3:cad>
          </ns3:TrackPointExtension>
        </extensions>
      </trkpt>
      <trkpt lat="40.40312130935490131378173828125" lon="116.6836045123636722564697265625">
        <ele>84.1999969482421875</ele>
        <time>2026-10-08T15:27:04.000Z</time>
        <extensions>
          <ns3:TrackPointExtension>
            <ns3:hr>159</ns3:hr>
            <ns3:cad>89</ns3:cad>
          </ns3:TrackPointExtension>
        </extensions>
      </trkpt>
      <trkpt lat="40.40315533988177776336669921875" lon="116.6835914365947246551513671875">
        <ele>84.1999969482421875</ele>
        <time>2026-10-08T15:27:05.000Z</time>
        <extensions>
          <ns3:TrackPointExtension>
            <ns3:hr>160</ns3:hr>
            <ns3:cad>89</ns3:cad>
          </ns3:TrackPointExtension>
        </extensions>
      </trkpt>
      <trkpt lat="40.40317989885807037353515625" lon="116.6835766844451427459716796875">
        <ele>84.1999969482421875</ele>
        <time>2026-10-08T15:27:06.000Z</time>
        <extensions>
          <ns3:TrackPointExtension>
            <ns3:hr>160</ns3:hr>
            <ns3:cad>89</ns3:cad>
          </ns3:TrackPointExtension>
        </extensions>
      </trkpt>
      <trkpt lat="40.4032127559185028076171875" lon="116.68356989510357379913330078125">
        <ele>84.1999969482421875</ele>
        <time>2026-10-08T15:27:07.000Z</time>
        <extensions>
          <ns3:TrackPointExtension>
            <ns3:hr>159</ns3:hr>
            <ns3:cad>89</ns3:cad>
          </ns3:TrackPointExtension>
        </extensions>
      </trkpt>
      <trkpt lat="40.4032424278557300567626953125" lon="116.68355916626751422882080078125">
        <ele>84.1999969482421875</ele>
        <time>2026-10-08T15:27:08.000Z</time>
        <extensions>
          <ns3:TrackPointExtension>
            <ns3:hr>161</ns3:hr>
            <ns3:cad>89</ns3:cad>
          </ns3:TrackPointExtension>
        </extensions>
      </trkpt>
      <trkpt lat="40.403271429240703582763671875" lon="116.68355983681976795196533203125">
        <ele>84.1999969482421875</ele>
        <time>2026-10-08T15:27:09.000Z</time>
        <extensions>
          <ns3:TrackPointExtension>
            <ns3:hr>162</ns3:hr>
            <ns3:cad>89</ns3:cad>
          </ns3:TrackPointExtension>
        </extensions>
      </trkpt>
      <trkpt lat="40.403297245502471923828125" lon="116.68355229310691356658935546875">
        <ele>84.1999969482421875</ele>
        <time>2026-10-08T15:27:10.000Z</time>
        <extensions>
          <ns3:TrackPointExtension>
            <ns3:hr>160</ns3:hr>
            <ns3:cad>89</ns3:cad>
          </ns3:TrackPointExtension>
        </extensions>
      </trkpt>
      <trkpt lat="40.40333119221031665802001953125" lon="116.68354994617402553558349609375">
        <ele>84.1999969482421875</ele>
        <time>2026-10-08T15:27:11.000Z</time>
        <extensions>
          <ns3:TrackPointExtension>
            <ns3:hr>162</ns3:hr>
            <ns3:cad>90</ns3:cad>
          </ns3:TrackPointExtension>
        </extensions>
      </trkpt>
      <trkpt lat="40.40335700847208499908447265625" lon="116.68354424647986888885498046875">
        <ele>84.1999969482421875</ele>
        <time>2026-10-08T15:27:12.000Z</time>
        <extensions>
          <ns3:TrackPointExtension>
            <ns3:hr>163</ns3:hr>
            <ns3:cad>90</ns3:cad>
          </ns3:TrackPointExtension>
        </extensions>
      </trkpt>
      <trkpt lat="40.40338953025639057159423828125" lon="116.68355262838304042816162109375">
        <ele>84.1999969482421875</ele>
        <time>2026-10-08T15:27:13.000Z</time>
        <extensions>
          <ns3:TrackPointExtension>
            <ns3:hr>161</ns3:hr>
            <ns3:cad>90</ns3:cad>
          </ns3:TrackPointExtension>
        </extensions>
      </trkpt>
      <trkpt lat="40.40342037566006183624267578125" lon="116.68355229310691356658935546875">
        <ele>84.1999969482421875</ele>
        <time>2026-10-08T15:27:14.000Z</time>
        <extensions>
          <ns3:TrackPointExtension>
            <ns3:hr>161</ns3:hr>
            <ns3:cad>90</ns3:cad>
          </ns3:TrackPointExtension>
        </extensions>
      </trkpt>
      <trkpt lat="40.40345222689211368560791015625" lon="116.68355916626751422882080078125">
        <ele>84</ele>
        <time>2026-10-08T15:27:15.000Z</time>
        <extensions>
          <ns3:TrackPointExtension>
            <ns3:hr>164</ns3:hr>
            <ns3:cad>90</ns3:cad>
          </ns3:TrackPointExtension>
        </extensions>
      </trkpt>
      <trkpt lat="40.40348005481064319610595703125" lon="116.683552376925945281982421875">
        <ele>84</ele>
        <time>2026-10-08T15:27:16.000Z</time>
        <extensions>
          <ns3:TrackPointExtension>
            <ns3:hr>161</ns3:hr>
            <ns3:cad>90</ns3:cad>
          </ns3:TrackPointExtension>
        </extensions>
      </trkpt>
      <trkpt lat="40.40351391769945621490478515625" lon="116.68355799280107021331787109375">
        <ele>84</ele>
        <time>2026-10-08T15:27:17.000Z</time>
        <extensions>
          <ns3:TrackPointExtension>
            <ns3:hr>161</ns3:hr>
            <ns3:cad>90</ns3:cad>
          </ns3:TrackPointExtension>
        </extensions>
      </trkpt>
      <trkpt lat="40.40354325436055660247802734375" lon="116.68355313129723072052001953125">
        <ele>84</ele>
        <time>2026-10-08T15:27:18.000Z</time>
        <extensions>
          <ns3:TrackPointExtension>
            <ns3:hr>163</ns3:hr>
            <ns3:cad>90</ns3:cad>
          </ns3:TrackPointExtension>
        </extensions>
      </trkpt>
      <trkpt lat="40.40358030237257480621337890625" lon="116.6835582442581653594970703125">
        <ele>84</ele>
        <time>2026-10-08T15:27:19.000Z</time>
        <extensions>
          <ns3:TrackPointExtension>
            <ns3:hr>160</ns3:hr>
            <ns3:cad>91</ns3:cad>
          </ns3:TrackPointExtension>
        </extensions>
      </trkpt>
      <trkpt lat="40.4036070406436920166015625" lon="116.68355405330657958984375">
        <ele>84</ele>
        <time>2026-10-08T15:27:20.000Z</time>
        <extensions>
          <ns3:TrackPointExtension>
            <ns3:hr>160</ns3:hr>
            <ns3:cad>91</ns3:cad>
          </ns3:TrackPointExtension>
        </extensions>
      </trkpt>
      <trkpt lat="40.40364417247474193572998046875" lon="116.68355732224881649017333984375">
        <ele>84</ele>
        <time>2026-10-08T15:27:21.000Z</time>
        <extensions>
          <ns3:TrackPointExtension>
            <ns3:hr>162</ns3:hr>
            <ns3:cad>91</ns3:cad>
          </ns3:TrackPointExtension>
        </extensions>
      </trkpt>
      <trkpt lat="40.403673090040683746337890625" lon="116.6835508681833744049072265625">
        <ele>84</ele>
        <time>2026-10-08T15:27:22.000Z</time>
        <extensions>
          <ns3:TrackPointExtension>
            <ns3:hr>160</ns3:hr>
            <ns3:cad>91</ns3:cad>
          </ns3:TrackPointExtension>
        </extensions>
      </trkpt>
      <trkpt lat="40.40371072478592395782470703125" lon="116.68354860506951808929443359375">
        <ele>84.1999969482421875</ele>
        <time>2026-10-08T15:27:23.000Z</time>
        <extensions>
          <ns3:TrackPointExtension>
            <ns3:hr>159</ns3:hr>
            <ns3:cad>90</ns3:cad>
          </ns3:TrackPointExtension>
        </extensions>
      </trkpt>
      <trkpt lat="40.40373855270445346832275390625" lon="116.68354424647986888885498046875">
        <ele>84.1999969482421875</ele>
        <time>2026-10-08T15:27:24.000Z</time>
        <extensions>
          <ns3:TrackPointExtension>
            <ns3:hr>161</ns3:hr>
            <ns3:cad>90</ns3:cad>
          </ns3:TrackPointExtension>
        </extensions>
      </trkpt>
      <trkpt lat="40.40377593599259853363037109375" lon="116.68354206718504428863525390625">
        <ele>84.1999969482421875</ele>
        <time>2026-10-08T15:27:25.000Z</time>
        <extensions>
          <ns3:TrackPointExtension>
            <ns3:hr>159</ns3:hr>
            <ns3:cad>90</ns3:cad>
          </ns3:TrackPointExtension>
        </extensions>
      </trkpt>
      <trkpt lat="40.40380376391112804412841796875" lon="116.68353871442377567291259765625">
        <ele>84.1999969482421875</ele>
        <time>2026-10-08T15:27:26.000Z</time>
        <extensions>
          <ns3:TrackPointExtension>
            <ns3:hr>159</ns3:hr>
            <ns3:cad>90</ns3:cad>
          </ns3:TrackPointExtension>
        </extensions>
      </trkpt>
      <trkpt lat="40.4038365371525287628173828125" lon="116.68354156427085399627685546875">
        <ele>84</ele>
        <time>2026-10-08T15:27:27.000Z</time>
        <extensions>
          <ns3:TrackPointExtension>
            <ns3:hr>161</ns3:hr>
            <ns3:cad>90</ns3:cad>
          </ns3:TrackPointExtension>
        </extensions>
      </trkpt>
      <trkpt lat="40.40386176668107509613037109375" lon="116.68353586457669734954833984375">
        <ele>84</ele>
        <time>2026-10-08T15:27:28.000Z</time>
        <extensions>
          <ns3:TrackPointExtension>
            <ns3:hr>159</ns3:hr>
            <ns3:cad>90</ns3:cad>
          </ns3:TrackPointExtension>
        </extensions>
      </trkpt>
      <trkpt lat="40.403896383941173553466796875" lon="116.68354055844247341156005859375">
        <ele>84</ele>
        <time>2026-10-08T15:27:29.000Z</time>
        <extensions>
          <ns3:TrackPointExtension>
            <ns3:hr>159</ns3:hr>
            <ns3:cad>90</ns3:cad>
          </ns3:TrackPointExtension>
        </extensions>
      </trkpt>
      <trkpt lat="40.4039193503558635711669921875" lon="116.68353150598704814910888671875">
        <ele>84</ele>
        <time>2026-10-08T15:27:30.000Z</time>
        <extensions>
          <ns3:TrackPointExtension>
            <ns3:hr>161</ns3:hr>
            <ns3:cad>90</ns3:cad>
          </ns3:TrackPointExtension>
        </extensions>
      </trkpt>
      <trkpt lat="40.40395145304501056671142578125" lon="116.68353301472961902618408203125">
        <ele>84</ele>
        <time>2026-10-08T15:27:31.000Z</time>
        <extensions>
          <ns3:TrackPointExtension>
            <ns3:hr>159</ns3:hr>
            <ns3:cad>90</ns3:cad>
          </ns3:TrackPointExtension>
        </extensions>
      </trkpt>
      <trkpt lat="40.403976850211620330810546875" lon="116.68352798558771610260009765625">
        <ele>84.1999969482421875</ele>
        <time>2026-10-08T15:27:32.000Z</time>
        <extensions>
          <ns3:TrackPointExtension>
            <ns3:hr>160</ns3:hr>
            <ns3:cad>90</ns3:cad>
          </ns3:TrackPointExtension>
        </extensions>
      </trkpt>
      <trkpt lat="40.40401163510978221893310546875" lon="116.683535277843475341796875">
        <ele>84.1999969482421875</ele>
        <time>2026-10-08T15:27:33.000Z</time>
        <extensions>
          <ns3:TrackPointExtension>
            <ns3:hr>162</ns3:hr>
            <ns3:cad>90</ns3:cad>
          </ns3:TrackPointExtension>
        </extensions>
      </trkpt>
      <trkpt lat="40.404038541018962860107421875" lon="116.68353251181542873382568359375">
        <ele>84.1999969482421875</ele>
        <time>2026-10-08T15:27:34.000Z</time>
        <extensions>
          <ns3:TrackPointExtension>
            <ns3:hr>160</ns3:hr>
            <ns3:cad>89</ns3:cad>
          </ns3:TrackPointExtension>
        </extensions>
      </trkpt>
      <trkpt lat="40.40407399646937847137451171875" lon="116.68354122899472713470458984375">
        <ele>84.1999969482421875</ele>
        <time>2026-10-08T15:27:35.000Z</time>
        <extensions>
          <ns3:TrackPointExtension>
            <ns3:hr>160</ns3:hr>
            <ns3:cad>89</ns3:cad>
          </ns3:TrackPointExtension>
        </extensions>
      </trkpt>
      <trkpt lat="40.40409989655017852783203125" lon="116.6835398040711879730224609375">
        <ele>84.1999969482421875</ele>
        <time>2026-10-08T15:27:36.000Z</time>
        <extensions>
          <ns3:TrackPointExtension>
            <ns3:hr>161</ns3:hr>
            <ns3:cad>89</ns3:cad>
          </ns3:TrackPointExtension>
        </extensions>
      </trkpt>
      <trkpt lat="40.40413208305835723876953125" lon="116.6835475154221057891845703125">
        <ele>84</ele>
        <time>2026-10-08T15:27:37.000Z</time>
        <extensions>
          <ns3:TrackPointExtension>
            <ns3:hr>159</ns3:hr>
            <ns3:cad>90</ns3:cad>
          </ns3:TrackPointExtension>
        </extensions>
      </trkpt>
      <trkpt lat="40.4041584022343158721923828125" lon="116.68355128727853298187255859375">
        <ele>84</ele>
        <time>2026-10-08T15:27:38.000Z</time>
        <extensions>
          <ns3:TrackPointExtension>
            <ns3:hr>159</ns3:hr>
            <ns3:cad>90</ns3:cad>
          </ns3:TrackPointExtension>
        </extensions>
      </trkpt>
      <trkpt lat="40.4041972942650318145751953125" lon="116.68356277048587799072265625">
        <ele>84</ele>
        <time>2026-10-08T15:27:39.000Z</time>
        <extensions>
          <ns3:TrackPointExtension>
            <ns3:hr>161</ns3:hr>
            <ns3:cad>90</ns3:cad>
          </ns3:TrackPointExtension>
        </extensions>
      </trkpt>
      <trkpt lat="40.40422822348773479461669921875" lon="116.68356620706617832183837890625">
        <ele>84.1999969482421875</ele>
        <time>2026-10-08T15:27:40.000Z</time>
        <extensions>
          <ns3:TrackPointExtension>
            <ns3:hr>159</ns3:hr>
            <ns3:cad>90</ns3:cad>
          </ns3:TrackPointExtension>
        </extensions>
      </trkpt>
      <trkpt lat="40.40426426567137241363525390625" lon="116.68358515016734600067138671875">
        <ele>84.1999969482421875</ele>
        <time>2026-10-08T15:27:41.000Z</time>
        <extensions>
          <ns3:TrackPointExtension>
            <ns3:hr>159</ns3:hr>
            <ns3:cad>90</ns3:cad>
          </ns3:TrackPointExtension>
        </extensions>
      </trkpt>
      <trkpt lat="40.4042945243418216705322265625" lon="116.68359302915632724761962890625">
        <ele>84.1999969482421875</ele>
        <time>2026-10-08T15:27:42.000Z</time>
        <extensions>
          <ns3:TrackPointExtension>
            <ns3:hr>160</ns3:hr>
            <ns3:cad>90</ns3:cad>
          </ns3:TrackPointExtension>
        </extensions>
      </trkpt>
      <trkpt lat="40.40432075969874858856201171875" lon="116.68362068943679332733154296875">
        <ele>84.1999969482421875</ele>
        <time>2026-10-08T15:27:43.000Z</time>
        <extensions>
          <ns3:TrackPointExtension>
            <ns3:hr>158</ns3:hr>
            <ns3:cad>90</ns3:cad>
          </ns3:TrackPointExtension>
        </extensions>
      </trkpt>
      <trkpt lat="40.40434573777019977569580078125" lon="116.6836377047002315521240234375">
        <ele>84</ele>
        <time>2026-10-08T15:27:44.000Z</time>
        <extensions>
          <ns3:TrackPointExtension>
            <ns3:hr>158</ns3:hr>
            <ns3:cad>90</ns3:cad>
          </ns3:TrackPointExtension>
        </extensions>
      </trkpt>
      <trkpt lat="40.40436686016619205474853515625" lon="116.6836759261786937713623046875">
        <ele>84</ele>
        <time>2026-10-08T15:27:45.000Z</time>
        <extensions>
          <ns3:TrackPointExtension>
            <ns3:hr>161</ns3:hr>
            <ns3:cad>90</ns3:cad>
          </ns3:TrackPointExtension>
        </extensions>
      </trkpt>
      <trkpt lat="40.40438982658088207244873046875" lon="116.68369847349822521209716796875">
        <ele>84</ele>
        <time>2026-10-08T15:27:46.000Z</time>
        <extensions>
          <ns3:TrackPointExtension>
            <ns3:hr>158</ns3:hr>
            <ns3:cad>90</ns3:cad>
          </ns3:TrackPointExtension>
        </extensions>
      </trkpt>
      <trkpt lat="40.40441044606268405914306640625" lon="116.68373602442443370819091796875">
        <ele>84</ele>
        <time>2026-10-08T15:27:47.000Z</time>
        <extensions>
          <ns3:TrackPointExtension>
            <ns3:hr>159</ns3:hr>
            <ns3:cad>90</ns3:cad>
          </ns3:TrackPointExtension>
        </extensions>
      </trkpt>
      <trkpt lat="40.40443039499223232269287109375" lon="116.683762259781360626220703125">
        <ele>84</ele>
        <time>2026-10-08T15:27:48.000Z</time>
        <extensions>
          <ns3:TrackPointExtension>
            <ns3:hr>160</ns3:hr>
            <ns3:cad>89</ns3:cad>
          </ns3:TrackPointExtension>
        </extensions>
      </trkpt>
      <trkpt lat="40.40444900281727313995361328125" lon="116.68380458839237689971923828125">
        <ele>84</ele>
        <time>2026-10-08T15:27:49.000Z</time>
        <extensions>
          <ns3:TrackPointExtension>
            <ns3:hr>158</ns3:hr>
            <ns3:cad>89</ns3:cad>
          </ns3:TrackPointExtension>
        </extensions>
      </trkpt>
      <trkpt lat="40.4044695384800434112548828125" lon="116.6838321648538112640380859375">
        <ele>84.1999969482421875</ele>
        <time>2026-10-08T15:27:50.000Z</time>
        <extensions>
          <ns3:TrackPointExtension>
            <ns3:hr>159</ns3:hr>
            <ns3:cad>89</ns3:cad>
          </ns3:TrackPointExtension>
        </extensions>
      </trkpt>
      <trkpt lat="40.404485128819942474365234375" lon="116.68387549929320812225341796875">
        <ele>84.1999969482421875</ele>
        <time>2026-10-08T15:27:51.000Z</time>
        <extensions>
          <ns3:TrackPointExtension>
            <ns3:hr>162</ns3:hr>
            <ns3:cad>89</ns3:cad>
          </ns3:TrackPointExtension>
        </extensions>
      </trkpt>
      <trkpt lat="40.4045003838837146759033203125" lon="116.68390282429754734039306640625">
        <ele>84</ele>
        <time>2026-10-08T15:27:52.000Z</time>
        <extensions>
          <ns3:TrackPointExtension>
            <ns3:hr>160</ns3:hr>
            <ns3:cad>89</ns3:cad>
          </ns3:TrackPointExtension>
        </extensions>
      </trkpt>
      <trkpt lat="40.40450851432979106903076171875" lon="116.6839461587369441986083984375">
        <ele>84</ele>
        <time>2026-10-08T15:27:53.000Z</time>
        <extensions>
          <ns3:TrackPointExtension>
            <ns3:hr>159</ns3:hr>
            <ns3:cad>89</ns3:cad>
          </ns3:TrackPointExtension>
        </extensions>
      </trkpt>
      <trkpt lat="40.4045191593468189239501953125" lon="116.683980524539947509765625">
        <ele>84</ele>
        <time>2026-10-08T15:27:54.000Z</time>
        <extensions>
          <ns3:TrackPointExtension>
            <ns3:hr>161</ns3:hr>
            <ns3:cad>89</ns3:cad>
          </ns3:TrackPointExtension>
        </extensions>
      </trkpt>
      <trkpt lat="40.4045228473842144012451171875" lon="116.68402947485446929931640625">
        <ele>84</ele>
        <time>2026-10-08T15:27:55.000Z</time>
        <extensions>
          <ns3:TrackPointExtension>
            <ns3:hr>159</ns3:hr>
            <ns3:cad>89</ns3:cad>
          </ns3:TrackPointExtension>
        </extensions>
      </trkpt>
      <trkpt lat="40.4045315645635128021240234375" lon="116.684066355228424072265625">
        <ele>84.1999969482421875</ele>
        <time>2026-10-08T15:27:56.000Z</time>
        <extensions>
          <ns3:TrackPointExtension>
            <ns3:hr>159</ns3:hr>
            <ns3:cad>89</ns3:cad>
          </ns3:TrackPointExtension>
        </extensions>
      </trkpt>
      <trkpt lat="40.40453215129673480987548828125" lon="116.68411589227616786956787109375">
        <ele>84.1999969482421875</ele>
        <time>2026-10-08T15:27:57.000Z</time>
        <extensions>
          <ns3:TrackPointExtension>
            <ns3:hr>161</ns3:hr>
            <ns3:cad>89</ns3:cad>
          </ns3:TrackPointExtension>
        </extensions>
      </trkpt>
      <trkpt lat="40.4045372642576694488525390625" lon="116.68414824642241001129150390625">
        <ele>84.1999969482421875</ele>
        <time>2026-10-08T15:27:58.000Z</time>
        <extensions>
          <ns3:TrackPointExtension>
            <ns3:hr>160</ns3:hr>
            <ns3:cad>89</ns3:cad>
          </ns3:TrackPointExtension>
        </extensions>
      </trkpt>
      <trkpt lat="40.40453181602060794830322265625" lon="116.68419711291790008544921875">
        <ele>84.1999969482421875</ele>
        <time>2026-10-08T15:27:59.000Z</time>
        <extensions>
          <ns3:TrackPointExtension>
            <ns3:hr>158</ns3:hr>
            <ns3:cad>89</ns3:cad>
          </ns3:TrackPointExtension>
        </extensions>
      </trkpt>
      <trkpt lat="40.40453114546835422515869140625" lon="116.68423223309218883514404296875">
        <ele>84.1999969482421875</ele>
        <time>2026-10-08T15:28:00.000Z</time>
        <extensions>
          <ns3:TrackPointExtension>
            <ns3:hr>160</ns3:hr>
            <ns3:cad>89</ns3:cad>
          </ns3:TrackPointExtension>
        </extensions>
      </trkpt>
      <trkpt lat="40.40452091954648494720458984375" lon="116.68428135104477405548095703125">
        <ele>84.1999969482421875</ele>
        <time>2026-10-08T15:28:01.000Z</time>
        <extensions>
          <ns3:TrackPointExtension>
            <ns3:hr>160</ns3:hr>
            <ns3:cad>89</ns3:cad>
          </ns3:TrackPointExtension>
        </extensions>
      </trkpt>
      <trkpt lat="40.40450985543429851531982421875" lon="116.6843189857900142669677734375">
        <ele>84.1999969482421875</ele>
        <time>2026-10-08T15:28:02.000Z</time>
        <extensions>
          <ns3:TrackPointExtension>
            <ns3:hr>158</ns3:hr>
            <ns3:cad>89</ns3:cad>
          </ns3:TrackPointExtension>
        </extensions>
      </trkpt>
      <trkpt lat="40.404495187103748321533203125" lon="116.6843585483729839324951171875">
        <ele>84.1999969482421875</ele>
        <time>2026-10-08T15:28:03.000Z</time>
        <extensions>
          <ns3:TrackPointExtension>
            <ns3:hr>159</ns3:hr>
            <ns3:cad>89</ns3:cad>
          </ns3:TrackPointExtension>
        </extensions>
      </trkpt>
      <trkpt lat="40.4044839553534984588623046875" lon="116.68439601548016071319580078125">
        <ele>84.1999969482421875</ele>
        <time>2026-10-08T15:28:04.000Z</time>
        <extensions>
          <ns3:TrackPointExtension>
            <ns3:hr>160</ns3:hr>
            <ns3:cad>88</ns3:cad>
          </ns3:TrackPointExtension>
        </extensions>
      </trkpt>
      <trkpt lat="40.4044675268232822418212890625" lon="116.68443222530186176300048828125">
        <ele>84.1999969482421875</ele>
        <time>2026-10-08T15:28:05.000Z</time>
        <extensions>
          <ns3:TrackPointExtension>
            <ns3:hr>160</ns3:hr>
            <ns3:cad>88</ns3:cad>
          </ns3:TrackPointExtension>
        </extensions>
      </trkpt>
      <trkpt lat="40.40444984100759029388427734375" lon="116.68446726165711879730224609375">
        <ele>84.1999969482421875</ele>
        <time>2026-10-08T15:28:06.000Z</time>
        <extensions>
          <ns3:TrackPointExtension>
            <ns3:hr>157</ns3:hr>
            <ns3:cad>87</ns3:cad>
          </ns3:TrackPointExtension>
        </extensions>
      </trkpt>
      <trkpt lat="40.404428802430629730224609375" lon="116.68449944816529750823974609375">
        <ele>84.1999969482421875</ele>
        <time>2026-10-08T15:28:07.000Z</time>
        <extensions>
          <ns3:TrackPointExtension>
            <ns3:hr>160</ns3:hr>
            <ns3:cad>87</ns3:cad>
          </ns3:TrackPointExtension>
        </extensions>
      </trkpt>
      <trkpt lat="40.40440826676785945892333984375" lon="116.68452660553157329559326171875">
        <ele>84.1999969482421875</ele>
        <time>2026-10-08T15:28:08.000Z</time>
        <extensions>
          <ns3:TrackPointExtension>
            <ns3:hr>159</ns3:hr>
            <ns3:cad>88</ns3:cad>
          </ns3:TrackPointExtension>
        </extensions>
      </trkpt>
      <trkpt lat="40.40438546799123287200927734375" lon="116.68455460108816623687744140625">
        <ele>84.1999969482421875</ele>
        <time>2026-10-08T15:28:09.000Z</time>
        <extensions>
          <ns3:TrackPointExtension>
            <ns3:hr>158</ns3:hr>
            <ns3:cad>89</ns3:cad>
          </ns3:TrackPointExtension>
        </extensions>
      </trkpt>
      <trkpt lat="40.40436099283397197723388671875" lon="116.68457907624542713165283203125">
        <ele>84.1999969482421875</ele>
        <time>2026-10-08T15:28:10.000Z</time>
        <extensions>
          <ns3:TrackPointExtension>
            <ns3:hr>159</ns3:hr>
            <ns3:cad>89</ns3:cad>
          </ns3:TrackPointExtension>
        </extensions>
      </trkpt>
      <trkpt lat="40.404336266219615936279296875" lon="116.68460187502205371856689453125">
        <ele>84.1999969482421875</ele>
        <time>2026-10-08T15:28:11.000Z</time>
        <extensions>
          <ns3:TrackPointExtension>
            <ns3:hr>158</ns3:hr>
            <ns3:cad>89</ns3:cad>
          </ns3:TrackPointExtension>
        </extensions>
      </trkpt>
      <trkpt lat="40.4043097794055938720703125" lon="116.68461964465677738189697265625">
        <ele>84.1999969482421875</ele>
        <time>2026-10-08T15:28:12.000Z</time>
        <extensions>
          <ns3:TrackPointExtension>
            <ns3:hr>157</ns3:hr>
            <ns3:cad>89</ns3:cad>
          </ns3:TrackPointExtension>
        </extensions>
      </trkpt>
      <trkpt lat="40.4042851366102695465087890625" lon="116.68463557027280330657958984375">
        <ele>84.1999969482421875</ele>
        <time>2026-10-08T15:28:13.000Z</time>
        <extensions>
          <ns3:TrackPointExtension>
            <ns3:hr>160</ns3:hr>
            <ns3:cad>89</ns3:cad>
          </ns3:TrackPointExtension>
        </extensions>
      </trkpt>
      <trkpt lat="40.40425638668239116668701171875" lon="116.68464881367981433868408203125">
        <ele>84.1999969482421875</ele>
        <time>2026-10-08T15:28:14.000Z</time>
        <extensions>
          <ns3:TrackPointExtension>
            <ns3:hr>158</ns3:hr>
            <ns3:cad>89</ns3:cad>
          </ns3:TrackPointExtension>
        </extensions>
      </trkpt>
      <trkpt lat="40.40423107333481311798095703125" lon="116.6846629790961742401123046875">
        <ele>84.1999969482421875</ele>
        <time>2026-10-08T15:28:15.000Z</time>
        <extensions>
          <ns3:TrackPointExtension>
            <ns3:hr>158</ns3:hr>
            <ns3:cad>89</ns3:cad>
          </ns3:TrackPointExtension>
        </extensions>
      </trkpt>
      <trkpt lat="40.40420047938823699951171875" lon="116.6846760548651218414306640625">
        <ele>84.1999969482421875</ele>
        <time>2026-10-08T15:28:16.000Z</time>
        <extensions>
          <ns3:TrackPointExtension>
            <ns3:hr>159</ns3:hr>
            <ns3:cad>89</ns3:cad>
          </ns3:TrackPointExtension>
        </extensions>
      </trkpt>
      <trkpt lat="40.40417240001261234283447265625" lon="116.68468669988214969635009765625">
        <ele>84.1999969482421875</ele>
        <time>2026-10-08T15:28:17.000Z</time>
        <extensions>
          <ns3:TrackPointExtension>
            <ns3:hr>157</ns3:hr>
            <ns3:cad>89</ns3:cad>
          </ns3:TrackPointExtension>
        </extensions>
      </trkpt>
      <trkpt lat="40.4041408002376556396484375" lon="116.6846867837011814117431640625">
        <ele>84</ele>
        <time>2026-10-08T15:28:18.000Z</time>
        <extensions>
          <ns3:TrackPointExtension>
            <ns3:hr>159</ns3:hr>
            <ns3:cad>91</ns3:cad>
          </ns3:TrackPointExtension>
        </extensions>
      </trkpt>
      <trkpt lat="40.404111631214618682861328125" lon="116.6846944950520992279052734375">
        <ele>84</ele>
        <time>2026-10-08T15:28:19.000Z</time>
        <extensions>
          <ns3:TrackPointExtension>
            <ns3:hr>159</ns3:hr>
            <ns3:cad>91</ns3:cad>
          </ns3:TrackPointExtension>
        </extensions>
      </trkpt>
      <trkpt lat="40.4040776006877422332763671875" lon="116.68469290249049663543701171875">
        <ele>84</ele>
        <time>2026-10-08T15:28:20.000Z</time>
        <extensions>
          <ns3:TrackPointExtension>
            <ns3:hr>157</ns3:hr>
            <ns3:cad>91</ns3:cad>
          </ns3:TrackPointExtension>
        </extensions>
      </trkpt>
      <trkpt lat="40.40405220352113246917724609375" lon="116.6847018711268901824951171875">
        <ele>84</ele>
        <time>2026-10-08T15:28:21.000Z</time>
        <extensions>
          <ns3:TrackPointExtension>
            <ns3:hr>157</ns3:hr>
            <ns3:cad>91</ns3:cad>
          </ns3:TrackPointExtension>
        </extensions>
      </trkpt>
      <trkpt lat="40.40401850827038288116455078125" lon="116.684699691832065582275390625">
        <ele>84</ele>
        <time>2026-10-08T15:28:22.000Z</time>
        <extensions>
          <ns3:TrackPointExtension>
            <ns3:hr>160</ns3:hr>
            <ns3:cad>90</ns3:cad>
          </ns3:TrackPointExtension>
        </extensions>
      </trkpt>
      <trkpt lat="40.40398992598056793212890625" lon="116.68470329605042934417724609375">
        <ele>84</ele>
        <time>2026-10-08T15:28:23.000Z</time>
        <extensions>
          <ns3:TrackPointExtension>
            <ns3:hr>157</ns3:hr>
            <ns3:cad>90</ns3:cad>
          </ns3:TrackPointExtension>
        </extensions>
      </trkpt>
      <trkpt lat="40.40395832620561122894287109375" lon="116.6846978478133678436279296875">
        <ele>84.1999969482421875</ele>
        <time>2026-10-08T15:28:24.000Z</time>
        <extensions>
          <ns3:TrackPointExtension>
            <ns3:hr>157</ns3:hr>
            <ns3:cad>89</ns3:cad>
          </ns3:TrackPointExtension>
        </extensions>
      </trkpt>
      <trkpt lat="40.4039330966770648956298828125" lon="116.6847032122313976287841796875">
        <ele>84</ele>
        <time>2026-10-08T15:28:25.000Z</time>
        <extensions>
          <ns3:TrackPointExtension>
            <ns3:hr>160</ns3:hr>
            <ns3:cad>88</ns3:cad>
          </ns3:TrackPointExtension>
        </extensions>
      </trkpt>
      <trkpt lat="40.4038948751986026763916015625" lon="116.68469524942338466644287109375">
        <ele>84</ele>
        <time>2026-10-08T15:28:26.000Z</time>
        <extensions>
          <ns3:TrackPointExtension>
            <ns3:hr>158</ns3:hr>
            <ns3:cad>88</ns3:cad>
          </ns3:TrackPointExtension>
        </extensions>
      </trkpt>
      <trkpt lat="40.403868220746517181396484375" lon="116.68469944037497043609619140625">
        <ele>84</ele>
        <time>2026-10-08T15:28:27.000Z</time>
        <extensions>
          <ns3:TrackPointExtension>
            <ns3:hr>159</ns3:hr>
            <ns3:cad>89</ns3:cad>
          </ns3:TrackPointExtension>
        </extensions>
      </trkpt>
      <trkpt lat="40.40382890962064266204833984375" lon="116.684693992137908935546875">
        <ele>84</ele>
        <time>2026-10-08T15:28:28.000Z</time>
        <extensions>
          <ns3:TrackPointExtension>
            <ns3:hr>161</ns3:hr>
            <ns3:cad>90</ns3:cad>
          </ns3:TrackPointExtension>
        </extensions>
      </trkpt>
      <trkpt lat="40.40380326099693775177001953125" lon="116.68469944037497043609619140625">
        <ele>84</ele>
        <time>2026-10-08T15:28:29.000Z</time>
        <extensions>
          <ns3:TrackPointExtension>
            <ns3:hr>159</ns3:hr>
            <ns3:cad>90</ns3:cad>
          </ns3:TrackPointExtension>
        </extensions>
      </trkpt>
      <trkpt lat="40.40376671589910984039306640625" lon="116.684697009623050689697265625">
        <ele>84.1999969482421875</ele>
        <time>2026-10-08T15:28:30.000Z</time>
        <extensions>
          <ns3:TrackPointExtension>
            <ns3:hr>160</ns3:hr>
            <ns3:cad>90</ns3:cad>
          </ns3:TrackPointExtension>
        </extensions>
      </trkpt>
      <trkpt lat="40.40374173782765865325927734375" lon="116.6847038827836513519287109375">
        <ele>84.1999969482421875</ele>
        <time>2026-10-08T15:28:31.000Z</time>
        <extensions>
          <ns3:TrackPointExtension>
            <ns3:hr>161</ns3:hr>
            <ns3:cad>90</ns3:cad>
          </ns3:TrackPointExtension>
        </extensions>
      </trkpt>
      <trkpt lat="40.40370452217757701873779296875" lon="116.68469726108014583587646484375">
        <ele>84.1999969482421875</ele>
        <time>2026-10-08T15:28:32.000Z</time>
        <extensions>
          <ns3:TrackPointExtension>
            <ns3:hr>159</ns3:hr>
            <ns3:cad>89</ns3:cad>
          </ns3:TrackPointExtension>
        </extensions>
      </trkpt>
      <trkpt lat="40.403680466115474700927734375" lon="116.6847035475075244903564453125">
        <ele>84.1999969482421875</ele>
        <time>2026-10-08T15:28:33.000Z</time>
        <extensions>
          <ns3:TrackPointExtension>
            <ns3:hr>158</ns3:hr>
            <ns3:cad>89</ns3:cad>
          </ns3:TrackPointExtension>
        </extensions>
      </trkpt>
      <trkpt lat="40.40364450775086879730224609375" lon="116.684696339070796966552734375">
        <ele>84.1999969482421875</ele>
        <time>2026-10-08T15:28:34.000Z</time>
        <extensions>
          <ns3:TrackPointExtension>
            <ns3:hr>160</ns3:hr>
            <ns3:cad>89</ns3:cad>
          </ns3:TrackPointExtension>
        </extensions>
      </trkpt>
      <trkpt lat="40.4036172665655612945556640625" lon="116.68470229022204875946044921875">
        <ele>84</ele>
        <time>2026-10-08T15:28:35.000Z</time>
        <extensions>
          <ns3:TrackPointExtension>
            <ns3:hr>160</ns3:hr>
            <ns3:cad>89</ns3:cad>
          </ns3:TrackPointExtension>
        </extensions>
      </trkpt>
      <trkpt lat="40.40358063764870166778564453125" lon="116.68469742871820926666259765625">
        <ele>84</ele>
        <time>2026-10-08T15:28:36.000Z</time>
        <extensions>
          <ns3:TrackPointExtension>
            <ns3:hr>159</ns3:hr>
            <ns3:cad>89</ns3:cad>
          </ns3:TrackPointExtension>
        </extensions>
      </trkpt>
      <trkpt lat="40.40355582721531391143798828125" lon="116.68470245786011219024658203125">
        <ele>84</ele>
        <time>2026-10-08T15:28:37.000Z</time>
        <extensions>
          <ns3:TrackPointExtension>
            <ns3:hr>160</ns3:hr>
            <ns3:cad>89</ns3:cad>
          </ns3:TrackPointExtension>
        </extensions>
      </trkpt>
      <trkpt lat="40.40351794101297855377197265625" lon="116.68469876982271671295166015625">
        <ele>84</ele>
        <time>2026-10-08T15:28:38.000Z</time>
        <extensions>
          <ns3:TrackPointExtension>
            <ns3:hr>158</ns3:hr>
            <ns3:cad>89</ns3:cad>
          </ns3:TrackPointExtension>
        </extensions>
      </trkpt>
      <trkpt lat="40.40348793379962444305419921875" lon="116.6847079060971736907958984375">
        <ele>84</ele>
        <time>2026-10-08T15:28:39.000Z</time>
        <extensions>
          <ns3:TrackPointExtension>
            <ns3:hr>158</ns3:hr>
            <ns3:cad>89</ns3:cad>
          </ns3:TrackPointExtension>
        </extensions>
      </trkpt>
      <trkpt lat="40.40345080196857452392578125" lon="116.684702374041080474853515625">
        <ele>84</ele>
        <time>2026-10-08T15:28:40.000Z</time>
        <extensions>
          <ns3:TrackPointExtension>
            <ns3:hr>160</ns3:hr>
            <ns3:cad>89</ns3:cad>
          </ns3:TrackPointExtension>
        </extensions>
      </trkpt>
      <trkpt lat="40.4034261591732501983642578125" lon="116.6847025416791439056396484375">
        <ele>84</ele>
        <time>2026-10-08T15:28:41.000Z</time>
        <extensions>
          <ns3:TrackPointExtension>
            <ns3:hr>159</ns3:hr>
            <ns3:cad>89</ns3:cad>
          </ns3:TrackPointExtension>
        </extensions>
      </trkpt>
      <trkpt lat="40.40338777005672454833984375" lon="116.68469524942338466644287109375">
        <ele>84</ele>
        <time>2026-10-08T15:28:42.000Z</time>
        <extensions>
          <ns3:TrackPointExtension>
            <ns3:hr>157</ns3:hr>
            <ns3:cad>89</ns3:cad>
          </ns3:TrackPointExtension>
        </extensions>
      </trkpt>
      <trkpt lat="40.40336019359529018402099609375" lon="116.68469734489917755126953125">
        <ele>84</ele>
        <time>2026-10-08T15:28:43.000Z</time>
        <extensions>
          <ns3:TrackPointExtension>
            <ns3:hr>158</ns3:hr>
            <ns3:cad>89</ns3:cad>
          </ns3:TrackPointExtension>
        </extensions>
      </trkpt>
      <trkpt lat="40.403327085077762603759765625" lon="116.684694327414035797119140625">
        <ele>84</ele>
        <time>2026-10-08T15:28:44.000Z</time>
        <extensions>
          <ns3:TrackPointExtension>
            <ns3:hr>157</ns3:hr>
            <ns3:cad>89</ns3:cad>
          </ns3:TrackPointExtension>
        </extensions>
      </trkpt>
      <trkpt lat="40.4033024422824382781982421875" lon="116.68469332158565521240234375">
        <ele>84</ele>
        <time>2026-10-08T15:28:45.000Z</time>
        <extensions>
          <ns3:TrackPointExtension>
            <ns3:hr>156</ns3:hr>
            <ns3:cad>89</ns3:cad>
          </ns3:TrackPointExtension>
        </extensions>
      </trkpt>
      <trkpt lat="40.40327151305973529815673828125" lon="116.6846884600818157196044921875">
        <ele>84</ele>
        <time>2026-10-08T15:28:46.000Z</time>
        <extensions>
          <ns3:TrackPointExtension>
            <ns3:hr>157</ns3:hr>
            <ns3:cad>89</ns3:cad>
          </ns3:TrackPointExtension>
        </extensions>
      </trkpt>
      <trkpt lat="40.4032441042363643646240234375" lon="116.68468602932989597320556640625">
        <ele>84</ele>
        <time>2026-10-08T15:28:47.000Z</time>
        <extensions>
          <ns3:TrackPointExtension>
            <ns3:hr>155</ns3:hr>
            <ns3:cad>89</ns3:cad>
          </ns3:TrackPointExtension>
        </extensions>
      </trkpt>
      <trkpt lat="40.40321334265172481536865234375" lon="116.68467597104609012603759765625">
        <ele>84</ele>
        <time>2026-10-08T15:28:48.000Z</time>
        <extensions>
          <ns3:TrackPointExtension>
            <ns3:hr>155</ns3:hr>
            <ns3:cad>89</ns3:cad>
          </ns3:TrackPointExtension>
        </extensions>
      </trkpt>
      <trkpt lat="40.4031877778470516204833984375" lon="116.68466742150485515594482421875">
        <ele>84</ele>
        <time>2026-10-08T15:28:49.000Z</time>
        <extensions>
          <ns3:TrackPointExtension>
            <ns3:hr>156</ns3:hr>
            <ns3:cad>89</ns3:cad>
          </ns3:TrackPointExtension>
        </extensions>
      </trkpt>
      <trkpt lat="40.40315718390047550201416015625" lon="116.684652753174304962158203125">
        <ele>83.8000030517578125</ele>
        <time>2026-10-08T15:28:50.000Z</time>
        <extensions>
          <ns3:TrackPointExtension>
            <ns3:hr>154</ns3:hr>
            <ns3:cad>89</ns3:cad>
          </ns3:TrackPointExtension>
        </extensions>
      </trkpt>
      <trkpt lat="40.40313237346708774566650390625" lon="116.6846390068531036376953125">
        <ele>83.8000030517578125</ele>
        <time>2026-10-08T15:28:51.000Z</time>
        <extensions>
          <ns3:TrackPointExtension>
            <ns3:hr>155</ns3:hr>
            <ns3:cad>89</ns3:cad>
          </ns3:TrackPointExtension>
        </extensions>
      </trkpt>
      <trkpt lat="40.4031022824347019195556640625" lon="116.6846210695803165435791015625">
        <ele>83.8000030517578125</ele>
        <time>2026-10-08T15:28:52.000Z</time>
        <extensions>
          <ns3:TrackPointExtension>
            <ns3:hr>153</ns3:hr>
            <ns3:cad>89</ns3:cad>
          </ns3:TrackPointExtension>
        </extensions>
      </trkpt>
      <trkpt lat="40.4030771367251873016357421875" lon="116.68459718115627765655517578125">
        <ele>84</ele>
        <time>2026-10-08T15:28:53.000Z</time>
        <extensions>
          <ns3:TrackPointExtension>
            <ns3:hr>155</ns3:hr>
            <ns3:cad>89</ns3:cad>
          </ns3:TrackPointExtension>
        </extensions>
      </trkpt>
      <trkpt lat="40.40305090136826038360595703125" lon="116.68457270599901676177978515625">
        <ele>84</ele>
        <time>2026-10-08T15:28:54.000Z</time>
        <extensions>
          <ns3:TrackPointExtension>
            <ns3:hr>155</ns3:hr>
            <ns3:cad>90</ns3:cad>
          </ns3:TrackPointExtension>
        </extensions>
      </trkpt>
      <trkpt lat="40.4030268453061580657958984375" lon="116.68454236350953578948974609375">
        <ele>84</ele>
        <time>2026-10-08T15:28:55.000Z</time>
        <extensions>
          <ns3:TrackPointExtension>
            <ns3:hr>153</ns3:hr>
            <ns3:cad>89</ns3:cad>
          </ns3:TrackPointExtension>
        </extensions>
      </trkpt>
      <trkpt lat="40.40300128050148487091064453125" lon="116.68451637960970401763916015625">
        <ele>83.8000030517578125</ele>
        <time>2026-10-08T15:28:56.000Z</time>
        <extensions>
          <ns3:TrackPointExtension>
            <ns3:hr>156</ns3:hr>
            <ns3:cad>89</ns3:cad>
          </ns3:TrackPointExtension>
        </extensions>
      </trkpt>
      <trkpt lat="40.40297915227711200714111328125" lon="116.68448419310152530670166015625">
        <ele>83.8000030517578125</ele>
        <time>2026-10-08T15:28:57.000Z</time>
        <extensions>
          <ns3:TrackPointExtension>
            <ns3:hr>154</ns3:hr>
            <ns3:cad>89</ns3:cad>
          </ns3:TrackPointExtension>
        </extensions>
      </trkpt>
      <trkpt lat="40.40295660495758056640625" lon="116.68445326387882232666015625">
        <ele>83.8000030517578125</ele>
        <time>2026-10-08T15:28:58.000Z</time>
        <extensions>
          <ns3:TrackPointExtension>
            <ns3:hr>155</ns3:hr>
            <ns3:cad>89</ns3:cad>
          </ns3:TrackPointExtension>
        </extensions>
      </trkpt>
      <trkpt lat="40.4029410146176815032958984375" lon="116.6844138689339160919189453125">
        <ele>83.8000030517578125</ele>
        <time>2026-10-08T15:28:59.000Z</time>
        <extensions>
          <ns3:TrackPointExtension>
            <ns3:hr>156</ns3:hr>
            <ns3:cad>89</ns3:cad>
          </ns3:TrackPointExtension>
        </extensions>
      </trkpt>
      <trkpt lat="40.40292383171617984771728515625" lon="116.68438361026346683502197265625">
        <ele>83.8000030517578125</ele>
        <time>2026-10-08T15:29:00.000Z</time>
        <extensions>
          <ns3:TrackPointExtension>
            <ns3:hr>155</ns3:hr>
            <ns3:cad>89</ns3:cad>
          </ns3:TrackPointExtension>
        </extensions>
      </trkpt>
      <trkpt lat="40.4029148630797863006591796875" lon="116.68433750979602336883544921875">
        <ele>83.8000030517578125</ele>
        <time>2026-10-08T15:29:01.000Z</time>
        <extensions>
          <ns3:TrackPointExtension>
            <ns3:hr>157</ns3:hr>
            <ns3:cad>89</ns3:cad>
          </ns3:TrackPointExtension>
        </extensions>
      </trkpt>
      <trkpt lat="40.402902625501155853271484375" lon="116.68430364690721035003662109375">
        <ele>83.8000030517578125</ele>
        <time>2026-10-08T15:29:02.000Z</time>
        <extensions>
          <ns3:TrackPointExtension>
            <ns3:hr>156</ns3:hr>
            <ns3:cad>89</ns3:cad>
          </ns3:TrackPointExtension>
        </extensions>
      </trkpt>
      <trkpt lat="40.40289650671184062957763671875" lon="116.68425821699202060699462890625">
        <ele>84</ele>
        <time>2026-10-08T15:29:03.000Z</time>
        <extensions>
          <ns3:TrackPointExtension>
            <ns3:hr>156</ns3:hr>
            <ns3:cad>89</ns3:cad>
          </ns3:TrackPointExtension>
        </extensions>
      </trkpt>
      <trkpt lat="40.4028833471238613128662109375" lon="116.684222929179668426513671875">
        <ele>83.8000030517578125</ele>
        <time>2026-10-08T15:29:04.000Z</time>
        <extensions>
          <ns3:TrackPointExtension>
            <ns3:hr>158</ns3:hr>
            <ns3:cad>89</ns3:cad>
          </ns3:TrackPointExtension>
        </extensions>
      </trkpt>
      <trkpt lat="40.4028833471238613128662109375" lon="116.68417590670287609100341796875">
        <ele>83.8000030517578125</ele>
        <time>2026-10-08T15:29:05.000Z</time>
        <extensions>
          <ns3:TrackPointExtension>
            <ns3:hr>158</ns3:hr>
            <ns3:cad>89</ns3:cad>
          </ns3:TrackPointExtension>
        </extensions>
      </trkpt>
      <trkpt lat="40.40287873707711696624755859375" lon="116.68414304964244365692138671875">
        <ele>83.8000030517578125</ele>
        <time>2026-10-08T15:29:06.000Z</time>
        <extensions>
          <ns3:TrackPointExtension>
            <ns3:hr>157</ns3:hr>
            <ns3:cad>88</ns3:cad>
          </ns3:TrackPointExtension>
        </extensions>
      </trkpt>
      <trkpt lat="40.40288695134222507476806640625" lon="116.6840997152030467987060546875">
        <ele>83.8000030517578125</ele>
        <time>2026-10-08T15:29:07.000Z</time>
        <extensions>
          <ns3:TrackPointExtension>
            <ns3:hr>159</ns3:hr>
            <ns3:cad>88</ns3:cad>
          </ns3:TrackPointExtension>
        </extensions>
      </trkpt>
      <trkpt lat="40.40288628078997135162353515625" lon="116.68406778015196323394775390625">
        <ele>83.59999847412109375</ele>
        <time>2026-10-08T15:29:08.000Z</time>
        <extensions>
          <ns3:TrackPointExtension>
            <ns3:hr>156</ns3:hr>
            <ns3:cad>88</ns3:cad>
          </ns3:TrackPointExtension>
        </extensions>
      </trkpt>
      <trkpt lat="40.40289751254022121429443359375" lon="116.6840222664177417755126953125">
        <ele>83.59999847412109375</ele>
        <time>2026-10-08T15:29:09.000Z</time>
        <extensions>
          <ns3:TrackPointExtension>
            <ns3:hr>157</ns3:hr>
            <ns3:cad>89</ns3:cad>
          </ns3:TrackPointExtension>
        </extensions>
      </trkpt>
      <trkpt lat="40.402899943292140960693359375" lon="116.6839900799095630645751953125">
        <ele>83.59999847412109375</ele>
        <time>2026-10-08T15:29:10.000Z</time>
        <extensions>
          <ns3:TrackPointExtension>
            <ns3:hr>159</ns3:hr>
            <ns3:cad>89</ns3:cad>
          </ns3:TrackPointExtension>
        </extensions>
      </trkpt>
      <trkpt lat="40.4029131866991519927978515625" lon="116.68394674547016620635986328125">
        <ele>83.59999847412109375</ele>
        <time>2026-10-08T15:29:11.000Z</time>
        <extensions>
          <ns3:TrackPointExtension>
            <ns3:hr>157</ns3:hr>
            <ns3:cad>89</ns3:cad>
          </ns3:TrackPointExtension>
        </extensions>
      </trkpt>
      <trkpt lat="40.4029185511171817779541015625" lon="116.6839176602661609649658203125">
        <ele>83.8000030517578125</ele>
        <time>2026-10-08T15:29:12.000Z</time>
        <extensions>
          <ns3:TrackPointExtension>
            <ns3:hr>158</ns3:hr>
            <ns3:cad>89</ns3:cad>
          </ns3:TrackPointExtension>
        </extensions>
      </trkpt>
      <trkpt lat="40.40293958969414234161376953125" lon="116.68387935496866703033447265625">
        <ele>83.8000030517578125</ele>
        <time>2026-10-08T15:29:13.000Z</time>
        <extensions>
          <ns3:TrackPointExtension>
            <ns3:hr>159</ns3:hr>
            <ns3:cad>89</ns3:cad>
          </ns3:TrackPointExtension>
        </extensions>
      </trkpt>
      <trkpt lat="40.40294964797794818878173828125" lon="116.68384951539337635040283203125">
        <ele>83.8000030517578125</ele>
        <time>2026-10-08T15:29:14.000Z</time>
        <extensions>
          <ns3:TrackPointExtension>
            <ns3:hr>157</ns3:hr>
            <ns3:cad>89</ns3:cad>
          </ns3:TrackPointExtension>
        </extensions>
      </trkpt>
      <trkpt lat="40.40297060273587703704833984375" lon="116.68381146155297756195068359375">
        <ele>83.8000030517578125</ele>
        <time>2026-10-08T15:29:15.000Z</time>
        <extensions>
          <ns3:TrackPointExtension>
            <ns3:hr>158</ns3:hr>
            <ns3:cad>89</ns3:cad>
          </ns3:TrackPointExtension>
        </extensions>
      </trkpt>
      <trkpt lat="40.40298451669514179229736328125" lon="116.68378581292927265167236328125">
        <ele>83.8000030517578125</ele>
        <time>2026-10-08T15:29:16.000Z</time>
        <extensions>
          <ns3:TrackPointExtension>
            <ns3:hr>157</ns3:hr>
            <ns3:cad>89</ns3:cad>
          </ns3:TrackPointExtension>
        </extensions>
      </trkpt>
      <trkpt lat="40.40301150642335414886474609375" lon="116.6837527044117450714111328125">
        <ele>83.8000030517578125</ele>
        <time>2026-10-08T15:29:17.000Z</time>
        <extensions>
          <ns3:TrackPointExtension>
            <ns3:hr>156</ns3:hr>
            <ns3:cad>89</ns3:cad>
          </ns3:TrackPointExtension>
        </extensions>
      </trkpt>
      <trkpt lat="40.40302726440131664276123046875" lon="116.68372278101742267608642578125">
        <ele>83.8000030517578125</ele>
        <time>2026-10-08T15:29:18.000Z</time>
        <extensions>
          <ns3:TrackPointExtension>
            <ns3:hr>158</ns3:hr>
            <ns3:cad>89</ns3:cad>
          </ns3:TrackPointExtension>
        </extensions>
      </trkpt>
      <trkpt lat="40.40305207483470439910888671875" lon="116.68368841521441936492919921875">
        <ele>84</ele>
        <time>2026-10-08T15:29:19.000Z</time>
        <extensions>
          <ns3:TrackPointExtension>
            <ns3:hr>156</ns3:hr>
            <ns3:cad>90</ns3:cad>
          </ns3:TrackPointExtension>
        </extensions>
      </trkpt>
      <trkpt lat="40.403070934116840362548828125" lon="116.68366008438169956207275390625">
        <ele>84</ele>
        <time>2026-10-08T15:29:20.000Z</time>
        <extensions>
          <ns3:TrackPointExtension>
            <ns3:hr>156</ns3:hr>
            <ns3:cad>90</ns3:cad>
          </ns3:TrackPointExtension>
        </extensions>
      </trkpt>
      <trkpt lat="40.40309901349246501922607421875" lon="116.68363787233829498291015625">
        <ele>84</ele>
        <time>2026-10-08T15:29:21.000Z</time>
        <extensions>
          <ns3:TrackPointExtension>
            <ns3:hr>157</ns3:hr>
            <ns3:cad>90</ns3:cad>
          </ns3:TrackPointExtension>
        </extensions>
      </trkpt>
      <trkpt lat="40.4031197167932987213134765625" lon="116.68361633084714412689208984375">
        <ele>84</ele>
        <time>2026-10-08T15:29:22.000Z</time>
        <extensions>
          <ns3:TrackPointExtension>
            <ns3:hr>157</ns3:hr>
            <ns3:cad>90</ns3:cad>
          </ns3:TrackPointExtension>
        </extensions>
      </trkpt>
      <trkpt lat="40.403147377073764801025390625" lon="116.68359755538403987884521484375">
        <ele>83.8000030517578125</ele>
        <time>2026-10-08T15:29:23.000Z</time>
        <extensions>
          <ns3:TrackPointExtension>
            <ns3:hr>157</ns3:hr>
            <ns3:cad>89</ns3:cad>
          </ns3:TrackPointExtension>
        </extensions>
      </trkpt>
      <trkpt lat="40.40317378006875514984130859375" lon="116.68358749710023403167724609375">
        <ele>83.8000030517578125</ele>
        <time>2026-10-08T15:29:24.000Z</time>
        <extensions>
          <ns3:TrackPointExtension>
            <ns3:hr>158</ns3:hr>
            <ns3:cad>88</ns3:cad>
          </ns3:TrackPointExtension>
        </extensions>
      </trkpt>
      <trkpt lat="40.4032055474817752838134765625" lon="116.683575175702571868896484375">
        <ele>83.8000030517578125</ele>
        <time>2026-10-08T15:29:25.000Z</time>
        <extensions>
          <ns3:TrackPointExtension>
            <ns3:hr>157</ns3:hr>
            <ns3:cad>88</ns3:cad>
          </ns3:TrackPointExtension>
        </extensions>
      </trkpt>
      <trkpt lat="40.4032360576093196868896484375" lon="116.68356872163712978363037109375">
        <ele>83.8000030517578125</ele>
        <time>2026-10-08T15:29:26.000Z</time>
        <extensions>
          <ns3:TrackPointExtension>
            <ns3:hr>157</ns3:hr>
            <ns3:cad>88</ns3:cad>
          </ns3:TrackPointExtension>
        </extensions>
      </trkpt>
      <trkpt lat="40.40327017195522785186767578125" lon="116.683564446866512298583984375">
        <ele>84</ele>
        <time>2026-10-08T15:29:27.000Z</time>
        <extensions>
          <ns3:TrackPointExtension>
            <ns3:hr>160</ns3:hr>
            <ns3:cad>89</ns3:cad>
          </ns3:TrackPointExtension>
        </extensions>
      </trkpt>
      <trkpt lat="40.40330118499696254730224609375" lon="116.68355950154364109039306640625">
        <ele>84</ele>
        <time>2026-10-08T15:29:28.000Z</time>
        <extensions>
          <ns3:TrackPointExtension>
            <ns3:hr>159</ns3:hr>
            <ns3:cad>89</ns3:cad>
          </ns3:TrackPointExtension>
        </extensions>
      </trkpt>
      <trkpt lat="40.40333588607609272003173828125" lon="116.6835592500865459442138671875">
        <ele>84</ele>
        <time>2026-10-08T15:29:29.000Z</time>
        <extensions>
          <ns3:TrackPointExtension>
            <ns3:hr>159</ns3:hr>
            <ns3:cad>89</ns3:cad>
          </ns3:TrackPointExtension>
        </extensions>
      </trkpt>
      <trkpt lat="40.40336773730814456939697265625" lon="116.68355681933462619781494140625">
        <ele>84</ele>
        <time>2026-10-08T15:29:30.000Z</time>
        <extensions>
          <ns3:TrackPointExtension>
            <ns3:hr>161</ns3:hr>
            <ns3:cad>89</ns3:cad>
          </ns3:TrackPointExtension>
        </extensions>
      </trkpt>
      <trkpt lat="40.403399504721164703369140625" lon="116.68355413712561130523681640625">
        <ele>84</ele>
        <time>2026-10-08T15:29:31.000Z</time>
        <extensions>
          <ns3:TrackPointExtension>
            <ns3:hr>160</ns3:hr>
            <ns3:cad>89</ns3:cad>
          </ns3:TrackPointExtension>
        </extensions>
      </trkpt>
      <trkpt lat="40.403433032333850860595703125" lon="116.68355866335332393646240234375">
        <ele>84</ele>
        <time>2026-10-08T15:29:32.000Z</time>
        <extensions>
          <ns3:TrackPointExtension>
            <ns3:hr>159</ns3:hr>
            <ns3:cad>89</ns3:cad>
          </ns3:TrackPointExtension>
        </extensions>
      </trkpt>
      <trkpt lat="40.40346287190914154052734375" lon="116.6835607588291168212890625">
        <ele>84</ele>
        <time>2026-10-08T15:29:33.000Z</time>
        <extensions>
          <ns3:TrackPointExtension>
            <ns3:hr>162</ns3:hr>
            <ns3:cad>89</ns3:cad>
          </ns3:TrackPointExtension>
        </extensions>
      </trkpt>
      <trkpt lat="40.40349639952182769775390625" lon="116.683559753000736236572265625">
        <ele>84</ele>
        <time>2026-10-08T15:29:34.000Z</time>
        <extensions>
          <ns3:TrackPointExtension>
            <ns3:hr>161</ns3:hr>
            <ns3:cad>89</ns3:cad>
          </ns3:TrackPointExtension>
        </extensions>
      </trkpt>
      <trkpt lat="40.40352598764002323150634765625" lon="116.6835592500865459442138671875">
        <ele>84</ele>
        <time>2026-10-08T15:29:35.000Z</time>
        <extensions>
          <ns3:TrackPointExtension>
            <ns3:hr>161</ns3:hr>
            <ns3:cad>88</ns3:cad>
          </ns3:TrackPointExtension>
        </extensions>
      </trkpt>
      <trkpt lat="40.4035579226911067962646484375" lon="116.68355950154364109039306640625">
        <ele>84</ele>
        <time>2026-10-08T15:29:36.000Z</time>
        <extensions>
          <ns3:TrackPointExtension>
            <ns3:hr>162</ns3:hr>
            <ns3:cad>88</ns3:cad>
          </ns3:TrackPointExtension>
        </extensions>
      </trkpt>
      <trkpt lat="40.40358382277190685272216796875" lon="116.68355279602110385894775390625">
        <ele>84</ele>
        <time>2026-10-08T15:29:37.000Z</time>
        <extensions>
          <ns3:TrackPointExtension>
            <ns3:hr>162</ns3:hr>
            <ns3:cad>89</ns3:cad>
          </ns3:TrackPointExtension>
        </extensions>
      </trkpt>
      <trkpt lat="40.40361651219427585601806640625" lon="116.68355078436434268951416015625">
        <ele>84</ele>
        <time>2026-10-08T15:29:38.000Z</time>
        <extensions>
          <ns3:TrackPointExtension>
            <ns3:hr>159</ns3:hr>
            <ns3:cad>89</ns3:cad>
          </ns3:TrackPointExtension>
        </extensions>
      </trkpt>
      <trkpt lat="40.40364484302699565887451171875" lon="116.68354441411793231964111328125">
        <ele>84</ele>
        <time>2026-10-08T15:29:39.000Z</time>
        <extensions>
          <ns3:TrackPointExtension>
            <ns3:hr>160</ns3:hr>
            <ns3:cad>90</ns3:cad>
          </ns3:TrackPointExtension>
        </extensions>
      </trkpt>
      <trkpt lat="40.40367904119193553924560546875" lon="116.68354692868888378143310546875">
        <ele>84</ele>
        <time>2026-10-08T15:29:40.000Z</time>
        <extensions>
          <ns3:TrackPointExtension>
            <ns3:hr>162</ns3:hr>
            <ns3:cad>90</ns3:cad>
          </ns3:TrackPointExtension>
        </extensions>
      </trkpt>
      <trkpt lat="40.4037057794630527496337890625" lon="116.68354265391826629638671875">
        <ele>84</ele>
        <time>2026-10-08T15:29:41.000Z</time>
        <extensions>
          <ns3:TrackPointExtension>
            <ns3:hr>159</ns3:hr>
            <ns3:cad>90</ns3:cad>
          </ns3:TrackPointExtension>
        </extensions>
      </trkpt>
      <trkpt lat="40.40373980998992919921875" lon="116.68354131281375885009765625">
        <ele>84</ele>
        <time>2026-10-08T15:29:42.000Z</time>
        <extensions>
          <ns3:TrackPointExtension>
            <ns3:hr>159</ns3:hr>
            <ns3:cad>89</ns3:cad>
          </ns3:TrackPointExtension>
        </extensions>
      </trkpt>
      <trkpt lat="40.4037661291658878326416015625" lon="116.68353519402444362640380859375">
        <ele>83.8000030517578125</ele>
        <time>2026-10-08T15:29:43.000Z</time>
        <extensions>
          <ns3:TrackPointExtension>
            <ns3:hr>162</ns3:hr>
            <ns3:cad>89</ns3:cad>
          </ns3:TrackPointExtension>
        </extensions>
      </trkpt>
      <trkpt lat="40.40379890240728855133056640625" lon="116.68354139663279056549072265625">
        <ele>83.8000030517578125</ele>
        <time>2026-10-08T15:29:44.000Z</time>
        <extensions>
          <ns3:TrackPointExtension>
            <ns3:hr>160</ns3:hr>
            <ns3:cad>90</ns3:cad>
          </ns3:TrackPointExtension>
        </extensions>
      </trkpt>
      <trkpt lat="40.4038231261074542999267578125" lon="116.68353653512895107269287109375">
        <ele>83.8000030517578125</ele>
        <time>2026-10-08T15:29:45.000Z</time>
        <extensions>
          <ns3:TrackPointExtension>
            <ns3:hr>158</ns3:hr>
            <ns3:cad>90</ns3:cad>
          </ns3:TrackPointExtension>
        </extensions>
      </trkpt>
      <trkpt lat="40.40385740809142589569091796875" lon="116.68353837914764881134033203125">
        <ele>83.8000030517578125</ele>
        <time>2026-10-08T15:29:46.000Z</time>
        <extensions>
          <ns3:TrackPointExtension>
            <ns3:hr>160</ns3:hr>
            <ns3:cad>90</ns3:cad>
          </ns3:TrackPointExtension>
        </extensions>
      </trkpt>
      <trkpt lat="40.4038831405341625213623046875" lon="116.683530919253826141357421875">
        <ele>83.8000030517578125</ele>
        <time>2026-10-08T15:29:47.000Z</time>
        <extensions>
          <ns3:TrackPointExtension>
            <ns3:hr>159</ns3:hr>
            <ns3:cad>90</ns3:cad>
          </ns3:TrackPointExtension>
        </extensions>
      </trkpt>
      <trkpt lat="40.4039159975945949554443359375" lon="116.68353016488254070281982421875">
        <ele>83.8000030517578125</ele>
        <time>2026-10-08T15:29:48.000Z</time>
        <extensions>
          <ns3:TrackPointExtension>
            <ns3:hr>158</ns3:hr>
            <ns3:cad>90</ns3:cad>
          </ns3:TrackPointExtension>
        </extensions>
      </trkpt>
      <trkpt lat="40.4039423167705535888671875" lon="116.6835227049887180328369140625">
        <ele>83.8000030517578125</ele>
        <time>2026-10-08T15:29:49.000Z</time>
        <extensions>
          <ns3:TrackPointExtension>
            <ns3:hr>160</ns3:hr>
            <ns3:cad>90</ns3:cad>
          </ns3:TrackPointExtension>
        </extensions>
      </trkpt>
      <trkpt lat="40.40397928096354007720947265625" lon="116.68352882377803325653076171875">
        <ele>83.8000030517578125</ele>
        <time>2026-10-08T15:29:50.000Z</time>
        <extensions>
          <ns3:TrackPointExtension>
            <ns3:hr>160</ns3:hr>
            <ns3:cad>90</ns3:cad>
          </ns3:TrackPointExtension>
        </extensions>
      </trkpt>
      <trkpt lat="40.404005683958530426025390625" lon="116.683523543179035186767578125">
        <ele>83.8000030517578125</ele>
        <time>2026-10-08T15:29:51.000Z</time>
        <extensions>
          <ns3:TrackPointExtension>
            <ns3:hr>157</ns3:hr>
            <ns3:cad>89</ns3:cad>
          </ns3:TrackPointExtension>
        </extensions>
      </trkpt>
      <trkpt lat="40.4040397144854068756103515625" lon="116.6835285723209381103515625">
        <ele>83.8000030517578125</ele>
        <time>2026-10-08T15:29:52.000Z</time>
        <extensions>
          <ns3:TrackPointExtension>
            <ns3:hr>160</ns3:hr>
            <ns3:cad>89</ns3:cad>
          </ns3:TrackPointExtension>
        </extensions>
      </trkpt>
      <trkpt lat="40.40406703948974609375" lon="116.68352966196835041046142578125">
        <ele>83.8000030517578125</ele>
        <time>2026-10-08T15:29:53.000Z</time>
        <extensions>
          <ns3:TrackPointExtension>
            <ns3:hr>159</ns3:hr>
            <ns3:cad>89</ns3:cad>
          </ns3:TrackPointExtension>
        </extensions>
      </trkpt>
      <trkpt lat="40.4041005671024322509765625" lon="116.68353703804314136505126953125">
        <ele>83.8000030517578125</ele>
        <time>2026-10-08T15:29:54.000Z</time>
        <extensions>
          <ns3:TrackPointExtension>
            <ns3:hr>158</ns3:hr>
            <ns3:cad>90</ns3:cad>
          </ns3:TrackPointExtension>
        </extensions>
      </trkpt>
      <trkpt lat="40.404127053916454315185546875" lon="116.683535277843475341796875">
        <ele>83.8000030517578125</ele>
        <time>2026-10-08T15:29:55.000Z</time>
        <extensions>
          <ns3:TrackPointExtension>
            <ns3:hr>161</ns3:hr>
            <ns3:cad>90</ns3:cad>
          </ns3:TrackPointExtension>
        </extensions>
      </trkpt>
      <trkpt lat="40.4041604138910770416259765625" lon="116.68354743160307407379150390625">
        <ele>83.8000030517578125</ele>
        <time>2026-10-08T15:29:56.000Z</time>
        <extensions>
          <ns3:TrackPointExtension>
            <ns3:hr>160</ns3:hr>
            <ns3:cad>90</ns3:cad>
          </ns3:TrackPointExtension>
        </extensions>
      </trkpt>
      <trkpt lat="40.40418765507638454437255859375" lon="116.6835491918027400970458984375">
        <ele>83.8000030517578125</ele>
        <time>2026-10-08T15:29:57.000Z</time>
        <extensions>
          <ns3:TrackPointExtension>
            <ns3:hr>159</ns3:hr>
            <ns3:cad>90</ns3:cad>
          </ns3:TrackPointExtension>
        </extensions>
      </trkpt>
      <trkpt lat="40.404221601784229278564453125" lon="116.68356411159038543701171875">
        <ele>83.8000030517578125</ele>
        <time>2026-10-08T15:29:58.000Z</time>
        <extensions>
          <ns3:TrackPointExtension>
            <ns3:hr>161</ns3:hr>
            <ns3:cad>90</ns3:cad>
          </ns3:TrackPointExtension>
        </extensions>
      </trkpt>
      <trkpt lat="40.40425018407404422760009765625" lon="116.683570481836795806884765625">
        <ele>83.8000030517578125</ele>
        <time>2026-10-08T15:29:59.000Z</time>
        <extensions>
          <ns3:TrackPointExtension>
            <ns3:hr>162</ns3:hr>
            <ns3:cad>90</ns3:cad>
          </ns3:TrackPointExtension>
        </extensions>
      </trkpt>
      <trkpt lat="40.40428170002996921539306640625" lon="116.68359638191759586334228515625">
        <ele>83.8000030517578125</ele>
        <time>2026-10-08T15:30:00.000Z</time>
        <extensions>
          <ns3:TrackPointExtension>
            <ns3:hr>160</ns3:hr>
            <ns3:cad>89</ns3:cad>
          </ns3:TrackPointExtension>
        </extensions>
      </trkpt>
      <trkpt lat="40.4043082706630229949951171875" lon="116.68360878713428974151611328125">
        <ele>83.8000030517578125</ele>
        <time>2026-10-08T15:30:01.000Z</time>
        <extensions>
          <ns3:TrackPointExtension>
            <ns3:hr>161</ns3:hr>
            <ns3:cad>89</ns3:cad>
          </ns3:TrackPointExtension>
        </extensions>
      </trkpt>
      <trkpt lat="40.40433752350509166717529296875" lon="116.68364248238503932952880859375">
        <ele>83.8000030517578125</ele>
        <time>2026-10-08T15:30:02.000Z</time>
        <extensions>
          <ns3:TrackPointExtension>
            <ns3:hr>164</ns3:hr>
            <ns3:cad>89</ns3:cad>
          </ns3:TrackPointExtension>
        </extensions>
      </trkpt>
      <trkpt lat="40.40436283685266971588134765625" lon="116.68366729281842708587646484375">
        <ele>83.8000030517578125</ele>
        <time>2026-10-08T15:30:03.000Z</time>
        <extensions>
          <ns3:TrackPointExtension>
            <ns3:hr>161</ns3:hr>
            <ns3:cad>89</ns3:cad>
          </ns3:TrackPointExtension>
        </extensions>
      </trkpt>
      <trkpt lat="40.404388569295406341552734375" lon="116.68370786122977733612060546875">
        <ele>83.8000030517578125</ele>
        <time>2026-10-08T15:30:04.000Z</time>
        <extensions>
          <ns3:TrackPointExtension>
            <ns3:hr>161</ns3:hr>
            <ns3:cad>89</ns3:cad>
          </ns3:TrackPointExtension>
        </extensions>
      </trkpt>
      <trkpt lat="40.404410026967525482177734375" lon="116.683731414377689361572265625">
        <ele>83.8000030517578125</ele>
        <time>2026-10-08T15:30:05.000Z</time>
        <extensions>
          <ns3:TrackPointExtension>
            <ns3:hr>161</ns3:hr>
            <ns3:cad>89</ns3:cad>
          </ns3:TrackPointExtension>
        </extensions>
      </trkpt>
      <trkpt lat="40.40443140082061290740966796875" lon="116.683769635856151580810546875">
        <ele>83.8000030517578125</ele>
        <time>2026-10-08T15:30:06.000Z</time>
        <extensions>
          <ns3:TrackPointExtension>
            <ns3:hr>162</ns3:hr>
            <ns3:cad>89</ns3:cad>
          </ns3:TrackPointExtension>
        </extensions>
      </trkpt>
      <trkpt lat="40.4044510982930660247802734375" lon="116.683793105185031890869140625">
        <ele>83.8000030517578125</ele>
        <time>2026-10-08T15:30:07.000Z</time>
        <extensions>
          <ns3:TrackPointExtension>
            <ns3:hr>161</ns3:hr>
            <ns3:cad>89</ns3:cad>
          </ns3:TrackPointExtension>
        </extensions>
      </trkpt>
      <trkpt lat="40.40446777828037738800048828125" lon="116.683832667768001556396484375">
        <ele>83.8000030517578125</ele>
        <time>2026-10-08T15:30:08.000Z</time>
        <extensions>
          <ns3:TrackPointExtension>
            <ns3:hr>162</ns3:hr>
            <ns3:cad>89</ns3:cad>
          </ns3:TrackPointExtension>
        </extensions>
      </trkpt>
      <trkpt lat="40.40448420681059360504150390625" lon="116.6838563047349452972412109375">
        <ele>83.8000030517578125</ele>
        <time>2026-10-08T15:30:09.000Z</time>
        <extensions>
          <ns3:TrackPointExtension>
            <ns3:hr>164</ns3:hr>
            <ns3:cad>89</ns3:cad>
          </ns3:TrackPointExtension>
        </extensions>
      </trkpt>
      <trkpt lat="40.40449879132211208343505859375" lon="116.683900058269500732421875">
        <ele>83.8000030517578125</ele>
        <time>2026-10-08T15:30:10.000Z</time>
        <extensions>
          <ns3:TrackPointExtension>
            <ns3:hr>162</ns3:hr>
            <ns3:cad>89</ns3:cad>
          </ns3:TrackPointExtension>
        </extensions>
      </trkpt>
      <trkpt lat="40.40451421402394771575927734375" lon="116.68393023312091827392578125">
        <ele>83.59999847412109375</ele>
        <time>2026-10-08T15:30:11.000Z</time>
        <extensions>
          <ns3:TrackPointExtension>
            <ns3:hr>160</ns3:hr>
            <ns3:cad>89</ns3:cad>
          </ns3:TrackPointExtension>
        </extensions>
      </trkpt>
      <trkpt lat="40.4045221768319606781005859375" lon="116.6839778423309326171875">
        <ele>83.59999847412109375</ele>
        <time>2026-10-08T15:30:12.000Z</time>
        <extensions>
          <ns3:TrackPointExtension>
            <ns3:hr>163</ns3:hr>
            <ns3:cad>90</ns3:cad>
          </ns3:TrackPointExtension>
        </extensions>
      </trkpt>
      <trkpt lat="40.404535420238971710205078125" lon="116.68401145376265048980712890625">
        <ele>83.59999847412109375</ele>
        <time>2026-10-08T15:30:13.000Z</time>
        <extensions>
          <ns3:TrackPointExtension>
            <ns3:hr>161</ns3:hr>
            <ns3:cad>90</ns3:cad>
          </ns3:TrackPointExtension>
        </extensions>
      </trkpt>
      <trkpt lat="40.40454070083796977996826171875" lon="116.68405856005847454071044921875">
        <ele>83.59999847412109375</ele>
        <time>2026-10-08T15:30:14.000Z</time>
        <extensions>
          <ns3:TrackPointExtension>
            <ns3:hr>159</ns3:hr>
            <ns3:cad>90</ns3:cad>
          </ns3:TrackPointExtension>
        </extensions>
      </trkpt>
      <trkpt lat="40.4045493341982364654541015625" lon="116.68409108184278011322021484375">
        <ele>83.8000030517578125</ele>
        <time>2026-10-08T15:30:15.000Z</time>
        <extensions>
          <ns3:TrackPointExtension>
            <ns3:hr>161</ns3:hr>
            <ns3:cad>90</ns3:cad>
          </ns3:TrackPointExtension>
        </extensions>
      </trkpt>
      <trkpt lat="40.4045473225414752960205078125" lon="116.68413818813860416412353515625">
        <ele>83.8000030517578125</ele>
        <time>2026-10-08T15:30:16.000Z</time>
        <extensions>
          <ns3:TrackPointExtension>
            <ns3:hr>160</ns3:hr>
            <ns3:cad>90</ns3:cad>
          </ns3:TrackPointExtension>
        </extensions>
      </trkpt>
      <trkpt lat="40.4045493341982364654541015625" lon="116.68417163193225860595703125">
        <ele>83.8000030517578125</ele>
        <time>2026-10-08T15:30:17.000Z</time>
        <extensions>
          <ns3:TrackPointExtension>
            <ns3:hr>158</ns3:hr>
            <ns3:cad>90</ns3:cad>
          </ns3:TrackPointExtension>
        </extensions>
      </trkpt>
      <trkpt lat="40.40454489178955554962158203125" lon="116.68421722948551177978515625">
        <ele>83.8000030517578125</ele>
        <time>2026-10-08T15:30:18.000Z</time>
        <extensions>
          <ns3:TrackPointExtension>
            <ns3:hr>160</ns3:hr>
            <ns3:cad>90</ns3:cad>
          </ns3:TrackPointExtension>
        </extensions>
      </trkpt>
      <trkpt lat="40.40454237721860408782958984375" lon="116.68425075709819793701171875">
        <ele>83.59999847412109375</ele>
        <time>2026-10-08T15:30:19.000Z</time>
        <extensions>
          <ns3:TrackPointExtension>
            <ns3:hr>158</ns3:hr>
            <ns3:cad>90</ns3:cad>
          </ns3:TrackPointExtension>
        </extensions>
      </trkpt>
      <trkpt lat="40.4045268706977367401123046875" lon="116.68429744429886341094970703125">
        <ele>83.59999847412109375</ele>
        <time>2026-10-08T15:30:20.000Z</time>
        <extensions>
          <ns3:TrackPointExtension>
            <ns3:hr>157</ns3:hr>
            <ns3:cad>91</ns3:cad>
          </ns3:TrackPointExtension>
        </extensions>
      </trkpt>
      <trkpt lat="40.40451806969940662384033203125" lon="116.6843323968350887298583984375">
        <ele>83.59999847412109375</ele>
        <time>2026-10-08T15:30:21.000Z</time>
        <extensions>
          <ns3:TrackPointExtension>
            <ns3:hr>159</ns3:hr>
            <ns3:cad>91</ns3:cad>
          </ns3:TrackPointExtension>
        </extensions>
      </trkpt>
      <trkpt lat="40.4045007191598415374755859375" lon="116.6843729652464389801025390625">
        <ele>83.59999847412109375</ele>
        <time>2026-10-08T15:30:22.000Z</time>
        <extensions>
          <ns3:TrackPointExtension>
            <ns3:hr>159</ns3:hr>
            <ns3:cad>89</ns3:cad>
          </ns3:TrackPointExtension>
        </extensions>
      </trkpt>
      <trkpt lat="40.40448906831443309783935546875" lon="116.68440875597298145294189453125">
        <ele>83.59999847412109375</ele>
        <time>2026-10-08T15:30:23.000Z</time>
        <extensions>
          <ns3:TrackPointExtension>
            <ns3:hr>157</ns3:hr>
            <ns3:cad>89</ns3:cad>
          </ns3:TrackPointExtension>
        </extensions>
      </trkpt>
      <trkpt lat="40.40446937084197998046875" lon="116.68444932438433170318603515625">
        <ele>83.59999847412109375</ele>
        <time>2026-10-08T15:30:24.000Z</time>
        <extensions>
          <ns3:TrackPointExtension>
            <ns3:hr>159</ns3:hr>
            <ns3:cad>89</ns3:cad>
          </ns3:TrackPointExtension>
        </extensions>
      </trkpt>
      <trkpt lat="40.4044541157782077789306640625" lon="116.68448276817798614501953125">
        <ele>83.59999847412109375</ele>
        <time>2026-10-08T15:30:25.000Z</time>
        <extensions>
          <ns3:TrackPointExtension>
            <ns3:hr>159</ns3:hr>
            <ns3:cad>88</ns3:cad>
          </ns3:TrackPointExtension>
        </extensions>
      </trkpt>
      <trkpt lat="40.40442821569740772247314453125" lon="116.68451906181871891021728515625">
        <ele>83.59999847412109375</ele>
        <time>2026-10-08T15:30:26.000Z</time>
        <extensions>
          <ns3:TrackPointExtension>
            <ns3:hr>157</ns3:hr>
            <ns3:cad>88</ns3:cad>
          </ns3:TrackPointExtension>
        </extensions>
      </trkpt>
      <trkpt lat="40.40440675802528858184814453125" lon="116.6845478117465972900390625">
        <ele>83.40000152587890625</ele>
        <time>2026-10-08T15:30:27.000Z</time>
        <extensions>
          <ns3:TrackPointExtension>
            <ns3:hr>160</ns3:hr>
            <ns3:cad>89</ns3:cad>
          </ns3:TrackPointExtension>
        </extensions>
      </trkpt>
      <trkpt lat="40.40438077412545680999755859375" lon="116.68457857333123683929443359375">
        <ele>83.59999847412109375</ele>
        <time>2026-10-08T15:30:28.000Z</time>
        <extensions>
          <ns3:TrackPointExtension>
            <ns3:hr>159</ns3:hr>
            <ns3:cad>90</ns3:cad>
          </ns3:TrackPointExtension>
        </extensions>
      </trkpt>
      <trkpt lat="40.404356382787227630615234375" lon="116.68460304848849773406982421875">
        <ele>83.59999847412109375</ele>
        <time>2026-10-08T15:30:29.000Z</time>
        <extensions>
          <ns3:TrackPointExtension>
            <ns3:hr>158</ns3:hr>
            <ns3:cad>90</ns3:cad>
          </ns3:TrackPointExtension>
        </extensions>
      </trkpt>
      <trkpt lat="40.4043267108500003814697265625" lon="116.6846254281699657440185546875">
        <ele>83.59999847412109375</ele>
        <time>2026-10-08T15:30:30.000Z</time>
        <extensions>
          <ns3:TrackPointExtension>
            <ns3:hr>160</ns3:hr>
            <ns3:cad>89</ns3:cad>
          </ns3:TrackPointExtension>
        </extensions>
      </trkpt>
      <trkpt lat="40.4042995534837245941162109375" lon="116.6846431978046894073486328125">
        <ele>83.59999847412109375</ele>
        <time>2026-10-08T15:30:31.000Z</time>
        <extensions>
          <ns3:TrackPointExtension>
            <ns3:hr>160</ns3:hr>
            <ns3:cad>89</ns3:cad>
          </ns3:TrackPointExtension>
        </extensions>
      </trkpt>
      <trkpt lat="40.40426946245133876800537109375" lon="116.6846577823162078857421875">
        <ele>83.59999847412109375</ele>
        <time>2026-10-08T15:30:32.000Z</time>
        <extensions>
          <ns3:TrackPointExtension>
            <ns3:hr>159</ns3:hr>
            <ns3:cad>89</ns3:cad>
          </ns3:TrackPointExtension>
        </extensions>
      </trkpt>
      <trkpt lat="40.4042378626763820648193359375" lon="116.68467060662806034088134765625">
        <ele>83.59999847412109375</ele>
        <time>2026-10-08T15:30:33.000Z</time>
        <extensions>
          <ns3:TrackPointExtension>
            <ns3:hr>160</ns3:hr>
            <ns3:cad>89</ns3:cad>
          </ns3:TrackPointExtension>
        </extensions>
      </trkpt>
      <trkpt lat="40.4042066819965839385986328125" lon="116.68468301184475421905517578125">
        <ele>83.59999847412109375</ele>
        <time>2026-10-08T15:30:34.000Z</time>
        <extensions>
          <ns3:TrackPointExtension>
            <ns3:hr>161</ns3:hr>
            <ns3:cad>89</ns3:cad>
          </ns3:TrackPointExtension>
        </extensions>
      </trkpt>
      <trkpt lat="40.40417541749775409698486328125" lon="116.6846891306340694427490234375">
        <ele>83.59999847412109375</ele>
        <time>2026-10-08T15:30:35.000Z</time>
        <extensions>
          <ns3:TrackPointExtension>
            <ns3:hr>161</ns3:hr>
            <ns3:cad>88</ns3:cad>
          </ns3:TrackPointExtension>
        </extensions>
      </trkpt>
      <trkpt lat="40.4041456617414951324462890625" lon="116.6846985183656215667724609375">
        <ele>83.59999847412109375</ele>
        <time>2026-10-08T15:30:36.000Z</time>
        <extensions>
          <ns3:TrackPointExtension>
            <ns3:hr>160</ns3:hr>
            <ns3:cad>88</ns3:cad>
          </ns3:TrackPointExtension>
        </extensions>
      </trkpt>
      <trkpt lat="40.40411196649074554443359375" lon="116.68470002710819244384765625">
        <ele>83.59999847412109375</ele>
        <time>2026-10-08T15:30:37.000Z</time>
        <extensions>
          <ns3:TrackPointExtension>
            <ns3:hr>161</ns3:hr>
            <ns3:cad>89</ns3:cad>
          </ns3:TrackPointExtension>
        </extensions>
      </trkpt>
      <trkpt lat="40.40408271364867687225341796875" lon="116.6847062297165393829345703125">
        <ele>83.59999847412109375</ele>
        <time>2026-10-08T15:30:38.000Z</time>
        <extensions>
          <ns3:TrackPointExtension>
            <ns3:hr>160</ns3:hr>
            <ns3:cad>89</ns3:cad>
          </ns3:TrackPointExtension>
        </extensions>
      </trkpt>
      <trkpt lat="40.4040467552840709686279296875" lon="116.6847062297165393829345703125">
        <ele>83.59999847412109375</ele>
        <time>2026-10-08T15:30:39.000Z</time>
        <extensions>
          <ns3:TrackPointExtension>
            <ns3:hr>159</ns3:hr>
            <ns3:cad>89</ns3:cad>
          </ns3:TrackPointExtension>
        </extensions>
      </trkpt>
      <trkpt lat="40.4040192626416683197021484375" lon="116.684712432324886322021484375">
        <ele>83.59999847412109375</ele>
        <time>2026-10-08T15:30:40.000Z</time>
        <extensions>
          <ns3:TrackPointExtension>
            <ns3:hr>161</ns3:hr>
            <ns3:cad>89</ns3:cad>
          </ns3:TrackPointExtension>
        </extensions>
      </trkpt>
      <trkpt lat="40.40398397482931613922119140625" lon="116.6847099177539348602294921875">
        <ele>83.59999847412109375</ele>
        <time>2026-10-08T15:30:41.000Z</time>
        <extensions>
          <ns3:TrackPointExtension>
            <ns3:hr>162</ns3:hr>
            <ns3:cad>89</ns3:cad>
          </ns3:TrackPointExtension>
        </extensions>
      </trkpt>
      <trkpt lat="40.403953380882740020751953125" lon="116.68471000157296657562255859375">
        <ele>83.59999847412109375</ele>
        <time>2026-10-08T15:30:42.000Z</time>
        <extensions>
          <ns3:TrackPointExtension>
            <ns3:hr>160</ns3:hr>
            <ns3:cad>89</ns3:cad>
          </ns3:TrackPointExtension>
        </extensions>
      </trkpt>
      <trkpt lat="40.403918512165546417236328125" lon="116.6847065649926662445068359375">
        <ele>83.59999847412109375</ele>
        <time>2026-10-08T15:30:43.000Z</time>
        <extensions>
          <ns3:TrackPointExtension>
            <ns3:hr>160</ns3:hr>
            <ns3:cad>88</ns3:cad>
          </ns3:TrackPointExtension>
        </extensions>
      </trkpt>
      <trkpt lat="40.40388992987573146820068359375" lon="116.68471218086779117584228515625">
        <ele>83.59999847412109375</ele>
        <time>2026-10-08T15:30:44.000Z</time>
        <extensions>
          <ns3:TrackPointExtension>
            <ns3:hr>162</ns3:hr>
            <ns3:cad>88</ns3:cad>
          </ns3:TrackPointExtension>
        </extensions>
      </trkpt>
      <trkpt lat="40.40385355241596698760986328125" lon="116.68470916338264942169189453125">
        <ele>83.59999847412109375</ele>
        <time>2026-10-08T15:30:45.000Z</time>
        <extensions>
          <ns3:TrackPointExtension>
            <ns3:hr>160</ns3:hr>
            <ns3:cad>88</ns3:cad>
          </ns3:TrackPointExtension>
        </extensions>
      </trkpt>
      <trkpt lat="40.40382673032581806182861328125" lon="116.6847169585525989532470703125">
        <ele>83.40000152587890625</ele>
        <time>2026-10-08T15:30:46.000Z</time>
        <extensions>
          <ns3:TrackPointExtension>
            <ns3:hr>160</ns3:hr>
            <ns3:cad>89</ns3:cad>
          </ns3:TrackPointExtension>
        </extensions>
      </trkpt>
      <trkpt lat="40.4037906043231487274169921875" lon="116.68471251614391803741455078125">
        <ele>83.40000152587890625</ele>
        <time>2026-10-08T15:30:47.000Z</time>
        <extensions>
          <ns3:TrackPointExtension>
            <ns3:hr>162</ns3:hr>
            <ns3:cad>89</ns3:cad>
          </ns3:TrackPointExtension>
        </extensions>
      </trkpt>
      <trkpt lat="40.40376537479460239410400390625" lon="116.6847193054854869842529296875">
        <ele>83.40000152587890625</ele>
        <time>2026-10-08T15:30:48.000Z</time>
        <extensions>
          <ns3:TrackPointExtension>
            <ns3:hr>162</ns3:hr>
            <ns3:cad>89</ns3:cad>
          </ns3:TrackPointExtension>
        </extensions>
      </trkpt>
      <trkpt lat="40.4037277400493621826171875" lon="116.68471477925777435302734375">
        <ele>83.40000152587890625</ele>
        <time>2026-10-08T15:30:49.000Z</time>
        <extensions>
          <ns3:TrackPointExtension>
            <ns3:hr>160</ns3:hr>
            <ns3:cad>89</ns3:cad>
          </ns3:TrackPointExtension>
        </extensions>
      </trkpt>
      <trkpt lat="40.40370251052081584930419921875" lon="116.68472014367580413818359375">
        <ele>83.40000152587890625</ele>
        <time>2026-10-08T15:30:50.000Z</time>
        <extensions>
          <ns3:TrackPointExtension>
            <ns3:hr>162</ns3:hr>
            <ns3:cad>89</ns3:cad>
          </ns3:TrackPointExtension>
        </extensions>
      </trkpt>
      <trkpt lat="40.403667055070400238037109375" lon="116.68471519835293292999267578125">
        <ele>83.40000152587890625</ele>
        <time>2026-10-08T15:30:51.000Z</time>
        <extensions>
          <ns3:TrackPointExtension>
            <ns3:hr>162</ns3:hr>
            <ns3:cad>89</ns3:cad>
          </ns3:TrackPointExtension>
        </extensions>
      </trkpt>
      <trkpt lat="40.40363981388509273529052734375" lon="116.68471989221870899200439453125">
        <ele>83.40000152587890625</ele>
        <time>2026-10-08T15:30:52.000Z</time>
        <extensions>
          <ns3:TrackPointExtension>
            <ns3:hr>160</ns3:hr>
            <ns3:cad>89</ns3:cad>
          </ns3:TrackPointExtension>
        </extensions>
      </trkpt>
      <trkpt lat="40.40360192768275737762451171875" lon="116.68471586890518665313720703125">
        <ele>83.1999969482421875</ele>
        <time>2026-10-08T15:30:53.000Z</time>
        <extensions>
          <ns3:TrackPointExtension>
            <ns3:hr>162</ns3:hr>
            <ns3:cad>90</ns3:cad>
          </ns3:TrackPointExtension>
        </extensions>
      </trkpt>
      <trkpt lat="40.4035740159451961517333984375" lon="116.68471989221870899200439453125">
        <ele>83.40000152587890625</ele>
        <time>2026-10-08T15:30:54.000Z</time>
        <extensions>
          <ns3:TrackPointExtension>
            <ns3:hr>162</ns3:hr>
            <ns3:cad>90</ns3:cad>
          </ns3:TrackPointExtension>
        </extensions>
      </trkpt>
      <trkpt lat="40.40353705175220966339111328125" lon="116.6847141087055206298828125">
        <ele>83.40000152587890625</ele>
        <time>2026-10-08T15:30:55.000Z</time>
        <extensions>
          <ns3:TrackPointExtension>
            <ns3:hr>161</ns3:hr>
            <ns3:cad>90</ns3:cad>
          </ns3:TrackPointExtension>
        </extensions>
      </trkpt>
      <trkpt lat="40.40350905619561672210693359375" lon="116.68472073040902614593505859375">
        <ele>83.40000152587890625</ele>
        <time>2026-10-08T15:30:56.000Z</time>
        <extensions>
          <ns3:TrackPointExtension>
            <ns3:hr>160</ns3:hr>
            <ns3:cad>90</ns3:cad>
          </ns3:TrackPointExtension>
        </extensions>
      </trkpt>
      <trkpt lat="40.40347385220229625701904296875" lon="116.68471503071486949920654296875">
        <ele>83.40000152587890625</ele>
        <time>2026-10-08T15:30:57.000Z</time>
        <extensions>
          <ns3:TrackPointExtension>
            <ns3:hr>163</ns3:hr>
            <ns3:cad>90</ns3:cad>
          </ns3:TrackPointExtension>
        </extensions>
      </trkpt>
      <trkpt lat="40.403447449207305908203125" lon="116.6847172938287258148193359375">
        <ele>83.40000152587890625</ele>
        <time>2026-10-08T15:30:58.000Z</time>
        <extensions>
          <ns3:TrackPointExtension>
            <ns3:hr>161</ns3:hr>
            <ns3:cad>90</ns3:cad>
          </ns3:TrackPointExtension>
        </extensions>
      </trkpt>
      <trkpt lat="40.4034140892326831817626953125" lon="116.68471050448715686798095703125">
        <ele>83.40000152587890625</ele>
        <time>2026-10-08T15:30:59.000Z</time>
        <extensions>
          <ns3:TrackPointExtension>
            <ns3:hr>160</ns3:hr>
            <ns3:cad>90</ns3:cad>
          </ns3:TrackPointExtension>
        </extensions>
      </trkpt>
      <trkpt lat="40.403391458094120025634765625" lon="116.684711761772632598876953125">
        <ele>83.40000152587890625</ele>
        <time>2026-10-08T15:31:00.000Z</time>
        <extensions>
          <ns3:TrackPointExtension>
            <ns3:hr>162</ns3:hr>
            <ns3:cad>90</ns3:cad>
          </ns3:TrackPointExtension>
        </extensions>
      </trkpt>
      <trkpt lat="40.40335801430046558380126953125" lon="116.68470270931720733642578125">
        <ele>83.40000152587890625</ele>
        <time>2026-10-08T15:31:01.000Z</time>
        <extensions>
          <ns3:TrackPointExtension>
            <ns3:hr>162</ns3:hr>
            <ns3:cad>89</ns3:cad>
          </ns3:TrackPointExtension>
        </extensions>
      </trkpt>
      <trkpt lat="40.40333219803869724273681640625" lon="116.684704385697841644287109375">
        <ele>83.40000152587890625</ele>
        <time>2026-10-08T15:31:02.000Z</time>
        <extensions>
          <ns3:TrackPointExtension>
            <ns3:hr>160</ns3:hr>
            <ns3:cad>89</ns3:cad>
          </ns3:TrackPointExtension>
        </extensions>
      </trkpt>
      <trkpt lat="40.4032980836927890777587890625" lon="116.68469256721436977386474609375">
        <ele>83.1999969482421875</ele>
        <time>2026-10-08T15:31:03.000Z</time>
        <extensions>
          <ns3:TrackPointExtension>
            <ns3:hr>161</ns3:hr>
            <ns3:cad>89</ns3:cad>
          </ns3:TrackPointExtension>
        </extensions>
      </trkpt>
      <trkpt lat="40.40327235125005245208740234375" lon="116.68469323776662349700927734375">
        <ele>83.1999969482421875</ele>
        <time>2026-10-08T15:31:04.000Z</time>
        <extensions>
          <ns3:TrackPointExtension>
            <ns3:hr>162</ns3:hr>
            <ns3:cad>89</ns3:cad>
          </ns3:TrackPointExtension>
        </extensions>
      </trkpt>
      <trkpt lat="40.4032357223331928253173828125" lon="116.6846830956637859344482421875">
        <ele>83.1999969482421875</ele>
        <time>2026-10-08T15:31:05.000Z</time>
        <extensions>
          <ns3:TrackPointExtension>
            <ns3:hr>162</ns3:hr>
            <ns3:cad>89</ns3:cad>
          </ns3:TrackPointExtension>
        </extensions>
      </trkpt>
      <trkpt lat="40.40321066044270992279052734375" lon="116.68468066491186618804931640625">
        <ele>83.1999969482421875</ele>
        <time>2026-10-08T15:31:06.000Z</time>
        <extensions>
          <ns3:TrackPointExtension>
            <ns3:hr>160</ns3:hr>
            <ns3:cad>89</ns3:cad>
          </ns3:TrackPointExtension>
        </extensions>
      </trkpt>
      <trkpt lat="40.4031733609735965728759765625" lon="116.68466373346745967864990234375">
        <ele>83.1999969482421875</ele>
        <time>2026-10-08T15:31:07.000Z</time>
        <extensions>
          <ns3:TrackPointExtension>
            <ns3:hr>162</ns3:hr>
            <ns3:cad>89</ns3:cad>
          </ns3:TrackPointExtension>
        </extensions>
      </trkpt>
      <trkpt lat="40.4031468741595745086669921875" lon="116.68465551920235157012939453125">
        <ele>83.1999969482421875</ele>
        <time>2026-10-08T15:31:08.000Z</time>
        <extensions>
          <ns3:TrackPointExtension>
            <ns3:hr>159</ns3:hr>
            <ns3:cad>89</ns3:cad>
          </ns3:TrackPointExtension>
        </extensions>
      </trkpt>
      <trkpt lat="40.40311343036592006683349609375" lon="116.6846282780170440673828125">
        <ele>83.1999969482421875</ele>
        <time>2026-10-08T15:31:09.000Z</time>
        <extensions>
          <ns3:TrackPointExtension>
            <ns3:hr>160</ns3:hr>
            <ns3:cad>89</ns3:cad>
          </ns3:TrackPointExtension>
        </extensions>
      </trkpt>
      <trkpt lat="40.403087027370929718017578125" lon="116.68461629189550876617431640625">
        <ele>83.1999969482421875</ele>
        <time>2026-10-08T15:31:10.000Z</time>
        <extensions>
          <ns3:TrackPointExtension>
            <ns3:hr>162</ns3:hr>
            <ns3:cad>89</ns3:cad>
          </ns3:TrackPointExtension>
        </extensions>
      </trkpt>
      <trkpt lat="40.403055511415004730224609375" lon="116.68458326719701290130615234375">
        <ele>83.1999969482421875</ele>
        <time>2026-10-08T15:31:11.000Z</time>
        <extensions>
          <ns3:TrackPointExtension>
            <ns3:hr>161</ns3:hr>
            <ns3:cad>89</ns3:cad>
          </ns3:TrackPointExtension>
        </extensions>
      </trkpt>
      <trkpt lat="40.4030305333435535430908203125" lon="116.6845630668103694915771484375">
        <ele>83.40000152587890625</ele>
        <time>2026-10-08T15:31:12.000Z</time>
        <extensions>
          <ns3:TrackPointExtension>
            <ns3:hr>160</ns3:hr>
            <ns3:cad>89</ns3:cad>
          </ns3:TrackPointExtension>
        </extensions>
      </trkpt>
      <trkpt lat="40.40300312452018260955810546875" lon="116.684528030455112457275390625">
        <ele>83.40000152587890625</ele>
        <time>2026-10-08T15:31:13.000Z</time>
        <extensions>
          <ns3:TrackPointExtension>
            <ns3:hr>163</ns3:hr>
            <ns3:cad>89</ns3:cad>
          </ns3:TrackPointExtension>
        </extensions>
      </trkpt>
      <trkpt lat="40.40297931991517543792724609375" lon="116.68450464494526386260986328125">
        <ele>83.40000152587890625</ele>
        <time>2026-10-08T15:31:14.000Z</time>
        <extensions>
          <ns3:TrackPointExtension>
            <ns3:hr>164</ns3:hr>
            <ns3:cad>89</ns3:cad>
          </ns3:TrackPointExtension>
        </extensions>
      </trkpt>
      <trkpt lat="40.4029577784240245819091796875" lon="116.684471033513545989990234375">
        <ele>83.40000152587890625</ele>
        <time>2026-10-08T15:31:15.000Z</time>
        <extensions>
          <ns3:TrackPointExtension>
            <ns3:hr>162</ns3:hr>
            <ns3:cad>89</ns3:cad>
          </ns3:TrackPointExtension>
        </extensions>
      </trkpt>
      <trkpt lat="40.40293824858963489532470703125" lon="116.6844443790614604949951171875">
        <ele>83.1999969482421875</ele>
        <time>2026-10-08T15:31:16.000Z</time>
        <extensions>
          <ns3:TrackPointExtension>
            <ns3:hr>162</ns3:hr>
            <ns3:cad>89</ns3:cad>
          </ns3:TrackPointExtension>
        </extensions>
      </trkpt>
      <trkpt lat="40.4029215686023235321044921875" lon="116.68440707959234714508056640625">
        <ele>83.1999969482421875</ele>
        <time>2026-10-08T15:31:17.000Z</time>
        <extensions>
          <ns3:TrackPointExtension>
            <ns3:hr>164</ns3:hr>
            <ns3:cad>89</ns3:cad>
          </ns3:TrackPointExtension>
        </extensions>
      </trkpt>
      <trkpt lat="40.4029098339378833770751953125" lon="116.68437422253191471099853515625">
        <ele>83.1999969482421875</ele>
        <time>2026-10-08T15:31:18.000Z</time>
        <extensions>
          <ns3:TrackPointExtension>
            <ns3:hr>166</ns3:hr>
            <ns3:cad>89</ns3:cad>
          </ns3:TrackPointExtension>
        </extensions>
      </trkpt>
      <trkpt lat="40.4028989374637603759765625" lon="116.684336923062801361083984375">
        <ele>83.1999969482421875</ele>
        <time>2026-10-08T15:31:19.000Z</time>
        <extensions>
          <ns3:TrackPointExtension>
            <ns3:hr>165</ns3:hr>
            <ns3:cad>89</ns3:cad>
          </ns3:TrackPointExtension>
        </extensions>
      </trkpt>
      <trkpt lat="40.40289223194122314453125" lon="116.6842983663082122802734375">
        <ele>83.1999969482421875</ele>
        <time>2026-10-08T15:31:20.000Z</time>
        <extensions>
          <ns3:TrackPointExtension>
            <ns3:hr>162</ns3:hr>
            <ns3:cad>88</ns3:cad>
          </ns3:TrackPointExtension>
        </extensions>
      </trkpt>
      <trkpt lat="40.40288376621901988983154296875" lon="116.6842609830200672149658203125">
        <ele>83.1999969482421875</ele>
        <time>2026-10-08T15:31:21.000Z</time>
        <extensions>
          <ns3:TrackPointExtension>
            <ns3:hr>163</ns3:hr>
            <ns3:cad>88</ns3:cad>
          </ns3:TrackPointExtension>
        </extensions>
      </trkpt>
      <trkpt lat="40.402881838381290435791015625" lon="116.6842214204370975494384765625">
        <ele>83.1999969482421875</ele>
        <time>2026-10-08T15:31:22.000Z</time>
        <extensions>
          <ns3:TrackPointExtension>
            <ns3:hr>165</ns3:hr>
            <ns3:cad>89</ns3:cad>
          </ns3:TrackPointExtension>
        </extensions>
      </trkpt>
      <trkpt lat="40.4028803296387195587158203125" lon="116.68418043293058872222900390625">
        <ele>83.1999969482421875</ele>
        <time>2026-10-08T15:31:23.000Z</time>
        <extensions>
          <ns3:TrackPointExtension>
            <ns3:hr>166</ns3:hr>
            <ns3:cad>89</ns3:cad>
          </ns3:TrackPointExtension>
        </extensions>
      </trkpt>
      <trkpt lat="40.40288359858095645904541015625" lon="116.68413802050054073333740234375">
        <ele>83.1999969482421875</ele>
        <time>2026-10-08T15:31:24.000Z</time>
        <extensions>
          <ns3:TrackPointExtension>
            <ns3:hr>163</ns3:hr>
            <ns3:cad>89</ns3:cad>
          </ns3:TrackPointExtension>
        </extensions>
      </trkpt>
      <trkpt lat="40.40288083255290985107421875" lon="116.68409761972725391387939453125">
        <ele>83.1999969482421875</ele>
        <time>2026-10-08T15:31:25.000Z</time>
        <extensions>
          <ns3:TrackPointExtension>
            <ns3:hr>164</ns3:hr>
            <ns3:cad>89</ns3:cad>
          </ns3:TrackPointExtension>
        </extensions>
      </trkpt>
      <trkpt lat="40.402884520590305328369140625" lon="116.6840542852878570556640625">
        <ele>83.1999969482421875</ele>
        <time>2026-10-08T15:31:26.000Z</time>
        <extensions>
          <ns3:TrackPointExtension>
            <ns3:hr>167</ns3:hr>
            <ns3:cad>89</ns3:cad>
          </ns3:TrackPointExtension>
        </extensions>
      </trkpt>
      <trkpt lat="40.4028870351612567901611328125" lon="116.68401296250522136688232421875">
        <ele>83.1999969482421875</ele>
        <time>2026-10-08T15:31:27.000Z</time>
        <extensions>
          <ns3:TrackPointExtension>
            <ns3:hr>167</ns3:hr>
            <ns3:cad>89</ns3:cad>
          </ns3:TrackPointExtension>
        </extensions>
      </trkpt>
      <trkpt lat="40.40289533324539661407470703125" lon="116.683968119323253631591796875">
        <ele>83.40000152587890625</ele>
        <time>2026-10-08T15:31:28.000Z</time>
        <extensions>
          <ns3:TrackPointExtension>
            <ns3:hr>164</ns3:hr>
            <ns3:cad>89</ns3:cad>
          </ns3:TrackPointExtension>
        </extensions>
      </trkpt>
      <trkpt lat="40.402901954948902130126953125" lon="116.68392914347350597381591796875">
        <ele>83.40000152587890625</ele>
        <time>2026-10-08T15:31:29.000Z</time>
        <extensions>
          <ns3:TrackPointExtension>
            <ns3:hr>164</ns3:hr>
            <ns3:cad>90</ns3:cad>
          </ns3:TrackPointExtension>
        </extensions>
      </trkpt>
      <trkpt lat="40.4029202274978160858154296875" lon="116.68389041908085346221923828125">
        <ele>83.40000152587890625</ele>
        <time>2026-10-08T15:31:30.000Z</time>
        <extensions>
          <ns3:TrackPointExtension>
            <ns3:hr>165</ns3:hr>
            <ns3:cad>90</ns3:cad>
          </ns3:TrackPointExtension>
        </extensions>
      </trkpt>
      <trkpt lat="40.4029306210577487945556640625" lon="116.6838558018207550048828125">
        <ele>83.40000152587890625</ele>
        <time>2026-10-08T15:31:31.000Z</time>
        <extensions>
          <ns3:TrackPointExtension>
            <ns3:hr>166</ns3:hr>
            <ns3:cad>90</ns3:cad>
          </ns3:TrackPointExtension>
        </extensions>
      </trkpt>
      <trkpt lat="40.4029544256627559661865234375" lon="116.6838227771222591400146484375">
        <ele>83.40000152587890625</ele>
        <time>2026-10-08T15:31:32.000Z</time>
        <extensions>
          <ns3:TrackPointExtension>
            <ns3:hr>165</ns3:hr>
            <ns3:cad>89</ns3:cad>
          </ns3:TrackPointExtension>
        </extensions>
      </trkpt>
      <trkpt lat="40.4029713571071624755859375" lon="116.683789752423763275146484375">
        <ele>83.59999847412109375</ele>
        <time>2026-10-08T15:31:33.000Z</time>
        <extensions>
          <ns3:TrackPointExtension>
            <ns3:hr>164</ns3:hr>
            <ns3:cad>89</ns3:cad>
          </ns3:TrackPointExtension>
        </extensions>
      </trkpt>
      <trkpt lat="40.4029976762831211090087890625" lon="116.6837547160685062408447265625">
        <ele>83.59999847412109375</ele>
        <time>2026-10-08T15:31:34.000Z</time>
        <extensions>
          <ns3:TrackPointExtension>
            <ns3:hr>164</ns3:hr>
            <ns3:cad>89</ns3:cad>
          </ns3:TrackPointExtension>
        </extensions>
      </trkpt>
      <trkpt lat="40.403012931346893310546875" lon="116.68371942825615406036376953125">
        <ele>83.59999847412109375</ele>
        <time>2026-10-08T15:31:35.000Z</time>
        <extensions>
          <ns3:TrackPointExtension>
            <ns3:hr>164</ns3:hr>
            <ns3:cad>88</ns3:cad>
          </ns3:TrackPointExtension>
        </extensions>
      </trkpt>
      <trkpt lat="40.40304050780832767486572265625" lon="116.6836853139102458953857421875">
        <ele>83.59999847412109375</ele>
        <time>2026-10-08T15:31:36.000Z</time>
        <extensions>
          <ns3:TrackPointExtension>
            <ns3:hr>167</ns3:hr>
            <ns3:cad>88</ns3:cad>
          </ns3:TrackPointExtension>
        </extensions>
      </trkpt>
      <trkpt lat="40.4030583612620830535888671875" lon="116.683655641973018646240234375">
        <ele>83.59999847412109375</ele>
        <time>2026-10-08T15:31:37.000Z</time>
        <extensions>
          <ns3:TrackPointExtension>
            <ns3:hr>165</ns3:hr>
            <ns3:cad>88</ns3:cad>
          </ns3:TrackPointExtension>
        </extensions>
      </trkpt>
      <trkpt lat="40.403090380132198333740234375" lon="116.68362990953028202056884765625">
        <ele>83.59999847412109375</ele>
        <time>2026-10-08T15:31:38.000Z</time>
        <extensions>
          <ns3:TrackPointExtension>
            <ns3:hr>164</ns3:hr>
            <ns3:cad>89</ns3:cad>
          </ns3:TrackPointExtension>
        </extensions>
      </trkpt>
      <trkpt lat="40.40311309508979320526123046875" lon="116.68360694311559200286865234375">
        <ele>83.59999847412109375</ele>
        <time>2026-10-08T15:31:39.000Z</time>
        <extensions>
          <ns3:TrackPointExtension>
            <ns3:hr>164</ns3:hr>
            <ns3:cad>89</ns3:cad>
          </ns3:TrackPointExtension>
        </extensions>
      </trkpt>
      <trkpt lat="40.4031388275325298309326171875" lon="116.6835900954902172088623046875">
        <ele>83.59999847412109375</ele>
        <time>2026-10-08T15:31:40.000Z</time>
        <extensions>
          <ns3:TrackPointExtension>
            <ns3:hr>166</ns3:hr>
            <ns3:cad>89</ns3:cad>
          </ns3:TrackPointExtension>
        </extensions>
      </trkpt>
      <trkpt lat="40.4031663201749324798583984375" lon="116.683574505150318145751953125">
        <ele>83.59999847412109375</ele>
        <time>2026-10-08T15:31:41.000Z</time>
        <extensions>
          <ns3:TrackPointExtension>
            <ns3:hr>167</ns3:hr>
            <ns3:cad>89</ns3:cad>
          </ns3:TrackPointExtension>
        </extensions>
      </trkpt>
      <trkpt lat="40.403194315731525421142578125" lon="116.683564446866512298583984375">
        <ele>83.59999847412109375</ele>
        <time>2026-10-08T15:31:42.000Z</time>
        <extensions>
          <ns3:TrackPointExtension>
            <ns3:hr>165</ns3:hr>
            <ns3:cad>89</ns3:cad>
          </ns3:TrackPointExtension>
        </extensions>
      </trkpt>
      <trkpt lat="40.40322549641132354736328125" lon="116.6835595853626728057861328125">
        <ele>83.59999847412109375</ele>
        <time>2026-10-08T15:31:43.000Z</time>
        <extensions>
          <ns3:TrackPointExtension>
            <ns3:hr>163</ns3:hr>
            <ns3:cad>89</ns3:cad>
          </ns3:TrackPointExtension>
        </extensions>
      </trkpt>
      <trkpt lat="40.4032541625201702117919921875" lon="116.683552376925945281982421875">
        <ele>83.59999847412109375</ele>
        <time>2026-10-08T15:31:44.000Z</time>
        <extensions>
          <ns3:TrackPointExtension>
            <ns3:hr>164</ns3:hr>
            <ns3:cad>88</ns3:cad>
          </ns3:TrackPointExtension>
        </extensions>
      </trkpt>
      <trkpt lat="40.40328643284738063812255859375" lon="116.68355145491659641265869140625">
        <ele>83.59999847412109375</ele>
        <time>2026-10-08T15:31:45.000Z</time>
        <extensions>
          <ns3:TrackPointExtension>
            <ns3:hr>166</ns3:hr>
            <ns3:cad>89</ns3:cad>
          </ns3:TrackPointExtension>
        </extensions>
      </trkpt>
      <trkpt lat="40.40331794880330562591552734375" lon="116.683554388582706451416015625">
        <ele>83.59999847412109375</ele>
        <time>2026-10-08T15:31:46.000Z</time>
        <extensions>
          <ns3:TrackPointExtension>
            <ns3:hr>165</ns3:hr>
            <ns3:cad>89</ns3:cad>
          </ns3:TrackPointExtension>
        </extensions>
      </trkpt>
      <trkpt lat="40.40335021913051605224609375" lon="116.68355329893529415130615234375">
        <ele>83.59999847412109375</ele>
        <time>2026-10-08T15:31:47.000Z</time>
        <extensions>
          <ns3:TrackPointExtension>
            <ns3:hr>163</ns3:hr>
            <ns3:cad>89</ns3:cad>
          </ns3:TrackPointExtension>
        </extensions>
      </trkpt>
      <trkpt lat="40.40338248945772647857666015625" lon="116.68354667723178863525390625">
        <ele>83.59999847412109375</ele>
        <time>2026-10-08T15:31:48.000Z</time>
        <extensions>
          <ns3:TrackPointExtension>
            <ns3:hr>163</ns3:hr>
            <ns3:cad>89</ns3:cad>
          </ns3:TrackPointExtension>
        </extensions>
      </trkpt>
      <trkpt lat="40.4034127481281757354736328125" lon="116.68354458175599575042724609375">
        <ele>83.40000152587890625</ele>
        <time>2026-10-08T15:31:49.000Z</time>
        <extensions>
          <ns3:TrackPointExtension>
            <ns3:hr>165</ns3:hr>
            <ns3:cad>89</ns3:cad>
          </ns3:TrackPointExtension>
        </extensions>
      </trkpt>
      <trkpt lat="40.40344585664570331573486328125" lon="116.6835408098995685577392578125">
        <ele>83.40000152587890625</ele>
        <time>2026-10-08T15:31:50.000Z</time>
        <extensions>
          <ns3:TrackPointExtension>
            <ns3:hr>165</ns3:hr>
            <ns3:cad>89</ns3:cad>
          </ns3:TrackPointExtension>
        </extensions>
      </trkpt>
      <trkpt lat="40.40348022244870662689208984375" lon="116.6835387982428073883056640625">
        <ele>83.40000152587890625</ele>
        <time>2026-10-08T15:31:51.000Z</time>
        <extensions>
          <ns3:TrackPointExtension>
            <ns3:hr>162</ns3:hr>
            <ns3:cad>89</ns3:cad>
          </ns3:TrackPointExtension>
        </extensions>
      </trkpt>
      <trkpt lat="40.40350955910980701446533203125" lon="116.68353636749088764190673828125">
        <ele>83.59999847412109375</ele>
        <time>2026-10-08T15:31:52.000Z</time>
        <extensions>
          <ns3:TrackPointExtension>
            <ns3:hr>163</ns3:hr>
            <ns3:cad>89</ns3:cad>
          </ns3:TrackPointExtension>
        </extensions>
      </trkpt>
      <trkpt lat="40.40354358963668346405029296875" lon="116.6835347749292850494384765625">
        <ele>83.59999847412109375</ele>
        <time>2026-10-08T15:31:53.000Z</time>
        <extensions>
          <ns3:TrackPointExtension>
            <ns3:hr>165</ns3:hr>
            <ns3:cad>89</ns3:cad>
          </ns3:TrackPointExtension>
        </extensions>
      </trkpt>
      <trkpt lat="40.40357150137424468994140625" lon="116.68352865613996982574462890625">
        <ele>83.59999847412109375</ele>
        <time>2026-10-08T15:31:54.000Z</time>
        <extensions>
          <ns3:TrackPointExtension>
            <ns3:hr>165</ns3:hr>
            <ns3:cad>89</ns3:cad>
          </ns3:TrackPointExtension>
        </extensions>
      </trkpt>
      <trkpt lat="40.40360025130212306976318359375" lon="116.68353318236768245697021484375">
        <ele>83.59999847412109375</ele>
        <time>2026-10-08T15:31:55.000Z</time>
        <extensions>
          <ns3:TrackPointExtension>
            <ns3:hr>163</ns3:hr>
            <ns3:cad>89</ns3:cad>
          </ns3:TrackPointExtension>
        </extensions>
      </trkpt>
      <trkpt lat="40.40362992323935031890869140625" lon="116.68353192508220672607421875">
        <ele>83.59999847412109375</ele>
        <time>2026-10-08T15:31:56.000Z</time>
        <extensions>
          <ns3:TrackPointExtension>
            <ns3:hr>163</ns3:hr>
            <ns3:cad>89</ns3:cad>
          </ns3:TrackPointExtension>
        </extensions>
      </trkpt>
      <trkpt lat="40.4036631993949413299560546875" lon="116.68353267945349216461181640625">
        <ele>83.40000152587890625</ele>
        <time>2026-10-08T15:31:57.000Z</time>
        <extensions>
          <ns3:TrackPointExtension>
            <ns3:hr>166</ns3:hr>
            <ns3:cad>89</ns3:cad>
          </ns3:TrackPointExtension>
        </extensions>
      </trkpt>
      <trkpt lat="40.403690524399280548095703125" lon="116.68353083543479442596435546875">
        <ele>83.40000152587890625</ele>
        <time>2026-10-08T15:31:58.000Z</time>
        <extensions>
          <ns3:TrackPointExtension>
            <ns3:hr>165</ns3:hr>
            <ns3:cad>89</ns3:cad>
          </ns3:TrackPointExtension>
        </extensions>
      </trkpt>
      <trkpt lat="40.4037223756313323974609375" lon="116.683538295328617095947265625">
        <ele>83.40000152587890625</ele>
        <time>2026-10-08T15:31:59.000Z</time>
        <extensions>
          <ns3:TrackPointExtension>
            <ns3:hr>163</ns3:hr>
            <ns3:cad>88</ns3:cad>
          </ns3:TrackPointExtension>
        </extensions>
      </trkpt>
      <trkpt lat="40.40375196374952793121337890625" lon="116.68353552930057048797607421875">
        <ele>83.40000152587890625</ele>
        <time>2026-10-08T15:32:00.000Z</time>
        <extensions>
          <ns3:TrackPointExtension>
            <ns3:hr>164</ns3:hr>
            <ns3:cad>88</ns3:cad>
          </ns3:TrackPointExtension>
        </extensions>
      </trkpt>
      <trkpt lat="40.40378666482865810394287109375" lon="116.68353653512895107269287109375">
        <ele>83.40000152587890625</ele>
        <time>2026-10-08T15:32:01.000Z</time>
        <extensions>
          <ns3:TrackPointExtension>
            <ns3:hr>165</ns3:hr>
            <ns3:cad>88</ns3:cad>
          </ns3:TrackPointExtension>
        </extensions>
      </trkpt>
      <trkpt lat="40.4038157500326633453369140625" lon="116.68353318236768245697021484375">
        <ele>83.40000152587890625</ele>
        <time>2026-10-08T15:32:02.000Z</time>
        <extensions>
          <ns3:TrackPointExtension>
            <ns3:hr>164</ns3:hr>
            <ns3:cad>89</ns3:cad>
          </ns3:TrackPointExtension>
        </extensions>
      </trkpt>
      <trkpt lat="40.40384919382631778717041015625" lon="116.68353603221476078033447265625">
        <ele>83.40000152587890625</ele>
        <time>2026-10-08T15:32:03.000Z</time>
        <extensions>
          <ns3:TrackPointExtension>
            <ns3:hr>162</ns3:hr>
            <ns3:cad>89</ns3:cad>
          </ns3:TrackPointExtension>
        </extensions>
      </trkpt>
      <trkpt lat="40.40387702174484729766845703125" lon="116.68353259563446044921875">
        <ele>83.40000152587890625</ele>
        <time>2026-10-08T15:32:04.000Z</time>
        <extensions>
          <ns3:TrackPointExtension>
            <ns3:hr>164</ns3:hr>
            <ns3:cad>89</ns3:cad>
          </ns3:TrackPointExtension>
        </extensions>
      </trkpt>
      <trkpt lat="40.40391004644334316253662109375" lon="116.68353385291993618011474609375">
        <ele>83.40000152587890625</ele>
        <time>2026-10-08T15:32:05.000Z</time>
        <extensions>
          <ns3:TrackPointExtension>
            <ns3:hr>164</ns3:hr>
            <ns3:cad>90</ns3:cad>
          </ns3:TrackPointExtension>
        </extensions>
      </trkpt>
      <trkpt lat="40.4039448313415050506591796875" lon="116.68352848850190639495849609375">
        <ele>83.40000152587890625</ele>
        <time>2026-10-08T15:32:06.000Z</time>
        <extensions>
          <ns3:TrackPointExtension>
            <ns3:hr>163</ns3:hr>
            <ns3:cad>90</ns3:cad>
          </ns3:TrackPointExtension>
        </extensions>
      </trkpt>
      <trkpt lat="40.4039803706109523773193359375" lon="116.68352899141609668731689453125">
        <ele>83.40000152587890625</ele>
        <time>2026-10-08T15:32:07.000Z</time>
        <extensions>
          <ns3:TrackPointExtension>
            <ns3:hr>162</ns3:hr>
            <ns3:cad>90</ns3:cad>
          </ns3:TrackPointExtension>
        </extensions>
      </trkpt>
      <trkpt lat="40.40401138365268707275390625" lon="116.68352530337870121002197265625">
        <ele>83.40000152587890625</ele>
        <time>2026-10-08T15:32:08.000Z</time>
        <extensions>
          <ns3:TrackPointExtension>
            <ns3:hr>164</ns3:hr>
            <ns3:cad>90</ns3:cad>
          </ns3:TrackPointExtension>
        </extensions>
      </trkpt>
      <trkpt lat="40.40404499508440494537353515625" lon="116.68352915905416011810302734375">
        <ele>83.40000152587890625</ele>
        <time>2026-10-08T15:32:09.000Z</time>
        <extensions>
          <ns3:TrackPointExtension>
            <ns3:hr>163</ns3:hr>
            <ns3:cad>90</ns3:cad>
          </ns3:TrackPointExtension>
        </extensions>
      </trkpt>
      <trkpt lat="40.40407567285001277923583984375" lon="116.68352714739739894866943359375">
        <ele>83.40000152587890625</ele>
        <time>2026-10-08T15:32:10.000Z</time>
        <extensions>
          <ns3:TrackPointExtension>
            <ns3:hr>161</ns3:hr>
            <ns3:cad>89</ns3:cad>
          </ns3:TrackPointExtension>
        </extensions>
      </trkpt>
      <trkpt lat="40.4041087813675403594970703125" lon="116.68353385291993618011474609375">
        <ele>83.40000152587890625</ele>
        <time>2026-10-08T15:32:11.000Z</time>
        <extensions>
          <ns3:TrackPointExtension>
            <ns3:hr>162</ns3:hr>
            <ns3:cad>89</ns3:cad>
          </ns3:TrackPointExtension>
        </extensions>
      </trkpt>
      <trkpt lat="40.4041419737040996551513671875" lon="116.6835357807576656341552734375">
        <ele>83.59999847412109375</ele>
        <time>2026-10-08T15:32:12.000Z</time>
        <extensions>
          <ns3:TrackPointExtension>
            <ns3:hr>163</ns3:hr>
            <ns3:cad>89</ns3:cad>
          </ns3:TrackPointExtension>
        </extensions>
      </trkpt>
      <trkpt lat="40.404173992574214935302734375" lon="116.68354173190891742706298828125">
        <ele>83.59999847412109375</ele>
        <time>2026-10-08T15:32:13.000Z</time>
        <extensions>
          <ns3:TrackPointExtension>
            <ns3:hr>162</ns3:hr>
            <ns3:cad>89</ns3:cad>
          </ns3:TrackPointExtension>
        </extensions>
      </trkpt>
      <trkpt lat="40.40419855155050754547119140625" lon="116.68354743160307407379150390625">
        <ele>83.59999847412109375</ele>
        <time>2026-10-08T15:32:14.000Z</time>
        <extensions>
          <ns3:TrackPointExtension>
            <ns3:hr>160</ns3:hr>
            <ns3:cad>89</ns3:cad>
          </ns3:TrackPointExtension>
        </extensions>
      </trkpt>
      <trkpt lat="40.40422855876386165618896484375" lon="116.68356620706617832183837890625">
        <ele>83.59999847412109375</ele>
        <time>2026-10-08T15:32:15.000Z</time>
        <extensions>
          <ns3:TrackPointExtension>
            <ns3:hr>161</ns3:hr>
            <ns3:cad>89</ns3:cad>
          </ns3:TrackPointExtension>
        </extensions>
      </trkpt>
      <trkpt lat="40.40425890125334262847900390625" lon="116.68357458896934986114501953125">
        <ele>83.59999847412109375</ele>
        <time>2026-10-08T15:32:16.000Z</time>
        <extensions>
          <ns3:TrackPointExtension>
            <ns3:hr>161</ns3:hr>
            <ns3:cad>89</ns3:cad>
          </ns3:TrackPointExtension>
        </extensions>
      </trkpt>
      <trkpt lat="40.4042881540954113006591796875" lon="116.68359839357435703277587890625">
        <ele>83.40000152587890625</ele>
        <time>2026-10-08T15:32:17.000Z</time>
        <extensions>
          <ns3:TrackPointExtension>
            <ns3:hr>160</ns3:hr>
            <ns3:cad>89</ns3:cad>
          </ns3:TrackPointExtension>
        </extensions>
      </trkpt>
      <trkpt lat="40.4043186642229557037353515625" lon="116.6836130619049072265625">
        <ele>83.40000152587890625</ele>
        <time>2026-10-08T15:32:18.000Z</time>
        <extensions>
          <ns3:TrackPointExtension>
            <ns3:hr>161</ns3:hr>
            <ns3:cad>89</ns3:cad>
          </ns3:TrackPointExtension>
        </extensions>
      </trkpt>
      <trkpt lat="40.404346324503421783447265625" lon="116.68364449404180049896240234375">
        <ele>83.40000152587890625</ele>
        <time>2026-10-08T15:32:19.000Z</time>
        <extensions>
          <ns3:TrackPointExtension>
            <ns3:hr>161</ns3:hr>
            <ns3:cad>89</ns3:cad>
          </ns3:TrackPointExtension>
        </extensions>
      </trkpt>
      <trkpt lat="40.40437440387904644012451171875" lon="116.683667711913585662841796875">
        <ele>83.40000152587890625</ele>
        <time>2026-10-08T15:32:20.000Z</time>
        <extensions>
          <ns3:TrackPointExtension>
            <ns3:hr>159</ns3:hr>
            <ns3:cad>90</ns3:cad>
          </ns3:TrackPointExtension>
        </extensions>
      </trkpt>
      <trkpt lat="40.4043964482843875885009765625" lon="116.6836980544030666351318359375">
        <ele>83.40000152587890625</ele>
        <time>2026-10-08T15:32:21.000Z</time>
        <extensions>
          <ns3:TrackPointExtension>
            <ns3:hr>161</ns3:hr>
            <ns3:cad>90</ns3:cad>
          </ns3:TrackPointExtension>
        </extensions>
      </trkpt>
      <trkpt lat="40.40442167781293392181396484375" lon="116.6837216913700103759765625">
        <ele>83.40000152587890625</ele>
        <time>2026-10-08T15:32:22.000Z</time>
        <extensions>
          <ns3:TrackPointExtension>
            <ns3:hr>161</ns3:hr>
            <ns3:cad>90</ns3:cad>
          </ns3:TrackPointExtension>
        </extensions>
      </trkpt>
      <trkpt lat="40.4044420458376407623291015625" lon="116.68375999666750431060791015625">
        <ele>83.40000152587890625</ele>
        <time>2026-10-08T15:32:23.000Z</time>
        <extensions>
          <ns3:TrackPointExtension>
            <ns3:hr>159</ns3:hr>
            <ns3:cad>91</ns3:cad>
          </ns3:TrackPointExtension>
        </extensions>
      </trkpt>
      <trkpt lat="40.40446409024298191070556640625" lon="116.6837942786514759063720703125">
        <ele>83.40000152587890625</ele>
        <time>2026-10-08T15:32:24.000Z</time>
        <extensions>
          <ns3:TrackPointExtension>
            <ns3:hr>161</ns3:hr>
            <ns3:cad>91</ns3:cad>
          </ns3:TrackPointExtension>
        </extensions>
      </trkpt>
      <trkpt lat="40.40447884239256381988525390625" lon="116.68383459560573101043701171875">
        <ele>83.40000152587890625</ele>
        <time>2026-10-08T15:32:25.000Z</time>
        <extensions>
          <ns3:TrackPointExtension>
            <ns3:hr>161</ns3:hr>
            <ns3:cad>91</ns3:cad>
          </ns3:TrackPointExtension>
        </extensions>
      </trkpt>
      <trkpt lat="40.4044960252940654754638671875" lon="116.6838690452277660369873046875">
        <ele>83.40000152587890625</ele>
        <time>2026-10-08T15:32:26.000Z</time>
        <extensions>
          <ns3:TrackPointExtension>
            <ns3:hr>160</ns3:hr>
            <ns3:cad>90</ns3:cad>
          </ns3:TrackPointExtension>
        </extensions>
      </trkpt>
      <trkpt lat="40.404505915939807891845703125" lon="116.68390835635364055633544921875">
        <ele>83.40000152587890625</ele>
        <time>2026-10-08T15:32:27.000Z</time>
        <extensions>
          <ns3:TrackPointExtension>
            <ns3:hr>162</ns3:hr>
            <ns3:cad>90</ns3:cad>
          </ns3:TrackPointExtension>
        </extensions>
      </trkpt>
      <trkpt lat="40.404517315328121185302734375" lon="116.683948002755641937255859375">
        <ele>83.1999969482421875</ele>
        <time>2026-10-08T15:32:28.000Z</time>
        <extensions>
          <ns3:TrackPointExtension>
            <ns3:hr>161</ns3:hr>
            <ns3:cad>90</ns3:cad>
          </ns3:TrackPointExtension>
        </extensions>
      </trkpt>
      <trkpt lat="40.4045225121080875396728515625" lon="116.6839904151856899261474609375">
        <ele>83.40000152587890625</ele>
        <time>2026-10-08T15:32:29.000Z</time>
        <extensions>
          <ns3:TrackPointExtension>
            <ns3:hr>159</ns3:hr>
            <ns3:cad>90</ns3:cad>
          </ns3:TrackPointExtension>
        </extensions>
      </trkpt>
      <trkpt lat="40.4045298881828784942626953125" lon="116.68403240852057933807373046875">
        <ele>83.40000152587890625</ele>
        <time>2026-10-08T15:32:30.000Z</time>
        <extensions>
          <ns3:TrackPointExtension>
            <ns3:hr>162</ns3:hr>
            <ns3:cad>90</ns3:cad>
          </ns3:TrackPointExtension>
        </extensions>
      </trkpt>
      <trkpt lat="40.40453265421092510223388671875" lon="116.68407783843576908111572265625">
        <ele>83.40000152587890625</ele>
        <time>2026-10-08T15:32:31.000Z</time>
        <extensions>
          <ns3:TrackPointExtension>
            <ns3:hr>162</ns3:hr>
            <ns3:cad>90</ns3:cad>
          </ns3:TrackPointExtension>
        </extensions>
      </trkpt>
      <trkpt lat="40.404536090791225433349609375" lon="116.68411706574261188507080078125">
        <ele>83.40000152587890625</ele>
        <time>2026-10-08T15:32:32.000Z</time>
        <extensions>
          <ns3:TrackPointExtension>
            <ns3:hr>160</ns3:hr>
            <ns3:cad>90</ns3:cad>
          </ns3:TrackPointExtension>
        </extensions>
      </trkpt>
      <trkpt lat="40.40453550405800342559814453125" lon="116.68416090309619903564453125">
        <ele>83.40000152587890625</ele>
        <time>2026-10-08T15:32:33.000Z</time>
        <extensions>
          <ns3:TrackPointExtension>
            <ns3:hr>161</ns3:hr>
            <ns3:cad>90</ns3:cad>
          </ns3:TrackPointExtension>
        </extensions>
      </trkpt>
      <trkpt lat="40.4045372642576694488525390625" lon="116.68419954366981983184814453125">
        <ele>83.40000152587890625</ele>
        <time>2026-10-08T15:32:34.000Z</time>
        <extensions>
          <ns3:TrackPointExtension>
            <ns3:hr>161</ns3:hr>
            <ns3:cad>90</ns3:cad>
          </ns3:TrackPointExtension>
        </extensions>
      </trkpt>
      <trkpt lat="40.40452997200191020965576171875" lon="116.6842420399188995361328125">
        <ele>83.40000152587890625</ele>
        <time>2026-10-08T15:32:35.000Z</time>
        <extensions>
          <ns3:TrackPointExtension>
            <ns3:hr>161</ns3:hr>
            <ns3:cad>90</ns3:cad>
          </ns3:TrackPointExtension>
        </extensions>
      </trkpt>
      <trkpt lat="40.40452443994581699371337890625" lon="116.68427900411188602447509765625">
        <ele>83.40000152587890625</ele>
        <time>2026-10-08T15:32:36.000Z</time>
        <extensions>
          <ns3:TrackPointExtension>
            <ns3:hr>161</ns3:hr>
            <ns3:cad>89</ns3:cad>
          </ns3:TrackPointExtension>
        </extensions>
      </trkpt>
      <trkpt lat="40.40451169945299625396728515625" lon="116.68432342819869518280029296875">
        <ele>83.40000152587890625</ele>
        <time>2026-10-08T15:32:37.000Z</time>
        <extensions>
          <ns3:TrackPointExtension>
            <ns3:hr>162</ns3:hr>
            <ns3:cad>89</ns3:cad>
          </ns3:TrackPointExtension>
        </extensions>
      </trkpt>
      <trkpt lat="40.4045023955404758453369140625" lon="116.68436265550553798675537109375">
        <ele>83.40000152587890625</ele>
        <time>2026-10-08T15:32:38.000Z</time>
        <extensions>
          <ns3:TrackPointExtension>
            <ns3:hr>161</ns3:hr>
            <ns3:cad>90</ns3:cad>
          </ns3:TrackPointExtension>
        </extensions>
      </trkpt>
      <trkpt lat="40.4044841229915618896484375" lon="116.68440372683107852935791015625">
        <ele>83.40000152587890625</ele>
        <time>2026-10-08T15:32:39.000Z</time>
        <extensions>
          <ns3:TrackPointExtension>
            <ns3:hr>160</ns3:hr>
            <ns3:cad>90</ns3:cad>
          </ns3:TrackPointExtension>
        </extensions>
      </trkpt>
      <trkpt lat="40.4044728912413120269775390625" lon="116.68443775735795497894287109375">
        <ele>83.40000152587890625</ele>
        <time>2026-10-08T15:32:40.000Z</time>
        <extensions>
          <ns3:TrackPointExtension>
            <ns3:hr>162</ns3:hr>
            <ns3:cad>89</ns3:cad>
          </ns3:TrackPointExtension>
        </extensions>
      </trkpt>
      <trkpt lat="40.40444984100759029388427734375" lon="116.68447329662740230560302734375">
        <ele>83.59999847412109375</ele>
        <time>2026-10-08T15:32:41.000Z</time>
        <extensions>
          <ns3:TrackPointExtension>
            <ns3:hr>162</ns3:hr>
            <ns3:cad>89</ns3:cad>
          </ns3:TrackPointExtension>
        </extensions>
      </trkpt>
      <trkpt lat="40.40443374775350093841552734375" lon="116.6845022141933441162109375">
        <ele>83.59999847412109375</ele>
        <time>2026-10-08T15:32:42.000Z</time>
        <extensions>
          <ns3:TrackPointExtension>
            <ns3:hr>160</ns3:hr>
            <ns3:cad>89</ns3:cad>
          </ns3:TrackPointExtension>
        </extensions>
      </trkpt>
      <trkpt lat="40.40440709330141544342041015625" lon="116.68453213758766651153564453125">
        <ele>83.59999847412109375</ele>
        <time>2026-10-08T15:32:43.000Z</time>
        <extensions>
          <ns3:TrackPointExtension>
            <ns3:hr>161</ns3:hr>
            <ns3:cad>89</ns3:cad>
          </ns3:TrackPointExtension>
        </extensions>
      </trkpt>
      <trkpt lat="40.4043907485902309417724609375" lon="116.6845613904297351837158203125">
        <ele>83.59999847412109375</ele>
        <time>2026-10-08T15:32:44.000Z</time>
        <extensions>
          <ns3:TrackPointExtension>
            <ns3:hr>163</ns3:hr>
            <ns3:cad>89</ns3:cad>
          </ns3:TrackPointExtension>
        </extensions>
      </trkpt>
      <trkpt lat="40.40436317212879657745361328125" lon="116.68458695523440837860107421875">
        <ele>83.59999847412109375</ele>
        <time>2026-10-08T15:32:45.000Z</time>
        <extensions>
          <ns3:TrackPointExtension>
            <ns3:hr>161</ns3:hr>
            <ns3:cad>88</ns3:cad>
          </ns3:TrackPointExtension>
        </extensions>
      </trkpt>
      <trkpt lat="40.404344312846660614013671875" lon="116.68461210094392299652099609375">
        <ele>83.59999847412109375</ele>
        <time>2026-10-08T15:32:46.000Z</time>
        <extensions>
          <ns3:TrackPointExtension>
            <ns3:hr>161</ns3:hr>
            <ns3:cad>88</ns3:cad>
          </ns3:TrackPointExtension>
        </extensions>
      </trkpt>
      <trkpt lat="40.40431506000459194183349609375" lon="116.68463204987347126007080078125">
        <ele>83.40000152587890625</ele>
        <time>2026-10-08T15:32:47.000Z</time>
        <extensions>
          <ns3:TrackPointExtension>
            <ns3:hr>162</ns3:hr>
            <ns3:cad>89</ns3:cad>
          </ns3:TrackPointExtension>
        </extensions>
      </trkpt>
      <trkpt lat="40.40429779328405857086181640625" lon="116.68465384282171726226806640625">
        <ele>83.40000152587890625</ele>
        <time>2026-10-08T15:32:48.000Z</time>
        <extensions>
          <ns3:TrackPointExtension>
            <ns3:hr>162</ns3:hr>
            <ns3:cad>89</ns3:cad>
          </ns3:TrackPointExtension>
        </extensions>
      </trkpt>
      <trkpt lat="40.40426476858556270599365234375" lon="116.68466775678098201751708984375">
        <ele>83.40000152587890625</ele>
        <time>2026-10-08T15:32:49.000Z</time>
        <extensions>
          <ns3:TrackPointExtension>
            <ns3:hr>159</ns3:hr>
            <ns3:cad>90</ns3:cad>
          </ns3:TrackPointExtension>
        </extensions>
      </trkpt>
      <trkpt lat="40.40424113161861896514892578125" lon="116.6846807487308979034423828125">
        <ele>83.40000152587890625</ele>
        <time>2026-10-08T15:32:50.000Z</time>
        <extensions>
          <ns3:TrackPointExtension>
            <ns3:hr>160</ns3:hr>
            <ns3:cad>90</ns3:cad>
          </ns3:TrackPointExtension>
        </extensions>
      </trkpt>
      <trkpt lat="40.40420324541628360748291015625" lon="116.6846861131489276885986328125">
        <ele>83.40000152587890625</ele>
        <time>2026-10-08T15:32:51.000Z</time>
        <extensions>
          <ns3:TrackPointExtension>
            <ns3:hr>162</ns3:hr>
            <ns3:cad>90</ns3:cad>
          </ns3:TrackPointExtension>
        </extensions>
      </trkpt>
      <trkpt lat="40.40417575277388095855712890625" lon="116.6846961714327335357666015625">
        <ele>83.40000152587890625</ele>
        <time>2026-10-08T15:32:52.000Z</time>
        <extensions>
          <ns3:TrackPointExtension>
            <ns3:hr>160</ns3:hr>
            <ns3:cad>89</ns3:cad>
          </ns3:TrackPointExtension>
        </extensions>
      </trkpt>
      <trkpt lat="40.40414054878056049346923828125" lon="116.6846961714327335357666015625">
        <ele>83.59999847412109375</ele>
        <time>2026-10-08T15:32:53.000Z</time>
        <extensions>
          <ns3:TrackPointExtension>
            <ns3:hr>161</ns3:hr>
            <ns3:cad>89</ns3:cad>
          </ns3:TrackPointExtension>
        </extensions>
      </trkpt>
      <trkpt lat="40.40411322377622127532958984375" lon="116.68470514006912708282470703125">
        <ele>83.40000152587890625</ele>
        <time>2026-10-08T15:32:54.000Z</time>
        <extensions>
          <ns3:TrackPointExtension>
            <ns3:hr>163</ns3:hr>
            <ns3:cad>89</ns3:cad>
          </ns3:TrackPointExtension>
        </extensions>
      </trkpt>
      <trkpt lat="40.40407651104032993316650390625" lon="116.684704385697841644287109375">
        <ele>83.40000152587890625</ele>
        <time>2026-10-08T15:32:55.000Z</time>
        <extensions>
          <ns3:TrackPointExtension>
            <ns3:hr>160</ns3:hr>
            <ns3:cad>89</ns3:cad>
          </ns3:TrackPointExtension>
        </extensions>
      </trkpt>
      <trkpt lat="40.40405035950243473052978515625" lon="116.684713773429393768310546875">
        <ele>83.59999847412109375</ele>
        <time>2026-10-08T15:32:56.000Z</time>
        <extensions>
          <ns3:TrackPointExtension>
            <ns3:hr>160</ns3:hr>
            <ns3:cad>90</ns3:cad>
          </ns3:TrackPointExtension>
        </extensions>
      </trkpt>
      <trkpt lat="40.40401616133749485015869140625" lon="116.684714443981647491455078125">
        <ele>83.59999847412109375</ele>
        <time>2026-10-08T15:32:57.000Z</time>
        <extensions>
          <ns3:TrackPointExtension>
            <ns3:hr>162</ns3:hr>
            <ns3:cad>90</ns3:cad>
          </ns3:TrackPointExtension>
        </extensions>
      </trkpt>
      <trkpt lat="40.4039934463798999786376953125" lon="116.68472140096127986907958984375">
        <ele>83.59999847412109375</ele>
        <time>2026-10-08T15:32:58.000Z</time>
        <extensions>
          <ns3:TrackPointExtension>
            <ns3:hr>162</ns3:hr>
            <ns3:cad>90</ns3:cad>
          </ns3:TrackPointExtension>
        </extensions>
      </trkpt>
      <trkpt lat="40.40395564399659633636474609375" lon="116.68471586890518665313720703125">
        <ele>83.40000152587890625</ele>
        <time>2026-10-08T15:32:59.000Z</time>
        <extensions>
          <ns3:TrackPointExtension>
            <ns3:hr>161</ns3:hr>
            <ns3:cad>90</ns3:cad>
          </ns3:TrackPointExtension>
        </extensions>
      </trkpt>
      <trkpt lat="40.403929911553859710693359375" lon="116.68472005985677242279052734375">
        <ele>83.40000152587890625</ele>
        <time>2026-10-08T15:33:00.000Z</time>
        <extensions>
          <ns3:TrackPointExtension>
            <ns3:hr>162</ns3:hr>
            <ns3:cad>90</ns3:cad>
          </ns3:TrackPointExtension>
        </extensions>
      </trkpt>
      <trkpt lat="40.403892695903778076171875" lon="116.68471151031553745269775390625">
        <ele>83.40000152587890625</ele>
        <time>2026-10-08T15:33:01.000Z</time>
        <extensions>
          <ns3:TrackPointExtension>
            <ns3:hr>163</ns3:hr>
            <ns3:cad>90</ns3:cad>
          </ns3:TrackPointExtension>
        </extensions>
      </trkpt>
      <trkpt lat="40.4038672149181365966796875" lon="116.68471368961036205291748046875">
        <ele>83.40000152587890625</ele>
        <time>2026-10-08T15:33:02.000Z</time>
        <extensions>
          <ns3:TrackPointExtension>
            <ns3:hr>161</ns3:hr>
            <ns3:cad>90</ns3:cad>
          </ns3:TrackPointExtension>
        </extensions>
      </trkpt>
      <trkpt lat="40.403829328715801239013671875" lon="116.6847105883061885833740234375">
        <ele>83.40000152587890625</ele>
        <time>2026-10-08T15:33:03.000Z</time>
        <extensions>
          <ns3:TrackPointExtension>
            <ns3:hr>161</ns3:hr>
            <ns3:cad>89</ns3:cad>
          </ns3:TrackPointExtension>
        </extensions>
      </trkpt>
      <trkpt lat="40.40380711667239665985107421875" lon="116.684710420668125152587890625">
        <ele>83.40000152587890625</ele>
        <time>2026-10-08T15:33:04.000Z</time>
        <extensions>
          <ns3:TrackPointExtension>
            <ns3:hr>164</ns3:hr>
            <ns3:cad>89</ns3:cad>
          </ns3:TrackPointExtension>
        </extensions>
      </trkpt>
      <trkpt lat="40.40376822464168071746826171875" lon="116.6847074031829833984375">
        <ele>83.40000152587890625</ele>
        <time>2026-10-08T15:33:05.000Z</time>
        <extensions>
          <ns3:TrackPointExtension>
            <ns3:hr>163</ns3:hr>
            <ns3:cad>89</ns3:cad>
          </ns3:TrackPointExtension>
        </extensions>
      </trkpt>
      <trkpt lat="40.40374324657022953033447265625" lon="116.6847136057913303375244140625">
        <ele>83.40000152587890625</ele>
        <time>2026-10-08T15:33:06.000Z</time>
        <extensions>
          <ns3:TrackPointExtension>
            <ns3:hr>161</ns3:hr>
            <ns3:cad>89</ns3:cad>
          </ns3:TrackPointExtension>
        </extensions>
      </trkpt>
      <trkpt lat="40.40370284579694271087646484375" lon="116.68471050448715686798095703125">
        <ele>83.40000152587890625</ele>
        <time>2026-10-08T15:33:07.000Z</time>
        <extensions>
          <ns3:TrackPointExtension>
            <ns3:hr>162</ns3:hr>
            <ns3:cad>89</ns3:cad>
          </ns3:TrackPointExtension>
        </extensions>
      </trkpt>
      <trkpt lat="40.40367652662098407745361328125" lon="116.6847105883061885833740234375">
        <ele>83.40000152587890625</ele>
        <time>2026-10-08T15:33:08.000Z</time>
        <extensions>
          <ns3:TrackPointExtension>
            <ns3:hr>162</ns3:hr>
            <ns3:cad>89</ns3:cad>
          </ns3:TrackPointExtension>
        </extensions>
      </trkpt>
      <trkpt lat="40.40364115498960018157958984375" lon="116.6847074031829833984375">
        <ele>83.40000152587890625</ele>
        <time>2026-10-08T15:33:09.000Z</time>
        <extensions>
          <ns3:TrackPointExtension>
            <ns3:hr>160</ns3:hr>
            <ns3:cad>90</ns3:cad>
          </ns3:TrackPointExtension>
        </extensions>
      </trkpt>
      <trkpt lat="40.4036132432520389556884765625" lon="116.6847075708210468292236328125">
        <ele>83.40000152587890625</ele>
        <time>2026-10-08T15:33:10.000Z</time>
        <extensions>
          <ns3:TrackPointExtension>
            <ns3:hr>160</ns3:hr>
            <ns3:cad>90</ns3:cad>
          </ns3:TrackPointExtension>
        </extensions>
      </trkpt>
      <trkpt lat="40.40357912890613079071044921875" lon="116.68470136821269989013671875">
        <ele>83.40000152587890625</ele>
        <time>2026-10-08T15:33:11.000Z</time>
        <extensions>
          <ns3:TrackPointExtension>
            <ns3:hr>162</ns3:hr>
            <ns3:cad>89</ns3:cad>
          </ns3:TrackPointExtension>
        </extensions>
      </trkpt>
      <trkpt lat="40.403552390635013580322265625" lon="116.68470270931720733642578125">
        <ele>83.40000152587890625</ele>
        <time>2026-10-08T15:33:12.000Z</time>
        <extensions>
          <ns3:TrackPointExtension>
            <ns3:hr>159</ns3:hr>
            <ns3:cad>88</ns3:cad>
          </ns3:TrackPointExtension>
        </extensions>
      </trkpt>
      <trkpt lat="40.40351844392716884613037109375" lon="116.68470044620335102081298828125">
        <ele>83.40000152587890625</ele>
        <time>2026-10-08T15:33:13.000Z</time>
        <extensions>
          <ns3:TrackPointExtension>
            <ns3:hr>159</ns3:hr>
            <ns3:cad>88</ns3:cad>
          </ns3:TrackPointExtension>
        </extensions>
      </trkpt>
      <trkpt lat="40.40349313057959079742431640625" lon="116.68470145203173160552978515625">
        <ele>83.40000152587890625</ele>
        <time>2026-10-08T15:33:14.000Z</time>
        <extensions>
          <ns3:TrackPointExtension>
            <ns3:hr>162</ns3:hr>
            <ns3:cad>89</ns3:cad>
          </ns3:TrackPointExtension>
        </extensions>
      </trkpt>
      <trkpt lat="40.40346127934753894805908203125" lon="116.68469910509884357452392578125">
        <ele>83.40000152587890625</ele>
        <time>2026-10-08T15:33:15.000Z</time>
        <extensions>
          <ns3:TrackPointExtension>
            <ns3:hr>162</ns3:hr>
            <ns3:cad>89</ns3:cad>
          </ns3:TrackPointExtension>
        </extensions>
      </trkpt>
      <trkpt lat="40.40343244560062885284423828125" lon="116.68470002710819244384765625">
        <ele>83.40000152587890625</ele>
        <time>2026-10-08T15:33:16.000Z</time>
        <extensions>
          <ns3:TrackPointExtension>
            <ns3:hr>159</ns3:hr>
            <ns3:cad>89</ns3:cad>
          </ns3:TrackPointExtension>
        </extensions>
      </trkpt>
      <trkpt lat="40.40340445004403591156005859375" lon="116.68470446951687335968017578125">
        <ele>83.40000152587890625</ele>
        <time>2026-10-08T15:33:17.000Z</time>
        <extensions>
          <ns3:TrackPointExtension>
            <ns3:hr>160</ns3:hr>
            <ns3:cad>89</ns3:cad>
          </ns3:TrackPointExtension>
        </extensions>
      </trkpt>
      <trkpt lat="40.40337343700230121612548828125" lon="116.684701703488826751708984375">
        <ele>83.40000152587890625</ele>
        <time>2026-10-08T15:33:18.000Z</time>
        <extensions>
          <ns3:TrackPointExtension>
            <ns3:hr>161</ns3:hr>
            <ns3:cad>88</ns3:cad>
          </ns3:TrackPointExtension>
        </extensions>
      </trkpt>
      <trkpt lat="40.4033466987311840057373046875" lon="116.684710085391998291015625">
        <ele>83.40000152587890625</ele>
        <time>2026-10-08T15:33:19.000Z</time>
        <extensions>
          <ns3:TrackPointExtension>
            <ns3:hr>160</ns3:hr>
            <ns3:cad>87</ns3:cad>
          </ns3:TrackPointExtension>
        </extensions>
      </trkpt>
      <trkpt lat="40.40331509895622730255126953125" lon="116.684704385697841644287109375">
        <ele>83.1999969482421875</ele>
        <time>2026-10-08T15:33:20.000Z</time>
        <extensions>
          <ns3:TrackPointExtension>
            <ns3:hr>159</ns3:hr>
            <ns3:cad>87</ns3:cad>
          </ns3:TrackPointExtension>
        </extensions>
      </trkpt>
      <trkpt lat="40.4032863490283489227294921875" lon="116.684706397354602813720703125">
        <ele>83.1999969482421875</ele>
        <time>2026-10-08T15:33:21.000Z</time>
        <extensions>
          <ns3:TrackPointExtension>
            <ns3:hr>161</ns3:hr>
            <ns3:cad>87</ns3:cad>
          </ns3:TrackPointExtension>
        </extensions>
      </trkpt>
      <trkpt lat="40.40325424633920192718505859375" lon="116.68469457887113094329833984375">
        <ele>83.1999969482421875</ele>
        <time>2026-10-08T15:33:22.000Z</time>
        <extensions>
          <ns3:TrackPointExtension>
            <ns3:hr>161</ns3:hr>
            <ns3:cad>88</ns3:cad>
          </ns3:TrackPointExtension>
        </extensions>
      </trkpt>
      <trkpt lat="40.403223820030689239501953125" lon="116.68469457887113094329833984375">
        <ele>83.1999969482421875</ele>
        <time>2026-10-08T15:33:23.000Z</time>
        <extensions>
          <ns3:TrackPointExtension>
            <ns3:hr>159</ns3:hr>
            <ns3:cad>89</ns3:cad>
          </ns3:TrackPointExtension>
        </extensions>
      </trkpt>
      <trkpt lat="40.4031911306083202362060546875" lon="116.68467697687447071075439453125">
        <ele>83.1999969482421875</ele>
        <time>2026-10-08T15:33:24.000Z</time>
        <extensions>
          <ns3:TrackPointExtension>
            <ns3:hr>161</ns3:hr>
            <ns3:cad>89</ns3:cad>
          </ns3:TrackPointExtension>
        </extensions>
      </trkpt>
      <trkpt lat="40.40316187776625156402587890625" lon="116.68467094190418720245361328125">
        <ele>83.1999969482421875</ele>
        <time>2026-10-08T15:33:25.000Z</time>
        <extensions>
          <ns3:TrackPointExtension>
            <ns3:hr>163</ns3:hr>
            <ns3:cad>89</ns3:cad>
          </ns3:TrackPointExtension>
        </extensions>
      </trkpt>
      <trkpt lat="40.40313027799129486083984375" lon="116.68464311398565769195556640625">
        <ele>83.1999969482421875</ele>
        <time>2026-10-08T15:33:26.000Z</time>
        <extensions>
          <ns3:TrackPointExtension>
            <ns3:hr>161</ns3:hr>
            <ns3:cad>89</ns3:cad>
          </ns3:TrackPointExtension>
        </extensions>
      </trkpt>
      <trkpt lat="40.4031012766063213348388671875" lon="116.6846287809312343597412109375">
        <ele>83.1999969482421875</ele>
        <time>2026-10-08T15:33:27.000Z</time>
        <extensions>
          <ns3:TrackPointExtension>
            <ns3:hr>160</ns3:hr>
            <ns3:cad>89</ns3:cad>
          </ns3:TrackPointExtension>
        </extensions>
      </trkpt>
      <trkpt lat="40.4030700959265232086181640625" lon="116.684597432613372802734375">
        <ele>83.1999969482421875</ele>
        <time>2026-10-08T15:33:28.000Z</time>
        <extensions>
          <ns3:TrackPointExtension>
            <ns3:hr>163</ns3:hr>
            <ns3:cad>89</ns3:cad>
          </ns3:TrackPointExtension>
        </extensions>
      </trkpt>
      <trkpt lat="40.40304201655089855194091796875" lon="116.6845811717212200164794921875">
        <ele>83.1999969482421875</ele>
        <time>2026-10-08T15:33:29.000Z</time>
        <extensions>
          <ns3:TrackPointExtension>
            <ns3:hr>162</ns3:hr>
            <ns3:cad>89</ns3:cad>
          </ns3:TrackPointExtension>
        </extensions>
      </trkpt>
      <trkpt lat="40.40301502682268619537353515625" lon="116.68454940430819988250732421875">
        <ele>83</ele>
        <time>2026-10-08T15:33:30.000Z</time>
        <extensions>
          <ns3:TrackPointExtension>
            <ns3:hr>160</ns3:hr>
            <ns3:cad>89</ns3:cad>
          </ns3:TrackPointExtension>
        </extensions>
      </trkpt>
      <trkpt lat="40.4029929824173450469970703125" lon="116.68453104794025421142578125">
        <ele>83</ele>
        <time>2026-10-08T15:33:31.000Z</time>
        <extensions>
          <ns3:TrackPointExtension>
            <ns3:hr>161</ns3:hr>
            <ns3:cad>89</ns3:cad>
          </ns3:TrackPointExtension>
        </extensions>
      </trkpt>
      <trkpt lat="40.402971692383289337158203125" lon="116.68448955751955509185791015625">
        <ele>83</ele>
        <time>2026-10-08T15:33:32.000Z</time>
        <extensions>
          <ns3:TrackPointExtension>
            <ns3:hr>163</ns3:hr>
            <ns3:cad>89</ns3:cad>
          </ns3:TrackPointExtension>
        </extensions>
      </trkpt>
      <trkpt lat="40.40295233018696308135986328125" lon="116.68446759693324565887451171875">
        <ele>83</ele>
        <time>2026-10-08T15:33:33.000Z</time>
        <extensions>
          <ns3:TrackPointExtension>
            <ns3:hr>162</ns3:hr>
            <ns3:cad>89</ns3:cad>
          </ns3:TrackPointExtension>
        </extensions>
      </trkpt>
      <trkpt lat="40.4029373265802860260009765625" lon="116.68442183174192905426025390625">
        <ele>83.1999969482421875</ele>
        <time>2026-10-08T15:33:34.000Z</time>
        <extensions>
          <ns3:TrackPointExtension>
            <ns3:hr>161</ns3:hr>
            <ns3:cad>89</ns3:cad>
          </ns3:TrackPointExtension>
        </extensions>
      </trkpt>
      <trkpt lat="40.40292466990649700164794921875" lon="116.68438729830086231231689453125">
        <ele>83.1999969482421875</ele>
        <time>2026-10-08T15:33:35.000Z</time>
        <extensions>
          <ns3:TrackPointExtension>
            <ns3:hr>161</ns3:hr>
            <ns3:cad>87</ns3:cad>
          </ns3:TrackPointExtension>
        </extensions>
      </trkpt>
      <trkpt lat="40.4029138572514057159423828125" lon="116.68434404768049716949462890625">
        <ele>83.1999969482421875</ele>
        <time>2026-10-08T15:33:36.000Z</time>
        <extensions>
          <ns3:TrackPointExtension>
            <ns3:hr>164</ns3:hr>
            <ns3:cad>87</ns3:cad>
          </ns3:TrackPointExtension>
        </extensions>
      </trkpt>
      <trkpt lat="40.40290505625307559967041015625" lon="116.6843079216778278350830078125">
        <ele>83.1999969482421875</ele>
        <time>2026-10-08T15:33:37.000Z</time>
        <extensions>
          <ns3:TrackPointExtension>
            <ns3:hr>163</ns3:hr>
            <ns3:cad>87</ns3:cad>
          </ns3:TrackPointExtension>
        </extensions>
      </trkpt>
      <trkpt lat="40.40289985947310924530029296875" lon="116.684273891150951385498046875">
        <ele>83.1999969482421875</ele>
        <time>2026-10-08T15:33:38.000Z</time>
        <extensions>
          <ns3:TrackPointExtension>
            <ns3:hr>161</ns3:hr>
            <ns3:cad>88</ns3:cad>
          </ns3:TrackPointExtension>
        </extensions>
      </trkpt>
      <trkpt lat="40.40289826691150665283203125" lon="116.68423223309218883514404296875">
        <ele>83.1999969482421875</ele>
        <time>2026-10-08T15:33:39.000Z</time>
        <extensions>
          <ns3:TrackPointExtension>
            <ns3:hr>162</ns3:hr>
            <ns3:cad>89</ns3:cad>
          </ns3:TrackPointExtension>
        </extensions>
      </trkpt>
      <trkpt lat="40.40289633907377719879150390625" lon="116.684196777641773223876953125">
        <ele>83</ele>
        <time>2026-10-08T15:33:40.000Z</time>
        <extensions>
          <ns3:TrackPointExtension>
            <ns3:hr>163</ns3:hr>
            <ns3:cad>89</ns3:cad>
          </ns3:TrackPointExtension>
        </extensions>
      </trkpt>
      <trkpt lat="40.40289902128279209136962890625" lon="116.68415813706815242767333984375">
        <ele>83</ele>
        <time>2026-10-08T15:33:41.000Z</time>
        <extensions>
          <ns3:TrackPointExtension>
            <ns3:hr>162</ns3:hr>
            <ns3:cad>89</ns3:cad>
          </ns3:TrackPointExtension>
        </extensions>
      </trkpt>
      <trkpt lat="40.40289985947310924530029296875" lon="116.6841186583042144775390625">
        <ele>83</ele>
        <time>2026-10-08T15:33:42.000Z</time>
        <extensions>
          <ns3:TrackPointExtension>
            <ns3:hr>159</ns3:hr>
            <ns3:cad>89</ns3:cad>
          </ns3:TrackPointExtension>
        </extensions>
      </trkpt>
      <trkpt lat="40.4029064811766147613525390625" lon="116.684077419340610504150390625">
        <ele>83</ele>
        <time>2026-10-08T15:33:43.000Z</time>
        <extensions>
          <ns3:TrackPointExtension>
            <ns3:hr>161</ns3:hr>
            <ns3:cad>89</ns3:cad>
          </ns3:TrackPointExtension>
        </extensions>
      </trkpt>
      <trkpt lat="40.402907319366931915283203125" lon="116.68403894640505313873291015625">
        <ele>83</ele>
        <time>2026-10-08T15:33:44.000Z</time>
        <extensions>
          <ns3:TrackPointExtension>
            <ns3:hr>162</ns3:hr>
            <ns3:cad>87</ns3:cad>
          </ns3:TrackPointExtension>
        </extensions>
      </trkpt>
      <trkpt lat="40.40291679091751575469970703125" lon="116.683990918099880218505859375">
        <ele>83</ele>
        <time>2026-10-08T15:33:45.000Z</time>
        <extensions>
          <ns3:TrackPointExtension>
            <ns3:hr>160</ns3:hr>
            <ns3:cad>87</ns3:cad>
          </ns3:TrackPointExtension>
        </extensions>
      </trkpt>
      <trkpt lat="40.40292114950716495513916015625" lon="116.683948338031768798828125">
        <ele>83</ele>
        <time>2026-10-08T15:33:46.000Z</time>
        <extensions>
          <ns3:TrackPointExtension>
            <ns3:hr>159</ns3:hr>
            <ns3:cad>88</ns3:cad>
          </ns3:TrackPointExtension>
        </extensions>
      </trkpt>
      <trkpt lat="40.402929447591304779052734375" lon="116.68391221202909946441650390625">
        <ele>83</ele>
        <time>2026-10-08T15:33:47.000Z</time>
        <extensions>
          <ns3:TrackPointExtension>
            <ns3:hr>160</ns3:hr>
            <ns3:cad>88</ns3:cad>
          </ns3:TrackPointExtension>
        </extensions>
      </trkpt>
      <trkpt lat="40.40293975733220577239990234375" lon="116.6838770918548107147216796875">
        <ele>83</ele>
        <time>2026-10-08T15:33:48.000Z</time>
        <extensions>
          <ns3:TrackPointExtension>
            <ns3:hr>160</ns3:hr>
            <ns3:cad>88</ns3:cad>
          </ns3:TrackPointExtension>
        </extensions>
      </trkpt>
      <trkpt lat="40.4029634781181812286376953125" lon="116.68383828364312648773193359375">
        <ele>83</ele>
        <time>2026-10-08T15:33:49.000Z</time>
        <extensions>
          <ns3:TrackPointExtension>
            <ns3:hr>159</ns3:hr>
            <ns3:cad>87</ns3:cad>
          </ns3:TrackPointExtension>
        </extensions>
      </trkpt>
      <trkpt lat="40.40297278203070163726806640625" lon="116.68381364084780216217041015625">
        <ele>82.8000030517578125</ele>
        <time>2026-10-08T15:33:50.000Z</time>
        <extensions>
          <ns3:TrackPointExtension>
            <ns3:hr>159</ns3:hr>
            <ns3:cad>87</ns3:cad>
          </ns3:TrackPointExtension>
        </extensions>
      </trkpt>
      <trkpt lat="40.40299323387444019317626953125" lon="116.68378078378736972808837890625">
        <ele>82.8000030517578125</ele>
        <time>2026-10-08T15:33:51.000Z</time>
        <extensions>
          <ns3:TrackPointExtension>
            <ns3:hr>162</ns3:hr>
            <ns3:cad>87</ns3:cad>
          </ns3:TrackPointExtension>
        </extensions>
      </trkpt>
      <trkpt lat="40.40300630964338779449462890625" lon="116.68374625034630298614501953125">
        <ele>83</ele>
        <time>2026-10-08T15:33:52.000Z</time>
        <extensions>
          <ns3:TrackPointExtension>
            <ns3:hr>160</ns3:hr>
            <ns3:cad>87</ns3:cad>
          </ns3:TrackPointExtension>
        </extensions>
      </trkpt>
      <trkpt lat="40.40301494300365447998046875" lon="116.68370501138269901275634765625">
        <ele>83</ele>
        <time>2026-10-08T15:33:53.000Z</time>
        <extensions>
          <ns3:TrackPointExtension>
            <ns3:hr>159</ns3:hr>
            <ns3:cad>87</ns3:cad>
          </ns3:TrackPointExtension>
        </extensions>
      </trkpt>
      <trkpt lat="40.4030127637088298797607421875" lon="116.68366880156099796295166015625">
        <ele>83</ele>
        <time>2026-10-08T15:33:54.000Z</time>
        <extensions>
          <ns3:TrackPointExtension>
            <ns3:hr>160</ns3:hr>
            <ns3:cad>88</ns3:cad>
          </ns3:TrackPointExtension>
        </extensions>
      </trkpt>
      <trkpt lat="40.403011254966259002685546875" lon="116.68362823314964771270751953125">
        <ele>83</ele>
        <time>2026-10-08T15:33:55.000Z</time>
        <extensions>
          <ns3:TrackPointExtension>
            <ns3:hr>161</ns3:hr>
            <ns3:cad>88</ns3:cad>
          </ns3:TrackPointExtension>
        </extensions>
      </trkpt>
      <trkpt lat="40.40302676148712635040283203125" lon="116.68359763920307159423828125">
        <ele>83</ele>
        <time>2026-10-08T15:33:56.000Z</time>
        <extensions>
          <ns3:TrackPointExtension>
            <ns3:hr>160</ns3:hr>
            <ns3:cad>88</ns3:cad>
          </ns3:TrackPointExtension>
        </extensions>
      </trkpt>
      <trkpt lat="40.4030415974557399749755859375" lon="116.68357081711292266845703125">
        <ele>83</ele>
        <time>2026-10-08T15:33:57.000Z</time>
        <extensions>
          <ns3:TrackPointExtension>
            <ns3:hr>159</ns3:hr>
            <ns3:cad>88</ns3:cad>
          </ns3:TrackPointExtension>
        </extensions>
      </trkpt>
      <trkpt lat="40.4030747897922992706298828125" lon="116.68355547823011875152587890625">
        <ele>83</ele>
        <time>2026-10-08T15:33:58.000Z</time>
        <extensions>
          <ns3:TrackPointExtension>
            <ns3:hr>158</ns3:hr>
            <ns3:cad>87</ns3:cad>
          </ns3:TrackPointExtension>
        </extensions>
      </trkpt>
      <trkpt lat="40.4031012766063213348388671875" lon="116.68354709632694721221923828125">
        <ele>83.1999969482421875</ele>
        <time>2026-10-08T15:33:59.000Z</time>
        <extensions>
          <ns3:TrackPointExtension>
            <ns3:hr>159</ns3:hr>
            <ns3:cad>87</ns3:cad>
          </ns3:TrackPointExtension>
        </extensions>
      </trkpt>
      <trkpt lat="40.40313698351383209228515625" lon="116.68355078436434268951416015625">
        <ele>83.1999969482421875</ele>
        <time>2026-10-08T15:34:00.000Z</time>
        <extensions>
          <ns3:TrackPointExtension>
            <ns3:hr>159</ns3:hr>
            <ns3:cad>85</ns3:cad>
          </ns3:TrackPointExtension>
        </extensions>
      </trkpt>
      <trkpt lat="40.4031690023839473724365234375" lon="116.683545000851154327392578125">
        <ele>83.40000152587890625</ele>
        <time>2026-10-08T15:34:01.000Z</time>
        <extensions>
          <ns3:TrackPointExtension>
            <ns3:hr>158</ns3:hr>
            <ns3:cad>85</ns3:cad>
          </ns3:TrackPointExtension>
        </extensions>
      </trkpt>
      <trkpt lat="40.40320529602468013763427734375" lon="116.6835501976311206817626953125">
        <ele>83.40000152587890625</ele>
        <time>2026-10-08T15:34:02.000Z</time>
        <extensions>
          <ns3:TrackPointExtension>
            <ns3:hr>159</ns3:hr>
            <ns3:cad>86</ns3:cad>
          </ns3:TrackPointExtension>
        </extensions>
      </trkpt>
      <trkpt lat="40.40323563851416110992431640625" lon="116.683546006679534912109375">
        <ele>83.40000152587890625</ele>
        <time>2026-10-08T15:34:03.000Z</time>
        <extensions>
          <ns3:TrackPointExtension>
            <ns3:hr>162</ns3:hr>
            <ns3:cad>88</ns3:cad>
          </ns3:TrackPointExtension>
        </extensions>
      </trkpt>
      <trkpt lat="40.40326849557459354400634765625" lon="116.683546006679534912109375">
        <ele>83.1999969482421875</ele>
        <time>2026-10-08T15:34:04.000Z</time>
        <extensions>
          <ns3:TrackPointExtension>
            <ns3:hr>162</ns3:hr>
            <ns3:cad>88</ns3:cad>
          </ns3:TrackPointExtension>
        </extensions>
      </trkpt>
      <trkpt lat="40.40329799987375736236572265625" lon="116.68354374356567859649658203125">
        <ele>83.1999969482421875</ele>
        <time>2026-10-08T15:34:05.000Z</time>
        <extensions>
          <ns3:TrackPointExtension>
            <ns3:hr>162</ns3:hr>
            <ns3:cad>89</ns3:cad>
          </ns3:TrackPointExtension>
        </extensions>
      </trkpt>
      <trkpt lat="40.403329096734523773193359375" lon="116.68354290537536144256591796875">
        <ele>83.1999969482421875</ele>
        <time>2026-10-08T15:34:06.000Z</time>
        <extensions>
          <ns3:TrackPointExtension>
            <ns3:hr>163</ns3:hr>
            <ns3:cad>89</ns3:cad>
          </ns3:TrackPointExtension>
        </extensions>
      </trkpt>
      <trkpt lat="40.403361283242702484130859375" lon="116.6835414804518222808837890625">
        <ele>83.1999969482421875</ele>
        <time>2026-10-08T15:34:07.000Z</time>
        <extensions>
          <ns3:TrackPointExtension>
            <ns3:hr>165</ns3:hr>
            <ns3:cad>89</ns3:cad>
          </ns3:TrackPointExtension>
        </extensions>
      </trkpt>
      <trkpt lat="40.403394140303134918212890625" lon="116.68353863060474395751953125">
        <ele>83.40000152587890625</ele>
        <time>2026-10-08T15:34:08.000Z</time>
        <extensions>
          <ns3:TrackPointExtension>
            <ns3:hr>164</ns3:hr>
            <ns3:cad>88</ns3:cad>
          </ns3:TrackPointExtension>
        </extensions>
      </trkpt>
      <trkpt lat="40.4034241475164890289306640625" lon="116.6835393011569976806640625">
        <ele>83.1999969482421875</ele>
        <time>2026-10-08T15:34:09.000Z</time>
        <extensions>
          <ns3:TrackPointExtension>
            <ns3:hr>163</ns3:hr>
            <ns3:cad>88</ns3:cad>
          </ns3:TrackPointExtension>
        </extensions>
      </trkpt>
      <trkpt lat="40.40345759131014347076416015625" lon="116.683538965880870819091796875">
        <ele>83.1999969482421875</ele>
        <time>2026-10-08T15:34:10.000Z</time>
        <extensions>
          <ns3:TrackPointExtension>
            <ns3:hr>164</ns3:hr>
            <ns3:cad>87</ns3:cad>
          </ns3:TrackPointExtension>
        </extensions>
      </trkpt>
      <trkpt lat="40.40349061600863933563232421875" lon="116.6835404746234416961669921875">
        <ele>83.1999969482421875</ele>
        <time>2026-10-08T15:34:11.000Z</time>
        <extensions>
          <ns3:TrackPointExtension>
            <ns3:hr>166</ns3:hr>
            <ns3:cad>87</ns3:cad>
          </ns3:TrackPointExtension>
        </extensions>
      </trkpt>
      <trkpt lat="40.40352456271648406982421875" lon="116.68353754095733165740966796875">
        <ele>83.1999969482421875</ele>
        <time>2026-10-08T15:34:12.000Z</time>
        <extensions>
          <ns3:TrackPointExtension>
            <ns3:hr>166</ns3:hr>
            <ns3:cad>89</ns3:cad>
          </ns3:TrackPointExtension>
        </extensions>
      </trkpt>
      <trkpt lat="40.40355750359594821929931640625" lon="116.68353519402444362640380859375">
        <ele>83.1999969482421875</ele>
        <time>2026-10-08T15:34:13.000Z</time>
        <extensions>
          <ns3:TrackPointExtension>
            <ns3:hr>165</ns3:hr>
            <ns3:cad>89</ns3:cad>
          </ns3:TrackPointExtension>
        </extensions>
      </trkpt>
      <trkpt lat="40.40358952246606349945068359375" lon="116.6835294105112552642822265625">
        <ele>83.1999969482421875</ele>
        <time>2026-10-08T15:34:14.000Z</time>
        <extensions>
          <ns3:TrackPointExtension>
            <ns3:hr>164</ns3:hr>
            <ns3:cad>89</ns3:cad>
          </ns3:TrackPointExtension>
        </extensions>
      </trkpt>
      <trkpt lat="40.4036231338977813720703125" lon="116.68353217653930187225341796875">
        <ele>83.1999969482421875</ele>
        <time>2026-10-08T15:34:15.000Z</time>
        <extensions>
          <ns3:TrackPointExtension>
            <ns3:hr>165</ns3:hr>
            <ns3:cad>89</ns3:cad>
          </ns3:TrackPointExtension>
        </extensions>
      </trkpt>
      <trkpt lat="40.403656661510467529296875" lon="116.68352966196835041046142578125">
        <ele>83.1999969482421875</ele>
        <time>2026-10-08T15:34:16.000Z</time>
        <extensions>
          <ns3:TrackPointExtension>
            <ns3:hr>168</ns3:hr>
            <ns3:cad>89</ns3:cad>
          </ns3:TrackPointExtension>
        </extensions>
      </trkpt>
      <trkpt lat="40.40368641726672649383544921875" lon="116.68353728950023651123046875">
        <ele>83.1999969482421875</ele>
        <time>2026-10-08T15:34:17.000Z</time>
        <extensions>
          <ns3:TrackPointExtension>
            <ns3:hr>167</ns3:hr>
            <ns3:cad>89</ns3:cad>
          </ns3:TrackPointExtension>
        </extensions>
      </trkpt>
      <trkpt lat="40.403713993728160858154296875" lon="116.68353217653930187225341796875">
        <ele>83.1999969482421875</ele>
        <time>2026-10-08T15:34:18.000Z</time>
        <extensions>
          <ns3:TrackPointExtension>
            <ns3:hr>167</ns3:hr>
            <ns3:cad>89</ns3:cad>
          </ns3:TrackPointExtension>
        </extensions>
      </trkpt>
      <trkpt lat="40.4037480242550373077392578125" lon="116.68353117071092128753662109375">
        <ele>83.1999969482421875</ele>
        <time>2026-10-08T15:34:19.000Z</time>
        <extensions>
          <ns3:TrackPointExtension>
            <ns3:hr>165</ns3:hr>
            <ns3:cad>88</ns3:cad>
          </ns3:TrackPointExtension>
        </extensions>
      </trkpt>
      <trkpt lat="40.40377660654485225677490234375" lon="116.6835247166454792022705078125">
        <ele>83.1999969482421875</ele>
        <time>2026-10-08T15:34:20.000Z</time>
        <extensions>
          <ns3:TrackPointExtension>
            <ns3:hr>166</ns3:hr>
            <ns3:cad>88</ns3:cad>
          </ns3:TrackPointExtension>
        </extensions>
      </trkpt>
      <trkpt lat="40.403814576566219329833984375" lon="116.68352781794965267181396484375">
        <ele>83.1999969482421875</ele>
        <time>2026-10-08T15:34:21.000Z</time>
        <extensions>
          <ns3:TrackPointExtension>
            <ns3:hr>168</ns3:hr>
            <ns3:cad>89</ns3:cad>
          </ns3:TrackPointExtension>
        </extensions>
      </trkpt>
      <trkpt lat="40.4038449190557003021240234375" lon="116.68351759202778339385986328125">
        <ele>83.1999969482421875</ele>
        <time>2026-10-08T15:34:22.000Z</time>
        <extensions>
          <ns3:TrackPointExtension>
            <ns3:hr>169</ns3:hr>
            <ns3:cad>89</ns3:cad>
          </ns3:TrackPointExtension>
        </extensions>
      </trkpt>
      <trkpt lat="40.4038784466683864593505859375" lon="116.6835223697125911712646484375">
        <ele>83.1999969482421875</ele>
        <time>2026-10-08T15:34:23.000Z</time>
        <extensions>
          <ns3:TrackPointExtension>
            <ns3:hr>168</ns3:hr>
            <ns3:cad>89</ns3:cad>
          </ns3:TrackPointExtension>
        </extensions>
      </trkpt>
      <trkpt lat="40.403908789157867431640625" lon="116.68351792730391025543212890625">
        <ele>83.1999969482421875</ele>
        <time>2026-10-08T15:34:24.000Z</time>
        <extensions>
          <ns3:TrackPointExtension>
            <ns3:hr>168</ns3:hr>
            <ns3:cad>88</ns3:cad>
          </ns3:TrackPointExtension>
        </extensions>
      </trkpt>
      <trkpt lat="40.40394273586571216583251953125" lon="116.68352262116968631744384765625">
        <ele>83.1999969482421875</ele>
        <time>2026-10-08T15:34:25.000Z</time>
        <extensions>
          <ns3:TrackPointExtension>
            <ns3:hr>166</ns3:hr>
            <ns3:cad>88</ns3:cad>
          </ns3:TrackPointExtension>
        </extensions>
      </trkpt>
      <trkpt lat="40.4039743356406688690185546875" lon="116.683519519865512847900390625">
        <ele>83.1999969482421875</ele>
        <time>2026-10-08T15:34:26.000Z</time>
        <extensions>
          <ns3:TrackPointExtension>
            <ns3:hr>166</ns3:hr>
            <ns3:cad>88</ns3:cad>
          </ns3:TrackPointExtension>
        </extensions>
      </trkpt>
      <trkpt lat="40.40400543250143527984619140625" lon="116.6835227049887180328369140625">
        <ele>83.1999969482421875</ele>
        <time>2026-10-08T15:34:27.000Z</time>
        <extensions>
          <ns3:TrackPointExtension>
            <ns3:hr>167</ns3:hr>
            <ns3:cad>87</ns3:cad>
          </ns3:TrackPointExtension>
        </extensions>
      </trkpt>
      <trkpt lat="40.40403879247605800628662109375" lon="116.6835250519216060638427734375">
        <ele>83.1999969482421875</ele>
        <time>2026-10-08T15:34:28.000Z</time>
        <extensions>
          <ns3:TrackPointExtension>
            <ns3:hr>168</ns3:hr>
            <ns3:cad>87</ns3:cad>
          </ns3:TrackPointExtension>
        </extensions>
      </trkpt>
      <trkpt lat="40.404068045318126678466796875" lon="116.68352790176868438720703125">
        <ele>83.1999969482421875</ele>
        <time>2026-10-08T15:34:29.000Z</time>
        <extensions>
          <ns3:TrackPointExtension>
            <ns3:hr>168</ns3:hr>
            <ns3:cad>87</ns3:cad>
          </ns3:TrackPointExtension>
        </extensions>
      </trkpt>
      <trkpt lat="40.404098890721797943115234375" lon="116.68353200890123844146728515625">
        <ele>83.1999969482421875</ele>
        <time>2026-10-08T15:34:30.000Z</time>
        <extensions>
          <ns3:TrackPointExtension>
            <ns3:hr>167</ns3:hr>
            <ns3:cad>88</ns3:cad>
          </ns3:TrackPointExtension>
        </extensions>
      </trkpt>
      <trkpt lat="40.4041312448680400848388671875" lon="116.68353670276701450347900390625">
        <ele>83.1999969482421875</ele>
        <time>2026-10-08T15:34:31.000Z</time>
        <extensions>
          <ns3:TrackPointExtension>
            <ns3:hr>166</ns3:hr>
            <ns3:cad>88</ns3:cad>
          </ns3:TrackPointExtension>
        </extensions>
      </trkpt>
      <trkpt lat="40.40416158735752105712890625" lon="116.68355070054531097412109375">
        <ele>83</ele>
        <time>2026-10-08T15:34:32.000Z</time>
        <extensions>
          <ns3:TrackPointExtension>
            <ns3:hr>165</ns3:hr>
            <ns3:cad>88</ns3:cad>
          </ns3:TrackPointExtension>
        </extensions>
      </trkpt>
      <trkpt lat="40.404195450246334075927734375" lon="116.68356142938137054443359375">
        <ele>83</ele>
        <time>2026-10-08T15:34:33.000Z</time>
        <extensions>
          <ns3:TrackPointExtension>
            <ns3:hr>166</ns3:hr>
            <ns3:cad>88</ns3:cad>
          </ns3:TrackPointExtension>
        </extensions>
      </trkpt>
      <trkpt lat="40.40422520600259304046630859375" lon="116.683580540120601654052734375">
        <ele>83.1999969482421875</ele>
        <time>2026-10-08T15:34:34.000Z</time>
        <extensions>
          <ns3:TrackPointExtension>
            <ns3:hr>167</ns3:hr>
            <ns3:cad>88</ns3:cad>
          </ns3:TrackPointExtension>
        </extensions>
      </trkpt>
      <trkpt lat="40.404258482158184051513671875" lon="116.68359822593629360198974609375">
        <ele>83.1999969482421875</ele>
        <time>2026-10-08T15:34:35.000Z</time>
        <extensions>
          <ns3:TrackPointExtension>
            <ns3:hr>167</ns3:hr>
            <ns3:cad>88</ns3:cad>
          </ns3:TrackPointExtension>
        </extensions>
      </trkpt>
      <trkpt lat="40.404286645352840423583984375" lon="116.68362270109355449676513671875">
        <ele>83.1999969482421875</ele>
        <time>2026-10-08T15:34:36.000Z</time>
        <extensions>
          <ns3:TrackPointExtension>
            <ns3:hr>165</ns3:hr>
            <ns3:cad>88</ns3:cad>
          </ns3:TrackPointExtension>
        </extensions>
      </trkpt>
      <trkpt lat="40.404316484928131103515625" lon="116.6836497746407985687255859375">
        <ele>83.1999969482421875</ele>
        <time>2026-10-08T15:34:37.000Z</time>
        <extensions>
          <ns3:TrackPointExtension>
            <ns3:hr>166</ns3:hr>
            <ns3:cad>89</ns3:cad>
          </ns3:TrackPointExtension>
        </extensions>
      </trkpt>
      <trkpt lat="40.40434272028505802154541015625" lon="116.6836843080818653106689453125">
        <ele>83.1999969482421875</ele>
        <time>2026-10-08T15:34:38.000Z</time>
        <extensions>
          <ns3:TrackPointExtension>
            <ns3:hr>167</ns3:hr>
            <ns3:cad>89</ns3:cad>
          </ns3:TrackPointExtension>
        </extensions>
      </trkpt>
      <trkpt lat="40.40437172167003154754638671875" lon="116.683711297810077667236328125">
        <ele>83.1999969482421875</ele>
        <time>2026-10-08T15:34:39.000Z</time>
        <extensions>
          <ns3:TrackPointExtension>
            <ns3:hr>168</ns3:hr>
            <ns3:cad>89</ns3:cad>
          </ns3:TrackPointExtension>
        </extensions>
      </trkpt>
      <trkpt lat="40.40439485572278499603271484375" lon="116.68374742381274700164794921875">
        <ele>83.1999969482421875</ele>
        <time>2026-10-08T15:34:40.000Z</time>
        <extensions>
          <ns3:TrackPointExtension>
            <ns3:hr>166</ns3:hr>
            <ns3:cad>89</ns3:cad>
          </ns3:TrackPointExtension>
        </extensions>
      </trkpt>
      <trkpt lat="40.40441983379423618316650390625" lon="116.68377592228353023529052734375">
        <ele>83.1999969482421875</ele>
        <time>2026-10-08T15:34:41.000Z</time>
        <extensions>
          <ns3:TrackPointExtension>
            <ns3:hr>165</ns3:hr>
            <ns3:cad>89</ns3:cad>
          </ns3:TrackPointExtension>
        </extensions>
      </trkpt>
      <trkpt lat="40.40443927980959415435791015625" lon="116.68381280265748500823974609375">
        <ele>83.1999969482421875</ele>
        <time>2026-10-08T15:34:42.000Z</time>
        <extensions>
          <ns3:TrackPointExtension>
            <ns3:hr>166</ns3:hr>
            <ns3:cad>89</ns3:cad>
          </ns3:TrackPointExtension>
        </extensions>
      </trkpt>
      <trkpt lat="40.40445755235850811004638671875" lon="116.68384029529988765716552734375">
        <ele>83.1999969482421875</ele>
        <time>2026-10-08T15:34:43.000Z</time>
        <extensions>
          <ns3:TrackPointExtension>
            <ns3:hr>168</ns3:hr>
            <ns3:cad>89</ns3:cad>
          </ns3:TrackPointExtension>
        </extensions>
      </trkpt>
      <trkpt lat="40.40447138249874114990234375" lon="116.68388103134930133819580078125">
        <ele>83.1999969482421875</ele>
        <time>2026-10-08T15:34:44.000Z</time>
        <extensions>
          <ns3:TrackPointExtension>
            <ns3:hr>168</ns3:hr>
            <ns3:cad>89</ns3:cad>
          </ns3:TrackPointExtension>
        </extensions>
      </trkpt>
      <trkpt lat="40.40448504500091075897216796875" lon="116.68391355313360691070556640625">
        <ele>83.1999969482421875</ele>
        <time>2026-10-08T15:34:45.000Z</time>
        <extensions>
          <ns3:TrackPointExtension>
            <ns3:hr>167</ns3:hr>
            <ns3:cad>88</ns3:cad>
          </ns3:TrackPointExtension>
        </extensions>
      </trkpt>
      <trkpt lat="40.40449225343763828277587890625" lon="116.68395571410655975341796875">
        <ele>83.1999969482421875</ele>
        <time>2026-10-08T15:34:46.000Z</time>
        <extensions>
          <ns3:TrackPointExtension>
            <ns3:hr>165</ns3:hr>
            <ns3:cad>88</ns3:cad>
          </ns3:TrackPointExtension>
        </extensions>
      </trkpt>
      <trkpt lat="40.40450566448271274566650390625" lon="116.683990247547626495361328125">
        <ele>83.1999969482421875</ele>
        <time>2026-10-08T15:34:47.000Z</time>
        <extensions>
          <ns3:TrackPointExtension>
            <ns3:hr>167</ns3:hr>
            <ns3:cad>89</ns3:cad>
          </ns3:TrackPointExtension>
        </extensions>
      </trkpt>
      <trkpt lat="40.40450801141560077667236328125" lon="116.68403349816799163818359375">
        <ele>83.1999969482421875</ele>
        <time>2026-10-08T15:34:48.000Z</time>
        <extensions>
          <ns3:TrackPointExtension>
            <ns3:hr>168</ns3:hr>
            <ns3:cad>89</ns3:cad>
          </ns3:TrackPointExtension>
        </extensions>
      </trkpt>
      <trkpt lat="40.40451471693813800811767578125" lon="116.68406962417066097259521484375">
        <ele>83.1999969482421875</ele>
        <time>2026-10-08T15:34:49.000Z</time>
        <extensions>
          <ns3:TrackPointExtension>
            <ns3:hr>169</ns3:hr>
            <ns3:cad>90</ns3:cad>
          </ns3:TrackPointExtension>
        </extensions>
      </trkpt>
      <trkpt lat="40.404514968395233154296875" lon="116.684117652475833892822265625">
        <ele>83.1999969482421875</ele>
        <time>2026-10-08T15:34:50.000Z</time>
        <extensions>
          <ns3:TrackPointExtension>
            <ns3:hr>167</ns3:hr>
            <ns3:cad>90</ns3:cad>
          </ns3:TrackPointExtension>
        </extensions>
      </trkpt>
      <trkpt lat="40.4045171476900577545166015625" lon="116.68415428139269351959228515625">
        <ele>83.1999969482421875</ele>
        <time>2026-10-08T15:34:51.000Z</time>
        <extensions>
          <ns3:TrackPointExtension>
            <ns3:hr>165</ns3:hr>
            <ns3:cad>90</ns3:cad>
          </ns3:TrackPointExtension>
        </extensions>
      </trkpt>
      <trkpt lat="40.40451421402394771575927734375" lon="116.68420054949820041656494140625">
        <ele>83.40000152587890625</ele>
        <time>2026-10-08T15:34:52.000Z</time>
        <extensions>
          <ns3:TrackPointExtension>
            <ns3:hr>166</ns3:hr>
            <ns3:cad>90</ns3:cad>
          </ns3:TrackPointExtension>
        </extensions>
      </trkpt>
      <trkpt lat="40.40451237000524997711181640625" lon="116.68424111790955066680908203125">
        <ele>83.40000152587890625</ele>
        <time>2026-10-08T15:34:53.000Z</time>
        <extensions>
          <ns3:TrackPointExtension>
            <ns3:hr>169</ns3:hr>
            <ns3:cad>89</ns3:cad>
          </ns3:TrackPointExtension>
        </extensions>
      </trkpt>
      <trkpt lat="40.40450499393045902252197265625" lon="116.684287302196025848388671875">
        <ele>83.40000152587890625</ele>
        <time>2026-10-08T15:34:54.000Z</time>
        <extensions>
          <ns3:TrackPointExtension>
            <ns3:hr>168</ns3:hr>
            <ns3:cad>89</ns3:cad>
          </ns3:TrackPointExtension>
        </extensions>
      </trkpt>
      <trkpt lat="40.40449912659823894500732421875" lon="116.68432208709418773651123046875">
        <ele>83.40000152587890625</ele>
        <time>2026-10-08T15:34:55.000Z</time>
        <extensions>
          <ns3:TrackPointExtension>
            <ns3:hr>167</ns3:hr>
            <ns3:cad>89</ns3:cad>
          </ns3:TrackPointExtension>
        </extensions>
      </trkpt>
      <trkpt lat="40.404484458267688751220703125" lon="116.684363074600696563720703125">
        <ele>83.40000152587890625</ele>
        <time>2026-10-08T15:34:56.000Z</time>
        <extensions>
          <ns3:TrackPointExtension>
            <ns3:hr>166</ns3:hr>
            <ns3:cad>90</ns3:cad>
          </ns3:TrackPointExtension>
        </extensions>
      </trkpt>
      <trkpt lat="40.4044760763645172119140625" lon="116.68439819477498531341552734375">
        <ele>83.40000152587890625</ele>
        <time>2026-10-08T15:34:57.000Z</time>
        <extensions>
          <ns3:TrackPointExtension>
            <ns3:hr>167</ns3:hr>
            <ns3:cad>90</ns3:cad>
          </ns3:TrackPointExtension>
        </extensions>
      </trkpt>
      <trkpt lat="40.40445637889206409454345703125" lon="116.68443675152957439422607421875">
        <ele>83.40000152587890625</ele>
        <time>2026-10-08T15:34:58.000Z</time>
        <extensions>
          <ns3:TrackPointExtension>
            <ns3:hr>168</ns3:hr>
            <ns3:cad>90</ns3:cad>
          </ns3:TrackPointExtension>
        </extensions>
      </trkpt>
      <trkpt lat="40.4044450633227825164794921875" lon="116.68446776457130908966064453125">
        <ele>83.40000152587890625</ele>
        <time>2026-10-08T15:34:59.000Z</time>
        <extensions>
          <ns3:TrackPointExtension>
            <ns3:hr>169</ns3:hr>
            <ns3:cad>90</ns3:cad>
          </ns3:TrackPointExtension>
        </extensions>
      </trkpt>
      <trkpt lat="40.40442218072712421417236328125" lon="116.684501208364963531494140625">
        <ele>83.40000152587890625</ele>
        <time>2026-10-08T15:35:00.000Z</time>
        <extensions>
          <ns3:TrackPointExtension>
            <ns3:hr>168</ns3:hr>
            <ns3:cad>89</ns3:cad>
          </ns3:TrackPointExtension>
        </extensions>
      </trkpt>
      <trkpt lat="40.40440700948238372802734375" lon="116.68453180231153964996337890625">
        <ele>83.40000152587890625</ele>
        <time>2026-10-08T15:35:01.000Z</time>
        <extensions>
          <ns3:TrackPointExtension>
            <ns3:hr>167</ns3:hr>
            <ns3:cad>89</ns3:cad>
          </ns3:TrackPointExtension>
        </extensions>
      </trkpt>
      <trkpt lat="40.40437825955450534820556640625" lon="116.684560887515544891357421875">
        <ele>83.40000152587890625</ele>
        <time>2026-10-08T15:35:02.000Z</time>
        <extensions>
          <ns3:TrackPointExtension>
            <ns3:hr>165</ns3:hr>
            <ns3:cad>88</ns3:cad>
          </ns3:TrackPointExtension>
        </extensions>
      </trkpt>
      <trkpt lat="40.40435914881527423858642578125" lon="116.6845882125198841094970703125">
        <ele>83.40000152587890625</ele>
        <time>2026-10-08T15:35:03.000Z</time>
        <extensions>
          <ns3:TrackPointExtension>
            <ns3:hr>166</ns3:hr>
            <ns3:cad>88</ns3:cad>
          </ns3:TrackPointExtension>
        </extensions>
      </trkpt>
      <trkpt lat="40.4043285548686981201171875" lon="116.684611178934574127197265625">
        <ele>83.40000152587890625</ele>
        <time>2026-10-08T15:35:04.000Z</time>
        <extensions>
          <ns3:TrackPointExtension>
            <ns3:hr>168</ns3:hr>
            <ns3:cad>89</ns3:cad>
          </ns3:TrackPointExtension>
        </extensions>
      </trkpt>
      <trkpt lat="40.40430248714983463287353515625" lon="116.6846314631402492523193359375">
        <ele>83.40000152587890625</ele>
        <time>2026-10-08T15:35:05.000Z</time>
        <extensions>
          <ns3:TrackPointExtension>
            <ns3:hr>168</ns3:hr>
            <ns3:cad>89</ns3:cad>
          </ns3:TrackPointExtension>
        </extensions>
      </trkpt>
      <trkpt lat="40.40426879189908504486083984375" lon="116.6846452094614505767822265625">
        <ele>83.40000152587890625</ele>
        <time>2026-10-08T15:35:06.000Z</time>
        <extensions>
          <ns3:TrackPointExtension>
            <ns3:hr>169</ns3:hr>
            <ns3:cad>89</ns3:cad>
          </ns3:TrackPointExtension>
        </extensions>
      </trkpt>
      <trkpt lat="40.404238365590572357177734375" lon="116.6846579499542713165283203125">
        <ele>83.59999847412109375</ele>
        <time>2026-10-08T15:35:07.000Z</time>
        <extensions>
          <ns3:TrackPointExtension>
            <ns3:hr>167</ns3:hr>
            <ns3:cad>89</ns3:cad>
          </ns3:TrackPointExtension>
        </extensions>
      </trkpt>
      <trkpt lat="40.4042070172727108001708984375" lon="116.68466691859066486358642578125">
        <ele>83.59999847412109375</ele>
        <time>2026-10-08T15:35:08.000Z</time>
        <extensions>
          <ns3:TrackPointExtension>
            <ns3:hr>167</ns3:hr>
            <ns3:cad>89</ns3:cad>
          </ns3:TrackPointExtension>
        </extensions>
      </trkpt>
      <trkpt lat="40.404184721410274505615234375" lon="116.684677563607692718505859375">
        <ele>83.59999847412109375</ele>
        <time>2026-10-08T15:35:09.000Z</time>
        <extensions>
          <ns3:TrackPointExtension>
            <ns3:hr>169</ns3:hr>
            <ns3:cad>89</ns3:cad>
          </ns3:TrackPointExtension>
        </extensions>
      </trkpt>
      <trkpt lat="40.40414951741695404052734375" lon="116.6846820898354053497314453125">
        <ele>83.40000152587890625</ele>
        <time>2026-10-08T15:35:10.000Z</time>
        <extensions>
          <ns3:TrackPointExtension>
            <ns3:hr>171</ns3:hr>
            <ns3:cad>89</ns3:cad>
          </ns3:TrackPointExtension>
        </extensions>
      </trkpt>
      <trkpt lat="40.4041247069835662841796875" lon="116.6846898011863231658935546875">
        <ele>83.40000152587890625</ele>
        <time>2026-10-08T15:35:11.000Z</time>
        <extensions>
          <ns3:TrackPointExtension>
            <ns3:hr>170</ns3:hr>
            <ns3:cad>89</ns3:cad>
          </ns3:TrackPointExtension>
        </extensions>
      </trkpt>
      <trkpt lat="40.40409184992313385009765625" lon="116.68469055555760860443115234375">
        <ele>83.40000152587890625</ele>
        <time>2026-10-08T15:35:12.000Z</time>
        <extensions>
          <ns3:TrackPointExtension>
            <ns3:hr>170</ns3:hr>
            <ns3:cad>88</ns3:cad>
          </ns3:TrackPointExtension>
        </extensions>
      </trkpt>
      <trkpt lat="40.4040631838142871856689453125" lon="116.68469198048114776611328125">
        <ele>83.40000152587890625</ele>
        <time>2026-10-08T15:35:13.000Z</time>
        <extensions>
          <ns3:TrackPointExtension>
            <ns3:hr>168</ns3:hr>
            <ns3:cad>88</ns3:cad>
          </ns3:TrackPointExtension>
        </extensions>
      </trkpt>
      <trkpt lat="40.4040299914777278900146484375" lon="116.684689633548259735107421875">
        <ele>83.59999847412109375</ele>
        <time>2026-10-08T15:35:14.000Z</time>
        <extensions>
          <ns3:TrackPointExtension>
            <ns3:hr>167</ns3:hr>
            <ns3:cad>88</ns3:cad>
          </ns3:TrackPointExtension>
        </extensions>
      </trkpt>
      <trkpt lat="40.40399755351245403289794921875" lon="116.68468904681503772735595703125">
        <ele>83.59999847412109375</ele>
        <time>2026-10-08T15:35:15.000Z</time>
        <extensions>
          <ns3:TrackPointExtension>
            <ns3:hr>168</ns3:hr>
            <ns3:cad>89</ns3:cad>
          </ns3:TrackPointExtension>
        </extensions>
      </trkpt>
      <trkpt lat="40.4039664566516876220703125" lon="116.6846918128430843353271484375">
        <ele>83.59999847412109375</ele>
        <time>2026-10-08T15:35:16.000Z</time>
        <extensions>
          <ns3:TrackPointExtension>
            <ns3:hr>169</ns3:hr>
            <ns3:cad>89</ns3:cad>
          </ns3:TrackPointExtension>
        </extensions>
      </trkpt>
      <trkpt lat="40.40393737144768238067626953125" lon="116.6846911422908306121826171875">
        <ele>83.59999847412109375</ele>
        <time>2026-10-08T15:35:17.000Z</time>
        <extensions>
          <ns3:TrackPointExtension>
            <ns3:hr>169</ns3:hr>
            <ns3:cad>89</ns3:cad>
          </ns3:TrackPointExtension>
        </extensions>
      </trkpt>
      <trkpt lat="40.4039072804152965545654296875" lon="116.6846938244998455047607421875">
        <ele>83.59999847412109375</ele>
        <time>2026-10-08T15:35:18.000Z</time>
        <extensions>
          <ns3:TrackPointExtension>
            <ns3:hr>168</ns3:hr>
            <ns3:cad>89</ns3:cad>
          </ns3:TrackPointExtension>
        </extensions>
      </trkpt>
      <trkpt lat="40.403876602649688720703125" lon="116.68469139374792575836181640625">
        <ele>83.59999847412109375</ele>
        <time>2026-10-08T15:35:19.000Z</time>
        <extensions>
          <ns3:TrackPointExtension>
            <ns3:hr>166</ns3:hr>
            <ns3:cad>88</ns3:cad>
          </ns3:TrackPointExtension>
        </extensions>
      </trkpt>
      <trkpt lat="40.40384835563600063323974609375" lon="116.68469491414725780487060546875">
        <ele>83.59999847412109375</ele>
        <time>2026-10-08T15:35:20.000Z</time>
        <extensions>
          <ns3:TrackPointExtension>
            <ns3:hr>166</ns3:hr>
            <ns3:cad>88</ns3:cad>
          </ns3:TrackPointExtension>
        </extensions>
      </trkpt>
      <trkpt lat="40.4038180969655513763427734375" lon="116.68469407595694065093994140625">
        <ele>83.59999847412109375</ele>
        <time>2026-10-08T15:35:21.000Z</time>
        <extensions>
          <ns3:TrackPointExtension>
            <ns3:hr>167</ns3:hr>
            <ns3:cad>89</ns3:cad>
          </ns3:TrackPointExtension>
        </extensions>
      </trkpt>
      <trkpt lat="40.40378850884735584259033203125" lon="116.68470061384141445159912109375">
        <ele>83.59999847412109375</ele>
        <time>2026-10-08T15:35:22.000Z</time>
        <extensions>
          <ns3:TrackPointExtension>
            <ns3:hr>169</ns3:hr>
            <ns3:cad>89</ns3:cad>
          </ns3:TrackPointExtension>
        </extensions>
      </trkpt>
      <trkpt lat="40.4037580825388431549072265625" lon="116.68469508178532123565673828125">
        <ele>83.59999847412109375</ele>
        <time>2026-10-08T15:35:23.000Z</time>
        <extensions>
          <ns3:TrackPointExtension>
            <ns3:hr>167</ns3:hr>
            <ns3:cad>89</ns3:cad>
          </ns3:TrackPointExtension>
        </extensions>
      </trkpt>
      <trkpt lat="40.40373100899159908294677734375" lon="116.68469759635627269744873046875">
        <ele>83.40000152587890625</ele>
        <time>2026-10-08T15:35:24.000Z</time>
        <extensions>
          <ns3:TrackPointExtension>
            <ns3:hr>166</ns3:hr>
            <ns3:cad>89</ns3:cad>
          </ns3:TrackPointExtension>
        </extensions>
      </trkpt>
      <trkpt lat="40.40369999594986438751220703125" lon="116.68469089083373546600341796875">
        <ele>83.40000152587890625</ele>
        <time>2026-10-08T15:35:25.000Z</time>
        <extensions>
          <ns3:TrackPointExtension>
            <ns3:hr>164</ns3:hr>
            <ns3:cad>89</ns3:cad>
          </ns3:TrackPointExtension>
        </extensions>
      </trkpt>
      <trkpt lat="40.40367342531681060791015625" lon="116.684695668518543243408203125">
        <ele>83.40000152587890625</ele>
        <time>2026-10-08T15:35:26.000Z</time>
        <extensions>
          <ns3:TrackPointExtension>
            <ns3:hr>165</ns3:hr>
            <ns3:cad>89</ns3:cad>
          </ns3:TrackPointExtension>
        </extensions>
      </trkpt>
      <trkpt lat="40.40364014916121959686279296875" lon="116.684690304100513458251953125">
        <ele>83.40000152587890625</ele>
        <time>2026-10-08T15:35:27.000Z</time>
        <extensions>
          <ns3:TrackPointExtension>
            <ns3:hr>166</ns3:hr>
            <ns3:cad>88</ns3:cad>
          </ns3:TrackPointExtension>
        </extensions>
      </trkpt>
      <trkpt lat="40.40361416526138782501220703125" lon="116.6846953332424163818359375">
        <ele>83.40000152587890625</ele>
        <time>2026-10-08T15:35:28.000Z</time>
        <extensions>
          <ns3:TrackPointExtension>
            <ns3:hr>166</ns3:hr>
            <ns3:cad>88</ns3:cad>
          </ns3:TrackPointExtension>
        </extensions>
      </trkpt>
      <trkpt lat="40.4035803861916065216064453125" lon="116.6846951656043529510498046875">
        <ele>83.40000152587890625</ele>
        <time>2026-10-08T15:35:29.000Z</time>
        <extensions>
          <ns3:TrackPointExtension>
            <ns3:hr>163</ns3:hr>
            <ns3:cad>88</ns3:cad>
          </ns3:TrackPointExtension>
        </extensions>
      </trkpt>
      <trkpt lat="40.40355532430112361907958984375" lon="116.684703044593334197998046875">
        <ele>83.40000152587890625</ele>
        <time>2026-10-08T15:35:30.000Z</time>
        <extensions>
          <ns3:TrackPointExtension>
            <ns3:hr>163</ns3:hr>
            <ns3:cad>89</ns3:cad>
          </ns3:TrackPointExtension>
        </extensions>
      </trkpt>
      <trkpt lat="40.40352012030780315399169921875" lon="116.68469491414725780487060546875">
        <ele>83.40000152587890625</ele>
        <time>2026-10-08T15:35:31.000Z</time>
        <extensions>
          <ns3:TrackPointExtension>
            <ns3:hr>165</ns3:hr>
            <ns3:cad>89</ns3:cad>
          </ns3:TrackPointExtension>
        </extensions>
      </trkpt>
      <trkpt lat="40.40349363349378108978271484375" lon="116.68469474650919437408447265625">
        <ele>83.40000152587890625</ele>
        <time>2026-10-08T15:35:32.000Z</time>
        <extensions>
          <ns3:TrackPointExtension>
            <ns3:hr>165</ns3:hr>
            <ns3:cad>89</ns3:cad>
          </ns3:TrackPointExtension>
        </extensions>
      </trkpt>
      <trkpt lat="40.40345876477658748626708984375" lon="116.6846874542534351348876953125">
        <ele>83.40000152587890625</ele>
        <time>2026-10-08T15:35:33.000Z</time>
        <extensions>
          <ns3:TrackPointExtension>
            <ns3:hr>165</ns3:hr>
            <ns3:cad>89</ns3:cad>
          </ns3:TrackPointExtension>
        </extensions>
      </trkpt>
      <trkpt lat="40.40342842228710651397705078125" lon="116.68468552641570568084716796875">
        <ele>83.40000152587890625</ele>
        <time>2026-10-08T15:35:34.000Z</time>
        <extensions>
          <ns3:TrackPointExtension>
            <ns3:hr>164</ns3:hr>
            <ns3:cad>89</ns3:cad>
          </ns3:TrackPointExtension>
        </extensions>
      </trkpt>
      <trkpt lat="40.4033949784934520721435546875" lon="116.6846844367682933807373046875">
        <ele>83.40000152587890625</ele>
        <time>2026-10-08T15:35:35.000Z</time>
        <extensions>
          <ns3:TrackPointExtension>
            <ns3:hr>164</ns3:hr>
            <ns3:cad>88</ns3:cad>
          </ns3:TrackPointExtension>
        </extensions>
      </trkpt>
      <trkpt lat="40.4033651389181613922119140625" lon="116.684678904712200164794921875">
        <ele>83.59999847412109375</ele>
        <time>2026-10-08T15:35:36.000Z</time>
        <extensions>
          <ns3:TrackPointExtension>
            <ns3:hr>163</ns3:hr>
            <ns3:cad>87</ns3:cad>
          </ns3:TrackPointExtension>
        </extensions>
      </trkpt>
      <trkpt lat="40.40333705954253673553466796875" lon="116.68468334712088108062744140625">
        <ele>83.59999847412109375</ele>
        <time>2026-10-08T15:35:37.000Z</time>
        <extensions>
          <ns3:TrackPointExtension>
            <ns3:hr>163</ns3:hr>
            <ns3:cad>86</ns3:cad>
          </ns3:TrackPointExtension>
        </extensions>
      </trkpt>
      <trkpt lat="40.4033039510250091552734375" lon="116.68467580340802669525146484375">
        <ele>83.59999847412109375</ele>
        <time>2026-10-08T15:35:38.000Z</time>
        <extensions>
          <ns3:TrackPointExtension>
            <ns3:hr>164</ns3:hr>
            <ns3:cad>87</ns3:cad>
          </ns3:TrackPointExtension>
        </extensions>
      </trkpt>
      <trkpt lat="40.40327704511582851409912109375" lon="116.68468167074024677276611328125">
        <ele>83.59999847412109375</ele>
        <time>2026-10-08T15:35:39.000Z</time>
        <extensions>
          <ns3:TrackPointExtension>
            <ns3:hr>164</ns3:hr>
            <ns3:cad>87</ns3:cad>
          </ns3:TrackPointExtension>
        </extensions>
      </trkpt>
      <trkpt lat="40.40324066765606403350830078125" lon="116.684672199189662933349609375">
        <ele>83.59999847412109375</ele>
        <time>2026-10-08T15:35:40.000Z</time>
        <extensions>
          <ns3:TrackPointExtension>
            <ns3:hr>163</ns3:hr>
            <ns3:cad>88</ns3:cad>
          </ns3:TrackPointExtension>
        </extensions>
      </trkpt>
      <trkpt lat="40.403213761746883392333984375" lon="116.68466809205710887908935546875">
        <ele>83.59999847412109375</ele>
        <time>2026-10-08T15:35:41.000Z</time>
        <extensions>
          <ns3:TrackPointExtension>
            <ns3:hr>161</ns3:hr>
            <ns3:cad>88</ns3:cad>
          </ns3:TrackPointExtension>
        </extensions>
      </trkpt>
      <trkpt lat="40.40317897684872150421142578125" lon="116.6846524178981781005859375">
        <ele>83.59999847412109375</ele>
        <time>2026-10-08T15:35:42.000Z</time>
        <extensions>
          <ns3:TrackPointExtension>
            <ns3:hr>163</ns3:hr>
            <ns3:cad>88</ns3:cad>
          </ns3:TrackPointExtension>
        </extensions>
      </trkpt>
      <trkpt lat="40.4031539149582386016845703125" lon="116.6846430301666259765625">
        <ele>83.59999847412109375</ele>
        <time>2026-10-08T15:35:43.000Z</time>
        <extensions>
          <ns3:TrackPointExtension>
            <ns3:hr>165</ns3:hr>
            <ns3:cad>88</ns3:cad>
          </ns3:TrackPointExtension>
        </extensions>
      </trkpt>
      <trkpt lat="40.40312223136425018310546875" lon="116.6846250928938388824462890625">
        <ele>83.59999847412109375</ele>
        <time>2026-10-08T15:35:44.000Z</time>
        <extensions>
          <ns3:TrackPointExtension>
            <ns3:hr>165</ns3:hr>
            <ns3:cad>88</ns3:cad>
          </ns3:TrackPointExtension>
        </extensions>
      </trkpt>
      <trkpt lat="40.4030962474644184112548828125" lon="116.6846039704978466033935546875">
        <ele>83.40000152587890625</ele>
        <time>2026-10-08T15:35:45.000Z</time>
        <extensions>
          <ns3:TrackPointExtension>
            <ns3:hr>163</ns3:hr>
            <ns3:cad>87</ns3:cad>
          </ns3:TrackPointExtension>
        </extensions>
      </trkpt>
      <trkpt lat="40.4030694253742694854736328125" lon="116.684588380157947540283203125">
        <ele>83.40000152587890625</ele>
        <time>2026-10-08T15:35:46.000Z</time>
        <extensions>
          <ns3:TrackPointExtension>
            <ns3:hr>162</ns3:hr>
            <ns3:cad>87</ns3:cad>
          </ns3:TrackPointExtension>
        </extensions>
      </trkpt>
      <trkpt lat="40.4030429385602474212646484375" lon="116.68456197716295719146728515625">
        <ele>83.40000152587890625</ele>
        <time>2026-10-08T15:35:47.000Z</time>
        <extensions>
          <ns3:TrackPointExtension>
            <ns3:hr>160</ns3:hr>
            <ns3:cad>87</ns3:cad>
          </ns3:TrackPointExtension>
        </extensions>
      </trkpt>
      <trkpt lat="40.4030196368694305419921875" lon="116.684550829231739044189453125">
        <ele>83.40000152587890625</ele>
        <time>2026-10-08T15:35:48.000Z</time>
        <extensions>
          <ns3:TrackPointExtension>
            <ns3:hr>161</ns3:hr>
            <ns3:cad>88</ns3:cad>
          </ns3:TrackPointExtension>
        </extensions>
      </trkpt>
      <trkpt lat="40.4029956646263599395751953125" lon="116.68451495468616485595703125">
        <ele>83.40000152587890625</ele>
        <time>2026-10-08T15:35:49.000Z</time>
        <extensions>
          <ns3:TrackPointExtension>
            <ns3:hr>162</ns3:hr>
            <ns3:cad>88</ns3:cad>
          </ns3:TrackPointExtension>
        </extensions>
      </trkpt>
      <trkpt lat="40.40297512896358966827392578125" lon="116.68449106626212596893310546875">
        <ele>83.40000152587890625</ele>
        <time>2026-10-08T15:35:50.000Z</time>
        <extensions>
          <ns3:TrackPointExtension>
            <ns3:hr>163</ns3:hr>
            <ns3:cad>86</ns3:cad>
          </ns3:TrackPointExtension>
        </extensions>
      </trkpt>
      <trkpt lat="40.40295568294823169708251953125" lon="116.68445401825010776519775390625">
        <ele>83.40000152587890625</ele>
        <time>2026-10-08T15:35:51.000Z</time>
        <extensions>
          <ns3:TrackPointExtension>
            <ns3:hr>162</ns3:hr>
            <ns3:cad>86</ns3:cad>
          </ns3:TrackPointExtension>
        </extensions>
      </trkpt>
      <trkpt lat="40.40294243954122066497802734375" lon="116.68441847898066043853759765625">
        <ele>83.40000152587890625</ele>
        <time>2026-10-08T15:35:52.000Z</time>
        <extensions>
          <ns3:TrackPointExtension>
            <ns3:hr>161</ns3:hr>
            <ns3:cad>85</ns3:cad>
          </ns3:TrackPointExtension>
        </extensions>
      </trkpt>
      <trkpt lat="40.402928106486797332763671875" lon="116.6843841969966888427734375">
        <ele>83.40000152587890625</ele>
        <time>2026-10-08T15:35:53.000Z</time>
        <extensions>
          <ns3:TrackPointExtension>
            <ns3:hr>159</ns3:hr>
            <ns3:cad>85</ns3:cad>
          </ns3:TrackPointExtension>
        </extensions>
      </trkpt>
      <trkpt lat="40.40291779674589633941650390625" lon="116.68434069491922855377197265625">
        <ele>83.59999847412109375</ele>
        <time>2026-10-08T15:35:54.000Z</time>
        <extensions>
          <ns3:TrackPointExtension>
            <ns3:hr>161</ns3:hr>
            <ns3:cad>85</ns3:cad>
          </ns3:TrackPointExtension>
        </extensions>
      </trkpt>
      <trkpt lat="40.40290321223437786102294921875" lon="116.68430716730654239654541015625">
        <ele>83.59999847412109375</ele>
        <time>2026-10-08T15:35:55.000Z</time>
        <extensions>
          <ns3:TrackPointExtension>
            <ns3:hr>162</ns3:hr>
            <ns3:cad>86</ns3:cad>
          </ns3:TrackPointExtension>
        </extensions>
      </trkpt>
      <trkpt lat="40.40289684198796749114990234375" lon="116.68426173739135265350341796875">
        <ele>83.59999847412109375</ele>
        <time>2026-10-08T15:35:56.000Z</time>
        <extensions>
          <ns3:TrackPointExtension>
            <ns3:hr>161</ns3:hr>
            <ns3:cad>86</ns3:cad>
          </ns3:TrackPointExtension>
        </extensions>
      </trkpt>
      <trkpt lat="40.40288896299898624420166015625" lon="116.684226952493190765380859375">
        <ele>83.59999847412109375</ele>
        <time>2026-10-08T15:35:57.000Z</time>
        <extensions>
          <ns3:TrackPointExtension>
            <ns3:hr>160</ns3:hr>
            <ns3:cad>86</ns3:cad>
          </ns3:TrackPointExtension>
        </extensions>
      </trkpt>
      <trkpt lat="40.40289022028446197509765625" lon="116.6841803491115570068359375">
        <ele>83.59999847412109375</ele>
        <time>2026-10-08T15:35:58.000Z</time>
        <extensions>
          <ns3:TrackPointExtension>
            <ns3:hr>159</ns3:hr>
            <ns3:cad>86</ns3:cad>
          </ns3:TrackPointExtension>
        </extensions>
      </trkpt>
      <trkpt lat="40.402888543903827667236328125" lon="116.68414221145212650299072265625">
        <ele>83.59999847412109375</ele>
        <time>2026-10-08T15:35:59.000Z</time>
        <extensions>
          <ns3:TrackPointExtension>
            <ns3:hr>161</ns3:hr>
            <ns3:cad>86</ns3:cad>
          </ns3:TrackPointExtension>
        </extensions>
      </trkpt>
      <trkpt lat="40.4028913937509059906005859375" lon="116.68409929610788822174072265625">
        <ele>83.59999847412109375</ele>
        <time>2026-10-08T15:36:00.000Z</time>
        <extensions>
          <ns3:TrackPointExtension>
            <ns3:hr>163</ns3:hr>
            <ns3:cad>86</ns3:cad>
          </ns3:TrackPointExtension>
        </extensions>
      </trkpt>
      <trkpt lat="40.40289617143571376800537109375" lon="116.68405721895396709442138671875">
        <ele>83.59999847412109375</ele>
        <time>2026-10-08T15:36:01.000Z</time>
        <extensions>
          <ns3:TrackPointExtension>
            <ns3:hr>162</ns3:hr>
            <ns3:cad>86</ns3:cad>
          </ns3:TrackPointExtension>
        </extensions>
      </trkpt>
      <trkpt lat="40.40290203876793384552001953125" lon="116.6840179078280925750732421875">
        <ele>83.59999847412109375</ele>
        <time>2026-10-08T15:36:02.000Z</time>
        <extensions>
          <ns3:TrackPointExtension>
            <ns3:hr>161</ns3:hr>
            <ns3:cad>86</ns3:cad>
          </ns3:TrackPointExtension>
        </extensions>
      </trkpt>
      <trkpt lat="40.4029172100126743316650390625" lon="116.68397943489253520965576171875">
        <ele>83.59999847412109375</ele>
        <time>2026-10-08T15:36:03.000Z</time>
        <extensions>
          <ns3:TrackPointExtension>
            <ns3:hr>161</ns3:hr>
            <ns3:cad>86</ns3:cad>
          </ns3:TrackPointExtension>
        </extensions>
      </trkpt>
      <trkpt lat="40.402919389307498931884765625" lon="116.68394523672759532928466796875">
        <ele>83.8000030517578125</ele>
        <time>2026-10-08T15:36:04.000Z</time>
        <extensions>
          <ns3:TrackPointExtension>
            <ns3:hr>162</ns3:hr>
            <ns3:cad>86</ns3:cad>
          </ns3:TrackPointExtension>
        </extensions>
      </trkpt>
      <trkpt lat="40.40293791331350803375244140625" lon="116.68390567414462566375732421875">
        <ele>83.8000030517578125</ele>
        <time>2026-10-08T15:36:05.000Z</time>
        <extensions>
          <ns3:TrackPointExtension>
            <ns3:hr>163</ns3:hr>
            <ns3:cad>88</ns3:cad>
          </ns3:TrackPointExtension>
        </extensions>
      </trkpt>
      <trkpt lat="40.402946211397647857666015625" lon="116.683873571455478668212890625">
        <ele>83.8000030517578125</ele>
        <time>2026-10-08T15:36:06.000Z</time>
        <extensions>
          <ns3:TrackPointExtension>
            <ns3:hr>163</ns3:hr>
            <ns3:cad>88</ns3:cad>
          </ns3:TrackPointExtension>
        </extensions>
      </trkpt>
      <trkpt lat="40.4029711894690990447998046875" lon="116.68383325450122356414794921875">
        <ele>83.8000030517578125</ele>
        <time>2026-10-08T15:36:07.000Z</time>
        <extensions>
          <ns3:TrackPointExtension>
            <ns3:hr>162</ns3:hr>
            <ns3:cad>88</ns3:cad>
          </ns3:TrackPointExtension>
        </extensions>
      </trkpt>
      <trkpt lat="40.40298418141901493072509765625" lon="116.68380190618336200714111328125">
        <ele>83.8000030517578125</ele>
        <time>2026-10-08T15:36:08.000Z</time>
        <extensions>
          <ns3:TrackPointExtension>
            <ns3:hr>161</ns3:hr>
            <ns3:cad>88</ns3:cad>
          </ns3:TrackPointExtension>
        </extensions>
      </trkpt>
      <trkpt lat="40.40299482643604278564453125" lon="116.6837667860090732574462890625">
        <ele>83.8000030517578125</ele>
        <time>2026-10-08T15:36:09.000Z</time>
        <extensions>
          <ns3:TrackPointExtension>
            <ns3:hr>161</ns3:hr>
            <ns3:cad>88</ns3:cad>
          </ns3:TrackPointExtension>
        </extensions>
      </trkpt>
      <trkpt lat="40.40300144813954830169677734375" lon="116.6837312467396259307861328125">
        <ele>83.8000030517578125</ele>
        <time>2026-10-08T15:36:10.000Z</time>
        <extensions>
          <ns3:TrackPointExtension>
            <ns3:hr>162</ns3:hr>
            <ns3:cad>87</ns3:cad>
          </ns3:TrackPointExtension>
        </extensions>
      </trkpt>
      <trkpt lat="40.40300178341567516326904296875" lon="116.68370132334530353546142578125">
        <ele>83.8000030517578125</ele>
        <time>2026-10-08T15:36:11.000Z</time>
        <extensions>
          <ns3:TrackPointExtension>
            <ns3:hr>163</ns3:hr>
            <ns3:cad>86</ns3:cad>
          </ns3:TrackPointExtension>
        </extensions>
      </trkpt>
      <trkpt lat="40.40300815366208553314208984375" lon="116.68365790508687496185302734375">
        <ele>83.8000030517578125</ele>
        <time>2026-10-08T15:36:12.000Z</time>
        <extensions>
          <ns3:TrackPointExtension>
            <ns3:hr>162</ns3:hr>
            <ns3:cad>85</ns3:cad>
          </ns3:TrackPointExtension>
        </extensions>
      </trkpt>
      <trkpt lat="40.40300731547176837921142578125" lon="116.68363141827285289764404296875">
        <ele>83.8000030517578125</ele>
        <time>2026-10-08T15:36:13.000Z</time>
        <extensions>
          <ns3:TrackPointExtension>
            <ns3:hr>163</ns3:hr>
            <ns3:cad>85</ns3:cad>
          </ns3:TrackPointExtension>
        </extensions>
      </trkpt>
      <trkpt lat="40.40300413034856319427490234375" lon="116.683593280613422393798828125">
        <ele>83.8000030517578125</ele>
        <time>2026-10-08T15:36:14.000Z</time>
        <extensions>
          <ns3:TrackPointExtension>
            <ns3:hr>162</ns3:hr>
            <ns3:cad>85</ns3:cad>
          </ns3:TrackPointExtension>
        </extensions>
      </trkpt>
      <trkpt lat="40.40299214422702789306640625" lon="116.6835622675716876983642578125">
        <ele>83.8000030517578125</ele>
        <time>2026-10-08T15:36:15.000Z</time>
        <extensions>
          <ns3:TrackPointExtension>
            <ns3:hr>161</ns3:hr>
            <ns3:cad>84</ns3:cad>
          </ns3:TrackPointExtension>
        </extensions>
      </trkpt>
      <trkpt lat="40.402972698211669921875" lon="116.683557741343975067138671875">
        <ele>83.59999847412109375</ele>
        <time>2026-10-08T15:36:16.000Z</time>
        <extensions>
          <ns3:TrackPointExtension>
            <ns3:hr>159</ns3:hr>
            <ns3:cad>83</ns3:cad>
          </ns3:TrackPointExtension>
        </extensions>
      </trkpt>
      <trkpt lat="40.4029480554163455963134765625" lon="116.68353335000574588775634765625">
        <ele>83.59999847412109375</ele>
        <time>2026-10-08T15:36:17.000Z</time>
        <extensions>
          <ns3:TrackPointExtension>
            <ns3:hr>158</ns3:hr>
            <ns3:cad>83</ns3:cad>
          </ns3:TrackPointExtension>
        </extensions>
      </trkpt>
      <trkpt lat="40.40294109843671321868896484375" lon="116.6834990680217742919921875">
        <ele>83.59999847412109375</ele>
        <time>2026-10-08T15:36:18.000Z</time>
        <extensions>
          <ns3:TrackPointExtension>
            <ns3:hr>160</ns3:hr>
            <ns3:cad>83</ns3:cad>
          </ns3:TrackPointExtension>
        </extensions>
      </trkpt>
      <trkpt lat="40.4029379971325397491455078125" lon="116.683462522923946380615234375">
        <ele>83.59999847412109375</ele>
        <time>2026-10-08T15:36:19.000Z</time>
        <extensions>
          <ns3:TrackPointExtension>
            <ns3:hr>161</ns3:hr>
            <ns3:cad>84</ns3:cad>
          </ns3:TrackPointExtension>
        </extensions>
      </trkpt>
      <trkpt lat="40.40293942205607891082763671875" lon="116.683430336415767669677734375">
        <ele>83.59999847412109375</ele>
        <time>2026-10-08T15:36:20.000Z</time>
        <extensions>
          <ns3:TrackPointExtension>
            <ns3:hr>159</ns3:hr>
            <ns3:cad>85</ns3:cad>
          </ns3:TrackPointExtension>
        </extensions>
      </trkpt>
      <trkpt lat="40.4029426909983158111572265625" lon="116.6833865828812122344970703125">
        <ele>83.59999847412109375</ele>
        <time>2026-10-08T15:36:21.000Z</time>
        <extensions>
          <ns3:TrackPointExtension>
            <ns3:hr>158</ns3:hr>
            <ns3:cad>86</ns3:cad>
          </ns3:TrackPointExtension>
        </extensions>
      </trkpt>
      <trkpt lat="40.40294378064572811126708984375" lon="116.6833480261266231536865234375">
        <ele>83.59999847412109375</ele>
        <time>2026-10-08T15:36:22.000Z</time>
        <extensions>
          <ns3:TrackPointExtension>
            <ns3:hr>159</ns3:hr>
            <ns3:cad>86</ns3:cad>
          </ns3:TrackPointExtension>
        </extensions>
      </trkpt>
      <trkpt lat="40.40294378064572811126708984375" lon="116.68331709690392017364501953125">
        <ele>83.59999847412109375</ele>
        <time>2026-10-08T15:36:23.000Z</time>
        <extensions>
          <ns3:TrackPointExtension>
            <ns3:hr>160</ns3:hr>
            <ns3:cad>87</ns3:cad>
          </ns3:TrackPointExtension>
        </extensions>
      </trkpt>
      <trkpt lat="40.40294948033988475799560546875" lon="116.68327711522579193115234375">
        <ele>83.59999847412109375</ele>
        <time>2026-10-08T15:36:24.000Z</time>
        <extensions>
          <ns3:TrackPointExtension>
            <ns3:hr>159</ns3:hr>
            <ns3:cad>87</ns3:cad>
          </ns3:TrackPointExtension>
        </extensions>
      </trkpt>
      <trkpt lat="40.40295115672051906585693359375" lon="116.68325289152562618255615234375">
        <ele>83.59999847412109375</ele>
        <time>2026-10-08T15:36:25.000Z</time>
        <extensions>
          <ns3:TrackPointExtension>
            <ns3:hr>157</ns3:hr>
            <ns3:cad>87</ns3:cad>
          </ns3:TrackPointExtension>
        </extensions>
      </trkpt>
      <trkpt lat="40.4029591195285320281982421875" lon="116.68320796452462673187255859375">
        <ele>83.40000152587890625</ele>
        <time>2026-10-08T15:36:26.000Z</time>
        <extensions>
          <ns3:TrackPointExtension>
            <ns3:hr>157</ns3:hr>
            <ns3:cad>87</ns3:cad>
          </ns3:TrackPointExtension>
        </extensions>
      </trkpt>
      <trkpt lat="40.4029607959091663360595703125" lon="116.68317116796970367431640625">
        <ele>83.40000152587890625</ele>
        <time>2026-10-08T15:36:27.000Z</time>
        <extensions>
          <ns3:TrackPointExtension>
            <ns3:hr>159</ns3:hr>
            <ns3:cad>86</ns3:cad>
          </ns3:TrackPointExtension>
        </extensions>
      </trkpt>
      <trkpt lat="40.4029624722898006439208984375" lon="116.6831297613680362701416015625">
        <ele>83.40000152587890625</ele>
        <time>2026-10-08T15:36:28.000Z</time>
        <extensions>
          <ns3:TrackPointExtension>
            <ns3:hr>159</ns3:hr>
            <ns3:cad>86</ns3:cad>
          </ns3:TrackPointExtension>
        </extensions>
      </trkpt>
      <trkpt lat="40.4029624722898006439208984375" lon="116.68309338390827178955078125">
        <ele>83.40000152587890625</ele>
        <time>2026-10-08T15:36:29.000Z</time>
        <extensions>
          <ns3:TrackPointExtension>
            <ns3:hr>158</ns3:hr>
            <ns3:cad>86</ns3:cad>
          </ns3:TrackPointExtension>
        </extensions>
      </trkpt>
      <trkpt lat="40.402962975203990936279296875" lon="116.68305608443915843963623046875">
        <ele>83.40000152587890625</ele>
        <time>2026-10-08T15:36:30.000Z</time>
        <extensions>
          <ns3:TrackPointExtension>
            <ns3:hr>158</ns3:hr>
            <ns3:cad>86</ns3:cad>
          </ns3:TrackPointExtension>
        </extensions>
      </trkpt>
      <trkpt lat="40.40296322666108608245849609375" lon="116.683010570704936981201171875">
        <ele>83.59999847412109375</ele>
        <time>2026-10-08T15:36:31.000Z</time>
        <extensions>
          <ns3:TrackPointExtension>
            <ns3:hr>160</ns3:hr>
            <ns3:cad>87</ns3:cad>
          </ns3:TrackPointExtension>
        </extensions>
      </trkpt>
      <trkpt lat="40.4029638133943080902099609375" lon="116.68297662399709224700927734375">
        <ele>83.59999847412109375</ele>
        <time>2026-10-08T15:36:32.000Z</time>
        <extensions>
          <ns3:TrackPointExtension>
            <ns3:hr>161</ns3:hr>
            <ns3:cad>87</ns3:cad>
          </ns3:TrackPointExtension>
        </extensions>
      </trkpt>
      <trkpt lat="40.4029606282711029052734375" lon="116.682929098606109619140625">
        <ele>83.59999847412109375</ele>
        <time>2026-10-08T15:36:33.000Z</time>
        <extensions>
          <ns3:TrackPointExtension>
            <ns3:hr>158</ns3:hr>
            <ns3:cad>87</ns3:cad>
          </ns3:TrackPointExtension>
        </extensions>
      </trkpt>
      <trkpt lat="40.40294981561601161956787109375" lon="116.6828980855643749237060546875">
        <ele>83.59999847412109375</ele>
        <time>2026-10-08T15:36:34.000Z</time>
        <extensions>
          <ns3:TrackPointExtension>
            <ns3:hr>158</ns3:hr>
            <ns3:cad>87</ns3:cad>
          </ns3:TrackPointExtension>
        </extensions>
      </trkpt>
      <trkpt lat="40.40294713340699672698974609375" lon="116.6828580200672149658203125">
        <ele>83.8000030517578125</ele>
        <time>2026-10-08T15:36:35.000Z</time>
        <extensions>
          <ns3:TrackPointExtension>
            <ns3:hr>159</ns3:hr>
            <ns3:cad>87</ns3:cad>
          </ns3:TrackPointExtension>
        </extensions>
      </trkpt>
      <trkpt lat="40.4029433615505695343017578125" lon="116.68283262290060520172119140625">
        <ele>83.59999847412109375</ele>
        <time>2026-10-08T15:36:36.000Z</time>
        <extensions>
          <ns3:TrackPointExtension>
            <ns3:hr>159</ns3:hr>
            <ns3:cad>87</ns3:cad>
          </ns3:TrackPointExtension>
        </extensions>
      </trkpt>
      <trkpt lat="40.40294461883604526519775390625" lon="116.68279021047055721282958984375">
        <ele>83.59999847412109375</ele>
        <time>2026-10-08T15:36:37.000Z</time>
        <extensions>
          <ns3:TrackPointExtension>
            <ns3:hr>159</ns3:hr>
            <ns3:cad>86</ns3:cad>
          </ns3:TrackPointExtension>
        </extensions>
      </trkpt>
      <trkpt lat="40.402941517531871795654296875" lon="116.68275400064885616302490234375">
        <ele>83.59999847412109375</ele>
        <time>2026-10-08T15:36:38.000Z</time>
        <extensions>
          <ns3:TrackPointExtension>
            <ns3:hr>158</ns3:hr>
            <ns3:cad>86</ns3:cad>
          </ns3:TrackPointExtension>
        </extensions>
      </trkpt>
      <trkpt lat="40.4029359854757785797119140625" lon="116.6827153600752353668212890625">
        <ele>83.59999847412109375</ele>
        <time>2026-10-08T15:36:39.000Z</time>
        <extensions>
          <ns3:TrackPointExtension>
            <ns3:hr>159</ns3:hr>
            <ns3:cad>87</ns3:cad>
          </ns3:TrackPointExtension>
        </extensions>
      </trkpt>
      <trkpt lat="40.40293288417160511016845703125" lon="116.68267470784485340118408203125">
        <ele>83.59999847412109375</ele>
        <time>2026-10-08T15:36:40.000Z</time>
        <extensions>
          <ns3:TrackPointExtension>
            <ns3:hr>161</ns3:hr>
            <ns3:cad>87</ns3:cad>
          </ns3:TrackPointExtension>
        </extensions>
      </trkpt>
      <trkpt lat="40.4029262624680995941162109375" lon="116.68264201842248439788818359375">
        <ele>83.59999847412109375</ele>
        <time>2026-10-08T15:36:41.000Z</time>
        <extensions>
          <ns3:TrackPointExtension>
            <ns3:hr>160</ns3:hr>
            <ns3:cad>87</ns3:cad>
          </ns3:TrackPointExtension>
        </extensions>
      </trkpt>
      <trkpt lat="40.40292953141033649444580078125" lon="116.682599522173404693603515625">
        <ele>83.59999847412109375</ele>
        <time>2026-10-08T15:36:42.000Z</time>
        <extensions>
          <ns3:TrackPointExtension>
            <ns3:hr>158</ns3:hr>
            <ns3:cad>86</ns3:cad>
          </ns3:TrackPointExtension>
        </extensions>
      </trkpt>
      <trkpt lat="40.4029311239719390869140625" lon="116.68256490491330623626708984375">
        <ele>83.59999847412109375</ele>
        <time>2026-10-08T15:36:43.000Z</time>
        <extensions>
          <ns3:TrackPointExtension>
            <ns3:hr>157</ns3:hr>
            <ns3:cad>86</ns3:cad>
          </ns3:TrackPointExtension>
        </extensions>
      </trkpt>
      <trkpt lat="40.40294042788445949554443359375" lon="116.68252031318843364715576171875">
        <ele>83.59999847412109375</ele>
        <time>2026-10-08T15:36:44.000Z</time>
        <extensions>
          <ns3:TrackPointExtension>
            <ns3:hr>158</ns3:hr>
            <ns3:cad>85</ns3:cad>
          </ns3:TrackPointExtension>
        </extensions>
      </trkpt>
      <trkpt lat="40.40294042788445949554443359375" lon="116.6824799962341785430908203125">
        <ele>83.59999847412109375</ele>
        <time>2026-10-08T15:36:45.000Z</time>
        <extensions>
          <ns3:TrackPointExtension>
            <ns3:hr>159</ns3:hr>
            <ns3:cad>85</ns3:cad>
          </ns3:TrackPointExtension>
        </extensions>
      </trkpt>
      <trkpt lat="40.402935482561588287353515625" lon="116.68244353495538234710693359375">
        <ele>83.59999847412109375</ele>
        <time>2026-10-08T15:36:46.000Z</time>
        <extensions>
          <ns3:TrackPointExtension>
            <ns3:hr>158</ns3:hr>
            <ns3:cad>85</ns3:cad>
          </ns3:TrackPointExtension>
        </extensions>
      </trkpt>
      <trkpt lat="40.402932800352573394775390625" lon="116.68240346945822238922119140625">
        <ele>83.59999847412109375</ele>
        <time>2026-10-08T15:36:47.000Z</time>
        <extensions>
          <ns3:TrackPointExtension>
            <ns3:hr>156</ns3:hr>
            <ns3:cad>85</ns3:cad>
          </ns3:TrackPointExtension>
        </extensions>
      </trkpt>
      <trkpt lat="40.40292969904839992523193359375" lon="116.682371199131011962890625">
        <ele>83.59999847412109375</ele>
        <time>2026-10-08T15:36:48.000Z</time>
        <extensions>
          <ns3:TrackPointExtension>
            <ns3:hr>156</ns3:hr>
            <ns3:cad>86</ns3:cad>
          </ns3:TrackPointExtension>
        </extensions>
      </trkpt>
      <trkpt lat="40.40292969904839992523193359375" lon="116.68233339674770832061767578125">
        <ele>83.59999847412109375</ele>
        <time>2026-10-08T15:36:49.000Z</time>
        <extensions>
          <ns3:TrackPointExtension>
            <ns3:hr>158</ns3:hr>
            <ns3:cad>86</ns3:cad>
          </ns3:TrackPointExtension>
        </extensions>
      </trkpt>
      <trkpt lat="40.40292651392519474029541015625" lon="116.68230213224887847900390625">
        <ele>83.59999847412109375</ele>
        <time>2026-10-08T15:36:50.000Z</time>
        <extensions>
          <ns3:TrackPointExtension>
            <ns3:hr>158</ns3:hr>
            <ns3:cad>85</ns3:cad>
          </ns3:TrackPointExtension>
        </extensions>
      </trkpt>
      <trkpt lat="40.402919389307498931884765625" lon="116.68227287940680980682373046875">
        <ele>83.59999847412109375</ele>
        <time>2026-10-08T15:36:51.000Z</time>
        <extensions>
          <ns3:TrackPointExtension>
            <ns3:hr>157</ns3:hr>
            <ns3:cad>85</ns3:cad>
          </ns3:TrackPointExtension>
        </extensions>
      </trkpt>
    </trkseg>
  </trk>
</gpx>
